12,15,base,mediators1,baseline,1000,1,Consumption,0.037436485329917085
12,15,base,mediators1,baseline,1000,1,Production,0.5809175878527393
12,15,base,mediators1,baseline,1000,2,Consumption,0.042132846626292075
12,15,base,mediators1,baseline,1000,2,Production,0.6790742999356906
12,15,base,mediators1,baseline,1000,3,Consumption,0.049222096716244015
12,15,base,mediators1,baseline,1000,3,Production,0.6461377171786453
12,15,base,mediators2,baseline,1000,1,Consumption,0.20337762320069547
12,15,base,mediators2,baseline,1000,1,Production,0.3948972876006479
12,15,base,mediators2,baseline,1000,2,Consumption,0.32484572645137905
12,15,base,mediators2,baseline,1000,2,Production,0.5462703491039499
12,15,base,mediators2,baseline,1000,3,Consumption,0.09497393868242565
12,15,base,mediators2,baseline,1000,3,Production,0.400549585041791
12,15,base,mediators3,baseline,1000,1,Consumption,0.09110866183245422
12,15,base,mediators3,baseline,1000,1,Production,0.5412125084672098
12,15,base,mediators3,baseline,1000,2,Consumption,0.2440119757571411
12,15,base,mediators3,baseline,1000,2,Production,0.510329616808542
12,15,base,mediators3,baseline,1000,3,Consumption,0.19711178800947005
12,15,base,mediators3,baseline,1000,3,Production,0.5267074725672978
12,15,base,mediators4,baseline,1000,1,Consumption,0.21934771923051413
12,15,base,mediators4,baseline,1000,1,Production,0.41609423389991335
12,15,base,mediators4,baseline,1000,2,Consumption,0.2038144932290376
12,15,base,mediators4,baseline,1000,2,Production,0.4123200485474137
12,15,base,mediators4,baseline,1000,3,Consumption,0.17106177446839782
12,15,base,mediators4,baseline,1000,3,Production,0.39790115914695334
12,15,base,mediators5,baseline,1000,1,Consumption,0.42134143700553295
12,15,base,mediators5,baseline,1000,1,Production,0.536162961268348
12,15,base,mediators5,baseline,1000,2,Consumption,0.4337591320588704
12,15,base,mediators5,baseline,1000,2,Production,0.5709074123200482
12,15,base,mediators5,baseline,1000,3,Consumption,0.3896759434037322
12,15,base,mediators5,baseline,1000,3,Production,0.44436508339574254
12,15,base,mediators6,baseline,1000,1,Consumption,0.3960786622715336
12,15,base,mediators6,baseline,1000,1,Production,0.5487813260994293
12,15,base,mediators1,baseline,100,1,Consumption,0.039775590612679906
12,15,base,mediators1,baseline,100,1,Production,0.4638213241719229
12,15,base,mediators1,baseline,100,2,Consumption,0.037759709041316876
12,15,base,mediators1,baseline,100,2,Production,0.5422775302048575
12,15,base,mediators1,baseline,100,3,Consumption,0.03878973299674688
12,15,base,mediators1,baseline,100,3,Production,0.6343920386278379
12,15,base,mediators1,baseline,100,4,Consumption,0.038529543594221005
12,15,base,mediators1,baseline,100,4,Production,0.3983412948415545
12,15,base,mediators1,baseline,100,5,Consumption,0.03472150750073866
12,15,base,mediators1,baseline,100,5,Production,0.4740754875228836
12,15,base,mediators2,baseline,100,1,Consumption,0.30108214439119424
12,15,base,mediators2,baseline,100,1,Production,0.6358014324081154
12,15,base,mediators2,baseline,100,2,Consumption,0.17452989363871724
12,15,base,mediators2,baseline,100,2,Production,0.5730755271394296
12,15,base,mediators2,baseline,100,3,Consumption,0.43296842265072066
12,15,base,mediators2,baseline,100,3,Production,0.6165172547553446
12,15,base,mediators2,baseline,100,4,Consumption,0.2852343939793988
12,15,base,mediators2,baseline,100,4,Production,0.6269084288755392
12,15,base,mediators2,baseline,100,5,Consumption,0.2727352259355407
12,15,base,mediators2,baseline,100,5,Production,0.6122395203073798
12,15,base,mediators3,baseline,100,1,Consumption,0.23808534282592198
12,15,base,mediators3,baseline,100,1,Production,0.565556481672686
12,15,base,mediators3,baseline,100,2,Consumption,0.2482964576324219
12,15,base,mediators3,baseline,100,2,Production,0.5647776922720237
12,15,base,mediators3,baseline,100,3,Consumption,0.20625826200058273
12,15,base,mediators3,baseline,100,3,Production,0.5589510875653403
12,15,base,mediators3,baseline,100,4,Consumption,0.22746994798657072
12,15,base,mediators3,baseline,100,4,Production,0.5676480178986283
12,15,base,mediators3,baseline,100,5,Consumption,0.26458463044188535
12,15,base,mediators3,baseline,100,5,Production,0.5510033372218214
12,15,base,mediators4,baseline,100,1,Consumption,0.21300738023925284
12,15,base,mediators4,baseline,100,1,Production,0.4469976177386348
12,15,base,mediators4,baseline,100,2,Consumption,0.19337561514728346
12,15,base,mediators4,baseline,100,2,Production,0.43899460803227613
12,15,base,mediators4,baseline,100,3,Consumption,0.09622521002680474
12,15,base,mediators4,baseline,100,3,Production,0.4223663405215291
12,15,base,mediators4,baseline,100,4,Consumption,0.18789216365653144
12,15,base,mediators4,baseline,100,4,Production,0.4629477535969576
12,15,base,mediators4,baseline,100,5,Consumption,0.16705260077027234
12,15,base,mediators4,baseline,100,5,Production,0.43910193519181845
12,15,base,mediators5,baseline,100,1,Consumption,0.35062013856429447
12,15,base,mediators5,baseline,100,1,Production,0.49864536065283693
12,15,base,mediators5,baseline,100,2,Consumption,0.35329411977981456
12,15,base,mediators5,baseline,100,2,Production,0.498716806816667
12,15,base,mediators5,baseline,100,3,Consumption,0.33294092638618644
12,15,base,mediators5,baseline,100,3,Production,0.48569965803088966
12,15,base,mediators5,baseline,100,4,Consumption,0.37143619069605116
12,15,base,mediators5,baseline,100,4,Production,0.5051384722703185
12,15,base,mediators5,baseline,100,5,Consumption,0.34869435875406546
12,15,base,mediators5,baseline,100,5,Production,0.4827604986445632
12,15,base,mediators6,baseline,100,1,Consumption,0.3798815068635653
12,15,base,mediators6,baseline,100,1,Production,0.49665554684201946
12,15,base,mediators6,baseline,100,2,Consumption,0.3608729267439362
12,15,base,mediators6,baseline,100,2,Production,0.4977332187645098
12,15,base,mediators6,baseline,100,3,Consumption,0.36574498237410497
12,15,base,mediators6,baseline,100,3,Production,0.4902778756237622
12,15,base,mediators6,baseline,100,4,Consumption,0.41701504423062974
12,15,base,mediators6,baseline,100,4,Production,0.5188317365515382
12,15,base,mediators6,baseline,100,5,Consumption,0.3907852770242063
12,15,base,mediators6,baseline,100,5,Production,0.4842974906064962
12,15,base,mediators7,baseline,100,1,Consumption,0.4372944000116387
12,15,base,mediators7,baseline,100,1,Production,0.553661807309552
12,15,base,mediators7,baseline,100,2,Consumption,0.41013875292965685
12,15,base,mediators7,baseline,100,2,Production,0.5373867356033167
12,15,base,mediators7,baseline,100,3,Consumption,0.43275826174110077
12,15,base,mediators7,baseline,100,3,Production,0.5110967112843684
12,15,base,mediators7,baseline,100,4,Consumption,0.4021169137915873
12,15,base,mediators7,baseline,100,4,Production,0.5409105138646603
12,15,base,mediators7,baseline,100,5,Consumption,0.4457021143082941
12,15,base,mediators7,baseline,100,5,Production,0.548473784615298
12,15,base,mediators1,baseline,200,1,Consumption,0.03656714203450472
12,15,base,mediators1,baseline,200,1,Production,0.37715220873811395
12,15,base,mediators1,baseline,200,2,Consumption,0.04531095149986621
12,15,base,mediators1,baseline,200,2,Production,0.627022295356626
12,15,base,mediators1,baseline,200,3,Consumption,0.03717081093181156
12,15,base,mediators1,baseline,200,3,Production,0.6061088418245185
12,15,base,mediators1,baseline,200,4,Consumption,0.0351805823487208
12,15,base,mediators1,baseline,200,4,Production,0.5850927478588004
12,15,base,mediators1,baseline,200,5,Consumption,0.03804086907602435
12,15,base,mediators1,baseline,200,5,Production,0.5856316127392217
12,15,base,mediators2,baseline,200,1,Consumption,0.19122329950577444
12,15,base,mediators2,baseline,200,1,Production,0.5311709112923331
12,15,base,mediators2,baseline,200,2,Consumption,0.232653941510046
12,15,base,mediators2,baseline,200,2,Production,0.5771100620261765
12,15,base,mediators2,baseline,200,3,Consumption,0.2204740777640299
12,15,base,mediators2,baseline,200,3,Production,0.5572894855485541
12,15,base,mediators2,baseline,200,4,Consumption,0.22541786410110834
12,15,base,mediators2,baseline,200,4,Production,0.5490357627122604
12,15,base,mediators2,baseline,200,5,Consumption,0.2998735158507898
12,15,base,mediators2,baseline,200,5,Production,0.5889708404321383
12,15,base,mediators3,baseline,200,1,Consumption,0.1450020995188711
12,15,base,mediators3,baseline,200,1,Production,0.49892448143033175
12,15,base,mediators3,baseline,200,2,Consumption,0.17823716058324915
12,15,base,mediators3,baseline,200,2,Production,0.5481287236716064
12,15,base,mediators3,baseline,200,3,Consumption,0.19859338273010954
12,15,base,mediators3,baseline,200,3,Production,0.5522400386569866
12,15,base,mediators3,baseline,200,4,Consumption,0.16399729252898984
12,15,base,mediators3,baseline,200,4,Production,0.531881760806266
12,15,base,mediators3,baseline,200,5,Consumption,0.14644456930730165
12,15,base,mediators3,baseline,200,5,Production,0.5361390246775735
12,15,base,mediators4,baseline,200,1,Consumption,0.1541816103152571
12,15,base,mediators4,baseline,200,1,Production,0.4124623827812787
12,15,base,mediators4,baseline,200,2,Consumption,0.13570430251080456
12,15,base,mediators4,baseline,200,2,Production,0.4113324694015336
12,15,base,mediators4,baseline,200,3,Consumption,0.09564866800228881
12,15,base,mediators4,baseline,200,3,Production,0.42584670692454085
12,15,base,mediators4,baseline,200,4,Consumption,0.17736721548478462
12,15,base,mediators4,baseline,200,4,Production,0.4337375072900843
12,15,base,mediators4,baseline,200,5,Consumption,0.1433636835772548
12,15,base,mediators4,baseline,200,5,Production,0.42230696970685627
12,15,base,mediators5,baseline,200,1,Consumption,0.3306770208350469
12,15,base,mediators5,baseline,200,1,Production,0.5014745559194653
12,15,base,mediators5,baseline,200,2,Consumption,0.3521992537684361
12,15,base,mediators5,baseline,200,2,Production,0.5208493250092633
12,15,base,mediators5,baseline,200,3,Consumption,0.38528146814305514
12,15,base,mediators5,baseline,200,3,Production,0.5099531596185592
12,15,base,mediators5,baseline,200,4,Consumption,0.3263359303562005
12,15,base,mediators5,baseline,200,4,Production,0.5254699621148309
12,15,base,mediators5,baseline,200,5,Consumption,0.32160553108349005
12,15,base,mediators5,baseline,200,5,Production,0.4668541644275135
12,15,base,mediators6,baseline,200,1,Consumption,0.3601122045131046
12,15,base,mediators6,baseline,200,1,Production,0.507224275155602
12,15,base,mediators6,baseline,200,2,Consumption,0.3991845410245307
12,15,base,mediators6,baseline,200,2,Production,0.515938069074842
12,15,base,mediators6,baseline,200,3,Consumption,0.39004384778577184
12,15,base,mediators6,baseline,200,3,Production,0.5259571041238312
12,15,base,mediators6,baseline,200,4,Consumption,0.38296299142024304
12,15,base,mediators6,baseline,200,4,Production,0.5434356171747702
12,15,base,mediators6,baseline,200,5,Consumption,0.394019102069775
12,15,base,mediators6,baseline,200,5,Production,0.4973223554671478
12,15,base,mediators7,baseline,200,1,Consumption,0.4383452309221203
12,15,base,mediators7,baseline,200,1,Production,0.565812692890164
12,15,base,mediators7,baseline,200,2,Consumption,0.44375219437233615
12,15,base,mediators7,baseline,200,2,Production,0.5589218389224996
12,15,base,mediators7,baseline,200,3,Consumption,0.4417238704552568
12,15,base,mediators7,baseline,200,3,Production,0.5229498848478507
12,15,base,mediators7,baseline,200,4,Consumption,0.41797882484772253
12,15,base,mediators7,baseline,200,4,Production,0.5630395990741672
12,15,base,mediators7,baseline,200,5,Consumption,0.43901438678103094
12,15,base,mediators7,baseline,200,5,Production,0.5327307248349652
12,15,base,mediators1,baseline,300,1,Consumption,0.033614686101499223
12,15,base,mediators1,baseline,300,1,Production,0.5289402973041668
12,15,base,mediators1,baseline,300,2,Consumption,0.038489603839077756
12,15,base,mediators1,baseline,300,2,Production,0.5612705155747878
12,15,base,mediators1,baseline,300,3,Consumption,0.0385414386008759
12,15,base,mediators1,baseline,300,3,Production,0.6233406492133698
12,15,base,mediators1,baseline,300,4,Consumption,0.035691592579341576
12,15,base,mediators1,baseline,300,4,Production,0.560379320887873
12,15,base,mediators1,baseline,300,5,Consumption,0.03218961318946297
12,15,base,mediators1,baseline,300,5,Production,0.6457804372068602
12,15,base,mediators2,baseline,300,1,Consumption,0.3593093988462708
12,15,base,mediators2,baseline,300,1,Production,0.5592465307602115
12,15,base,mediators2,baseline,300,2,Consumption,0.267077094112743
12,15,base,mediators2,baseline,300,2,Production,0.5643719560268625
12,15,base,mediators2,baseline,300,3,Consumption,0.216833848004196
12,15,base,mediators2,baseline,300,3,Production,0.5298236277455044
12,15,base,mediators2,baseline,300,4,Consumption,0.23414057806378685
12,15,base,mediators2,baseline,300,4,Production,0.6195397386789845
12,15,base,mediators2,baseline,300,5,Consumption,0.246810771955117
12,15,base,mediators2,baseline,300,5,Production,0.5723716185838573
12,15,base,mediators3,baseline,300,1,Consumption,0.08270142637793772
12,15,base,mediators3,baseline,300,1,Production,0.5037027202754912
12,15,base,mediators3,baseline,300,2,Consumption,0.138375076871962
12,15,base,mediators3,baseline,300,2,Production,0.5498159113816586
12,15,base,mediators3,baseline,300,3,Consumption,0.1468012847652034
12,15,base,mediators3,baseline,300,3,Production,0.535431809955823
12,15,base,mediators3,baseline,300,4,Consumption,0.07903506327410313
12,15,base,mediators3,baseline,300,4,Production,0.5406109025461138
12,15,base,mediators3,baseline,300,5,Consumption,0.10232535357004034
12,15,base,mediators3,baseline,300,5,Production,0.49011624625362654
12,15,base,mediators4,baseline,300,1,Consumption,0.1493433990280769
12,15,base,mediators4,baseline,300,1,Production,0.4055490779879628
12,15,base,mediators4,baseline,300,2,Consumption,0.17412636550548713
12,15,base,mediators4,baseline,300,2,Production,0.4136571403503701
12,15,base,mediators4,baseline,300,3,Consumption,0.18360518487540303
12,15,base,mediators4,baseline,300,3,Production,0.4062726200674092
12,15,base,mediators4,baseline,300,4,Consumption,0.16867240300487868
12,15,base,mediators4,baseline,300,4,Production,0.42717050338295154
12,15,base,mediators4,baseline,300,5,Consumption,0.14689100577445793
12,15,base,mediators4,baseline,300,5,Production,0.4028915585592508
12,15,base,mediators5,baseline,300,1,Consumption,0.3312136431045304
12,15,base,mediators5,baseline,300,1,Production,0.5099750998079889
12,15,base,mediators5,baseline,300,2,Consumption,0.36850067147596555
12,15,base,mediators5,baseline,300,2,Production,0.526492183748013
12,15,base,mediators5,baseline,300,3,Consumption,0.33315687843046865
12,15,base,mediators5,baseline,300,3,Production,0.5355329927255105
12,15,base,mediators5,baseline,300,4,Consumption,0.3710811781844346
12,15,base,mediators5,baseline,300,4,Production,0.5093990561231225
12,15,base,mediators5,baseline,300,5,Consumption,0.33372770252195516
12,15,base,mediators5,baseline,300,5,Production,0.49171726165788404
12,15,base,mediators6,baseline,300,1,Consumption,0.3898395334143911
12,15,base,mediators6,baseline,300,1,Production,0.5361209982435475
12,15,base,mediators6,baseline,300,2,Consumption,0.36767134247727223
12,15,base,mediators6,baseline,300,2,Production,0.532032581438121
12,15,base,mediators6,baseline,300,3,Consumption,0.3700156676719717
12,15,base,mediators6,baseline,300,3,Production,0.5110662833284951
12,15,base,mediators6,baseline,300,4,Consumption,0.3955543097514677
12,15,base,mediators6,baseline,300,4,Production,0.5412612886279421
12,15,base,mediators6,baseline,300,5,Consumption,0.39162464021283505
12,15,base,mediators6,baseline,300,5,Production,0.5221403335875329
12,15,base,mediators7,baseline,300,1,Consumption,0.46084505567301953
12,15,base,mediators7,baseline,300,1,Production,0.6069985949115377
12,15,base,mediators7,baseline,300,2,Consumption,0.4640239252495622
12,15,base,mediators7,baseline,300,2,Production,0.5666777684843066
12,15,base,mediators7,baseline,300,3,Consumption,0.4542742299594348
12,15,base,mediators7,baseline,300,3,Production,0.5323435213541973
12,15,base,mediators7,baseline,300,4,Consumption,0.45068330996862666
12,15,base,mediators7,baseline,300,4,Production,0.5554757151549714
12,15,base,mediators7,baseline,300,5,Consumption,0.4317988638257192
12,15,base,mediators7,baseline,300,5,Production,0.5576738404950948
12,15,base,mediators1,baseline,500,1,Consumption,0.03812303716922051
12,15,base,mediators1,baseline,500,1,Production,0.5466764617421603
12,15,base,mediators1,baseline,500,2,Consumption,0.04155894842202853
12,15,base,mediators1,baseline,500,2,Production,0.5432065846556309
12,15,base,mediators1,baseline,500,3,Consumption,0.03163114998319315
12,15,base,mediators1,baseline,500,3,Production,0.6636253975271563
12,15,base,mediators1,baseline,500,4,Consumption,0.04118223810439907
12,15,base,mediators1,baseline,500,4,Production,0.5600704899709021
12,15,base,mediators1,baseline,500,5,Consumption,0.032718625343232055
12,15,base,mediators1,baseline,500,5,Production,0.5494650126479245
12,15,base,mediators2,baseline,500,1,Consumption,0.2998020401640883
12,15,base,mediators2,baseline,500,1,Production,0.5790511484382225
12,15,base,mediators2,baseline,500,2,Consumption,0.24579856875377015
12,15,base,mediators2,baseline,500,2,Production,0.5230496352674051
12,15,base,mediators2,baseline,500,3,Consumption,0.21275602804490376
12,15,base,mediators2,baseline,500,3,Production,0.5179613202952076
12,15,base,mediators2,baseline,500,4,Consumption,0.2818656081195674
12,15,base,mediators2,baseline,500,4,Production,0.5936340432662178
12,15,base,mediators2,baseline,500,5,Consumption,0.24574132230480072
12,15,base,mediators2,baseline,500,5,Production,0.5610062151157581
12,15,base,mediators3,baseline,500,1,Consumption,0.10498649564074373
12,15,base,mediators3,baseline,500,1,Production,0.5554210485167262
12,15,base,mediators3,baseline,500,2,Consumption,0.09590764036885358
12,15,base,mediators3,baseline,500,2,Production,0.5442846443435325
12,15,base,mediators3,baseline,500,3,Consumption,0.11799923144135878
12,15,base,mediators3,baseline,500,3,Production,0.5385992589460674
12,15,base,mediators3,baseline,500,4,Consumption,0.0821299142981608
12,15,base,mediators3,baseline,500,4,Production,0.5338721610235933
12,15,base,mediators3,baseline,500,5,Consumption,0.08320595552453122
12,15,base,mediators3,baseline,500,5,Production,0.5303534228443227
12,15,base,mediators4,baseline,500,1,Consumption,0.16731632023462242
12,15,base,mediators4,baseline,500,1,Production,0.4073989907275724
12,15,base,mediators4,baseline,500,2,Consumption,0.1827741143117464
12,15,base,mediators4,baseline,500,2,Production,0.4089599012982206
12,15,base,mediators4,baseline,500,3,Consumption,0.20495543344842568
12,15,base,mediators4,baseline,500,3,Production,0.421519708891263
12,15,base,mediators4,baseline,500,4,Consumption,0.17860585059079664
12,15,base,mediators4,baseline,500,4,Production,0.40555189795301316
12,15,base,mediators4,baseline,500,5,Consumption,0.17310115850217864
12,15,base,mediators4,baseline,500,5,Production,0.3998780892675934
12,15,base,mediators5,baseline,500,1,Consumption,0.38667961114987826
12,15,base,mediators5,baseline,500,1,Production,0.4918267368213038
12,15,base,mediators5,baseline,500,2,Consumption,0.39209416955021553
12,15,base,mediators5,baseline,500,2,Production,0.5406199027866596
12,15,base,mediators5,baseline,500,3,Consumption,0.33444381551796315
12,15,base,mediators5,baseline,500,3,Production,0.5310220137514633
12,15,base,mediators5,baseline,500,4,Consumption,0.3250983478824584
12,15,base,mediators5,baseline,500,4,Production,0.5023763195253673
12,15,base,mediators5,baseline,500,5,Consumption,0.3887278664189899
12,15,base,mediators5,baseline,500,5,Production,0.5405930643652755
12,15,base,mediators6,baseline,500,1,Consumption,0.41410836281119473
12,15,base,mediators6,baseline,500,1,Production,0.5572782613945854
12,15,base,mediators6,baseline,500,2,Consumption,0.39730197728744726
12,15,base,mediators6,baseline,500,2,Production,0.5216184122673575
12,15,base,mediators6,baseline,500,3,Consumption,0.3934490095397121
12,15,base,mediators6,baseline,500,3,Production,0.5273601174918263
12,15,base,mediators6,baseline,500,4,Consumption,0.38841952731707263
12,15,base,mediators6,baseline,500,4,Production,0.5316752279573908
12,15,base,mediators7,baseline,500,1,Consumption,0.45560212350440654
12,15,base,mediators7,baseline,500,1,Production,0.623213490237245
12,15,base,mediators7,baseline,500,4,Consumption,0.4794122108839753
12,15,base,mediators7,baseline,500,4,Production,0.5676305510681843
12,15,base,mediators7,baseline,500,5,Consumption,0.42993814350401494
12,15,base,mediators7,baseline,500,5,Production,0.571494511285099
12,15,base,mediators1,noisy,1000,1,Consumption,0.07095621647555418
12,15,base,mediators1,noisy,1000,1,Production,0.4121746655080786
12,15,base,mediators1,noisy,1000,2,Consumption,0.06368637963439953
12,15,base,mediators1,noisy,1000,2,Production,0.3962710327065359
12,15,base,mediators1,noisy,1000,3,Consumption,0.07571757947744867
12,15,base,mediators1,noisy,1000,3,Production,0.3626758690985891
12,15,base,mediators2,noisy,1000,1,Consumption,0.5247870502081733
12,15,base,mediators2,noisy,1000,1,Production,0.31276073682454875
12,15,base,mediators2,noisy,1000,2,Consumption,0.8195760088834779
12,15,base,mediators2,noisy,1000,2,Production,0.34752565758366616
12,15,base,mediators2,noisy,1000,3,Consumption,0.5188506439917743
12,15,base,mediators2,noisy,1000,3,Production,0.31856540153594765
12,15,base,mediators3,noisy,1000,1,Consumption,0.10289269990849324
12,15,base,mediators3,noisy,1000,1,Production,0.5125670085021681
12,15,base,mediators3,noisy,1000,2,Consumption,0.09718921519386389
12,15,base,mediators3,noisy,1000,2,Production,0.5132774357946174
12,15,base,mediators3,noisy,1000,3,Consumption,0.09559448797518101
12,15,base,mediators3,noisy,1000,3,Production,0.46651756681380085
12,15,base,mediators4,noisy,1000,1,Consumption,0.19531850248888652
12,15,base,mediators4,noisy,1000,1,Production,0.4124584231305575
12,15,base,mediators4,noisy,1000,2,Consumption,0.21321561342931425
12,15,base,mediators4,noisy,1000,2,Production,0.38375344369757797
12,15,base,mediators4,noisy,1000,3,Consumption,0.20840013229689922
12,15,base,mediators4,noisy,1000,3,Production,0.4124949211956995
12,15,base,mediators5,noisy,1000,1,Consumption,0.40622560598041135
12,15,base,mediators5,noisy,1000,1,Production,0.44971866014009204
12,15,base,mediators5,noisy,1000,2,Consumption,0.38565256180376717
12,15,base,mediators5,noisy,1000,2,Production,0.45574728368025097
12,15,base,mediators5,noisy,1000,3,Consumption,0.41914697034636456
12,15,base,mediators5,noisy,1000,3,Production,0.49213089473840477
12,15,base,mediators6,noisy,1000,1,Consumption,0.37669010512330997
12,15,base,mediators6,noisy,1000,1,Production,0.5203492116654846
12,15,base,mediators6,noisy,1000,2,Consumption,0.39253092097193765
12,15,base,mediators6,noisy,1000,2,Production,0.46310224073775247
12,15,base,mediators6,noisy,1000,3,Consumption,0.4181746809725593
12,15,base,mediators6,noisy,1000,3,Production,0.4609154410820419
12,15,base,mediators7,noisy,1000,1,Consumption,0.449400694944482
12,15,base,mediators7,noisy,1000,1,Production,0.5156354611976323
12,15,base,mediators7,noisy,1000,2,Consumption,0.39038079550682603
12,15,base,mediators7,noisy,1000,2,Production,0.4864263243985808
12,15,base,mediators1,noisy,100,1,Consumption,0.09055647248057147
12,15,base,mediators1,noisy,100,1,Production,0.36891026892184486
12,15,base,mediators1,noisy,100,2,Consumption,0.07764834807828672
12,15,base,mediators1,noisy,100,2,Production,0.3736770749155712
12,15,base,mediators1,noisy,100,3,Consumption,0.08029735506011482
12,15,base,mediators1,noisy,100,3,Production,0.378744858343116
12,15,base,mediators1,noisy,100,4,Consumption,0.08485406087925172
12,15,base,mediators1,noisy,100,4,Production,0.3746844301661628
12,15,base,mediators1,noisy,100,5,Consumption,0.09211368196183138
12,15,base,mediators1,noisy,100,5,Production,0.3678220455941358
12,15,base,mediators2,noisy,100,1,Consumption,0.4740064304609452
12,15,base,mediators2,noisy,100,1,Production,0.44795128446387206
12,15,base,mediators2,noisy,100,2,Consumption,0.4931886490514107
12,15,base,mediators2,noisy,100,2,Production,0.42369877495514696
12,15,base,mediators2,noisy,100,3,Consumption,0.47980122531280384
12,15,base,mediators2,noisy,100,3,Production,0.47526103221852495
12,15,base,mediators2,noisy,100,4,Consumption,0.4643912545277981
12,15,base,mediators2,noisy,100,4,Production,0.438616137939383
12,15,base,mediators2,noisy,100,5,Consumption,0.5048838398780584
12,15,base,mediators2,noisy,100,5,Production,0.512372946326421
12,15,base,mediators3,noisy,100,1,Consumption,0.3229308443958137
12,15,base,mediators3,noisy,100,1,Production,0.5534821618154379
12,15,base,mediators3,noisy,100,2,Consumption,0.2919389347282787
12,15,base,mediators3,noisy,100,2,Production,0.4867930105467066
12,15,base,mediators3,noisy,100,3,Consumption,0.27517761990940764
12,15,base,mediators3,noisy,100,3,Production,0.5286853268215879
12,15,base,mediators3,noisy,100,4,Consumption,0.29525436928288884
12,15,base,mediators3,noisy,100,4,Production,0.5466733952910242
12,15,base,mediators3,noisy,100,5,Consumption,0.2923538731833583
12,15,base,mediators3,noisy,100,5,Production,0.5199999835250021
12,15,base,mediators4,noisy,100,1,Consumption,0.2541385646786765
12,15,base,mediators4,noisy,100,1,Production,0.4588932415015825
12,15,base,mediators4,noisy,100,2,Consumption,0.1585151110079245
12,15,base,mediators4,noisy,100,2,Production,0.4246279312318371
12,15,base,mediators4,noisy,100,3,Consumption,0.231236561312186
12,15,base,mediators4,noisy,100,3,Production,0.42009408318473895
12,15,base,mediators4,noisy,100,4,Consumption,0.20855833664833695
12,15,base,mediators4,noisy,100,4,Production,0.4583349415544222
12,15,base,mediators4,noisy,100,5,Consumption,0.21227908879159463
12,15,base,mediators4,noisy,100,5,Production,0.4482883041924837
12,15,base,mediators5,noisy,100,1,Consumption,0.4448293579497189
12,15,base,mediators5,noisy,100,1,Production,0.5481759907421285
12,15,base,mediators5,noisy,100,2,Consumption,0.4719683110546019
12,15,base,mediators5,noisy,100,2,Production,0.530231111777591
12,15,base,mediators5,noisy,100,3,Consumption,0.4696892954972601
12,15,base,mediators5,noisy,100,3,Production,0.5252836528016797
12,15,base,mediators5,noisy,100,4,Consumption,0.4365496622227656
12,15,base,mediators5,noisy,100,4,Production,0.5364366400854136
12,15,base,mediators5,noisy,100,5,Consumption,0.4392104346325058
12,15,base,mediators5,noisy,100,5,Production,0.5270906928032679
12,15,base,mediators6,noisy,100,1,Consumption,0.4275780907814061
12,15,base,mediators6,noisy,100,1,Production,0.5207377096181672
12,15,base,mediators6,noisy,100,2,Consumption,0.42697152996234294
12,15,base,mediators6,noisy,100,2,Production,0.5334555578308794
12,15,base,mediators6,noisy,100,3,Consumption,0.43812533979082413
12,15,base,mediators6,noisy,100,3,Production,0.5202477886681934
12,15,base,mediators6,noisy,100,4,Consumption,0.444272382586295
12,15,base,mediators6,noisy,100,4,Production,0.5331143751614099
12,15,base,mediators6,noisy,100,5,Consumption,0.431648571726585
12,15,base,mediators6,noisy,100,5,Production,0.5266440794805359
12,15,base,mediators7,noisy,100,1,Consumption,0.44370414306072775
12,15,base,mediators7,noisy,100,1,Production,0.5620763297597845
12,15,base,mediators7,noisy,100,2,Consumption,0.4512554624766028
12,15,base,mediators7,noisy,100,2,Production,0.53422850576509
12,15,base,mediators7,noisy,100,3,Consumption,0.45349709659002546
12,15,base,mediators7,noisy,100,3,Production,0.5607627346300543
12,15,base,mediators7,noisy,100,4,Consumption,0.4730030584946136
12,15,base,mediators7,noisy,100,4,Production,0.5750617234691656
12,15,base,mediators7,noisy,100,5,Consumption,0.4462397638054807
12,15,base,mediators7,noisy,100,5,Production,0.5809863622525026
12,15,base,mediators1,noisy,200,1,Consumption,0.09276519083939605
12,15,base,mediators1,noisy,200,1,Production,0.3657699517910402
12,15,base,mediators1,noisy,200,2,Consumption,0.07476620512958033
12,15,base,mediators1,noisy,200,2,Production,0.3804868602688084
12,15,base,mediators1,noisy,200,3,Consumption,0.08993826019603607
12,15,base,mediators1,noisy,200,3,Production,0.3561253503568535
12,15,base,mediators1,noisy,200,4,Consumption,0.07821506752793518
12,15,base,mediators1,noisy,200,4,Production,0.37189963185144714
12,15,base,mediators1,noisy,200,5,Consumption,0.09209129674018109
12,15,base,mediators1,noisy,200,5,Production,0.37251781213420787
12,15,base,mediators2,noisy,200,1,Consumption,0.4782690365358517
12,15,base,mediators2,noisy,200,1,Production,0.4302124870879108
12,15,base,mediators2,noisy,200,2,Consumption,0.4955816915369066
12,15,base,mediators2,noisy,200,2,Production,0.40408168851320536
12,15,base,mediators2,noisy,200,3,Consumption,0.4636155981032941
12,15,base,mediators2,noisy,200,3,Production,0.4160372424889255
12,15,base,mediators2,noisy,200,4,Consumption,0.4713316114951104
12,15,base,mediators2,noisy,200,4,Production,0.39673580588684776
12,15,base,mediators2,noisy,200,5,Consumption,0.48933519931977354
12,15,base,mediators2,noisy,200,5,Production,0.44182312950050173
12,15,base,mediators3,noisy,200,1,Consumption,0.2674557561407741
12,15,base,mediators3,noisy,200,1,Production,0.5108301878624911
12,15,base,mediators3,noisy,200,2,Consumption,0.2458986287000782
12,15,base,mediators3,noisy,200,2,Production,0.5164912853817788
12,15,base,mediators3,noisy,200,3,Consumption,0.22817102412539358
12,15,base,mediators3,noisy,200,3,Production,0.530573317418695
12,15,base,mediators3,noisy,200,4,Consumption,0.24055057491343226
12,15,base,mediators3,noisy,200,4,Production,0.5197143938859138
12,15,base,mediators3,noisy,200,5,Consumption,0.24500676261696447
12,15,base,mediators3,noisy,200,5,Production,0.5156326418959623
12,15,base,mediators4,noisy,200,1,Consumption,0.19961442449945024
12,15,base,mediators4,noisy,200,1,Production,0.40733592987610734
12,15,base,mediators4,noisy,200,2,Consumption,0.19940265549527297
12,15,base,mediators4,noisy,200,2,Production,0.4156955498359924
12,15,base,mediators4,noisy,200,3,Consumption,0.22754715602879588
12,15,base,mediators4,noisy,200,3,Production,0.40353444763508106
12,15,base,mediators4,noisy,200,4,Consumption,0.18007219236346175
12,15,base,mediators4,noisy,200,4,Production,0.43661322758570414
12,15,base,mediators4,noisy,200,5,Consumption,0.1590497518816795
12,15,base,mediators4,noisy,200,5,Production,0.40032051006317204
12,15,base,mediators5,noisy,200,1,Consumption,0.4469248249223435
12,15,base,mediators5,noisy,200,1,Production,0.49721310093329246
12,15,base,mediators5,noisy,200,2,Consumption,0.4549533071355236
12,15,base,mediators5,noisy,200,2,Production,0.4862643762619779
12,15,base,mediators5,noisy,200,3,Consumption,0.4362376273150392
12,15,base,mediators5,noisy,200,3,Production,0.4562985034674903
12,15,base,mediators5,noisy,200,4,Consumption,0.4408034080408819
12,15,base,mediators5,noisy,200,4,Production,0.4778249409707321
12,15,base,mediators5,noisy,200,5,Consumption,0.4361400217819601
12,15,base,mediators5,noisy,200,5,Production,0.5118575658535343
12,15,base,mediators6,noisy,200,1,Consumption,0.39675826220352006
12,15,base,mediators6,noisy,200,1,Production,0.5166037889158289
12,15,base,mediators6,noisy,200,2,Consumption,0.4038204937320317
12,15,base,mediators6,noisy,200,2,Production,0.49398625422042175
12,15,base,mediators6,noisy,200,3,Consumption,0.38065150260335806
12,15,base,mediators6,noisy,200,3,Production,0.48959798854463094
12,15,base,mediators6,noisy,200,4,Consumption,0.4396075476669652
12,15,base,mediators6,noisy,200,4,Production,0.497563668087765
12,15,base,mediators6,noisy,200,5,Consumption,0.4177796483956761
12,15,base,mediators6,noisy,200,5,Production,0.4705353335998355
12,15,base,mediators7,noisy,200,1,Consumption,0.46595674580854707
12,15,base,mediators7,noisy,200,1,Production,0.5238630129627351
12,15,base,mediators7,noisy,200,2,Consumption,0.435755691767967
12,15,base,mediators7,noisy,200,2,Production,0.546446427381695
12,15,base,mediators7,noisy,200,3,Consumption,0.4405570595026376
12,15,base,mediators7,noisy,200,3,Production,0.5218395807618271
12,15,base,mediators7,noisy,200,4,Consumption,0.44897742992087664
12,15,base,mediators7,noisy,200,4,Production,0.5400314052016052
12,15,base,mediators7,noisy,200,5,Consumption,0.4757957961813648
12,15,base,mediators7,noisy,200,5,Production,0.5308136630523137
12,15,base,mediators1,noisy,300,1,Consumption,0.08015787537882067
12,15,base,mediators1,noisy,300,1,Production,0.39874425370509
12,15,base,mediators1,noisy,300,2,Consumption,0.07931514854679403
12,15,base,mediators1,noisy,300,2,Production,0.3610307698873132
12,15,base,mediators1,noisy,300,3,Consumption,0.09600595771348536
12,15,base,mediators1,noisy,300,3,Production,0.4091915121602904
12,15,base,mediators1,noisy,300,4,Consumption,0.0622165080230793
12,15,base,mediators1,noisy,300,4,Production,0.37942794691203763
12,15,base,mediators1,noisy,300,5,Consumption,0.08829467574252846
12,15,base,mediators1,noisy,300,5,Production,0.38693368600715267
12,15,base,mediators2,noisy,300,1,Consumption,0.49176591783012963
12,15,base,mediators2,noisy,300,1,Production,0.44073609848379597
12,15,base,mediators2,noisy,300,2,Consumption,0.48149908883499787
12,15,base,mediators2,noisy,300,2,Production,0.4038784050620622
12,15,base,mediators2,noisy,300,3,Consumption,0.5314827578317384
12,15,base,mediators2,noisy,300,3,Production,0.42362681253222717
12,15,base,mediators2,noisy,300,4,Consumption,0.4233509464324813
12,15,base,mediators2,noisy,300,4,Production,0.3482881354148319
12,15,base,mediators2,noisy,300,5,Consumption,0.47450217791291854
12,15,base,mediators2,noisy,300,5,Production,0.40353137662003735
12,15,base,mediators3,noisy,300,1,Consumption,0.20610988855005427
12,15,base,mediators3,noisy,300,1,Production,0.5078752049850986
12,15,base,mediators3,noisy,300,2,Consumption,0.23085715498251227
12,15,base,mediators3,noisy,300,2,Production,0.5054590841200214
12,15,base,mediators3,noisy,300,3,Consumption,0.1580607133664916
12,15,base,mediators3,noisy,300,3,Production,0.5079938623179922
12,15,base,mediators3,noisy,300,4,Consumption,0.2562842573271312
12,15,base,mediators3,noisy,300,4,Production,0.5377060856640076
12,15,base,mediators3,noisy,300,5,Consumption,0.20610494792253783
12,15,base,mediators3,noisy,300,5,Production,0.44961794737565175
12,15,base,mediators4,noisy,300,1,Consumption,0.2243417904307124
12,15,base,mediators4,noisy,300,1,Production,0.42961460655459727
12,15,base,mediators4,noisy,300,2,Consumption,0.18431740252057122
12,15,base,mediators4,noisy,300,2,Production,0.4053019913065049
12,15,base,mediators4,noisy,300,3,Consumption,0.19439420679459624
12,15,base,mediators4,noisy,300,3,Production,0.3797691633669655
12,15,base,mediators4,noisy,300,4,Consumption,0.16912871320771344
12,15,base,mediators4,noisy,300,4,Production,0.4173083089982708
12,15,base,mediators4,noisy,300,5,Consumption,0.2118489234778162
12,15,base,mediators4,noisy,300,5,Production,0.4202285834832609
12,15,base,mediators5,noisy,300,1,Consumption,0.42254004851347615
12,15,base,mediators5,noisy,300,1,Production,0.4853649239509101
12,15,base,mediators5,noisy,300,2,Consumption,0.4528199752311079
12,15,base,mediators5,noisy,300,2,Production,0.4621450428624568
12,15,base,mediators5,noisy,300,3,Consumption,0.40589849718019566
12,15,base,mediators5,noisy,300,3,Production,0.438698150208917
12,15,base,mediators5,noisy,300,4,Consumption,0.4326920397717098
12,15,base,mediators5,noisy,300,4,Production,0.4964834629382032
12,15,base,mediators5,noisy,300,5,Consumption,0.4285078065491367
12,15,base,mediators5,noisy,300,5,Production,0.5232922520961528
12,15,base,mediators6,noisy,300,1,Consumption,0.3997115426110681
12,15,base,mediators6,noisy,300,1,Production,0.4763725120184153
12,15,base,mediators6,noisy,300,2,Consumption,0.38870606679837244
12,15,base,mediators6,noisy,300,2,Production,0.46162376615803813
12,15,base,mediators6,noisy,300,3,Consumption,0.3906498478641208
12,15,base,mediators6,noisy,300,3,Production,0.48525251467928326
12,15,base,mediators6,noisy,300,4,Consumption,0.39340637548672286
12,15,base,mediators6,noisy,300,4,Production,0.4706347470683445
12,15,base,mediators6,noisy,300,5,Consumption,0.3906224990743152
12,15,base,mediators6,noisy,300,5,Production,0.47091525099067805
12,15,base,mediators7,noisy,300,1,Consumption,0.42697853251419415
12,15,base,mediators7,noisy,300,1,Production,0.5074404272137455
12,15,base,mediators7,noisy,300,2,Consumption,0.45291837859546974
12,15,base,mediators7,noisy,300,2,Production,0.5034071822191303
12,15,base,mediators7,noisy,300,3,Consumption,0.45936079719037837
12,15,base,mediators7,noisy,300,3,Production,0.5333271880772541
12,15,base,mediators7,noisy,300,4,Consumption,0.4131446875286869
12,15,base,mediators7,noisy,300,4,Production,0.5096583821148507
12,15,base,mediators7,noisy,300,5,Consumption,0.43933732067837045
12,15,base,mediators7,noisy,300,5,Production,0.5267491870994201
12,15,base,mediators1,noisy,500,1,Consumption,0.07574090431468193
12,15,base,mediators1,noisy,500,1,Production,0.3613456777186312
12,15,base,mediators1,noisy,500,2,Consumption,0.07980343071401907
12,15,base,mediators1,noisy,500,2,Production,0.3637259998908167
12,15,base,mediators1,noisy,500,3,Consumption,0.0768559309623145
12,15,base,mediators1,noisy,500,3,Production,0.4045280853809716
12,15,base,mediators1,noisy,500,4,Consumption,0.06636412476687321
12,15,base,mediators1,noisy,500,4,Production,0.37990574675841404
12,15,base,mediators1,noisy,500,5,Consumption,0.07918748684440126
12,15,base,mediators1,noisy,500,5,Production,0.3770058703188754
12,15,base,mediators2,noisy,500,1,Consumption,0.8069271741748628
12,15,base,mediators2,noisy,500,1,Production,0.4847167329074825
12,15,base,mediators2,noisy,500,2,Consumption,0.4377704835215199
12,15,base,mediators2,noisy,500,2,Production,0.3580788349209956
12,15,base,mediators2,noisy,500,3,Consumption,0.49786107297241855
12,15,base,mediators2,noisy,500,3,Production,0.41632559348947434
12,15,base,mediators2,noisy,500,4,Consumption,0.4136751701103876
12,15,base,mediators2,noisy,500,4,Production,0.34777049079340416
12,15,base,mediators2,noisy,500,5,Consumption,0.4047563800480304
12,15,base,mediators2,noisy,500,5,Production,0.3911959293519089
12,15,base,mediators3,noisy,500,1,Consumption,0.16390511652071696
12,15,base,mediators3,noisy,500,1,Production,0.5026088208715607
12,15,base,mediators3,noisy,500,2,Consumption,0.17252370722475718
12,15,base,mediators3,noisy,500,2,Production,0.505460616418342
12,15,base,mediators3,noisy,500,3,Consumption,0.1523485911606447
12,15,base,mediators3,noisy,500,3,Production,0.5413381712334584
12,15,base,mediators3,noisy,500,4,Consumption,0.17740160171674554
12,15,base,mediators3,noisy,500,4,Production,0.5310877441695743
12,15,base,mediators3,noisy,500,5,Consumption,0.10220677084334073
12,15,base,mediators3,noisy,500,5,Production,0.4646603182204452
12,15,base,mediators4,noisy,500,1,Consumption,0.19635022920616793
12,15,base,mediators4,noisy,500,1,Production,0.4161085446542761
12,15,base,mediators4,noisy,500,2,Consumption,0.20457141092179978
12,15,base,mediators4,noisy,500,2,Production,0.40133901157485097
12,15,base,mediators4,noisy,500,3,Consumption,0.17984661728490423
12,15,base,mediators4,noisy,500,3,Production,0.3947776561357151
12,15,base,mediators4,noisy,500,4,Consumption,0.19809095992939754
12,15,base,mediators4,noisy,500,4,Production,0.42324470300877776
12,15,base,mediators4,noisy,500,5,Consumption,0.18759854022040934
12,15,base,mediators4,noisy,500,5,Production,0.3972080050356053
12,15,base,mediators5,noisy,500,1,Consumption,0.4108809014716092
12,15,base,mediators5,noisy,500,1,Production,0.4386527885025872
12,15,base,mediators5,noisy,500,2,Consumption,0.4002517914369082
12,15,base,mediators5,noisy,500,2,Production,0.46213977027227815
12,15,base,mediators5,noisy,500,3,Consumption,0.4188725097847748
12,15,base,mediators5,noisy,500,3,Production,0.4742643779794764
12,15,base,mediators5,noisy,500,4,Consumption,0.43885234338679946
12,15,base,mediators5,noisy,500,4,Production,0.45963805556973863
12,15,base,mediators5,noisy,500,5,Consumption,0.43659739584655133
12,15,base,mediators5,noisy,500,5,Production,0.48404961159665116
12,15,base,mediators6,noisy,500,2,Consumption,0.3804573388997759
12,15,base,mediators6,noisy,500,2,Production,0.4670351075610045
12,15,base,mediators6,noisy,500,3,Consumption,0.3843870504215603
12,15,base,mediators6,noisy,500,3,Production,0.4791228810054235
12,15,base,mediators6,noisy,500,4,Consumption,0.39661633698125626
12,15,base,mediators6,noisy,500,4,Production,0.469493732374299
12,15,base,mediators6,noisy,500,5,Consumption,0.41078332846333065
12,15,base,mediators6,noisy,500,5,Production,0.477596711573231
12,15,base,mediators7,noisy,500,1,Consumption,0.4244921001757279
12,15,base,mediators7,noisy,500,1,Production,0.5356868589102588
12,15,base,mediators7,noisy,500,2,Consumption,0.4055386411827285
12,15,base,mediators7,noisy,500,2,Production,0.4823875956008427
12,15,base,mediators7,noisy,500,3,Consumption,0.43314485096289884
12,15,base,mediators7,noisy,500,3,Production,0.5067391910529231
12,15,base,mediators7,noisy,500,4,Consumption,0.4186907718199001
12,15,base,mediators7,noisy,500,4,Production,0.5063081523103361
12,15,base,mediators7,noisy,500,5,Consumption,0.44161810227057746
12,15,base,mediators7,noisy,500,5,Production,0.5009159710957101
12,15,base,mediators1,sparse,1000,1,Consumption,0.15022497214210107
12,15,base,mediators1,sparse,1000,1,Production,0.4774413240238375
12,15,base,mediators1,sparse,1000,2,Consumption,0.14776630757265924
12,15,base,mediators1,sparse,1000,2,Production,0.5112721741704035
12,15,base,mediators1,sparse,1000,3,Consumption,0.1451735098280748
12,15,base,mediators1,sparse,1000,3,Production,0.45581325278576607
12,15,base,mediators2,sparse,1000,1,Consumption,0.04651038963244826
12,15,base,mediators2,sparse,1000,1,Production,0.4419881668170701
12,15,base,mediators2,sparse,1000,2,Consumption,0.0788207873437901
12,15,base,mediators2,sparse,1000,2,Production,0.5050557376954876
12,15,base,mediators2,sparse,1000,3,Consumption,0.06965293795431013
12,15,base,mediators2,sparse,1000,3,Production,0.4784701226353354
12,15,base,mediators3,sparse,1000,1,Consumption,0.29866358905139395
12,15,base,mediators3,sparse,1000,1,Production,0.5193953581299671
12,15,base,mediators3,sparse,1000,2,Consumption,0.27699126645903555
12,15,base,mediators3,sparse,1000,2,Production,0.48563598096244087
12,15,base,mediators3,sparse,1000,3,Consumption,0.28350459414146256
12,15,base,mediators3,sparse,1000,3,Production,0.4970376916631413
12,15,base,mediators4,sparse,1000,1,Consumption,0.21860594229287947
12,15,base,mediators4,sparse,1000,1,Production,0.4436865010217355
12,15,base,mediators4,sparse,1000,2,Consumption,0.2467342460550341
12,15,base,mediators4,sparse,1000,2,Production,0.41661783058485097
12,15,base,mediators4,sparse,1000,3,Consumption,0.24508437749436676
12,15,base,mediators4,sparse,1000,3,Production,0.39515377390326695
12,15,base,mediators5,sparse,1000,1,Consumption,0.4060909171534534
12,15,base,mediators5,sparse,1000,1,Production,0.48156755169906695
12,15,base,mediators5,sparse,1000,2,Consumption,0.39639672418759836
12,15,base,mediators5,sparse,1000,2,Production,0.48613336420728875
12,15,base,mediators5,sparse,1000,3,Consumption,0.33874885460114
12,15,base,mediators5,sparse,1000,3,Production,0.48221493019484996
12,15,base,mediators6,sparse,1000,1,Consumption,0.3329255995746863
12,15,base,mediators6,sparse,1000,1,Production,0.495145381890493
12,15,base,mediators6,sparse,1000,3,Consumption,0.33480974089365695
12,15,base,mediators6,sparse,1000,3,Production,0.4970690177738761
12,15,base,mediators7,sparse,1000,1,Consumption,0.2989497712114977
12,15,base,mediators7,sparse,1000,1,Production,0.5077668943398825
12,15,base,mediators7,sparse,1000,2,Consumption,0.2893125697464865
12,15,base,mediators7,sparse,1000,2,Production,0.4898647872186848
12,15,base,mediators7,sparse,1000,3,Consumption,0.3323601331628507
12,15,base,mediators7,sparse,1000,3,Production,0.5038965869618717
12,15,base,mediators1,sparse,100,1,Consumption,0.15922642036988735
12,15,base,mediators1,sparse,100,1,Production,0.4459484517274665
12,15,base,mediators1,sparse,100,2,Consumption,0.1694214264185983
12,15,base,mediators1,sparse,100,2,Production,0.48346181178903597
12,15,base,mediators1,sparse,100,3,Consumption,0.1668324465230515
12,15,base,mediators1,sparse,100,3,Production,0.5715794629917267
12,15,base,mediators1,sparse,100,4,Consumption,0.18032639786004734
12,15,base,mediators1,sparse,100,4,Production,0.46658201094470103
12,15,base,mediators1,sparse,100,5,Consumption,0.17249131250508587
12,15,base,mediators1,sparse,100,5,Production,0.6389489939255447
12,15,base,mediators2,sparse,100,1,Consumption,0.33999132243577646
12,15,base,mediators2,sparse,100,1,Production,0.6391553861960204
12,15,base,mediators2,sparse,100,2,Consumption,0.26635775836196834
12,15,base,mediators2,sparse,100,2,Production,0.6612384965797293
12,15,base,mediators2,sparse,100,3,Consumption,0.29074466695647433
12,15,base,mediators2,sparse,100,3,Production,0.661193001954831
12,15,base,mediators2,sparse,100,4,Consumption,0.2823064240160214
12,15,base,mediators2,sparse,100,4,Production,0.5822345298250617
12,15,base,mediators2,sparse,100,5,Consumption,0.3730766889683811
12,15,base,mediators2,sparse,100,5,Production,0.5046106184051745
12,15,base,mediators3,sparse,100,1,Consumption,0.24867303457097487
12,15,base,mediators3,sparse,100,1,Production,0.493943483251384
12,15,base,mediators3,sparse,100,2,Consumption,0.2851927217286919
12,15,base,mediators3,sparse,100,2,Production,0.5234146586921911
12,15,base,mediators3,sparse,100,3,Consumption,0.2770139022051187
12,15,base,mediators3,sparse,100,3,Production,0.5403925700823888
12,15,base,mediators3,sparse,100,4,Consumption,0.28489596456843563
12,15,base,mediators3,sparse,100,4,Production,0.520355429971379
12,15,base,mediators3,sparse,100,5,Consumption,0.3020989716654264
12,15,base,mediators3,sparse,100,5,Production,0.5678860047062716
12,15,base,mediators4,sparse,100,1,Consumption,0.29308931632088037
12,15,base,mediators4,sparse,100,1,Production,0.4022508560363664
12,15,base,mediators4,sparse,100,2,Consumption,0.29783291456782024
12,15,base,mediators4,sparse,100,2,Production,0.4188302055736453
12,15,base,mediators4,sparse,100,3,Consumption,0.27315944141916276
12,15,base,mediators4,sparse,100,3,Production,0.4531069323902124
12,15,base,mediators4,sparse,100,4,Consumption,0.2676518274803538
12,15,base,mediators4,sparse,100,4,Production,0.43626430347627465
12,15,base,mediators4,sparse,100,5,Consumption,0.2921825231444916
12,15,base,mediators4,sparse,100,5,Production,0.47315258671649724
12,15,base,mediators5,sparse,100,1,Consumption,0.3362782693747573
12,15,base,mediators5,sparse,100,1,Production,0.4999985608554998
12,15,base,mediators5,sparse,100,2,Consumption,0.3258404911276026
12,15,base,mediators5,sparse,100,2,Production,0.5263141826174532
12,15,base,mediators5,sparse,100,3,Consumption,0.31640838767487056
12,15,base,mediators5,sparse,100,3,Production,0.5065058215380003
12,15,base,mediators5,sparse,100,4,Consumption,0.31167532851672136
12,15,base,mediators5,sparse,100,4,Production,0.5468220273436794
12,15,base,mediators5,sparse,100,5,Consumption,0.3242917214255294
12,15,base,mediators5,sparse,100,5,Production,0.5473650015092447
12,15,base,mediators6,sparse,100,1,Consumption,0.3447822431961649
12,15,base,mediators6,sparse,100,1,Production,0.5260241676426161
12,15,base,mediators6,sparse,100,2,Consumption,0.3384417975382996
12,15,base,mediators6,sparse,100,2,Production,0.5141833749061443
12,15,base,mediators6,sparse,100,3,Consumption,0.32966216492466766
12,15,base,mediators6,sparse,100,3,Production,0.503757797431581
12,15,base,mediators6,sparse,100,4,Consumption,0.33996195375830074
12,15,base,mediators6,sparse,100,4,Production,0.5168433590824497
12,15,base,mediators6,sparse,100,5,Consumption,0.35756408671323514
12,15,base,mediators6,sparse,100,5,Production,0.5398703665288327
12,15,base,mediators7,sparse,100,1,Consumption,0.3497877292059496
12,15,base,mediators7,sparse,100,1,Production,0.5441715821281671
12,15,base,mediators7,sparse,100,2,Consumption,0.34984193536242114
12,15,base,mediators7,sparse,100,2,Production,0.5242100528738214
12,15,base,mediators7,sparse,100,3,Consumption,0.35273955344265023
12,15,base,mediators7,sparse,100,3,Production,0.5269888400044046
12,15,base,mediators7,sparse,100,4,Consumption,0.3803732255678477
12,15,base,mediators7,sparse,100,4,Production,0.5419996880035193
12,15,base,mediators7,sparse,100,5,Consumption,0.37805169065694993
12,15,base,mediators7,sparse,100,5,Production,0.5317728358910985
12,15,base,mediators1,sparse,200,1,Consumption,0.1670604521462419
12,15,base,mediators1,sparse,200,1,Production,0.5064465112092923
12,15,base,mediators1,sparse,200,2,Consumption,0.1573537673880875
12,15,base,mediators1,sparse,200,2,Production,0.5118699177477218
12,15,base,mediators1,sparse,200,3,Consumption,0.149491016571764
12,15,base,mediators1,sparse,200,3,Production,0.5208873994234332
12,15,base,mediators1,sparse,200,4,Consumption,0.1568862365677818
12,15,base,mediators1,sparse,200,4,Production,0.4692128937892059
12,15,base,mediators1,sparse,200,5,Consumption,0.15951266833933034
12,15,base,mediators1,sparse,200,5,Production,0.5768921768525859
12,15,base,mediators2,sparse,200,1,Consumption,0.15093158859178837
12,15,base,mediators2,sparse,200,1,Production,0.5017674049588918
12,15,base,mediators2,sparse,200,2,Consumption,0.1881323957345849
12,15,base,mediators2,sparse,200,2,Production,0.4815119920158417
12,15,base,mediators2,sparse,200,3,Consumption,0.15068516719419892
12,15,base,mediators2,sparse,200,3,Production,0.5012763128428299
12,15,base,mediators2,sparse,200,4,Consumption,0.1914115579414782
12,15,base,mediators2,sparse,200,4,Production,0.5728115392223656
12,15,base,mediators2,sparse,200,5,Consumption,0.24336174087760196
12,15,base,mediators2,sparse,200,5,Production,0.50530364832394
12,15,base,mediators3,sparse,200,1,Consumption,0.2947031932446318
12,15,base,mediators3,sparse,200,1,Production,0.4934219784573016
12,15,base,mediators3,sparse,200,2,Consumption,0.2872789827878867
12,15,base,mediators3,sparse,200,2,Production,0.514205603337757
12,15,base,mediators3,sparse,200,3,Consumption,0.3061019131843373
12,15,base,mediators3,sparse,200,3,Production,0.49294571693326356
12,15,base,mediators3,sparse,200,4,Consumption,0.2955437747640803
12,15,base,mediators3,sparse,200,4,Production,0.5032927478897142
12,15,base,mediators3,sparse,200,5,Consumption,0.29482424264141893
12,15,base,mediators3,sparse,200,5,Production,0.4905934799837366
12,15,base,mediators4,sparse,200,1,Consumption,0.306082434968
12,15,base,mediators4,sparse,200,1,Production,0.41334355811812856
12,15,base,mediators4,sparse,200,2,Consumption,0.2523068611663571
12,15,base,mediators4,sparse,200,2,Production,0.46471207029434625
12,15,base,mediators4,sparse,200,3,Consumption,0.2903653176791472
12,15,base,mediators4,sparse,200,3,Production,0.43997329208685215
12,15,base,mediators4,sparse,200,4,Consumption,0.2574055854241669
12,15,base,mediators4,sparse,200,4,Production,0.39852202066339676
12,15,base,mediators4,sparse,200,5,Consumption,0.28517756506189074
12,15,base,mediators4,sparse,200,5,Production,0.457037790596398
12,15,base,mediators5,sparse,200,1,Consumption,0.3337338834494952
12,15,base,mediators5,sparse,200,1,Production,0.5184368864962794
12,15,base,mediators5,sparse,200,2,Consumption,0.3279080312435284
12,15,base,mediators5,sparse,200,2,Production,0.5083056306574185
12,15,base,mediators5,sparse,200,3,Consumption,0.322170267764974
12,15,base,mediators5,sparse,200,3,Production,0.4977771124264585
12,15,base,mediators5,sparse,200,4,Consumption,0.32013316497155414
12,15,base,mediators5,sparse,200,4,Production,0.49201382704781876
12,15,base,mediators5,sparse,200,5,Consumption,0.33530871486670843
12,15,base,mediators5,sparse,200,5,Production,0.4996778739889109
12,15,base,mediators6,sparse,200,1,Consumption,0.3375357958438638
12,15,base,mediators6,sparse,200,1,Production,0.5108855897587649
12,15,base,mediators6,sparse,200,2,Consumption,0.3358789308980295
12,15,base,mediators6,sparse,200,2,Production,0.5086264283684832
12,15,base,mediators6,sparse,200,3,Consumption,0.35899140167483334
12,15,base,mediators6,sparse,200,3,Production,0.508061815960313
12,15,base,mediators6,sparse,200,4,Consumption,0.3308665567940511
12,15,base,mediators6,sparse,200,4,Production,0.506772372219106
12,15,base,mediators6,sparse,200,5,Consumption,0.3506720299518177
12,15,base,mediators6,sparse,200,5,Production,0.5038191234056777
12,15,base,mediators7,sparse,200,1,Consumption,0.3496106634235419
12,15,base,mediators7,sparse,200,1,Production,0.5288987937088206
12,15,base,mediators7,sparse,200,2,Consumption,0.3475739029192861
12,15,base,mediators7,sparse,200,2,Production,0.4991693991523902
12,15,base,mediators7,sparse,200,3,Consumption,0.3425441807011175
12,15,base,mediators7,sparse,200,3,Production,0.5158014193961387
12,15,base,mediators7,sparse,200,4,Consumption,0.3538292459465895
12,15,base,mediators7,sparse,200,4,Production,0.5304172167203749
12,15,base,mediators7,sparse,200,5,Consumption,0.35508521382256103
12,15,base,mediators7,sparse,200,5,Production,0.51216136731396
12,15,base,mediators1,sparse,300,1,Consumption,0.16777344970725439
12,15,base,mediators1,sparse,300,1,Production,0.5056364073510137
12,15,base,mediators1,sparse,300,2,Consumption,0.16455912376810258
12,15,base,mediators1,sparse,300,2,Production,0.5751108573162532
12,15,base,mediators1,sparse,300,3,Consumption,0.15051712721091742
12,15,base,mediators1,sparse,300,3,Production,0.5590696491278412
12,15,base,mediators1,sparse,300,4,Consumption,0.1600862436604272
12,15,base,mediators1,sparse,300,4,Production,0.43103739455292517
12,15,base,mediators1,sparse,300,5,Consumption,0.16340841791266572
12,15,base,mediators1,sparse,300,5,Production,0.3968626398513279
12,15,base,mediators2,sparse,300,1,Consumption,0.19061225348167776
12,15,base,mediators2,sparse,300,1,Production,0.4136063571199795
12,15,base,mediators2,sparse,300,2,Consumption,0.13304560638392396
12,15,base,mediators2,sparse,300,2,Production,0.479307247236714
12,15,base,mediators2,sparse,300,3,Consumption,0.07747030428486237
12,15,base,mediators2,sparse,300,3,Production,0.4879770087609063
12,15,base,mediators2,sparse,300,4,Consumption,0.20570399137885179
12,15,base,mediators2,sparse,300,4,Production,0.5102039996768543
12,15,base,mediators2,sparse,300,5,Consumption,0.14231907729380902
12,15,base,mediators2,sparse,300,5,Production,0.467146751542546
12,15,base,mediators3,sparse,300,1,Consumption,0.2907699515305112
12,15,base,mediators3,sparse,300,1,Production,0.4849544127206878
12,15,base,mediators3,sparse,300,2,Consumption,0.29229163636011796
12,15,base,mediators3,sparse,300,2,Production,0.5729202693995503
12,15,base,mediators3,sparse,300,3,Consumption,0.2902468298911742
12,15,base,mediators3,sparse,300,3,Production,0.499262699872132
12,15,base,mediators3,sparse,300,4,Consumption,0.2881093517313272
12,15,base,mediators3,sparse,300,4,Production,0.4803234058066413
12,15,base,mediators3,sparse,300,5,Consumption,0.29237184120327847
12,15,base,mediators3,sparse,300,5,Production,0.5060866222893107
12,15,base,mediators4,sparse,300,1,Consumption,0.31686618809593803
12,15,base,mediators4,sparse,300,1,Production,0.4046944989347752
12,15,base,mediators4,sparse,300,2,Consumption,0.2790551290160696
12,15,base,mediators4,sparse,300,2,Production,0.48700691326494777
12,15,base,mediators4,sparse,300,3,Consumption,0.32232931358661476
12,15,base,mediators4,sparse,300,3,Production,0.42784665091994584
12,15,base,mediators4,sparse,300,4,Consumption,0.28158357517865906
12,15,base,mediators4,sparse,300,4,Production,0.417282609573484
12,15,base,mediators4,sparse,300,5,Consumption,0.28719810338748597
12,15,base,mediators4,sparse,300,5,Production,0.4210885011879097
12,15,base,mediators5,sparse,300,1,Consumption,0.34085071861665606
12,15,base,mediators5,sparse,300,1,Production,0.4925909323166956
12,15,base,mediators5,sparse,300,2,Consumption,0.322122363780378
12,15,base,mediators5,sparse,300,2,Production,0.4963534982131303
12,15,base,mediators5,sparse,300,3,Consumption,0.3360291145285274
12,15,base,mediators5,sparse,300,3,Production,0.49050739496785084
12,15,base,mediators5,sparse,300,4,Consumption,0.3248425495488248
12,15,base,mediators5,sparse,300,4,Production,0.5248036764564035
12,15,base,mediators5,sparse,300,5,Consumption,0.34793551309930715
12,15,base,mediators5,sparse,300,5,Production,0.5088507887885703
12,15,base,mediators6,sparse,300,1,Consumption,0.3360578519867505
12,15,base,mediators6,sparse,300,1,Production,0.5165621159822384
12,15,base,mediators6,sparse,300,2,Consumption,0.32940507595955204
12,15,base,mediators6,sparse,300,2,Production,0.49653940729754076
12,15,base,mediators6,sparse,300,3,Consumption,0.35250417733547856
12,15,base,mediators6,sparse,300,3,Production,0.5119688324535082
12,15,base,mediators6,sparse,300,4,Consumption,0.3369029510104415
12,15,base,mediators6,sparse,300,4,Production,0.48958437688538436
12,15,base,mediators6,sparse,300,5,Consumption,0.3396637230619942
12,15,base,mediators6,sparse,300,5,Production,0.5025921075676821
12,15,base,mediators7,sparse,300,1,Consumption,0.34755455172675
12,15,base,mediators7,sparse,300,1,Production,0.5147262102306317
12,15,base,mediators7,sparse,300,2,Consumption,0.35599947932454246
12,15,base,mediators7,sparse,300,2,Production,0.5101037921193522
12,15,base,mediators7,sparse,300,3,Consumption,0.3600517514037182
12,15,base,mediators7,sparse,300,3,Production,0.5062439917156044
12,15,base,mediators7,sparse,300,4,Consumption,0.34728783794779877
12,15,base,mediators7,sparse,300,4,Production,0.5269682782705293
12,15,base,mediators7,sparse,300,5,Consumption,0.33630291707382653
12,15,base,mediators7,sparse,300,5,Production,0.5103207042621666
12,15,base,mediators1,sparse,500,1,Consumption,0.1453866006873187
12,15,base,mediators1,sparse,500,1,Production,0.4593504386971173
12,15,base,mediators1,sparse,500,2,Consumption,0.17022364215393676
12,15,base,mediators1,sparse,500,2,Production,0.5150216311115563
12,15,base,mediators1,sparse,500,3,Consumption,0.1590090708523318
12,15,base,mediators1,sparse,500,3,Production,0.5917286344150937
12,15,base,mediators1,sparse,500,4,Consumption,0.1487617488338702
12,15,base,mediators1,sparse,500,4,Production,0.3848024862500782
12,15,base,mediators1,sparse,500,5,Consumption,0.14930874702433009
12,15,base,mediators1,sparse,500,5,Production,0.4707490386459352
12,15,base,mediators2,sparse,500,1,Consumption,0.13664046960360587
12,15,base,mediators2,sparse,500,1,Production,0.4504486355251379
12,15,base,mediators2,sparse,500,2,Consumption,0.12686641293797996
12,15,base,mediators2,sparse,500,2,Production,0.5046359060228587
12,15,base,mediators2,sparse,500,3,Consumption,0.06638513529445755
12,15,base,mediators2,sparse,500,3,Production,0.4879247563277634
12,15,base,mediators2,sparse,500,4,Consumption,0.1266276850769529
12,15,base,mediators2,sparse,500,4,Production,0.4667978124728508
12,15,base,mediators2,sparse,500,5,Consumption,0.12437327812987825
12,15,base,mediators2,sparse,500,5,Production,0.39657410289884476
12,15,base,mediators3,sparse,500,1,Consumption,0.2960223446782914
12,15,base,mediators3,sparse,500,1,Production,0.5197435723137376
12,15,base,mediators3,sparse,500,2,Consumption,0.29678880991404866
12,15,base,mediators3,sparse,500,2,Production,0.5021678376081539
12,15,base,mediators3,sparse,500,3,Consumption,0.3151748022353575
12,15,base,mediators3,sparse,500,3,Production,0.5192130026161796
12,15,base,mediators3,sparse,500,4,Consumption,0.312946625011189
12,15,base,mediators3,sparse,500,4,Production,0.46320858473171095
12,15,base,mediators3,sparse,500,5,Consumption,0.2873752577865059
12,15,base,mediators3,sparse,500,5,Production,0.5441660533033457
12,15,base,mediators4,sparse,500,1,Consumption,0.2950329411430714
12,15,base,mediators4,sparse,500,1,Production,0.3862959112918347
12,15,base,mediators4,sparse,500,2,Consumption,0.3049837453315282
12,15,base,mediators4,sparse,500,2,Production,0.4236589296434631
12,15,base,mediators4,sparse,500,3,Consumption,0.2878795146102951
12,15,base,mediators4,sparse,500,3,Production,0.4326352320921073
12,15,base,mediators4,sparse,500,4,Consumption,0.27967578066288407
12,15,base,mediators4,sparse,500,4,Production,0.37852167062455094
12,15,base,mediators4,sparse,500,5,Consumption,0.30729630681699444
12,15,base,mediators4,sparse,500,5,Production,0.3756022677023444
12,15,base,mediators5,sparse,500,1,Consumption,0.3701738516728873
12,15,base,mediators5,sparse,500,1,Production,0.5028974641583244
12,15,base,mediators5,sparse,500,2,Consumption,0.3429736329696999
12,15,base,mediators5,sparse,500,2,Production,0.46709395747010235
12,15,base,mediators5,sparse,500,3,Consumption,0.33365557165099324
12,15,base,mediators5,sparse,500,3,Production,0.486717409337016
12,15,base,mediators5,sparse,500,4,Consumption,0.3475512360655582
12,15,base,mediators5,sparse,500,4,Production,0.483788095769724
12,15,base,mediators5,sparse,500,5,Consumption,0.3560446746472627
12,15,base,mediators5,sparse,500,5,Production,0.517886909573301
12,15,base,mediators6,sparse,500,1,Consumption,0.3285913469643874
12,15,base,mediators6,sparse,500,1,Production,0.513827654740718
12,15,base,mediators6,sparse,500,2,Consumption,0.33080418169746023
12,15,base,mediators6,sparse,500,2,Production,0.4900996368303619
12,15,base,mediators6,sparse,500,3,Consumption,0.3287564170772236
12,15,base,mediators6,sparse,500,3,Production,0.5083276025982044
12,15,base,mediators6,sparse,500,4,Consumption,0.34079671773081327
12,15,base,mediators6,sparse,500,4,Production,0.49219017246738583
12,15,base,mediators6,sparse,500,5,Consumption,0.3507957642309688
12,15,base,mediators6,sparse,500,5,Production,0.5067804535451423
12,15,base,mediators7,sparse,500,2,Consumption,0.3217044155055696
12,15,base,mediators7,sparse,500,2,Production,0.492984777375061
12,15,base,mediators7,sparse,500,3,Consumption,0.32169153046008775
12,15,base,mediators7,sparse,500,3,Production,0.5001063736588903
12,15,base,mediators7,sparse,500,4,Consumption,0.3274178145573164
12,15,base,mediators7,sparse,500,4,Production,0.5207595605018286
12,15,base,mediators7,sparse,500,5,Consumption,0.3290056048032462
12,15,base,mediators7,sparse,500,5,Production,0.5299834211162099
12,15,intricate,mediators1,baseline,1000,1,Consumption,0.1458652872628619
12,15,intricate,mediators1,baseline,1000,1,Production,0.4324550510496947
12,15,intricate,mediators1,baseline,1000,2,Consumption,0.1263037577520201
12,15,intricate,mediators1,baseline,1000,2,Production,0.37348178107151775
12,15,intricate,mediators1,baseline,1000,3,Consumption,0.14120368412108136
12,15,intricate,mediators1,baseline,1000,3,Production,0.42522990405677785
12,15,intricate,mediators2,baseline,1000,1,Consumption,0.8231251181413597
12,15,intricate,mediators2,baseline,1000,1,Production,0.5636247494824489
12,15,intricate,mediators2,baseline,1000,2,Consumption,0.8271336335391677
12,15,intricate,mediators2,baseline,1000,2,Production,0.5425083546221325
12,15,intricate,mediators2,baseline,1000,3,Consumption,0.6258225052474558
12,15,intricate,mediators2,baseline,1000,3,Production,0.5451959191200106
12,15,intricate,mediators3,baseline,1000,1,Consumption,0.2194718908338327
12,15,intricate,mediators3,baseline,1000,1,Production,0.4576191981433144
12,15,intricate,mediators3,baseline,1000,2,Consumption,0.23765923442594564
12,15,intricate,mediators3,baseline,1000,2,Production,0.45699946430950456
12,15,intricate,mediators3,baseline,1000,3,Consumption,0.22608779427115
12,15,intricate,mediators3,baseline,1000,3,Production,0.45366932103683044
12,15,intricate,mediators4,baseline,1000,1,Consumption,0.2650023836805481
12,15,intricate,mediators4,baseline,1000,1,Production,0.29762719383728364
12,15,intricate,mediators4,baseline,1000,2,Consumption,0.26658536435839175
12,15,intricate,mediators4,baseline,1000,2,Production,0.3076169222164387
12,15,intricate,mediators4,baseline,1000,3,Consumption,0.2696752169541059
12,15,intricate,mediators4,baseline,1000,3,Production,0.298908968085558
12,15,intricate,mediators5,baseline,1000,1,Consumption,0.40750568417705696
12,15,intricate,mediators5,baseline,1000,1,Production,0.5373617899352545
12,15,intricate,mediators5,baseline,1000,2,Consumption,0.37263318263882184
12,15,intricate,mediators5,baseline,1000,2,Production,0.5705229849829675
12,15,intricate,mediators5,baseline,1000,3,Consumption,0.4234241049727655
12,15,intricate,mediators5,baseline,1000,3,Production,0.5508241091971147
12,15,intricate,mediators6,baseline,1000,1,Consumption,0.45768929299934474
12,15,intricate,mediators6,baseline,1000,1,Production,0.5063954486150404
12,15,intricate,mediators6,baseline,1000,2,Consumption,0.4408815705906341
12,15,intricate,mediators6,baseline,1000,2,Production,0.5464007862856325
12,15,intricate,mediators7,baseline,1000,1,Consumption,0.4754826780492324
12,15,intricate,mediators7,baseline,1000,1,Production,0.526059817953595
12,15,intricate,mediators1,baseline,100,1,Consumption,0.13031560442494983
12,15,intricate,mediators1,baseline,100,1,Production,0.4490979072057933
12,15,intricate,mediators1,baseline,100,2,Consumption,0.1460213434465154
12,15,intricate,mediators1,baseline,100,2,Production,0.41419479121322145
12,15,intricate,mediators1,baseline,100,3,Consumption,0.15771568692301022
12,15,intricate,mediators1,baseline,100,3,Production,0.4356659681889301
12,15,intricate,mediators1,baseline,100,4,Consumption,0.14836138885176442
12,15,intricate,mediators1,baseline,100,4,Production,0.4279839252260703
12,15,intricate,mediators1,baseline,100,5,Consumption,0.1481934402094497
12,15,intricate,mediators1,baseline,100,5,Production,0.42432402115081674
12,15,intricate,mediators2,baseline,100,1,Consumption,0.7176397995077404
12,15,intricate,mediators2,baseline,100,1,Production,0.5556157117629698
12,15,intricate,mediators2,baseline,100,2,Consumption,0.710594992341411
12,15,intricate,mediators2,baseline,100,2,Production,0.5726936377038437
12,15,intricate,mediators2,baseline,100,3,Consumption,0.6330700750717642
12,15,intricate,mediators2,baseline,100,3,Production,0.5316727867299963
12,15,intricate,mediators2,baseline,100,4,Consumption,0.7613739567865145
12,15,intricate,mediators2,baseline,100,4,Production,0.5124863315172079
12,15,intricate,mediators2,baseline,100,5,Consumption,0.803560953756322
12,15,intricate,mediators2,baseline,100,5,Production,0.5198083746974148
12,15,intricate,mediators3,baseline,100,1,Consumption,0.2450501767941863
12,15,intricate,mediators3,baseline,100,1,Production,0.4479356619290741
12,15,intricate,mediators3,baseline,100,2,Consumption,0.2805157908144549
12,15,intricate,mediators3,baseline,100,2,Production,0.4839496705730307
12,15,intricate,mediators3,baseline,100,3,Consumption,0.24277896032127555
12,15,intricate,mediators3,baseline,100,3,Production,0.4656969791352814
12,15,intricate,mediators3,baseline,100,4,Consumption,0.24030771415314311
12,15,intricate,mediators3,baseline,100,4,Production,0.4734831839903439
12,15,intricate,mediators3,baseline,100,5,Consumption,0.2407517717869284
12,15,intricate,mediators3,baseline,100,5,Production,0.44219495580735146
12,15,intricate,mediators4,baseline,100,1,Consumption,0.2355592216300279
12,15,intricate,mediators4,baseline,100,1,Production,0.3123203250986559
12,15,intricate,mediators4,baseline,100,2,Consumption,0.22554259978857724
12,15,intricate,mediators4,baseline,100,2,Production,0.30180076366793984
12,15,intricate,mediators4,baseline,100,3,Consumption,0.24832383650191628
12,15,intricate,mediators4,baseline,100,3,Production,0.3004779566626909
12,15,intricate,mediators4,baseline,100,4,Consumption,0.24283509033816295
12,15,intricate,mediators4,baseline,100,4,Production,0.3115968481143128
12,15,intricate,mediators4,baseline,100,5,Consumption,0.25277328829976936
12,15,intricate,mediators4,baseline,100,5,Production,0.30164273369699585
12,15,intricate,mediators5,baseline,100,1,Consumption,0.3842696488590259
12,15,intricate,mediators5,baseline,100,1,Production,0.5217103285184838
12,15,intricate,mediators5,baseline,100,2,Consumption,0.388074678493882
12,15,intricate,mediators5,baseline,100,2,Production,0.5247406467496653
12,15,intricate,mediators5,baseline,100,3,Consumption,0.38936695663270215
12,15,intricate,mediators5,baseline,100,3,Production,0.5018834871695047
12,15,intricate,mediators5,baseline,100,4,Consumption,0.4096222195037687
12,15,intricate,mediators5,baseline,100,4,Production,0.5155922168192755
12,15,intricate,mediators5,baseline,100,5,Consumption,0.3571909929292721
12,15,intricate,mediators5,baseline,100,5,Production,0.48105833673820003
12,15,intricate,mediators6,baseline,100,1,Consumption,0.4856630336177383
12,15,intricate,mediators6,baseline,100,1,Production,0.519340354563228
12,15,intricate,mediators6,baseline,100,2,Consumption,0.46948940202421396
12,15,intricate,mediators6,baseline,100,2,Production,0.5072621096145409
12,15,intricate,mediators6,baseline,100,3,Consumption,0.49580629567853535
12,15,intricate,mediators6,baseline,100,3,Production,0.5112527872655382
12,15,intricate,mediators6,baseline,100,4,Consumption,0.4700274788774257
12,15,intricate,mediators6,baseline,100,4,Production,0.4859872496828026
12,15,intricate,mediators6,baseline,100,5,Consumption,0.45600105292333476
12,15,intricate,mediators6,baseline,100,5,Production,0.4977278911766682
12,15,intricate,mediators7,baseline,100,1,Consumption,0.4902037513368545
12,15,intricate,mediators7,baseline,100,1,Production,0.5110703204398065
12,15,intricate,mediators7,baseline,100,2,Consumption,0.47963001956397894
12,15,intricate,mediators7,baseline,100,2,Production,0.5221873167645323
12,15,intricate,mediators7,baseline,100,3,Consumption,0.4774994620910812
12,15,intricate,mediators7,baseline,100,3,Production,0.5038469021630568
12,15,intricate,mediators7,baseline,100,4,Consumption,0.49244980618845613
12,15,intricate,mediators7,baseline,100,4,Production,0.5056688024067715
12,15,intricate,mediators7,baseline,100,5,Consumption,0.4658021345101155
12,15,intricate,mediators7,baseline,100,5,Production,0.5106283872104158
12,15,intricate,mediators1,baseline,200,1,Consumption,0.1406777612360059
12,15,intricate,mediators1,baseline,200,1,Production,0.490190461438211
12,15,intricate,mediators1,baseline,200,2,Consumption,0.15484756421191345
12,15,intricate,mediators1,baseline,200,2,Production,0.4844806188397768
12,15,intricate,mediators1,baseline,200,3,Consumption,0.1659202619843295
12,15,intricate,mediators1,baseline,200,3,Production,0.44371737274078393
12,15,intricate,mediators1,baseline,200,4,Consumption,0.1526581783570335
12,15,intricate,mediators1,baseline,200,4,Production,0.41336840672369224
12,15,intricate,mediators1,baseline,200,5,Consumption,0.1563732966021582
12,15,intricate,mediators1,baseline,200,5,Production,0.38203046818260733
12,15,intricate,mediators2,baseline,200,1,Consumption,0.825009693400691
12,15,intricate,mediators2,baseline,200,1,Production,0.5512962791468174
12,15,intricate,mediators2,baseline,200,2,Consumption,0.8241151692225257
12,15,intricate,mediators2,baseline,200,2,Production,0.5557222810387262
12,15,intricate,mediators2,baseline,200,3,Consumption,0.8249030205323448
12,15,intricate,mediators2,baseline,200,3,Production,0.5469159520821719
12,15,intricate,mediators2,baseline,200,4,Consumption,0.8255726088410442
12,15,intricate,mediators2,baseline,200,4,Production,0.5510106453125163
12,15,intricate,mediators2,baseline,200,5,Consumption,0.8243232514334035
12,15,intricate,mediators2,baseline,200,5,Production,0.5321278683556365
12,15,intricate,mediators3,baseline,200,1,Consumption,0.19373184260455104
12,15,intricate,mediators3,baseline,200,1,Production,0.4440546676325567
12,15,intricate,mediators3,baseline,200,2,Consumption,0.2415702214360755
12,15,intricate,mediators3,baseline,200,2,Production,0.45539373808739847
12,15,intricate,mediators3,baseline,200,3,Consumption,0.21997762750485622
12,15,intricate,mediators3,baseline,200,3,Production,0.4500973308927623
12,15,intricate,mediators3,baseline,200,4,Consumption,0.22761150256418375
12,15,intricate,mediators3,baseline,200,4,Production,0.46047677246713636
12,15,intricate,mediators3,baseline,200,5,Consumption,0.22826171987808636
12,15,intricate,mediators3,baseline,200,5,Production,0.442961220966774
12,15,intricate,mediators4,baseline,200,1,Consumption,0.27289702139653843
12,15,intricate,mediators4,baseline,200,1,Production,0.3215096698783021
12,15,intricate,mediators4,baseline,200,2,Consumption,0.2504826032365712
12,15,intricate,mediators4,baseline,200,2,Production,0.309839684555464
12,15,intricate,mediators4,baseline,200,3,Consumption,0.2737186488963979
12,15,intricate,mediators4,baseline,200,3,Production,0.29367517923842157
12,15,intricate,mediators4,baseline,200,4,Consumption,0.273625896349307
12,15,intricate,mediators4,baseline,200,4,Production,0.311475828538976
12,15,intricate,mediators4,baseline,200,5,Consumption,0.2786199236813094
12,15,intricate,mediators4,baseline,200,5,Production,0.31378358196981293
12,15,intricate,mediators5,baseline,200,1,Consumption,0.37852971283618203
12,15,intricate,mediators5,baseline,200,1,Production,0.5286973207431777
12,15,intricate,mediators5,baseline,200,2,Consumption,0.35648025568814984
12,15,intricate,mediators5,baseline,200,2,Production,0.5339007971206567
12,15,intricate,mediators5,baseline,200,3,Consumption,0.44501127782033356
12,15,intricate,mediators5,baseline,200,3,Production,0.5696018307320778
12,15,intricate,mediators5,baseline,200,4,Consumption,0.33393462563298987
12,15,intricate,mediators5,baseline,200,4,Production,0.5277801936325865
12,15,intricate,mediators5,baseline,200,5,Consumption,0.3310568767115093
12,15,intricate,mediators5,baseline,200,5,Production,0.5312643020095278
12,15,intricate,mediators6,baseline,200,1,Consumption,0.45174183032245313
12,15,intricate,mediators6,baseline,200,1,Production,0.5024349079238252
12,15,intricate,mediators6,baseline,200,2,Consumption,0.4633612541655236
12,15,intricate,mediators6,baseline,200,2,Production,0.5414314757738695
12,15,intricate,mediators6,baseline,200,3,Consumption,0.4714445744366305
12,15,intricate,mediators6,baseline,200,3,Production,0.5457016856600786
12,15,intricate,mediators6,baseline,200,4,Consumption,0.43816348001181443
12,15,intricate,mediators6,baseline,200,4,Production,0.5187515079904046
12,15,intricate,mediators6,baseline,200,5,Consumption,0.4533547979914852
12,15,intricate,mediators6,baseline,200,5,Production,0.5062477571761691
12,15,intricate,mediators7,baseline,200,1,Consumption,0.4541609392012453
12,15,intricate,mediators7,baseline,200,1,Production,0.5057015831073878
12,15,intricate,mediators7,baseline,200,2,Consumption,0.4415388349470006
12,15,intricate,mediators7,baseline,200,2,Production,0.5243399567525912
12,15,intricate,mediators7,baseline,200,3,Consumption,0.4468699243998209
12,15,intricate,mediators7,baseline,200,3,Production,0.5145902777686591
12,15,intricate,mediators7,baseline,200,4,Consumption,0.4582265256976993
12,15,intricate,mediators7,baseline,200,4,Production,0.5272845577958725
12,15,intricate,mediators7,baseline,200,5,Consumption,0.4555269870492724
12,15,intricate,mediators7,baseline,200,5,Production,0.5231023664730513
12,15,intricate,mediators1,baseline,300,1,Consumption,0.14959266705295365
12,15,intricate,mediators1,baseline,300,1,Production,0.49018904485272274
12,15,intricate,mediators1,baseline,300,2,Consumption,0.14676470110342793
12,15,intricate,mediators1,baseline,300,2,Production,0.5122726855419049
12,15,intricate,mediators1,baseline,300,3,Consumption,0.16366441884425273
12,15,intricate,mediators1,baseline,300,3,Production,0.394628068625905
12,15,intricate,mediators1,baseline,300,4,Consumption,0.1391239646919203
12,15,intricate,mediators1,baseline,300,4,Production,0.41907411908089826
12,15,intricate,mediators1,baseline,300,5,Consumption,0.15733638605404213
12,15,intricate,mediators1,baseline,300,5,Production,0.46820976076628656
12,15,intricate,mediators2,baseline,300,1,Consumption,0.8244770322637764
12,15,intricate,mediators2,baseline,300,1,Production,0.5191158849229696
12,15,intricate,mediators2,baseline,300,2,Consumption,0.8237643809081185
12,15,intricate,mediators2,baseline,300,2,Production,0.5591663727062798
12,15,intricate,mediators2,baseline,300,3,Consumption,0.8284130661619549
12,15,intricate,mediators2,baseline,300,3,Production,0.5477155224402502
12,15,intricate,mediators2,baseline,300,4,Consumption,0.8233073311074113
12,15,intricate,mediators2,baseline,300,4,Production,0.5453194170993111
12,15,intricate,mediators2,baseline,300,5,Consumption,0.8275302764718111
12,15,intricate,mediators2,baseline,300,5,Production,0.5584065152349227
12,15,intricate,mediators3,baseline,300,1,Consumption,0.18213170697037684
12,15,intricate,mediators3,baseline,300,1,Production,0.44391049429651175
12,15,intricate,mediators3,baseline,300,2,Consumption,0.22657973208943996
12,15,intricate,mediators3,baseline,300,2,Production,0.4637793404251863
12,15,intricate,mediators3,baseline,300,3,Consumption,0.2153121129926638
12,15,intricate,mediators3,baseline,300,3,Production,0.4542349172197707
12,15,intricate,mediators3,baseline,300,4,Consumption,0.17000968179046516
12,15,intricate,mediators3,baseline,300,4,Production,0.4557587034661271
12,15,intricate,mediators3,baseline,300,5,Consumption,0.21821369021934375
12,15,intricate,mediators3,baseline,300,5,Production,0.4448546421593864
12,15,intricate,mediators4,baseline,300,1,Consumption,0.26993335538277563
12,15,intricate,mediators4,baseline,300,1,Production,0.3209525065319079
12,15,intricate,mediators4,baseline,300,2,Consumption,0.2715273707413746
12,15,intricate,mediators4,baseline,300,2,Production,0.3140074031170882
12,15,intricate,mediators4,baseline,300,3,Consumption,0.2491442088185354
12,15,intricate,mediators4,baseline,300,3,Production,0.30129142716107904
12,15,intricate,mediators4,baseline,300,4,Consumption,0.2787518028838335
12,15,intricate,mediators4,baseline,300,4,Production,0.3222468129320179
12,15,intricate,mediators4,baseline,300,5,Consumption,0.2690195969745018
12,15,intricate,mediators4,baseline,300,5,Production,0.29959689906853815
12,15,intricate,mediators5,baseline,300,1,Consumption,0.4076870772734825
12,15,intricate,mediators5,baseline,300,1,Production,0.5259583062389818
12,15,intricate,mediators5,baseline,300,2,Consumption,0.33482146750610725
12,15,intricate,mediators5,baseline,300,2,Production,0.5306998763882136
12,15,intricate,mediators5,baseline,300,3,Consumption,0.3743773312030387
12,15,intricate,mediators5,baseline,300,3,Production,0.5435900393131816
12,15,intricate,mediators5,baseline,300,4,Consumption,0.3440912992984997
12,15,intricate,mediators5,baseline,300,4,Production,0.5426250658236453
12,15,intricate,mediators5,baseline,300,5,Consumption,0.3304611627915501
12,15,intricate,mediators5,baseline,300,5,Production,0.5309844922694971
12,15,intricate,mediators6,baseline,300,1,Consumption,0.4404316430592248
12,15,intricate,mediators6,baseline,300,1,Production,0.5474154714538255
12,15,intricate,mediators6,baseline,300,2,Consumption,0.4480664495613173
12,15,intricate,mediators6,baseline,300,2,Production,0.5117777227988326
12,15,intricate,mediators6,baseline,300,3,Consumption,0.466781117623197
12,15,intricate,mediators6,baseline,300,3,Production,0.5387664401239097
12,15,intricate,mediators6,baseline,300,4,Consumption,0.4397384440365524
12,15,intricate,mediators6,baseline,300,4,Production,0.5379468891282275
12,15,intricate,mediators6,baseline,300,5,Consumption,0.42092887841572657
12,15,intricate,mediators6,baseline,300,5,Production,0.5176135959325893
12,15,intricate,mediators7,baseline,300,1,Consumption,0.44854582768708984
12,15,intricate,mediators7,baseline,300,1,Production,0.5305219676237828
12,15,intricate,mediators7,baseline,300,2,Consumption,0.47536729908670233
12,15,intricate,mediators7,baseline,300,2,Production,0.5433733999593153
12,15,intricate,mediators7,baseline,300,3,Consumption,0.4743988240879594
12,15,intricate,mediators7,baseline,300,3,Production,0.5151108758596051
12,15,intricate,mediators7,baseline,300,4,Consumption,0.4444641862175684
12,15,intricate,mediators7,baseline,300,4,Production,0.5253309069172217
12,15,intricate,mediators7,baseline,300,5,Consumption,0.46426320234217
12,15,intricate,mediators7,baseline,300,5,Production,0.5123988664142377
12,15,intricate,mediators1,baseline,500,1,Consumption,0.15623503622551602
12,15,intricate,mediators1,baseline,500,1,Production,0.4019907844399463
12,15,intricate,mediators1,baseline,500,2,Consumption,0.1451871385280164
12,15,intricate,mediators1,baseline,500,2,Production,0.46010560927871924
12,15,intricate,mediators1,baseline,500,3,Consumption,0.14289572788763394
12,15,intricate,mediators1,baseline,500,3,Production,0.32720297004577065
12,15,intricate,mediators1,baseline,500,4,Consumption,0.15060959578588098
12,15,intricate,mediators1,baseline,500,4,Production,0.35562420529904815
12,15,intricate,mediators1,baseline,500,5,Consumption,0.1597534524806027
12,15,intricate,mediators1,baseline,500,5,Production,0.46349127415100533
12,15,intricate,mediators2,baseline,500,1,Consumption,0.8264571524987633
12,15,intricate,mediators2,baseline,500,1,Production,0.5557504905189913
12,15,intricate,mediators2,baseline,500,2,Consumption,0.8246756739489327
12,15,intricate,mediators2,baseline,500,2,Production,0.5700347668966552
12,15,intricate,mediators2,baseline,500,3,Consumption,0.8263955417516745
12,15,intricate,mediators2,baseline,500,3,Production,0.5876940318384551
12,15,intricate,mediators2,baseline,500,4,Consumption,0.8215519904196936
12,15,intricate,mediators2,baseline,500,4,Production,0.5700500779525315
12,15,intricate,mediators2,baseline,500,5,Consumption,0.8248114865407948
12,15,intricate,mediators2,baseline,500,5,Production,0.5324188679932103
12,15,intricate,mediators3,baseline,500,1,Consumption,0.194908317048408
12,15,intricate,mediators3,baseline,500,1,Production,0.4679469092652307
12,15,intricate,mediators3,baseline,500,2,Consumption,0.21166944084634226
12,15,intricate,mediators3,baseline,500,2,Production,0.4681249796861437
12,15,intricate,mediators3,baseline,500,3,Consumption,0.24310926868433966
12,15,intricate,mediators3,baseline,500,3,Production,0.45472679575863384
12,15,intricate,mediators3,baseline,500,4,Consumption,0.2116515652028533
12,15,intricate,mediators3,baseline,500,4,Production,0.47099181166501086
12,15,intricate,mediators3,baseline,500,5,Consumption,0.21641817971865412
12,15,intricate,mediators3,baseline,500,5,Production,0.46439650015241224
12,15,intricate,mediators4,baseline,500,1,Consumption,0.2623064513459372
12,15,intricate,mediators4,baseline,500,1,Production,0.29028425205469977
12,15,intricate,mediators4,baseline,500,2,Consumption,0.26469489536869756
12,15,intricate,mediators4,baseline,500,2,Production,0.3062066488397877
12,15,intricate,mediators4,baseline,500,3,Consumption,0.259304866136197
12,15,intricate,mediators4,baseline,500,3,Production,0.2901986907568843
12,15,intricate,mediators4,baseline,500,4,Consumption,0.2942942528515744
12,15,intricate,mediators4,baseline,500,4,Production,0.33145063419087917
12,15,intricate,mediators4,baseline,500,5,Consumption,0.2717110812265822
12,15,intricate,mediators4,baseline,500,5,Production,0.30851666860229643
12,15,intricate,mediators5,baseline,500,1,Consumption,0.3579094228020014
12,15,intricate,mediators5,baseline,500,1,Production,0.5327097615940818
12,15,intricate,mediators5,baseline,500,2,Consumption,0.38702899772733024
12,15,intricate,mediators5,baseline,500,2,Production,0.5354167282209311
12,15,intricate,mediators5,baseline,500,3,Consumption,0.4026590715877907
12,15,intricate,mediators5,baseline,500,3,Production,0.5621936815165035
12,15,intricate,mediators5,baseline,500,4,Consumption,0.3982723248581422
12,15,intricate,mediators5,baseline,500,4,Production,0.5323618874673123
12,15,intricate,mediators5,baseline,500,5,Consumption,0.3680635396677392
12,15,intricate,mediators5,baseline,500,5,Production,0.5339434763441294
12,15,intricate,mediators6,baseline,500,1,Consumption,0.4470413106204021
12,15,intricate,mediators6,baseline,500,1,Production,0.5178997411889164
12,15,intricate,mediators6,baseline,500,2,Consumption,0.47250181143791403
12,15,intricate,mediators6,baseline,500,2,Production,0.5328583605216466
12,15,intricate,mediators6,baseline,500,3,Consumption,0.46740573262676904
12,15,intricate,mediators6,baseline,500,3,Production,0.5481780744128608
12,15,intricate,mediators6,baseline,500,4,Consumption,0.47165115360461646
12,15,intricate,mediators6,baseline,500,4,Production,0.5459690027777138
12,15,intricate,mediators6,baseline,500,5,Consumption,0.4538441855828606
12,15,intricate,mediators6,baseline,500,5,Production,0.5521588894330466
12,15,intricate,mediators7,baseline,500,2,Consumption,0.4598764194029377
12,15,intricate,mediators7,baseline,500,2,Production,0.5287721978019664
12,15,intricate,mediators7,baseline,500,3,Consumption,0.44127692138098396
12,15,intricate,mediators7,baseline,500,3,Production,0.5346912702363829
12,15,intricate,mediators7,baseline,500,4,Consumption,0.44852171593535
12,15,intricate,mediators7,baseline,500,4,Production,0.5159668087630113
12,15,intricate,mediators7,baseline,500,5,Consumption,0.4615261508729567
12,15,intricate,mediators7,baseline,500,5,Production,0.5317219334050518
12,15,intricate,mediators1,noisy,1000,1,Consumption,0.15542058866686323
12,15,intricate,mediators1,noisy,1000,1,Production,0.278165137828247
12,15,intricate,mediators1,noisy,1000,2,Consumption,0.1535314015964485
12,15,intricate,mediators1,noisy,1000,2,Production,0.2404450934976669
12,15,intricate,mediators1,noisy,1000,3,Consumption,0.13982738445973444
12,15,intricate,mediators1,noisy,1000,3,Production,0.26299545510481814
12,15,intricate,mediators2,noisy,1000,1,Consumption,0.5065775488892645
12,15,intricate,mediators2,noisy,1000,1,Production,0.5345086635871518
12,15,intricate,mediators2,noisy,1000,2,Consumption,0.5301877750567136
12,15,intricate,mediators2,noisy,1000,2,Production,0.4872167152697299
12,15,intricate,mediators2,noisy,1000,3,Consumption,0.5836307945448892
12,15,intricate,mediators2,noisy,1000,3,Production,0.41726770386684675
12,15,intricate,mediators3,noisy,1000,1,Consumption,0.18203999914009514
12,15,intricate,mediators3,noisy,1000,1,Production,0.4659629650041962
12,15,intricate,mediators3,noisy,1000,2,Consumption,0.2080816583459392
12,15,intricate,mediators3,noisy,1000,2,Production,0.4696108991726759
12,15,intricate,mediators3,noisy,1000,3,Consumption,0.21955519424076883
12,15,intricate,mediators3,noisy,1000,3,Production,0.46059274054543664
12,15,intricate,mediators4,noisy,1000,1,Consumption,0.28859534653238067
12,15,intricate,mediators4,noisy,1000,1,Production,0.29001835130959625
12,15,intricate,mediators4,noisy,1000,2,Consumption,0.3008245273217616
12,15,intricate,mediators4,noisy,1000,2,Production,0.2976799217770538
12,15,intricate,mediators4,noisy,1000,3,Consumption,0.30091451307587824
12,15,intricate,mediators4,noisy,1000,3,Production,0.2973955775394396
12,15,intricate,mediators5,noisy,1000,1,Consumption,0.3660607153298834
12,15,intricate,mediators5,noisy,1000,1,Production,0.563126196288818
12,15,intricate,mediators5,noisy,1000,2,Consumption,0.4054662702849899
12,15,intricate,mediators5,noisy,1000,2,Production,0.5557247645661606
12,15,intricate,mediators5,noisy,1000,3,Consumption,0.3898628204689695
12,15,intricate,mediators5,noisy,1000,3,Production,0.5501477728938476
12,15,intricate,mediators6,noisy,1000,1,Consumption,0.44405639253181467
12,15,intricate,mediators6,noisy,1000,1,Production,0.5358390391693053
12,15,intricate,mediators6,noisy,1000,2,Consumption,0.4683185754664711
12,15,intricate,mediators6,noisy,1000,2,Production,0.5639340572886266
12,15,intricate,mediators6,noisy,1000,3,Consumption,0.4757677370135825
12,15,intricate,mediators6,noisy,1000,3,Production,0.5211263681741154
12,15,intricate,mediators7,noisy,1000,2,Consumption,0.4628837919112733
12,15,intricate,mediators7,noisy,1000,2,Production,0.5299185694542998
12,15,intricate,mediators7,noisy,1000,3,Consumption,0.4836711965300399
12,15,intricate,mediators7,noisy,1000,3,Production,0.5245613007122663
12,15,intricate,mediators1,noisy,100,1,Consumption,0.12938119475515297
12,15,intricate,mediators1,noisy,100,1,Production,0.2816969172278356
12,15,intricate,mediators1,noisy,100,2,Consumption,0.14694614431393285
12,15,intricate,mediators1,noisy,100,2,Production,0.27242834258349113
12,15,intricate,mediators1,noisy,100,3,Consumption,0.1389776582660463
12,15,intricate,mediators1,noisy,100,3,Production,0.2759323925643883
12,15,intricate,mediators1,noisy,100,4,Consumption,0.13110963391575395
12,15,intricate,mediators1,noisy,100,4,Production,0.2630413446018854
12,15,intricate,mediators1,noisy,100,5,Consumption,0.13151132694984563
12,15,intricate,mediators1,noisy,100,5,Production,0.26748858744223863
12,15,intricate,mediators2,noisy,100,1,Consumption,0.42045805039035744
12,15,intricate,mediators2,noisy,100,1,Production,0.4782250044233379
12,15,intricate,mediators2,noisy,100,2,Consumption,0.509817135767983
12,15,intricate,mediators2,noisy,100,2,Production,0.49377810363550867
12,15,intricate,mediators2,noisy,100,3,Consumption,0.4522999031579055
12,15,intricate,mediators2,noisy,100,3,Production,0.3897582016525901
12,15,intricate,mediators2,noisy,100,4,Consumption,0.480818572110245
12,15,intricate,mediators2,noisy,100,4,Production,0.4104361436394035
12,15,intricate,mediators2,noisy,100,5,Consumption,0.5764459143281956
12,15,intricate,mediators2,noisy,100,5,Production,0.46239553928951
12,15,intricate,mediators3,noisy,100,1,Consumption,0.3119537362910979
12,15,intricate,mediators3,noisy,100,1,Production,0.4366322784914443
12,15,intricate,mediators3,noisy,100,2,Consumption,0.248755732994012
12,15,intricate,mediators3,noisy,100,2,Production,0.4524622997078686
12,15,intricate,mediators3,noisy,100,3,Consumption,0.2561392058125824
12,15,intricate,mediators3,noisy,100,3,Production,0.4721581616571752
12,15,intricate,mediators3,noisy,100,4,Consumption,0.26808192925153934
12,15,intricate,mediators3,noisy,100,4,Production,0.4596177917578422
12,15,intricate,mediators3,noisy,100,5,Consumption,0.3033977535265383
12,15,intricate,mediators3,noisy,100,5,Production,0.4473951537947102
12,15,intricate,mediators4,noisy,100,1,Consumption,0.20479371009010083
12,15,intricate,mediators4,noisy,100,1,Production,0.25374248148252976
12,15,intricate,mediators4,noisy,100,2,Consumption,0.19818530612038465
12,15,intricate,mediators4,noisy,100,2,Production,0.26351879948468293
12,15,intricate,mediators4,noisy,100,3,Consumption,0.2220985089231067
12,15,intricate,mediators4,noisy,100,3,Production,0.2660632726904302
12,15,intricate,mediators4,noisy,100,4,Consumption,0.2246023750256242
12,15,intricate,mediators4,noisy,100,4,Production,0.2928178485543049
12,15,intricate,mediators4,noisy,100,5,Consumption,0.20388043253457788
12,15,intricate,mediators4,noisy,100,5,Production,0.26366013569989843
12,15,intricate,mediators5,noisy,100,1,Consumption,0.3705580619649929
12,15,intricate,mediators5,noisy,100,1,Production,0.531608712964535
12,15,intricate,mediators5,noisy,100,2,Consumption,0.30042325430270517
12,15,intricate,mediators5,noisy,100,2,Production,0.5433494104964713
12,15,intricate,mediators5,noisy,100,3,Consumption,0.33763429051659233
12,15,intricate,mediators5,noisy,100,3,Production,0.5568643797943228
12,15,intricate,mediators5,noisy,100,4,Consumption,0.37724749832760085
12,15,intricate,mediators5,noisy,100,4,Production,0.5430419307228361
12,15,intricate,mediators5,noisy,100,5,Consumption,0.3009972020011534
12,15,intricate,mediators5,noisy,100,5,Production,0.5354914467496823
12,15,intricate,mediators6,noisy,100,1,Consumption,0.45133373510934216
12,15,intricate,mediators6,noisy,100,1,Production,0.5135531245832946
12,15,intricate,mediators6,noisy,100,2,Consumption,0.4326866754061882
12,15,intricate,mediators6,noisy,100,2,Production,0.5496779615517957
12,15,intricate,mediators6,noisy,100,3,Consumption,0.4280925155425847
12,15,intricate,mediators6,noisy,100,3,Production,0.5419383404349893
12,15,intricate,mediators6,noisy,100,4,Consumption,0.4470641099257557
12,15,intricate,mediators6,noisy,100,4,Production,0.5293828103295021
12,15,intricate,mediators6,noisy,100,5,Consumption,0.42637531445297466
12,15,intricate,mediators6,noisy,100,5,Production,0.5066639304850644
12,15,intricate,mediators7,noisy,100,1,Consumption,0.46606325468045334
12,15,intricate,mediators7,noisy,100,1,Production,0.5141562055065663
12,15,intricate,mediators7,noisy,100,2,Consumption,0.4369354794476382
12,15,intricate,mediators7,noisy,100,2,Production,0.5274452626058618
12,15,intricate,mediators7,noisy,100,3,Consumption,0.45159682894186504
12,15,intricate,mediators7,noisy,100,3,Production,0.5248197727679494
12,15,intricate,mediators7,noisy,100,4,Consumption,0.4913556735037173
12,15,intricate,mediators7,noisy,100,4,Production,0.5263759109092843
12,15,intricate,mediators7,noisy,100,5,Consumption,0.4366665160492289
12,15,intricate,mediators7,noisy,100,5,Production,0.5165146721848356
12,15,intricate,mediators1,noisy,200,1,Consumption,0.13088468670575842
12,15,intricate,mediators1,noisy,200,1,Production,0.2554306875150938
12,15,intricate,mediators1,noisy,200,2,Consumption,0.1223960284922933
12,15,intricate,mediators1,noisy,200,2,Production,0.25537323561320513
12,15,intricate,mediators1,noisy,200,3,Consumption,0.14026351224086023
12,15,intricate,mediators1,noisy,200,3,Production,0.24917611978716261
12,15,intricate,mediators1,noisy,200,4,Consumption,0.122121352586636
12,15,intricate,mediators1,noisy,200,4,Production,0.28761980525925157
12,15,intricate,mediators1,noisy,200,5,Consumption,0.14645927956561183
12,15,intricate,mediators1,noisy,200,5,Production,0.30599780865452436
12,15,intricate,mediators2,noisy,200,1,Consumption,0.5449638159877948
12,15,intricate,mediators2,noisy,200,1,Production,0.43834206839617773
12,15,intricate,mediators2,noisy,200,2,Consumption,0.596263375389235
12,15,intricate,mediators2,noisy,200,2,Production,0.4715678482851883
12,15,intricate,mediators2,noisy,200,3,Consumption,0.5043869708100385
12,15,intricate,mediators2,noisy,200,3,Production,0.4845642943002336
12,15,intricate,mediators2,noisy,200,4,Consumption,0.3719985086786319
12,15,intricate,mediators2,noisy,200,4,Production,0.4287782786200284
12,15,intricate,mediators2,noisy,200,5,Consumption,0.5053778294533401
12,15,intricate,mediators2,noisy,200,5,Production,0.4104618457728147
12,15,intricate,mediators3,noisy,200,1,Consumption,0.2247193781373297
12,15,intricate,mediators3,noisy,200,1,Production,0.45307309894680997
12,15,intricate,mediators3,noisy,200,2,Consumption,0.2265684895400318
12,15,intricate,mediators3,noisy,200,2,Production,0.45108364693407627
12,15,intricate,mediators3,noisy,200,3,Consumption,0.22872686094787897
12,15,intricate,mediators3,noisy,200,3,Production,0.45009834626780204
12,15,intricate,mediators3,noisy,200,4,Consumption,0.2632445781254377
12,15,intricate,mediators3,noisy,200,4,Production,0.4553897424733209
12,15,intricate,mediators3,noisy,200,5,Consumption,0.24519668806988207
12,15,intricate,mediators3,noisy,200,5,Production,0.4490235507789503
12,15,intricate,mediators4,noisy,200,1,Consumption,0.22873471033900514
12,15,intricate,mediators4,noisy,200,1,Production,0.28041037899522075
12,15,intricate,mediators4,noisy,200,2,Consumption,0.2724546489321229
12,15,intricate,mediators4,noisy,200,2,Production,0.2871808460073272
12,15,intricate,mediators4,noisy,200,3,Consumption,0.238322383088561
12,15,intricate,mediators4,noisy,200,3,Production,0.27755761445850063
12,15,intricate,mediators4,noisy,200,4,Consumption,0.29250457713849687
12,15,intricate,mediators4,noisy,200,4,Production,0.3135517843866913
12,15,intricate,mediators4,noisy,200,5,Consumption,0.2488240311187723
12,15,intricate,mediators4,noisy,200,5,Production,0.2962772869377709
12,15,intricate,mediators5,noisy,200,1,Consumption,0.3546773921284278
12,15,intricate,mediators5,noisy,200,1,Production,0.5275138448835315
12,15,intricate,mediators5,noisy,200,2,Consumption,0.3648472588947322
12,15,intricate,mediators5,noisy,200,2,Production,0.512788452945031
12,15,intricate,mediators5,noisy,200,3,Consumption,0.37072378050816085
12,15,intricate,mediators5,noisy,200,3,Production,0.5555416991200681
12,15,intricate,mediators5,noisy,200,4,Consumption,0.4178474457907551
12,15,intricate,mediators5,noisy,200,4,Production,0.5601470888141604
12,15,intricate,mediators5,noisy,200,5,Consumption,0.3673898921751747
12,15,intricate,mediators5,noisy,200,5,Production,0.5398034793623089
12,15,intricate,mediators6,noisy,200,1,Consumption,0.4427181062907439
12,15,intricate,mediators6,noisy,200,1,Production,0.5030146766770675
12,15,intricate,mediators6,noisy,200,2,Consumption,0.43242477870476587
12,15,intricate,mediators6,noisy,200,2,Production,0.5058359259843634
12,15,intricate,mediators6,noisy,200,3,Consumption,0.44125298526426404
12,15,intricate,mediators6,noisy,200,3,Production,0.5206370431180363
12,15,intricate,mediators6,noisy,200,4,Consumption,0.44730190526144287
12,15,intricate,mediators6,noisy,200,4,Production,0.5445399006996666
12,15,intricate,mediators6,noisy,200,5,Consumption,0.3949806814210526
12,15,intricate,mediators6,noisy,200,5,Production,0.5279423934876939
12,15,intricate,mediators7,noisy,200,1,Consumption,0.4644027592480519
12,15,intricate,mediators7,noisy,200,1,Production,0.5179761793081028
12,15,intricate,mediators7,noisy,200,2,Consumption,0.42839722773993855
12,15,intricate,mediators7,noisy,200,2,Production,0.5158568704034091
12,15,intricate,mediators7,noisy,200,3,Consumption,0.44584664037574157
12,15,intricate,mediators7,noisy,200,3,Production,0.5094594862680315
12,15,intricate,mediators7,noisy,200,4,Consumption,0.4654345544500676
12,15,intricate,mediators7,noisy,200,4,Production,0.5472345392016292
12,15,intricate,mediators7,noisy,200,5,Consumption,0.41445542377252753
12,15,intricate,mediators7,noisy,200,5,Production,0.5170277829794304
12,15,intricate,mediators1,noisy,300,1,Consumption,0.1448489578585529
12,15,intricate,mediators1,noisy,300,1,Production,0.2497415028419872
12,15,intricate,mediators1,noisy,300,2,Consumption,0.12885464794665075
12,15,intricate,mediators1,noisy,300,2,Production,0.2861236877028743
12,15,intricate,mediators1,noisy,300,3,Consumption,0.1340684281760645
12,15,intricate,mediators1,noisy,300,3,Production,0.27220812368401
12,15,intricate,mediators1,noisy,300,4,Consumption,0.14028479546393044
12,15,intricate,mediators1,noisy,300,4,Production,0.27022922983396286
12,15,intricate,mediators1,noisy,300,5,Consumption,0.12211277417206201
12,15,intricate,mediators1,noisy,300,5,Production,0.26255581030872666
12,15,intricate,mediators2,noisy,300,1,Consumption,0.5060506724295695
12,15,intricate,mediators2,noisy,300,1,Production,0.45957301202413775
12,15,intricate,mediators2,noisy,300,2,Consumption,0.576347852652274
12,15,intricate,mediators2,noisy,300,2,Production,0.43235382787192994
12,15,intricate,mediators2,noisy,300,3,Consumption,0.455907791275081
12,15,intricate,mediators2,noisy,300,3,Production,0.408958346723927
12,15,intricate,mediators2,noisy,300,4,Consumption,0.5026542532476065
12,15,intricate,mediators2,noisy,300,4,Production,0.42427813192840885
12,15,intricate,mediators2,noisy,300,5,Consumption,0.6195105592818905
12,15,intricate,mediators2,noisy,300,5,Production,0.43580371771155335
12,15,intricate,mediators3,noisy,300,1,Consumption,0.20786904512780793
12,15,intricate,mediators3,noisy,300,1,Production,0.44991492254264237
12,15,intricate,mediators3,noisy,300,2,Consumption,0.23228233139578075
12,15,intricate,mediators3,noisy,300,2,Production,0.44348142531123574
12,15,intricate,mediators3,noisy,300,3,Consumption,0.24691134788725055
12,15,intricate,mediators3,noisy,300,3,Production,0.46388586703870827
12,15,intricate,mediators3,noisy,300,4,Consumption,0.22116283354886446
12,15,intricate,mediators3,noisy,300,4,Production,0.4779777697943161
12,15,intricate,mediators3,noisy,300,5,Consumption,0.22312623640963636
12,15,intricate,mediators3,noisy,300,5,Production,0.4743509597477349
12,15,intricate,mediators4,noisy,300,1,Consumption,0.24476794080069753
12,15,intricate,mediators4,noisy,300,1,Production,0.2973935329490057
12,15,intricate,mediators4,noisy,300,2,Consumption,0.29171471631026474
12,15,intricate,mediators4,noisy,300,2,Production,0.30318410211332236
12,15,intricate,mediators4,noisy,300,3,Consumption,0.2298392846900776
12,15,intricate,mediators4,noisy,300,3,Production,0.2981465525323236
12,15,intricate,mediators4,noisy,300,4,Consumption,0.26861137060918155
12,15,intricate,mediators4,noisy,300,4,Production,0.3038481867745995
12,15,intricate,mediators4,noisy,300,5,Consumption,0.28999557455055747
12,15,intricate,mediators4,noisy,300,5,Production,0.2997547107166373
12,15,intricate,mediators5,noisy,300,1,Consumption,0.35189486190912694
12,15,intricate,mediators5,noisy,300,1,Production,0.5332988237529981
12,15,intricate,mediators5,noisy,300,2,Consumption,0.3383195243075787
12,15,intricate,mediators5,noisy,300,2,Production,0.5181684396441563
12,15,intricate,mediators5,noisy,300,3,Consumption,0.39627808026490724
12,15,intricate,mediators5,noisy,300,3,Production,0.5537842104218974
12,15,intricate,mediators5,noisy,300,4,Consumption,0.4420049320800012
12,15,intricate,mediators5,noisy,300,4,Production,0.5723398344924894
12,15,intricate,mediators5,noisy,300,5,Consumption,0.3836361901154389
12,15,intricate,mediators5,noisy,300,5,Production,0.5477029098809366
12,15,intricate,mediators6,noisy,300,1,Consumption,0.42678982502415036
12,15,intricate,mediators6,noisy,300,1,Production,0.531676765778356
12,15,intricate,mediators6,noisy,300,2,Consumption,0.42599785830452797
12,15,intricate,mediators6,noisy,300,2,Production,0.5180420128762433
12,15,intricate,mediators6,noisy,300,3,Consumption,0.4783781172139143
12,15,intricate,mediators6,noisy,300,3,Production,0.5102634311721078
12,15,intricate,mediators6,noisy,300,4,Consumption,0.4489536858200197
12,15,intricate,mediators6,noisy,300,4,Production,0.5391731938310494
12,15,intricate,mediators6,noisy,300,5,Consumption,0.4316366683878239
12,15,intricate,mediators6,noisy,300,5,Production,0.5127540913787763
12,15,intricate,mediators7,noisy,300,1,Consumption,0.4424927594819819
12,15,intricate,mediators7,noisy,300,1,Production,0.515499072348954
12,15,intricate,mediators7,noisy,300,2,Consumption,0.4335222421715182
12,15,intricate,mediators7,noisy,300,2,Production,0.5072864516507772
12,15,intricate,mediators7,noisy,300,3,Consumption,0.4533905580106859
12,15,intricate,mediators7,noisy,300,3,Production,0.5147884751839538
12,15,intricate,mediators7,noisy,300,4,Consumption,0.4720139889392629
12,15,intricate,mediators7,noisy,300,4,Production,0.5260656447417559
12,15,intricate,mediators7,noisy,300,5,Consumption,0.436320920652628
12,15,intricate,mediators7,noisy,300,5,Production,0.525439075222584
12,15,intricate,mediators1,noisy,500,1,Consumption,0.1566524122981433
12,15,intricate,mediators1,noisy,500,1,Production,0.2544043334416053
12,15,intricate,mediators1,noisy,500,2,Consumption,0.14911453182499565
12,15,intricate,mediators1,noisy,500,2,Production,0.27689420746412546
12,15,intricate,mediators1,noisy,500,3,Consumption,0.13630318259859064
12,15,intricate,mediators1,noisy,500,3,Production,0.27795684744006405
12,15,intricate,mediators1,noisy,500,4,Consumption,0.15629730406469736
12,15,intricate,mediators1,noisy,500,4,Production,0.2509662430050372
12,15,intricate,mediators1,noisy,500,5,Consumption,0.15539827815101157
12,15,intricate,mediators1,noisy,500,5,Production,0.25394125831437675
12,15,intricate,mediators2,noisy,500,1,Consumption,0.5310507916747951
12,15,intricate,mediators2,noisy,500,1,Production,0.5329977454587383
12,15,intricate,mediators2,noisy,500,2,Consumption,0.5940220215852502
12,15,intricate,mediators2,noisy,500,2,Production,0.4740336667612076
12,15,intricate,mediators2,noisy,500,3,Consumption,0.4655527363154371
12,15,intricate,mediators2,noisy,500,3,Production,0.45021344537096064
12,15,intricate,mediators2,noisy,500,4,Consumption,0.627344049879384
12,15,intricate,mediators2,noisy,500,4,Production,0.5256090757694915
12,15,intricate,mediators2,noisy,500,5,Consumption,0.5194526776641208
12,15,intricate,mediators2,noisy,500,5,Production,0.4628866720055398
12,15,intricate,mediators3,noisy,500,1,Consumption,0.23604788456513803
12,15,intricate,mediators3,noisy,500,1,Production,0.47127944617713813
12,15,intricate,mediators3,noisy,500,2,Consumption,0.21785544865324774
12,15,intricate,mediators3,noisy,500,2,Production,0.48304061040664675
12,15,intricate,mediators3,noisy,500,3,Consumption,0.23091784273821014
12,15,intricate,mediators3,noisy,500,3,Production,0.4587730468216506
12,15,intricate,mediators3,noisy,500,4,Consumption,0.2050482911291822
12,15,intricate,mediators3,noisy,500,4,Production,0.45832157925759726
12,15,intricate,mediators3,noisy,500,5,Consumption,0.22779720370754425
12,15,intricate,mediators3,noisy,500,5,Production,0.4716089779200101
12,15,intricate,mediators4,noisy,500,1,Consumption,0.2549047197404894
12,15,intricate,mediators4,noisy,500,1,Production,0.2858723962670393
12,15,intricate,mediators4,noisy,500,2,Consumption,0.27014872109485444
12,15,intricate,mediators4,noisy,500,2,Production,0.28897892000358905
12,15,intricate,mediators4,noisy,500,3,Consumption,0.25898034976008066
12,15,intricate,mediators4,noisy,500,3,Production,0.30650230042513277
12,15,intricate,mediators4,noisy,500,4,Consumption,0.32132964816233306
12,15,intricate,mediators4,noisy,500,4,Production,0.29487918473644914
12,15,intricate,mediators4,noisy,500,5,Consumption,0.28307422175892066
12,15,intricate,mediators4,noisy,500,5,Production,0.29770772120262634
12,15,intricate,mediators5,noisy,500,1,Consumption,0.40189422608434405
12,15,intricate,mediators5,noisy,500,1,Production,0.5644347189634866
12,15,intricate,mediators5,noisy,500,2,Consumption,0.43020752907739424
12,15,intricate,mediators5,noisy,500,2,Production,0.5247724527011367
12,15,intricate,mediators5,noisy,500,3,Consumption,0.37473223089951996
12,15,intricate,mediators5,noisy,500,3,Production,0.557803323804486
12,15,intricate,mediators5,noisy,500,4,Consumption,0.4500129656861307
12,15,intricate,mediators5,noisy,500,4,Production,0.564029551823235
12,15,intricate,mediators5,noisy,500,5,Consumption,0.37434801640292925
12,15,intricate,mediators5,noisy,500,5,Production,0.5770030076039173
12,15,intricate,mediators6,noisy,500,1,Consumption,0.42773738417498924
12,15,intricate,mediators6,noisy,500,1,Production,0.5209224616859545
12,15,intricate,mediators6,noisy,500,2,Consumption,0.4709332238338935
12,15,intricate,mediators6,noisy,500,2,Production,0.534581721391055
12,15,intricate,mediators6,noisy,500,3,Consumption,0.4708085526863503
12,15,intricate,mediators6,noisy,500,3,Production,0.5484503388405798
12,15,intricate,mediators6,noisy,500,4,Consumption,0.49148379552152044
12,15,intricate,mediators6,noisy,500,4,Production,0.5055735553019232
12,15,intricate,mediators6,noisy,500,5,Consumption,0.4566984798268988
12,15,intricate,mediators6,noisy,500,5,Production,0.5157270084141524
12,15,intricate,mediators7,noisy,500,1,Consumption,0.4524674282163892
12,15,intricate,mediators7,noisy,500,1,Production,0.5231777606224698
12,15,intricate,mediators7,noisy,500,2,Consumption,0.46691372661180924
12,15,intricate,mediators7,noisy,500,2,Production,0.5253020632987038
12,15,intricate,mediators7,noisy,500,3,Consumption,0.4358202888327474
12,15,intricate,mediators7,noisy,500,3,Production,0.5171000781162842
12,15,intricate,mediators7,noisy,500,4,Consumption,0.4796606798828254
12,15,intricate,mediators7,noisy,500,4,Production,0.5071107044605921
12,15,intricate,mediators1,sparse,1000,1,Consumption,0.12410514485588801
12,15,intricate,mediators1,sparse,1000,1,Production,0.26519733037332033
12,15,intricate,mediators1,sparse,1000,2,Consumption,0.12710330499180775
12,15,intricate,mediators1,sparse,1000,2,Production,0.35740751423306216
12,15,intricate,mediators1,sparse,1000,3,Consumption,0.13509702725523332
12,15,intricate,mediators1,sparse,1000,3,Production,0.3356936672247782
12,15,intricate,mediators2,sparse,1000,1,Consumption,0.4825175247203479
12,15,intricate,mediators2,sparse,1000,1,Production,0.36412095240803244
12,15,intricate,mediators2,sparse,1000,2,Consumption,0.23685265195408395
12,15,intricate,mediators2,sparse,1000,2,Production,0.3309731934885629
12,15,intricate,mediators2,sparse,1000,3,Consumption,0.23640435385990194
12,15,intricate,mediators2,sparse,1000,3,Production,0.3381950957137944
12,15,intricate,mediators3,sparse,1000,1,Consumption,0.2203813646754384
12,15,intricate,mediators3,sparse,1000,1,Production,0.4166433181647903
12,15,intricate,mediators3,sparse,1000,2,Consumption,0.22838523121409826
12,15,intricate,mediators3,sparse,1000,2,Production,0.43116489100879074
12,15,intricate,mediators3,sparse,1000,3,Consumption,0.23460015830707545
12,15,intricate,mediators3,sparse,1000,3,Production,0.41251973562616073
12,15,intricate,mediators4,sparse,1000,1,Consumption,0.2465290250746578
12,15,intricate,mediators4,sparse,1000,1,Production,0.2790265653770481
12,15,intricate,mediators4,sparse,1000,2,Consumption,0.21617561780219108
12,15,intricate,mediators4,sparse,1000,2,Production,0.2899042295798857
12,15,intricate,mediators4,sparse,1000,3,Consumption,0.32361349507246967
12,15,intricate,mediators4,sparse,1000,3,Production,0.2653919054114672
12,15,intricate,mediators5,sparse,1000,1,Consumption,0.38432638274967873
12,15,intricate,mediators5,sparse,1000,1,Production,0.47740243406493066
12,15,intricate,mediators5,sparse,1000,2,Consumption,0.33114362310764306
12,15,intricate,mediators5,sparse,1000,2,Production,0.5522584103844789
12,15,intricate,mediators5,sparse,1000,3,Consumption,0.42581959582260936
12,15,intricate,mediators5,sparse,1000,3,Production,0.43943201551602074
12,15,intricate,mediators6,sparse,1000,1,Consumption,0.28677976904088454
12,15,intricate,mediators6,sparse,1000,1,Production,0.46918121197609136
12,15,intricate,mediators6,sparse,1000,2,Consumption,0.2972547397018008
12,15,intricate,mediators6,sparse,1000,2,Production,0.46409840497348703
12,15,intricate,mediators6,sparse,1000,3,Consumption,0.46142624149587924
12,15,intricate,mediators6,sparse,1000,3,Production,0.49670338838837114
12,15,intricate,mediators7,sparse,1000,1,Consumption,0.4563646301425038
12,15,intricate,mediators7,sparse,1000,1,Production,0.516071718954584
12,15,intricate,mediators7,sparse,1000,2,Consumption,0.4350166449952929
12,15,intricate,mediators7,sparse,1000,2,Production,0.5615870735950402
12,15,intricate,mediators7,sparse,1000,3,Consumption,0.5286963005163056
12,15,intricate,mediators7,sparse,1000,3,Production,0.48063975928136415
12,15,intricate,mediators1,sparse,100,1,Consumption,0.12097744776424511
12,15,intricate,mediators1,sparse,100,1,Production,0.26898151019765204
12,15,intricate,mediators1,sparse,100,2,Consumption,0.11665528976052017
12,15,intricate,mediators1,sparse,100,2,Production,0.272306368566546
12,15,intricate,mediators1,sparse,100,3,Consumption,0.11862339099029068
12,15,intricate,mediators1,sparse,100,3,Production,0.2515597981488144
12,15,intricate,mediators1,sparse,100,4,Consumption,0.12326900752341277
12,15,intricate,mediators1,sparse,100,4,Production,0.16230448336046505
12,15,intricate,mediators1,sparse,100,5,Consumption,0.119833139372825
12,15,intricate,mediators1,sparse,100,5,Production,0.23076736203097617
12,15,intricate,mediators2,sparse,100,1,Consumption,0.7647696501462736
12,15,intricate,mediators2,sparse,100,1,Production,0.4503061431314373
12,15,intricate,mediators2,sparse,100,2,Consumption,0.7340007384702052
12,15,intricate,mediators2,sparse,100,2,Production,0.4856032669861461
12,15,intricate,mediators2,sparse,100,3,Consumption,0.530618212288466
12,15,intricate,mediators2,sparse,100,3,Production,0.5003130140517337
12,15,intricate,mediators2,sparse,100,4,Consumption,0.4534507829259594
12,15,intricate,mediators2,sparse,100,4,Production,0.45612234453404615
12,15,intricate,mediators2,sparse,100,5,Consumption,0.5886850981439365
12,15,intricate,mediators2,sparse,100,5,Production,0.37455387611700613
12,15,intricate,mediators3,sparse,100,1,Consumption,0.2167838043464393
12,15,intricate,mediators3,sparse,100,1,Production,0.4368336365787587
12,15,intricate,mediators3,sparse,100,2,Consumption,0.2996956108482416
12,15,intricate,mediators3,sparse,100,2,Production,0.494796413869198
12,15,intricate,mediators3,sparse,100,3,Consumption,0.20016206578484055
12,15,intricate,mediators3,sparse,100,3,Production,0.47433740509712374
12,15,intricate,mediators3,sparse,100,4,Consumption,0.22594468270988238
12,15,intricate,mediators3,sparse,100,4,Production,0.516562935346272
12,15,intricate,mediators3,sparse,100,5,Consumption,0.2412135450401496
12,15,intricate,mediators3,sparse,100,5,Production,0.4897883402183421
12,15,intricate,mediators4,sparse,100,1,Consumption,0.18998473694008577
12,15,intricate,mediators4,sparse,100,1,Production,0.27088229829508
12,15,intricate,mediators4,sparse,100,2,Consumption,0.1535514492480981
12,15,intricate,mediators4,sparse,100,2,Production,0.2515477001827953
12,15,intricate,mediators4,sparse,100,3,Consumption,0.1518249582728576
12,15,intricate,mediators4,sparse,100,3,Production,0.2496722758360823
12,15,intricate,mediators4,sparse,100,4,Consumption,0.17712241971197723
12,15,intricate,mediators4,sparse,100,4,Production,0.2897765751919114
12,15,intricate,mediators4,sparse,100,5,Consumption,0.16265133162461465
12,15,intricate,mediators4,sparse,100,5,Production,0.2673851405761583
12,15,intricate,mediators5,sparse,100,1,Consumption,0.3849272444915632
12,15,intricate,mediators5,sparse,100,1,Production,0.5565237109890631
12,15,intricate,mediators5,sparse,100,2,Consumption,0.39331289057263824
12,15,intricate,mediators5,sparse,100,2,Production,0.5132721908608501
12,15,intricate,mediators5,sparse,100,3,Consumption,0.3505355578513655
12,15,intricate,mediators5,sparse,100,3,Production,0.5049467176938078
12,15,intricate,mediators5,sparse,100,4,Consumption,0.37574871353746936
12,15,intricate,mediators5,sparse,100,4,Production,0.48619089816516525
12,15,intricate,mediators5,sparse,100,5,Consumption,0.40196586222353015
12,15,intricate,mediators5,sparse,100,5,Production,0.5309311659334194
12,15,intricate,mediators6,sparse,100,1,Consumption,0.4657903812906576
12,15,intricate,mediators6,sparse,100,1,Production,0.5217260872761704
12,15,intricate,mediators6,sparse,100,2,Consumption,0.5001380403292562
12,15,intricate,mediators6,sparse,100,2,Production,0.5267807018684678
12,15,intricate,mediators6,sparse,100,3,Consumption,0.4640173449533038
12,15,intricate,mediators6,sparse,100,3,Production,0.501215141589387
12,15,intricate,mediators6,sparse,100,4,Consumption,0.49234838765782907
12,15,intricate,mediators6,sparse,100,4,Production,0.5322830344677824
12,15,intricate,mediators6,sparse,100,5,Consumption,0.49865123334639977
12,15,intricate,mediators6,sparse,100,5,Production,0.5121266041512854
12,15,intricate,mediators7,sparse,100,1,Consumption,0.49328046710535745
12,15,intricate,mediators7,sparse,100,1,Production,0.5229689411437781
12,15,intricate,mediators7,sparse,100,2,Consumption,0.4998853438731411
12,15,intricate,mediators7,sparse,100,2,Production,0.5081257389191334
12,15,intricate,mediators7,sparse,100,3,Consumption,0.5133254893111444
12,15,intricate,mediators7,sparse,100,3,Production,0.5076860450048526
12,15,intricate,mediators7,sparse,100,4,Consumption,0.4691097238911825
12,15,intricate,mediators7,sparse,100,4,Production,0.5281645374804393
12,15,intricate,mediators7,sparse,100,5,Consumption,0.5138273359772031
12,15,intricate,mediators7,sparse,100,5,Production,0.504303517628846
12,15,intricate,mediators1,sparse,200,1,Consumption,0.15235321169202704
12,15,intricate,mediators1,sparse,200,1,Production,0.37663571537531776
12,15,intricate,mediators1,sparse,200,2,Consumption,0.13048508658505384
12,15,intricate,mediators1,sparse,200,2,Production,0.5251441336819996
12,15,intricate,mediators1,sparse,200,3,Consumption,0.12175538454803059
12,15,intricate,mediators1,sparse,200,3,Production,0.5008309639476543
12,15,intricate,mediators1,sparse,200,4,Consumption,0.13043993958641215
12,15,intricate,mediators1,sparse,200,4,Production,0.5645573508375286
12,15,intricate,mediators1,sparse,200,5,Consumption,0.12291683196414094
12,15,intricate,mediators1,sparse,200,5,Production,0.5135926595959767
12,15,intricate,mediators2,sparse,200,1,Consumption,0.368032557031478
12,15,intricate,mediators2,sparse,200,1,Production,0.3535883296787433
12,15,intricate,mediators2,sparse,200,2,Consumption,0.5242768074766163
12,15,intricate,mediators2,sparse,200,2,Production,0.4460262900698436
12,15,intricate,mediators2,sparse,200,3,Consumption,0.5492339863683593
12,15,intricate,mediators2,sparse,200,3,Production,0.36833648864202073
12,15,intricate,mediators2,sparse,200,4,Consumption,0.6007247786528304
12,15,intricate,mediators2,sparse,200,4,Production,0.3683754000974564
12,15,intricate,mediators2,sparse,200,5,Consumption,0.46332751408295597
12,15,intricate,mediators2,sparse,200,5,Production,0.2544043702126816
12,15,intricate,mediators3,sparse,200,1,Consumption,0.31173533692326755
12,15,intricate,mediators3,sparse,200,1,Production,0.46248633247490045
12,15,intricate,mediators3,sparse,200,2,Consumption,0.30873476487763357
12,15,intricate,mediators3,sparse,200,2,Production,0.46064604748002036
12,15,intricate,mediators3,sparse,200,3,Consumption,0.24908567602582402
12,15,intricate,mediators3,sparse,200,3,Production,0.4695839112768717
12,15,intricate,mediators3,sparse,200,4,Consumption,0.2063453463653342
12,15,intricate,mediators3,sparse,200,4,Production,0.4719837891731715
12,15,intricate,mediators3,sparse,200,5,Consumption,0.3519467890552519
12,15,intricate,mediators3,sparse,200,5,Production,0.4512738136606937
12,15,intricate,mediators4,sparse,200,1,Consumption,0.30701517472710477
12,15,intricate,mediators4,sparse,200,1,Production,0.30700056210962984
12,15,intricate,mediators4,sparse,200,2,Consumption,0.2116739132214899
12,15,intricate,mediators4,sparse,200,2,Production,0.28505490745501305
12,15,intricate,mediators4,sparse,200,3,Consumption,0.23257652810816346
12,15,intricate,mediators4,sparse,200,3,Production,0.29982367071700655
12,15,intricate,mediators4,sparse,200,4,Consumption,0.27407346290304907
12,15,intricate,mediators4,sparse,200,4,Production,0.31081140667194923
12,15,intricate,mediators4,sparse,200,5,Consumption,0.2805674400295471
12,15,intricate,mediators4,sparse,200,5,Production,0.3133389162925518
12,15,intricate,mediators5,sparse,200,1,Consumption,0.3977239731977624
12,15,intricate,mediators5,sparse,200,1,Production,0.4571697274286581
12,15,intricate,mediators5,sparse,200,2,Consumption,0.3515452371112947
12,15,intricate,mediators5,sparse,200,2,Production,0.5051392313954846
12,15,intricate,mediators5,sparse,200,3,Consumption,0.3727763476594988
12,15,intricate,mediators5,sparse,200,3,Production,0.4434007940277556
12,15,intricate,mediators5,sparse,200,4,Consumption,0.3703152118822144
12,15,intricate,mediators5,sparse,200,4,Production,0.47471103246337776
12,15,intricate,mediators5,sparse,200,5,Consumption,0.35863060756108367
12,15,intricate,mediators5,sparse,200,5,Production,0.5054652298839023
12,15,intricate,mediators6,sparse,200,1,Consumption,0.47892019622364795
12,15,intricate,mediators6,sparse,200,1,Production,0.5059525182565967
12,15,intricate,mediators6,sparse,200,2,Consumption,0.4564688976361856
12,15,intricate,mediators6,sparse,200,2,Production,0.5242422012749386
12,15,intricate,mediators6,sparse,200,3,Consumption,0.4375085045631357
12,15,intricate,mediators6,sparse,200,3,Production,0.49054076892924176
12,15,intricate,mediators6,sparse,200,4,Consumption,0.4703716509956564
12,15,intricate,mediators6,sparse,200,4,Production,0.49771536821015355
12,15,intricate,mediators6,sparse,200,5,Consumption,0.4501392610187391
12,15,intricate,mediators6,sparse,200,5,Production,0.47690980605134153
12,15,intricate,mediators7,sparse,200,1,Consumption,0.4886319545208014
12,15,intricate,mediators7,sparse,200,1,Production,0.5285014502961097
12,15,intricate,mediators7,sparse,200,2,Consumption,0.4837438184868902
12,15,intricate,mediators7,sparse,200,2,Production,0.5214103741382204
12,15,intricate,mediators7,sparse,200,3,Consumption,0.48297570902080095
12,15,intricate,mediators7,sparse,200,3,Production,0.51508205369534
12,15,intricate,mediators7,sparse,200,4,Consumption,0.45852914460404215
12,15,intricate,mediators7,sparse,200,4,Production,0.5066966235379811
12,15,intricate,mediators7,sparse,200,5,Consumption,0.4953906820979156
12,15,intricate,mediators7,sparse,200,5,Production,0.4876121416520381
12,15,intricate,mediators1,sparse,300,1,Consumption,0.1509506383369237
12,15,intricate,mediators1,sparse,300,1,Production,0.5176904280071154
12,15,intricate,mediators1,sparse,300,2,Consumption,0.12370899921147399
12,15,intricate,mediators1,sparse,300,2,Production,0.527001932935343
12,15,intricate,mediators1,sparse,300,3,Consumption,0.12296282988222712
12,15,intricate,mediators1,sparse,300,3,Production,0.4961985400912081
12,15,intricate,mediators1,sparse,300,4,Consumption,0.13196039826700245
12,15,intricate,mediators1,sparse,300,4,Production,0.528851497031723
12,15,intricate,mediators1,sparse,300,5,Consumption,0.12766180060237908
12,15,intricate,mediators1,sparse,300,5,Production,0.5140855237677581
12,15,intricate,mediators2,sparse,300,1,Consumption,0.3208108001313572
12,15,intricate,mediators2,sparse,300,1,Production,0.3890941832220747
12,15,intricate,mediators2,sparse,300,2,Consumption,0.411833214446426
12,15,intricate,mediators2,sparse,300,2,Production,0.4085165047405925
12,15,intricate,mediators2,sparse,300,3,Consumption,0.5605563623766963
12,15,intricate,mediators2,sparse,300,3,Production,0.3190508304704194
12,15,intricate,mediators2,sparse,300,4,Consumption,0.5495821889111993
12,15,intricate,mediators2,sparse,300,4,Production,0.3663418687075078
12,15,intricate,mediators2,sparse,300,5,Consumption,0.5471336834942963
12,15,intricate,mediators2,sparse,300,5,Production,0.3818298168921882
12,15,intricate,mediators3,sparse,300,1,Consumption,0.2899163421733543
12,15,intricate,mediators3,sparse,300,1,Production,0.42206696611035877
12,15,intricate,mediators3,sparse,300,2,Consumption,0.32629620587072733
12,15,intricate,mediators3,sparse,300,2,Production,0.4496444867706419
12,15,intricate,mediators3,sparse,300,3,Consumption,0.30196908737397143
12,15,intricate,mediators3,sparse,300,3,Production,0.4686749612220369
12,15,intricate,mediators3,sparse,300,4,Consumption,0.32008472398146204
12,15,intricate,mediators3,sparse,300,4,Production,0.4507251466465533
12,15,intricate,mediators3,sparse,300,5,Consumption,0.2916235604536355
12,15,intricate,mediators3,sparse,300,5,Production,0.44213412396645224
12,15,intricate,mediators4,sparse,300,1,Consumption,0.28170299096903595
12,15,intricate,mediators4,sparse,300,1,Production,0.31043241792748355
12,15,intricate,mediators4,sparse,300,2,Consumption,0.2511220424801488
12,15,intricate,mediators4,sparse,300,2,Production,0.2871432630105281
12,15,intricate,mediators4,sparse,300,3,Consumption,0.271905711408819
12,15,intricate,mediators4,sparse,300,3,Production,0.30761061403451134
12,15,intricate,mediators4,sparse,300,4,Consumption,0.2772527197597717
12,15,intricate,mediators4,sparse,300,4,Production,0.31899111135547215
12,15,intricate,mediators4,sparse,300,5,Consumption,0.2985423756765626
12,15,intricate,mediators4,sparse,300,5,Production,0.3182183728652823
12,15,intricate,mediators5,sparse,300,1,Consumption,0.3852743845593203
12,15,intricate,mediators5,sparse,300,1,Production,0.4936616903843115
12,15,intricate,mediators5,sparse,300,2,Consumption,0.3410174268162808
12,15,intricate,mediators5,sparse,300,2,Production,0.4924149600056448
12,15,intricate,mediators5,sparse,300,3,Consumption,0.3800546663561363
12,15,intricate,mediators5,sparse,300,3,Production,0.46844266683597935
12,15,intricate,mediators5,sparse,300,4,Consumption,0.39848796006335707
12,15,intricate,mediators5,sparse,300,4,Production,0.4704308988212695
12,15,intricate,mediators5,sparse,300,5,Consumption,0.3783321562744771
12,15,intricate,mediators5,sparse,300,5,Production,0.49348542021531333
12,15,intricate,mediators6,sparse,300,1,Consumption,0.4749256727493844
12,15,intricate,mediators6,sparse,300,1,Production,0.4851179040311561
12,15,intricate,mediators6,sparse,300,2,Consumption,0.4383041279506356
12,15,intricate,mediators6,sparse,300,2,Production,0.49055105231880947
12,15,intricate,mediators6,sparse,300,3,Consumption,0.45095740187897637
12,15,intricate,mediators6,sparse,300,3,Production,0.4999851835170532
12,15,intricate,mediators6,sparse,300,4,Consumption,0.46233790040738937
12,15,intricate,mediators6,sparse,300,4,Production,0.4972426986776013
12,15,intricate,mediators6,sparse,300,5,Consumption,0.4506041317007365
12,15,intricate,mediators6,sparse,300,5,Production,0.48266289093823816
12,15,intricate,mediators7,sparse,300,1,Consumption,0.48145200846113917
12,15,intricate,mediators7,sparse,300,1,Production,0.5081013061639236
12,15,intricate,mediators7,sparse,300,2,Consumption,0.5014035773450676
12,15,intricate,mediators7,sparse,300,2,Production,0.5179594018127914
12,15,intricate,mediators7,sparse,300,3,Consumption,0.46981657600999766
12,15,intricate,mediators7,sparse,300,3,Production,0.5118914971696101
12,15,intricate,mediators7,sparse,300,4,Consumption,0.4925484421770221
12,15,intricate,mediators7,sparse,300,4,Production,0.5320071049719868
12,15,intricate,mediators7,sparse,300,5,Consumption,0.46439275891038756
12,15,intricate,mediators7,sparse,300,5,Production,0.5021093653505607
12,15,intricate,mediators1,sparse,500,1,Consumption,0.13236907480603494
12,15,intricate,mediators1,sparse,500,1,Production,0.3586570423714138
12,15,intricate,mediators1,sparse,500,2,Consumption,0.12719207948091774
12,15,intricate,mediators1,sparse,500,2,Production,0.3356824036008664
12,15,intricate,mediators1,sparse,500,3,Consumption,0.13812054859166753
12,15,intricate,mediators1,sparse,500,3,Production,0.46064208821488295
12,15,intricate,mediators1,sparse,500,4,Consumption,0.14315793914480324
12,15,intricate,mediators1,sparse,500,4,Production,0.481696991828919
12,15,intricate,mediators1,sparse,500,5,Consumption,0.13360721768932904
12,15,intricate,mediators1,sparse,500,5,Production,0.4677826598064978
12,15,intricate,mediators2,sparse,500,1,Consumption,0.412724164265665
12,15,intricate,mediators2,sparse,500,1,Production,0.3467788997428151
12,15,intricate,mediators2,sparse,500,2,Consumption,0.44775276837090805
12,15,intricate,mediators2,sparse,500,2,Production,0.3441443381935972
12,15,intricate,mediators2,sparse,500,3,Consumption,0.45995321874551115
12,15,intricate,mediators2,sparse,500,3,Production,0.36326533936584304
12,15,intricate,mediators2,sparse,500,4,Consumption,0.2862674540160827
12,15,intricate,mediators2,sparse,500,4,Production,0.3655703454966756
12,15,intricate,mediators2,sparse,500,5,Consumption,0.39503847027006056
12,15,intricate,mediators2,sparse,500,5,Production,0.3628821545206837
12,15,intricate,mediators3,sparse,500,1,Consumption,0.21414169087030535
12,15,intricate,mediators3,sparse,500,1,Production,0.4271993551665779
12,15,intricate,mediators3,sparse,500,2,Consumption,0.19465429039423995
12,15,intricate,mediators3,sparse,500,2,Production,0.44056630052127654
12,15,intricate,mediators3,sparse,500,3,Consumption,0.21993042161396814
12,15,intricate,mediators3,sparse,500,3,Production,0.47353635138644257
12,15,intricate,mediators3,sparse,500,4,Consumption,0.2043048178718214
12,15,intricate,mediators3,sparse,500,4,Production,0.42314367616590465
12,15,intricate,mediators3,sparse,500,5,Consumption,0.2168514670465695
12,15,intricate,mediators3,sparse,500,5,Production,0.4345850577203851
12,15,intricate,mediators4,sparse,500,1,Consumption,0.2921340158839077
12,15,intricate,mediators4,sparse,500,1,Production,0.3107347026882406
12,15,intricate,mediators4,sparse,500,2,Consumption,0.2635380309444309
12,15,intricate,mediators4,sparse,500,2,Production,0.27809787249884005
12,15,intricate,mediators4,sparse,500,3,Consumption,0.29179143485790904
12,15,intricate,mediators4,sparse,500,3,Production,0.3070817149808938
12,15,intricate,mediators4,sparse,500,4,Consumption,0.30382267228997956
12,15,intricate,mediators4,sparse,500,4,Production,0.31892966026750724
12,15,intricate,mediators4,sparse,500,5,Consumption,0.3001146750974393
12,15,intricate,mediators4,sparse,500,5,Production,0.3044727911545551
12,15,intricate,mediators5,sparse,500,1,Consumption,0.3731378083656443
12,15,intricate,mediators5,sparse,500,1,Production,0.5177620800224177
12,15,intricate,mediators5,sparse,500,2,Consumption,0.3684494889356773
12,15,intricate,mediators5,sparse,500,2,Production,0.496363447608694
12,15,intricate,mediators5,sparse,500,3,Consumption,0.3696021837719375
12,15,intricate,mediators5,sparse,500,3,Production,0.46484630569988045
12,15,intricate,mediators5,sparse,500,4,Consumption,0.4114386009455051
12,15,intricate,mediators5,sparse,500,4,Production,0.46210299965393564
12,15,intricate,mediators5,sparse,500,5,Consumption,0.3828509835203003
12,15,intricate,mediators5,sparse,500,5,Production,0.49745082905410865
12,15,intricate,mediators6,sparse,500,1,Consumption,0.4603283619928983
12,15,intricate,mediators6,sparse,500,1,Production,0.5017040875152726
12,15,intricate,mediators6,sparse,500,2,Consumption,0.4603001603889798
12,15,intricate,mediators6,sparse,500,2,Production,0.494696961601399
12,15,intricate,mediators6,sparse,500,3,Consumption,0.46245760978858785
12,15,intricate,mediators6,sparse,500,3,Production,0.5223285731715519
12,15,intricate,mediators6,sparse,500,4,Consumption,0.4505606063086884
12,15,intricate,mediators6,sparse,500,4,Production,0.4893244231419057
12,15,intricate,mediators6,sparse,500,5,Consumption,0.46534110103632315
12,15,intricate,mediators6,sparse,500,5,Production,0.5072336527827741
12,15,intricate,mediators7,sparse,500,1,Consumption,0.46841010081409645
12,15,intricate,mediators7,sparse,500,1,Production,0.5059098954980463
12,15,intricate,mediators7,sparse,500,2,Consumption,0.4808505103601741
12,15,intricate,mediators7,sparse,500,2,Production,0.49380732212388806
12,15,intricate,mediators7,sparse,500,3,Consumption,0.4679949194297191
12,15,intricate,mediators7,sparse,500,3,Production,0.49524157996644486
12,15,simple,mediators1,baseline,1000,1,Consumption,0.15004447332021387
12,15,simple,mediators1,baseline,1000,1,Production,0.31003688645172117
12,15,simple,mediators1,baseline,1000,3,Consumption,0.14975496759164741
12,15,simple,mediators1,baseline,1000,3,Production,0.2778110073187132
12,15,simple,mediators2,baseline,1000,1,Consumption,0.177120668341564
12,15,simple,mediators2,baseline,1000,1,Production,0.29925752554086454
12,15,simple,mediators2,baseline,1000,2,Consumption,0.1861961313555211
12,15,simple,mediators2,baseline,1000,2,Production,0.28988850440055797
12,15,simple,mediators2,baseline,1000,3,Consumption,0.18369917339074335
12,15,simple,mediators2,baseline,1000,3,Production,0.28946049559219994
12,15,simple,mediators3,baseline,1000,1,Consumption,0.2905176067810121
12,15,simple,mediators3,baseline,1000,1,Production,0.5248217406710145
12,15,simple,mediators3,baseline,1000,2,Consumption,0.261950616620298
12,15,simple,mediators3,baseline,1000,2,Production,0.52766045025441
12,15,simple,mediators3,baseline,1000,3,Consumption,0.35876829703554786
12,15,simple,mediators3,baseline,1000,3,Production,0.5314762245405497
12,15,simple,mediators4,baseline,1000,1,Consumption,0.23280699554592832
12,15,simple,mediators4,baseline,1000,1,Production,0.4368271449780466
12,15,simple,mediators4,baseline,1000,2,Consumption,0.2773329718109853
12,15,simple,mediators4,baseline,1000,2,Production,0.43979619340828796
12,15,simple,mediators4,baseline,1000,3,Consumption,0.2754318563997222
12,15,simple,mediators4,baseline,1000,3,Production,0.4224757921299238
12,15,simple,mediators5,baseline,1000,1,Consumption,0.44712768123631286
12,15,simple,mediators5,baseline,1000,1,Production,0.5586388518977115
12,15,simple,mediators5,baseline,1000,3,Consumption,0.40884303938406835
12,15,simple,mediators5,baseline,1000,3,Production,0.5115606037747672
12,15,simple,mediators1,baseline,100,1,Consumption,0.15037476652912307
12,15,simple,mediators1,baseline,100,1,Production,0.2947482078350923
12,15,simple,mediators1,baseline,100,2,Consumption,0.151675674603443
12,15,simple,mediators1,baseline,100,2,Production,0.2633364438481575
12,15,simple,mediators1,baseline,100,3,Consumption,0.1612569365321714
12,15,simple,mediators1,baseline,100,3,Production,0.2927848742438165
12,15,simple,mediators1,baseline,100,4,Consumption,0.16154504431647662
12,15,simple,mediators1,baseline,100,4,Production,0.294339628917019
12,15,simple,mediators1,baseline,100,5,Consumption,0.14826924517994455
12,15,simple,mediators1,baseline,100,5,Production,0.27728351841796955
12,15,simple,mediators2,baseline,100,1,Consumption,0.28339326573266577
12,15,simple,mediators2,baseline,100,1,Production,0.33037949629550956
12,15,simple,mediators2,baseline,100,2,Consumption,0.3344203150249334
12,15,simple,mediators2,baseline,100,2,Production,0.35760299075623986
12,15,simple,mediators2,baseline,100,3,Consumption,0.24549595114387343
12,15,simple,mediators2,baseline,100,3,Production,0.356557065628176
12,15,simple,mediators2,baseline,100,4,Consumption,0.3783057711239139
12,15,simple,mediators2,baseline,100,4,Production,0.3115814728860293
12,15,simple,mediators2,baseline,100,5,Consumption,0.2810111182730265
12,15,simple,mediators2,baseline,100,5,Production,0.346958386204824
12,15,simple,mediators3,baseline,100,1,Consumption,0.2404022147778284
12,15,simple,mediators3,baseline,100,1,Production,0.4758377055545052
12,15,simple,mediators3,baseline,100,2,Consumption,0.23960530170020272
12,15,simple,mediators3,baseline,100,2,Production,0.48848927437803635
12,15,simple,mediators3,baseline,100,3,Consumption,0.24852920597454167
12,15,simple,mediators3,baseline,100,3,Production,0.4888250492766857
12,15,simple,mediators3,baseline,100,4,Consumption,0.2714133677023931
12,15,simple,mediators3,baseline,100,4,Production,0.5019333663959686
12,15,simple,mediators3,baseline,100,5,Consumption,0.2429316019659259
12,15,simple,mediators3,baseline,100,5,Production,0.5032854264621495
12,15,simple,mediators4,baseline,100,1,Consumption,0.2708783573918013
12,15,simple,mediators4,baseline,100,1,Production,0.4869285212383407
12,15,simple,mediators4,baseline,100,2,Consumption,0.277661607291352
12,15,simple,mediators4,baseline,100,2,Production,0.4939675615142844
12,15,simple,mediators4,baseline,100,3,Consumption,0.26041498957981535
12,15,simple,mediators4,baseline,100,3,Production,0.4884773316348201
12,15,simple,mediators4,baseline,100,4,Consumption,0.2708250729647533
12,15,simple,mediators4,baseline,100,4,Production,0.49389734393222023
12,15,simple,mediators4,baseline,100,5,Consumption,0.2488191394012759
12,15,simple,mediators4,baseline,100,5,Production,0.475062038846237
12,15,simple,mediators5,baseline,100,1,Consumption,0.36398581638723976
12,15,simple,mediators5,baseline,100,1,Production,0.5409891974932631
12,15,simple,mediators5,baseline,100,2,Consumption,0.350015613211657
12,15,simple,mediators5,baseline,100,2,Production,0.5289410233634761
12,15,simple,mediators5,baseline,100,3,Consumption,0.36203504169412243
12,15,simple,mediators5,baseline,100,3,Production,0.5533388676176341
12,15,simple,mediators5,baseline,100,4,Consumption,0.3968937246636823
12,15,simple,mediators5,baseline,100,4,Production,0.5245566007866965
12,15,simple,mediators5,baseline,100,5,Consumption,0.35569740407271006
12,15,simple,mediators5,baseline,100,5,Production,0.5278426349825541
12,15,simple,mediators6,baseline,100,1,Consumption,0.3827031936993298
12,15,simple,mediators6,baseline,100,1,Production,0.5268826227003518
12,15,simple,mediators6,baseline,100,2,Consumption,0.3459935772489515
12,15,simple,mediators6,baseline,100,2,Production,0.5240996472315099
12,15,simple,mediators6,baseline,100,3,Consumption,0.3177235898959574
12,15,simple,mediators6,baseline,100,3,Production,0.5698890956119129
12,15,simple,mediators6,baseline,100,4,Consumption,0.38154018179532945
12,15,simple,mediators6,baseline,100,4,Production,0.540436587548341
12,15,simple,mediators6,baseline,100,5,Consumption,0.3848006034641614
12,15,simple,mediators6,baseline,100,5,Production,0.5379358837305723
12,15,simple,mediators7,baseline,100,1,Consumption,0.3511477498387475
12,15,simple,mediators7,baseline,100,1,Production,0.5305320360278839
12,15,simple,mediators7,baseline,100,2,Consumption,0.35779543986884466
12,15,simple,mediators7,baseline,100,2,Production,0.5478718080630193
12,15,simple,mediators7,baseline,100,4,Consumption,0.3829816510172453
12,15,simple,mediators7,baseline,100,4,Production,0.5474820809409945
12,15,simple,mediators1,baseline,200,1,Consumption,0.14112730467137932
12,15,simple,mediators1,baseline,200,1,Production,0.282503509985843
12,15,simple,mediators1,baseline,200,2,Consumption,0.15098604271669866
12,15,simple,mediators1,baseline,200,2,Production,0.2772722986446
12,15,simple,mediators1,baseline,200,3,Consumption,0.1444018328888974
12,15,simple,mediators1,baseline,200,3,Production,0.29576012650460476
12,15,simple,mediators1,baseline,200,4,Consumption,0.15999238840976257
12,15,simple,mediators1,baseline,200,4,Production,0.282638868482889
12,15,simple,mediators1,baseline,200,5,Consumption,0.14811145907461296
12,15,simple,mediators1,baseline,200,5,Production,0.2453784906218156
12,15,simple,mediators2,baseline,200,1,Consumption,0.3180829506323934
12,15,simple,mediators2,baseline,200,1,Production,0.26766407586059754
12,15,simple,mediators2,baseline,200,2,Consumption,0.27164608696102044
12,15,simple,mediators2,baseline,200,2,Production,0.2974179683974177
12,15,simple,mediators2,baseline,200,3,Consumption,0.29270988646158325
12,15,simple,mediators2,baseline,200,3,Production,0.22867554256326525
12,15,simple,mediators2,baseline,200,4,Consumption,0.2534649819672304
12,15,simple,mediators2,baseline,200,4,Production,0.275691548060111
12,15,simple,mediators2,baseline,200,5,Consumption,0.2936423869002124
12,15,simple,mediators2,baseline,200,5,Production,0.26683929092546316
12,15,simple,mediators3,baseline,200,1,Consumption,0.23733563921130052
12,15,simple,mediators3,baseline,200,1,Production,0.4736510491699919
12,15,simple,mediators3,baseline,200,2,Consumption,0.24313670462225673
12,15,simple,mediators3,baseline,200,2,Production,0.4747347991945648
12,15,simple,mediators3,baseline,200,3,Consumption,0.274053035669413
12,15,simple,mediators3,baseline,200,3,Production,0.5015311945909913
12,15,simple,mediators3,baseline,200,4,Consumption,0.2592413649862059
12,15,simple,mediators3,baseline,200,4,Production,0.507622183278756
12,15,simple,mediators3,baseline,200,5,Consumption,0.25908291410526935
12,15,simple,mediators3,baseline,200,5,Production,0.5100987435777123
12,15,simple,mediators4,baseline,200,1,Consumption,0.26301450933484666
12,15,simple,mediators4,baseline,200,1,Production,0.4822221151792818
12,15,simple,mediators4,baseline,200,2,Consumption,0.26216274720574356
12,15,simple,mediators4,baseline,200,2,Production,0.4860482220807496
12,15,simple,mediators4,baseline,200,3,Consumption,0.26678905787464174
12,15,simple,mediators4,baseline,200,3,Production,0.4895500109080595
12,15,simple,mediators4,baseline,200,4,Consumption,0.25118191733685147
12,15,simple,mediators4,baseline,200,4,Production,0.4801594092238262
12,15,simple,mediators4,baseline,200,5,Consumption,0.24961085025047672
12,15,simple,mediators4,baseline,200,5,Production,0.4825053380314285
12,15,simple,mediators5,baseline,200,1,Consumption,0.31755769693819547
12,15,simple,mediators5,baseline,200,1,Production,0.5271727608035917
12,15,simple,mediators5,baseline,200,2,Consumption,0.34940618850233646
12,15,simple,mediators5,baseline,200,2,Production,0.5318703904717825
12,15,simple,mediators5,baseline,200,3,Consumption,0.3376012132993152
12,15,simple,mediators5,baseline,200,3,Production,0.5389627447342787
12,15,simple,mediators5,baseline,200,4,Consumption,0.37473998878361725
12,15,simple,mediators5,baseline,200,4,Production,0.539883455016919
12,15,simple,mediators5,baseline,200,5,Consumption,0.3411446587186112
12,15,simple,mediators5,baseline,200,5,Production,0.5384215251747615
12,15,simple,mediators6,baseline,200,1,Consumption,0.3681766409849245
12,15,simple,mediators6,baseline,200,1,Production,0.5414385438694029
12,15,simple,mediators6,baseline,200,2,Consumption,0.34410615116911636
12,15,simple,mediators6,baseline,200,2,Production,0.523313911207673
12,15,simple,mediators6,baseline,200,3,Consumption,0.35110751492013187
12,15,simple,mediators6,baseline,200,3,Production,0.5284194635870555
12,15,simple,mediators6,baseline,200,4,Consumption,0.34034320258840556
12,15,simple,mediators6,baseline,200,4,Production,0.5505974052350274
12,15,simple,mediators6,baseline,200,5,Consumption,0.35545770775372837
12,15,simple,mediators6,baseline,200,5,Production,0.5363740077298411
12,15,simple,mediators7,baseline,200,1,Consumption,0.33821872296301986
12,15,simple,mediators7,baseline,200,1,Production,0.5417411532888203
12,15,simple,mediators7,baseline,200,2,Consumption,0.40368732761594484
12,15,simple,mediators7,baseline,200,2,Production,0.5212191568129027
12,15,simple,mediators7,baseline,200,4,Consumption,0.36520960967214827
12,15,simple,mediators7,baseline,200,4,Production,0.5370652073295378
12,15,simple,mediators7,baseline,200,5,Consumption,0.3777565688999779
12,15,simple,mediators7,baseline,200,5,Production,0.5626614174046993
12,15,simple,mediators1,baseline,300,1,Consumption,0.14580500528491805
12,15,simple,mediators1,baseline,300,1,Production,0.2825436369947334
12,15,simple,mediators1,baseline,300,2,Consumption,0.14285589255871184
12,15,simple,mediators1,baseline,300,2,Production,0.2699510529967188
12,15,simple,mediators1,baseline,300,3,Consumption,0.15785368736259822
12,15,simple,mediators1,baseline,300,3,Production,0.29457904060666024
12,15,simple,mediators1,baseline,300,4,Consumption,0.16095588395496171
12,15,simple,mediators1,baseline,300,4,Production,0.2792194608248361
12,15,simple,mediators1,baseline,300,5,Consumption,0.14883040031182587
12,15,simple,mediators1,baseline,300,5,Production,0.29571299548987945
12,15,simple,mediators2,baseline,300,1,Consumption,0.2344816247676423
12,15,simple,mediators2,baseline,300,1,Production,0.2587493177973873
12,15,simple,mediators2,baseline,300,2,Consumption,0.24052966150387542
12,15,simple,mediators2,baseline,300,2,Production,0.25862559732232215
12,15,simple,mediators2,baseline,300,3,Consumption,0.24653219720269512
12,15,simple,mediators2,baseline,300,3,Production,0.27091700905652766
12,15,simple,mediators2,baseline,300,4,Consumption,0.2744121768426516
12,15,simple,mediators2,baseline,300,4,Production,0.2746074690164779
12,15,simple,mediators2,baseline,300,5,Consumption,0.29843606131057654
12,15,simple,mediators2,baseline,300,5,Production,0.25306721862196546
12,15,simple,mediators3,baseline,300,1,Consumption,0.2770641024939249
12,15,simple,mediators3,baseline,300,1,Production,0.5123579679509813
12,15,simple,mediators3,baseline,300,2,Consumption,0.2927404282112872
12,15,simple,mediators3,baseline,300,2,Production,0.531195843282365
12,15,simple,mediators3,baseline,300,3,Consumption,0.27944788879554056
12,15,simple,mediators3,baseline,300,3,Production,0.5069345876496226
12,15,simple,mediators3,baseline,300,4,Consumption,0.2976555176510961
12,15,simple,mediators3,baseline,300,4,Production,0.5203217267462825
12,15,simple,mediators3,baseline,300,5,Consumption,0.2784053852687725
12,15,simple,mediators3,baseline,300,5,Production,0.5186228222533413
12,15,simple,mediators4,baseline,300,1,Consumption,0.2506704387455733
12,15,simple,mediators4,baseline,300,1,Production,0.4803501377180147
12,15,simple,mediators4,baseline,300,2,Consumption,0.24188032425201908
12,15,simple,mediators4,baseline,300,2,Production,0.4731176595012067
12,15,simple,mediators4,baseline,300,3,Consumption,0.25144219728892886
12,15,simple,mediators4,baseline,300,3,Production,0.4804168361104417
12,15,simple,mediators4,baseline,300,4,Consumption,0.2576408228402783
12,15,simple,mediators4,baseline,300,4,Production,0.4767348374908582
12,15,simple,mediators4,baseline,300,5,Consumption,0.2302376832564764
12,15,simple,mediators4,baseline,300,5,Production,0.4713308765287139
12,15,simple,mediators5,baseline,300,1,Consumption,0.40068574865097056
12,15,simple,mediators5,baseline,300,1,Production,0.5283361069053305
12,15,simple,mediators5,baseline,300,2,Consumption,0.3989793633076488
12,15,simple,mediators5,baseline,300,2,Production,0.5277162499219857
12,15,simple,mediators5,baseline,300,3,Consumption,0.390678881418566
12,15,simple,mediators5,baseline,300,3,Production,0.4993037462123313
12,15,simple,mediators5,baseline,300,4,Consumption,0.36665194575060056
12,15,simple,mediators5,baseline,300,4,Production,0.5226303252799142
12,15,simple,mediators5,baseline,300,5,Consumption,0.3457726704196952
12,15,simple,mediators5,baseline,300,5,Production,0.5131374600928921
12,15,simple,mediators6,baseline,300,1,Consumption,0.33454757012848524
12,15,simple,mediators6,baseline,300,1,Production,0.5436845111024564
12,15,simple,mediators6,baseline,300,2,Consumption,0.3432016320965479
12,15,simple,mediators6,baseline,300,2,Production,0.5352900468325925
12,15,simple,mediators6,baseline,300,3,Consumption,0.33205680538598237
12,15,simple,mediators6,baseline,300,3,Production,0.5061969399123105
12,15,simple,mediators6,baseline,300,4,Consumption,0.3541046965853909
12,15,simple,mediators6,baseline,300,4,Production,0.5497622806920507
12,15,simple,mediators6,baseline,300,5,Consumption,0.3322634667304998
12,15,simple,mediators6,baseline,300,5,Production,0.5262961014795265
12,15,simple,mediators7,baseline,300,2,Consumption,0.40435714201080386
12,15,simple,mediators7,baseline,300,2,Production,0.5407456122803075
12,15,simple,mediators7,baseline,300,4,Consumption,0.3919399433882775
12,15,simple,mediators7,baseline,300,4,Production,0.554719658073006
12,15,simple,mediators1,baseline,500,1,Consumption,0.1454373179115859
12,15,simple,mediators1,baseline,500,1,Production,0.27685149022636846
12,15,simple,mediators1,baseline,500,2,Consumption,0.15318040052394036
12,15,simple,mediators1,baseline,500,2,Production,0.2727694794331039
12,15,simple,mediators1,baseline,500,3,Consumption,0.15378259659461652
12,15,simple,mediators1,baseline,500,3,Production,0.2783663799649818
12,15,simple,mediators1,baseline,500,4,Consumption,0.14158963083804332
12,15,simple,mediators1,baseline,500,4,Production,0.2743471484373678
12,15,simple,mediators1,baseline,500,5,Consumption,0.14310767766314136
12,15,simple,mediators1,baseline,500,5,Production,0.2620123895577149
12,15,simple,mediators2,baseline,500,1,Consumption,0.1641935055757879
12,15,simple,mediators2,baseline,500,1,Production,0.30523744548537923
12,15,simple,mediators2,baseline,500,2,Consumption,0.20578028293073244
12,15,simple,mediators2,baseline,500,2,Production,0.28687314299181904
12,15,simple,mediators2,baseline,500,3,Consumption,0.17896512790526606
12,15,simple,mediators2,baseline,500,3,Production,0.24635757567013994
12,15,simple,mediators2,baseline,500,4,Consumption,0.18732834640103363
12,15,simple,mediators2,baseline,500,4,Production,0.2777096984984945
12,15,simple,mediators2,baseline,500,5,Consumption,0.266585220483562
12,15,simple,mediators2,baseline,500,5,Production,0.27603309442130786
12,15,simple,mediators3,baseline,500,1,Consumption,0.304419079770746
12,15,simple,mediators3,baseline,500,1,Production,0.5094624219356183
12,15,simple,mediators3,baseline,500,2,Consumption,0.28563750602567406
12,15,simple,mediators3,baseline,500,2,Production,0.5335701798671223
12,15,simple,mediators3,baseline,500,3,Consumption,0.27501555332011685
12,15,simple,mediators3,baseline,500,3,Production,0.5206033058755457
12,15,simple,mediators3,baseline,500,4,Consumption,0.2750055589176241
12,15,simple,mediators3,baseline,500,4,Production,0.5298554660640279
12,15,simple,mediators3,baseline,500,5,Consumption,0.307360578227963
12,15,simple,mediators3,baseline,500,5,Production,0.5287445251617451
12,15,simple,mediators4,baseline,500,1,Consumption,0.25174549260171747
12,15,simple,mediators4,baseline,500,1,Production,0.4460126030286962
12,15,simple,mediators4,baseline,500,2,Consumption,0.27058764639065225
12,15,simple,mediators4,baseline,500,2,Production,0.4284693024623787
12,15,simple,mediators4,baseline,500,3,Consumption,0.2655497525975064
12,15,simple,mediators4,baseline,500,3,Production,0.4538638813048039
12,15,simple,mediators4,baseline,500,4,Consumption,0.26759157069342715
12,15,simple,mediators4,baseline,500,4,Production,0.44549084783344595
12,15,simple,mediators4,baseline,500,5,Consumption,0.25667765349714283
12,15,simple,mediators4,baseline,500,5,Production,0.47341540866340953
12,15,simple,mediators5,baseline,500,1,Consumption,0.39045646294072484
12,15,simple,mediators5,baseline,500,1,Production,0.5081702130809224
12,15,simple,mediators5,baseline,500,2,Consumption,0.42638815548594455
12,15,simple,mediators5,baseline,500,2,Production,0.5208171441669466
12,15,simple,mediators5,baseline,500,3,Consumption,0.42504672055347953
12,15,simple,mediators5,baseline,500,3,Production,0.5074395508289623
12,15,simple,mediators5,baseline,500,4,Consumption,0.4415920355420143
12,15,simple,mediators5,baseline,500,4,Production,0.49522476457607373
12,15,simple,mediators5,baseline,500,5,Consumption,0.4059946141084517
12,15,simple,mediators5,baseline,500,5,Production,0.5219817489479142
12,15,simple,mediators6,baseline,500,3,Consumption,0.3728042017914497
12,15,simple,mediators6,baseline,500,3,Production,0.5406380619796435
12,15,simple,mediators6,baseline,500,5,Consumption,0.27310192376221326
12,15,simple,mediators6,baseline,500,5,Production,0.5158194528490656
12,15,simple,mediators7,baseline,500,4,Consumption,0.4409843482837761
12,15,simple,mediators7,baseline,500,4,Production,0.545883073968168
12,15,simple,mediators1,noisy,1000,1,Consumption,0.13592012375298596
12,15,simple,mediators1,noisy,1000,1,Production,0.2508704305393997
12,15,simple,mediators1,noisy,1000,2,Consumption,0.14467984533092848
12,15,simple,mediators1,noisy,1000,2,Production,0.29704575637113095
12,15,simple,mediators1,noisy,1000,3,Consumption,0.14514511142393677
12,15,simple,mediators1,noisy,1000,3,Production,0.2744472783290658
12,15,simple,mediators2,noisy,1000,1,Consumption,0.38114925157464197
12,15,simple,mediators2,noisy,1000,1,Production,0.2990797521245939
12,15,simple,mediators2,noisy,1000,2,Consumption,0.2512175472020084
12,15,simple,mediators2,noisy,1000,2,Production,0.2603015433062635
12,15,simple,mediators2,noisy,1000,3,Consumption,0.5490046546582055
12,15,simple,mediators2,noisy,1000,3,Production,0.25843481693496206
12,15,simple,mediators3,noisy,1000,1,Consumption,0.22059149438369408
12,15,simple,mediators3,noisy,1000,1,Production,0.4343412509700927
12,15,simple,mediators3,noisy,1000,2,Consumption,0.24694944923023016
12,15,simple,mediators3,noisy,1000,2,Production,0.37263188663768504
12,15,simple,mediators3,noisy,1000,3,Consumption,0.2692204629292465
12,15,simple,mediators3,noisy,1000,3,Production,0.36967054406863586
12,15,simple,mediators4,noisy,1000,1,Consumption,0.22588767652555794
12,15,simple,mediators4,noisy,1000,1,Production,0.47865774797020183
12,15,simple,mediators4,noisy,1000,2,Consumption,0.22681630969964672
12,15,simple,mediators4,noisy,1000,2,Production,0.4374506977938204
12,15,simple,mediators4,noisy,1000,3,Consumption,0.2624039373600804
12,15,simple,mediators4,noisy,1000,3,Production,0.43741126720456325
12,15,simple,mediators5,noisy,1000,1,Consumption,0.3819312827543722
12,15,simple,mediators5,noisy,1000,1,Production,0.555957426076673
12,15,simple,mediators5,noisy,1000,2,Consumption,0.36518951133730415
12,15,simple,mediators5,noisy,1000,2,Production,0.5536096439622449
12,15,simple,mediators5,noisy,1000,3,Consumption,0.3733124199107915
12,15,simple,mediators5,noisy,1000,3,Production,0.5137082526717556
12,15,simple,mediators6,noisy,1000,1,Consumption,0.29883937932210064
12,15,simple,mediators6,noisy,1000,1,Production,0.510081156042868
12,15,simple,mediators6,noisy,1000,2,Consumption,0.2673165192910373
12,15,simple,mediators6,noisy,1000,2,Production,0.5247030687269729
12,15,simple,mediators7,noisy,1000,1,Consumption,0.27172336498026867
12,15,simple,mediators7,noisy,1000,1,Production,0.4853644990381988
12,15,simple,mediators1,noisy,100,1,Consumption,0.13772005493234904
12,15,simple,mediators1,noisy,100,1,Production,0.28781676038248416
12,15,simple,mediators1,noisy,100,2,Consumption,0.15018808021034136
12,15,simple,mediators1,noisy,100,2,Production,0.2706222663164226
12,15,simple,mediators1,noisy,100,3,Consumption,0.1640915970270417
12,15,simple,mediators1,noisy,100,3,Production,0.28156465479558573
12,15,simple,mediators1,noisy,100,4,Consumption,0.16057587805115803
12,15,simple,mediators1,noisy,100,4,Production,0.278494822951378
12,15,simple,mediators1,noisy,100,5,Consumption,0.14674815071184671
12,15,simple,mediators1,noisy,100,5,Production,0.29158008136507674
12,15,simple,mediators2,noisy,100,1,Consumption,0.31118051187905893
12,15,simple,mediators2,noisy,100,1,Production,0.31871819941947804
12,15,simple,mediators2,noisy,100,2,Consumption,0.3413377573741835
12,15,simple,mediators2,noisy,100,2,Production,0.347797428347086
12,15,simple,mediators2,noisy,100,3,Consumption,0.1738040148271288
12,15,simple,mediators2,noisy,100,3,Production,0.4523587132726656
12,15,simple,mediators2,noisy,100,4,Consumption,0.6876382834626666
12,15,simple,mediators2,noisy,100,4,Production,0.4053290576068617
12,15,simple,mediators2,noisy,100,5,Consumption,0.20379939580203596
12,15,simple,mediators2,noisy,100,5,Production,0.45579959227125716
12,15,simple,mediators3,noisy,100,1,Consumption,0.27870461828755455
12,15,simple,mediators3,noisy,100,1,Production,0.4650496266093178
12,15,simple,mediators3,noisy,100,2,Consumption,0.2568126550513091
12,15,simple,mediators3,noisy,100,2,Production,0.4172295167919505
12,15,simple,mediators3,noisy,100,3,Consumption,0.2730946518463843
12,15,simple,mediators3,noisy,100,3,Production,0.3861512075038869
12,15,simple,mediators3,noisy,100,4,Consumption,0.2667438916593797
12,15,simple,mediators3,noisy,100,4,Production,0.39377253278394797
12,15,simple,mediators3,noisy,100,5,Consumption,0.2745443046953155
12,15,simple,mediators3,noisy,100,5,Production,0.3926241891149858
12,15,simple,mediators4,noisy,100,1,Consumption,0.2735885683181329
12,15,simple,mediators4,noisy,100,1,Production,0.46647926469902223
12,15,simple,mediators4,noisy,100,2,Consumption,0.2681668522697541
12,15,simple,mediators4,noisy,100,2,Production,0.47778940107979173
12,15,simple,mediators4,noisy,100,3,Consumption,0.2911105919548597
12,15,simple,mediators4,noisy,100,3,Production,0.490865147646484
12,15,simple,mediators4,noisy,100,4,Consumption,0.3054062641281809
12,15,simple,mediators4,noisy,100,4,Production,0.5147333550756078
12,15,simple,mediators4,noisy,100,5,Consumption,0.3172223566645126
12,15,simple,mediators4,noisy,100,5,Production,0.5078964526440072
12,15,simple,mediators5,noisy,100,1,Consumption,0.42564563124749716
12,15,simple,mediators5,noisy,100,1,Production,0.5410193306662837
12,15,simple,mediators5,noisy,100,2,Consumption,0.37868857131863953
12,15,simple,mediators5,noisy,100,2,Production,0.5195011688760693
12,15,simple,mediators5,noisy,100,3,Consumption,0.4240639027131544
12,15,simple,mediators5,noisy,100,3,Production,0.5686292794385795
12,15,simple,mediators5,noisy,100,4,Consumption,0.38072132559420874
12,15,simple,mediators5,noisy,100,4,Production,0.5344946264780617
12,15,simple,mediators5,noisy,100,5,Consumption,0.37904975847282535
12,15,simple,mediators5,noisy,100,5,Production,0.538753766541508
12,15,simple,mediators6,noisy,100,1,Consumption,0.3928899349150349
12,15,simple,mediators6,noisy,100,1,Production,0.5099042555313136
12,15,simple,mediators6,noisy,100,2,Consumption,0.3510991313336746
12,15,simple,mediators6,noisy,100,2,Production,0.5496212336789339
12,15,simple,mediators6,noisy,100,3,Consumption,0.3296568054987343
12,15,simple,mediators6,noisy,100,3,Production,0.550604299270335
12,15,simple,mediators6,noisy,100,4,Consumption,0.3907939688995862
12,15,simple,mediators6,noisy,100,4,Production,0.5674006971607586
12,15,simple,mediators6,noisy,100,5,Consumption,0.35602530997550963
12,15,simple,mediators6,noisy,100,5,Production,0.5443546147690835
12,15,simple,mediators7,noisy,100,1,Consumption,0.37907472916873314
12,15,simple,mediators7,noisy,100,1,Production,0.5176231175564414
12,15,simple,mediators7,noisy,100,2,Consumption,0.3674252609833965
12,15,simple,mediators7,noisy,100,2,Production,0.5520482406643408
12,15,simple,mediators7,noisy,100,3,Consumption,0.3572366759702497
12,15,simple,mediators7,noisy,100,3,Production,0.5577138251278431
12,15,simple,mediators7,noisy,100,4,Consumption,0.3781436880129636
12,15,simple,mediators7,noisy,100,4,Production,0.5596417809724284
12,15,simple,mediators7,noisy,100,5,Consumption,0.3680595075971991
12,15,simple,mediators7,noisy,100,5,Production,0.5475412398433168
12,15,simple,mediators1,noisy,200,1,Consumption,0.14511355534039072
12,15,simple,mediators1,noisy,200,1,Production,0.2890566620263492
12,15,simple,mediators1,noisy,200,2,Consumption,0.14555657637141622
12,15,simple,mediators1,noisy,200,2,Production,0.281024349497776
12,15,simple,mediators1,noisy,200,3,Consumption,0.15403088192033795
12,15,simple,mediators1,noisy,200,3,Production,0.2424555931005118
12,15,simple,mediators1,noisy,200,4,Consumption,0.17139708988412664
12,15,simple,mediators1,noisy,200,4,Production,0.27932201367962606
12,15,simple,mediators1,noisy,200,5,Consumption,0.14558442878257102
12,15,simple,mediators1,noisy,200,5,Production,0.28629876865199805
12,15,simple,mediators2,noisy,200,1,Consumption,0.1842736843647325
12,15,simple,mediators2,noisy,200,1,Production,0.32443782730797954
12,15,simple,mediators2,noisy,200,2,Consumption,0.28992081396557706
12,15,simple,mediators2,noisy,200,2,Production,0.34110116501436993
12,15,simple,mediators2,noisy,200,3,Consumption,0.49922781201922617
12,15,simple,mediators2,noisy,200,3,Production,0.3532907956582233
12,15,simple,mediators2,noisy,200,4,Consumption,0.46075748111332
12,15,simple,mediators2,noisy,200,4,Production,0.37027205010620207
12,15,simple,mediators2,noisy,200,5,Consumption,0.5919023562092256
12,15,simple,mediators2,noisy,200,5,Production,0.35428928517172326
12,15,simple,mediators3,noisy,200,1,Consumption,0.2627787581510234
12,15,simple,mediators3,noisy,200,1,Production,0.43009413625221316
12,15,simple,mediators3,noisy,200,2,Consumption,0.26291368581640456
12,15,simple,mediators3,noisy,200,2,Production,0.4624017661524894
12,15,simple,mediators3,noisy,200,3,Consumption,0.25643283070518397
12,15,simple,mediators3,noisy,200,3,Production,0.39202174167554116
12,15,simple,mediators3,noisy,200,4,Consumption,0.28663866891291145
12,15,simple,mediators3,noisy,200,4,Production,0.4244765765559968
12,15,simple,mediators3,noisy,200,5,Consumption,0.2437280160666371
12,15,simple,mediators3,noisy,200,5,Production,0.4941627602665732
12,15,simple,mediators4,noisy,200,1,Consumption,0.27759977518787426
12,15,simple,mediators4,noisy,200,1,Production,0.4749669280004129
12,15,simple,mediators4,noisy,200,2,Consumption,0.25891431602606824
12,15,simple,mediators4,noisy,200,2,Production,0.48058058407825915
12,15,simple,mediators4,noisy,200,3,Consumption,0.2516988494400085
12,15,simple,mediators4,noisy,200,3,Production,0.4727510398778364
12,15,simple,mediators4,noisy,200,4,Consumption,0.23126373479982698
12,15,simple,mediators4,noisy,200,4,Production,0.4855276690665605
12,15,simple,mediators4,noisy,200,5,Consumption,0.26821732602448567
12,15,simple,mediators4,noisy,200,5,Production,0.48877608381036025
12,15,simple,mediators5,noisy,200,1,Consumption,0.41479421019178075
12,15,simple,mediators5,noisy,200,1,Production,0.547370979080898
12,15,simple,mediators5,noisy,200,2,Consumption,0.42509981566681754
12,15,simple,mediators5,noisy,200,2,Production,0.5817114370620341
12,15,simple,mediators5,noisy,200,3,Consumption,0.4975423329764886
12,15,simple,mediators5,noisy,200,3,Production,0.5680578416295949
12,15,simple,mediators5,noisy,200,4,Consumption,0.3335882606967514
12,15,simple,mediators5,noisy,200,4,Production,0.5672356068497083
12,15,simple,mediators5,noisy,200,5,Consumption,0.3885279095709393
12,15,simple,mediators5,noisy,200,5,Production,0.577274240132183
12,15,simple,mediators6,noisy,200,1,Consumption,0.37853278853899025
12,15,simple,mediators6,noisy,200,1,Production,0.5204433124817875
12,15,simple,mediators6,noisy,200,2,Consumption,0.32069560018913534
12,15,simple,mediators6,noisy,200,2,Production,0.5561381987412566
12,15,simple,mediators6,noisy,200,3,Consumption,0.3441459235055508
12,15,simple,mediators6,noisy,200,3,Production,0.5429790695912193
12,15,simple,mediators6,noisy,200,4,Consumption,0.33360515645692446
12,15,simple,mediators6,noisy,200,4,Production,0.5402627530914502
12,15,simple,mediators6,noisy,200,5,Consumption,0.30645490827501454
12,15,simple,mediators6,noisy,200,5,Production,0.5282749757102951
12,15,simple,mediators7,noisy,200,1,Consumption,0.34591217810379055
12,15,simple,mediators7,noisy,200,1,Production,0.5196539747512392
12,15,simple,mediators7,noisy,200,2,Consumption,0.30220916244447416
12,15,simple,mediators7,noisy,200,2,Production,0.5371162162752986
12,15,simple,mediators7,noisy,200,3,Consumption,0.36438644029605144
12,15,simple,mediators7,noisy,200,3,Production,0.536515061653849
12,15,simple,mediators7,noisy,200,4,Consumption,0.30910941687377996
12,15,simple,mediators7,noisy,200,4,Production,0.5296463782479343
12,15,simple,mediators7,noisy,200,5,Consumption,0.3052511161608367
12,15,simple,mediators7,noisy,200,5,Production,0.5229075059284376
12,15,simple,mediators1,noisy,300,1,Consumption,0.1420788350601426
12,15,simple,mediators1,noisy,300,1,Production,0.30843064645462437
12,15,simple,mediators1,noisy,300,2,Consumption,0.14714185197898016
12,15,simple,mediators1,noisy,300,2,Production,0.29690684521450056
12,15,simple,mediators1,noisy,300,3,Consumption,0.143409195092736
12,15,simple,mediators1,noisy,300,3,Production,0.2599865812634992
12,15,simple,mediators1,noisy,300,4,Consumption,0.1442658689755753
12,15,simple,mediators1,noisy,300,4,Production,0.29916926537811683
12,15,simple,mediators1,noisy,300,5,Consumption,0.16206230853262693
12,15,simple,mediators1,noisy,300,5,Production,0.27921424508666315
12,15,simple,mediators2,noisy,300,1,Consumption,0.14776863257927506
12,15,simple,mediators2,noisy,300,1,Production,0.3328677254150794
12,15,simple,mediators2,noisy,300,2,Consumption,0.5331442844164594
12,15,simple,mediators2,noisy,300,2,Production,0.31768009869299374
12,15,simple,mediators2,noisy,300,3,Consumption,0.4700734548217422
12,15,simple,mediators2,noisy,300,3,Production,0.30247038189709796
12,15,simple,mediators2,noisy,300,4,Consumption,0.6750941915617723
12,15,simple,mediators2,noisy,300,4,Production,0.4106561010484108
12,15,simple,mediators2,noisy,300,5,Consumption,0.6378510021803078
12,15,simple,mediators2,noisy,300,5,Production,0.4167860548505833
12,15,simple,mediators3,noisy,300,1,Consumption,0.2511532625909853
12,15,simple,mediators3,noisy,300,1,Production,0.4141403611308834
12,15,simple,mediators3,noisy,300,2,Consumption,0.25220394049217326
12,15,simple,mediators3,noisy,300,2,Production,0.4484393988512331
12,15,simple,mediators3,noisy,300,3,Consumption,0.2746966892613649
12,15,simple,mediators3,noisy,300,3,Production,0.36948248946897455
12,15,simple,mediators3,noisy,300,4,Consumption,0.2649948143942336
12,15,simple,mediators3,noisy,300,4,Production,0.3803439150182906
12,15,simple,mediators3,noisy,300,5,Consumption,0.25618624664618334
12,15,simple,mediators3,noisy,300,5,Production,0.4262290518343721
12,15,simple,mediators4,noisy,300,1,Consumption,0.2175954473946955
12,15,simple,mediators4,noisy,300,1,Production,0.45489550284794095
12,15,simple,mediators4,noisy,300,2,Consumption,0.2315841417582036
12,15,simple,mediators4,noisy,300,2,Production,0.47813930201934507
12,15,simple,mediators4,noisy,300,3,Consumption,0.25546219937988274
12,15,simple,mediators4,noisy,300,3,Production,0.47387922000011784
12,15,simple,mediators4,noisy,300,4,Consumption,0.228799003396673
12,15,simple,mediators4,noisy,300,4,Production,0.4816852118608088
12,15,simple,mediators4,noisy,300,5,Consumption,0.23921805447075623
12,15,simple,mediators4,noisy,300,5,Production,0.46133340243929
12,15,simple,mediators5,noisy,300,1,Consumption,0.39775893050536965
12,15,simple,mediators5,noisy,300,1,Production,0.5366214427304941
12,15,simple,mediators5,noisy,300,2,Consumption,0.33269035719059553
12,15,simple,mediators5,noisy,300,2,Production,0.5834549170546595
12,15,simple,mediators5,noisy,300,3,Consumption,0.44359686125031084
12,15,simple,mediators5,noisy,300,3,Production,0.5791880228094871
12,15,simple,mediators5,noisy,300,4,Consumption,0.36368846999796484
12,15,simple,mediators5,noisy,300,4,Production,0.5388186687842985
12,15,simple,mediators5,noisy,300,5,Consumption,0.3828788127956765
12,15,simple,mediators5,noisy,300,5,Production,0.521478040097067
12,15,simple,mediators6,noisy,300,1,Consumption,0.33342943675441056
12,15,simple,mediators6,noisy,300,1,Production,0.5108042800121302
12,15,simple,mediators6,noisy,300,2,Consumption,0.32518102334781884
12,15,simple,mediators6,noisy,300,2,Production,0.5417280871972653
12,15,simple,mediators6,noisy,300,3,Consumption,0.32496328567452243
12,15,simple,mediators6,noisy,300,3,Production,0.5286624231061985
12,15,simple,mediators6,noisy,300,4,Consumption,0.3147103760945679
12,15,simple,mediators6,noisy,300,4,Production,0.5489481296520873
12,15,simple,mediators6,noisy,300,5,Consumption,0.30122824948948257
12,15,simple,mediators6,noisy,300,5,Production,0.5081446320253141
12,15,simple,mediators7,noisy,300,1,Consumption,0.30464318925296985
12,15,simple,mediators7,noisy,300,1,Production,0.4984316819230087
12,15,simple,mediators7,noisy,300,2,Consumption,0.3337711395858771
12,15,simple,mediators7,noisy,300,2,Production,0.5381626096696136
12,15,simple,mediators7,noisy,300,3,Consumption,0.32241246713823335
12,15,simple,mediators7,noisy,300,3,Production,0.5137943544975958
12,15,simple,mediators7,noisy,300,4,Consumption,0.2952022727672283
12,15,simple,mediators7,noisy,300,4,Production,0.5253274271287226
12,15,simple,mediators7,noisy,300,5,Consumption,0.2713992620162918
12,15,simple,mediators7,noisy,300,5,Production,0.49942046887197483
12,15,simple,mediators1,noisy,500,1,Consumption,0.15058411141079714
12,15,simple,mediators1,noisy,500,1,Production,0.3103778075356523
12,15,simple,mediators1,noisy,500,2,Consumption,0.1369590324281634
12,15,simple,mediators1,noisy,500,2,Production,0.30208220269144415
12,15,simple,mediators1,noisy,500,3,Consumption,0.14046825160407322
12,15,simple,mediators1,noisy,500,3,Production,0.27849742685148066
12,15,simple,mediators1,noisy,500,4,Consumption,0.13810192426575074
12,15,simple,mediators1,noisy,500,4,Production,0.2925756840993803
12,15,simple,mediators1,noisy,500,5,Consumption,0.17305034749296672
12,15,simple,mediators1,noisy,500,5,Production,0.28535079805975044
12,15,simple,mediators2,noisy,500,1,Consumption,0.33828758497618455
12,15,simple,mediators2,noisy,500,1,Production,0.2927188685915463
12,15,simple,mediators2,noisy,500,2,Consumption,0.14294588266468328
12,15,simple,mediators2,noisy,500,2,Production,0.32563101968867975
12,15,simple,mediators2,noisy,500,3,Consumption,0.6674123133028471
12,15,simple,mediators2,noisy,500,3,Production,0.2730936563548096
12,15,simple,mediators2,noisy,500,4,Consumption,0.6182641104709307
12,15,simple,mediators2,noisy,500,4,Production,0.3671845321432243
12,15,simple,mediators2,noisy,500,5,Consumption,0.256382424743206
12,15,simple,mediators2,noisy,500,5,Production,0.3207614974630403
12,15,simple,mediators3,noisy,500,1,Consumption,0.25719474337792075
12,15,simple,mediators3,noisy,500,1,Production,0.40604431798656376
12,15,simple,mediators3,noisy,500,2,Consumption,0.24695028603578395
12,15,simple,mediators3,noisy,500,2,Production,0.4423681028911535
12,15,simple,mediators3,noisy,500,3,Consumption,0.263529302808868
12,15,simple,mediators3,noisy,500,3,Production,0.3873028621437483
12,15,simple,mediators3,noisy,500,4,Consumption,0.26687909023708056
12,15,simple,mediators3,noisy,500,4,Production,0.4316750055804863
12,15,simple,mediators3,noisy,500,5,Consumption,0.2712187579811432
12,15,simple,mediators3,noisy,500,5,Production,0.42097745704154005
12,15,simple,mediators4,noisy,500,1,Consumption,0.22259253569218776
12,15,simple,mediators4,noisy,500,1,Production,0.46852185695033943
12,15,simple,mediators4,noisy,500,2,Consumption,0.2533840656839698
12,15,simple,mediators4,noisy,500,2,Production,0.4731949023877462
12,15,simple,mediators4,noisy,500,3,Consumption,0.21521219495145108
12,15,simple,mediators4,noisy,500,3,Production,0.4707515833604436
12,15,simple,mediators4,noisy,500,4,Consumption,0.22104866779522953
12,15,simple,mediators4,noisy,500,4,Production,0.4727133677774758
12,15,simple,mediators4,noisy,500,5,Consumption,0.24490130588178063
12,15,simple,mediators4,noisy,500,5,Production,0.44267875370077403
12,15,simple,mediators5,noisy,500,1,Consumption,0.3714228941563476
12,15,simple,mediators5,noisy,500,1,Production,0.5521313877526977
12,15,simple,mediators5,noisy,500,2,Consumption,0.40284383981562866
12,15,simple,mediators5,noisy,500,2,Production,0.5706930094846233
12,15,simple,mediators5,noisy,500,3,Consumption,0.42657335837083815
12,15,simple,mediators5,noisy,500,3,Production,0.5940931923666284
12,15,simple,mediators5,noisy,500,4,Consumption,0.3802670777850659
12,15,simple,mediators5,noisy,500,4,Production,0.5627655263412203
12,15,simple,mediators5,noisy,500,5,Consumption,0.39240084979566453
12,15,simple,mediators5,noisy,500,5,Production,0.5326739582381642
12,15,simple,mediators6,noisy,500,1,Consumption,0.2924101422963943
12,15,simple,mediators6,noisy,500,1,Production,0.5076813740790568
12,15,simple,mediators6,noisy,500,2,Consumption,0.33236009647116643
12,15,simple,mediators6,noisy,500,2,Production,0.5306124815880561
12,15,simple,mediators6,noisy,500,3,Consumption,0.3290644661200172
12,15,simple,mediators6,noisy,500,3,Production,0.5184456519619776
12,15,simple,mediators6,noisy,500,4,Consumption,0.34756198920275244
12,15,simple,mediators6,noisy,500,4,Production,0.5437571545672819
12,15,simple,mediators6,noisy,500,5,Consumption,0.28526716225678445
12,15,simple,mediators6,noisy,500,5,Production,0.49899301429238874
12,15,simple,mediators7,noisy,500,1,Consumption,0.2864102037749927
12,15,simple,mediators7,noisy,500,1,Production,0.5052229211311802
12,15,simple,mediators7,noisy,500,2,Consumption,0.30909907763374306
12,15,simple,mediators7,noisy,500,2,Production,0.5245030252455322
12,15,simple,mediators7,noisy,500,3,Consumption,0.3025800593628546
12,15,simple,mediators7,noisy,500,3,Production,0.5033507155708786
12,15,simple,mediators7,noisy,500,4,Consumption,0.3115345459653135
12,15,simple,mediators7,noisy,500,4,Production,0.5149605954320013
12,15,simple,mediators7,noisy,500,5,Consumption,0.27473045224775855
12,15,simple,mediators7,noisy,500,5,Production,0.5047271243434088
12,15,simple,mediators1,sparse,1000,1,Consumption,0.12116515223585353
12,15,simple,mediators1,sparse,1000,1,Production,0.30240611844885756
12,15,simple,mediators1,sparse,1000,2,Consumption,0.17027523580818302
12,15,simple,mediators1,sparse,1000,2,Production,0.28356734182106197
12,15,simple,mediators1,sparse,1000,3,Consumption,0.12139638316103821
12,15,simple,mediators1,sparse,1000,3,Production,0.2924212902705809
12,15,simple,mediators2,sparse,1000,1,Consumption,0.10545696433948826
12,15,simple,mediators2,sparse,1000,1,Production,0.3321677339340709
12,15,simple,mediators2,sparse,1000,2,Consumption,0.16351460744063293
12,15,simple,mediators2,sparse,1000,2,Production,0.28901802409958466
12,15,simple,mediators2,sparse,1000,3,Consumption,0.1823037642466168
12,15,simple,mediators2,sparse,1000,3,Production,0.3819189875007151
12,15,simple,mediators3,sparse,1000,1,Consumption,0.37507492731428105
12,15,simple,mediators3,sparse,1000,1,Production,0.4712395776760667
12,15,simple,mediators3,sparse,1000,2,Consumption,0.3379454805043969
12,15,simple,mediators3,sparse,1000,2,Production,0.4466607529340618
12,15,simple,mediators3,sparse,1000,3,Consumption,0.3468799860360314
12,15,simple,mediators3,sparse,1000,3,Production,0.4525145069966703
12,15,simple,mediators4,sparse,1000,1,Consumption,0.22865278054485513
12,15,simple,mediators4,sparse,1000,1,Production,0.45445930820848773
12,15,simple,mediators4,sparse,1000,2,Consumption,0.23266617110869625
12,15,simple,mediators4,sparse,1000,2,Production,0.4477345554274085
12,15,simple,mediators4,sparse,1000,3,Consumption,0.21277966122025202
12,15,simple,mediators4,sparse,1000,3,Production,0.44302233162676763
12,15,simple,mediators5,sparse,1000,1,Consumption,0.3939282354192237
12,15,simple,mediators5,sparse,1000,1,Production,0.5241618307368727
12,15,simple,mediators5,sparse,1000,2,Consumption,0.33597214469045883
12,15,simple,mediators5,sparse,1000,2,Production,0.5242055133509776
12,15,simple,mediators5,sparse,1000,3,Consumption,0.40368801343895205
12,15,simple,mediators5,sparse,1000,3,Production,0.5105334306886564
12,15,simple,mediators6,sparse,1000,1,Consumption,0.4370857410158709
12,15,simple,mediators6,sparse,1000,1,Production,0.5024261661313281
12,15,simple,mediators6,sparse,1000,2,Consumption,0.4668277899971238
12,15,simple,mediators6,sparse,1000,2,Production,0.45970530503624957
12,15,simple,mediators7,sparse,1000,2,Consumption,0.44294898050641157
12,15,simple,mediators7,sparse,1000,2,Production,0.5456640648988929
12,15,simple,mediators7,sparse,1000,3,Consumption,0.464965871167184
12,15,simple,mediators7,sparse,1000,3,Production,0.5088252239860271
12,15,simple,mediators1,sparse,100,1,Consumption,0.12988018699586384
12,15,simple,mediators1,sparse,100,1,Production,0.27223603870167057
12,15,simple,mediators1,sparse,100,2,Consumption,0.13323670341744462
12,15,simple,mediators1,sparse,100,2,Production,0.2787984234065519
12,15,simple,mediators1,sparse,100,3,Consumption,0.14877035453004747
12,15,simple,mediators1,sparse,100,3,Production,0.2909339584067587
12,15,simple,mediators1,sparse,100,4,Consumption,0.13594314429793042
12,15,simple,mediators1,sparse,100,4,Production,0.2860109446941785
12,15,simple,mediators1,sparse,100,5,Consumption,0.13814746432873076
12,15,simple,mediators1,sparse,100,5,Production,0.29820479214025936
12,15,simple,mediators2,sparse,100,1,Consumption,0.2564151972373429
12,15,simple,mediators2,sparse,100,1,Production,0.3344816402096993
12,15,simple,mediators2,sparse,100,2,Consumption,0.26270719150497285
12,15,simple,mediators2,sparse,100,2,Production,0.33394361497312397
12,15,simple,mediators2,sparse,100,3,Consumption,0.2966458897320418
12,15,simple,mediators2,sparse,100,3,Production,0.30138542223362547
12,15,simple,mediators2,sparse,100,4,Consumption,0.34142860786360046
12,15,simple,mediators2,sparse,100,4,Production,0.28565253183408884
12,15,simple,mediators2,sparse,100,5,Consumption,0.3189795054575407
12,15,simple,mediators2,sparse,100,5,Production,0.33036606759893083
12,15,simple,mediators3,sparse,100,1,Consumption,0.23636833090665182
12,15,simple,mediators3,sparse,100,1,Production,0.5430152297820571
12,15,simple,mediators3,sparse,100,2,Consumption,0.2297672556434514
12,15,simple,mediators3,sparse,100,2,Production,0.4391450429416231
12,15,simple,mediators3,sparse,100,3,Consumption,0.2823591784531691
12,15,simple,mediators3,sparse,100,3,Production,0.4742409036615128
12,15,simple,mediators3,sparse,100,4,Consumption,0.20138375851025248
12,15,simple,mediators3,sparse,100,4,Production,0.46671485969839077
12,15,simple,mediators3,sparse,100,5,Consumption,0.211359022474593
12,15,simple,mediators3,sparse,100,5,Production,0.4741472436704723
12,15,simple,mediators4,sparse,100,1,Consumption,0.28130717701917374
12,15,simple,mediators4,sparse,100,1,Production,0.4794968813030774
12,15,simple,mediators4,sparse,100,2,Consumption,0.2742467421861324
12,15,simple,mediators4,sparse,100,2,Production,0.4711167797298991
12,15,simple,mediators4,sparse,100,3,Consumption,0.20694928698799175
12,15,simple,mediators4,sparse,100,3,Production,0.474162649723661
12,15,simple,mediators4,sparse,100,4,Consumption,0.20484170414633357
12,15,simple,mediators4,sparse,100,4,Production,0.4688337811866824
12,15,simple,mediators4,sparse,100,5,Consumption,0.23778557807064465
12,15,simple,mediators4,sparse,100,5,Production,0.46761024655830574
12,15,simple,mediators5,sparse,100,1,Consumption,0.37953211078813476
12,15,simple,mediators5,sparse,100,1,Production,0.566050072517304
12,15,simple,mediators5,sparse,100,2,Consumption,0.37044913288130144
12,15,simple,mediators5,sparse,100,2,Production,0.5029392668916479
12,15,simple,mediators5,sparse,100,3,Consumption,0.3594997740323027
12,15,simple,mediators5,sparse,100,3,Production,0.521643302179635
12,15,simple,mediators5,sparse,100,4,Consumption,0.35476638124967574
12,15,simple,mediators5,sparse,100,4,Production,0.5450206576466383
12,15,simple,mediators5,sparse,100,5,Consumption,0.38118499957539675
12,15,simple,mediators5,sparse,100,5,Production,0.527611798248843
12,15,simple,mediators6,sparse,100,1,Consumption,0.430786865330772
12,15,simple,mediators6,sparse,100,1,Production,0.4970387380212415
12,15,simple,mediators6,sparse,100,2,Consumption,0.4167718996817165
12,15,simple,mediators6,sparse,100,2,Production,0.5124342316475086
12,15,simple,mediators6,sparse,100,3,Consumption,0.39831297007673894
12,15,simple,mediators6,sparse,100,3,Production,0.5024455098547104
12,15,simple,mediators6,sparse,100,4,Consumption,0.42215574967120967
12,15,simple,mediators6,sparse,100,4,Production,0.5136645671698187
12,15,simple,mediators6,sparse,100,5,Consumption,0.41739807062409984
12,15,simple,mediators6,sparse,100,5,Production,0.4946736901198453
12,15,simple,mediators7,sparse,100,1,Consumption,0.38884931424038566
12,15,simple,mediators7,sparse,100,1,Production,0.5602067114121098
12,15,simple,mediators7,sparse,100,2,Consumption,0.41607645619600797
12,15,simple,mediators7,sparse,100,2,Production,0.5175163979718101
12,15,simple,mediators7,sparse,100,3,Consumption,0.3818670807732722
12,15,simple,mediators7,sparse,100,3,Production,0.5866345677475657
12,15,simple,mediators7,sparse,100,4,Consumption,0.41803277771106856
12,15,simple,mediators7,sparse,100,4,Production,0.5635987329457671
12,15,simple,mediators1,sparse,200,1,Consumption,0.15774862879547857
12,15,simple,mediators1,sparse,200,1,Production,0.2859255402119355
12,15,simple,mediators1,sparse,200,2,Consumption,0.14825528114028835
12,15,simple,mediators1,sparse,200,2,Production,0.29798027084598827
12,15,simple,mediators1,sparse,200,3,Consumption,0.15433776582527117
12,15,simple,mediators1,sparse,200,3,Production,0.2988198191128694
12,15,simple,mediators1,sparse,200,4,Consumption,0.15241518466339476
12,15,simple,mediators1,sparse,200,4,Production,0.28859669460862375
12,15,simple,mediators1,sparse,200,5,Consumption,0.15145161235538662
12,15,simple,mediators1,sparse,200,5,Production,0.2964244991981199
12,15,simple,mediators2,sparse,200,1,Consumption,0.11455898216957458
12,15,simple,mediators2,sparse,200,1,Production,0.29643263011601184
12,15,simple,mediators2,sparse,200,2,Consumption,0.16824627879399312
12,15,simple,mediators2,sparse,200,2,Production,0.2959935948207775
12,15,simple,mediators2,sparse,200,3,Consumption,0.16011254088290428
12,15,simple,mediators2,sparse,200,3,Production,0.28225713486551274
12,15,simple,mediators2,sparse,200,4,Consumption,0.1771448434147102
12,15,simple,mediators2,sparse,200,4,Production,0.3191544489067788
12,15,simple,mediators2,sparse,200,5,Consumption,0.2741428730098871
12,15,simple,mediators2,sparse,200,5,Production,0.3239367142765993
12,15,simple,mediators3,sparse,200,1,Consumption,0.309626467006584
12,15,simple,mediators3,sparse,200,1,Production,0.45124560503308964
12,15,simple,mediators3,sparse,200,2,Consumption,0.2819124460382874
12,15,simple,mediators3,sparse,200,2,Production,0.45905860486193306
12,15,simple,mediators3,sparse,200,3,Consumption,0.30518830653593676
12,15,simple,mediators3,sparse,200,3,Production,0.45223481024630785
12,15,simple,mediators3,sparse,200,4,Consumption,0.2428287623185159
12,15,simple,mediators3,sparse,200,4,Production,0.52563143678378
12,15,simple,mediators3,sparse,200,5,Consumption,0.302366529222629
12,15,simple,mediators3,sparse,200,5,Production,0.4721992093224375
12,15,simple,mediators4,sparse,200,1,Consumption,0.20356994794790895
12,15,simple,mediators4,sparse,200,1,Production,0.45049618943202524
12,15,simple,mediators4,sparse,200,2,Consumption,0.21518962698048857
12,15,simple,mediators4,sparse,200,2,Production,0.4638991501801387
12,15,simple,mediators4,sparse,200,3,Consumption,0.20786506926406614
12,15,simple,mediators4,sparse,200,3,Production,0.46847926787235133
12,15,simple,mediators4,sparse,200,4,Consumption,0.21446897579044527
12,15,simple,mediators4,sparse,200,4,Production,0.4598089271827189
12,15,simple,mediators4,sparse,200,5,Consumption,0.21054006841944825
12,15,simple,mediators4,sparse,200,5,Production,0.45498037993561075
12,15,simple,mediators5,sparse,200,1,Consumption,0.34450003747178076
12,15,simple,mediators5,sparse,200,1,Production,0.5275498094641042
12,15,simple,mediators5,sparse,200,2,Consumption,0.3880214482100302
12,15,simple,mediators5,sparse,200,2,Production,0.549505347605772
12,15,simple,mediators5,sparse,200,3,Consumption,0.38761224877385775
12,15,simple,mediators5,sparse,200,3,Production,0.5130713523050326
12,15,simple,mediators5,sparse,200,4,Consumption,0.4252642005994831
12,15,simple,mediators5,sparse,200,4,Production,0.5399021587758469
12,15,simple,mediators5,sparse,200,5,Consumption,0.38209905479232326
12,15,simple,mediators5,sparse,200,5,Production,0.5270186756178695
12,15,simple,mediators6,sparse,200,1,Consumption,0.4461327917539398
12,15,simple,mediators6,sparse,200,1,Production,0.5039201898651349
12,15,simple,mediators6,sparse,200,2,Consumption,0.4011428665822297
12,15,simple,mediators6,sparse,200,2,Production,0.5052767594579856
12,15,simple,mediators6,sparse,200,3,Consumption,0.39624759538461707
12,15,simple,mediators6,sparse,200,3,Production,0.502775341272422
12,15,simple,mediators6,sparse,200,4,Consumption,0.4264355507291974
12,15,simple,mediators6,sparse,200,4,Production,0.5177968374084628
12,15,simple,mediators6,sparse,200,5,Consumption,0.41005555095730306
12,15,simple,mediators6,sparse,200,5,Production,0.4995964905966304
12,15,simple,mediators7,sparse,200,1,Consumption,0.39601618346333245
12,15,simple,mediators7,sparse,200,1,Production,0.593526718954636
12,15,simple,mediators7,sparse,200,2,Consumption,0.37494315814314777
12,15,simple,mediators7,sparse,200,2,Production,0.5819473279977262
12,15,simple,mediators7,sparse,200,3,Consumption,0.4042790053382014
12,15,simple,mediators7,sparse,200,3,Production,0.5453542483792676
12,15,simple,mediators7,sparse,200,4,Consumption,0.4053792050149207
12,15,simple,mediators7,sparse,200,4,Production,0.5704528904242466
12,15,simple,mediators1,sparse,300,1,Consumption,0.14502799392318064
12,15,simple,mediators1,sparse,300,1,Production,0.300419254541595
12,15,simple,mediators1,sparse,300,2,Consumption,0.16184672542024844
12,15,simple,mediators1,sparse,300,2,Production,0.3016740701648184
12,15,simple,mediators1,sparse,300,3,Consumption,0.16106863872834218
12,15,simple,mediators1,sparse,300,3,Production,0.30069133357001016
12,15,simple,mediators1,sparse,300,4,Consumption,0.14678668633051012
12,15,simple,mediators1,sparse,300,4,Production,0.3026832768554887
12,15,simple,mediators1,sparse,300,5,Consumption,0.1524049976134757
12,15,simple,mediators1,sparse,300,5,Production,0.298913013449748
12,15,simple,mediators2,sparse,300,1,Consumption,0.057220103812733174
12,15,simple,mediators2,sparse,300,1,Production,0.3053175131485503
12,15,simple,mediators2,sparse,300,2,Consumption,0.16815400858766594
12,15,simple,mediators2,sparse,300,2,Production,0.2954066603380087
12,15,simple,mediators2,sparse,300,3,Consumption,0.15998988870453376
12,15,simple,mediators2,sparse,300,3,Production,0.30541519532491135
12,15,simple,mediators2,sparse,300,4,Consumption,0.1834001390803093
12,15,simple,mediators2,sparse,300,4,Production,0.38458679344595437
12,15,simple,mediators2,sparse,300,5,Consumption,0.16904781639468747
12,15,simple,mediators2,sparse,300,5,Production,0.2955997074749179
12,15,simple,mediators3,sparse,300,1,Consumption,0.34054277589149495
12,15,simple,mediators3,sparse,300,1,Production,0.47559278495689566
12,15,simple,mediators3,sparse,300,2,Consumption,0.3393935287952995
12,15,simple,mediators3,sparse,300,2,Production,0.46185794482086856
12,15,simple,mediators3,sparse,300,3,Consumption,0.33376615815793165
12,15,simple,mediators3,sparse,300,3,Production,0.44862614193853845
12,15,simple,mediators3,sparse,300,4,Consumption,0.3118227959270168
12,15,simple,mediators3,sparse,300,4,Production,0.4452264139921728
12,15,simple,mediators3,sparse,300,5,Consumption,0.3404297889501381
12,15,simple,mediators3,sparse,300,5,Production,0.46605980216809934
12,15,simple,mediators4,sparse,300,1,Consumption,0.223442491454718
12,15,simple,mediators4,sparse,300,1,Production,0.4449808502394729
12,15,simple,mediators4,sparse,300,2,Consumption,0.23421570953169485
12,15,simple,mediators4,sparse,300,2,Production,0.46584022374275796
12,15,simple,mediators4,sparse,300,3,Consumption,0.2213949162776217
12,15,simple,mediators4,sparse,300,3,Production,0.45467956685258226
12,15,simple,mediators4,sparse,300,4,Consumption,0.20692092165690162
12,15,simple,mediators4,sparse,300,4,Production,0.4591546501684805
12,15,simple,mediators4,sparse,300,5,Consumption,0.20477352879316713
12,15,simple,mediators4,sparse,300,5,Production,0.453575390545661
12,15,simple,mediators5,sparse,300,1,Consumption,0.391832725340729
12,15,simple,mediators5,sparse,300,1,Production,0.534616436589623
12,15,simple,mediators5,sparse,300,2,Consumption,0.4296203330054297
12,15,simple,mediators5,sparse,300,2,Production,0.521382050857417
12,15,simple,mediators5,sparse,300,3,Consumption,0.4037584286126662
12,15,simple,mediators5,sparse,300,3,Production,0.48848197863264636
12,15,simple,mediators5,sparse,300,4,Consumption,0.4014540641231458
12,15,simple,mediators5,sparse,300,4,Production,0.5216460469472687
12,15,simple,mediators5,sparse,300,5,Consumption,0.4136900961096617
12,15,simple,mediators5,sparse,300,5,Production,0.5282128797870265
12,15,simple,mediators6,sparse,300,1,Consumption,0.44455686060713145
12,15,simple,mediators6,sparse,300,1,Production,0.49824715906469513
12,15,simple,mediators6,sparse,300,2,Consumption,0.5154372787771649
12,15,simple,mediators6,sparse,300,2,Production,0.5104613382542584
12,15,simple,mediators6,sparse,300,3,Consumption,0.4149165642422913
12,15,simple,mediators6,sparse,300,3,Production,0.4907504438894
12,15,simple,mediators6,sparse,300,4,Consumption,0.4134345719260175
12,15,simple,mediators6,sparse,300,4,Production,0.5251649016945159
12,15,simple,mediators6,sparse,300,5,Consumption,0.3962220132922453
12,15,simple,mediators6,sparse,300,5,Production,0.49588220634437263
12,15,simple,mediators7,sparse,300,1,Consumption,0.3750609164171068
12,15,simple,mediators7,sparse,300,1,Production,0.5682079131896565
12,15,simple,mediators7,sparse,300,2,Consumption,0.42506402576720187
12,15,simple,mediators7,sparse,300,2,Production,0.5729945995827309
12,15,simple,mediators7,sparse,300,4,Consumption,0.49172428180722305
12,15,simple,mediators7,sparse,300,4,Production,0.5539944745307411
12,15,simple,mediators7,sparse,300,5,Consumption,0.3018020087867985
12,15,simple,mediators7,sparse,300,5,Production,0.5479684888739738
12,15,simple,mediators1,sparse,500,1,Consumption,0.13688294422091182
12,15,simple,mediators1,sparse,500,1,Production,0.27632099808309063
12,15,simple,mediators1,sparse,500,2,Consumption,0.1478635798570598
12,15,simple,mediators1,sparse,500,2,Production,0.285139466706438
12,15,simple,mediators1,sparse,500,3,Consumption,0.157311670653591
12,15,simple,mediators1,sparse,500,3,Production,0.2867090179582048
12,15,simple,mediators1,sparse,500,4,Consumption,0.14510576238372416
12,15,simple,mediators1,sparse,500,4,Production,0.2623985840402959
12,15,simple,mediators1,sparse,500,5,Consumption,0.16415815526429967
12,15,simple,mediators1,sparse,500,5,Production,0.28199076246713917
12,15,simple,mediators2,sparse,500,1,Consumption,0.0893837909039178
12,15,simple,mediators2,sparse,500,1,Production,0.38704124692906555
12,15,simple,mediators2,sparse,500,2,Consumption,0.1972201044549902
12,15,simple,mediators2,sparse,500,2,Production,0.3448434466002552
12,15,simple,mediators2,sparse,500,3,Consumption,0.16423709269976106
12,15,simple,mediators2,sparse,500,3,Production,0.30074947466972085
12,15,simple,mediators2,sparse,500,4,Consumption,0.1677184050794733
12,15,simple,mediators2,sparse,500,4,Production,0.3535510314238082
12,15,simple,mediators2,sparse,500,5,Consumption,0.20383579123088952
12,15,simple,mediators2,sparse,500,5,Production,0.33742457341315757
12,15,simple,mediators3,sparse,500,1,Consumption,0.37634129892292745
12,15,simple,mediators3,sparse,500,1,Production,0.47246340846564433
12,15,simple,mediators3,sparse,500,2,Consumption,0.3589958210828993
12,15,simple,mediators3,sparse,500,2,Production,0.4739511277686428
12,15,simple,mediators3,sparse,500,3,Consumption,0.33547910923834595
12,15,simple,mediators3,sparse,500,3,Production,0.46150613680459396
12,15,simple,mediators3,sparse,500,4,Consumption,0.32098496871687604
12,15,simple,mediators3,sparse,500,4,Production,0.4604783100070441
12,15,simple,mediators3,sparse,500,5,Consumption,0.34868355362145986
12,15,simple,mediators3,sparse,500,5,Production,0.467637429835174
12,15,simple,mediators4,sparse,500,1,Consumption,0.2460074882178627
12,15,simple,mediators4,sparse,500,1,Production,0.4472063776105831
12,15,simple,mediators4,sparse,500,2,Consumption,0.21983004874646614
12,15,simple,mediators4,sparse,500,2,Production,0.46013706029028933
12,15,simple,mediators4,sparse,500,3,Consumption,0.22975689904728694
12,15,simple,mediators4,sparse,500,3,Production,0.45049930844442954
12,15,simple,mediators4,sparse,500,4,Consumption,0.21742842722829347
12,15,simple,mediators4,sparse,500,4,Production,0.4528168557086871
12,15,simple,mediators4,sparse,500,5,Consumption,0.21981837380145566
12,15,simple,mediators4,sparse,500,5,Production,0.45274740259757545
12,15,simple,mediators5,sparse,500,1,Consumption,0.4357703380676752
12,15,simple,mediators5,sparse,500,1,Production,0.5227584762092679
12,15,simple,mediators5,sparse,500,2,Consumption,0.40638874160032723
12,15,simple,mediators5,sparse,500,2,Production,0.5075954686875103
12,15,simple,mediators5,sparse,500,3,Consumption,0.4288499970622096
12,15,simple,mediators5,sparse,500,3,Production,0.48705803728965985
12,15,simple,mediators5,sparse,500,4,Consumption,0.4230873223603366
12,15,simple,mediators5,sparse,500,4,Production,0.5218459389325614
12,15,simple,mediators5,sparse,500,5,Consumption,0.37879292588562713
12,15,simple,mediators5,sparse,500,5,Production,0.5004013641742551
12,15,simple,mediators6,sparse,500,1,Consumption,0.4325187144634343
12,15,simple,mediators6,sparse,500,1,Production,0.5345132614326966
12,15,simple,mediators6,sparse,500,4,Consumption,0.42951737287383784
12,15,simple,mediators6,sparse,500,4,Production,0.4842318973019922
12,15,simple,mediators6,sparse,500,5,Consumption,0.42253288531523714
12,15,simple,mediators6,sparse,500,5,Production,0.4653757229866903
12,15,simple,mediators7,sparse,500,3,Consumption,0.3836057403166723
12,15,simple,mediators7,sparse,500,3,Production,0.537969732247152
12,15,simple,mediators7,sparse,500,4,Consumption,0.4958345387122448
12,15,simple,mediators7,sparse,500,4,Production,0.527852169304875
30,15,base,mediators1,baseline,100,1,Consumption,0.06668850242656198
30,15,base,mediators1,baseline,100,1,Production,0.32873399936120407
30,15,base,mediators1,baseline,100,2,Consumption,0.07191622561021677
30,15,base,mediators1,baseline,100,2,Production,0.35324356609087965
30,15,base,mediators1,baseline,100,3,Consumption,0.06829759625426594
30,15,base,mediators1,baseline,100,3,Production,0.3337485102739149
30,15,base,mediators1,baseline,100,4,Consumption,0.06660363432401607
30,15,base,mediators1,baseline,100,4,Production,0.3502973248272296
30,15,base,mediators1,baseline,100,5,Consumption,0.06899013979172494
30,15,base,mediators1,baseline,100,5,Production,0.34664662555289355
30,15,base,mediators2,baseline,100,1,Consumption,0.5568180147218399
30,15,base,mediators2,baseline,100,1,Production,0.7057369662192537
30,15,base,mediators2,baseline,100,2,Consumption,0.5623343998758666
30,15,base,mediators2,baseline,100,2,Production,0.7140746018324419
30,15,base,mediators2,baseline,100,3,Consumption,0.5480164858626596
30,15,base,mediators2,baseline,100,3,Production,0.7098769428162461
30,15,base,mediators2,baseline,100,4,Consumption,0.5205668611642547
30,15,base,mediators2,baseline,100,4,Production,0.7030837059959233
30,15,base,mediators2,baseline,100,5,Consumption,0.5099815283033323
30,15,base,mediators2,baseline,100,5,Production,0.7034727962129456
30,15,base,mediators3,baseline,100,1,Consumption,0.2406897621814132
30,15,base,mediators3,baseline,100,1,Production,0.6516221307524122
30,15,base,mediators3,baseline,100,2,Consumption,0.2695604771800427
30,15,base,mediators3,baseline,100,2,Production,0.654263086657315
30,15,base,mediators3,baseline,100,3,Consumption,0.22127260018955205
30,15,base,mediators3,baseline,100,3,Production,0.6450860540199529
30,15,base,mediators3,baseline,100,4,Consumption,0.24796371754897775
30,15,base,mediators3,baseline,100,4,Production,0.6459918472095286
30,15,base,mediators3,baseline,100,5,Consumption,0.21517298141179583
30,15,base,mediators3,baseline,100,5,Production,0.6491358758803653
30,15,base,mediators4,baseline,100,1,Consumption,0.13702302182323026
30,15,base,mediators4,baseline,100,1,Production,0.5151974934769721
30,15,base,mediators4,baseline,100,2,Consumption,0.1256162659610115
30,15,base,mediators4,baseline,100,2,Production,0.5079025909964746
30,15,base,mediators4,baseline,100,3,Consumption,0.14134136832715166
30,15,base,mediators4,baseline,100,3,Production,0.5142421989524332
30,15,base,mediators4,baseline,100,4,Consumption,0.1342292800743439
30,15,base,mediators4,baseline,100,4,Production,0.5127931764650614
30,15,base,mediators4,baseline,100,5,Consumption,0.12588972671031168
30,15,base,mediators4,baseline,100,5,Production,0.5123612219417548
30,15,base,mediators5,baseline,100,1,Consumption,0.405261772916258
30,15,base,mediators5,baseline,100,1,Production,0.5719746778387864
30,15,base,mediators5,baseline,100,2,Consumption,0.4877828961944122
30,15,base,mediators5,baseline,100,2,Production,0.5713554016492056
30,15,base,mediators5,baseline,100,3,Consumption,0.4380474178736224
30,15,base,mediators5,baseline,100,3,Production,0.5718227771860424
30,15,base,mediators5,baseline,100,4,Consumption,0.3915213877332983
30,15,base,mediators5,baseline,100,4,Production,0.5456345040945826
30,15,base,mediators5,baseline,100,5,Consumption,0.41861244051510244
30,15,base,mediators5,baseline,100,5,Production,0.5529167164372123
30,15,base,mediators1,baseline,200,1,Consumption,0.06985156250944043
30,15,base,mediators1,baseline,200,1,Production,0.3357275951480124
30,15,base,mediators1,baseline,200,2,Consumption,0.07329940661100992
30,15,base,mediators1,baseline,200,2,Production,0.33392966793429407
30,15,base,mediators1,baseline,200,3,Consumption,0.06581686131354636
30,15,base,mediators1,baseline,200,3,Production,0.34419139247538943
30,15,base,mediators1,baseline,200,4,Consumption,0.06621445224860673
30,15,base,mediators1,baseline,200,4,Production,0.3494491133292417
30,15,base,mediators1,baseline,200,5,Consumption,0.07037642474320971
30,15,base,mediators1,baseline,200,5,Production,0.3490915230992065
30,15,base,mediators2,baseline,200,1,Consumption,0.61772181695791
30,15,base,mediators2,baseline,200,1,Production,0.6602498492501644
30,15,base,mediators2,baseline,200,2,Consumption,0.5649887836177341
30,15,base,mediators2,baseline,200,2,Production,0.6670674445194302
30,15,base,mediators2,baseline,200,3,Consumption,0.6457211685496329
30,15,base,mediators2,baseline,200,3,Production,0.6862761383291623
30,15,base,mediators2,baseline,200,4,Consumption,0.6160477235426006
30,15,base,mediators2,baseline,200,4,Production,0.7050838164061588
30,15,base,mediators2,baseline,200,5,Consumption,0.5254647176329232
30,15,base,mediators2,baseline,200,5,Production,0.710170388551834
30,15,base,mediators3,baseline,200,1,Consumption,0.33966477521000427
30,15,base,mediators3,baseline,200,1,Production,0.7388809362659734
30,15,base,mediators3,baseline,200,2,Consumption,0.22536475018861601
30,15,base,mediators3,baseline,200,2,Production,0.7513067803253328
30,15,base,mediators3,baseline,200,3,Consumption,0.24746859598400794
30,15,base,mediators3,baseline,200,3,Production,0.6042521188230655
30,15,base,mediators3,baseline,200,4,Consumption,0.31246121002700933
30,15,base,mediators3,baseline,200,4,Production,0.7380672349394309
30,15,base,mediators3,baseline,200,5,Consumption,0.23486981815456615
30,15,base,mediators3,baseline,200,5,Production,0.6055185707434381
30,15,base,mediators4,baseline,200,1,Consumption,0.1394499660201768
30,15,base,mediators4,baseline,200,1,Production,0.514243059996151
30,15,base,mediators4,baseline,200,2,Consumption,0.1508681222718601
30,15,base,mediators4,baseline,200,2,Production,0.5161235759486258
30,15,base,mediators4,baseline,200,3,Consumption,0.1393752920711033
30,15,base,mediators4,baseline,200,3,Production,0.5082708524980175
30,15,base,mediators4,baseline,200,4,Consumption,0.14901190515220267
30,15,base,mediators4,baseline,200,4,Production,0.5090051631404083
30,15,base,mediators4,baseline,200,5,Consumption,0.13429659319559845
30,15,base,mediators4,baseline,200,5,Production,0.5135235100162515
30,15,base,mediators5,baseline,200,1,Consumption,0.3846260343248735
30,15,base,mediators5,baseline,200,1,Production,0.5643609739933824
30,15,base,mediators5,baseline,200,2,Consumption,0.4664168401962663
30,15,base,mediators5,baseline,200,2,Production,0.5718530852871304
30,15,base,mediators5,baseline,200,3,Consumption,0.3734294484884171
30,15,base,mediators5,baseline,200,3,Production,0.5637488596166171
30,15,base,mediators5,baseline,200,4,Consumption,0.4637246282183474
30,15,base,mediators5,baseline,200,4,Production,0.5569999261385907
30,15,base,mediators5,baseline,200,5,Consumption,0.36642832508629763
30,15,base,mediators5,baseline,200,5,Production,0.5588079253428179
30,15,base,mediators1,baseline,300,1,Consumption,0.07457261568794873
30,15,base,mediators1,baseline,300,1,Production,0.3406023841350635
30,15,base,mediators1,baseline,300,2,Consumption,0.07977050777969
30,15,base,mediators1,baseline,300,2,Production,0.34588269480827916
30,15,base,mediators1,baseline,300,3,Consumption,0.0681400034804191
30,15,base,mediators1,baseline,300,3,Production,0.352891313488237
30,15,base,mediators1,baseline,300,4,Consumption,0.07048426533021426
30,15,base,mediators1,baseline,300,4,Production,0.3510537135692252
30,15,base,mediators1,baseline,300,5,Consumption,0.07318485551147014
30,15,base,mediators1,baseline,300,5,Production,0.35702877922638815
30,15,base,mediators2,baseline,300,1,Consumption,0.5624699815521369
30,15,base,mediators2,baseline,300,1,Production,0.6760929571895211
30,15,base,mediators2,baseline,300,2,Consumption,0.577443869796636
30,15,base,mediators2,baseline,300,2,Production,0.6944449524694756
30,15,base,mediators2,baseline,300,3,Consumption,0.5885809924150188
30,15,base,mediators2,baseline,300,3,Production,0.7216856529095604
30,15,base,mediators2,baseline,300,4,Consumption,0.612354841895569
30,15,base,mediators2,baseline,300,4,Production,0.6544233664270177
30,15,base,mediators2,baseline,300,5,Consumption,0.5529501007838535
30,15,base,mediators2,baseline,300,5,Production,0.6986465146882657
30,15,base,mediators3,baseline,300,1,Consumption,0.29926490727693195
30,15,base,mediators3,baseline,300,1,Production,0.6181920348114507
30,15,base,mediators3,baseline,300,2,Consumption,0.29608592445359533
30,15,base,mediators3,baseline,300,2,Production,0.7146267635370175
30,15,base,mediators3,baseline,300,3,Consumption,0.2235575610101385
30,15,base,mediators3,baseline,300,3,Production,0.6010328734286199
30,15,base,mediators3,baseline,300,4,Consumption,0.32676631500866743
30,15,base,mediators3,baseline,300,4,Production,0.7052369021457119
30,15,base,mediators3,baseline,300,5,Consumption,0.22604095626729323
30,15,base,mediators3,baseline,300,5,Production,0.6065465044421406
30,15,base,mediators4,baseline,300,1,Consumption,0.15712344437623355
30,15,base,mediators4,baseline,300,1,Production,0.5273495577681605
30,15,base,mediators4,baseline,300,2,Consumption,0.2226417710680987
30,15,base,mediators4,baseline,300,2,Production,0.5178622475806012
30,15,base,mediators4,baseline,300,3,Consumption,0.16555562969084509
30,15,base,mediators4,baseline,300,3,Production,0.5336191929544056
30,15,base,mediators4,baseline,300,4,Consumption,0.16752654375675563
30,15,base,mediators4,baseline,300,4,Production,0.5183598125409503
30,15,base,mediators4,baseline,300,5,Consumption,0.2326300829149945
30,15,base,mediators4,baseline,300,5,Production,0.517230868643861
30,15,base,mediators5,baseline,300,1,Consumption,0.44994800119503714
30,15,base,mediators5,baseline,300,1,Production,0.5600453305875471
30,15,base,mediators5,baseline,300,2,Consumption,0.4963705480745094
30,15,base,mediators5,baseline,300,2,Production,0.5447030793152455
30,15,base,mediators5,baseline,300,3,Consumption,0.33159070949688013
30,15,base,mediators5,baseline,300,3,Production,0.5330064532163373
30,15,base,mediators5,baseline,300,4,Consumption,0.4391268066751862
30,15,base,mediators5,baseline,300,4,Production,0.5626708291863189
30,15,base,mediators5,baseline,300,5,Consumption,0.4525940819750775
30,15,base,mediators5,baseline,300,5,Production,0.5448172444833158
30,15,base,mediators1,noisy,100,1,Consumption,0.08310162606548702
30,15,base,mediators1,noisy,100,1,Production,0.33996979097895236
30,15,base,mediators1,noisy,100,2,Consumption,0.09151751196282741
30,15,base,mediators1,noisy,100,2,Production,0.42805109189101687
30,15,base,mediators1,noisy,100,3,Consumption,0.07238873595449136
30,15,base,mediators1,noisy,100,3,Production,0.35801083742699963
30,15,base,mediators1,noisy,100,4,Consumption,0.0825376724883595
30,15,base,mediators1,noisy,100,4,Production,0.4253533723838588
30,15,base,mediators1,noisy,100,5,Consumption,0.08594616467178298
30,15,base,mediators1,noisy,100,5,Production,0.3599281314017059
30,15,base,mediators2,noisy,100,1,Consumption,0.4257811453908543
30,15,base,mediators2,noisy,100,1,Production,0.5180069493119694
30,15,base,mediators2,noisy,100,2,Consumption,0.45895279164166136
30,15,base,mediators2,noisy,100,2,Production,0.4301378664546276
30,15,base,mediators2,noisy,100,3,Consumption,0.44408167727942627
30,15,base,mediators2,noisy,100,3,Production,0.43042316928773977
30,15,base,mediators2,noisy,100,4,Consumption,0.4482430703946247
30,15,base,mediators2,noisy,100,4,Production,0.5304390720432757
30,15,base,mediators2,noisy,100,5,Consumption,0.44192932709217825
30,15,base,mediators2,noisy,100,5,Production,0.5061272800901601
30,15,base,mediators3,noisy,100,1,Consumption,0.28420408252940804
30,15,base,mediators3,noisy,100,1,Production,0.6271547609411597
30,15,base,mediators3,noisy,100,2,Consumption,0.2878802509919428
30,15,base,mediators3,noisy,100,2,Production,0.6015814833355473
30,15,base,mediators3,noisy,100,3,Consumption,0.2840689877746706
30,15,base,mediators3,noisy,100,3,Production,0.6393530030017175
30,15,base,mediators3,noisy,100,4,Consumption,0.28443316821105413
30,15,base,mediators3,noisy,100,4,Production,0.6439091800081146
30,15,base,mediators3,noisy,100,5,Consumption,0.28591682244084626
30,15,base,mediators3,noisy,100,5,Production,0.6168809874392293
30,15,base,mediators4,noisy,100,1,Consumption,0.1274891034948925
30,15,base,mediators4,noisy,100,1,Production,0.5045034356722627
30,15,base,mediators4,noisy,100,2,Consumption,0.13812049265600462
30,15,base,mediators4,noisy,100,2,Production,0.5224707706017521
30,15,base,mediators4,noisy,100,3,Consumption,0.12904758013279663
30,15,base,mediators4,noisy,100,3,Production,0.5126749165017009
30,15,base,mediators4,noisy,100,4,Consumption,0.12987439335569806
30,15,base,mediators4,noisy,100,4,Production,0.5234398486297612
30,15,base,mediators4,noisy,100,5,Consumption,0.13109789400905567
30,15,base,mediators4,noisy,100,5,Production,0.5068599996514632
30,15,base,mediators5,noisy,100,1,Consumption,0.5125253273937623
30,15,base,mediators5,noisy,100,1,Production,0.5586784972804433
30,15,base,mediators5,noisy,100,2,Consumption,0.46861961524548573
30,15,base,mediators5,noisy,100,2,Production,0.5602720524156858
30,15,base,mediators5,noisy,100,3,Consumption,0.5326724605434512
30,15,base,mediators5,noisy,100,3,Production,0.5739574852822191
30,15,base,mediators5,noisy,100,4,Consumption,0.49589338736857086
30,15,base,mediators5,noisy,100,4,Production,0.5461059826491557
30,15,base,mediators5,noisy,100,5,Consumption,0.4830040992420669
30,15,base,mediators5,noisy,100,5,Production,0.5488362074622446
30,15,base,mediators1,noisy,200,1,Consumption,0.08048552065799952
30,15,base,mediators1,noisy,200,1,Production,0.3552924204632703
30,15,base,mediators1,noisy,200,2,Consumption,0.08447136878789004
30,15,base,mediators1,noisy,200,2,Production,0.34859317752409197
30,15,base,mediators1,noisy,200,3,Consumption,0.07442290375278265
30,15,base,mediators1,noisy,200,3,Production,0.342896847143503
30,15,base,mediators1,noisy,200,4,Consumption,0.0958710983560274
30,15,base,mediators1,noisy,200,4,Production,0.3576891240220714
30,15,base,mediators1,noisy,200,5,Consumption,0.08606317421016715
30,15,base,mediators1,noisy,200,5,Production,0.3474998768511179
30,15,base,mediators2,noisy,200,1,Consumption,0.4508891453121926
30,15,base,mediators2,noisy,200,1,Production,0.43434165543238445
30,15,base,mediators2,noisy,200,2,Consumption,0.4238241375940288
30,15,base,mediators2,noisy,200,2,Production,0.4296165431198911
30,15,base,mediators2,noisy,200,3,Consumption,0.441242938507064
30,15,base,mediators2,noisy,200,3,Production,0.44473619787428165
30,15,base,mediators2,noisy,200,4,Consumption,0.46589341758944575
30,15,base,mediators2,noisy,200,4,Production,0.47242473855535005
30,15,base,mediators2,noisy,200,5,Consumption,0.4445598002804655
30,15,base,mediators2,noisy,200,5,Production,0.4223282283140239
30,15,base,mediators3,noisy,200,1,Consumption,0.2412060439498967
30,15,base,mediators3,noisy,200,1,Production,0.6082296004340086
30,15,base,mediators3,noisy,200,2,Consumption,0.263599179680848
30,15,base,mediators3,noisy,200,2,Production,0.5726264859963028
30,15,base,mediators3,noisy,200,3,Consumption,0.2746720796607614
30,15,base,mediators3,noisy,200,3,Production,0.6057235645632334
30,15,base,mediators3,noisy,200,4,Consumption,0.2667920332413146
30,15,base,mediators3,noisy,200,4,Production,0.6145503294415231
30,15,base,mediators3,noisy,200,5,Consumption,0.27461781824475684
30,15,base,mediators3,noisy,200,5,Production,0.5894800413480856
30,15,base,mediators4,noisy,200,1,Consumption,0.15454050584196996
30,15,base,mediators4,noisy,200,1,Production,0.5215221664417371
30,15,base,mediators4,noisy,200,2,Consumption,0.14972025152898386
30,15,base,mediators4,noisy,200,2,Production,0.5127531069603422
30,15,base,mediators4,noisy,200,3,Consumption,0.20637971294007346
30,15,base,mediators4,noisy,200,3,Production,0.5124553183846623
30,15,base,mediators4,noisy,200,4,Consumption,0.22775751503347846
30,15,base,mediators4,noisy,200,4,Production,0.53605353782209
30,15,base,mediators4,noisy,200,5,Consumption,0.19099567039256737
30,15,base,mediators4,noisy,200,5,Production,0.5225245943658764
30,15,base,mediators5,noisy,200,1,Consumption,0.45666807120799396
30,15,base,mediators5,noisy,200,1,Production,0.5973613763080322
30,15,base,mediators5,noisy,200,2,Consumption,0.43698606857583455
30,15,base,mediators5,noisy,200,2,Production,0.5922210106568716
30,15,base,mediators5,noisy,200,3,Consumption,0.4724535564263737
30,15,base,mediators5,noisy,200,3,Production,0.5771909168167305
30,15,base,mediators5,noisy,200,4,Consumption,0.4704671354912619
30,15,base,mediators5,noisy,200,4,Production,0.5990260894020129
30,15,base,mediators5,noisy,200,5,Consumption,0.4583951925704735
30,15,base,mediators5,noisy,200,5,Production,0.5677810643449306
30,15,base,mediators1,noisy,300,1,Consumption,0.08177010392652506
30,15,base,mediators1,noisy,300,1,Production,0.33678771349029407
30,15,base,mediators1,noisy,300,2,Consumption,0.08421287581301315
30,15,base,mediators1,noisy,300,2,Production,0.3482935494617972
30,15,base,mediators1,noisy,300,3,Consumption,0.08252914812817397
30,15,base,mediators1,noisy,300,3,Production,0.33424941147647064
30,15,base,mediators1,noisy,300,4,Consumption,0.08503492730698065
30,15,base,mediators1,noisy,300,4,Production,0.3532427539634709
30,15,base,mediators1,noisy,300,5,Consumption,0.0853759067051513
30,15,base,mediators1,noisy,300,5,Production,0.3406030851928032
30,15,base,mediators2,noisy,300,1,Consumption,0.45547215657667495
30,15,base,mediators2,noisy,300,1,Production,0.47644392311943623
30,15,base,mediators2,noisy,300,2,Consumption,0.4640488176617501
30,15,base,mediators2,noisy,300,2,Production,0.4429397079159392
30,15,base,mediators2,noisy,300,3,Consumption,0.4489603242455209
30,15,base,mediators2,noisy,300,3,Production,0.4368938064784828
30,15,base,mediators2,noisy,300,4,Consumption,0.452873343676281
30,15,base,mediators2,noisy,300,4,Production,0.44426874735311433
30,15,base,mediators2,noisy,300,5,Consumption,0.503438200862163
30,15,base,mediators2,noisy,300,5,Production,0.47568384382423534
30,15,base,mediators3,noisy,300,1,Consumption,0.25701740956976554
30,15,base,mediators3,noisy,300,1,Production,0.5845629305826137
30,15,base,mediators3,noisy,300,2,Consumption,0.25207654667141455
30,15,base,mediators3,noisy,300,2,Production,0.5811144910393312
30,15,base,mediators3,noisy,300,3,Consumption,0.27957642748380684
30,15,base,mediators3,noisy,300,3,Production,0.5694932298484088
30,15,base,mediators3,noisy,300,4,Consumption,0.27699135855295903
30,15,base,mediators3,noisy,300,4,Production,0.5899121064178889
30,15,base,mediators3,noisy,300,5,Consumption,0.23776739465815455
30,15,base,mediators3,noisy,300,5,Production,0.6159117722880295
30,15,base,mediators4,noisy,300,1,Consumption,0.24742581264322513
30,15,base,mediators4,noisy,300,1,Production,0.5578456106015331
30,15,base,mediators4,noisy,300,2,Consumption,0.2344699291280372
30,15,base,mediators4,noisy,300,2,Production,0.5227488688813448
30,15,base,mediators4,noisy,300,3,Consumption,0.3224985094561213
30,15,base,mediators4,noisy,300,3,Production,0.5666371371684081
30,15,base,mediators4,noisy,300,4,Consumption,0.24025495053961507
30,15,base,mediators4,noisy,300,4,Production,0.5244268283313935
30,15,base,mediators4,noisy,300,5,Consumption,0.2387049602427271
30,15,base,mediators4,noisy,300,5,Production,0.5239621609790664
30,15,base,mediators5,noisy,300,1,Consumption,0.447092568778605
30,15,base,mediators5,noisy,300,1,Production,0.6037337847452802
30,15,base,mediators5,noisy,300,2,Consumption,0.44462765382645175
30,15,base,mediators5,noisy,300,2,Production,0.5297973531425798
30,15,base,mediators5,noisy,300,3,Consumption,0.44006368226912107
30,15,base,mediators5,noisy,300,3,Production,0.5990900874896855
30,15,base,mediators5,noisy,300,4,Consumption,0.45875762055034525
30,15,base,mediators5,noisy,300,4,Production,0.5585892833831819
30,15,base,mediators5,noisy,300,5,Consumption,0.450015514572612
30,15,base,mediators5,noisy,300,5,Production,0.5384262087043235
30,15,base,mediators1,sparse,100,1,Consumption,0.12657414919311258
30,15,base,mediators1,sparse,100,1,Production,0.32925502161837295
30,15,base,mediators1,sparse,100,2,Consumption,0.12631667604182287
30,15,base,mediators1,sparse,100,2,Production,0.3157396730677219
30,15,base,mediators1,sparse,100,3,Consumption,0.11784158640295718
30,15,base,mediators1,sparse,100,3,Production,0.3207566328831971
30,15,base,mediators1,sparse,100,4,Consumption,0.11787902234143842
30,15,base,mediators1,sparse,100,4,Production,0.3163298868182215
30,15,base,mediators1,sparse,100,5,Consumption,0.12234561438497493
30,15,base,mediators1,sparse,100,5,Production,0.3301293028380988
30,15,base,mediators2,sparse,100,1,Consumption,0.5326475295484364
30,15,base,mediators2,sparse,100,1,Production,0.707631690829135
30,15,base,mediators2,sparse,100,2,Consumption,0.5184910051205581
30,15,base,mediators2,sparse,100,2,Production,0.6967155981070874
30,15,base,mediators2,sparse,100,3,Consumption,0.48176178887954424
30,15,base,mediators2,sparse,100,3,Production,0.6978227408351169
30,15,base,mediators2,sparse,100,4,Consumption,0.49402724942941234
30,15,base,mediators2,sparse,100,4,Production,0.709200679582409
30,15,base,mediators2,sparse,100,5,Consumption,0.4835823041885968
30,15,base,mediators2,sparse,100,5,Production,0.7028439019419819
30,15,base,mediators3,sparse,100,1,Consumption,0.21096585471761553
30,15,base,mediators3,sparse,100,1,Production,0.6045165010096528
30,15,base,mediators3,sparse,100,2,Consumption,0.23957131593397146
30,15,base,mediators3,sparse,100,2,Production,0.5948757321209378
30,15,base,mediators3,sparse,100,3,Consumption,0.22949768933666276
30,15,base,mediators3,sparse,100,3,Production,0.582635464154397
30,15,base,mediators3,sparse,100,4,Consumption,0.23387653082630006
30,15,base,mediators3,sparse,100,4,Production,0.5720451199318668
30,15,base,mediators3,sparse,100,5,Consumption,0.22813003506637317
30,15,base,mediators3,sparse,100,5,Production,0.590284642718431
30,15,base,mediators4,sparse,100,1,Consumption,0.18047087715936797
30,15,base,mediators4,sparse,100,1,Production,0.47894853009149424
30,15,base,mediators4,sparse,100,2,Consumption,0.15999767384203933
30,15,base,mediators4,sparse,100,2,Production,0.4761558152857459
30,15,base,mediators4,sparse,100,3,Consumption,0.15494799118871574
30,15,base,mediators4,sparse,100,3,Production,0.47974946268934293
30,15,base,mediators4,sparse,100,4,Consumption,0.15557863819681061
30,15,base,mediators4,sparse,100,4,Production,0.4680287808648054
30,15,base,mediators4,sparse,100,5,Consumption,0.1697923593399537
30,15,base,mediators4,sparse,100,5,Production,0.5022177037614038
30,15,base,mediators5,sparse,100,1,Consumption,0.3486716282839977
30,15,base,mediators5,sparse,100,1,Production,0.5369486609067201
30,15,base,mediators5,sparse,100,2,Consumption,0.3638490443878399
30,15,base,mediators5,sparse,100,2,Production,0.5303639619969257
30,15,base,mediators5,sparse,100,3,Consumption,0.36730500762707163
30,15,base,mediators5,sparse,100,3,Production,0.5206921155835997
30,15,base,mediators5,sparse,100,4,Consumption,0.3868876573014893
30,15,base,mediators5,sparse,100,4,Production,0.553298069138069
30,15,base,mediators5,sparse,100,5,Consumption,0.3458115331934104
30,15,base,mediators5,sparse,100,5,Production,0.5391232418509085
30,15,base,mediators1,sparse,200,1,Consumption,0.12337627054321257
30,15,base,mediators1,sparse,200,1,Production,0.3964246679156699
30,15,base,mediators1,sparse,200,2,Consumption,0.11605438173844738
30,15,base,mediators1,sparse,200,2,Production,0.3616129797795577
30,15,base,mediators1,sparse,200,3,Consumption,0.11147628016201958
30,15,base,mediators1,sparse,200,3,Production,0.31254273159572027
30,15,base,mediators1,sparse,200,4,Consumption,0.12431922795490241
30,15,base,mediators1,sparse,200,4,Production,0.36788268534080276
30,15,base,mediators1,sparse,200,5,Consumption,0.12338158906310223
30,15,base,mediators1,sparse,200,5,Production,0.3388804304557929
30,15,base,mediators2,sparse,200,1,Consumption,0.3736489695709163
30,15,base,mediators2,sparse,200,1,Production,0.707304363546548
30,15,base,mediators2,sparse,200,2,Consumption,0.3967958580772555
30,15,base,mediators2,sparse,200,2,Production,0.6975151771139437
30,15,base,mediators2,sparse,200,3,Consumption,0.5832087364164175
30,15,base,mediators2,sparse,200,3,Production,0.7003859398495152
30,15,base,mediators2,sparse,200,4,Consumption,0.47356960349083604
30,15,base,mediators2,sparse,200,4,Production,0.7005002334394199
30,15,base,mediators2,sparse,200,5,Consumption,0.40652075935868126
30,15,base,mediators2,sparse,200,5,Production,0.7009884276241308
30,15,base,mediators3,sparse,200,1,Consumption,0.25321840445947535
30,15,base,mediators3,sparse,200,1,Production,0.6015387994927485
30,15,base,mediators3,sparse,200,2,Consumption,0.2548744834137303
30,15,base,mediators3,sparse,200,2,Production,0.607327849443783
30,15,base,mediators3,sparse,200,3,Consumption,0.2595548418559492
30,15,base,mediators3,sparse,200,3,Production,0.5995920153124671
30,15,base,mediators3,sparse,200,4,Consumption,0.27113535318576354
30,15,base,mediators3,sparse,200,4,Production,0.5720145431521386
30,15,base,mediators3,sparse,200,5,Consumption,0.2686257157959352
30,15,base,mediators3,sparse,200,5,Production,0.5965109682930892
30,15,base,mediators4,sparse,200,1,Consumption,0.22328398650242073
30,15,base,mediators4,sparse,200,1,Production,0.4824597986762998
30,15,base,mediators4,sparse,200,2,Consumption,0.20693449904898306
30,15,base,mediators4,sparse,200,2,Production,0.49702386785633496
30,15,base,mediators4,sparse,200,3,Consumption,0.20667308890888084
30,15,base,mediators4,sparse,200,3,Production,0.48642421514786727
30,15,base,mediators4,sparse,200,4,Consumption,0.22405375593128507
30,15,base,mediators4,sparse,200,4,Production,0.4905795883332011
30,15,base,mediators4,sparse,200,5,Consumption,0.22280586137939293
30,15,base,mediators4,sparse,200,5,Production,0.48064549544269475
30,15,base,mediators5,sparse,200,1,Consumption,0.3571758182154287
30,15,base,mediators5,sparse,200,1,Production,0.521928277620793
30,15,base,mediators5,sparse,200,2,Consumption,0.38148158634956225
30,15,base,mediators5,sparse,200,2,Production,0.5337303194300841
30,15,base,mediators5,sparse,200,3,Consumption,0.3657618280371804
30,15,base,mediators5,sparse,200,3,Production,0.525921954399136
30,15,base,mediators5,sparse,200,4,Consumption,0.37507079170797236
30,15,base,mediators5,sparse,200,4,Production,0.527357412778398
30,15,base,mediators5,sparse,200,5,Consumption,0.339893792121791
30,15,base,mediators5,sparse,200,5,Production,0.5229155181252548
30,15,base,mediators1,sparse,300,1,Consumption,0.10648366355144034
30,15,base,mediators1,sparse,300,1,Production,0.569425482525854
30,15,base,mediators1,sparse,300,2,Consumption,0.12453198245239175
30,15,base,mediators1,sparse,300,2,Production,0.5492851800361883
30,15,base,mediators1,sparse,300,3,Consumption,0.09985619408094723
30,15,base,mediators1,sparse,300,3,Production,0.4349858390341913
30,15,base,mediators1,sparse,300,4,Consumption,0.11471763107303731
30,15,base,mediators1,sparse,300,4,Production,0.5835807129689824
30,15,base,mediators1,sparse,300,5,Consumption,0.09110100020036255
30,15,base,mediators1,sparse,300,5,Production,0.5468049337190068
30,15,base,mediators2,sparse,300,1,Consumption,0.39908016352533443
30,15,base,mediators2,sparse,300,1,Production,0.6746010334576192
30,15,base,mediators2,sparse,300,2,Consumption,0.43713560697891596
30,15,base,mediators2,sparse,300,2,Production,0.6938072293688726
30,15,base,mediators2,sparse,300,3,Consumption,0.4478358500996674
30,15,base,mediators2,sparse,300,3,Production,0.6794361626805655
30,15,base,mediators2,sparse,300,4,Consumption,0.3784530399870123
30,15,base,mediators2,sparse,300,4,Production,0.6801474625995135
30,15,base,mediators2,sparse,300,5,Consumption,0.46164325516645227
30,15,base,mediators2,sparse,300,5,Production,0.6907386035082795
30,15,base,mediators3,sparse,300,1,Consumption,0.29528194720626444
30,15,base,mediators3,sparse,300,1,Production,0.6049053789867552
30,15,base,mediators3,sparse,300,2,Consumption,0.2950648682653872
30,15,base,mediators3,sparse,300,2,Production,0.605614266934208
30,15,base,mediators3,sparse,300,3,Consumption,0.29163779430290215
30,15,base,mediators3,sparse,300,3,Production,0.588567227724998
30,15,base,mediators3,sparse,300,4,Consumption,0.2858625242474283
30,15,base,mediators3,sparse,300,4,Production,0.5962517097658595
30,15,base,mediators3,sparse,300,5,Consumption,0.29549919537257346
30,15,base,mediators3,sparse,300,5,Production,0.6248723285985678
30,15,base,mediators4,sparse,300,1,Consumption,0.19833622450412422
30,15,base,mediators4,sparse,300,1,Production,0.4728863277083473
30,15,base,mediators4,sparse,300,2,Consumption,0.21648366640814232
30,15,base,mediators4,sparse,300,2,Production,0.45763782046126
30,15,base,mediators4,sparse,300,3,Consumption,0.24210132898042344
30,15,base,mediators4,sparse,300,3,Production,0.4885055111493952
30,15,base,mediators4,sparse,300,4,Consumption,0.22676290987555386
30,15,base,mediators4,sparse,300,4,Production,0.4710652140852994
30,15,base,mediators4,sparse,300,5,Consumption,0.2312536592095292
30,15,base,mediators4,sparse,300,5,Production,0.49702904799665515
30,15,base,mediators5,sparse,300,1,Consumption,0.35658831409911956
30,15,base,mediators5,sparse,300,1,Production,0.5207028124132287
30,15,base,mediators5,sparse,300,2,Consumption,0.35648361963440467
30,15,base,mediators5,sparse,300,2,Production,0.5262446006959541
30,15,base,mediators5,sparse,300,3,Consumption,0.36523092664645335
30,15,base,mediators5,sparse,300,3,Production,0.5337404289939084
30,15,base,mediators5,sparse,300,4,Consumption,0.35457580764734853
30,15,base,mediators5,sparse,300,4,Production,0.5277754271515285
30,15,base,mediators5,sparse,300,5,Consumption,0.3489174739547129
30,15,base,mediators5,sparse,300,5,Production,0.520195019781376
30,15,intricate,mediators1,baseline,100,1,Consumption,0.12796230571565845
30,15,intricate,mediators1,baseline,100,1,Production,0.4970602279951447
30,15,intricate,mediators1,baseline,100,2,Consumption,0.1261084698234331
30,15,intricate,mediators1,baseline,100,2,Production,0.4881045120611889
30,15,intricate,mediators1,baseline,100,3,Consumption,0.12766970418408685
30,15,intricate,mediators1,baseline,100,3,Production,0.4663915356311268
30,15,intricate,mediators1,baseline,100,4,Consumption,0.12428011516499926
30,15,intricate,mediators1,baseline,100,4,Production,0.48443217518443127
30,15,intricate,mediators1,baseline,100,5,Consumption,0.1280203611518764
30,15,intricate,mediators1,baseline,100,5,Production,0.45236177304207575
30,15,intricate,mediators2,baseline,100,1,Consumption,0.45983035382841886
30,15,intricate,mediators2,baseline,100,1,Production,0.5012023878048186
30,15,intricate,mediators2,baseline,100,2,Consumption,0.46315844318623167
30,15,intricate,mediators2,baseline,100,2,Production,0.5473622113885966
30,15,intricate,mediators2,baseline,100,3,Consumption,0.4840178184176541
30,15,intricate,mediators2,baseline,100,3,Production,0.5252952007856095
30,15,intricate,mediators2,baseline,100,4,Consumption,0.457672149814803
30,15,intricate,mediators2,baseline,100,4,Production,0.5300928027667542
30,15,intricate,mediators2,baseline,100,5,Consumption,0.43554213520361146
30,15,intricate,mediators2,baseline,100,5,Production,0.5463239788266886
30,15,intricate,mediators3,baseline,100,1,Consumption,0.20500790470204802
30,15,intricate,mediators3,baseline,100,1,Production,0.5773916359060367
30,15,intricate,mediators3,baseline,100,2,Consumption,0.2084434238141397
30,15,intricate,mediators3,baseline,100,2,Production,0.5877349430926977
30,15,intricate,mediators3,baseline,100,3,Consumption,0.19791736381497102
30,15,intricate,mediators3,baseline,100,3,Production,0.565284821418766
30,15,intricate,mediators3,baseline,100,4,Consumption,0.20325312998727496
30,15,intricate,mediators3,baseline,100,4,Production,0.5705078839188047
30,15,intricate,mediators3,baseline,100,5,Consumption,0.20129036040863402
30,15,intricate,mediators3,baseline,100,5,Production,0.571376995459509
30,15,intricate,mediators4,baseline,100,1,Consumption,0.14253329720825447
30,15,intricate,mediators4,baseline,100,1,Production,0.442197875851277
30,15,intricate,mediators4,baseline,100,2,Consumption,0.13818715782980473
30,15,intricate,mediators4,baseline,100,2,Production,0.45146291569843705
30,15,intricate,mediators4,baseline,100,3,Consumption,0.14665368346063168
30,15,intricate,mediators4,baseline,100,3,Production,0.43645495183281374
30,15,intricate,mediators4,baseline,100,4,Consumption,0.13650414662776625
30,15,intricate,mediators4,baseline,100,4,Production,0.45261272479470854
30,15,intricate,mediators4,baseline,100,5,Consumption,0.14714839494800735
30,15,intricate,mediators4,baseline,100,5,Production,0.43774351260377203
30,15,intricate,mediators5,baseline,100,1,Consumption,0.34914854726911837
30,15,intricate,mediators5,baseline,100,1,Production,0.4600822709867455
30,15,intricate,mediators5,baseline,100,2,Consumption,0.3632972379303
30,15,intricate,mediators5,baseline,100,2,Production,0.4610735052487041
30,15,intricate,mediators5,baseline,100,3,Consumption,0.3715620540150721
30,15,intricate,mediators5,baseline,100,3,Production,0.47242739474532897
30,15,intricate,mediators5,baseline,100,4,Consumption,0.334259613569264
30,15,intricate,mediators5,baseline,100,4,Production,0.46204949755728364
30,15,intricate,mediators5,baseline,100,5,Consumption,0.39599326651505373
30,15,intricate,mediators5,baseline,100,5,Production,0.4881408251327116
30,15,intricate,mediators1,baseline,200,1,Consumption,0.12441970733189427
30,15,intricate,mediators1,baseline,200,1,Production,0.4496509464297271
30,15,intricate,mediators1,baseline,200,2,Consumption,0.1277544619785399
30,15,intricate,mediators1,baseline,200,2,Production,0.5277065569330099
30,15,intricate,mediators1,baseline,200,3,Consumption,0.1246808211207603
30,15,intricate,mediators1,baseline,200,3,Production,0.4585099337638133
30,15,intricate,mediators1,baseline,200,4,Consumption,0.12411558898973286
30,15,intricate,mediators1,baseline,200,4,Production,0.46143162786688624
30,15,intricate,mediators1,baseline,200,5,Consumption,0.12650636846016458
30,15,intricate,mediators1,baseline,200,5,Production,0.47910376268387145
30,15,intricate,mediators2,baseline,200,1,Consumption,0.43899313718959326
30,15,intricate,mediators2,baseline,200,1,Production,0.5671553115563625
30,15,intricate,mediators2,baseline,200,2,Consumption,0.574638102013877
30,15,intricate,mediators2,baseline,200,2,Production,0.5622512270663065
30,15,intricate,mediators2,baseline,200,3,Consumption,0.4449796840221788
30,15,intricate,mediators2,baseline,200,3,Production,0.5483529858291681
30,15,intricate,mediators2,baseline,200,4,Consumption,0.4657664368018231
30,15,intricate,mediators2,baseline,200,4,Production,0.559168714101295
30,15,intricate,mediators2,baseline,200,5,Consumption,0.5220405270704153
30,15,intricate,mediators2,baseline,200,5,Production,0.5678157385046922
30,15,intricate,mediators3,baseline,200,1,Consumption,0.1849444867253444
30,15,intricate,mediators3,baseline,200,1,Production,0.5554309345287846
30,15,intricate,mediators3,baseline,200,2,Consumption,0.197703304602393
30,15,intricate,mediators3,baseline,200,2,Production,0.5698568424837083
30,15,intricate,mediators3,baseline,200,3,Consumption,0.20264232372925667
30,15,intricate,mediators3,baseline,200,3,Production,0.5598121227930799
30,15,intricate,mediators3,baseline,200,4,Consumption,0.19886833211664304
30,15,intricate,mediators3,baseline,200,4,Production,0.5606208752540094
30,15,intricate,mediators3,baseline,200,5,Consumption,0.1965374386618185
30,15,intricate,mediators3,baseline,200,5,Production,0.5648019549034251
30,15,intricate,mediators4,baseline,200,1,Consumption,0.13834937594593347
30,15,intricate,mediators4,baseline,200,1,Production,0.45300052520912204
30,15,intricate,mediators4,baseline,200,2,Consumption,0.1398435707274349
30,15,intricate,mediators4,baseline,200,2,Production,0.4484136347381913
30,15,intricate,mediators4,baseline,200,3,Consumption,0.14005425714315498
30,15,intricate,mediators4,baseline,200,3,Production,0.44995062934925345
30,15,intricate,mediators4,baseline,200,4,Consumption,0.13826170394791082
30,15,intricate,mediators4,baseline,200,4,Production,0.4457980538927118
30,15,intricate,mediators4,baseline,200,5,Consumption,0.13962530067597526
30,15,intricate,mediators4,baseline,200,5,Production,0.44380226478975005
30,15,intricate,mediators5,baseline,200,1,Consumption,0.42237825957550373
30,15,intricate,mediators5,baseline,200,1,Production,0.49124329674795264
30,15,intricate,mediators5,baseline,200,2,Consumption,0.38522300957814626
30,15,intricate,mediators5,baseline,200,2,Production,0.4972721825895394
30,15,intricate,mediators5,baseline,200,3,Consumption,0.3738466864540465
30,15,intricate,mediators5,baseline,200,3,Production,0.4841421993190067
30,15,intricate,mediators5,baseline,200,4,Consumption,0.41928597037133314
30,15,intricate,mediators5,baseline,200,4,Production,0.5116604092797897
30,15,intricate,mediators5,baseline,200,5,Consumption,0.3825002041643966
30,15,intricate,mediators5,baseline,200,5,Production,0.4805828850574662
30,15,intricate,mediators1,baseline,300,1,Consumption,0.12286332528474916
30,15,intricate,mediators1,baseline,300,1,Production,0.4428882797934421
30,15,intricate,mediators1,baseline,300,2,Consumption,0.1261265645474187
30,15,intricate,mediators1,baseline,300,2,Production,0.5067228906424127
30,15,intricate,mediators1,baseline,300,3,Consumption,0.12292329640421079
30,15,intricate,mediators1,baseline,300,3,Production,0.489529355035184
30,15,intricate,mediators1,baseline,300,4,Consumption,0.12317353686693286
30,15,intricate,mediators1,baseline,300,4,Production,0.42463473354399583
30,15,intricate,mediators1,baseline,300,5,Consumption,0.12694347182367113
30,15,intricate,mediators1,baseline,300,5,Production,0.47451020938368865
30,15,intricate,mediators2,baseline,300,1,Consumption,0.7338693025563483
30,15,intricate,mediators2,baseline,300,1,Production,0.5984748670325788
30,15,intricate,mediators2,baseline,300,2,Consumption,0.4821508638978858
30,15,intricate,mediators2,baseline,300,2,Production,0.5987654046203553
30,15,intricate,mediators2,baseline,300,3,Consumption,0.7068101923946166
30,15,intricate,mediators2,baseline,300,3,Production,0.5934681420479833
30,15,intricate,mediators2,baseline,300,4,Consumption,0.7355229517654568
30,15,intricate,mediators2,baseline,300,4,Production,0.5641249194719528
30,15,intricate,mediators2,baseline,300,5,Consumption,0.7460050229329429
30,15,intricate,mediators2,baseline,300,5,Production,0.5907491075137782
30,15,intricate,mediators3,baseline,300,1,Consumption,0.2079069774086785
30,15,intricate,mediators3,baseline,300,1,Production,0.557424385166759
30,15,intricate,mediators3,baseline,300,2,Consumption,0.21111133039248078
30,15,intricate,mediators3,baseline,300,2,Production,0.5584480841841715
30,15,intricate,mediators3,baseline,300,3,Consumption,0.214014546787178
30,15,intricate,mediators3,baseline,300,3,Production,0.5498035189748075
30,15,intricate,mediators3,baseline,300,4,Consumption,0.21015553785559188
30,15,intricate,mediators3,baseline,300,4,Production,0.5508460874944549
30,15,intricate,mediators3,baseline,300,5,Consumption,0.21211491403531493
30,15,intricate,mediators3,baseline,300,5,Production,0.5551182059510987
30,15,intricate,mediators4,baseline,300,1,Consumption,0.1375999312019656
30,15,intricate,mediators4,baseline,300,1,Production,0.4475676220748777
30,15,intricate,mediators4,baseline,300,2,Consumption,0.14197278418937603
30,15,intricate,mediators4,baseline,300,2,Production,0.4446819962241681
30,15,intricate,mediators4,baseline,300,3,Consumption,0.13566550400878283
30,15,intricate,mediators4,baseline,300,3,Production,0.43908674789153473
30,15,intricate,mediators4,baseline,300,4,Consumption,0.1398714151729384
30,15,intricate,mediators4,baseline,300,4,Production,0.44573145451324986
30,15,intricate,mediators4,baseline,300,5,Consumption,0.1386854511112443
30,15,intricate,mediators4,baseline,300,5,Production,0.44261716082715935
30,15,intricate,mediators5,baseline,300,1,Consumption,0.3933152881300562
30,15,intricate,mediators5,baseline,300,1,Production,0.4843776367578222
30,15,intricate,mediators5,baseline,300,2,Consumption,0.36879703441819645
30,15,intricate,mediators5,baseline,300,2,Production,0.49088827928701734
30,15,intricate,mediators5,baseline,300,3,Consumption,0.3729261688905078
30,15,intricate,mediators5,baseline,300,3,Production,0.4675747251960474
30,15,intricate,mediators5,baseline,300,4,Consumption,0.3572818503983861
30,15,intricate,mediators5,baseline,300,4,Production,0.473730555067268
30,15,intricate,mediators5,baseline,300,5,Consumption,0.3552674885090961
30,15,intricate,mediators5,baseline,300,5,Production,0.4821407668832592
30,15,intricate,mediators1,noisy,100,1,Consumption,0.15057429475384784
30,15,intricate,mediators1,noisy,100,1,Production,0.3972664379887885
30,15,intricate,mediators1,noisy,100,2,Consumption,0.15097501305181893
30,15,intricate,mediators1,noisy,100,2,Production,0.37314123870316784
30,15,intricate,mediators1,noisy,100,3,Consumption,0.14551820511634878
30,15,intricate,mediators1,noisy,100,3,Production,0.3924015641002152
30,15,intricate,mediators1,noisy,100,4,Consumption,0.14913114768312666
30,15,intricate,mediators1,noisy,100,4,Production,0.38358399754702127
30,15,intricate,mediators1,noisy,100,5,Consumption,0.1525408434573823
30,15,intricate,mediators1,noisy,100,5,Production,0.37800986859143376
30,15,intricate,mediators2,noisy,100,1,Consumption,0.4942913211341319
30,15,intricate,mediators2,noisy,100,1,Production,0.48175192487278645
30,15,intricate,mediators2,noisy,100,2,Consumption,0.4216587975054917
30,15,intricate,mediators2,noisy,100,2,Production,0.5166731432427465
30,15,intricate,mediators2,noisy,100,3,Consumption,0.4416832671200764
30,15,intricate,mediators2,noisy,100,3,Production,0.5028623804324719
30,15,intricate,mediators2,noisy,100,4,Consumption,0.4494615456418558
30,15,intricate,mediators2,noisy,100,4,Production,0.48290402054495096
30,15,intricate,mediators2,noisy,100,5,Consumption,0.4367248466591499
30,15,intricate,mediators2,noisy,100,5,Production,0.4813639452871754
30,15,intricate,mediators3,noisy,100,1,Consumption,0.23291265998905739
30,15,intricate,mediators3,noisy,100,1,Production,0.5976955905993764
30,15,intricate,mediators3,noisy,100,2,Consumption,0.22587700310667025
30,15,intricate,mediators3,noisy,100,2,Production,0.5987206387764535
30,15,intricate,mediators3,noisy,100,3,Consumption,0.23297026614287716
30,15,intricate,mediators3,noisy,100,3,Production,0.5927164370450207
30,15,intricate,mediators3,noisy,100,4,Consumption,0.22005545224170842
30,15,intricate,mediators3,noisy,100,4,Production,0.6157827350292402
30,15,intricate,mediators3,noisy,100,5,Consumption,0.21866771826302908
30,15,intricate,mediators3,noisy,100,5,Production,0.5895852724548238
30,15,intricate,mediators4,noisy,100,1,Consumption,0.16760841528454515
30,15,intricate,mediators4,noisy,100,1,Production,0.47432662612384685
30,15,intricate,mediators4,noisy,100,2,Consumption,0.17209442197628524
30,15,intricate,mediators4,noisy,100,2,Production,0.47747757764109516
30,15,intricate,mediators4,noisy,100,3,Consumption,0.16297908693079827
30,15,intricate,mediators4,noisy,100,3,Production,0.4692693075681892
30,15,intricate,mediators4,noisy,100,4,Consumption,0.17359375568465182
30,15,intricate,mediators4,noisy,100,4,Production,0.4723455840052602
30,15,intricate,mediators4,noisy,100,5,Consumption,0.1710700008436869
30,15,intricate,mediators4,noisy,100,5,Production,0.4721763910730995
30,15,intricate,mediators5,noisy,100,1,Consumption,0.3909648274226042
30,15,intricate,mediators5,noisy,100,1,Production,0.4852829834821709
30,15,intricate,mediators5,noisy,100,2,Consumption,0.37352371794924094
30,15,intricate,mediators5,noisy,100,2,Production,0.4855429994548168
30,15,intricate,mediators5,noisy,100,3,Consumption,0.3777674536573609
30,15,intricate,mediators5,noisy,100,3,Production,0.49326644390424373
30,15,intricate,mediators5,noisy,100,4,Consumption,0.3911885794315113
30,15,intricate,mediators5,noisy,100,4,Production,0.49233186405046675
30,15,intricate,mediators5,noisy,100,5,Consumption,0.3809000919917885
30,15,intricate,mediators5,noisy,100,5,Production,0.48703846065330497
30,15,intricate,mediators1,noisy,200,1,Consumption,0.15179966978289394
30,15,intricate,mediators1,noisy,200,1,Production,0.37954382887375754
30,15,intricate,mediators1,noisy,200,2,Consumption,0.1518390133567362
30,15,intricate,mediators1,noisy,200,2,Production,0.3704225110140233
30,15,intricate,mediators1,noisy,200,3,Consumption,0.15271535379846807
30,15,intricate,mediators1,noisy,200,3,Production,0.3935781275257393
30,15,intricate,mediators1,noisy,200,4,Consumption,0.1503775938865646
30,15,intricate,mediators1,noisy,200,4,Production,0.39999234971703385
30,15,intricate,mediators1,noisy,200,5,Consumption,0.153980969056738
30,15,intricate,mediators1,noisy,200,5,Production,0.40364630926846135
30,15,intricate,mediators2,noisy,200,1,Consumption,0.48182634337154795
30,15,intricate,mediators2,noisy,200,1,Production,0.5366227031995018
30,15,intricate,mediators2,noisy,200,2,Consumption,0.4846545015803862
30,15,intricate,mediators2,noisy,200,2,Production,0.531632494423795
30,15,intricate,mediators2,noisy,200,3,Consumption,0.6698232894665795
30,15,intricate,mediators2,noisy,200,3,Production,0.5464130184055445
30,15,intricate,mediators2,noisy,200,4,Consumption,0.46793392194133615
30,15,intricate,mediators2,noisy,200,4,Production,0.5021714758602083
30,15,intricate,mediators2,noisy,200,5,Consumption,0.4855019717069431
30,15,intricate,mediators2,noisy,200,5,Production,0.5522681957084384
30,15,intricate,mediators3,noisy,200,1,Consumption,0.22434015993791617
30,15,intricate,mediators3,noisy,200,1,Production,0.5883661861633812
30,15,intricate,mediators3,noisy,200,2,Consumption,0.2313082533546314
30,15,intricate,mediators3,noisy,200,2,Production,0.5793537647205893
30,15,intricate,mediators3,noisy,200,3,Consumption,0.22735209897456096
30,15,intricate,mediators3,noisy,200,3,Production,0.573699480739349
30,15,intricate,mediators3,noisy,200,4,Consumption,0.22839900024279725
30,15,intricate,mediators3,noisy,200,4,Production,0.5780375513354314
30,15,intricate,mediators3,noisy,200,5,Consumption,0.23405248844315668
30,15,intricate,mediators3,noisy,200,5,Production,0.5832151958463503
30,15,intricate,mediators4,noisy,200,1,Consumption,0.16954079820883397
30,15,intricate,mediators4,noisy,200,1,Production,0.46161234843734816
30,15,intricate,mediators4,noisy,200,2,Consumption,0.1696929283739602
30,15,intricate,mediators4,noisy,200,2,Production,0.4585911257722385
30,15,intricate,mediators4,noisy,200,3,Consumption,0.1687143440618276
30,15,intricate,mediators4,noisy,200,3,Production,0.4656473871921874
30,15,intricate,mediators4,noisy,200,4,Consumption,0.16938449047577173
30,15,intricate,mediators4,noisy,200,4,Production,0.4620494635899751
30,15,intricate,mediators4,noisy,200,5,Consumption,0.17039433470620977
30,15,intricate,mediators4,noisy,200,5,Production,0.45533647181102765
30,15,intricate,mediators5,noisy,200,1,Consumption,0.3752889651683457
30,15,intricate,mediators5,noisy,200,1,Production,0.48582262157403805
30,15,intricate,mediators5,noisy,200,2,Consumption,0.35620129918394355
30,15,intricate,mediators5,noisy,200,2,Production,0.4978714669172348
30,15,intricate,mediators5,noisy,200,3,Consumption,0.36591369044631533
30,15,intricate,mediators5,noisy,200,3,Production,0.49833743412460874
30,15,intricate,mediators5,noisy,200,4,Consumption,0.35705888245950274
30,15,intricate,mediators5,noisy,200,4,Production,0.4795130677814153
30,15,intricate,mediators5,noisy,200,5,Consumption,0.3293462027675665
30,15,intricate,mediators5,noisy,200,5,Production,0.497669877280648
30,15,intricate,mediators1,noisy,300,1,Consumption,0.15293307234503117
30,15,intricate,mediators1,noisy,300,1,Production,0.35040978607013606
30,15,intricate,mediators1,noisy,300,2,Consumption,0.1499767925219801
30,15,intricate,mediators1,noisy,300,2,Production,0.35209569471503277
30,15,intricate,mediators1,noisy,300,3,Consumption,0.15649439916720204
30,15,intricate,mediators1,noisy,300,3,Production,0.37590846707314557
30,15,intricate,mediators1,noisy,300,4,Consumption,0.1485107139538263
30,15,intricate,mediators1,noisy,300,4,Production,0.3728017728772916
30,15,intricate,mediators1,noisy,300,5,Consumption,0.15623862940866245
30,15,intricate,mediators1,noisy,300,5,Production,0.3690807957328968
30,15,intricate,mediators2,noisy,300,1,Consumption,0.5612050083181858
30,15,intricate,mediators2,noisy,300,1,Production,0.5453678098077406
30,15,intricate,mediators2,noisy,300,2,Consumption,0.4711288688565354
30,15,intricate,mediators2,noisy,300,2,Production,0.5679919073638886
30,15,intricate,mediators2,noisy,300,3,Consumption,0.5186644452339241
30,15,intricate,mediators2,noisy,300,3,Production,0.5680621157682502
30,15,intricate,mediators2,noisy,300,4,Consumption,0.5252092565143036
30,15,intricate,mediators2,noisy,300,4,Production,0.5466397010242203
30,15,intricate,mediators2,noisy,300,5,Consumption,0.4525724169153439
30,15,intricate,mediators2,noisy,300,5,Production,0.5563072632063375
30,15,intricate,mediators3,noisy,300,1,Consumption,0.24736942990441665
30,15,intricate,mediators3,noisy,300,1,Production,0.5816876085491708
30,15,intricate,mediators3,noisy,300,2,Consumption,0.2276939754109903
30,15,intricate,mediators3,noisy,300,2,Production,0.5789926087224286
30,15,intricate,mediators3,noisy,300,3,Consumption,0.2266945641171863
30,15,intricate,mediators3,noisy,300,3,Production,0.5725478573405924
30,15,intricate,mediators3,noisy,300,4,Consumption,0.22094761296412901
30,15,intricate,mediators3,noisy,300,4,Production,0.5803369195966923
30,15,intricate,mediators3,noisy,300,5,Consumption,0.2441486185571999
30,15,intricate,mediators3,noisy,300,5,Production,0.5687323889760579
30,15,intricate,mediators4,noisy,300,1,Consumption,0.17504520696466128
30,15,intricate,mediators4,noisy,300,1,Production,0.4636297335418004
30,15,intricate,mediators4,noisy,300,2,Consumption,0.17733375441998614
30,15,intricate,mediators4,noisy,300,2,Production,0.4637750138503769
30,15,intricate,mediators4,noisy,300,3,Consumption,0.1696674013116082
30,15,intricate,mediators4,noisy,300,3,Production,0.46465896434600806
30,15,intricate,mediators4,noisy,300,4,Consumption,0.17449858557176734
30,15,intricate,mediators4,noisy,300,4,Production,0.4593401674993202
30,15,intricate,mediators4,noisy,300,5,Consumption,0.17402039864303057
30,15,intricate,mediators4,noisy,300,5,Production,0.4609844960852661
30,15,intricate,mediators5,noisy,300,1,Consumption,0.34712640366039543
30,15,intricate,mediators5,noisy,300,1,Production,0.47959831667138747
30,15,intricate,mediators5,noisy,300,2,Consumption,0.3477565615280672
30,15,intricate,mediators5,noisy,300,2,Production,0.5023006947511233
30,15,intricate,mediators5,noisy,300,3,Consumption,0.34337453973300486
30,15,intricate,mediators5,noisy,300,3,Production,0.4911170579179435
30,15,intricate,mediators5,noisy,300,4,Consumption,0.35499041162434186
30,15,intricate,mediators5,noisy,300,4,Production,0.47196839252239453
30,15,intricate,mediators5,noisy,300,5,Consumption,0.3160834913363476
30,15,intricate,mediators5,noisy,300,5,Production,0.49516264907732627
30,15,intricate,mediators1,sparse,100,1,Consumption,0.08849690056072579
30,15,intricate,mediators1,sparse,100,1,Production,0.3429294619550756
30,15,intricate,mediators1,sparse,100,2,Consumption,0.09185977944776476
30,15,intricate,mediators1,sparse,100,2,Production,0.3128642219756065
30,15,intricate,mediators1,sparse,100,3,Consumption,0.08880585147962484
30,15,intricate,mediators1,sparse,100,3,Production,0.3248543460971097
30,15,intricate,mediators1,sparse,100,4,Consumption,0.09243743393386208
30,15,intricate,mediators1,sparse,100,4,Production,0.36699762148640064
30,15,intricate,mediators1,sparse,100,5,Consumption,0.09064235459099751
30,15,intricate,mediators1,sparse,100,5,Production,0.3174642786665159
30,15,intricate,mediators2,sparse,100,1,Consumption,0.4508878434121856
30,15,intricate,mediators2,sparse,100,1,Production,0.45334931559223
30,15,intricate,mediators2,sparse,100,2,Consumption,0.4494907086818757
30,15,intricate,mediators2,sparse,100,2,Production,0.48658842003865177
30,15,intricate,mediators2,sparse,100,3,Consumption,0.4229895289326725
30,15,intricate,mediators2,sparse,100,3,Production,0.4485714121730629
30,15,intricate,mediators2,sparse,100,4,Consumption,0.45968907146655225
30,15,intricate,mediators2,sparse,100,4,Production,0.48377179066288983
30,15,intricate,mediators2,sparse,100,5,Consumption,0.43474413086092756
30,15,intricate,mediators2,sparse,100,5,Production,0.468553417858416
30,15,intricate,mediators3,sparse,100,1,Consumption,0.21651666982651754
30,15,intricate,mediators3,sparse,100,1,Production,0.5872516525876018
30,15,intricate,mediators3,sparse,100,2,Consumption,0.22605206751429235
30,15,intricate,mediators3,sparse,100,2,Production,0.5795274544403018
30,15,intricate,mediators3,sparse,100,3,Consumption,0.2284536412370184
30,15,intricate,mediators3,sparse,100,3,Production,0.579747643869919
30,15,intricate,mediators3,sparse,100,4,Consumption,0.23127237867621425
30,15,intricate,mediators3,sparse,100,4,Production,0.5824292474285103
30,15,intricate,mediators3,sparse,100,5,Consumption,0.23151957917241647
30,15,intricate,mediators3,sparse,100,5,Production,0.5819436676947232
30,15,intricate,mediators4,sparse,100,1,Consumption,0.10840224356681892
30,15,intricate,mediators4,sparse,100,1,Production,0.44647239290910934
30,15,intricate,mediators4,sparse,100,2,Consumption,0.10899762647453845
30,15,intricate,mediators4,sparse,100,2,Production,0.44911808994450814
30,15,intricate,mediators4,sparse,100,3,Consumption,0.11166927862540256
30,15,intricate,mediators4,sparse,100,3,Production,0.43580803959133896
30,15,intricate,mediators4,sparse,100,4,Consumption,0.11127465169278528
30,15,intricate,mediators4,sparse,100,4,Production,0.4460503402441971
30,15,intricate,mediators4,sparse,100,5,Consumption,0.11523700344067009
30,15,intricate,mediators4,sparse,100,5,Production,0.44500611438851284
30,15,intricate,mediators5,sparse,100,1,Consumption,0.3651511190374875
30,15,intricate,mediators5,sparse,100,1,Production,0.480396060285846
30,15,intricate,mediators5,sparse,100,2,Consumption,0.36695711173898615
30,15,intricate,mediators5,sparse,100,2,Production,0.4807664238201193
30,15,intricate,mediators5,sparse,100,3,Consumption,0.36257914472316655
30,15,intricate,mediators5,sparse,100,3,Production,0.479060431275968
30,15,intricate,mediators5,sparse,100,4,Consumption,0.35852282829507565
30,15,intricate,mediators5,sparse,100,4,Production,0.47546258498445754
30,15,intricate,mediators5,sparse,100,5,Consumption,0.36035554355566457
30,15,intricate,mediators5,sparse,100,5,Production,0.48561058888293146
30,15,intricate,mediators1,sparse,200,1,Consumption,0.08441656457190581
30,15,intricate,mediators1,sparse,200,1,Production,0.35896090566788813
30,15,intricate,mediators1,sparse,200,2,Consumption,0.08374071335982668
30,15,intricate,mediators1,sparse,200,2,Production,0.36116924181169385
30,15,intricate,mediators1,sparse,200,3,Consumption,0.08761476696060987
30,15,intricate,mediators1,sparse,200,3,Production,0.3617064371205786
30,15,intricate,mediators1,sparse,200,4,Consumption,0.08947756730427785
30,15,intricate,mediators1,sparse,200,4,Production,0.3790843885398076
30,15,intricate,mediators1,sparse,200,5,Consumption,0.09024722710494307
30,15,intricate,mediators1,sparse,200,5,Production,0.35999681835627334
30,15,intricate,mediators2,sparse,200,1,Consumption,0.5284330531017246
30,15,intricate,mediators2,sparse,200,1,Production,0.43905335756810593
30,15,intricate,mediators2,sparse,200,2,Consumption,0.4952452481545427
30,15,intricate,mediators2,sparse,200,2,Production,0.4629067437735485
30,15,intricate,mediators2,sparse,200,3,Consumption,0.6086070779806446
30,15,intricate,mediators2,sparse,200,3,Production,0.44866856043936976
30,15,intricate,mediators2,sparse,200,4,Consumption,0.47378658050075484
30,15,intricate,mediators2,sparse,200,4,Production,0.4321083731752702
30,15,intricate,mediators2,sparse,200,5,Consumption,0.4950616877040838
30,15,intricate,mediators2,sparse,200,5,Production,0.4279811107635113
30,15,intricate,mediators3,sparse,200,1,Consumption,0.24380230261864713
30,15,intricate,mediators3,sparse,200,1,Production,0.5616381669363916
30,15,intricate,mediators3,sparse,200,2,Consumption,0.24407875660869985
30,15,intricate,mediators3,sparse,200,2,Production,0.5615542053486743
30,15,intricate,mediators3,sparse,200,3,Consumption,0.24212567805267113
30,15,intricate,mediators3,sparse,200,3,Production,0.562475434157822
30,15,intricate,mediators3,sparse,200,4,Consumption,0.24165953590443
30,15,intricate,mediators3,sparse,200,4,Production,0.5697702811937305
30,15,intricate,mediators3,sparse,200,5,Consumption,0.24497615320296343
30,15,intricate,mediators3,sparse,200,5,Production,0.5631996583979718
30,15,intricate,mediators4,sparse,200,1,Consumption,0.1006255532947996
30,15,intricate,mediators4,sparse,200,1,Production,0.4471134426675673
30,15,intricate,mediators4,sparse,200,2,Consumption,0.10155669146173908
30,15,intricate,mediators4,sparse,200,2,Production,0.4466629693454977
30,15,intricate,mediators4,sparse,200,3,Consumption,0.10648755162914791
30,15,intricate,mediators4,sparse,200,3,Production,0.4446906070667563
30,15,intricate,mediators4,sparse,200,4,Consumption,0.10807148307210639
30,15,intricate,mediators4,sparse,200,4,Production,0.440503395429564
30,15,intricate,mediators4,sparse,200,5,Consumption,0.10743374036839662
30,15,intricate,mediators4,sparse,200,5,Production,0.4407736083535907
30,15,intricate,mediators5,sparse,200,1,Consumption,0.3493993575564587
30,15,intricate,mediators5,sparse,200,1,Production,0.46950229573987934
30,15,intricate,mediators5,sparse,200,2,Consumption,0.35087288449075565
30,15,intricate,mediators5,sparse,200,2,Production,0.47339505212618355
30,15,intricate,mediators5,sparse,200,3,Consumption,0.3493238761319472
30,15,intricate,mediators5,sparse,200,3,Production,0.47672715741191773
30,15,intricate,mediators5,sparse,200,4,Consumption,0.35025062204820295
30,15,intricate,mediators5,sparse,200,4,Production,0.48422887791083397
30,15,intricate,mediators5,sparse,200,5,Consumption,0.34934153190480505
30,15,intricate,mediators5,sparse,200,5,Production,0.47593362125661476
30,15,intricate,mediators1,sparse,300,1,Consumption,0.08579547900207031
30,15,intricate,mediators1,sparse,300,1,Production,0.40116445448458066
30,15,intricate,mediators1,sparse,300,2,Consumption,0.08846227783064994
30,15,intricate,mediators1,sparse,300,2,Production,0.38394597556723753
30,15,intricate,mediators1,sparse,300,3,Consumption,0.09000074998382374
30,15,intricate,mediators1,sparse,300,3,Production,0.503476110384899
30,15,intricate,mediators1,sparse,300,4,Consumption,0.08795188237561984
30,15,intricate,mediators1,sparse,300,4,Production,0.5535833193429888
30,15,intricate,mediators1,sparse,300,5,Consumption,0.08445716973038646
30,15,intricate,mediators1,sparse,300,5,Production,0.39992771263139243
30,15,intricate,mediators2,sparse,300,1,Consumption,0.6544754390106312
30,15,intricate,mediators2,sparse,300,1,Production,0.42938443286083305
30,15,intricate,mediators2,sparse,300,2,Consumption,0.4869140858073056
30,15,intricate,mediators2,sparse,300,2,Production,0.4232691017302974
30,15,intricate,mediators2,sparse,300,3,Consumption,0.6863464261989437
30,15,intricate,mediators2,sparse,300,3,Production,0.4338225180385086
30,15,intricate,mediators2,sparse,300,4,Consumption,0.7436024887940497
30,15,intricate,mediators2,sparse,300,4,Production,0.4293760501886511
30,15,intricate,mediators2,sparse,300,5,Consumption,0.4840629260545261
30,15,intricate,mediators2,sparse,300,5,Production,0.4074501621483598
30,15,intricate,mediators3,sparse,300,1,Consumption,0.24377074156943754
30,15,intricate,mediators3,sparse,300,1,Production,0.5717077537635686
30,15,intricate,mediators3,sparse,300,2,Consumption,0.21656873883281227
30,15,intricate,mediators3,sparse,300,2,Production,0.5751941648767394
30,15,intricate,mediators3,sparse,300,3,Consumption,0.2103309167379509
30,15,intricate,mediators3,sparse,300,3,Production,0.5633824042543305
30,15,intricate,mediators3,sparse,300,4,Consumption,0.21825458983374674
30,15,intricate,mediators3,sparse,300,4,Production,0.5731257377086179
30,15,intricate,mediators3,sparse,300,5,Consumption,0.22982024999629724
30,15,intricate,mediators3,sparse,300,5,Production,0.566864301285062
30,15,intricate,mediators4,sparse,300,1,Consumption,0.10464625331113767
30,15,intricate,mediators4,sparse,300,1,Production,0.4424399886578038
30,15,intricate,mediators4,sparse,300,2,Consumption,0.10095357039554516
30,15,intricate,mediators4,sparse,300,2,Production,0.44204115851908393
30,15,intricate,mediators4,sparse,300,3,Consumption,0.10621495134218462
30,15,intricate,mediators4,sparse,300,3,Production,0.4424031345368494
30,15,intricate,mediators4,sparse,300,4,Consumption,0.1061092948753572
30,15,intricate,mediators4,sparse,300,4,Production,0.44110313861745853
30,15,intricate,mediators4,sparse,300,5,Consumption,0.10640498743957542
30,15,intricate,mediators4,sparse,300,5,Production,0.44612640382035723
30,15,intricate,mediators5,sparse,300,1,Consumption,0.3657674662776776
30,15,intricate,mediators5,sparse,300,1,Production,0.4788014700751872
30,15,intricate,mediators5,sparse,300,2,Consumption,0.3563023569285135
30,15,intricate,mediators5,sparse,300,2,Production,0.47294865244676265
30,15,intricate,mediators5,sparse,300,3,Consumption,0.39828612542669223
30,15,intricate,mediators5,sparse,300,3,Production,0.4912782467125832
30,15,intricate,mediators5,sparse,300,4,Consumption,0.38989752691469015
30,15,intricate,mediators5,sparse,300,4,Production,0.4851636971980159
30,15,intricate,mediators5,sparse,300,5,Consumption,0.3665849509852571
30,15,intricate,mediators5,sparse,300,5,Production,0.48249522840405473
30,15,simple,mediators1,baseline,100,1,Consumption,0.1648221618381308
30,15,simple,mediators1,baseline,100,1,Production,0.30969471849127383
30,15,simple,mediators1,baseline,100,2,Consumption,0.1684551720873328
30,15,simple,mediators1,baseline,100,2,Production,0.3101229115342868
30,15,simple,mediators1,baseline,100,3,Consumption,0.1694115743197359
30,15,simple,mediators1,baseline,100,3,Production,0.32936562324534513
30,15,simple,mediators1,baseline,100,4,Consumption,0.17343278895745431
30,15,simple,mediators1,baseline,100,4,Production,0.33100727797581375
30,15,simple,mediators1,baseline,100,5,Consumption,0.17031619798581335
30,15,simple,mediators1,baseline,100,5,Production,0.3222711237704772
30,15,simple,mediators2,baseline,100,1,Consumption,0.6155939325836524
30,15,simple,mediators2,baseline,100,1,Production,0.6174059809222787
30,15,simple,mediators2,baseline,100,2,Consumption,0.48830094819187037
30,15,simple,mediators2,baseline,100,2,Production,0.6408277419565105
30,15,simple,mediators2,baseline,100,3,Consumption,0.6165459827250818
30,15,simple,mediators2,baseline,100,3,Production,0.6252701686290995
30,15,simple,mediators2,baseline,100,4,Consumption,0.6416843393185272
30,15,simple,mediators2,baseline,100,4,Production,0.608541162725976
30,15,simple,mediators2,baseline,100,5,Consumption,0.5679988425137924
30,15,simple,mediators2,baseline,100,5,Production,0.6301823450341231
30,15,simple,mediators3,baseline,100,1,Consumption,0.2395467871106043
30,15,simple,mediators3,baseline,100,1,Production,0.5437621670029015
30,15,simple,mediators3,baseline,100,2,Consumption,0.27168861993344123
30,15,simple,mediators3,baseline,100,2,Production,0.6222787014633437
30,15,simple,mediators3,baseline,100,3,Consumption,0.3251436524689953
30,15,simple,mediators3,baseline,100,3,Production,0.6533951261047963
30,15,simple,mediators3,baseline,100,4,Consumption,0.2624679263307905
30,15,simple,mediators3,baseline,100,4,Production,0.5238197780577908
30,15,simple,mediators3,baseline,100,5,Consumption,0.23571224503219246
30,15,simple,mediators3,baseline,100,5,Production,0.5360450755042055
30,15,simple,mediators4,baseline,100,1,Consumption,0.1967789547769682
30,15,simple,mediators4,baseline,100,1,Production,0.4824255269065679
30,15,simple,mediators4,baseline,100,2,Consumption,0.2087827506409545
30,15,simple,mediators4,baseline,100,2,Production,0.49714486024604865
30,15,simple,mediators4,baseline,100,3,Consumption,0.2020425591587619
30,15,simple,mediators4,baseline,100,3,Production,0.47354352572490194
30,15,simple,mediators4,baseline,100,4,Consumption,0.19718533801608773
30,15,simple,mediators4,baseline,100,4,Production,0.4765184760325616
30,15,simple,mediators4,baseline,100,5,Consumption,0.21598329385073278
30,15,simple,mediators4,baseline,100,5,Production,0.48969585759406636
30,15,simple,mediators5,baseline,100,1,Consumption,0.3986076728409032
30,15,simple,mediators5,baseline,100,1,Production,0.4965486354144039
30,15,simple,mediators5,baseline,100,2,Consumption,0.4172008291933865
30,15,simple,mediators5,baseline,100,2,Production,0.49508210715400586
30,15,simple,mediators5,baseline,100,3,Consumption,0.4258472037557676
30,15,simple,mediators5,baseline,100,3,Production,0.4941995157552483
30,15,simple,mediators5,baseline,100,4,Consumption,0.4129336272592852
30,15,simple,mediators5,baseline,100,4,Production,0.4954017261128766
30,15,simple,mediators5,baseline,100,5,Consumption,0.4258006769698875
30,15,simple,mediators5,baseline,100,5,Production,0.4889423568996771
30,15,simple,mediators1,baseline,200,1,Consumption,0.17126936834692208
30,15,simple,mediators1,baseline,200,1,Production,0.33552088539358327
30,15,simple,mediators1,baseline,200,2,Consumption,0.17049482590581957
30,15,simple,mediators1,baseline,200,2,Production,0.3193643115261914
30,15,simple,mediators1,baseline,200,3,Consumption,0.17032515024691944
30,15,simple,mediators1,baseline,200,3,Production,0.33322432233742577
30,15,simple,mediators1,baseline,200,4,Consumption,0.17376618323329854
30,15,simple,mediators1,baseline,200,4,Production,0.3321479189287107
30,15,simple,mediators1,baseline,200,5,Consumption,0.17322150647067167
30,15,simple,mediators1,baseline,200,5,Production,0.3280885672209827
30,15,simple,mediators2,baseline,200,1,Consumption,0.4340556082610106
30,15,simple,mediators2,baseline,200,1,Production,0.5563959929867324
30,15,simple,mediators2,baseline,200,2,Consumption,0.43220625531761675
30,15,simple,mediators2,baseline,200,2,Production,0.5308577973772415
30,15,simple,mediators2,baseline,200,3,Consumption,0.5141169550968769
30,15,simple,mediators2,baseline,200,3,Production,0.5451234109884626
30,15,simple,mediators2,baseline,200,4,Consumption,0.4739841478983618
30,15,simple,mediators2,baseline,200,4,Production,0.5486512882546927
30,15,simple,mediators2,baseline,200,5,Consumption,0.49473847737499144
30,15,simple,mediators2,baseline,200,5,Production,0.5288395589110245
30,15,simple,mediators3,baseline,200,1,Consumption,0.31492471885835915
30,15,simple,mediators3,baseline,200,1,Production,0.6761547765258259
30,15,simple,mediators3,baseline,200,2,Consumption,0.33216096165306463
30,15,simple,mediators3,baseline,200,2,Production,0.6316801404856296
30,15,simple,mediators3,baseline,200,3,Consumption,0.34132948525126877
30,15,simple,mediators3,baseline,200,3,Production,0.6606098652988588
30,15,simple,mediators3,baseline,200,4,Consumption,0.27249192867589145
30,15,simple,mediators3,baseline,200,4,Production,0.5352079463921516
30,15,simple,mediators3,baseline,200,5,Consumption,0.3377919900170698
30,15,simple,mediators3,baseline,200,5,Production,0.6726671414826942
30,15,simple,mediators4,baseline,200,1,Consumption,0.19865639517454767
30,15,simple,mediators4,baseline,200,1,Production,0.466065199953526
30,15,simple,mediators4,baseline,200,2,Consumption,0.2064323876536531
30,15,simple,mediators4,baseline,200,2,Production,0.46878586787281884
30,15,simple,mediators4,baseline,200,3,Consumption,0.2226523030782575
30,15,simple,mediators4,baseline,200,3,Production,0.47728121002210727
30,15,simple,mediators4,baseline,200,4,Consumption,0.21232527794030986
30,15,simple,mediators4,baseline,200,4,Production,0.4836071953139044
30,15,simple,mediators4,baseline,200,5,Consumption,0.21087529367234067
30,15,simple,mediators4,baseline,200,5,Production,0.47784235436176015
30,15,simple,mediators5,baseline,200,1,Consumption,0.4130464643189141
30,15,simple,mediators5,baseline,200,1,Production,0.505696801059169
30,15,simple,mediators5,baseline,200,2,Consumption,0.43692931420811937
30,15,simple,mediators5,baseline,200,2,Production,0.5309057575456092
30,15,simple,mediators5,baseline,200,3,Consumption,0.4403919659105876
30,15,simple,mediators5,baseline,200,3,Production,0.5255764841578223
30,15,simple,mediators5,baseline,200,4,Consumption,0.42464673927001134
30,15,simple,mediators5,baseline,200,4,Production,0.4897785206005832
30,15,simple,mediators5,baseline,200,5,Consumption,0.42137802521967344
30,15,simple,mediators5,baseline,200,5,Production,0.523106188218831
30,15,simple,mediators1,baseline,300,1,Consumption,0.1744772765117258
30,15,simple,mediators1,baseline,300,1,Production,0.334982676628181
30,15,simple,mediators1,baseline,300,2,Consumption,0.18238573169573438
30,15,simple,mediators1,baseline,300,2,Production,0.31504874525439275
30,15,simple,mediators1,baseline,300,3,Consumption,0.1822701002545255
30,15,simple,mediators1,baseline,300,3,Production,0.3271832446539396
30,15,simple,mediators1,baseline,300,4,Consumption,0.17580599607721448
30,15,simple,mediators1,baseline,300,4,Production,0.34164439683458775
30,15,simple,mediators1,baseline,300,5,Consumption,0.1757593069915275
30,15,simple,mediators1,baseline,300,5,Production,0.33461093252605617
30,15,simple,mediators2,baseline,300,1,Consumption,0.48388444071632086
30,15,simple,mediators2,baseline,300,1,Production,0.5195130932666865
30,15,simple,mediators2,baseline,300,2,Consumption,0.4902730528616842
30,15,simple,mediators2,baseline,300,2,Production,0.5351297696979402
30,15,simple,mediators2,baseline,300,3,Consumption,0.48573384419245375
30,15,simple,mediators2,baseline,300,3,Production,0.5357035846415872
30,15,simple,mediators2,baseline,300,4,Consumption,0.49869956436198526
30,15,simple,mediators2,baseline,300,4,Production,0.5376369528008815
30,15,simple,mediators2,baseline,300,5,Consumption,0.4313415856437614
30,15,simple,mediators2,baseline,300,5,Production,0.5374709604155518
30,15,simple,mediators3,baseline,300,1,Consumption,0.3582339796601654
30,15,simple,mediators3,baseline,300,1,Production,0.6709444021890859
30,15,simple,mediators3,baseline,300,2,Consumption,0.3682302520492167
30,15,simple,mediators3,baseline,300,2,Production,0.6548729335553121
30,15,simple,mediators3,baseline,300,3,Consumption,0.3467348034426262
30,15,simple,mediators3,baseline,300,3,Production,0.6516364746885209
30,15,simple,mediators3,baseline,300,4,Consumption,0.35095498542090076
30,15,simple,mediators3,baseline,300,4,Production,0.6762915177382649
30,15,simple,mediators3,baseline,300,5,Consumption,0.3313134065819027
30,15,simple,mediators3,baseline,300,5,Production,0.6602645482297517
30,15,simple,mediators4,baseline,300,1,Consumption,0.20966945611055726
30,15,simple,mediators4,baseline,300,1,Production,0.474730082325193
30,15,simple,mediators4,baseline,300,2,Consumption,0.21236656106820362
30,15,simple,mediators4,baseline,300,2,Production,0.4807166987129291
30,15,simple,mediators4,baseline,300,3,Consumption,0.2326195427953239
30,15,simple,mediators4,baseline,300,3,Production,0.4813736063081565
30,15,simple,mediators4,baseline,300,4,Consumption,0.22152184988993584
30,15,simple,mediators4,baseline,300,4,Production,0.4874269472694198
30,15,simple,mediators4,baseline,300,5,Consumption,0.20923070017398648
30,15,simple,mediators4,baseline,300,5,Production,0.4760263345981947
30,15,simple,mediators5,baseline,300,1,Consumption,0.49038892350721963
30,15,simple,mediators5,baseline,300,1,Production,0.5892784212112516
30,15,simple,mediators5,baseline,300,2,Consumption,0.41462901695739995
30,15,simple,mediators5,baseline,300,2,Production,0.5443717635419179
30,15,simple,mediators5,baseline,300,3,Consumption,0.4336614262812342
30,15,simple,mediators5,baseline,300,3,Production,0.5540311922731346
30,15,simple,mediators5,baseline,300,4,Consumption,0.4330550134564285
30,15,simple,mediators5,baseline,300,4,Production,0.5692920876590657
30,15,simple,mediators5,baseline,300,5,Consumption,0.5023097653253952
30,15,simple,mediators5,baseline,300,5,Production,0.5517829157985409
30,15,simple,mediators1,noisy,100,1,Consumption,0.18396975953541103
30,15,simple,mediators1,noisy,100,1,Production,0.32369763567495086
30,15,simple,mediators1,noisy,100,2,Consumption,0.18891190321631543
30,15,simple,mediators1,noisy,100,2,Production,0.3149960382507264
30,15,simple,mediators1,noisy,100,3,Consumption,0.1772406891144232
30,15,simple,mediators1,noisy,100,3,Production,0.334598022530916
30,15,simple,mediators1,noisy,100,4,Consumption,0.18657849086935469
30,15,simple,mediators1,noisy,100,4,Production,0.3220292508086916
30,15,simple,mediators1,noisy,100,5,Consumption,0.18998547998251253
30,15,simple,mediators1,noisy,100,5,Production,0.31822144908705396
30,15,simple,mediators2,noisy,100,1,Consumption,0.7289918870498454
30,15,simple,mediators2,noisy,100,1,Production,0.48328613268634
30,15,simple,mediators2,noisy,100,2,Consumption,0.5757422708723995
30,15,simple,mediators2,noisy,100,2,Production,0.5317771690782749
30,15,simple,mediators2,noisy,100,3,Consumption,0.5128554313396002
30,15,simple,mediators2,noisy,100,3,Production,0.5274330139804163
30,15,simple,mediators2,noisy,100,4,Consumption,0.49010855006410897
30,15,simple,mediators2,noisy,100,4,Production,0.5276720350971316
30,15,simple,mediators2,noisy,100,5,Consumption,0.493326944245928
30,15,simple,mediators2,noisy,100,5,Production,0.509355284001188
30,15,simple,mediators3,noisy,100,1,Consumption,0.2822800764121929
30,15,simple,mediators3,noisy,100,1,Production,0.5327326410993987
30,15,simple,mediators3,noisy,100,2,Consumption,0.2882402810516795
30,15,simple,mediators3,noisy,100,2,Production,0.5464276065889415
30,15,simple,mediators3,noisy,100,3,Consumption,0.27422583197896033
30,15,simple,mediators3,noisy,100,3,Production,0.5450128509635012
30,15,simple,mediators3,noisy,100,4,Consumption,0.28704031334040603
30,15,simple,mediators3,noisy,100,4,Production,0.5583555963471818
30,15,simple,mediators3,noisy,100,5,Consumption,0.29261152069758145
30,15,simple,mediators3,noisy,100,5,Production,0.5546168719665102
30,15,simple,mediators4,noisy,100,1,Consumption,0.21214815032285403
30,15,simple,mediators4,noisy,100,1,Production,0.4841821140590762
30,15,simple,mediators4,noisy,100,2,Consumption,0.21822139941540797
30,15,simple,mediators4,noisy,100,2,Production,0.4681578237277903
30,15,simple,mediators4,noisy,100,3,Consumption,0.2234281629116392
30,15,simple,mediators4,noisy,100,3,Production,0.474988898783769
30,15,simple,mediators4,noisy,100,4,Consumption,0.2138193315268437
30,15,simple,mediators4,noisy,100,4,Production,0.4748998110562748
30,15,simple,mediators4,noisy,100,5,Consumption,0.22389903448239393
30,15,simple,mediators4,noisy,100,5,Production,0.4570302202975744
30,15,simple,mediators5,noisy,100,1,Consumption,0.4108791623441504
30,15,simple,mediators5,noisy,100,1,Production,0.5370225558127287
30,15,simple,mediators5,noisy,100,2,Consumption,0.44724882154934087
30,15,simple,mediators5,noisy,100,2,Production,0.5076429935336944
30,15,simple,mediators5,noisy,100,3,Consumption,0.438019378911349
30,15,simple,mediators5,noisy,100,3,Production,0.5367426513430416
30,15,simple,mediators5,noisy,100,4,Consumption,0.4251039887645051
30,15,simple,mediators5,noisy,100,4,Production,0.5360775273119247
30,15,simple,mediators5,noisy,100,5,Consumption,0.4393196337754861
30,15,simple,mediators5,noisy,100,5,Production,0.5215771324217591
30,15,simple,mediators1,noisy,200,1,Consumption,0.18929751740911713
30,15,simple,mediators1,noisy,200,1,Production,0.31539808771869693
30,15,simple,mediators1,noisy,200,2,Consumption,0.194079863096836
30,15,simple,mediators1,noisy,200,2,Production,0.31704885044403863
30,15,simple,mediators1,noisy,200,3,Consumption,0.19265292331050576
30,15,simple,mediators1,noisy,200,3,Production,0.31940573225291746
30,15,simple,mediators1,noisy,200,4,Consumption,0.19071171090592215
30,15,simple,mediators1,noisy,200,4,Production,0.31372052948420137
30,15,simple,mediators1,noisy,200,5,Consumption,0.20355698206913359
30,15,simple,mediators1,noisy,200,5,Production,0.3317777064492018
30,15,simple,mediators2,noisy,200,1,Consumption,0.760187180349608
30,15,simple,mediators2,noisy,200,1,Production,0.4884773921033148
30,15,simple,mediators2,noisy,200,2,Consumption,0.7740644705804655
30,15,simple,mediators2,noisy,200,2,Production,0.5041492192991484
30,15,simple,mediators2,noisy,200,3,Consumption,0.4880185232904315
30,15,simple,mediators2,noisy,200,3,Production,0.5266403372271823
30,15,simple,mediators2,noisy,200,4,Consumption,0.6656805689785378
30,15,simple,mediators2,noisy,200,4,Production,0.49867426585431335
30,15,simple,mediators2,noisy,200,5,Consumption,0.5389405083879086
30,15,simple,mediators2,noisy,200,5,Production,0.503337969269006
30,15,simple,mediators3,noisy,200,1,Consumption,0.2817673711601314
30,15,simple,mediators3,noisy,200,1,Production,0.5121425447285278
30,15,simple,mediators3,noisy,200,2,Consumption,0.28988734685601436
30,15,simple,mediators3,noisy,200,2,Production,0.523423414822068
30,15,simple,mediators3,noisy,200,3,Consumption,0.28640591063469684
30,15,simple,mediators3,noisy,200,3,Production,0.5289860165091581
30,15,simple,mediators3,noisy,200,4,Consumption,0.28060450442594737
30,15,simple,mediators3,noisy,200,4,Production,0.5316460679601237
30,15,simple,mediators3,noisy,200,5,Consumption,0.28955220810447607
30,15,simple,mediators3,noisy,200,5,Production,0.5099949575685016
30,15,simple,mediators4,noisy,200,1,Consumption,0.21835255448475796
30,15,simple,mediators4,noisy,200,1,Production,0.47919405168010026
30,15,simple,mediators4,noisy,200,2,Consumption,0.2437699368667755
30,15,simple,mediators4,noisy,200,2,Production,0.4748242787950602
30,15,simple,mediators4,noisy,200,3,Consumption,0.2217478019157211
30,15,simple,mediators4,noisy,200,3,Production,0.4791860520606475
30,15,simple,mediators4,noisy,200,4,Consumption,0.2135295505015561
30,15,simple,mediators4,noisy,200,4,Production,0.4914733135135607
30,15,simple,mediators4,noisy,200,5,Consumption,0.23246847086962197
30,15,simple,mediators4,noisy,200,5,Production,0.49569552160346053
30,15,simple,mediators5,noisy,200,1,Consumption,0.42169542497929646
30,15,simple,mediators5,noisy,200,1,Production,0.5332912289965972
30,15,simple,mediators5,noisy,200,2,Consumption,0.43040551702934504
30,15,simple,mediators5,noisy,200,2,Production,0.524001726798083
30,15,simple,mediators5,noisy,200,3,Consumption,0.4348464470842585
30,15,simple,mediators5,noisy,200,3,Production,0.5171749762873397
30,15,simple,mediators5,noisy,200,4,Consumption,0.38936246171433275
30,15,simple,mediators5,noisy,200,4,Production,0.503048514686727
30,15,simple,mediators5,noisy,200,5,Consumption,0.4224624629379943
30,15,simple,mediators5,noisy,200,5,Production,0.5025168037964434
30,15,simple,mediators1,noisy,300,1,Consumption,0.18448002770004898
30,15,simple,mediators1,noisy,300,1,Production,0.31128856979817143
30,15,simple,mediators1,noisy,300,2,Consumption,0.2125087421448636
30,15,simple,mediators1,noisy,300,2,Production,0.31638427850173295
30,15,simple,mediators1,noisy,300,3,Consumption,0.19534605787056944
30,15,simple,mediators1,noisy,300,3,Production,0.317180054361753
30,15,simple,mediators1,noisy,300,4,Consumption,0.18802831033284872
30,15,simple,mediators1,noisy,300,4,Production,0.3214347306441111
30,15,simple,mediators1,noisy,300,5,Consumption,0.21124844983371327
30,15,simple,mediators1,noisy,300,5,Production,0.3036540835076633
30,15,simple,mediators2,noisy,300,1,Consumption,0.7465356856668453
30,15,simple,mediators2,noisy,300,1,Production,0.4307730554019747
30,15,simple,mediators2,noisy,300,2,Consumption,0.5144535781616104
30,15,simple,mediators2,noisy,300,2,Production,0.5586520928354236
30,15,simple,mediators2,noisy,300,3,Consumption,0.7489647543226103
30,15,simple,mediators2,noisy,300,3,Production,0.5240538757263189
30,15,simple,mediators2,noisy,300,4,Consumption,0.5477864559917479
30,15,simple,mediators2,noisy,300,4,Production,0.4527512489990704
30,15,simple,mediators2,noisy,300,5,Consumption,0.5937682812590592
30,15,simple,mediators2,noisy,300,5,Production,0.48591252087651665
30,15,simple,mediators3,noisy,300,1,Consumption,0.2801645135842934
30,15,simple,mediators3,noisy,300,1,Production,0.5078849267718337
30,15,simple,mediators3,noisy,300,2,Consumption,0.2988241361882719
30,15,simple,mediators3,noisy,300,2,Production,0.5085582819993315
30,15,simple,mediators3,noisy,300,3,Consumption,0.29167368363720536
30,15,simple,mediators3,noisy,300,3,Production,0.5238817279708325
30,15,simple,mediators3,noisy,300,4,Consumption,0.2879143309924331
30,15,simple,mediators3,noisy,300,4,Production,0.541062619383446
30,15,simple,mediators3,noisy,300,5,Consumption,0.2852254397817606
30,15,simple,mediators3,noisy,300,5,Production,0.5172794690464587
30,15,simple,mediators4,noisy,300,1,Consumption,0.2237625952579563
30,15,simple,mediators4,noisy,300,1,Production,0.49063052408674107
30,15,simple,mediators4,noisy,300,2,Consumption,0.22488874209207196
30,15,simple,mediators4,noisy,300,2,Production,0.4691126961437497
30,15,simple,mediators4,noisy,300,3,Consumption,0.22706126089310677
30,15,simple,mediators4,noisy,300,3,Production,0.4733278816242716
30,15,simple,mediators4,noisy,300,4,Consumption,0.20903853678969087
30,15,simple,mediators4,noisy,300,4,Production,0.4808625237135553
30,15,simple,mediators4,noisy,300,5,Consumption,0.23077983629876464
30,15,simple,mediators4,noisy,300,5,Production,0.4814710608390458
30,15,simple,mediators5,noisy,300,1,Consumption,0.40828696491525873
30,15,simple,mediators5,noisy,300,1,Production,0.5698365396471357
30,15,simple,mediators5,noisy,300,2,Consumption,0.422991061140386
30,15,simple,mediators5,noisy,300,2,Production,0.49146068664219034
30,15,simple,mediators5,noisy,300,3,Consumption,0.424312407282569
30,15,simple,mediators5,noisy,300,3,Production,0.5029390520289838
30,15,simple,mediators5,noisy,300,4,Consumption,0.41347741070959443
30,15,simple,mediators5,noisy,300,4,Production,0.5269029181008227
30,15,simple,mediators5,noisy,300,5,Consumption,0.4400427906462256
30,15,simple,mediators5,noisy,300,5,Production,0.504464076782527
30,15,simple,mediators1,sparse,100,1,Consumption,0.18363458398458213
30,15,simple,mediators1,sparse,100,1,Production,0.3528896700379458
30,15,simple,mediators1,sparse,100,2,Consumption,0.1852809791490248
30,15,simple,mediators1,sparse,100,2,Production,0.3352980694011835
30,15,simple,mediators1,sparse,100,3,Consumption,0.18758411424971433
30,15,simple,mediators1,sparse,100,3,Production,0.3399522438242014
30,15,simple,mediators1,sparse,100,4,Consumption,0.18043533639871212
30,15,simple,mediators1,sparse,100,4,Production,0.3228908326307627
30,15,simple,mediators1,sparse,100,5,Consumption,0.18894150588744002
30,15,simple,mediators1,sparse,100,5,Production,0.36085663491711933
30,15,simple,mediators2,sparse,100,1,Consumption,0.7795781863935506
30,15,simple,mediators2,sparse,100,1,Production,0.5110938145669681
30,15,simple,mediators2,sparse,100,2,Consumption,0.773777252558612
30,15,simple,mediators2,sparse,100,2,Production,0.5172945068232379
30,15,simple,mediators2,sparse,100,3,Consumption,0.7846238966199804
30,15,simple,mediators2,sparse,100,3,Production,0.5610509400233663
30,15,simple,mediators2,sparse,100,4,Consumption,0.7821248580129648
30,15,simple,mediators2,sparse,100,4,Production,0.5430147307433255
30,15,simple,mediators2,sparse,100,5,Consumption,0.7712464141935672
30,15,simple,mediators2,sparse,100,5,Production,0.47423990488346845
30,15,simple,mediators3,sparse,100,1,Consumption,0.24854497849672447
30,15,simple,mediators3,sparse,100,1,Production,0.5190316638096879
30,15,simple,mediators3,sparse,100,2,Consumption,0.2759577018618482
30,15,simple,mediators3,sparse,100,2,Production,0.512519117298819
30,15,simple,mediators3,sparse,100,3,Consumption,0.26910714341969083
30,15,simple,mediators3,sparse,100,3,Production,0.5782634336143943
30,15,simple,mediators3,sparse,100,4,Consumption,0.25395795173298846
30,15,simple,mediators3,sparse,100,4,Production,0.5224468497247139
30,15,simple,mediators3,sparse,100,5,Consumption,0.2540428917793853
30,15,simple,mediators3,sparse,100,5,Production,0.5769775219999996
30,15,simple,mediators4,sparse,100,1,Consumption,0.17088195688931293
30,15,simple,mediators4,sparse,100,1,Production,0.4851510651690375
30,15,simple,mediators4,sparse,100,2,Consumption,0.1886026586557537
30,15,simple,mediators4,sparse,100,2,Production,0.47422581010908127
30,15,simple,mediators4,sparse,100,3,Consumption,0.17571133815558224
30,15,simple,mediators4,sparse,100,3,Production,0.4792206316499842
30,15,simple,mediators4,sparse,100,4,Consumption,0.20210733220306543
30,15,simple,mediators4,sparse,100,4,Production,0.5033473933174178
30,15,simple,mediators4,sparse,100,5,Consumption,0.17891988613296206
30,15,simple,mediators4,sparse,100,5,Production,0.48382887496730276
30,15,simple,mediators5,sparse,100,1,Consumption,0.39634328374445754
30,15,simple,mediators5,sparse,100,1,Production,0.532913942532957
30,15,simple,mediators5,sparse,100,2,Consumption,0.43312519094503
30,15,simple,mediators5,sparse,100,2,Production,0.5154050978408304
30,15,simple,mediators5,sparse,100,3,Consumption,0.4556680872648899
30,15,simple,mediators5,sparse,100,3,Production,0.5200883638539613
30,15,simple,mediators5,sparse,100,4,Consumption,0.4340770558733312
30,15,simple,mediators5,sparse,100,4,Production,0.5539257688865444
30,15,simple,mediators5,sparse,100,5,Consumption,0.4386943635295631
30,15,simple,mediators5,sparse,100,5,Production,0.49990412576169097
30,15,simple,mediators1,sparse,200,1,Consumption,0.16486820493458798
30,15,simple,mediators1,sparse,200,1,Production,0.3188995772522352
30,15,simple,mediators1,sparse,200,2,Consumption,0.17305631190666382
30,15,simple,mediators1,sparse,200,2,Production,0.3351753163527267
30,15,simple,mediators1,sparse,200,3,Consumption,0.17666625406749867
30,15,simple,mediators1,sparse,200,3,Production,0.3469766442780801
30,15,simple,mediators1,sparse,200,4,Consumption,0.18460903665147296
30,15,simple,mediators1,sparse,200,4,Production,0.34272814751815506
30,15,simple,mediators1,sparse,200,5,Consumption,0.17806178724004948
30,15,simple,mediators1,sparse,200,5,Production,0.33683425703829944
30,15,simple,mediators2,sparse,200,1,Consumption,0.7953722684523983
30,15,simple,mediators2,sparse,200,1,Production,0.5885645792529025
30,15,simple,mediators2,sparse,200,2,Consumption,0.7906896515516029
30,15,simple,mediators2,sparse,200,2,Production,0.5248070598648463
30,15,simple,mediators2,sparse,200,3,Consumption,0.7917543885468706
30,15,simple,mediators2,sparse,200,3,Production,0.5411793532314437
30,15,simple,mediators2,sparse,200,4,Consumption,0.782471253040599
30,15,simple,mediators2,sparse,200,4,Production,0.5301325858273677
30,15,simple,mediators2,sparse,200,5,Consumption,0.7783484400423399
30,15,simple,mediators2,sparse,200,5,Production,0.5770712750153124
30,15,simple,mediators3,sparse,200,1,Consumption,0.29204984897953845
30,15,simple,mediators3,sparse,200,1,Production,0.5913808751133153
30,15,simple,mediators3,sparse,200,2,Consumption,0.266623558292292
30,15,simple,mediators3,sparse,200,2,Production,0.59729357134089
30,15,simple,mediators3,sparse,200,3,Consumption,0.27063806038898264
30,15,simple,mediators3,sparse,200,3,Production,0.5861907709288714
30,15,simple,mediators3,sparse,200,4,Consumption,0.2890345822866276
30,15,simple,mediators3,sparse,200,4,Production,0.5918798223100505
30,15,simple,mediators3,sparse,200,5,Consumption,0.2822315128195887
30,15,simple,mediators3,sparse,200,5,Production,0.5647710577886376
30,15,simple,mediators4,sparse,200,1,Consumption,0.21085017266099623
30,15,simple,mediators4,sparse,200,1,Production,0.483365983234728
30,15,simple,mediators4,sparse,200,2,Consumption,0.22572670374323067
30,15,simple,mediators4,sparse,200,2,Production,0.4871929607837631
30,15,simple,mediators4,sparse,200,3,Consumption,0.21618817818889044
30,15,simple,mediators4,sparse,200,3,Production,0.48125752534829425
30,15,simple,mediators4,sparse,200,4,Consumption,0.2504985975883491
30,15,simple,mediators4,sparse,200,4,Production,0.48192861172858464
30,15,simple,mediators4,sparse,200,5,Consumption,0.24440145299086607
30,15,simple,mediators4,sparse,200,5,Production,0.47061498885314335
30,15,simple,mediators5,sparse,200,1,Consumption,0.4101091646943116
30,15,simple,mediators5,sparse,200,1,Production,0.5025232078110423
30,15,simple,mediators5,sparse,200,2,Consumption,0.43252576648440916
30,15,simple,mediators5,sparse,200,2,Production,0.49277425047165546
30,15,simple,mediators5,sparse,200,3,Consumption,0.396074962338911
30,15,simple,mediators5,sparse,200,3,Production,0.5037019844326659
30,15,simple,mediators5,sparse,200,4,Consumption,0.4184058364089194
30,15,simple,mediators5,sparse,200,4,Production,0.5044598904064583
30,15,simple,mediators5,sparse,200,5,Consumption,0.4143233095492847
30,15,simple,mediators5,sparse,200,5,Production,0.5064219770913423
30,15,simple,mediators1,sparse,300,1,Consumption,0.1826362669660085
30,15,simple,mediators1,sparse,300,1,Production,0.33053824192692177
30,15,simple,mediators1,sparse,300,2,Consumption,0.17933753216392498
30,15,simple,mediators1,sparse,300,2,Production,0.34500055686458947
30,15,simple,mediators1,sparse,300,3,Consumption,0.18878389775758747
30,15,simple,mediators1,sparse,300,3,Production,0.32285861529187593
30,15,simple,mediators1,sparse,300,4,Consumption,0.17556952002433418
30,15,simple,mediators1,sparse,300,4,Production,0.34381343395103786
30,15,simple,mediators1,sparse,300,5,Consumption,0.17925370151202202
30,15,simple,mediators1,sparse,300,5,Production,0.3245870369732611
30,15,simple,mediators2,sparse,300,1,Consumption,0.7970550684157985
30,15,simple,mediators2,sparse,300,1,Production,0.5118816026693794
30,15,simple,mediators2,sparse,300,2,Consumption,0.785895633530601
30,15,simple,mediators2,sparse,300,2,Production,0.5222700154392248
30,15,simple,mediators2,sparse,300,3,Consumption,0.7935988399809057
30,15,simple,mediators2,sparse,300,3,Production,0.48982497415096854
30,15,simple,mediators2,sparse,300,4,Consumption,0.7922421141693334
30,15,simple,mediators2,sparse,300,4,Production,0.5220986706051758
30,15,simple,mediators2,sparse,300,5,Consumption,0.7446804469193579
30,15,simple,mediators2,sparse,300,5,Production,0.5217824953497053
30,15,simple,mediators3,sparse,300,1,Consumption,0.27900707802159624
30,15,simple,mediators3,sparse,300,1,Production,0.5805402643033903
30,15,simple,mediators3,sparse,300,2,Consumption,0.2827471436735147
30,15,simple,mediators3,sparse,300,2,Production,0.557410486951785
30,15,simple,mediators3,sparse,300,3,Consumption,0.27464577258255773
30,15,simple,mediators3,sparse,300,3,Production,0.5738843908849086
30,15,simple,mediators3,sparse,300,4,Consumption,0.25284854407069046
30,15,simple,mediators3,sparse,300,4,Production,0.5849686810037461
30,15,simple,mediators3,sparse,300,5,Consumption,0.2566226304660018
30,15,simple,mediators3,sparse,300,5,Production,0.5662964896387913
30,15,simple,mediators4,sparse,300,1,Consumption,0.20860782467699326
30,15,simple,mediators4,sparse,300,1,Production,0.48852248847485275
30,15,simple,mediators4,sparse,300,2,Consumption,0.21817499771643703
30,15,simple,mediators4,sparse,300,2,Production,0.47021136263120844
30,15,simple,mediators4,sparse,300,3,Consumption,0.2096237104185467
30,15,simple,mediators4,sparse,300,3,Production,0.48372100148023783
30,15,simple,mediators4,sparse,300,4,Consumption,0.21671000771783988
30,15,simple,mediators4,sparse,300,4,Production,0.4762013557534619
30,15,simple,mediators4,sparse,300,5,Consumption,0.20964576946217536
30,15,simple,mediators4,sparse,300,5,Production,0.4761004136381679
30,15,simple,mediators5,sparse,300,1,Consumption,0.39340170515893397
30,15,simple,mediators5,sparse,300,1,Production,0.511829402648296
30,15,simple,mediators5,sparse,300,2,Consumption,0.38544079068395987
30,15,simple,mediators5,sparse,300,2,Production,0.518220616580162
30,15,simple,mediators5,sparse,300,3,Consumption,0.36566269304411453
30,15,simple,mediators5,sparse,300,3,Production,0.4997146163095956
30,15,simple,mediators5,sparse,300,4,Consumption,0.40838236737557654
30,15,simple,mediators5,sparse,300,4,Production,0.5014604932587385
30,15,simple,mediators5,sparse,300,5,Consumption,0.4115121327795564
30,15,simple,mediators5,sparse,300,5,Production,0.5433602374046987
50,15,base,mediators1,baseline,100,1,Consumption,0.6602738647483488
50,15,base,mediators1,baseline,100,1,Production,0.33852581026249695
50,15,base,mediators1,baseline,100,2,Consumption,0.6597848625943558
50,15,base,mediators1,baseline,100,2,Production,0.34202226012737724
50,15,base,mediators1,baseline,100,3,Consumption,0.6613667387789572
50,15,base,mediators1,baseline,100,3,Production,0.35391833013739366
50,15,base,mediators1,baseline,100,4,Consumption,0.6604016271342936
50,15,base,mediators1,baseline,100,4,Production,0.34671330374963005
50,15,base,mediators1,baseline,100,5,Consumption,0.6580218845165526
50,15,base,mediators1,baseline,100,5,Production,0.35063328739501065
50,15,base,mediators2,baseline,100,1,Consumption,0.7161218887000336
50,15,base,mediators2,baseline,100,1,Production,0.631032073400858
50,15,base,mediators2,baseline,100,2,Consumption,0.7175008342996633
50,15,base,mediators2,baseline,100,2,Production,0.6308841798761009
50,15,base,mediators2,baseline,100,3,Consumption,0.7141123178059919
50,15,base,mediators2,baseline,100,3,Production,0.6325449229046846
50,15,base,mediators2,baseline,100,4,Consumption,0.7137828271495367
50,15,base,mediators2,baseline,100,4,Production,0.630809847818499
50,15,base,mediators2,baseline,100,5,Consumption,0.7184559997117491
50,15,base,mediators2,baseline,100,5,Production,0.6303878205067232
50,15,base,mediators3,baseline,100,1,Consumption,0.5962070304862542
50,15,base,mediators3,baseline,100,1,Production,0.6081786719228701
50,15,base,mediators3,baseline,100,2,Consumption,0.5952052091506477
50,15,base,mediators3,baseline,100,2,Production,0.6093337350938108
50,15,base,mediators3,baseline,100,3,Consumption,0.5944991564918455
50,15,base,mediators3,baseline,100,3,Production,0.6082625425486193
50,15,base,mediators3,baseline,100,4,Consumption,0.5931685965963371
50,15,base,mediators3,baseline,100,4,Production,0.607530075686174
50,15,base,mediators3,baseline,100,5,Consumption,0.5947786578754545
50,15,base,mediators3,baseline,100,5,Production,0.6084408258331712
50,15,base,mediators4,baseline,100,1,Consumption,0.6707612103249837
50,15,base,mediators4,baseline,100,1,Production,0.4776422305893925
50,15,base,mediators4,baseline,100,2,Consumption,0.6736635734127967
50,15,base,mediators4,baseline,100,2,Production,0.4767329999872191
50,15,base,mediators4,baseline,100,3,Consumption,0.6721707675212671
50,15,base,mediators4,baseline,100,3,Production,0.4774342820913815
50,15,base,mediators4,baseline,100,4,Consumption,0.6771967556991059
50,15,base,mediators4,baseline,100,4,Production,0.4764210740094868
50,15,base,mediators4,baseline,100,5,Consumption,0.6750313807723669
50,15,base,mediators4,baseline,100,5,Production,0.4775023688897076
50,15,base,mediators5,baseline,100,1,Consumption,0.7001508610880427
50,15,base,mediators5,baseline,100,1,Production,0.5838635872855362
50,15,base,mediators5,baseline,100,2,Consumption,0.6978298097668372
50,15,base,mediators5,baseline,100,2,Production,0.5842349555586507
50,15,base,mediators5,baseline,100,3,Consumption,0.6974222527837961
50,15,base,mediators5,baseline,100,3,Production,0.5839655991913348
50,15,base,mediators5,baseline,100,4,Consumption,0.698315367584864
50,15,base,mediators5,baseline,100,4,Production,0.5840644866945823
50,15,base,mediators5,baseline,100,5,Consumption,0.6982404162497362
50,15,base,mediators5,baseline,100,5,Production,0.5840317115111999
50,15,base,mediators1,baseline,200,1,Consumption,0.061233795026610194
50,15,base,mediators1,baseline,200,1,Production,0.3279004209794727
50,15,base,mediators1,baseline,200,2,Consumption,0.09329378498767808
50,15,base,mediators1,baseline,200,2,Production,0.32776549182917464
50,15,base,mediators1,baseline,200,3,Consumption,0.06743184694405543
50,15,base,mediators1,baseline,200,3,Production,0.3235603474735462
50,15,base,mediators1,baseline,200,4,Consumption,0.08112420565832602
50,15,base,mediators1,baseline,200,4,Production,0.3147249837309559
50,15,base,mediators1,baseline,200,5,Consumption,0.06616360958185416
50,15,base,mediators1,baseline,200,5,Production,0.3247364481479303
50,15,base,mediators2,baseline,200,1,Consumption,0.47017845939505803
50,15,base,mediators2,baseline,200,1,Production,0.4895799816181769
50,15,base,mediators2,baseline,200,2,Consumption,0.6591334132795089
50,15,base,mediators2,baseline,200,2,Production,0.4974835098192595
50,15,base,mediators2,baseline,200,3,Consumption,0.5257466588419144
50,15,base,mediators2,baseline,200,3,Production,0.48906317459696674
50,15,base,mediators2,baseline,200,4,Consumption,0.5780320286028277
50,15,base,mediators2,baseline,200,4,Production,0.4791832593238181
50,15,base,mediators2,baseline,200,5,Consumption,0.7263915263134153
50,15,base,mediators2,baseline,200,5,Production,0.514167586516854
50,15,base,mediators3,baseline,200,1,Consumption,0.26019450507269376
50,15,base,mediators3,baseline,200,1,Production,0.614276950968419
50,15,base,mediators3,baseline,200,2,Consumption,0.2701362665261035
50,15,base,mediators3,baseline,200,2,Production,0.6174154321210636
50,15,base,mediators3,baseline,200,3,Consumption,0.27640910248196876
50,15,base,mediators3,baseline,200,3,Production,0.6271139917059927
50,15,base,mediators3,baseline,200,4,Consumption,0.25829802859976086
50,15,base,mediators3,baseline,200,4,Production,0.6198855199547274
50,15,base,mediators3,baseline,200,5,Consumption,0.26104583451474
50,15,base,mediators3,baseline,200,5,Production,0.6095575639437135
50,15,base,mediators4,baseline,200,1,Consumption,0.1444367392594915
50,15,base,mediators4,baseline,200,1,Production,0.4638043580659628
50,15,base,mediators4,baseline,200,2,Consumption,0.198052824775472
50,15,base,mediators4,baseline,200,2,Production,0.4682933690534919
50,15,base,mediators4,baseline,200,3,Consumption,0.21109367121447398
50,15,base,mediators4,baseline,200,3,Production,0.46977318520938705
50,15,base,mediators4,baseline,200,4,Consumption,0.14863863540548133
50,15,base,mediators4,baseline,200,4,Production,0.46643222818133484
50,15,base,mediators4,baseline,200,5,Consumption,0.15147908478148908
50,15,base,mediators4,baseline,200,5,Production,0.469996845013898
50,15,base,mediators5,baseline,200,1,Consumption,0.4310298503485999
50,15,base,mediators5,baseline,200,1,Production,0.5818532577061465
50,15,base,mediators5,baseline,200,2,Consumption,0.4374951472961122
50,15,base,mediators5,baseline,200,2,Production,0.6202936579067782
50,15,base,mediators5,baseline,200,3,Consumption,0.44506233229375414
50,15,base,mediators5,baseline,200,3,Production,0.6195960768101304
50,15,base,mediators5,baseline,200,4,Consumption,0.41168543443657085
50,15,base,mediators5,baseline,200,4,Production,0.6305481154496604
50,15,base,mediators5,baseline,200,5,Consumption,0.4205137993771364
50,15,base,mediators5,baseline,200,5,Production,0.611094849616484
50,15,base,mediators1,baseline,300,1,Consumption,0.07586807389096126
50,15,base,mediators1,baseline,300,1,Production,0.32388645777055963
50,15,base,mediators1,baseline,300,2,Consumption,0.0717067843618026
50,15,base,mediators1,baseline,300,2,Production,0.32630642078006594
50,15,base,mediators1,baseline,300,3,Consumption,0.0649524653709773
50,15,base,mediators1,baseline,300,3,Production,0.3281264499575196
50,15,base,mediators1,baseline,300,4,Consumption,0.06493670616591164
50,15,base,mediators1,baseline,300,4,Production,0.32301209461703234
50,15,base,mediators1,baseline,300,5,Consumption,0.0648728526323767
50,15,base,mediators1,baseline,300,5,Production,0.31642558227602363
50,15,base,mediators2,baseline,300,1,Consumption,0.4653322960435865
50,15,base,mediators2,baseline,300,1,Production,0.49841062609358844
50,15,base,mediators2,baseline,300,2,Consumption,0.5029201719674286
50,15,base,mediators2,baseline,300,2,Production,0.48501476450485925
50,15,base,mediators2,baseline,300,3,Consumption,0.5183522180012061
50,15,base,mediators2,baseline,300,3,Production,0.4899085409487418
50,15,base,mediators2,baseline,300,4,Consumption,0.49069244483955643
50,15,base,mediators2,baseline,300,4,Production,0.46520909794969
50,15,base,mediators2,baseline,300,5,Consumption,0.4800753516210033
50,15,base,mediators2,baseline,300,5,Production,0.47109169415902813
50,15,base,mediators3,baseline,300,1,Consumption,0.23432124623107717
50,15,base,mediators3,baseline,300,1,Production,0.5949470317962551
50,15,base,mediators3,baseline,300,2,Consumption,0.2401989344252395
50,15,base,mediators3,baseline,300,2,Production,0.5974883584503333
50,15,base,mediators3,baseline,300,3,Consumption,0.2681148079338188
50,15,base,mediators3,baseline,300,3,Production,0.6021859742322138
50,15,base,mediators3,baseline,300,4,Consumption,0.25360554969112326
50,15,base,mediators3,baseline,300,4,Production,0.6201448055464592
50,15,base,mediators3,baseline,300,5,Consumption,0.20714148656667777
50,15,base,mediators3,baseline,300,5,Production,0.5917804811395332
50,15,base,mediators4,baseline,300,1,Consumption,0.12436178120304946
50,15,base,mediators4,baseline,300,1,Production,0.4750203586346977
50,15,base,mediators4,baseline,300,2,Consumption,0.12732105320677783
50,15,base,mediators4,baseline,300,2,Production,0.469326211042483
50,15,base,mediators4,baseline,300,3,Consumption,0.11351849075198887
50,15,base,mediators4,baseline,300,3,Production,0.47472496476368176
50,15,base,mediators4,baseline,300,4,Consumption,0.10920434623964445
50,15,base,mediators4,baseline,300,4,Production,0.4756803469512764
50,15,base,mediators4,baseline,300,5,Consumption,0.11643128219071046
50,15,base,mediators4,baseline,300,5,Production,0.4729628217946783
50,15,base,mediators5,baseline,300,1,Consumption,0.40145162645837773
50,15,base,mediators5,baseline,300,1,Production,0.5988489927162588
50,15,base,mediators5,baseline,300,2,Consumption,0.38677478120096037
50,15,base,mediators5,baseline,300,2,Production,0.6133168026785093
50,15,base,mediators5,baseline,300,3,Consumption,0.38917033025772546
50,15,base,mediators5,baseline,300,3,Production,0.6289978307195687
50,15,base,mediators5,baseline,300,4,Consumption,0.44022857904687973
50,15,base,mediators5,baseline,300,4,Production,0.6575306030233274
50,15,base,mediators5,baseline,300,5,Consumption,0.42665734254879384
50,15,base,mediators5,baseline,300,5,Production,0.6101959020211197
50,15,base,mediators1,noisy,100,1,Consumption,0.6022649736680976
50,15,base,mediators1,noisy,100,1,Production,0.43557373285219514
50,15,base,mediators1,noisy,100,2,Consumption,0.6005052067074103
50,15,base,mediators1,noisy,100,2,Production,0.437386175740609
50,15,base,mediators1,noisy,100,3,Consumption,0.6016402876213618
50,15,base,mediators1,noisy,100,3,Production,0.44125095515073376
50,15,base,mediators1,noisy,100,4,Consumption,0.6034549944199764
50,15,base,mediators1,noisy,100,4,Production,0.44004275626224176
50,15,base,mediators1,noisy,100,5,Consumption,0.6062357139301627
50,15,base,mediators1,noisy,100,5,Production,0.44833583308506686
50,15,base,mediators2,noisy,100,1,Consumption,0.5334537576230046
50,15,base,mediators2,noisy,100,1,Production,0.40182559990952593
50,15,base,mediators2,noisy,100,2,Consumption,0.5324714263466515
50,15,base,mediators2,noisy,100,2,Production,0.39978638690281865
50,15,base,mediators2,noisy,100,3,Consumption,0.5328206481777497
50,15,base,mediators2,noisy,100,3,Production,0.4004654036384761
50,15,base,mediators2,noisy,100,4,Consumption,0.5192128268086955
50,15,base,mediators2,noisy,100,4,Production,0.4007297941120142
50,15,base,mediators2,noisy,100,5,Consumption,0.5336763009347166
50,15,base,mediators2,noisy,100,5,Production,0.40041865937047794
50,15,base,mediators3,noisy,100,1,Consumption,0.6444703641819378
50,15,base,mediators3,noisy,100,1,Production,0.557024656973675
50,15,base,mediators3,noisy,100,2,Consumption,0.6465870807702971
50,15,base,mediators3,noisy,100,2,Production,0.5575939166323481
50,15,base,mediators3,noisy,100,3,Consumption,0.6416460088382523
50,15,base,mediators3,noisy,100,3,Production,0.5562397803243796
50,15,base,mediators3,noisy,100,4,Consumption,0.642981315352632
50,15,base,mediators3,noisy,100,4,Production,0.5584750811773724
50,15,base,mediators3,noisy,100,5,Consumption,0.6446951640296325
50,15,base,mediators3,noisy,100,5,Production,0.5553691422480371
50,15,base,mediators4,noisy,100,1,Consumption,0.516558892104981
50,15,base,mediators4,noisy,100,1,Production,0.4644563480785303
50,15,base,mediators4,noisy,100,2,Consumption,0.5144409505083278
50,15,base,mediators4,noisy,100,2,Production,0.4668030396555164
50,15,base,mediators4,noisy,100,3,Consumption,0.5171109440274138
50,15,base,mediators4,noisy,100,3,Production,0.4645335077759576
50,15,base,mediators4,noisy,100,4,Consumption,0.5155670471213962
50,15,base,mediators4,noisy,100,4,Production,0.46486040723883476
50,15,base,mediators4,noisy,100,5,Consumption,0.5181953970997919
50,15,base,mediators4,noisy,100,5,Production,0.4644261359049518
50,15,base,mediators5,noisy,100,1,Consumption,0.6590093546679396
50,15,base,mediators5,noisy,100,1,Production,0.5416948334199977
50,15,base,mediators5,noisy,100,2,Consumption,0.6579380090261862
50,15,base,mediators5,noisy,100,2,Production,0.5403197947852953
50,15,base,mediators5,noisy,100,3,Consumption,0.6565252701967644
50,15,base,mediators5,noisy,100,3,Production,0.5415918734457048
50,15,base,mediators5,noisy,100,4,Consumption,0.6589750109345438
50,15,base,mediators5,noisy,100,4,Production,0.5411120182036706
50,15,base,mediators5,noisy,100,5,Consumption,0.6566850668083883
50,15,base,mediators5,noisy,100,5,Production,0.5410962398828655
50,15,base,mediators1,noisy,200,1,Consumption,0.20223094183143026
50,15,base,mediators1,noisy,200,1,Production,0.35878412674549226
50,15,base,mediators1,noisy,200,2,Consumption,0.21958971978887515
50,15,base,mediators1,noisy,200,2,Production,0.4622332758371554
50,15,base,mediators1,noisy,200,3,Consumption,0.10958933599106435
50,15,base,mediators1,noisy,200,3,Production,0.3798836977187499
50,15,base,mediators1,noisy,200,4,Consumption,0.2322674293330441
50,15,base,mediators1,noisy,200,4,Production,0.5340061415122221
50,15,base,mediators1,noisy,200,5,Consumption,0.11303429841610224
50,15,base,mediators1,noisy,200,5,Production,0.5003463561389575
50,15,base,mediators2,noisy,200,1,Consumption,0.5120032285957308
50,15,base,mediators2,noisy,200,1,Production,0.3658153080073846
50,15,base,mediators2,noisy,200,2,Consumption,0.5054092843812243
50,15,base,mediators2,noisy,200,2,Production,0.39553128201397625
50,15,base,mediators2,noisy,200,3,Consumption,0.5275794946172785
50,15,base,mediators2,noisy,200,3,Production,0.40257249930280387
50,15,base,mediators2,noisy,200,4,Consumption,0.5314222217363821
50,15,base,mediators2,noisy,200,4,Production,0.39213560059166375
50,15,base,mediators2,noisy,200,5,Consumption,0.4804349851538463
50,15,base,mediators2,noisy,200,5,Production,0.42119035247554965
50,15,base,mediators3,noisy,200,1,Consumption,0.38441578523019265
50,15,base,mediators3,noisy,200,1,Production,0.5549195833502947
50,15,base,mediators3,noisy,200,2,Consumption,0.400582088741223
50,15,base,mediators3,noisy,200,2,Production,0.5956348885866878
50,15,base,mediators3,noisy,200,3,Consumption,0.41137344241831597
50,15,base,mediators3,noisy,200,3,Production,0.5721696839552529
50,15,base,mediators3,noisy,200,4,Consumption,0.35738680874641415
50,15,base,mediators3,noisy,200,4,Production,0.5952062591520003
50,15,base,mediators3,noisy,200,5,Consumption,0.36077244045752704
50,15,base,mediators3,noisy,200,5,Production,0.5840718153101189
50,15,base,mediators4,noisy,200,1,Consumption,0.3107993062465864
50,15,base,mediators4,noisy,200,1,Production,0.4322771729569081
50,15,base,mediators4,noisy,200,2,Consumption,0.3345070841071428
50,15,base,mediators4,noisy,200,2,Production,0.4465130186172587
50,15,base,mediators4,noisy,200,3,Consumption,0.343052644223706
50,15,base,mediators4,noisy,200,3,Production,0.448805434206102
50,15,base,mediators4,noisy,200,4,Consumption,0.3317368844629611
50,15,base,mediators4,noisy,200,4,Production,0.44373991668034013
50,15,base,mediators4,noisy,200,5,Consumption,0.3147606749743402
50,15,base,mediators4,noisy,200,5,Production,0.44043239819424207
50,15,base,mediators5,noisy,200,1,Consumption,0.5027567557111767
50,15,base,mediators5,noisy,200,1,Production,0.5250156544731976
50,15,base,mediators5,noisy,200,2,Consumption,0.517078297859518
50,15,base,mediators5,noisy,200,2,Production,0.5279253590939337
50,15,base,mediators5,noisy,200,3,Consumption,0.507113860750118
50,15,base,mediators5,noisy,200,3,Production,0.527227456691788
50,15,base,mediators5,noisy,200,4,Consumption,0.48105038134055106
50,15,base,mediators5,noisy,200,4,Production,0.5221720949504227
50,15,base,mediators5,noisy,200,5,Consumption,0.5339764911076065
50,15,base,mediators5,noisy,200,5,Production,0.5698498069645895
50,15,base,mediators1,noisy,300,1,Consumption,0.0816469039369085
50,15,base,mediators1,noisy,300,1,Production,0.3476003735164982
50,15,base,mediators1,noisy,300,2,Consumption,0.06916746798291198
50,15,base,mediators1,noisy,300,2,Production,0.35009669183308645
50,15,base,mediators1,noisy,300,3,Consumption,0.09759300832113074
50,15,base,mediators1,noisy,300,3,Production,0.33518561538852654
50,15,base,mediators1,noisy,300,4,Consumption,0.07586272900012832
50,15,base,mediators1,noisy,300,4,Production,0.34792535153889936
50,15,base,mediators1,noisy,300,5,Consumption,0.08613960543713228
50,15,base,mediators1,noisy,300,5,Production,0.3594119812971438
50,15,base,mediators2,noisy,300,1,Consumption,0.490381974189469
50,15,base,mediators2,noisy,300,1,Production,0.3849076631146581
50,15,base,mediators2,noisy,300,2,Consumption,0.4997115923226333
50,15,base,mediators2,noisy,300,2,Production,0.3721386271324135
50,15,base,mediators2,noisy,300,3,Consumption,0.486019546549676
50,15,base,mediators2,noisy,300,3,Production,0.38862639497825835
50,15,base,mediators2,noisy,300,4,Consumption,0.4995971100722373
50,15,base,mediators2,noisy,300,4,Production,0.37960387944276264
50,15,base,mediators2,noisy,300,5,Consumption,0.4884575574180786
50,15,base,mediators2,noisy,300,5,Production,0.40609272538459074
50,15,base,mediators3,noisy,300,1,Consumption,0.3249442286790464
50,15,base,mediators3,noisy,300,1,Production,0.5771759505538635
50,15,base,mediators3,noisy,300,2,Consumption,0.28173205584886385
50,15,base,mediators3,noisy,300,2,Production,0.5991777702891539
50,15,base,mediators3,noisy,300,3,Consumption,0.2923246440076555
50,15,base,mediators3,noisy,300,3,Production,0.5591869740599167
50,15,base,mediators3,noisy,300,4,Consumption,0.28764117913123394
50,15,base,mediators3,noisy,300,4,Production,0.5816078033859212
50,15,base,mediators3,noisy,300,5,Consumption,0.30458661053946046
50,15,base,mediators3,noisy,300,5,Production,0.6023938411834557
50,15,base,mediators4,noisy,300,1,Consumption,0.15928094352858035
50,15,base,mediators4,noisy,300,1,Production,0.462950163382218
50,15,base,mediators4,noisy,300,2,Consumption,0.1725960406151601
50,15,base,mediators4,noisy,300,2,Production,0.4435008451488036
50,15,base,mediators4,noisy,300,3,Consumption,0.16063561900173995
50,15,base,mediators4,noisy,300,3,Production,0.45327666384428256
50,15,base,mediators4,noisy,300,4,Consumption,0.15104901349771138
50,15,base,mediators4,noisy,300,4,Production,0.4581058107630368
50,15,base,mediators4,noisy,300,5,Consumption,0.1587645580079373
50,15,base,mediators4,noisy,300,5,Production,0.4481136091311005
50,15,base,mediators5,noisy,300,1,Consumption,0.41504927093811356
50,15,base,mediators5,noisy,300,1,Production,0.5305445883388493
50,15,base,mediators5,noisy,300,2,Consumption,0.45048998779737814
50,15,base,mediators5,noisy,300,2,Production,0.5798918486060518
50,15,base,mediators5,noisy,300,3,Consumption,0.44645300847879543
50,15,base,mediators5,noisy,300,3,Production,0.5239582909816931
50,15,base,mediators5,noisy,300,4,Consumption,0.4403974251406203
50,15,base,mediators5,noisy,300,4,Production,0.5278071814762544
50,15,base,mediators5,noisy,300,5,Consumption,0.5524826730698008
50,15,base,mediators5,noisy,300,5,Production,0.5568937940227604
50,15,base,mediators1,sparse,100,1,Consumption,0.22428762478419662
50,15,base,mediators1,sparse,100,1,Production,0.35651070735123197
50,15,base,mediators1,sparse,100,2,Consumption,0.22497241757163317
50,15,base,mediators1,sparse,100,2,Production,0.37580425307887166
50,15,base,mediators1,sparse,100,3,Consumption,0.2302405831075702
50,15,base,mediators1,sparse,100,3,Production,0.3550448494578373
50,15,base,mediators1,sparse,100,4,Consumption,0.22251342068956503
50,15,base,mediators1,sparse,100,4,Production,0.356364004438332
50,15,base,mediators1,sparse,100,5,Consumption,0.22548716659122386
50,15,base,mediators1,sparse,100,5,Production,0.3507650086372005
50,15,base,mediators2,sparse,100,1,Consumption,0.6428044410613852
50,15,base,mediators2,sparse,100,1,Production,0.595131995617156
50,15,base,mediators2,sparse,100,2,Consumption,0.6424600152136434
50,15,base,mediators2,sparse,100,2,Production,0.5948940072497948
50,15,base,mediators2,sparse,100,3,Consumption,0.6421589583665719
50,15,base,mediators2,sparse,100,3,Production,0.594094657649506
50,15,base,mediators2,sparse,100,4,Consumption,0.6439270733031315
50,15,base,mediators2,sparse,100,4,Production,0.5934536378595091
50,15,base,mediators2,sparse,100,5,Consumption,0.6440596433005977
50,15,base,mediators2,sparse,100,5,Production,0.5949502753525253
50,15,base,mediators3,sparse,100,1,Consumption,0.40682458660630244
50,15,base,mediators3,sparse,100,1,Production,0.6101140415804875
50,15,base,mediators3,sparse,100,2,Consumption,0.40946931967123446
50,15,base,mediators3,sparse,100,2,Production,0.6089191118789897
50,15,base,mediators3,sparse,100,3,Consumption,0.4104684404687144
50,15,base,mediators3,sparse,100,3,Production,0.6099347059501858
50,15,base,mediators3,sparse,100,4,Consumption,0.4069531426367115
50,15,base,mediators3,sparse,100,4,Production,0.6106202175001733
50,15,base,mediators3,sparse,100,5,Consumption,0.40681905512436517
50,15,base,mediators3,sparse,100,5,Production,0.6124309109907772
50,15,base,mediators4,sparse,100,1,Consumption,0.21823296847454948
50,15,base,mediators4,sparse,100,1,Production,0.5502833083137528
50,15,base,mediators4,sparse,100,2,Consumption,0.21777839914056416
50,15,base,mediators4,sparse,100,2,Production,0.5518568194009613
50,15,base,mediators4,sparse,100,3,Consumption,0.22210366663819164
50,15,base,mediators4,sparse,100,3,Production,0.5545001155361147
50,15,base,mediators4,sparse,100,4,Consumption,0.2197885897601729
50,15,base,mediators4,sparse,100,4,Production,0.5510778275294813
50,15,base,mediators4,sparse,100,5,Consumption,0.2190641600656768
50,15,base,mediators4,sparse,100,5,Production,0.5510297379443228
50,15,base,mediators5,sparse,100,1,Consumption,0.699726231697534
50,15,base,mediators5,sparse,100,1,Production,0.578441428354885
50,15,base,mediators5,sparse,100,2,Consumption,0.7008248030957853
50,15,base,mediators5,sparse,100,2,Production,0.5801274300212783
50,15,base,mediators5,sparse,100,3,Consumption,0.6994696546622287
50,15,base,mediators5,sparse,100,3,Production,0.5784725340315509
50,15,base,mediators5,sparse,100,4,Consumption,0.7013031924663921
50,15,base,mediators5,sparse,100,4,Production,0.5787157222999395
50,15,base,mediators5,sparse,100,5,Consumption,0.7002260487788821
50,15,base,mediators5,sparse,100,5,Production,0.5792199934450895
50,15,base,mediators1,sparse,200,1,Consumption,0.1438969541467644
50,15,base,mediators1,sparse,200,1,Production,0.34792923287278327
50,15,base,mediators1,sparse,200,2,Consumption,0.13994214302254415
50,15,base,mediators1,sparse,200,2,Production,0.3324261572270413
50,15,base,mediators1,sparse,200,3,Consumption,0.1580429153191733
50,15,base,mediators1,sparse,200,3,Production,0.3279396760578511
50,15,base,mediators1,sparse,200,4,Consumption,0.14482006602136585
50,15,base,mediators1,sparse,200,4,Production,0.34534269309598276
50,15,base,mediators1,sparse,200,5,Consumption,0.15494537553509755
50,15,base,mediators1,sparse,200,5,Production,0.37333307939226623
50,15,base,mediators2,sparse,200,1,Consumption,0.5225125364327997
50,15,base,mediators2,sparse,200,1,Production,0.6009061043576706
50,15,base,mediators2,sparse,200,2,Consumption,0.5031502248470436
50,15,base,mediators2,sparse,200,2,Production,0.5994491026629546
50,15,base,mediators2,sparse,200,3,Consumption,0.5706632932625428
50,15,base,mediators2,sparse,200,3,Production,0.6002940360517949
50,15,base,mediators2,sparse,200,4,Consumption,0.5963206095342714
50,15,base,mediators2,sparse,200,4,Production,0.5973948371545919
50,15,base,mediators2,sparse,200,5,Consumption,0.5600866362264979
50,15,base,mediators2,sparse,200,5,Production,0.5958544903947542
50,15,base,mediators3,sparse,200,1,Consumption,0.29050430878087896
50,15,base,mediators3,sparse,200,1,Production,0.5895677253068761
50,15,base,mediators3,sparse,200,2,Consumption,0.2956893057347436
50,15,base,mediators3,sparse,200,2,Production,0.5808594227843761
50,15,base,mediators3,sparse,200,3,Consumption,0.2948786783297537
50,15,base,mediators3,sparse,200,3,Production,0.587737851357073
50,15,base,mediators3,sparse,200,4,Consumption,0.30521266394028523
50,15,base,mediators3,sparse,200,4,Production,0.6090316712984017
50,15,base,mediators3,sparse,200,5,Consumption,0.30231874861135277
50,15,base,mediators3,sparse,200,5,Production,0.5983248303412767
50,15,base,mediators4,sparse,200,1,Consumption,0.2052026792912254
50,15,base,mediators4,sparse,200,1,Production,0.5015561628935508
50,15,base,mediators4,sparse,200,2,Consumption,0.19972066970147687
50,15,base,mediators4,sparse,200,2,Production,0.4907578733150443
50,15,base,mediators4,sparse,200,3,Consumption,0.2051190055803578
50,15,base,mediators4,sparse,200,3,Production,0.5209668724263468
50,15,base,mediators4,sparse,200,4,Consumption,0.17688174753227184
50,15,base,mediators4,sparse,200,4,Production,0.48665387369112034
50,15,base,mediators4,sparse,200,5,Consumption,0.20219714000819108
50,15,base,mediators4,sparse,200,5,Production,0.5023754162551926
50,15,base,mediators5,sparse,200,1,Consumption,0.4171641793044805
50,15,base,mediators5,sparse,200,1,Production,0.5491536408583401
50,15,base,mediators5,sparse,200,2,Consumption,0.4375880387893188
50,15,base,mediators5,sparse,200,2,Production,0.5599090675378654
50,15,base,mediators5,sparse,200,3,Consumption,0.40923685024773787
50,15,base,mediators5,sparse,200,3,Production,0.5607609913517712
50,15,base,mediators5,sparse,200,4,Consumption,0.43619989748605487
50,15,base,mediators5,sparse,200,4,Production,0.5530537341825794
50,15,base,mediators5,sparse,200,5,Consumption,0.4414379837123132
50,15,base,mediators5,sparse,200,5,Production,0.5509499879069575
50,15,base,mediators1,sparse,300,1,Consumption,0.14785741837579217
50,15,base,mediators1,sparse,300,1,Production,0.38416882399819036
50,15,base,mediators1,sparse,300,2,Consumption,0.15193716344713068
50,15,base,mediators1,sparse,300,2,Production,0.3406999894019763
50,15,base,mediators1,sparse,300,3,Consumption,0.16485742332056658
50,15,base,mediators1,sparse,300,3,Production,0.35129149046401426
50,15,base,mediators1,sparse,300,4,Consumption,0.1506752632438456
50,15,base,mediators1,sparse,300,4,Production,0.33913612592917297
50,15,base,mediators1,sparse,300,5,Consumption,0.1534823258924348
50,15,base,mediators1,sparse,300,5,Production,0.35584783177449564
50,15,base,mediators2,sparse,300,1,Consumption,0.6097772493666973
50,15,base,mediators2,sparse,300,1,Production,0.5990265400773264
50,15,base,mediators2,sparse,300,2,Consumption,0.5549217897902157
50,15,base,mediators2,sparse,300,2,Production,0.6027921193396621
50,15,base,mediators2,sparse,300,3,Consumption,0.6247768733128837
50,15,base,mediators2,sparse,300,3,Production,0.599517510403813
50,15,base,mediators2,sparse,300,4,Consumption,0.6781917152683379
50,15,base,mediators2,sparse,300,4,Production,0.5997271887113468
50,15,base,mediators2,sparse,300,5,Consumption,0.6105131562457927
50,15,base,mediators2,sparse,300,5,Production,0.6000124245406672
50,15,base,mediators3,sparse,300,1,Consumption,0.28953718961349023
50,15,base,mediators3,sparse,300,1,Production,0.5962362489626557
50,15,base,mediators3,sparse,300,2,Consumption,0.30456774897220906
50,15,base,mediators3,sparse,300,2,Production,0.5824984164933908
50,15,base,mediators3,sparse,300,3,Consumption,0.3016306919124827
50,15,base,mediators3,sparse,300,3,Production,0.5875836258942876
50,15,base,mediators3,sparse,300,4,Consumption,0.30489274499281743
50,15,base,mediators3,sparse,300,4,Production,0.5975937018806774
50,15,base,mediators3,sparse,300,5,Consumption,0.2969561746761797
50,15,base,mediators3,sparse,300,5,Production,0.5734896804651083
50,15,base,mediators4,sparse,300,1,Consumption,0.24124490032647541
50,15,base,mediators4,sparse,300,1,Production,0.47068723900140874
50,15,base,mediators4,sparse,300,2,Consumption,0.19763044780791367
50,15,base,mediators4,sparse,300,2,Production,0.48542413618450564
50,15,base,mediators4,sparse,300,3,Consumption,0.23120625508881903
50,15,base,mediators4,sparse,300,3,Production,0.4844152104869427
50,15,base,mediators4,sparse,300,4,Consumption,0.2135916859550109
50,15,base,mediators4,sparse,300,4,Production,0.48299763142587493
50,15,base,mediators4,sparse,300,5,Consumption,0.23207982607138233
50,15,base,mediators4,sparse,300,5,Production,0.4706682295638042
50,15,base,mediators5,sparse,300,1,Consumption,0.39917840424516016
50,15,base,mediators5,sparse,300,1,Production,0.5398993171802449
50,15,base,mediators5,sparse,300,2,Consumption,0.4091413841958061
50,15,base,mediators5,sparse,300,2,Production,0.5493074735370057
50,15,base,mediators5,sparse,300,3,Consumption,0.4061777998736863
50,15,base,mediators5,sparse,300,3,Production,0.5557419168982849
50,15,base,mediators5,sparse,300,4,Consumption,0.4099398690176716
50,15,base,mediators5,sparse,300,4,Production,0.5472954529852468
50,15,base,mediators5,sparse,300,5,Consumption,0.41053479392038256
50,15,base,mediators5,sparse,300,5,Production,0.5491487419061808
50,15,intricate,mediators1,baseline,100,1,Consumption,0.11930705587375026
50,15,intricate,mediators1,baseline,100,1,Production,0.38625195630122033
50,15,intricate,mediators1,baseline,100,2,Consumption,0.11919759454920863
50,15,intricate,mediators1,baseline,100,2,Production,0.3944894430779431
50,15,intricate,mediators1,baseline,100,3,Consumption,0.11923161281915398
50,15,intricate,mediators1,baseline,100,3,Production,0.3797575849324207
50,15,intricate,mediators1,baseline,100,4,Consumption,0.11942446447210063
50,15,intricate,mediators1,baseline,100,4,Production,0.4068256007574145
50,15,intricate,mediators1,baseline,100,5,Consumption,0.11924804353948014
50,15,intricate,mediators1,baseline,100,5,Production,0.3868932805600211
50,15,intricate,mediators2,baseline,100,1,Consumption,0.5753514538442408
50,15,intricate,mediators2,baseline,100,1,Production,0.5847443094378268
50,15,intricate,mediators2,baseline,100,2,Consumption,0.5459304278199483
50,15,intricate,mediators2,baseline,100,2,Production,0.5831777638597332
50,15,intricate,mediators2,baseline,100,3,Consumption,0.5894091707798548
50,15,intricate,mediators2,baseline,100,3,Production,0.5841112895291558
50,15,intricate,mediators2,baseline,100,4,Consumption,0.5529154374654328
50,15,intricate,mediators2,baseline,100,4,Production,0.5846071831536515
50,15,intricate,mediators2,baseline,100,5,Consumption,0.5591455016551656
50,15,intricate,mediators2,baseline,100,5,Production,0.5900147849589886
50,15,intricate,mediators3,baseline,100,1,Consumption,0.24422765215691514
50,15,intricate,mediators3,baseline,100,1,Production,0.4965173482070098
50,15,intricate,mediators3,baseline,100,2,Consumption,0.24431065170142263
50,15,intricate,mediators3,baseline,100,2,Production,0.49501657152229644
50,15,intricate,mediators3,baseline,100,3,Consumption,0.24432018536684993
50,15,intricate,mediators3,baseline,100,3,Production,0.4978699308694635
50,15,intricate,mediators3,baseline,100,4,Consumption,0.24521914971466444
50,15,intricate,mediators3,baseline,100,4,Production,0.49490056741203353
50,15,intricate,mediators3,baseline,100,5,Consumption,0.24460103317797124
50,15,intricate,mediators3,baseline,100,5,Production,0.49794110176171846
50,15,intricate,mediators4,baseline,100,1,Consumption,0.14790468084894923
50,15,intricate,mediators4,baseline,100,1,Production,0.38156982125713707
50,15,intricate,mediators4,baseline,100,2,Consumption,0.14786852291056804
50,15,intricate,mediators4,baseline,100,2,Production,0.37996651275807297
50,15,intricate,mediators4,baseline,100,3,Consumption,0.14770588194695525
50,15,intricate,mediators4,baseline,100,3,Production,0.38081898398036135
50,15,intricate,mediators4,baseline,100,4,Consumption,0.14802920981798498
50,15,intricate,mediators4,baseline,100,4,Production,0.380992070372988
50,15,intricate,mediators4,baseline,100,5,Consumption,0.14798017326550067
50,15,intricate,mediators4,baseline,100,5,Production,0.3799943796535555
50,15,intricate,mediators5,baseline,100,1,Consumption,0.3969646531294043
50,15,intricate,mediators5,baseline,100,1,Production,0.45180057415891167
50,15,intricate,mediators5,baseline,100,2,Consumption,0.3980686389394289
50,15,intricate,mediators5,baseline,100,2,Production,0.45222604774030717
50,15,intricate,mediators5,baseline,100,3,Consumption,0.3974772539623377
50,15,intricate,mediators5,baseline,100,3,Production,0.4515477192217735
50,15,intricate,mediators5,baseline,100,4,Consumption,0.397116801718022
50,15,intricate,mediators5,baseline,100,4,Production,0.4512836180246198
50,15,intricate,mediators5,baseline,100,5,Consumption,0.39671202678514744
50,15,intricate,mediators5,baseline,100,5,Production,0.4526768131955002
50,15,intricate,mediators1,baseline,200,1,Consumption,0.11985278665782388
50,15,intricate,mediators1,baseline,200,1,Production,0.48526780245472473
50,15,intricate,mediators1,baseline,200,2,Consumption,0.11838440908284716
50,15,intricate,mediators1,baseline,200,2,Production,0.4842004401323373
50,15,intricate,mediators1,baseline,200,3,Consumption,0.11980142086931511
50,15,intricate,mediators1,baseline,200,3,Production,0.47335158319501225
50,15,intricate,mediators1,baseline,200,4,Consumption,0.11870611515328965
50,15,intricate,mediators1,baseline,200,4,Production,0.4914474733702359
50,15,intricate,mediators1,baseline,200,5,Consumption,0.11883177201059146
50,15,intricate,mediators1,baseline,200,5,Production,0.4853353054862171
50,15,intricate,mediators2,baseline,200,1,Consumption,0.5039139279239799
50,15,intricate,mediators2,baseline,200,1,Production,0.52993156947585
50,15,intricate,mediators2,baseline,200,2,Consumption,0.5170414642758465
50,15,intricate,mediators2,baseline,200,2,Production,0.5036204211174795
50,15,intricate,mediators2,baseline,200,3,Consumption,0.5147246965584087
50,15,intricate,mediators2,baseline,200,3,Production,0.5120504940449596
50,15,intricate,mediators2,baseline,200,4,Consumption,0.4940142645216233
50,15,intricate,mediators2,baseline,200,4,Production,0.5118096097669059
50,15,intricate,mediators2,baseline,200,5,Consumption,0.5166777525025977
50,15,intricate,mediators2,baseline,200,5,Production,0.4831874723375509
50,15,intricate,mediators3,baseline,200,1,Consumption,0.2444551979007522
50,15,intricate,mediators3,baseline,200,1,Production,0.48590358539790557
50,15,intricate,mediators3,baseline,200,2,Consumption,0.2383637495544078
50,15,intricate,mediators3,baseline,200,2,Production,0.4852934102342733
50,15,intricate,mediators3,baseline,200,3,Consumption,0.24358880967714897
50,15,intricate,mediators3,baseline,200,3,Production,0.48772082842339826
50,15,intricate,mediators3,baseline,200,4,Consumption,0.23692946627145814
50,15,intricate,mediators3,baseline,200,4,Production,0.48811722552620185
50,15,intricate,mediators3,baseline,200,5,Consumption,0.24430766396001405
50,15,intricate,mediators3,baseline,200,5,Production,0.4910760666923255
50,15,intricate,mediators4,baseline,200,1,Consumption,0.14102264594942931
50,15,intricate,mediators4,baseline,200,1,Production,0.37621501051631545
50,15,intricate,mediators4,baseline,200,2,Consumption,0.1393737611797688
50,15,intricate,mediators4,baseline,200,2,Production,0.37675227895297375
50,15,intricate,mediators4,baseline,200,3,Consumption,0.1401654118181431
50,15,intricate,mediators4,baseline,200,3,Production,0.37578322537472875
50,15,intricate,mediators4,baseline,200,4,Consumption,0.1416303723540523
50,15,intricate,mediators4,baseline,200,4,Production,0.37847146450875235
50,15,intricate,mediators4,baseline,200,5,Consumption,0.13984807397415322
50,15,intricate,mediators4,baseline,200,5,Production,0.3770065457955869
50,15,intricate,mediators5,baseline,200,1,Consumption,0.3666356187404277
50,15,intricate,mediators5,baseline,200,1,Production,0.4387520806446319
50,15,intricate,mediators5,baseline,200,2,Consumption,0.35204798084698885
50,15,intricate,mediators5,baseline,200,2,Production,0.4425662782162923
50,15,intricate,mediators5,baseline,200,3,Consumption,0.3442829283762056
50,15,intricate,mediators5,baseline,200,3,Production,0.4420137193687353
50,15,intricate,mediators5,baseline,200,4,Consumption,0.33667046654358684
50,15,intricate,mediators5,baseline,200,4,Production,0.43950060707719124
50,15,intricate,mediators5,baseline,200,5,Consumption,0.3259068259607216
50,15,intricate,mediators5,baseline,200,5,Production,0.4402868520289733
50,15,intricate,mediators1,baseline,300,1,Consumption,0.11940595917829631
50,15,intricate,mediators1,baseline,300,1,Production,0.46051782432274496
50,15,intricate,mediators1,baseline,300,2,Consumption,0.11674527232691254
50,15,intricate,mediators1,baseline,300,2,Production,0.47667873835975977
50,15,intricate,mediators1,baseline,300,3,Consumption,0.11733491383519029
50,15,intricate,mediators1,baseline,300,3,Production,0.4895184948144143
50,15,intricate,mediators1,baseline,300,4,Consumption,0.1186083554134756
50,15,intricate,mediators1,baseline,300,4,Production,0.47264726449153993
50,15,intricate,mediators1,baseline,300,5,Consumption,0.11780159285549625
50,15,intricate,mediators1,baseline,300,5,Production,0.4841522269695807
50,15,intricate,mediators2,baseline,300,1,Consumption,0.4948036481787257
50,15,intricate,mediators2,baseline,300,1,Production,0.5255936864199138
50,15,intricate,mediators2,baseline,300,2,Consumption,0.5005721171890425
50,15,intricate,mediators2,baseline,300,2,Production,0.51616584637743
50,15,intricate,mediators2,baseline,300,3,Consumption,0.48960767377545955
50,15,intricate,mediators2,baseline,300,3,Production,0.5325480961591921
50,15,intricate,mediators2,baseline,300,4,Consumption,0.4887341820633019
50,15,intricate,mediators2,baseline,300,4,Production,0.5265564963051852
50,15,intricate,mediators2,baseline,300,5,Consumption,0.49050405716469864
50,15,intricate,mediators2,baseline,300,5,Production,0.5082507280843942
50,15,intricate,mediators3,baseline,300,1,Consumption,0.24757628788710884
50,15,intricate,mediators3,baseline,300,1,Production,0.4815889618788298
50,15,intricate,mediators3,baseline,300,2,Consumption,0.24339138333454824
50,15,intricate,mediators3,baseline,300,2,Production,0.47107559635511226
50,15,intricate,mediators3,baseline,300,3,Consumption,0.23913546012515222
50,15,intricate,mediators3,baseline,300,3,Production,0.4842252817683969
50,15,intricate,mediators3,baseline,300,4,Consumption,0.2404279591950193
50,15,intricate,mediators3,baseline,300,4,Production,0.48137037786069886
50,15,intricate,mediators3,baseline,300,5,Consumption,0.23984683337406904
50,15,intricate,mediators3,baseline,300,5,Production,0.4780920606807044
50,15,intricate,mediators4,baseline,300,1,Consumption,0.13716299397361506
50,15,intricate,mediators4,baseline,300,1,Production,0.3756707668700017
50,15,intricate,mediators4,baseline,300,2,Consumption,0.1356017826607215
50,15,intricate,mediators4,baseline,300,2,Production,0.3805181028327527
50,15,intricate,mediators4,baseline,300,3,Consumption,0.1348500352195719
50,15,intricate,mediators4,baseline,300,3,Production,0.37960437953565573
50,15,intricate,mediators4,baseline,300,4,Consumption,0.13326237790883133
50,15,intricate,mediators4,baseline,300,4,Production,0.3783335498224899
50,15,intricate,mediators4,baseline,300,5,Consumption,0.1361971164382313
50,15,intricate,mediators4,baseline,300,5,Production,0.37939663796253353
50,15,intricate,mediators5,baseline,300,1,Consumption,0.3560557000603236
50,15,intricate,mediators5,baseline,300,1,Production,0.43423555456847107
50,15,intricate,mediators5,baseline,300,2,Consumption,0.3305017424142681
50,15,intricate,mediators5,baseline,300,2,Production,0.43595224654134634
50,15,intricate,mediators5,baseline,300,3,Consumption,0.32706891723987824
50,15,intricate,mediators5,baseline,300,3,Production,0.43555427098969135
50,15,intricate,mediators5,baseline,300,4,Consumption,0.33355661056307745
50,15,intricate,mediators5,baseline,300,4,Production,0.43081694464200787
50,15,intricate,mediators5,baseline,300,5,Consumption,0.32981743316003126
50,15,intricate,mediators5,baseline,300,5,Production,0.42911364882608244
50,15,intricate,mediators1,noisy,100,1,Consumption,0.13835725014249192
50,15,intricate,mediators1,noisy,100,1,Production,0.42144553914474736
50,15,intricate,mediators1,noisy,100,2,Consumption,0.13836852744510428
50,15,intricate,mediators1,noisy,100,2,Production,0.41933243866496245
50,15,intricate,mediators1,noisy,100,3,Consumption,0.13813214753820657
50,15,intricate,mediators1,noisy,100,3,Production,0.4182169017805275
50,15,intricate,mediators1,noisy,100,4,Consumption,0.13844507603932904
50,15,intricate,mediators1,noisy,100,4,Production,0.4064161395457047
50,15,intricate,mediators1,noisy,100,5,Consumption,0.13823883611216836
50,15,intricate,mediators1,noisy,100,5,Production,0.39596957733972815
50,15,intricate,mediators2,noisy,100,1,Consumption,0.5518864573735117
50,15,intricate,mediators2,noisy,100,1,Production,0.5201051445959313
50,15,intricate,mediators2,noisy,100,2,Consumption,0.5483049804965048
50,15,intricate,mediators2,noisy,100,2,Production,0.5211254899447549
50,15,intricate,mediators2,noisy,100,3,Consumption,0.5596734798134029
50,15,intricate,mediators2,noisy,100,3,Production,0.5187974141361431
50,15,intricate,mediators2,noisy,100,4,Consumption,0.5497890002529707
50,15,intricate,mediators2,noisy,100,4,Production,0.5194172843345968
50,15,intricate,mediators2,noisy,100,5,Consumption,0.55837826454678
50,15,intricate,mediators2,noisy,100,5,Production,0.5188335519467056
50,15,intricate,mediators3,noisy,100,1,Consumption,0.2533601716748344
50,15,intricate,mediators3,noisy,100,1,Production,0.5037176294766527
50,15,intricate,mediators3,noisy,100,2,Consumption,0.2517360709505886
50,15,intricate,mediators3,noisy,100,2,Production,0.5001131946314448
50,15,intricate,mediators3,noisy,100,3,Consumption,0.25177691886914666
50,15,intricate,mediators3,noisy,100,3,Production,0.5036589596720801
50,15,intricate,mediators3,noisy,100,4,Consumption,0.25195343914646606
50,15,intricate,mediators3,noisy,100,4,Production,0.5014148748318971
50,15,intricate,mediators3,noisy,100,5,Consumption,0.25199500156123256
50,15,intricate,mediators3,noisy,100,5,Production,0.4996454138087702
50,15,intricate,mediators4,noisy,100,1,Consumption,0.17376077534261683
50,15,intricate,mediators4,noisy,100,1,Production,0.37255419677194634
50,15,intricate,mediators4,noisy,100,2,Consumption,0.17432471541737773
50,15,intricate,mediators4,noisy,100,2,Production,0.37253042845856604
50,15,intricate,mediators4,noisy,100,3,Consumption,0.17331329630742356
50,15,intricate,mediators4,noisy,100,3,Production,0.3737423763801219
50,15,intricate,mediators4,noisy,100,4,Consumption,0.17349568214367275
50,15,intricate,mediators4,noisy,100,4,Production,0.3733111523881306
50,15,intricate,mediators4,noisy,100,5,Consumption,0.17291534987142554
50,15,intricate,mediators4,noisy,100,5,Production,0.3741532373801193
50,15,intricate,mediators5,noisy,100,1,Consumption,0.48157036141889076
50,15,intricate,mediators5,noisy,100,1,Production,0.46311095269440655
50,15,intricate,mediators5,noisy,100,2,Consumption,0.4813024099592515
50,15,intricate,mediators5,noisy,100,2,Production,0.4623233546948073
50,15,intricate,mediators5,noisy,100,3,Consumption,0.47939244624010735
50,15,intricate,mediators5,noisy,100,3,Production,0.462235814631908
50,15,intricate,mediators5,noisy,100,4,Consumption,0.4798702309720092
50,15,intricate,mediators5,noisy,100,4,Production,0.462575587155582
50,15,intricate,mediators5,noisy,100,5,Consumption,0.4825383346531772
50,15,intricate,mediators5,noisy,100,5,Production,0.4632104867874026
50,15,intricate,mediators1,noisy,200,1,Consumption,0.13092543491170228
50,15,intricate,mediators1,noisy,200,1,Production,0.4336233560600247
50,15,intricate,mediators1,noisy,200,2,Consumption,0.13000443986132573
50,15,intricate,mediators1,noisy,200,2,Production,0.49668448399190723
50,15,intricate,mediators1,noisy,200,3,Consumption,0.1294498594381482
50,15,intricate,mediators1,noisy,200,3,Production,0.42263190497882286
50,15,intricate,mediators1,noisy,200,4,Consumption,0.13023998265949607
50,15,intricate,mediators1,noisy,200,4,Production,0.47042435456263476
50,15,intricate,mediators1,noisy,200,5,Consumption,0.13290126348246073
50,15,intricate,mediators1,noisy,200,5,Production,0.4215960581840423
50,15,intricate,mediators2,noisy,200,1,Consumption,0.5213930031533422
50,15,intricate,mediators2,noisy,200,1,Production,0.4106116570201571
50,15,intricate,mediators2,noisy,200,2,Consumption,0.547094009136127
50,15,intricate,mediators2,noisy,200,2,Production,0.47390961443094315
50,15,intricate,mediators2,noisy,200,3,Consumption,0.5687060571586072
50,15,intricate,mediators2,noisy,200,3,Production,0.42131978234206363
50,15,intricate,mediators2,noisy,200,4,Consumption,0.5069860800720261
50,15,intricate,mediators2,noisy,200,4,Production,0.4529268529299619
50,15,intricate,mediators2,noisy,200,5,Consumption,0.5141610775493531
50,15,intricate,mediators2,noisy,200,5,Production,0.4559418148388454
50,15,intricate,mediators3,noisy,200,1,Consumption,0.25378182602875593
50,15,intricate,mediators3,noisy,200,1,Production,0.4728173876218918
50,15,intricate,mediators3,noisy,200,2,Consumption,0.26013110321390676
50,15,intricate,mediators3,noisy,200,2,Production,0.4785822895226079
50,15,intricate,mediators3,noisy,200,3,Consumption,0.2520132939007864
50,15,intricate,mediators3,noisy,200,3,Production,0.4509845963183845
50,15,intricate,mediators3,noisy,200,4,Consumption,0.2563361045063208
50,15,intricate,mediators3,noisy,200,4,Production,0.4826229435282749
50,15,intricate,mediators3,noisy,200,5,Consumption,0.2542292452861964
50,15,intricate,mediators3,noisy,200,5,Production,0.49887325290034695
50,15,intricate,mediators4,noisy,200,1,Consumption,0.16170989169383193
50,15,intricate,mediators4,noisy,200,1,Production,0.3589995759647415
50,15,intricate,mediators4,noisy,200,2,Consumption,0.15924671004877144
50,15,intricate,mediators4,noisy,200,2,Production,0.3713644890931184
50,15,intricate,mediators4,noisy,200,3,Consumption,0.15390007924103455
50,15,intricate,mediators4,noisy,200,3,Production,0.3643704016697444
50,15,intricate,mediators4,noisy,200,4,Consumption,0.15135981343480526
50,15,intricate,mediators4,noisy,200,4,Production,0.3528594008936483
50,15,intricate,mediators4,noisy,200,5,Consumption,0.1604288388512346
50,15,intricate,mediators4,noisy,200,5,Production,0.36897755216280154
50,15,intricate,mediators5,noisy,200,1,Consumption,0.39830642554352863
50,15,intricate,mediators5,noisy,200,1,Production,0.4631864309452534
50,15,intricate,mediators5,noisy,200,2,Consumption,0.37421848800704716
50,15,intricate,mediators5,noisy,200,2,Production,0.4554910914325697
50,15,intricate,mediators5,noisy,200,3,Consumption,0.3875600326927625
50,15,intricate,mediators5,noisy,200,3,Production,0.4460793985943868
50,15,intricate,mediators5,noisy,200,4,Consumption,0.37985776740221927
50,15,intricate,mediators5,noisy,200,4,Production,0.44372180967055014
50,15,intricate,mediators5,noisy,200,5,Consumption,0.37495669149471395
50,15,intricate,mediators5,noisy,200,5,Production,0.45038314034137883
50,15,intricate,mediators1,noisy,300,1,Consumption,0.1308875588398592
50,15,intricate,mediators1,noisy,300,1,Production,0.4147411679879127
50,15,intricate,mediators1,noisy,300,2,Consumption,0.13213421129404312
50,15,intricate,mediators1,noisy,300,2,Production,0.4227755641406815
50,15,intricate,mediators1,noisy,300,3,Consumption,0.12930138534132374
50,15,intricate,mediators1,noisy,300,3,Production,0.4107847604932628
50,15,intricate,mediators1,noisy,300,4,Consumption,0.1300913803297065
50,15,intricate,mediators1,noisy,300,4,Production,0.3807763543126664
50,15,intricate,mediators1,noisy,300,5,Consumption,0.13522371588541168
50,15,intricate,mediators1,noisy,300,5,Production,0.3925319510388374
50,15,intricate,mediators2,noisy,300,1,Consumption,0.5200725785245717
50,15,intricate,mediators2,noisy,300,1,Production,0.47456180060396785
50,15,intricate,mediators2,noisy,300,2,Consumption,0.5083525531154016
50,15,intricate,mediators2,noisy,300,2,Production,0.4603209957777861
50,15,intricate,mediators2,noisy,300,3,Consumption,0.551201453728634
50,15,intricate,mediators2,noisy,300,3,Production,0.4587456656385805
50,15,intricate,mediators2,noisy,300,4,Consumption,0.5181949038329162
50,15,intricate,mediators2,noisy,300,4,Production,0.43893639638697796
50,15,intricate,mediators2,noisy,300,5,Consumption,0.5642411785047441
50,15,intricate,mediators2,noisy,300,5,Production,0.44940145961656325
50,15,intricate,mediators3,noisy,300,1,Consumption,0.26033048784231577
50,15,intricate,mediators3,noisy,300,1,Production,0.45501372803572426
50,15,intricate,mediators3,noisy,300,2,Consumption,0.2633566638166049
50,15,intricate,mediators3,noisy,300,2,Production,0.46266754079955225
50,15,intricate,mediators3,noisy,300,3,Consumption,0.2456789855896473
50,15,intricate,mediators3,noisy,300,3,Production,0.4815090718351326
50,15,intricate,mediators3,noisy,300,4,Consumption,0.26018817661311844
50,15,intricate,mediators3,noisy,300,4,Production,0.47007773663454927
50,15,intricate,mediators3,noisy,300,5,Consumption,0.25746211426728655
50,15,intricate,mediators3,noisy,300,5,Production,0.47249375976426305
50,15,intricate,mediators4,noisy,300,1,Consumption,0.15340380101508647
50,15,intricate,mediators4,noisy,300,1,Production,0.369659804267679
50,15,intricate,mediators4,noisy,300,2,Consumption,0.15235129202504927
50,15,intricate,mediators4,noisy,300,2,Production,0.3764334483801851
50,15,intricate,mediators4,noisy,300,3,Consumption,0.15380473767053218
50,15,intricate,mediators4,noisy,300,3,Production,0.37484295191595235
50,15,intricate,mediators4,noisy,300,4,Consumption,0.1458999613255743
50,15,intricate,mediators4,noisy,300,4,Production,0.3573728170981606
50,15,intricate,mediators4,noisy,300,5,Consumption,0.1555436616780883
50,15,intricate,mediators4,noisy,300,5,Production,0.37234652556958286
50,15,intricate,mediators5,noisy,300,1,Consumption,0.3661978485431301
50,15,intricate,mediators5,noisy,300,1,Production,0.45688619832295424
50,15,intricate,mediators5,noisy,300,2,Consumption,0.365994438440305
50,15,intricate,mediators5,noisy,300,2,Production,0.434100663146
50,15,intricate,mediators5,noisy,300,3,Consumption,0.3828128642189381
50,15,intricate,mediators5,noisy,300,3,Production,0.4289088607818384
50,15,intricate,mediators5,noisy,300,4,Consumption,0.3556764101870649
50,15,intricate,mediators5,noisy,300,4,Production,0.4519130133287976
50,15,intricate,mediators5,noisy,300,5,Consumption,0.3637857354089345
50,15,intricate,mediators5,noisy,300,5,Production,0.45119685292512846
50,15,intricate,mediators1,sparse,100,1,Consumption,0.16768457974650516
50,15,intricate,mediators1,sparse,100,1,Production,0.46009611866873085
50,15,intricate,mediators1,sparse,100,2,Consumption,0.17866897711722768
50,15,intricate,mediators1,sparse,100,2,Production,0.4400090439110552
50,15,intricate,mediators1,sparse,100,3,Consumption,0.19086257340509846
50,15,intricate,mediators1,sparse,100,3,Production,0.460946902276685
50,15,intricate,mediators1,sparse,100,4,Consumption,0.16715203064328796
50,15,intricate,mediators1,sparse,100,4,Production,0.46439744439214026
50,15,intricate,mediators1,sparse,100,5,Consumption,0.16817586571588408
50,15,intricate,mediators1,sparse,100,5,Production,0.4094959864460395
50,15,intricate,mediators2,sparse,100,1,Consumption,0.5203910652040892
50,15,intricate,mediators2,sparse,100,1,Production,0.5244567211100208
50,15,intricate,mediators2,sparse,100,2,Consumption,0.5187919155662458
50,15,intricate,mediators2,sparse,100,2,Production,0.522767449670171
50,15,intricate,mediators2,sparse,100,3,Consumption,0.4962042406892008
50,15,intricate,mediators2,sparse,100,3,Production,0.5235216473824856
50,15,intricate,mediators2,sparse,100,4,Consumption,0.5054637195046554
50,15,intricate,mediators2,sparse,100,4,Production,0.5277649434955785
50,15,intricate,mediators2,sparse,100,5,Consumption,0.49939097568156704
50,15,intricate,mediators2,sparse,100,5,Production,0.5242951751438223
50,15,intricate,mediators3,sparse,100,1,Consumption,0.30798946927114407
50,15,intricate,mediators3,sparse,100,1,Production,0.44300123684050785
50,15,intricate,mediators3,sparse,100,2,Consumption,0.3265205898487419
50,15,intricate,mediators3,sparse,100,2,Production,0.44345659469747123
50,15,intricate,mediators3,sparse,100,3,Consumption,0.3198229676055914
50,15,intricate,mediators3,sparse,100,3,Production,0.4441347112953079
50,15,intricate,mediators3,sparse,100,4,Consumption,0.3206149402936364
50,15,intricate,mediators3,sparse,100,4,Production,0.4432462680702741
50,15,intricate,mediators3,sparse,100,5,Consumption,0.3294062039756511
50,15,intricate,mediators3,sparse,100,5,Production,0.44409766459696426
50,15,intricate,mediators4,sparse,100,1,Consumption,0.1376085200395906
50,15,intricate,mediators4,sparse,100,1,Production,0.3787086363048905
50,15,intricate,mediators4,sparse,100,2,Consumption,0.13754807325681181
50,15,intricate,mediators4,sparse,100,2,Production,0.379044781401789
50,15,intricate,mediators4,sparse,100,3,Consumption,0.1379218236386726
50,15,intricate,mediators4,sparse,100,3,Production,0.37903574793279116
50,15,intricate,mediators4,sparse,100,4,Consumption,0.13745106569808818
50,15,intricate,mediators4,sparse,100,4,Production,0.37800035977230867
50,15,intricate,mediators4,sparse,100,5,Consumption,0.13844839618950555
50,15,intricate,mediators4,sparse,100,5,Production,0.3784261019893035
50,15,intricate,mediators5,sparse,100,1,Consumption,0.43339551764890244
50,15,intricate,mediators5,sparse,100,1,Production,0.5165347498442789
50,15,intricate,mediators5,sparse,100,2,Consumption,0.4386714172488457
50,15,intricate,mediators5,sparse,100,2,Production,0.5154643157677314
50,15,intricate,mediators5,sparse,100,3,Consumption,0.43708208678802396
50,15,intricate,mediators5,sparse,100,3,Production,0.5160768183374648
50,15,intricate,mediators5,sparse,100,4,Consumption,0.4358435615234737
50,15,intricate,mediators5,sparse,100,4,Production,0.5165417084558552
50,15,intricate,mediators5,sparse,100,5,Consumption,0.435417730220418
50,15,intricate,mediators5,sparse,100,5,Production,0.5153785292484956
50,15,intricate,mediators1,sparse,200,1,Consumption,0.08475363511679994
50,15,intricate,mediators1,sparse,200,1,Production,0.4098749907439416
50,15,intricate,mediators1,sparse,200,2,Consumption,0.08968816813654812
50,15,intricate,mediators1,sparse,200,2,Production,0.38055063526752597
50,15,intricate,mediators1,sparse,200,3,Consumption,0.0867961506678655
50,15,intricate,mediators1,sparse,200,3,Production,0.4659212995550437
50,15,intricate,mediators1,sparse,200,4,Consumption,0.087367833472875
50,15,intricate,mediators1,sparse,200,4,Production,0.3951946808087412
50,15,intricate,mediators1,sparse,200,5,Consumption,0.08619409306121897
50,15,intricate,mediators1,sparse,200,5,Production,0.4315058029257686
50,15,intricate,mediators2,sparse,200,1,Consumption,0.4942081695485822
50,15,intricate,mediators2,sparse,200,1,Production,0.3990380840075016
50,15,intricate,mediators2,sparse,200,2,Consumption,0.5066613519885214
50,15,intricate,mediators2,sparse,200,2,Production,0.40996561794640496
50,15,intricate,mediators2,sparse,200,3,Consumption,0.4956910334400887
50,15,intricate,mediators2,sparse,200,3,Production,0.38727805700267437
50,15,intricate,mediators2,sparse,200,4,Consumption,0.512135651303488
50,15,intricate,mediators2,sparse,200,4,Production,0.39826703228338795
50,15,intricate,mediators2,sparse,200,5,Consumption,0.49718535594658886
50,15,intricate,mediators2,sparse,200,5,Production,0.40149379373026034
50,15,intricate,mediators3,sparse,200,1,Consumption,0.24782710138228004
50,15,intricate,mediators3,sparse,200,1,Production,0.5475142250571327
50,15,intricate,mediators3,sparse,200,2,Consumption,0.248800324290391
50,15,intricate,mediators3,sparse,200,2,Production,0.5406683817267744
50,15,intricate,mediators3,sparse,200,3,Consumption,0.24811819777054425
50,15,intricate,mediators3,sparse,200,3,Production,0.5432678491051396
50,15,intricate,mediators3,sparse,200,4,Consumption,0.24771471992493868
50,15,intricate,mediators3,sparse,200,4,Production,0.5364563362543454
50,15,intricate,mediators3,sparse,200,5,Consumption,0.2454923075957852
50,15,intricate,mediators3,sparse,200,5,Production,0.5461346417037845
50,15,intricate,mediators4,sparse,200,1,Consumption,0.10971595548265616
50,15,intricate,mediators4,sparse,200,1,Production,0.36794183954507936
50,15,intricate,mediators4,sparse,200,2,Consumption,0.11125383977280356
50,15,intricate,mediators4,sparse,200,2,Production,0.36629167512929295
50,15,intricate,mediators4,sparse,200,3,Consumption,0.1104102423592455
50,15,intricate,mediators4,sparse,200,3,Production,0.36697554946731153
50,15,intricate,mediators4,sparse,200,4,Consumption,0.1123381765943181
50,15,intricate,mediators4,sparse,200,4,Production,0.36609986246059645
50,15,intricate,mediators4,sparse,200,5,Consumption,0.11316568046300549
50,15,intricate,mediators4,sparse,200,5,Production,0.36601777744548136
50,15,intricate,mediators5,sparse,200,1,Consumption,0.3712436453389122
50,15,intricate,mediators5,sparse,200,1,Production,0.4662306456465516
50,15,intricate,mediators5,sparse,200,2,Consumption,0.36603032142131403
50,15,intricate,mediators5,sparse,200,2,Production,0.46156038458010334
50,15,intricate,mediators5,sparse,200,3,Consumption,0.3588680433033441
50,15,intricate,mediators5,sparse,200,3,Production,0.46029665662565994
50,15,intricate,mediators5,sparse,200,4,Consumption,0.3667926378580286
50,15,intricate,mediators5,sparse,200,4,Production,0.45246878065215873
50,15,intricate,mediators5,sparse,200,5,Consumption,0.37858629996863835
50,15,intricate,mediators5,sparse,200,5,Production,0.4579283416042847
50,15,intricate,mediators1,sparse,300,1,Consumption,0.08506501204044811
50,15,intricate,mediators1,sparse,300,1,Production,0.46036052406310346
50,15,intricate,mediators1,sparse,300,2,Consumption,0.0893144386202576
50,15,intricate,mediators1,sparse,300,2,Production,0.4282039147693325
50,15,intricate,mediators1,sparse,300,3,Consumption,0.08771567898730746
50,15,intricate,mediators1,sparse,300,3,Production,0.4814777102616153
50,15,intricate,mediators1,sparse,300,4,Consumption,0.08869603178410929
50,15,intricate,mediators1,sparse,300,4,Production,0.4917037602562181
50,15,intricate,mediators1,sparse,300,5,Consumption,0.08958497131258036
50,15,intricate,mediators1,sparse,300,5,Production,0.4885330432573599
50,15,intricate,mediators2,sparse,300,1,Consumption,0.48635817007339077
50,15,intricate,mediators2,sparse,300,1,Production,0.40781235523807197
50,15,intricate,mediators2,sparse,300,2,Consumption,0.46831221872801904
50,15,intricate,mediators2,sparse,300,2,Production,0.4153738533976947
50,15,intricate,mediators2,sparse,300,3,Consumption,0.46441463796367527
50,15,intricate,mediators2,sparse,300,3,Production,0.369502932430793
50,15,intricate,mediators2,sparse,300,4,Consumption,0.46003387725699535
50,15,intricate,mediators2,sparse,300,4,Production,0.36787567400031335
50,15,intricate,mediators2,sparse,300,5,Consumption,0.47453031351418273
50,15,intricate,mediators2,sparse,300,5,Production,0.4061843172381055
50,15,intricate,mediators3,sparse,300,1,Consumption,0.24469501860540654
50,15,intricate,mediators3,sparse,300,1,Production,0.553311590860687
50,15,intricate,mediators3,sparse,300,2,Consumption,0.24544279104984396
50,15,intricate,mediators3,sparse,300,2,Production,0.5504178084943416
50,15,intricate,mediators3,sparse,300,3,Consumption,0.24771291288133454
50,15,intricate,mediators3,sparse,300,3,Production,0.5526189649615805
50,15,intricate,mediators3,sparse,300,4,Consumption,0.24512541858261308
50,15,intricate,mediators3,sparse,300,4,Production,0.543527641977953
50,15,intricate,mediators3,sparse,300,5,Consumption,0.24638229763322644
50,15,intricate,mediators3,sparse,300,5,Production,0.5584561578539035
50,15,intricate,mediators4,sparse,300,1,Consumption,0.111313849053192
50,15,intricate,mediators4,sparse,300,1,Production,0.37326971505362333
50,15,intricate,mediators4,sparse,300,2,Consumption,0.11354122389078461
50,15,intricate,mediators4,sparse,300,2,Production,0.3707900655190072
50,15,intricate,mediators4,sparse,300,3,Consumption,0.11168529417142946
50,15,intricate,mediators4,sparse,300,3,Production,0.37471731157927424
50,15,intricate,mediators4,sparse,300,4,Consumption,0.11110867422092839
50,15,intricate,mediators4,sparse,300,4,Production,0.3687051334474638
50,15,intricate,mediators4,sparse,300,5,Consumption,0.11304197799820488
50,15,intricate,mediators4,sparse,300,5,Production,0.37448313713376746
50,15,intricate,mediators5,sparse,300,1,Consumption,0.3555900528110407
50,15,intricate,mediators5,sparse,300,1,Production,0.4540868828401055
50,15,intricate,mediators5,sparse,300,2,Consumption,0.36400894605154727
50,15,intricate,mediators5,sparse,300,2,Production,0.45339417499398266
50,15,intricate,mediators5,sparse,300,3,Consumption,0.3603912356242637
50,15,intricate,mediators5,sparse,300,3,Production,0.4595210703667999
50,15,intricate,mediators5,sparse,300,4,Consumption,0.34981588384404516
50,15,intricate,mediators5,sparse,300,4,Production,0.4550501235107546
50,15,intricate,mediators5,sparse,300,5,Consumption,0.3588763692302351
50,15,intricate,mediators5,sparse,300,5,Production,0.4553892932698194
50,15,simple,mediators1,baseline,100,1,Consumption,0.17012371152263991
50,15,simple,mediators1,baseline,100,1,Production,0.33352046229280896
50,15,simple,mediators1,baseline,100,2,Consumption,0.17007908930260135
50,15,simple,mediators1,baseline,100,2,Production,0.35636942679782924
50,15,simple,mediators1,baseline,100,3,Consumption,0.16967887796365036
50,15,simple,mediators1,baseline,100,3,Production,0.3558398553722109
50,15,simple,mediators1,baseline,100,4,Consumption,0.17014564442929367
50,15,simple,mediators1,baseline,100,4,Production,0.35078031429408657
50,15,simple,mediators1,baseline,100,5,Consumption,0.16993196042010897
50,15,simple,mediators1,baseline,100,5,Production,0.34131078323820924
50,15,simple,mediators2,baseline,100,1,Consumption,0.8021698839254958
50,15,simple,mediators2,baseline,100,1,Production,0.543620442115883
50,15,simple,mediators2,baseline,100,2,Consumption,0.8026490195616927
50,15,simple,mediators2,baseline,100,2,Production,0.5430658901480131
50,15,simple,mediators2,baseline,100,3,Consumption,0.8018896374363997
50,15,simple,mediators2,baseline,100,3,Production,0.5440362806247928
50,15,simple,mediators2,baseline,100,4,Consumption,0.8020227068541139
50,15,simple,mediators2,baseline,100,4,Production,0.5426464739347849
50,15,simple,mediators2,baseline,100,5,Consumption,0.8014129435109854
50,15,simple,mediators2,baseline,100,5,Production,0.5428562530664562
50,15,simple,mediators3,baseline,100,1,Consumption,0.28680237621142607
50,15,simple,mediators3,baseline,100,1,Production,0.5547712473851028
50,15,simple,mediators3,baseline,100,2,Consumption,0.28709684566101706
50,15,simple,mediators3,baseline,100,2,Production,0.5571800632726012
50,15,simple,mediators3,baseline,100,3,Consumption,0.2864062236724549
50,15,simple,mediators3,baseline,100,3,Production,0.5546248993616688
50,15,simple,mediators3,baseline,100,4,Consumption,0.28638426317799176
50,15,simple,mediators3,baseline,100,4,Production,0.5560881107359195
50,15,simple,mediators3,baseline,100,5,Consumption,0.2863448994710256
50,15,simple,mediators3,baseline,100,5,Production,0.5556793334132115
50,15,simple,mediators4,baseline,100,1,Consumption,0.20033297968012226
50,15,simple,mediators4,baseline,100,1,Production,0.48808454287550496
50,15,simple,mediators4,baseline,100,2,Consumption,0.20147877634055308
50,15,simple,mediators4,baseline,100,2,Production,0.4876610606137354
50,15,simple,mediators4,baseline,100,3,Consumption,0.20118658391119598
50,15,simple,mediators4,baseline,100,3,Production,0.48782123328089716
50,15,simple,mediators4,baseline,100,4,Consumption,0.20008673261183604
50,15,simple,mediators4,baseline,100,4,Production,0.4873934060370435
50,15,simple,mediators4,baseline,100,5,Consumption,0.20142156399765815
50,15,simple,mediators4,baseline,100,5,Production,0.48751472563111087
50,15,simple,mediators5,baseline,100,1,Consumption,0.4796495785649477
50,15,simple,mediators5,baseline,100,1,Production,0.5927500398530555
50,15,simple,mediators5,baseline,100,2,Consumption,0.4791147785605116
50,15,simple,mediators5,baseline,100,2,Production,0.5923896073605117
50,15,simple,mediators5,baseline,100,3,Consumption,0.4789456585194472
50,15,simple,mediators5,baseline,100,3,Production,0.5922960918956043
50,15,simple,mediators5,baseline,100,4,Consumption,0.48058389901672277
50,15,simple,mediators5,baseline,100,4,Production,0.5925319829534418
50,15,simple,mediators5,baseline,100,5,Consumption,0.4804834937755747
50,15,simple,mediators5,baseline,100,5,Production,0.5922729516336981
50,15,simple,mediators1,baseline,200,1,Consumption,0.18826055154033527
50,15,simple,mediators1,baseline,200,1,Production,0.3186346256575848
50,15,simple,mediators1,baseline,200,2,Consumption,0.1822762135166065
50,15,simple,mediators1,baseline,200,2,Production,0.32359293663207933
50,15,simple,mediators1,baseline,200,3,Consumption,0.18667386823406923
50,15,simple,mediators1,baseline,200,3,Production,0.3218053963728757
50,15,simple,mediators1,baseline,200,4,Consumption,0.186411843173897
50,15,simple,mediators1,baseline,200,4,Production,0.35896108769449053
50,15,simple,mediators1,baseline,200,5,Consumption,0.18358706317613296
50,15,simple,mediators1,baseline,200,5,Production,0.33946020939071153
50,15,simple,mediators2,baseline,200,1,Consumption,0.7999094205830319
50,15,simple,mediators2,baseline,200,1,Production,0.51717782316438
50,15,simple,mediators2,baseline,200,2,Consumption,0.7988622773392856
50,15,simple,mediators2,baseline,200,2,Production,0.5254547095425735
50,15,simple,mediators2,baseline,200,3,Consumption,0.7995743681685682
50,15,simple,mediators2,baseline,200,3,Production,0.5322916792063433
50,15,simple,mediators2,baseline,200,4,Consumption,0.7991503670369884
50,15,simple,mediators2,baseline,200,4,Production,0.5239856030112138
50,15,simple,mediators2,baseline,200,5,Consumption,0.7622170285647885
50,15,simple,mediators2,baseline,200,5,Production,0.5416956239582924
50,15,simple,mediators3,baseline,200,1,Consumption,0.27589421355078025
50,15,simple,mediators3,baseline,200,1,Production,0.5033605528520734
50,15,simple,mediators3,baseline,200,2,Consumption,0.2500709096640195
50,15,simple,mediators3,baseline,200,2,Production,0.5016130696946653
50,15,simple,mediators3,baseline,200,3,Consumption,0.24245516400839368
50,15,simple,mediators3,baseline,200,3,Production,0.5143307392212035
50,15,simple,mediators3,baseline,200,4,Consumption,0.27901306782088237
50,15,simple,mediators3,baseline,200,4,Production,0.4937573834642074
50,15,simple,mediators3,baseline,200,5,Consumption,0.2539666265449761
50,15,simple,mediators3,baseline,200,5,Production,0.5063112044424127
50,15,simple,mediators4,baseline,200,1,Consumption,0.20009614986611704
50,15,simple,mediators4,baseline,200,1,Production,0.47810859763455166
50,15,simple,mediators4,baseline,200,2,Consumption,0.1975539183188167
50,15,simple,mediators4,baseline,200,2,Production,0.47242369565465847
50,15,simple,mediators4,baseline,200,3,Consumption,0.19992007410924897
50,15,simple,mediators4,baseline,200,3,Production,0.4849847003627654
50,15,simple,mediators4,baseline,200,4,Consumption,0.19397578235134763
50,15,simple,mediators4,baseline,200,4,Production,0.48146521549759247
50,15,simple,mediators4,baseline,200,5,Consumption,0.19613616378673038
50,15,simple,mediators4,baseline,200,5,Production,0.48198061619870625
50,15,simple,mediators5,baseline,200,1,Consumption,0.41047527200467954
50,15,simple,mediators5,baseline,200,1,Production,0.5709027131906738
50,15,simple,mediators5,baseline,200,2,Consumption,0.43607041832519805
50,15,simple,mediators5,baseline,200,2,Production,0.5828412473403737
50,15,simple,mediators5,baseline,200,3,Consumption,0.43791887000592505
50,15,simple,mediators5,baseline,200,3,Production,0.5704358894872622
50,15,simple,mediators5,baseline,200,4,Consumption,0.4324366265308066
50,15,simple,mediators5,baseline,200,4,Production,0.569600886627413
50,15,simple,mediators5,baseline,200,5,Consumption,0.431272343737042
50,15,simple,mediators5,baseline,200,5,Production,0.5733884638376614
50,15,simple,mediators1,baseline,300,1,Consumption,0.18224316077095157
50,15,simple,mediators1,baseline,300,1,Production,0.3248628204656422
50,15,simple,mediators1,baseline,300,2,Consumption,0.1831865806416124
50,15,simple,mediators1,baseline,300,2,Production,0.34537205087204065
50,15,simple,mediators1,baseline,300,3,Consumption,0.18426836906067628
50,15,simple,mediators1,baseline,300,3,Production,0.3350030636009218
50,15,simple,mediators1,baseline,300,4,Consumption,0.1818706857312261
50,15,simple,mediators1,baseline,300,4,Production,0.3313293618311886
50,15,simple,mediators1,baseline,300,5,Consumption,0.18660377859335084
50,15,simple,mediators1,baseline,300,5,Production,0.32642089542640107
50,15,simple,mediators2,baseline,300,1,Consumption,0.7964501313931522
50,15,simple,mediators2,baseline,300,1,Production,0.5208754205254196
50,15,simple,mediators2,baseline,300,2,Consumption,0.7975227078085668
50,15,simple,mediators2,baseline,300,2,Production,0.536618211935513
50,15,simple,mediators2,baseline,300,3,Consumption,0.799106698806124
50,15,simple,mediators2,baseline,300,3,Production,0.5401494045564406
50,15,simple,mediators2,baseline,300,4,Consumption,0.773681732213281
50,15,simple,mediators2,baseline,300,4,Production,0.5173840867860603
50,15,simple,mediators2,baseline,300,5,Consumption,0.7957624439725014
50,15,simple,mediators2,baseline,300,5,Production,0.5175958283757386
50,15,simple,mediators3,baseline,300,1,Consumption,0.2844333177799318
50,15,simple,mediators3,baseline,300,1,Production,0.4933234416416474
50,15,simple,mediators3,baseline,300,2,Consumption,0.25643366596654393
50,15,simple,mediators3,baseline,300,2,Production,0.48802996006193955
50,15,simple,mediators3,baseline,300,3,Consumption,0.25627951018599326
50,15,simple,mediators3,baseline,300,3,Production,0.4954118810375263
50,15,simple,mediators3,baseline,300,4,Consumption,0.2705136548491219
50,15,simple,mediators3,baseline,300,4,Production,0.5084204893367785
50,15,simple,mediators3,baseline,300,5,Consumption,0.268471611664546
50,15,simple,mediators3,baseline,300,5,Production,0.5008491645232113
50,15,simple,mediators4,baseline,300,1,Consumption,0.1988391251284683
50,15,simple,mediators4,baseline,300,1,Production,0.48931649407416666
50,15,simple,mediators4,baseline,300,2,Consumption,0.19869690844997767
50,15,simple,mediators4,baseline,300,2,Production,0.4885746847839417
50,15,simple,mediators4,baseline,300,3,Consumption,0.2067230511607808
50,15,simple,mediators4,baseline,300,3,Production,0.47814249064223047
50,15,simple,mediators4,baseline,300,4,Consumption,0.19769049011739256
50,15,simple,mediators4,baseline,300,4,Production,0.4878261556673756
50,15,simple,mediators4,baseline,300,5,Consumption,0.193211826857666
50,15,simple,mediators4,baseline,300,5,Production,0.4813981877221159
50,15,simple,mediators5,baseline,300,1,Consumption,0.4256868251699527
50,15,simple,mediators5,baseline,300,1,Production,0.5724753113043911
50,15,simple,mediators5,baseline,300,2,Consumption,0.42155703618426743
50,15,simple,mediators5,baseline,300,2,Production,0.5832924984955564
50,15,simple,mediators5,baseline,300,3,Consumption,0.4195529123453731
50,15,simple,mediators5,baseline,300,3,Production,0.5730150989313366
50,15,simple,mediators5,baseline,300,4,Consumption,0.42866850272044094
50,15,simple,mediators5,baseline,300,4,Production,0.5877258872746587
50,15,simple,mediators5,baseline,300,5,Consumption,0.43285973050419563
50,15,simple,mediators5,baseline,300,5,Production,0.5847215438936666
50,15,simple,mediators1,noisy,100,1,Consumption,0.19146978955308833
50,15,simple,mediators1,noisy,100,1,Production,0.31688167923863686
50,15,simple,mediators1,noisy,100,2,Consumption,0.19135617255242685
50,15,simple,mediators1,noisy,100,2,Production,0.3219074840960621
50,15,simple,mediators1,noisy,100,3,Consumption,0.1910576330460025
50,15,simple,mediators1,noisy,100,3,Production,0.3291115651889374
50,15,simple,mediators1,noisy,100,4,Consumption,0.19112441900984597
50,15,simple,mediators1,noisy,100,4,Production,0.34811956748620976
50,15,simple,mediators1,noisy,100,5,Consumption,0.19093529895529193
50,15,simple,mediators1,noisy,100,5,Production,0.32403306319872716
50,15,simple,mediators2,noisy,100,1,Consumption,0.47230818423373805
50,15,simple,mediators2,noisy,100,1,Production,0.5401320372280994
50,15,simple,mediators2,noisy,100,2,Consumption,0.4703132478541039
50,15,simple,mediators2,noisy,100,2,Production,0.5420309069809198
50,15,simple,mediators2,noisy,100,3,Consumption,0.48874672413473114
50,15,simple,mediators2,noisy,100,3,Production,0.542156693750792
50,15,simple,mediators2,noisy,100,4,Consumption,0.48254481638812524
50,15,simple,mediators2,noisy,100,4,Production,0.5409327419178331
50,15,simple,mediators2,noisy,100,5,Consumption,0.484644113402395
50,15,simple,mediators2,noisy,100,5,Production,0.5403305892969975
50,15,simple,mediators3,noisy,100,1,Consumption,0.310432412593108
50,15,simple,mediators3,noisy,100,1,Production,0.5027714772258537
50,15,simple,mediators3,noisy,100,2,Consumption,0.3100601904077692
50,15,simple,mediators3,noisy,100,2,Production,0.4975909651064201
50,15,simple,mediators3,noisy,100,3,Consumption,0.3094984129359223
50,15,simple,mediators3,noisy,100,3,Production,0.5015071914071486
50,15,simple,mediators3,noisy,100,4,Consumption,0.3097511203928624
50,15,simple,mediators3,noisy,100,4,Production,0.5020963245750962
50,15,simple,mediators3,noisy,100,5,Consumption,0.30983764073877723
50,15,simple,mediators3,noisy,100,5,Production,0.5002376080288201
50,15,simple,mediators4,noisy,100,1,Consumption,0.20075577462231414
50,15,simple,mediators4,noisy,100,1,Production,0.47538126297005456
50,15,simple,mediators4,noisy,100,2,Consumption,0.20033260557067833
50,15,simple,mediators4,noisy,100,2,Production,0.47587351813143736
50,15,simple,mediators4,noisy,100,3,Consumption,0.20061619073689965
50,15,simple,mediators4,noisy,100,3,Production,0.47601716487380746
50,15,simple,mediators4,noisy,100,4,Consumption,0.20032557630581638
50,15,simple,mediators4,noisy,100,4,Production,0.4764700966914022
50,15,simple,mediators4,noisy,100,5,Consumption,0.2009655683778416
50,15,simple,mediators4,noisy,100,5,Production,0.47445127391137326
50,15,simple,mediators1,noisy,200,1,Consumption,0.18740266338380462
50,15,simple,mediators1,noisy,200,1,Production,0.34564200669909606
50,15,simple,mediators1,noisy,200,2,Consumption,0.18190821261480924
50,15,simple,mediators1,noisy,200,2,Production,0.3557429698343068
50,15,simple,mediators1,noisy,200,3,Consumption,0.18228114504158277
50,15,simple,mediators1,noisy,200,3,Production,0.32866322720044694
50,15,simple,mediators1,noisy,200,4,Consumption,0.18641067594984226
50,15,simple,mediators1,noisy,200,4,Production,0.3314717737745707
50,15,simple,mediators1,noisy,200,5,Consumption,0.1826617762951515
50,15,simple,mediators1,noisy,200,5,Production,0.3438720291696523
50,15,simple,mediators2,noisy,200,1,Consumption,0.5039823132303803
50,15,simple,mediators2,noisy,200,1,Production,0.4846207703219827
50,15,simple,mediators2,noisy,200,2,Consumption,0.5200170833555885
50,15,simple,mediators2,noisy,200,2,Production,0.5124140647125359
50,15,simple,mediators2,noisy,200,3,Consumption,0.4929407198423534
50,15,simple,mediators2,noisy,200,3,Production,0.48428897346680605
50,15,simple,mediators2,noisy,200,4,Consumption,0.5080642316967294
50,15,simple,mediators2,noisy,200,4,Production,0.5356950600525542
50,15,simple,mediators2,noisy,200,5,Consumption,0.5040197900341471
50,15,simple,mediators2,noisy,200,5,Production,0.5235307141674087
50,15,simple,mediators3,noisy,200,1,Consumption,0.2992647379381456
50,15,simple,mediators3,noisy,200,1,Production,0.5265509705903364
50,15,simple,mediators3,noisy,200,2,Consumption,0.30271353768082687
50,15,simple,mediators3,noisy,200,2,Production,0.5326217115671803
50,15,simple,mediators3,noisy,200,3,Consumption,0.301129652893435
50,15,simple,mediators3,noisy,200,3,Production,0.5330606865038315
50,15,simple,mediators3,noisy,200,4,Consumption,0.30350067155029015
50,15,simple,mediators3,noisy,200,4,Production,0.5279370405578
50,15,simple,mediators3,noisy,200,5,Consumption,0.30207858498232437
50,15,simple,mediators3,noisy,200,5,Production,0.525167075767531
50,15,simple,mediators4,noisy,200,1,Consumption,0.20234812097058977
50,15,simple,mediators4,noisy,200,1,Production,0.4541230559577547
50,15,simple,mediators4,noisy,200,2,Consumption,0.206653976136873
50,15,simple,mediators4,noisy,200,2,Production,0.4438323876299174
50,15,simple,mediators4,noisy,200,3,Consumption,0.20129134242003224
50,15,simple,mediators4,noisy,200,3,Production,0.4671461624914938
50,15,simple,mediators4,noisy,200,4,Consumption,0.20576213361901252
50,15,simple,mediators4,noisy,200,4,Production,0.45904108631214063
50,15,simple,mediators4,noisy,200,5,Consumption,0.20277767434559466
50,15,simple,mediators4,noisy,200,5,Production,0.4555410927721912
50,15,simple,mediators5,noisy,200,1,Consumption,0.4277576406248056
50,15,simple,mediators5,noisy,200,1,Production,0.5624966736669123
50,15,simple,mediators5,noisy,200,2,Consumption,0.4340477197691766
50,15,simple,mediators5,noisy,200,2,Production,0.5649748292811375
50,15,simple,mediators5,noisy,200,3,Consumption,0.43749317751856714
50,15,simple,mediators5,noisy,200,3,Production,0.5697650167719523
50,15,simple,mediators5,noisy,200,4,Consumption,0.4394698362753525
50,15,simple,mediators5,noisy,200,4,Production,0.5471303120115231
50,15,simple,mediators5,noisy,200,5,Consumption,0.4192901887223098
50,15,simple,mediators5,noisy,200,5,Production,0.5538799571605882
50,15,simple,mediators1,noisy,300,1,Consumption,0.18878009132758058
50,15,simple,mediators1,noisy,300,1,Production,0.3411374589798713
50,15,simple,mediators1,noisy,300,2,Consumption,0.18359554646113968
50,15,simple,mediators1,noisy,300,2,Production,0.3401993287615961
50,15,simple,mediators1,noisy,300,3,Consumption,0.19081023102850728
50,15,simple,mediators1,noisy,300,3,Production,0.33452392032078004
50,15,simple,mediators1,noisy,300,4,Consumption,0.1915634280532508
50,15,simple,mediators1,noisy,300,4,Production,0.339281024905792
50,15,simple,mediators1,noisy,300,5,Consumption,0.1916314593069099
50,15,simple,mediators1,noisy,300,5,Production,0.3336571976108815
50,15,simple,mediators2,noisy,300,1,Consumption,0.5006731980624075
50,15,simple,mediators2,noisy,300,1,Production,0.5240102811876166
50,15,simple,mediators2,noisy,300,2,Consumption,0.48011615463960744
50,15,simple,mediators2,noisy,300,2,Production,0.4915981312982997
50,15,simple,mediators2,noisy,300,3,Consumption,0.5305216890418477
50,15,simple,mediators2,noisy,300,3,Production,0.4968334605270636
50,15,simple,mediators2,noisy,300,4,Consumption,0.5146953953596555
50,15,simple,mediators2,noisy,300,4,Production,0.5070839284759279
50,15,simple,mediators2,noisy,300,5,Consumption,0.5051205687089195
50,15,simple,mediators2,noisy,300,5,Production,0.5392476632011106
50,15,simple,mediators3,noisy,300,1,Consumption,0.30897640344683586
50,15,simple,mediators3,noisy,300,1,Production,0.5281995683038325
50,15,simple,mediators3,noisy,300,2,Consumption,0.3037420333077964
50,15,simple,mediators3,noisy,300,2,Production,0.5182144198989126
50,15,simple,mediators3,noisy,300,3,Consumption,0.30556549482669604
50,15,simple,mediators3,noisy,300,3,Production,0.5370764876917822
50,15,simple,mediators3,noisy,300,4,Consumption,0.3051205821982216
50,15,simple,mediators3,noisy,300,4,Production,0.5279107555307505
50,15,simple,mediators3,noisy,300,5,Consumption,0.31049355125770656
50,15,simple,mediators3,noisy,300,5,Production,0.5190866426642149
50,15,simple,mediators4,noisy,300,1,Consumption,0.20058819077224418
50,15,simple,mediators4,noisy,300,1,Production,0.4750934099033624
50,15,simple,mediators4,noisy,300,2,Consumption,0.1984064799090249
50,15,simple,mediators4,noisy,300,2,Production,0.4672280866835341
50,15,simple,mediators4,noisy,300,3,Consumption,0.2131355227134051
50,15,simple,mediators4,noisy,300,3,Production,0.4680054937394615
50,15,simple,mediators4,noisy,300,4,Consumption,0.20249087923049122
50,15,simple,mediators4,noisy,300,4,Production,0.45842994930823505
50,15,simple,mediators4,noisy,300,5,Consumption,0.21688724499257064
50,15,simple,mediators4,noisy,300,5,Production,0.47182736998951214
50,15,simple,mediators5,noisy,300,1,Consumption,0.4211064024209704
50,15,simple,mediators5,noisy,300,1,Production,0.5865946916425007
50,15,simple,mediators5,noisy,300,2,Consumption,0.44723858774342323
50,15,simple,mediators5,noisy,300,2,Production,0.576833870668096
50,15,simple,mediators5,noisy,300,3,Consumption,0.4232390574512545
50,15,simple,mediators5,noisy,300,3,Production,0.5851391868976819
50,15,simple,mediators5,noisy,300,4,Consumption,0.44065043711167784
50,15,simple,mediators5,noisy,300,4,Production,0.574476771510604
50,15,simple,mediators5,noisy,300,5,Consumption,0.4214354758186335
50,15,simple,mediators5,noisy,300,5,Production,0.5863189701883527
50,15,simple,mediators1,sparse,100,1,Consumption,0.18816889196599176
50,15,simple,mediators1,sparse,100,1,Production,0.3466841474858558
50,15,simple,mediators1,sparse,100,2,Consumption,0.1892146597006999
50,15,simple,mediators1,sparse,100,2,Production,0.3507349309976388
50,15,simple,mediators1,sparse,100,3,Consumption,0.1910984951266002
50,15,simple,mediators1,sparse,100,3,Production,0.3313625721715902
50,15,simple,mediators1,sparse,100,4,Consumption,0.1894058931237934
50,15,simple,mediators1,sparse,100,4,Production,0.34299299151906354
50,15,simple,mediators1,sparse,100,5,Consumption,0.19176722814811337
50,15,simple,mediators1,sparse,100,5,Production,0.33312521425719566
50,15,simple,mediators2,sparse,100,1,Consumption,0.7738878441252217
50,15,simple,mediators2,sparse,100,1,Production,0.5908908179540675
50,15,simple,mediators2,sparse,100,2,Consumption,0.7713674918516105
50,15,simple,mediators2,sparse,100,2,Production,0.5918984830342698
50,15,simple,mediators2,sparse,100,3,Consumption,0.773657226948864
50,15,simple,mediators2,sparse,100,3,Production,0.5914621305068825
50,15,simple,mediators2,sparse,100,4,Consumption,0.7731676530127187
50,15,simple,mediators2,sparse,100,4,Production,0.591828022279644
50,15,simple,mediators2,sparse,100,5,Consumption,0.7770301495127736
50,15,simple,mediators2,sparse,100,5,Production,0.5913815745603292
50,15,simple,mediators3,sparse,100,1,Consumption,0.4067014066965402
50,15,simple,mediators3,sparse,100,1,Production,0.5523573201187615
50,15,simple,mediators3,sparse,100,2,Consumption,0.4084169612405182
50,15,simple,mediators3,sparse,100,2,Production,0.5534600750152595
50,15,simple,mediators3,sparse,100,3,Consumption,0.40762169121121505
50,15,simple,mediators3,sparse,100,3,Production,0.5496085116550788
50,15,simple,mediators3,sparse,100,4,Consumption,0.40739163616960056
50,15,simple,mediators3,sparse,100,4,Production,0.5529953310683414
50,15,simple,mediators3,sparse,100,5,Consumption,0.4062429464724981
50,15,simple,mediators3,sparse,100,5,Production,0.552730232295649
50,15,simple,mediators4,sparse,100,1,Consumption,0.1925845373035479
50,15,simple,mediators4,sparse,100,1,Production,0.5232516829867171
50,15,simple,mediators4,sparse,100,2,Consumption,0.1909966219768007
50,15,simple,mediators4,sparse,100,2,Production,0.5220418161325412
50,15,simple,mediators4,sparse,100,3,Consumption,0.19386113720128703
50,15,simple,mediators4,sparse,100,3,Production,0.5217986826262712
50,15,simple,mediators4,sparse,100,4,Consumption,0.19245246259091056
50,15,simple,mediators4,sparse,100,4,Production,0.5224961231290731
50,15,simple,mediators4,sparse,100,5,Consumption,0.19241864540114925
50,15,simple,mediators4,sparse,100,5,Production,0.522004121105549
50,15,simple,mediators5,sparse,100,1,Consumption,0.4851756538340002
50,15,simple,mediators5,sparse,100,1,Production,0.6173165397964147
50,15,simple,mediators5,sparse,100,2,Consumption,0.47781082442456385
50,15,simple,mediators5,sparse,100,2,Production,0.6137783757722337
50,15,simple,mediators5,sparse,100,3,Consumption,0.4780188741924727
50,15,simple,mediators5,sparse,100,3,Production,0.6132422276295725
50,15,simple,mediators5,sparse,100,4,Consumption,0.47786391677171536
50,15,simple,mediators5,sparse,100,4,Production,0.6132124727360609
50,15,simple,mediators5,sparse,100,5,Consumption,0.4777853476867041
50,15,simple,mediators5,sparse,100,5,Production,0.6140795450288148
50,15,simple,mediators1,sparse,200,1,Consumption,0.1655098669896395
50,15,simple,mediators1,sparse,200,1,Production,0.3383121409794164
50,15,simple,mediators1,sparse,200,2,Consumption,0.17776267441249627
50,15,simple,mediators1,sparse,200,2,Production,0.3307448663375864
50,15,simple,mediators1,sparse,200,3,Consumption,0.17273913296496854
50,15,simple,mediators1,sparse,200,3,Production,0.36937369359009664
50,15,simple,mediators1,sparse,200,4,Consumption,0.17262517297878271
50,15,simple,mediators1,sparse,200,4,Production,0.3460080746760318
50,15,simple,mediators1,sparse,200,5,Consumption,0.17211301095425985
50,15,simple,mediators1,sparse,200,5,Production,0.35022006492002167
50,15,simple,mediators2,sparse,200,1,Consumption,0.7996536472921275
50,15,simple,mediators2,sparse,200,1,Production,0.5368610075666421
50,15,simple,mediators2,sparse,200,2,Consumption,0.8053246062516555
50,15,simple,mediators2,sparse,200,2,Production,0.5311982206600654
50,15,simple,mediators2,sparse,200,3,Consumption,0.802848619942975
50,15,simple,mediators2,sparse,200,3,Production,0.5200148618133417
50,15,simple,mediators2,sparse,200,4,Consumption,0.80525758915815
50,15,simple,mediators2,sparse,200,4,Production,0.5312465107644185
50,15,simple,mediators2,sparse,200,5,Consumption,0.786152127450697
50,15,simple,mediators2,sparse,200,5,Production,0.5252179271564272
50,15,simple,mediators3,sparse,200,1,Consumption,0.2916880149150002
50,15,simple,mediators3,sparse,200,1,Production,0.5357461189749098
50,15,simple,mediators3,sparse,200,2,Consumption,0.28773360610895393
50,15,simple,mediators3,sparse,200,2,Production,0.5318580951909958
50,15,simple,mediators3,sparse,200,3,Consumption,0.29381288337451045
50,15,simple,mediators3,sparse,200,3,Production,0.5589614275422955
50,15,simple,mediators3,sparse,200,4,Consumption,0.2880344474251704
50,15,simple,mediators3,sparse,200,4,Production,0.5537798069530836
50,15,simple,mediators3,sparse,200,5,Consumption,0.30082001228771044
50,15,simple,mediators3,sparse,200,5,Production,0.5546831731720859
50,15,simple,mediators4,sparse,200,1,Consumption,0.18920763238161528
50,15,simple,mediators4,sparse,200,1,Production,0.48173893591133143
50,15,simple,mediators4,sparse,200,2,Consumption,0.1858974736967684
50,15,simple,mediators4,sparse,200,2,Production,0.4875077689698092
50,15,simple,mediators4,sparse,200,3,Consumption,0.18758126638082576
50,15,simple,mediators4,sparse,200,3,Production,0.4961974729534001
50,15,simple,mediators4,sparse,200,4,Consumption,0.19002247404869224
50,15,simple,mediators4,sparse,200,4,Production,0.4800268071559254
50,15,simple,mediators4,sparse,200,5,Consumption,0.1940199861079174
50,15,simple,mediators4,sparse,200,5,Production,0.4952524624257095
50,15,simple,mediators5,sparse,200,1,Consumption,0.42029799602779583
50,15,simple,mediators5,sparse,200,1,Production,0.5785485348779398
50,15,simple,mediators5,sparse,200,2,Consumption,0.44248579666813975
50,15,simple,mediators5,sparse,200,2,Production,0.5822767727169396
50,15,simple,mediators5,sparse,200,3,Consumption,0.4419840478553673
50,15,simple,mediators5,sparse,200,3,Production,0.5844442602579031
50,15,simple,mediators5,sparse,200,4,Consumption,0.4342236886147759
50,15,simple,mediators5,sparse,200,4,Production,0.5756676100633646
50,15,simple,mediators5,sparse,200,5,Consumption,0.44347801946427595
50,15,simple,mediators5,sparse,200,5,Production,0.5778677734522353
50,15,simple,mediators1,sparse,300,1,Consumption,0.1708647903260501
50,15,simple,mediators1,sparse,300,1,Production,0.3574141344585023
50,15,simple,mediators1,sparse,300,2,Consumption,0.17118804404155488
50,15,simple,mediators1,sparse,300,2,Production,0.3538112942392505
50,15,simple,mediators1,sparse,300,3,Consumption,0.17344616315435282
50,15,simple,mediators1,sparse,300,3,Production,0.3478776268134181
50,15,simple,mediators1,sparse,300,4,Consumption,0.17198409058803804
50,15,simple,mediators1,sparse,300,4,Production,0.33724247716761546
50,15,simple,mediators1,sparse,300,5,Consumption,0.17317939904131507
50,15,simple,mediators1,sparse,300,5,Production,0.3581775287460537
50,15,simple,mediators2,sparse,300,1,Consumption,0.7926347473999127
50,15,simple,mediators2,sparse,300,1,Production,0.49618371414930984
50,15,simple,mediators2,sparse,300,2,Consumption,0.8023831459445306
50,15,simple,mediators2,sparse,300,2,Production,0.5181276072192239
50,15,simple,mediators2,sparse,300,3,Consumption,0.8088850898441878
50,15,simple,mediators2,sparse,300,3,Production,0.5460077127548838
50,15,simple,mediators2,sparse,300,4,Consumption,0.7959091432606569
50,15,simple,mediators2,sparse,300,4,Production,0.5046053623282047
50,15,simple,mediators2,sparse,300,5,Consumption,0.7986684900391062
50,15,simple,mediators2,sparse,300,5,Production,0.5249985063218379
50,15,simple,mediators3,sparse,300,1,Consumption,0.25607831302319256
50,15,simple,mediators3,sparse,300,1,Production,0.5857540140760937
50,15,simple,mediators3,sparse,300,2,Consumption,0.27731843485364727
50,15,simple,mediators3,sparse,300,2,Production,0.6111876941207245
50,15,simple,mediators3,sparse,300,3,Consumption,0.26287527860009535
50,15,simple,mediators3,sparse,300,3,Production,0.659239751249987
50,15,simple,mediators3,sparse,300,4,Consumption,0.2856463872847802
50,15,simple,mediators3,sparse,300,4,Production,0.60454013830983
50,15,simple,mediators3,sparse,300,5,Consumption,0.28805378343212373
50,15,simple,mediators3,sparse,300,5,Production,0.5777825498246858
50,15,simple,mediators4,sparse,300,1,Consumption,0.18841187727347106
50,15,simple,mediators4,sparse,300,1,Production,0.4668254781135398
50,15,simple,mediators4,sparse,300,2,Consumption,0.18789844249809368
50,15,simple,mediators4,sparse,300,2,Production,0.46963040288147295
50,15,simple,mediators4,sparse,300,3,Consumption,0.18603920254173387
50,15,simple,mediators4,sparse,300,3,Production,0.47806915101685105
50,15,simple,mediators4,sparse,300,4,Consumption,0.186784737556657
50,15,simple,mediators4,sparse,300,4,Production,0.46131584160986605
50,15,simple,mediators4,sparse,300,5,Consumption,0.18888049183739208
50,15,simple,mediators4,sparse,300,5,Production,0.4697863337491823
50,15,simple,mediators5,sparse,300,1,Consumption,0.429294457838728
50,15,simple,mediators5,sparse,300,1,Production,0.5549694928185982
50,15,simple,mediators5,sparse,300,2,Consumption,0.4532264693521767
50,15,simple,mediators5,sparse,300,2,Production,0.5878445093361014
50,15,simple,mediators5,sparse,300,3,Consumption,0.42131451579872786
50,15,simple,mediators5,sparse,300,3,Production,0.5692797011260118
50,15,simple,mediators5,sparse,300,4,Consumption,0.42390142988828977
50,15,simple,mediators5,sparse,300,4,Production,0.5562559278345796
50,15,simple,mediators5,sparse,300,5,Consumption,0.44220751376897477
50,15,simple,mediators5,sparse,300,5,Production,0.5750569457654724
