Treatments,Time,S01,S02,S03,S04,S05,S06,S07,S08,S09,S10,S11,S12,S13,S14,S15,S16,S17,S18,S19,S20,S21,S22,S23,S24,S25,S26,S27,S28,S29,S30,S31,S32,S33,S34,S35,S36,S37,S38,S39,S40,S41,S42,S43,S44,S45,S46,S47,S48,S49,S50,R01,R02,R03,R04,R05,R06,R07,R08,R09,R10,R11,R12,R13,R14,R15
W0001,0,0.06,0.06,0.06,0.06,0.06,0.06,0.06,0.06,0.06,0.06,0.06,0.06,0.06,0.06,0.06,0.06,0.06,0.06,0.06,0.06,0.06,0.06,0.06,0.06,0.06,0.06,0.06,0.06,0.06,0.06,0.06,0.06,0.06,0.06,0.06,0.06,0.06,0.06,0.06,0.06,0.06,0.06,0.06,0.06,0.06,0.06,0.06,0.06,0.06,0.06,35.0,0.0,0.0,0.0,0.0,0.0,0.0,0.0,0.0,0.0,0.0,0.0,0.0,0.0,0.0
W0001,1,0.4687781903944162,0.386461371469392,0.1924681378395933,0.372021015938186,0.4156827287124976,0.1411327830056539,0.3555846404320796,0.144064976387185,1.095864327032699,0.1969620453146406,0.3571763886426149,0.9126228883897586,0.573404133725668,0.1789058097716847,0.4173940629519651,0.1845128637515006,0.1733659967389803,0.2638296773344804,0.531659051264121,0.5919171023761891,0.1973037722068037,0.1430194357102846,0.1545071025346208,0.3516263911842249,0.216292877415512,0.1262932757269772,0.3561225296243653,0.085675673902329,0.2535691715752826,0.1671375640395953,0.1341901380101428,0.0775179395850632,0.3569887573586994,0.1187146272183074,0.1325596423389983,0.2392922470568967,0.3423983166474184,0.2777815842743743,0.3925563588599338,0.1677592847485356,0.1581909047399151,0.1399053867781758,0.1764037217187529,0.1254046064804967,0.1990771748168276,0.1379600227551913,0.2124226083320308,0.2028996040989867,0.3073810384228504,0.1010454359678278,0.3533740306814943,1.1215990107076492,1.279322359515846,2.034259028971956,1.761680876772988,1.6906685872746734,1.4054784525998174,1.0780708341139058,0.3969011798745908,0.4733168951524498,0.3172579882287099,0.6242905815726496,1.8880097210362468,2.9928650718501446,2.1772571566678254
W0001,2,0.4787090518329954,0.7007276286667252,0.2321835957207872,0.469442173535622,0.4717495940975993,0.1614411061071876,0.3363359170262323,0.1160576286690472,0.9873524865155784,0.1386561501838611,0.3694339977389707,0.7266555005878955,0.4539507136823795,0.1792356447248527,0.3608733186890809,0.2370499395231956,0.1246664465789515,0.2783577934482741,0.5911509901333732,0.5163976061674522,0.1996742501061436,0.143602611878507,0.1415222325333251,0.3840469997845576,0.237505994854035,0.1192680270977925,0.3652207264522313,0.1006863863712902,0.2653390655522944,0.1435456970999697,0.1079728047144133,0.1204973617866723,0.3030693986796193,0.1180430808588269,0.1177863120524233,0.1854316908807415,0.2625437856162461,0.2496562306449216,0.3917568751281474,0.1445469593156879,0.1430177757538978,0.1315228515316194,0.2157589474497905,0.1145304883152322,0.1881428402298178,0.1431034907416502,0.1942866850223033,0.2082840196140304,0.415317096783852,0.1380038115352748,0.1527362775180659,0.6913884511743406,1.1333420698053078,0.7706593086154979,0.9895348232042545,0.7174289703340084,0.8365005036828729,0.3439817832832316,0.238121660169457,0.2958570884030438,0.3565299488148847,0.3694759527297713,3.066447493146275,2.9856651049909,2.8647378706207665
W0001,3,0.440027939449233,0.7180557609966639,0.1767013292903708,0.4186403530053587,0.4303268901101508,0.1094156813234753,0.2664812435385712,0.0934035416495139,0.6408968812400844,0.1401555135017883,0.2952412800992815,0.7158930338696844,0.3727938085375635,0.1205792068592783,0.2812898758892914,0.215840366392129,0.0949408722648976,0.3114412602225807,0.6631382719170555,0.4602536661323482,0.1726707207081093,0.1289254108533906,0.1218951670249606,0.2867695879338661,0.2666933853670916,0.0977636491434584,0.4126322394721503,0.0937707784977826,0.1822663761168622,0.1169403312197371,0.062806054331133,0.0859584546900435,0.2410287969082223,0.0773329127100372,0.1028375404525715,0.1369132680095162,0.266850997740755,0.1520699558007634,0.4311984338940879,0.0863816720040653,0.1055304093288977,0.1060332099883509,0.146142825566903,0.0942682039983666,0.1547282672642001,0.1314224743780191,0.1359584611071212,0.1804522772334674,0.4212180796135579,0.0859698438246667,0.0463758994207985,0.3724121426707093,0.468473224789357,0.3518665770318138,0.6036146456773765,0.3393172584097499,0.3323612148978923,0.2118380884328531,0.1210470142506395,0.2176760529594131,0.2101650461425601,0.3721509672847494,3.789397333789261,2.864219741026214,3.8113354081199455
W0001,4,0.339263722280452,0.5324077229325912,0.1476898416948016,0.3251875765693177,0.3261018348335086,0.0860494098286785,0.2784090680552384,0.0748007361029811,0.6466188264519381,0.1171361736633179,0.236924324344198,0.6151413057488749,0.3338498486139429,0.1248865314626618,0.2760830956451891,0.1911467671971619,0.0718274938565096,0.2298572987415914,0.6189432265765465,0.3640523293034642,0.135976133745331,0.1330765776437294,0.1155052386754975,0.2901906213595772,0.2192914167114988,0.0606843256212046,0.2624027719212244,0.0751197713321778,0.1874945670194147,0.0767196832834472,0.06459945070381,0.0830861022113199,0.1812502618828753,0.0538545595137162,0.0611688995408397,0.1257664065194939,0.2725575437678366,0.1578016403408816,0.3946329687065336,0.0840723308480142,0.0753678212412555,0.0929556134747935,0.148799233540807,0.0717623566300129,0.0931312754792141,0.1298196817064099,0.1156998830062105,0.1420183209426798,0.3247683988490776,0.0820526288488303,-0.0165230237102716,0.277933481235851,0.3549775841753131,0.166211613057969,0.2272828866196304,0.1814024196922608,0.250885424073235,0.1203893392261179,0.0384981695056878,0.1124464224054751,0.1280378307037672,0.2297374135897075,3.542783914891611,2.3591225447498987,3.701568881657715
W0001,5,0.3371769822333955,0.3743000289479272,0.093236065770166,0.2718400190484662,0.221851175160018,0.0610525997792174,0.224557388524752,0.0595480444281625,0.3889992249941809,0.075819578519429,0.2061922729194193,0.543570349301016,0.2395161817176997,0.0829887328765952,0.1873383200600552,0.1528570280035386,0.0506707344625258,0.2272109059003381,0.536917819773791,0.2815124733748953,0.1103050864319706,0.0784398254056946,0.0838367494179515,0.1919384247322412,0.1690180366307281,0.0681868856624237,0.2106278322513103,0.0641417497280299,0.1322274603653141,0.0524244889111616,0.0446702790572096,0.0589687689109958,0.1062611545034989,0.0543248031685052,0.0566208593741888,0.0885937498009514,0.1827804426774882,0.1082284952358598,0.2923220668495829,0.0574845844339539,0.0605172932886976,0.0729893263990768,0.0963372938383407,0.0698488827308838,0.0851534623888259,0.1072658909821227,0.074536003042493,0.1051734266111021,0.2476572286095066,0.0596603655659764,0.0040634641847109,0.1654712369245107,0.2153977988577156,0.1020838247095579,0.1832487990153692,0.0761915021531677,0.1301237948432882,0.1301826564720332,0.031313303162585,0.0414739749176564,0.1930247051249157,0.1535405382265118,3.4079880287792537,2.4358458592724097,3.61736002921002
W0001,6,0.2378705657706878,0.3733067975598821,0.0798025509211922,0.2585289518539767,0.1346952648452304,0.0530382227591459,0.2299070487393866,0.0447981504433819,0.3109555352670297,0.049539915564818,0.1437010104156882,0.4053522258418686,0.1794372993805496,0.0623630786862598,0.1349048755613181,0.1036875109360928,0.0404192229547198,0.1424187131783393,0.4892606296120808,0.1904357078496827,0.0950015880425757,0.0712294056271522,0.0727345853621389,0.1602776736166337,0.1146692055003887,0.0432580992895809,0.1896057775804144,0.047579668859033,0.1029372964979725,0.0369069274907556,0.0366582456527831,0.0484594639136979,0.1083238676609138,0.0329163916022378,0.0424704517108732,0.0697845357661446,0.1916449601365067,0.0660058081055444,0.239027596746929,0.0456736698887276,0.0440023236041543,0.0531149759960106,0.0832475293681647,0.0449739825039741,0.0565085485263985,0.073581421947728,0.0485545707836848,0.0905833292046208,0.2455994690888004,0.0410878234767564,-0.0169656641360405,0.1355528094729753,0.1500479009145839,0.10312167135535,0.1002715173129614,0.0541818404592492,0.1178990333878949,0.0610780332305235,0.0130302192317597,0.0554679422393913,0.0154869995905131,0.1619467231766694,3.480728790622016,1.8427263131499927,3.569528921682196
W0002,0,3.0,0.0,0.0,0.0,0.0,0.0,0.0,0.0,0.0,0.0,0.0,0.0,0.0,0.0,0.0,0.0,0.0,0.0,0.0,0.0,0.0,0.0,0.0,0.0,0.0,0.0,0.0,0.0,0.0,0.0,0.0,0.0,0.0,0.0,0.0,0.0,0.0,0.0,0.0,0.0,0.0,0.0,0.0,0.0,0.0,0.0,0.0,0.0,0.0,0.0,35.0,0.0,0.0,0.0,0.0,0.0,0.0,0.0,0.0,0.0,0.0,0.0,0.0,0.0,0.0
W0002,1,16.057893984110244,0.0,0.0,0.0,0.0,0.0,0.0,0.0,0.0,0.0,0.0,0.0,0.0,0.0,0.0,0.0,0.0,0.0,0.0,0.0,0.0,0.0,0.0,0.0,0.0,0.0,0.0,0.0,0.0,0.0,0.0,0.0,0.0,0.0,0.0,0.0,0.0,0.0,0.0,0.0,0.0,0.0,0.0,0.0,0.0,0.0,0.0,0.0,0.0,0.0,0.0978006910934257,1.70661991008221,0.268254877000975,1.2638501699667453,0.23561946590121,0.3195867533499143,0.2818674319542948,0.9262806125554186,0.3192751366296834,0.39213409709153,0.3016796365856592,-0.0032758813570552,11.590349576975004,0.7512266507417358,2.1555996631328997
W0002,2,12.100516208896186,0.0,0.0,0.0,0.0,0.0,0.0,0.0,0.0,0.0,0.0,0.0,0.0,0.0,0.0,0.0,0.0,0.0,0.0,0.0,0.0,0.0,0.0,0.0,0.0,0.0,0.0,0.0,0.0,0.0,0.0,0.0,0.0,0.0,0.0,0.0,0.0,0.0,0.0,0.0,0.0,0.0,0.0,0.0,0.0,0.0,0.0,0.0,0.0,0.0,0.0195290279148052,0.826682474465207,0.0941908060597463,1.090690024048118,0.283270306781512,-0.0178220462688449,0.241713225483898,0.150409152532872,0.3765122788156196,0.4908178758056734,0.3591143798799808,-0.0679260251175349,12.8370436432485,1.0134806473909708,1.2393605623604027
W0002,3,9.486744919051883,0.0,0.0,0.0,0.0,0.0,0.0,0.0,0.0,0.0,0.0,0.0,0.0,0.0,0.0,0.0,0.0,0.0,0.0,0.0,0.0,0.0,0.0,0.0,0.0,0.0,0.0,0.0,0.0,0.0,0.0,0.0,0.0,0.0,0.0,0.0,0.0,0.0,0.0,0.0,0.0,0.0,0.0,0.0,0.0,0.0,0.0,0.0,0.0,0.0,-0.0019541755948458,0.5231966182555311,0.0279187526015353,0.7083661063336293,0.2040157794183738,-0.0182022028509747,0.2636623749625152,0.1257568473415214,0.329567390916692,0.5037935705143367,0.4186418503697313,0.0270999066811468,12.566423201300475,1.3150354129822792,0.908588631040056
W0002,4,6.193735790247249,0.0,0.0,0.0,0.0,0.0,0.0,0.0,0.0,0.0,0.0,0.0,0.0,0.0,0.0,0.0,0.0,0.0,0.0,0.0,0.0,0.0,0.0,0.0,0.0,0.0,0.0,0.0,0.0,0.0,0.0,0.0,0.0,0.0,0.0,0.0,0.0,0.0,0.0,0.0,0.0,0.0,0.0,0.0,0.0,0.0,0.0,0.0,0.0,0.0,0.0199447627890196,0.3305745277201458,0.0125309645577018,0.4959474478178453,0.1331668770878284,-0.0016889578008396,0.2300106476896093,0.0481420857289602,0.2469310743681416,0.5458141424157783,0.4481576744473196,0.0221867917159625,14.043598863223488,1.3925110157073963,0.471839547640919
W0002,5,4.75371203425326,0.0,0.0,0.0,0.0,0.0,0.0,0.0,0.0,0.0,0.0,0.0,0.0,0.0,0.0,0.0,0.0,0.0,0.0,0.0,0.0,0.0,0.0,0.0,0.0,0.0,0.0,0.0,0.0,0.0,0.0,0.0,0.0,0.0,0.0,0.0,0.0,0.0,0.0,0.0,0.0,0.0,0.0,0.0,0.0,0.0,0.0,0.0,0.0,0.0,0.0151290915638381,0.1081147269934031,-0.0318623559680971,0.2648420475373684,0.1141660508944251,-0.029558303084492,0.1506412427090969,0.0192283261407184,0.3120361638905622,0.6343592026280723,0.4916485981931652,-0.0402235063700562,13.31863840285438,1.1625457996066162,0.3834101140904448
W0002,6,3.7856890525397,0.0,0.0,0.0,0.0,0.0,0.0,0.0,0.0,0.0,0.0,0.0,0.0,0.0,0.0,0.0,0.0,0.0,0.0,0.0,0.0,0.0,0.0,0.0,0.0,0.0,0.0,0.0,0.0,0.0,0.0,0.0,0.0,0.0,0.0,0.0,0.0,0.0,0.0,0.0,0.0,0.0,0.0,0.0,0.0,0.0,0.0,0.0,0.0,0.0,-0.0151572301593099,0.1353242903560934,-0.013276190794837,0.4749636907612237,0.0763828234177776,-0.0211020376045251,0.1768611500809179,-0.0031733872653798,0.2210393729420524,0.6735100055859115,0.435564101849329,-0.0067853529050318,14.88676165020714,1.401759711487517,0.2679353116368743
W0003,0,0.0,3.0,0.0,0.0,0.0,0.0,0.0,0.0,0.0,0.0,0.0,0.0,0.0,0.0,0.0,0.0,0.0,0.0,0.0,0.0,0.0,0.0,0.0,0.0,0.0,0.0,0.0,0.0,0.0,0.0,0.0,0.0,0.0,0.0,0.0,0.0,0.0,0.0,0.0,0.0,0.0,0.0,0.0,0.0,0.0,0.0,0.0,0.0,0.0,0.0,35.0,0.0,0.0,0.0,0.0,0.0,0.0,0.0,0.0,0.0,0.0,0.0,0.0,0.0,0.0
W0003,1,0.0,18.04904632109525,0.0,0.0,0.0,0.0,0.0,0.0,0.0,0.0,0.0,0.0,0.0,0.0,0.0,0.0,0.0,0.0,0.0,0.0,0.0,0.0,0.0,0.0,0.0,0.0,0.0,0.0,0.0,0.0,0.0,0.0,0.0,0.0,0.0,0.0,0.0,0.0,0.0,0.0,0.0,0.0,0.0,0.0,0.0,0.0,0.0,0.0,0.0,0.0,0.2102489630481506,0.2480815259971771,0.9055725380903652,0.3710447125959664,0.9961513240663836,0.6198445967518599,0.3414979035895747,0.404615786892686,0.2518785773805808,0.4374860251658828,0.2734699494723036,4.428442404158556,1.9722487537561693,2.459849228518012,3.5692887123962844
W0003,2,0.0,13.599501888956803,0.0,0.0,0.0,0.0,0.0,0.0,0.0,0.0,0.0,0.0,0.0,0.0,0.0,0.0,0.0,0.0,0.0,0.0,0.0,0.0,0.0,0.0,0.0,0.0,0.0,0.0,0.0,0.0,0.0,0.0,0.0,0.0,0.0,0.0,0.0,0.0,0.0,0.0,0.0,0.0,0.0,0.0,0.0,0.0,0.0,0.0,0.0,0.0,0.0562466607000184,-0.01147184093937,0.2279686574966502,0.0905269521003824,0.2561942789554647,0.0934315400160535,0.0550596416231001,0.1289715723163151,0.1098794491201358,0.4258940061670112,0.4304323610555249,3.508566973508506,2.699467309143408,2.394065719599167,3.839348100880372
W0003,3,0.0,10.614859717227722,0.0,0.0,0.0,0.0,0.0,0.0,0.0,0.0,0.0,0.0,0.0,0.0,0.0,0.0,0.0,0.0,0.0,0.0,0.0,0.0,0.0,0.0,0.0,0.0,0.0,0.0,0.0,0.0,0.0,0.0,0.0,0.0,0.0,0.0,0.0,0.0,0.0,0.0,0.0,0.0,0.0,0.0,0.0,0.0,0.0,0.0,0.0,0.0,-0.0505635384714669,0.0348042953700242,0.203153043997209,0.047269643642204,0.177751936447738,0.0662534215765002,-0.0181256489920272,-0.0782193729431408,0.2752171217772505,0.5877143031104513,0.361648381006201,3.1485369815828994,2.3696373750155337,3.009381215698982,4.669930516585253
W0003,4,0.0,7.842466812058687,0.0,0.0,0.0,0.0,0.0,0.0,0.0,0.0,0.0,0.0,0.0,0.0,0.0,0.0,0.0,0.0,0.0,0.0,0.0,0.0,0.0,0.0,0.0,0.0,0.0,0.0,0.0,0.0,0.0,0.0,0.0,0.0,0.0,0.0,0.0,0.0,0.0,0.0,0.0,0.0,0.0,0.0,0.0,0.0,0.0,0.0,0.0,0.0,0.0280417586248316,-0.0464181075895107,0.019264670314838,0.0302657083257379,0.0339043218052771,-0.0144232501370921,0.0047621858832798,-0.0296797110312037,0.1784026468072452,0.5659656853700142,0.3757260905801149,3.0817134839966585,2.132729818314168,3.467739188269124,3.6254918452552087
W0003,5,0.0,5.67018491614427,0.0,0.0,0.0,0.0,0.0,0.0,0.0,0.0,0.0,0.0,0.0,0.0,0.0,0.0,0.0,0.0,0.0,0.0,0.0,0.0,0.0,0.0,0.0,0.0,0.0,0.0,0.0,0.0,0.0,0.0,0.0,0.0,0.0,0.0,0.0,0.0,0.0,0.0,0.0,0.0,0.0,0.0,0.0,0.0,0.0,0.0,0.0,0.0,0.0448548857491354,0.008527302893352,-0.0294697572858743,-0.0119941035780872,0.0859896519685106,0.0125639633744755,-0.0317206920359679,-0.0128779172721398,0.2210369724435493,0.5730166709442642,0.4612730774743626,3.76634532608125,2.696706096396557,2.4624834448260824,4.1782241811825305
W0003,6,0.0,3.891176119719644,0.0,0.0,0.0,0.0,0.0,0.0,0.0,0.0,0.0,0.0,0.0,0.0,0.0,0.0,0.0,0.0,0.0,0.0,0.0,0.0,0.0,0.0,0.0,0.0,0.0,0.0,0.0,0.0,0.0,0.0,0.0,0.0,0.0,0.0,0.0,0.0,0.0,0.0,0.0,0.0,0.0,0.0,0.0,0.0,0.0,0.0,0.0,0.0,-0.0298106008513998,0.0031724055597626,-0.0239705694033254,0.0165407939731503,-0.0003731572708359,0.07384242434245,-0.0436634952972211,0.0629537612020598,0.2352336159537758,0.5911958827980344,0.35207583218575,3.6955205425595903,2.15630328115308,2.480858406666019,3.925673705262196
W0004,0,0.0,0.0,3.0,0.0,0.0,0.0,0.0,0.0,0.0,0.0,0.0,0.0,0.0,0.0,0.0,0.0,0.0,0.0,0.0,0.0,0.0,0.0,0.0,0.0,0.0,0.0,0.0,0.0,0.0,0.0,0.0,0.0,0.0,0.0,0.0,0.0,0.0,0.0,0.0,0.0,0.0,0.0,0.0,0.0,0.0,0.0,0.0,0.0,0.0,0.0,35.0,0.0,0.0,0.0,0.0,0.0,0.0,0.0,0.0,0.0,0.0,0.0,0.0,0.0,0.0
W0004,1,0.0,0.0,13.076363083598952,0.0,0.0,0.0,0.0,0.0,0.0,0.0,0.0,0.0,0.0,0.0,0.0,0.0,0.0,0.0,0.0,0.0,0.0,0.0,0.0,0.0,0.0,0.0,0.0,0.0,0.0,0.0,0.0,0.0,0.0,0.0,0.0,0.0,0.0,0.0,0.0,0.0,0.0,0.0,0.0,0.0,0.0,0.0,0.0,0.0,0.0,0.0,0.9288806794550376,0.1807882916398491,0.409168165835133,2.688633743338469,3.520030624698494,0.979089123108214,1.1736233759936836,0.9568289623915136,0.3327383549433552,0.0592262520788977,2.3912296926848766,0.568777423750768,1.7256932086565588,1.1427755933933013,5.746872220669353
W0004,2,0.0,0.0,12.566815644892303,0.0,0.0,0.0,0.0,0.0,0.0,0.0,0.0,0.0,0.0,0.0,0.0,0.0,0.0,0.0,0.0,0.0,0.0,0.0,0.0,0.0,0.0,0.0,0.0,0.0,0.0,0.0,0.0,0.0,0.0,0.0,0.0,0.0,0.0,0.0,0.0,0.0,0.0,0.0,0.0,0.0,0.0,0.0,0.0,0.0,0.0,0.0,0.1015557877665111,0.0947583018239036,0.2986239047414624,1.6976808655120867,2.201313969760258,0.6901028821545179,0.3693627458555774,0.2351298345699227,0.6998182811231771,0.0212912964164527,2.175451058489964,0.3119960044958434,2.333880806742949,1.6060392072325118,5.028961719393013
W0004,3,0.0,0.0,8.765709649021979,0.0,0.0,0.0,0.0,0.0,0.0,0.0,0.0,0.0,0.0,0.0,0.0,0.0,0.0,0.0,0.0,0.0,0.0,0.0,0.0,0.0,0.0,0.0,0.0,0.0,0.0,0.0,0.0,0.0,0.0,0.0,0.0,0.0,0.0,0.0,0.0,0.0,0.0,0.0,0.0,0.0,0.0,0.0,0.0,0.0,0.0,0.0,0.0768708535110133,0.0504130664303101,0.1959715550400385,1.1277943888796431,1.8050812394464355,0.5666203447223863,0.1790944477575757,0.1678353947302004,0.7851225062612333,0.0876273151262096,2.6260635208647134,0.211642666891435,2.077072928921478,2.24570164870093,7.161263663399952
W0004,4,0.0,0.0,6.884750871965154,0.0,0.0,0.0,0.0,0.0,0.0,0.0,0.0,0.0,0.0,0.0,0.0,0.0,0.0,0.0,0.0,0.0,0.0,0.0,0.0,0.0,0.0,0.0,0.0,0.0,0.0,0.0,0.0,0.0,0.0,0.0,0.0,0.0,0.0,0.0,0.0,0.0,0.0,0.0,0.0,0.0,0.0,0.0,0.0,0.0,0.0,0.0,-0.0327986037547318,0.1011730048191411,0.2039450651619243,0.6912715043122961,1.2382670467708137,0.3500021486940224,0.1939130066597827,0.0825475638528455,0.923759703995664,0.0671821381212354,2.7265119189676934,0.0970580425099455,2.1348286701158594,2.145601077679828,8.038193596750855
W0004,5,0.0,0.0,3.9914404459701625,0.0,0.0,0.0,0.0,0.0,0.0,0.0,0.0,0.0,0.0,0.0,0.0,0.0,0.0,0.0,0.0,0.0,0.0,0.0,0.0,0.0,0.0,0.0,0.0,0.0,0.0,0.0,0.0,0.0,0.0,0.0,0.0,0.0,0.0,0.0,0.0,0.0,0.0,0.0,0.0,0.0,0.0,0.0,0.0,0.0,0.0,0.0,0.0131212503663074,0.0836415051247361,0.0903968871833518,0.6306788566111845,0.9992272040082018,0.2722135613203151,0.0036894620869492,0.0762678587039302,0.7172078360487382,0.2141466169763846,2.876395362986872,0.1212975005115133,2.6799996984532064,2.495444857832229,7.359849486823747
W0004,6,0.0,0.0,3.879752101835499,0.0,0.0,0.0,0.0,0.0,0.0,0.0,0.0,0.0,0.0,0.0,0.0,0.0,0.0,0.0,0.0,0.0,0.0,0.0,0.0,0.0,0.0,0.0,0.0,0.0,0.0,0.0,0.0,0.0,0.0,0.0,0.0,0.0,0.0,0.0,0.0,0.0,0.0,0.0,0.0,0.0,0.0,0.0,0.0,0.0,0.0,0.0,0.0379124768551666,0.0261161945849893,0.0673964649293016,0.4916387081193374,0.767693380227649,0.1564611512987511,0.112508424406302,0.083423759289186,1.001085423228158,0.1626507568892093,2.449305814113321,0.0512922854399856,2.7200051507534813,2.27431799235722,6.645974927842222
W0005,0,0.0,0.0,0.0,3.0,0.0,0.0,0.0,0.0,0.0,0.0,0.0,0.0,0.0,0.0,0.0,0.0,0.0,0.0,0.0,0.0,0.0,0.0,0.0,0.0,0.0,0.0,0.0,0.0,0.0,0.0,0.0,0.0,0.0,0.0,0.0,0.0,0.0,0.0,0.0,0.0,0.0,0.0,0.0,0.0,0.0,0.0,0.0,0.0,0.0,0.0,35.0,0.0,0.0,0.0,0.0,0.0,0.0,0.0,0.0,0.0,0.0,0.0,0.0,0.0,0.0
W0005,1,0.0,0.0,0.0,15.836114041305091,0.0,0.0,0.0,0.0,0.0,0.0,0.0,0.0,0.0,0.0,0.0,0.0,0.0,0.0,0.0,0.0,0.0,0.0,0.0,0.0,0.0,0.0,0.0,0.0,0.0,0.0,0.0,0.0,0.0,0.0,0.0,0.0,0.0,0.0,0.0,0.0,0.0,0.0,0.0,0.0,0.0,0.0,0.0,0.0,0.0,0.0,0.5320588097898244,0.2120141025172625,0.2456710977547446,0.1584448403152181,5.881616905652092,1.764955486526918,0.7602771265349936,0.0956897201925946,2.1594606537724284,0.215776645956438,0.0248428811179602,-0.0195568757086489,6.080771202525341,0.0701731954203004,1.7389749697191943
W0005,2,0.0,0.0,0.0,14.182410477127483,0.0,0.0,0.0,0.0,0.0,0.0,0.0,0.0,0.0,0.0,0.0,0.0,0.0,0.0,0.0,0.0,0.0,0.0,0.0,0.0,0.0,0.0,0.0,0.0,0.0,0.0,0.0,0.0,0.0,0.0,0.0,0.0,0.0,0.0,0.0,0.0,0.0,0.0,0.0,0.0,0.0,0.0,0.0,0.0,0.0,0.0,0.1129331528971525,0.0341071135361443,0.106305505759927,0.0497504176376674,1.3270547798717678,1.833707761202322,0.3921775032220036,0.087295811860605,3.442504909555953,0.3175673640175576,-0.0325711868366246,0.0299883881694669,6.957190089508273,0.1518967236145677,2.2517509905371504
W0005,3,0.0,0.0,0.0,10.259950780257634,0.0,0.0,0.0,0.0,0.0,0.0,0.0,0.0,0.0,0.0,0.0,0.0,0.0,0.0,0.0,0.0,0.0,0.0,0.0,0.0,0.0,0.0,0.0,0.0,0.0,0.0,0.0,0.0,0.0,0.0,0.0,0.0,0.0,0.0,0.0,0.0,0.0,0.0,0.0,0.0,0.0,0.0,0.0,0.0,0.0,0.0,0.1218005630462532,-0.0198604935215952,0.0139251667930624,0.0290917619066778,0.3996262226183648,1.1553441160940208,0.1351279122943258,0.060074712096153,4.1582512021544895,0.2441656433264742,-0.0035936861015373,-0.0234608668999712,6.6399974740644,0.3073160848576167,3.0478889872028234
W0005,4,0.0,0.0,0.0,5.777303570973011,0.0,0.0,0.0,0.0,0.0,0.0,0.0,0.0,0.0,0.0,0.0,0.0,0.0,0.0,0.0,0.0,0.0,0.0,0.0,0.0,0.0,0.0,0.0,0.0,0.0,0.0,0.0,0.0,0.0,0.0,0.0,0.0,0.0,0.0,0.0,0.0,0.0,0.0,0.0,0.0,0.0,0.0,0.0,0.0,0.0,0.0,0.0425060941098037,-0.0334470194050082,0.0003427862848484,0.0459910969440153,0.2776969326763682,1.076743126751221,0.0340237295004417,0.0468406236124772,3.9274388386312222,0.3487364136880628,0.0301604605458999,0.0314841454932448,6.449257987151497,0.2380994053238013,2.971752948527023
W0005,5,0.0,0.0,0.0,6.518913733615911,0.0,0.0,0.0,0.0,0.0,0.0,0.0,0.0,0.0,0.0,0.0,0.0,0.0,0.0,0.0,0.0,0.0,0.0,0.0,0.0,0.0,0.0,0.0,0.0,0.0,0.0,0.0,0.0,0.0,0.0,0.0,0.0,0.0,0.0,0.0,0.0,0.0,0.0,0.0,0.0,0.0,0.0,0.0,0.0,0.0,0.0,0.0158808778940564,-0.0619252593027913,0.0295865678324257,-0.0825284894040008,0.0799606416487863,0.8299779640719048,0.0823229440186857,0.0138043784180979,3.284328442411967,0.3881791349010587,0.0368724148431455,0.0294309868067365,6.234451972378863,0.3291424793437142,2.7275772156361984
W0005,6,0.0,0.0,0.0,3.749610807349558,0.0,0.0,0.0,0.0,0.0,0.0,0.0,0.0,0.0,0.0,0.0,0.0,0.0,0.0,0.0,0.0,0.0,0.0,0.0,0.0,0.0,0.0,0.0,0.0,0.0,0.0,0.0,0.0,0.0,0.0,0.0,0.0,0.0,0.0,0.0,0.0,0.0,0.0,0.0,0.0,0.0,0.0,0.0,0.0,0.0,0.0,-0.0016455180488613,0.0322595813063635,-0.043619695269769,-0.0121003756942115,0.0904215341635839,0.7297593133355272,0.0776167718359333,0.0962386726030592,3.76888109149579,0.3469582698567848,0.0598284327589024,-0.00116197494636,7.437595804892386,0.3082464596302955,2.9024743931096086
W0006,0,0.0,0.0,0.0,0.0,3.0,0.0,0.0,0.0,0.0,0.0,0.0,0.0,0.0,0.0,0.0,0.0,0.0,0.0,0.0,0.0,0.0,0.0,0.0,0.0,0.0,0.0,0.0,0.0,0.0,0.0,0.0,0.0,0.0,0.0,0.0,0.0,0.0,0.0,0.0,0.0,0.0,0.0,0.0,0.0,0.0,0.0,0.0,0.0,0.0,0.0,35.0,0.0,0.0,0.0,0.0,0.0,0.0,0.0,0.0,0.0,0.0,0.0,0.0,0.0,0.0
W0006,1,0.0,0.0,0.0,0.0,17.152286474002246,0.0,0.0,0.0,0.0,0.0,0.0,0.0,0.0,0.0,0.0,0.0,0.0,0.0,0.0,0.0,0.0,0.0,0.0,0.0,0.0,0.0,0.0,0.0,0.0,0.0,0.0,0.0,0.0,0.0,0.0,0.0,0.0,0.0,0.0,0.0,0.0,0.0,0.0,0.0,0.0,0.0,0.0,0.0,0.0,0.0,0.1318227903770086,0.9252738691928786,2.4130420393370238,0.99263444377846,1.746638058242856,0.5024822220112853,2.632813211055421,0.1153623499712874,1.306576458947324,0.6184381725676794,1.524589696305509,2.6117248271751543,1.7260726015057046,1.5585690678501476,0.8385397120439173
W0006,2,0.0,0.0,0.0,0.0,13.123724399931683,0.0,0.0,0.0,0.0,0.0,0.0,0.0,0.0,0.0,0.0,0.0,0.0,0.0,0.0,0.0,0.0,0.0,0.0,0.0,0.0,0.0,0.0,0.0,0.0,0.0,0.0,0.0,0.0,0.0,0.0,0.0,0.0,0.0,0.0,0.0,0.0,0.0,0.0,0.0,0.0,0.0,0.0,0.0,0.0,0.0,0.0548563906622887,0.1275225437041776,3.4452914676580124,0.1513686914506108,0.3404313455146763,0.2676231298339477,0.8103253024829177,0.0796682064191276,1.4819607026641453,0.8297029177081732,2.502097320466281,2.536395636792902,2.3193787993497987,1.2398143256560357,1.195189239461267
W0006,3,0.0,0.0,0.0,0.0,10.927708581836615,0.0,0.0,0.0,0.0,0.0,0.0,0.0,0.0,0.0,0.0,0.0,0.0,0.0,0.0,0.0,0.0,0.0,0.0,0.0,0.0,0.0,0.0,0.0,0.0,0.0,0.0,0.0,0.0,0.0,0.0,0.0,0.0,0.0,0.0,0.0,0.0,0.0,0.0,0.0,0.0,0.0,0.0,0.0,0.0,0.0,0.0289843074781363,0.0721362714865443,3.2607280654221347,0.0763858118502685,0.2117806237633085,0.1438661081602646,0.1884019659664833,0.0329367254151251,1.2701044263427976,0.96345908076053,2.164843084728633,2.194258883311981,1.9088222337888847,1.2242014981653997,1.329744444207343
W0006,4,0.0,0.0,0.0,0.0,7.5980052296399005,0.0,0.0,0.0,0.0,0.0,0.0,0.0,0.0,0.0,0.0,0.0,0.0,0.0,0.0,0.0,0.0,0.0,0.0,0.0,0.0,0.0,0.0,0.0,0.0,0.0,0.0,0.0,0.0,0.0,0.0,0.0,0.0,0.0,0.0,0.0,0.0,0.0,0.0,0.0,0.0,0.0,0.0,0.0,0.0,0.0,0.0220890393780575,0.0191875892515254,3.768162787073072,0.0520866249338021,0.0457499582743804,0.07620321272587,0.0787620546806658,0.0402161476397346,1.090192896817737,0.9273897391348608,2.178644817766185,2.304152706141616,2.268591578458576,1.517561971212075,1.699496869563194
W0006,5,0.0,0.0,0.0,0.0,5.453602373288513,0.0,0.0,0.0,0.0,0.0,0.0,0.0,0.0,0.0,0.0,0.0,0.0,0.0,0.0,0.0,0.0,0.0,0.0,0.0,0.0,0.0,0.0,0.0,0.0,0.0,0.0,0.0,0.0,0.0,0.0,0.0,0.0,0.0,0.0,0.0,0.0,0.0,0.0,0.0,0.0,0.0,0.0,0.0,0.0,0.0,0.0631748980422841,-0.0721635811595313,3.9131052089848097,0.0021807084220888,0.0430687246551151,0.0627985796042152,0.1163011268382622,-0.0190621066075849,1.237122568426016,0.7957564368005248,2.8999722048498517,2.800879256256803,1.8233364988645957,1.5961850710069767,1.650090028492733
W0006,6,0.0,0.0,0.0,0.0,3.728187368117116,0.0,0.0,0.0,0.0,0.0,0.0,0.0,0.0,0.0,0.0,0.0,0.0,0.0,0.0,0.0,0.0,0.0,0.0,0.0,0.0,0.0,0.0,0.0,0.0,0.0,0.0,0.0,0.0,0.0,0.0,0.0,0.0,0.0,0.0,0.0,0.0,0.0,0.0,0.0,0.0,0.0,0.0,0.0,0.0,0.0,0.0590514408849111,0.005982181373394,4.094649500610467,-0.0333821220165585,0.0282300231447597,0.1254314747118482,0.0617604846738807,0.002215259044436,1.3814914411526769,1.011639216085184,2.542465552963406,2.573214900264136,1.98055758873153,1.2825963189627596,1.6250333789846791
W0007,0,0.0,0.0,0.0,0.0,0.0,3.0,0.0,0.0,0.0,0.0,0.0,0.0,0.0,0.0,0.0,0.0,0.0,0.0,0.0,0.0,0.0,0.0,0.0,0.0,0.0,0.0,0.0,0.0,0.0,0.0,0.0,0.0,0.0,0.0,0.0,0.0,0.0,0.0,0.0,0.0,0.0,0.0,0.0,0.0,0.0,0.0,0.0,0.0,0.0,0.0,35.0,0.0,0.0,0.0,0.0,0.0,0.0,0.0,0.0,0.0,0.0,0.0,0.0,0.0,0.0
W0007,1,0.0,0.0,0.0,0.0,0.0,11.27462771762783,0.0,0.0,0.0,0.0,0.0,0.0,0.0,0.0,0.0,0.0,0.0,0.0,0.0,0.0,0.0,0.0,0.0,0.0,0.0,0.0,0.0,0.0,0.0,0.0,0.0,0.0,0.0,0.0,0.0,0.0,0.0,0.0,0.0,0.0,0.0,0.0,0.0,0.0,0.0,0.0,0.0,0.0,0.0,0.0,4.8198375983290935,0.1394337147742731,0.3926731043762811,4.07587439905729,0.890935322153129,1.2569580427772846,0.9083564555241984,2.3984928087788746,0.1279508566817318,0.6859086685561581,0.0163282239165359,0.4765256585162308,5.796083779905831,1.6936976557656176,0.5863934752425602
W0007,2,0.0,0.0,0.0,0.0,0.0,14.387457438357924,0.0,0.0,0.0,0.0,0.0,0.0,0.0,0.0,0.0,0.0,0.0,0.0,0.0,0.0,0.0,0.0,0.0,0.0,0.0,0.0,0.0,0.0,0.0,0.0,0.0,0.0,0.0,0.0,0.0,0.0,0.0,0.0,0.0,0.0,0.0,0.0,0.0,0.0,0.0,0.0,0.0,0.0,0.0,0.0,0.4300225860081477,0.287800106537366,0.1962326387628906,1.309129922543283,0.3641802866812692,0.891589638495992,0.3119152451207306,2.056872385378113,0.1323602381979384,1.035042273770922,0.187255033931716,0.0644864569687846,6.639508934232281,3.824457316127943,1.1856769883716975
W0007,3,0.0,0.0,0.0,0.0,0.0,9.081644168843852,0.0,0.0,0.0,0.0,0.0,0.0,0.0,0.0,0.0,0.0,0.0,0.0,0.0,0.0,0.0,0.0,0.0,0.0,0.0,0.0,0.0,0.0,0.0,0.0,0.0,0.0,0.0,0.0,0.0,0.0,0.0,0.0,0.0,0.0,0.0,0.0,0.0,0.0,0.0,0.0,0.0,0.0,0.0,0.0,0.1600156106326578,0.1034492381545111,0.1984860312417617,0.64563157945992,0.2613077223888089,0.4909935431361698,0.1209354523542924,1.0566260148675273,0.2473649077114209,1.802945017494048,0.0796995845775031,-0.0970560992547262,7.173900761981218,3.804765839333676,1.4775592677921778
W0007,4,0.0,0.0,0.0,0.0,0.0,9.012053347758998,0.0,0.0,0.0,0.0,0.0,0.0,0.0,0.0,0.0,0.0,0.0,0.0,0.0,0.0,0.0,0.0,0.0,0.0,0.0,0.0,0.0,0.0,0.0,0.0,0.0,0.0,0.0,0.0,0.0,0.0,0.0,0.0,0.0,0.0,0.0,0.0,0.0,0.0,0.0,0.0,0.0,0.0,0.0,0.0,0.0546865167583962,0.1429102838970626,0.0618854075612107,0.4555271614415663,0.2201698904164175,0.2389573026281335,0.03305258916725,0.8684804922876258,0.2453651555864208,1.7281615685227214,0.0618787104364103,0.0202941472560526,7.363500434839305,2.983898178306851,1.5728392952459271
W0007,5,0.0,0.0,0.0,0.0,0.0,5.874605740868992,0.0,0.0,0.0,0.0,0.0,0.0,0.0,0.0,0.0,0.0,0.0,0.0,0.0,0.0,0.0,0.0,0.0,0.0,0.0,0.0,0.0,0.0,0.0,0.0,0.0,0.0,0.0,0.0,0.0,0.0,0.0,0.0,0.0,0.0,0.0,0.0,0.0,0.0,0.0,0.0,0.0,0.0,0.0,0.0,0.0720547989208717,0.0752854358129652,-0.0029851324107632,0.205639993243347,0.0238286377238045,0.199836346015935,0.0850057230187808,0.6592271358400623,0.2770565994181617,1.7383792705910297,0.088031649299624,0.0330855071296796,7.5633052545804755,4.717684968972102,1.9689727766493
W0007,6,0.0,0.0,0.0,0.0,0.0,4.891432090934257,0.0,0.0,0.0,0.0,0.0,0.0,0.0,0.0,0.0,0.0,0.0,0.0,0.0,0.0,0.0,0.0,0.0,0.0,0.0,0.0,0.0,0.0,0.0,0.0,0.0,0.0,0.0,0.0,0.0,0.0,0.0,0.0,0.0,0.0,0.0,0.0,0.0,0.0,0.0,0.0,0.0,0.0,0.0,0.0,-0.0242386624243889,0.1006406573872097,0.1267129497514855,0.158831569042545,0.0533820333957023,0.1453367525183247,0.0558490408660598,0.3916406522065087,0.362486669891631,1.7650716153473418,0.0982781599161018,0.0447927380352849,7.651795980689188,4.269325803414544,1.993823923762717
W0008,0,0.0,0.0,0.0,0.0,0.0,0.0,3.0,0.0,0.0,0.0,0.0,0.0,0.0,0.0,0.0,0.0,0.0,0.0,0.0,0.0,0.0,0.0,0.0,0.0,0.0,0.0,0.0,0.0,0.0,0.0,0.0,0.0,0.0,0.0,0.0,0.0,0.0,0.0,0.0,0.0,0.0,0.0,0.0,0.0,0.0,0.0,0.0,0.0,0.0,0.0,35.0,0.0,0.0,0.0,0.0,0.0,0.0,0.0,0.0,0.0,0.0,0.0,0.0,0.0,0.0
W0008,1,0.0,0.0,0.0,0.0,0.0,0.0,13.764411761796609,0.0,0.0,0.0,0.0,0.0,0.0,0.0,0.0,0.0,0.0,0.0,0.0,0.0,0.0,0.0,0.0,0.0,0.0,0.0,0.0,0.0,0.0,0.0,0.0,0.0,0.0,0.0,0.0,0.0,0.0,0.0,0.0,0.0,0.0,0.0,0.0,0.0,0.0,0.0,0.0,0.0,0.0,0.0,0.2638190794765828,2.7331857553326864,0.0833009841787088,4.261306174035612,1.9766144744690948,6.741695774275735,0.722197745030186,0.7377450375000375,0.8616706225390071,-0.0029966029114023,0.3669381502055083,-0.0127775107038718,1.2302007773381725,0.2198405008552256,1.5991505862246944
W0008,2,0.0,0.0,0.0,0.0,0.0,0.0,11.727040448603764,0.0,0.0,0.0,0.0,0.0,0.0,0.0,0.0,0.0,0.0,0.0,0.0,0.0,0.0,0.0,0.0,0.0,0.0,0.0,0.0,0.0,0.0,0.0,0.0,0.0,0.0,0.0,0.0,0.0,0.0,0.0,0.0,0.0,0.0,0.0,0.0,0.0,0.0,0.0,0.0,0.0,0.0,0.0,0.0774443558798083,3.0842412834530912,-0.0222284889564954,1.4745111438439653,1.5773028794245123,4.483020905305322,0.9225750901137652,0.1970554548313506,1.0472386136337428,0.0175023118844423,0.6921036610621958,0.0434800534070954,1.886066473564188,0.066167649697283,2.5720492606160263
W0008,3,0.0,0.0,0.0,0.0,0.0,0.0,10.739404796169486,0.0,0.0,0.0,0.0,0.0,0.0,0.0,0.0,0.0,0.0,0.0,0.0,0.0,0.0,0.0,0.0,0.0,0.0,0.0,0.0,0.0,0.0,0.0,0.0,0.0,0.0,0.0,0.0,0.0,0.0,0.0,0.0,0.0,0.0,0.0,0.0,0.0,0.0,0.0,0.0,0.0,0.0,0.0,0.0477081473226004,3.236104576662598,0.0526824042410994,0.4751600298449016,1.4024741089664647,2.565243888798792,0.8290831940971264,0.081134924165215,1.1915248314552973,0.0483343262055514,0.7568874061255182,0.0762898102631147,2.042751152913932,0.0447505209651202,3.0350071741014792
W0008,4,0.0,0.0,0.0,0.0,0.0,0.0,9.301395118435488,0.0,0.0,0.0,0.0,0.0,0.0,0.0,0.0,0.0,0.0,0.0,0.0,0.0,0.0,0.0,0.0,0.0,0.0,0.0,0.0,0.0,0.0,0.0,0.0,0.0,0.0,0.0,0.0,0.0,0.0,0.0,0.0,0.0,0.0,0.0,0.0,0.0,0.0,0.0,0.0,0.0,0.0,0.0,-0.003890657467346,3.5305301122592367,0.0224660327797832,0.3370825663366765,1.0924167859651812,2.62842470674573,0.8271990335011898,0.0442966917639778,1.066956932926343,0.0184429460252528,0.8246882668906182,0.0178168570472577,2.731554286484296,0.0317498123964807,3.465057528497252
W0008,5,0.0,0.0,0.0,0.0,0.0,0.0,6.2164030820067335,0.0,0.0,0.0,0.0,0.0,0.0,0.0,0.0,0.0,0.0,0.0,0.0,0.0,0.0,0.0,0.0,0.0,0.0,0.0,0.0,0.0,0.0,0.0,0.0,0.0,0.0,0.0,0.0,0.0,0.0,0.0,0.0,0.0,0.0,0.0,0.0,0.0,0.0,0.0,0.0,0.0,0.0,0.0,0.0632218200207113,3.461306815660312,0.0533636588236508,0.1675791038784031,0.7860362324310175,2.2957641072682176,1.1605077291919446,0.0353079014700233,0.984378004329751,0.0776412149584628,0.9727865518902564,0.1026449019489065,2.3551624568286886,0.0058280695932096,3.552507264973393
W0008,6,0.0,0.0,0.0,0.0,0.0,0.0,4.354198916840478,0.0,0.0,0.0,0.0,0.0,0.0,0.0,0.0,0.0,0.0,0.0,0.0,0.0,0.0,0.0,0.0,0.0,0.0,0.0,0.0,0.0,0.0,0.0,0.0,0.0,0.0,0.0,0.0,0.0,0.0,0.0,0.0,0.0,0.0,0.0,0.0,0.0,0.0,0.0,0.0,0.0,0.0,0.0,0.0388010362976145,3.964008953551156,0.0910937127302807,0.1618130103496136,0.6207496382593919,1.8624277446999755,1.2019153420451183,-0.0164957467480499,1.0278271341498564,0.0375466890794028,1.0005952337735815,-0.0032820879867494,2.0540921466129856,0.057351037226045,3.335557129535739
W0009,0,0.0,0.0,0.0,0.0,0.0,0.0,0.0,3.0,0.0,0.0,0.0,0.0,0.0,0.0,0.0,0.0,0.0,0.0,0.0,0.0,0.0,0.0,0.0,0.0,0.0,0.0,0.0,0.0,0.0,0.0,0.0,0.0,0.0,0.0,0.0,0.0,0.0,0.0,0.0,0.0,0.0,0.0,0.0,0.0,0.0,0.0,0.0,0.0,0.0,0.0,35.0,0.0,0.0,0.0,0.0,0.0,0.0,0.0,0.0,0.0,0.0,0.0,0.0,0.0,0.0
W0009,1,0.0,0.0,0.0,0.0,0.0,0.0,0.0,11.915038347629702,0.0,0.0,0.0,0.0,0.0,0.0,0.0,0.0,0.0,0.0,0.0,0.0,0.0,0.0,0.0,0.0,0.0,0.0,0.0,0.0,0.0,0.0,0.0,0.0,0.0,0.0,0.0,0.0,0.0,0.0,0.0,0.0,0.0,0.0,0.0,0.0,0.0,0.0,0.0,0.0,0.0,0.0,2.039760079534424,0.0916120043787857,1.5385326433472892,3.859389042035656,3.662562459902702,3.4052465771588283,1.0435017308120975,0.886111658311994,0.1146991988219643,0.6341291697338671,0.0484275789873397,0.6850574675881752,0.8753878485580014,2.570351009838631,1.822512788396105
W0009,2,0.0,0.0,0.0,0.0,0.0,0.0,0.0,10.63434605315193,0.0,0.0,0.0,0.0,0.0,0.0,0.0,0.0,0.0,0.0,0.0,0.0,0.0,0.0,0.0,0.0,0.0,0.0,0.0,0.0,0.0,0.0,0.0,0.0,0.0,0.0,0.0,0.0,0.0,0.0,0.0,0.0,0.0,0.0,0.0,0.0,0.0,0.0,0.0,0.0,0.0,0.0,0.0264717539802081,0.2492401291757586,1.3538835051259632,4.093401157065277,1.0372580435139669,4.460955334692652,1.6439547718535232,1.1574587630333808,0.0865329249006526,0.910828819585253,0.0300087511450811,0.209020280403044,1.1437446499673565,2.2175288493750838,2.301261323207492
W0009,3,0.0,0.0,0.0,0.0,0.0,0.0,0.0,6.959880860086196,0.0,0.0,0.0,0.0,0.0,0.0,0.0,0.0,0.0,0.0,0.0,0.0,0.0,0.0,0.0,0.0,0.0,0.0,0.0,0.0,0.0,0.0,0.0,0.0,0.0,0.0,0.0,0.0,0.0,0.0,0.0,0.0,0.0,0.0,0.0,0.0,0.0,0.0,0.0,0.0,0.0,0.0,-0.0013252127881459,0.2707323912410072,1.5459538154031691,4.5081808225007975,0.3850350536255811,4.240440054385273,1.6425586715380427,0.8981937773557076,-0.0342726699156261,1.130285949610288,0.0535042637725224,0.0603720504782063,0.985457536645033,2.8188685551663277,3.3698079807808505
W0009,4,0.0,0.0,0.0,0.0,0.0,0.0,0.0,6.29375347654964,0.0,0.0,0.0,0.0,0.0,0.0,0.0,0.0,0.0,0.0,0.0,0.0,0.0,0.0,0.0,0.0,0.0,0.0,0.0,0.0,0.0,0.0,0.0,0.0,0.0,0.0,0.0,0.0,0.0,0.0,0.0,0.0,0.0,0.0,0.0,0.0,0.0,0.0,0.0,0.0,0.0,0.0,0.0008105749891795,0.2707374367933365,1.3905465237264176,4.442107459080233,0.1690662779198137,4.2242981200295375,1.912551003602659,1.1675247939451334,0.0338042974752177,1.2147122502900576,-0.0523190670643871,0.1090274254118431,1.109589042519974,2.1658594114600342,3.086232511745039
W0009,5,0.0,0.0,0.0,0.0,0.0,0.0,0.0,4.002452677379228,0.0,0.0,0.0,0.0,0.0,0.0,0.0,0.0,0.0,0.0,0.0,0.0,0.0,0.0,0.0,0.0,0.0,0.0,0.0,0.0,0.0,0.0,0.0,0.0,0.0,0.0,0.0,0.0,0.0,0.0,0.0,0.0,0.0,0.0,0.0,0.0,0.0,0.0,0.0,0.0,0.0,0.0,0.0467864005820044,0.2181382118656203,1.2573220658647628,4.414008212947056,0.1749764701332686,3.996927906989197,1.8677079384967132,1.319969378442797,-0.0391018314609826,1.467147157677755,0.0456036434399288,0.0470471933638359,1.157768698079641,2.8756654727312467,3.200739060183775
W0009,6,0.0,0.0,0.0,0.0,0.0,0.0,0.0,2.908181421384504,0.0,0.0,0.0,0.0,0.0,0.0,0.0,0.0,0.0,0.0,0.0,0.0,0.0,0.0,0.0,0.0,0.0,0.0,0.0,0.0,0.0,0.0,0.0,0.0,0.0,0.0,0.0,0.0,0.0,0.0,0.0,0.0,0.0,0.0,0.0,0.0,0.0,0.0,0.0,0.0,0.0,0.0,0.039914110536973,0.2576802548071891,1.4046874379427097,3.92395759661111,0.0244228814365491,3.8492150882612735,2.0250756669659347,1.0342522966162495,0.0384260214785886,1.1887211490134175,-0.0426791449522082,-0.063761563482706,0.9207853648465736,2.974008776765301,2.5777107346301125
W0010,0,0.0,0.0,0.0,0.0,0.0,0.0,0.0,0.0,3.0,0.0,0.0,0.0,0.0,0.0,0.0,0.0,0.0,0.0,0.0,0.0,0.0,0.0,0.0,0.0,0.0,0.0,0.0,0.0,0.0,0.0,0.0,0.0,0.0,0.0,0.0,0.0,0.0,0.0,0.0,0.0,0.0,0.0,0.0,0.0,0.0,0.0,0.0,0.0,0.0,0.0,35.0,0.0,0.0,0.0,0.0,0.0,0.0,0.0,0.0,0.0,0.0,0.0,0.0,0.0,0.0
W0010,1,0.0,0.0,0.0,0.0,0.0,0.0,0.0,0.0,11.436466596690837,0.0,0.0,0.0,0.0,0.0,0.0,0.0,0.0,0.0,0.0,0.0,0.0,0.0,0.0,0.0,0.0,0.0,0.0,0.0,0.0,0.0,0.0,0.0,0.0,0.0,0.0,0.0,0.0,0.0,0.0,0.0,0.0,0.0,0.0,0.0,0.0,0.0,0.0,0.0,0.0,0.0,0.114886312000303,0.8117282477803596,2.396726337144308,0.0279124876982634,1.3103139045029106,5.558931916880443,0.0,4.838394794511715,2.272662372197825,-0.0392132634574393,0.0884974521123683,0.0475968329673395,0.7067285136828072,5.718112763659531,0.2567341607808021
W0010,2,0.0,0.0,0.0,0.0,0.0,0.0,0.0,0.0,7.873052486023285,0.0,0.0,0.0,0.0,0.0,0.0,0.0,0.0,0.0,0.0,0.0,0.0,0.0,0.0,0.0,0.0,0.0,0.0,0.0,0.0,0.0,0.0,0.0,0.0,0.0,0.0,0.0,0.0,0.0,0.0,0.0,0.0,0.0,0.0,0.0,0.0,0.0,0.0,0.0,0.0,0.0,0.0336613324421017,1.3160990896602451,1.7535072055675112,0.0112393500976109,1.176179555858065,5.002409482148478,0.0,4.042873297594631,2.3769768472248742,0.0758893384325803,-0.0087938512647539,0.0026990639965067,0.6135572481728652,4.880358213332481,0.285600829286
W0010,3,0.0,0.0,0.0,0.0,0.0,0.0,0.0,0.0,4.756762574480845,0.0,0.0,0.0,0.0,0.0,0.0,0.0,0.0,0.0,0.0,0.0,0.0,0.0,0.0,0.0,0.0,0.0,0.0,0.0,0.0,0.0,0.0,0.0,0.0,0.0,0.0,0.0,0.0,0.0,0.0,0.0,0.0,0.0,0.0,0.0,0.0,0.0,0.0,0.0,0.0,0.0,-0.0522774001926308,1.0617437212526453,2.7288494793932663,0.0227240071469555,1.2131210294066348,6.00277299015183,0.0,5.337460551087908,2.870901668279108,0.0292383167750797,-0.0713550360710058,-0.0917650252879037,0.7271321885841622,4.945467436384186,0.3251099439499785
W0010,4,0.0,0.0,0.0,0.0,0.0,0.0,0.0,0.0,3.721440547739632,0.0,0.0,0.0,0.0,0.0,0.0,0.0,0.0,0.0,0.0,0.0,0.0,0.0,0.0,0.0,0.0,0.0,0.0,0.0,0.0,0.0,0.0,0.0,0.0,0.0,0.0,0.0,0.0,0.0,0.0,0.0,0.0,0.0,0.0,0.0,0.0,0.0,0.0,0.0,0.0,0.0,0.1007852224764813,1.1194593418087533,2.6871621477695435,-0.0411469548804803,1.148832949560886,5.778271692556382,0.0,5.428270111919792,2.8008265088125377,0.027791209225773,-0.0557690919727303,0.0481863536508729,0.5429258818813828,5.35121031231083,0.2679721281450906
W0010,5,0.0,0.0,0.0,0.0,0.0,0.0,0.0,0.0,2.4555435700209687,0.0,0.0,0.0,0.0,0.0,0.0,0.0,0.0,0.0,0.0,0.0,0.0,0.0,0.0,0.0,0.0,0.0,0.0,0.0,0.0,0.0,0.0,0.0,0.0,0.0,0.0,0.0,0.0,0.0,0.0,0.0,0.0,0.0,0.0,0.0,0.0,0.0,0.0,0.0,0.0,0.0,0.0531400604479218,1.215295680050113,2.909993731020348,-0.0232860208438548,1.246030881885493,5.8731567820751485,0.0,5.273356677441804,2.086881179183611,0.0083707233726505,-0.0057802973255819,-0.079542987109796,0.6035745364879559,5.06189166067287,0.3039236297309873
W0010,6,0.0,0.0,0.0,0.0,0.0,0.0,0.0,0.0,1.9210979487123363,0.0,0.0,0.0,0.0,0.0,0.0,0.0,0.0,0.0,0.0,0.0,0.0,0.0,0.0,0.0,0.0,0.0,0.0,0.0,0.0,0.0,0.0,0.0,0.0,0.0,0.0,0.0,0.0,0.0,0.0,0.0,0.0,0.0,0.0,0.0,0.0,0.0,0.0,0.0,0.0,0.0,0.0894815145898418,0.9676086990057228,2.8479020644894124,0.0193228553846296,1.1315632818775865,6.237133285449646,0.0,4.911878906318124,1.961902903258255,0.0221662130685651,0.0966036869571214,-0.00219565206086,0.7289371042424982,5.300494004727152,0.2151058004242925
W0011,0,0.0,0.0,0.0,0.0,0.0,0.0,0.0,0.0,0.0,3.0,0.0,0.0,0.0,0.0,0.0,0.0,0.0,0.0,0.0,0.0,0.0,0.0,0.0,0.0,0.0,0.0,0.0,0.0,0.0,0.0,0.0,0.0,0.0,0.0,0.0,0.0,0.0,0.0,0.0,0.0,0.0,0.0,0.0,0.0,0.0,0.0,0.0,0.0,0.0,0.0,35.0,0.0,0.0,0.0,0.0,0.0,0.0,0.0,0.0,0.0,0.0,0.0,0.0,0.0,0.0
W0011,1,0.0,0.0,0.0,0.0,0.0,0.0,0.0,0.0,0.0,9.791431859869023,0.0,0.0,0.0,0.0,0.0,0.0,0.0,0.0,0.0,0.0,0.0,0.0,0.0,0.0,0.0,0.0,0.0,0.0,0.0,0.0,0.0,0.0,0.0,0.0,0.0,0.0,0.0,0.0,0.0,0.0,0.0,0.0,0.0,0.0,0.0,0.0,0.0,0.0,0.0,0.0,1.5017923242430238,0.3867578506246316,0.2923053561143646,0.4916750072436147,5.663323778956464,0.0210259728155612,0.0338185249296304,3.1398788153051824,0.2374885058312728,2.7207916963028653,1.5124042954971813,0.1326242755378971,1.2962793503837835,3.7598559009184176,2.082851597418085
W0011,2,0.0,0.0,0.0,0.0,0.0,0.0,0.0,0.0,0.0,8.945209433187031,0.0,0.0,0.0,0.0,0.0,0.0,0.0,0.0,0.0,0.0,0.0,0.0,0.0,0.0,0.0,0.0,0.0,0.0,0.0,0.0,0.0,0.0,0.0,0.0,0.0,0.0,0.0,0.0,0.0,0.0,0.0,0.0,0.0,0.0,0.0,0.0,0.0,0.0,0.0,0.0,0.015419592599999,0.3533128019619434,0.3917761088113086,0.5113345877266752,5.851379855599176,0.0188452830421087,0.0462690616532831,3.654209855887902,0.106571932651146,3.2998018339329658,0.3727988349357941,0.0971286162395795,1.7585034484918864,4.2768758585326125,1.921822869005636
W0011,3,0.0,0.0,0.0,0.0,0.0,0.0,0.0,0.0,0.0,7.220016914335454,0.0,0.0,0.0,0.0,0.0,0.0,0.0,0.0,0.0,0.0,0.0,0.0,0.0,0.0,0.0,0.0,0.0,0.0,0.0,0.0,0.0,0.0,0.0,0.0,0.0,0.0,0.0,0.0,0.0,0.0,0.0,0.0,0.0,0.0,0.0,0.0,0.0,0.0,0.0,0.0,0.0555354901187935,0.4315459201837981,0.4283082378176298,0.5343913625508121,6.551577936051299,-0.0069048682587698,-0.0046890867459424,3.436524660976804,-0.0037282784965569,2.899082019238679,0.0560053008476419,0.0329348272889543,1.7341498498288102,4.668656643469621,1.883475969266416
W0011,4,0.0,0.0,0.0,0.0,0.0,0.0,0.0,0.0,0.0,4.610897138789043,0.0,0.0,0.0,0.0,0.0,0.0,0.0,0.0,0.0,0.0,0.0,0.0,0.0,0.0,0.0,0.0,0.0,0.0,0.0,0.0,0.0,0.0,0.0,0.0,0.0,0.0,0.0,0.0,0.0,0.0,0.0,0.0,0.0,0.0,0.0,0.0,0.0,0.0,0.0,0.0,0.0687686293710228,0.2094780591812692,0.3676602996601488,0.4810335670087927,6.207279845282352,-0.0508774492781176,-0.0469957558368324,3.219470911825808,-0.074905520817234,3.919375320987161,0.0372194482667388,-0.0822991356526776,1.485868301128671,4.23492345545024,2.090645016631996
W0011,5,0.0,0.0,0.0,0.0,0.0,0.0,0.0,0.0,0.0,3.5806620011922354,0.0,0.0,0.0,0.0,0.0,0.0,0.0,0.0,0.0,0.0,0.0,0.0,0.0,0.0,0.0,0.0,0.0,0.0,0.0,0.0,0.0,0.0,0.0,0.0,0.0,0.0,0.0,0.0,0.0,0.0,0.0,0.0,0.0,0.0,0.0,0.0,0.0,0.0,0.0,0.0,0.0319239298630047,0.3879675425969806,0.4631259947095247,0.4472115159015071,6.187755939152972,-0.0493536431225917,-0.0311364203550915,3.831419300130971,-0.0293502436922244,2.78960419450958,0.0281011183208183,0.0070824816875614,1.7667167459859945,3.687285669622845,1.8349681225230188
W0011,6,0.0,0.0,0.0,0.0,0.0,0.0,0.0,0.0,0.0,2.4841028414148427,0.0,0.0,0.0,0.0,0.0,0.0,0.0,0.0,0.0,0.0,0.0,0.0,0.0,0.0,0.0,0.0,0.0,0.0,0.0,0.0,0.0,0.0,0.0,0.0,0.0,0.0,0.0,0.0,0.0,0.0,0.0,0.0,0.0,0.0,0.0,0.0,0.0,0.0,0.0,0.0,-0.019716719835801,0.248674131234261,0.4294190112051195,0.5177775238706953,5.289905410300382,-0.0265037395878619,0.0318544294061625,4.089630951023344,0.0911362621486165,3.3554789649341146,0.0711493050743207,0.0030909509508062,1.4201745047608356,4.693010500129161,2.3604030798194184
W0012,0,0.0,0.0,0.0,0.0,0.0,0.0,0.0,0.0,0.0,0.0,3.0,0.0,0.0,0.0,0.0,0.0,0.0,0.0,0.0,0.0,0.0,0.0,0.0,0.0,0.0,0.0,0.0,0.0,0.0,0.0,0.0,0.0,0.0,0.0,0.0,0.0,0.0,0.0,0.0,0.0,0.0,0.0,0.0,0.0,0.0,0.0,0.0,0.0,0.0,0.0,35.0,0.0,0.0,0.0,0.0,0.0,0.0,0.0,0.0,0.0,0.0,0.0,0.0,0.0,0.0
W0012,1,0.0,0.0,0.0,0.0,0.0,0.0,0.0,0.0,0.0,0.0,11.033651217049051,0.0,0.0,0.0,0.0,0.0,0.0,0.0,0.0,0.0,0.0,0.0,0.0,0.0,0.0,0.0,0.0,0.0,0.0,0.0,0.0,0.0,0.0,0.0,0.0,0.0,0.0,0.0,0.0,0.0,0.0,0.0,0.0,0.0,0.0,0.0,0.0,0.0,0.0,0.0,0.049415014898333,2.211702853795228,1.3142423537997885,0.8598458648397425,3.668164277642808,1.2750526963923654,8.765100814154657,0.2636733998351086,0.0,0.0,0.0,0.0,3.5114513527876388,0.5996536801792058,0.7203273265239679
W0012,2,0.0,0.0,0.0,0.0,0.0,0.0,0.0,0.0,0.0,0.0,8.526150184297233,0.0,0.0,0.0,0.0,0.0,0.0,0.0,0.0,0.0,0.0,0.0,0.0,0.0,0.0,0.0,0.0,0.0,0.0,0.0,0.0,0.0,0.0,0.0,0.0,0.0,0.0,0.0,0.0,0.0,0.0,0.0,0.0,0.0,0.0,0.0,0.0,0.0,0.0,0.0,0.0480032097831946,3.1450161173900875,1.4535256750685752,0.8648637657516258,4.946938894565338,1.8968190983135456,8.443315884500226,0.203837246338818,0.0,0.0,0.0,0.0,2.283333984551412,0.5576994559975188,1.372798135298712
W0012,3,0.0,0.0,0.0,0.0,0.0,0.0,0.0,0.0,0.0,0.0,5.715406469126031,0.0,0.0,0.0,0.0,0.0,0.0,0.0,0.0,0.0,0.0,0.0,0.0,0.0,0.0,0.0,0.0,0.0,0.0,0.0,0.0,0.0,0.0,0.0,0.0,0.0,0.0,0.0,0.0,0.0,0.0,0.0,0.0,0.0,0.0,0.0,0.0,0.0,0.0,0.0,-0.016854791190644,2.304375550638785,1.2539575310733817,0.886767486858992,4.412976247050578,2.3424993490003714,8.925456655107332,0.2090241830613199,0.0,0.0,0.0,0.0,1.3142581735085384,0.6412038176864887,1.3787186371868572
W0012,4,0.0,0.0,0.0,0.0,0.0,0.0,0.0,0.0,0.0,0.0,3.4254481286770737,0.0,0.0,0.0,0.0,0.0,0.0,0.0,0.0,0.0,0.0,0.0,0.0,0.0,0.0,0.0,0.0,0.0,0.0,0.0,0.0,0.0,0.0,0.0,0.0,0.0,0.0,0.0,0.0,0.0,0.0,0.0,0.0,0.0,0.0,0.0,0.0,0.0,0.0,0.0,-0.0009513604927549,2.7417783266720974,1.3606275796785847,1.071363052092958,4.052170751296542,2.168266820236147,8.731032688437844,0.2570836023461547,0.0,0.0,0.0,0.0,1.1837624634554602,0.59109262834322,1.4735081085820456
W0012,5,0.0,0.0,0.0,0.0,0.0,0.0,0.0,0.0,0.0,0.0,2.9559017726969072,0.0,0.0,0.0,0.0,0.0,0.0,0.0,0.0,0.0,0.0,0.0,0.0,0.0,0.0,0.0,0.0,0.0,0.0,0.0,0.0,0.0,0.0,0.0,0.0,0.0,0.0,0.0,0.0,0.0,0.0,0.0,0.0,0.0,0.0,0.0,0.0,0.0,0.0,0.0,-0.0159620242054076,2.4351000024989453,1.6066413751593114,1.0122154049912462,4.447733265650586,1.9518935634461012,8.736711579462032,0.2130132424038726,0.0,0.0,0.0,0.0,0.6970109474925562,0.7689887114586228,1.526161489460563
W0012,6,0.0,0.0,0.0,0.0,0.0,0.0,0.0,0.0,0.0,0.0,2.119347589358986,0.0,0.0,0.0,0.0,0.0,0.0,0.0,0.0,0.0,0.0,0.0,0.0,0.0,0.0,0.0,0.0,0.0,0.0,0.0,0.0,0.0,0.0,0.0,0.0,0.0,0.0,0.0,0.0,0.0,0.0,0.0,0.0,0.0,0.0,0.0,0.0,0.0,0.0,0.0,0.0083930051886824,2.6181616422494653,1.365421413525361,1.1059415920238886,4.100162258420714,2.2719214671976844,7.658497475539844,0.1821059520813946,0.0,0.0,0.0,0.0,0.6135936530141444,0.6941236843627151,1.4397651540483227
W0013,0,0.0,0.0,0.0,0.0,0.0,0.0,0.0,0.0,0.0,0.0,0.0,3.0,0.0,0.0,0.0,0.0,0.0,0.0,0.0,0.0,0.0,0.0,0.0,0.0,0.0,0.0,0.0,0.0,0.0,0.0,0.0,0.0,0.0,0.0,0.0,0.0,0.0,0.0,0.0,0.0,0.0,0.0,0.0,0.0,0.0,0.0,0.0,0.0,0.0,0.0,35.0,0.0,0.0,0.0,0.0,0.0,0.0,0.0,0.0,0.0,0.0,0.0,0.0,0.0,0.0
W0013,1,0.0,0.0,0.0,0.0,0.0,0.0,0.0,0.0,0.0,0.0,0.0,10.757781118678912,0.0,0.0,0.0,0.0,0.0,0.0,0.0,0.0,0.0,0.0,0.0,0.0,0.0,0.0,0.0,0.0,0.0,0.0,0.0,0.0,0.0,0.0,0.0,0.0,0.0,0.0,0.0,0.0,0.0,0.0,0.0,0.0,0.0,0.0,0.0,0.0,0.0,0.0,0.0480884747213596,0.7578674678987471,0.056266522301119,1.4453865709028846,6.046838593510868,4.275223921960178,0.0005340813455306,0.0280018791528391,0.1768744413224523,0.6037274642708779,0.3604087559676521,1.183618842712159,1.218667964329205,3.2129213383720145,0.1426782327937845
W0013,2,0.0,0.0,0.0,0.0,0.0,0.0,0.0,0.0,0.0,0.0,0.0,9.122904744839303,0.0,0.0,0.0,0.0,0.0,0.0,0.0,0.0,0.0,0.0,0.0,0.0,0.0,0.0,0.0,0.0,0.0,0.0,0.0,0.0,0.0,0.0,0.0,0.0,0.0,0.0,0.0,0.0,0.0,0.0,0.0,0.0,0.0,0.0,0.0,0.0,0.0,0.0,-1.702310730477912e-05,1.1474355048703282,0.0708447323025378,1.5084175467582426,7.540296956165756,4.264372251831553,0.0675004792576986,0.0125271489115283,0.0133659955506283,0.0900699948896782,0.0380147832142733,1.3143436225950849,1.3509880587206715,2.3327474435447155,0.29821138705656
W0013,3,0.0,0.0,0.0,0.0,0.0,0.0,0.0,0.0,0.0,0.0,0.0,6.883574391332131,0.0,0.0,0.0,0.0,0.0,0.0,0.0,0.0,0.0,0.0,0.0,0.0,0.0,0.0,0.0,0.0,0.0,0.0,0.0,0.0,0.0,0.0,0.0,0.0,0.0,0.0,0.0,0.0,0.0,0.0,0.0,0.0,0.0,0.0,0.0,0.0,0.0,0.0,0.0030005320012216,1.4449612085045764,0.0169772245714977,1.54943764190943,6.086591774100414,3.6642024826334447,0.071288399570117,0.0421855985493285,0.0549951020698389,-0.060925952577112,0.0514803571828978,1.4737819625418735,1.6095990123666997,1.3440550255724344,0.4980235952160053
W0013,4,0.0,0.0,0.0,0.0,0.0,0.0,0.0,0.0,0.0,0.0,0.0,5.502178141631255,0.0,0.0,0.0,0.0,0.0,0.0,0.0,0.0,0.0,0.0,0.0,0.0,0.0,0.0,0.0,0.0,0.0,0.0,0.0,0.0,0.0,0.0,0.0,0.0,0.0,0.0,0.0,0.0,0.0,0.0,0.0,0.0,0.0,0.0,0.0,0.0,0.0,0.0,-0.0369535490483459,1.780997929625546,0.1202306169268804,1.437739394892734,9.033018598291768,3.798292645728656,-0.036750616814997,0.0968528676649859,0.0365034571366943,-0.0303403294833845,0.0165054163962387,1.8335084642729265,1.2892888588526572,1.3413231010964053,0.5480472866176357
W0013,5,0.0,0.0,0.0,0.0,0.0,0.0,0.0,0.0,0.0,0.0,0.0,4.925151738699787,0.0,0.0,0.0,0.0,0.0,0.0,0.0,0.0,0.0,0.0,0.0,0.0,0.0,0.0,0.0,0.0,0.0,0.0,0.0,0.0,0.0,0.0,0.0,0.0,0.0,0.0,0.0,0.0,0.0,0.0,0.0,0.0,0.0,0.0,0.0,0.0,0.0,0.0,-0.0297319430380194,1.873053984366425,0.1599683421775341,1.7341374755860153,6.959343976919331,4.278192787581775,0.0211934423621252,0.0935823456638106,-0.0232310004000307,-0.0271407637057447,0.0603346727596914,1.4839758190706236,1.1774037493548306,1.214281007590236,0.5767260131584119
W0013,6,0.0,0.0,0.0,0.0,0.0,0.0,0.0,0.0,0.0,0.0,0.0,2.87797582954558,0.0,0.0,0.0,0.0,0.0,0.0,0.0,0.0,0.0,0.0,0.0,0.0,0.0,0.0,0.0,0.0,0.0,0.0,0.0,0.0,0.0,0.0,0.0,0.0,0.0,0.0,0.0,0.0,0.0,0.0,0.0,0.0,0.0,0.0,0.0,0.0,0.0,0.0,-0.0251242861071093,1.8163907832396573,0.1548127950406553,1.0470664439204314,7.121881487113171,4.631410674573795,0.0732863176305627,0.0605625876213338,0.0617185355169755,0.0704896440394772,0.0253868597475235,1.682112902512062,1.1301565446774793,0.966543374575114,0.4508071632775403
W0014,0,0.0,0.0,0.0,0.0,0.0,0.0,0.0,0.0,0.0,0.0,0.0,0.0,3.0,0.0,0.0,0.0,0.0,0.0,0.0,0.0,0.0,0.0,0.0,0.0,0.0,0.0,0.0,0.0,0.0,0.0,0.0,0.0,0.0,0.0,0.0,0.0,0.0,0.0,0.0,0.0,0.0,0.0,0.0,0.0,0.0,0.0,0.0,0.0,0.0,0.0,35.0,0.0,0.0,0.0,0.0,0.0,0.0,0.0,0.0,0.0,0.0,0.0,0.0,0.0,0.0
W0014,1,0.0,0.0,0.0,0.0,0.0,0.0,0.0,0.0,0.0,0.0,0.0,0.0,10.703509368242216,0.0,0.0,0.0,0.0,0.0,0.0,0.0,0.0,0.0,0.0,0.0,0.0,0.0,0.0,0.0,0.0,0.0,0.0,0.0,0.0,0.0,0.0,0.0,0.0,0.0,0.0,0.0,0.0,0.0,0.0,0.0,0.0,0.0,0.0,0.0,0.0,0.0,0.0832692511076711,0.3940823114437485,0.8397418449658475,1.9692146416609948,0.2299630905454031,1.5280836873705002,3.3483935884924803,3.335066806953101,0.7227508648257361,0.2301054745303731,0.0105463724184118,0.2450603063232058,1.5525578604119024,2.038800091950501,6.460741679548039
W0014,2,0.0,0.0,0.0,0.0,0.0,0.0,0.0,0.0,0.0,0.0,0.0,0.0,8.092627684049644,0.0,0.0,0.0,0.0,0.0,0.0,0.0,0.0,0.0,0.0,0.0,0.0,0.0,0.0,0.0,0.0,0.0,0.0,0.0,0.0,0.0,0.0,0.0,0.0,0.0,0.0,0.0,0.0,0.0,0.0,0.0,0.0,0.0,0.0,0.0,0.0,0.0,-0.0064808492051664,0.2032947131297819,1.0063351430361271,1.7734014290253592,0.1363168700747216,1.501766780007485,3.635325695541901,3.4097800634046425,0.9789354965678756,0.0738753771419311,0.0182506983489187,0.0181045263329484,2.2745794726325794,1.1123655087654334,6.642363518962108
W0014,3,0.0,0.0,0.0,0.0,0.0,0.0,0.0,0.0,0.0,0.0,0.0,0.0,5.626038945744503,0.0,0.0,0.0,0.0,0.0,0.0,0.0,0.0,0.0,0.0,0.0,0.0,0.0,0.0,0.0,0.0,0.0,0.0,0.0,0.0,0.0,0.0,0.0,0.0,0.0,0.0,0.0,0.0,0.0,0.0,0.0,0.0,0.0,0.0,0.0,0.0,0.0,0.0710968473626683,0.042309022796894,1.1480292097043008,2.052810509731417,0.260874044610179,1.510583960350389,3.305862977984039,3.454338384239786,1.14054071944416,-0.0247066759112139,0.042714259493358,0.1058030374445322,2.2196004108778955,0.8283129117405839,7.035998961991813
W0014,4,0.0,0.0,0.0,0.0,0.0,0.0,0.0,0.0,0.0,0.0,0.0,0.0,5.011764392196582,0.0,0.0,0.0,0.0,0.0,0.0,0.0,0.0,0.0,0.0,0.0,0.0,0.0,0.0,0.0,0.0,0.0,0.0,0.0,0.0,0.0,0.0,0.0,0.0,0.0,0.0,0.0,0.0,0.0,0.0,0.0,0.0,0.0,0.0,0.0,0.0,0.0,-0.0059162013372147,0.0249069309567492,1.003574566271626,1.6262297911587622,0.2108562112631472,1.596854797430374,3.333484425928526,4.023537759760201,1.2256405282568814,-0.0511861554681277,0.0478565277260537,-0.0104438950366621,2.104116899898775,0.6013671222287742,6.765437668363956
W0014,5,0.0,0.0,0.0,0.0,0.0,0.0,0.0,0.0,0.0,0.0,0.0,0.0,3.288827568745054,0.0,0.0,0.0,0.0,0.0,0.0,0.0,0.0,0.0,0.0,0.0,0.0,0.0,0.0,0.0,0.0,0.0,0.0,0.0,0.0,0.0,0.0,0.0,0.0,0.0,0.0,0.0,0.0,0.0,0.0,0.0,0.0,0.0,0.0,0.0,0.0,0.0,-0.0183675491154893,0.0273869397554179,1.0180765984700175,1.896093989599976,0.1400150254648542,1.828071763801192,3.472794540503472,3.1728264034260816,1.3631956481303122,-0.0796070646364291,-0.0071391274526342,0.0683776555219847,2.0435532113331214,0.5770071600180632,6.474951423431071
W0014,6,0.0,0.0,0.0,0.0,0.0,0.0,0.0,0.0,0.0,0.0,0.0,0.0,2.293178349590467,0.0,0.0,0.0,0.0,0.0,0.0,0.0,0.0,0.0,0.0,0.0,0.0,0.0,0.0,0.0,0.0,0.0,0.0,0.0,0.0,0.0,0.0,0.0,0.0,0.0,0.0,0.0,0.0,0.0,0.0,0.0,0.0,0.0,0.0,0.0,0.0,0.0,0.0748150593313107,0.0443400627265092,1.1369859985745483,2.1527026545165127,0.2351587954259529,1.3950056673744964,4.07621875869874,3.3253285585113286,1.3891895282957314,-0.0171463681978021,-0.0699741580709337,0.0272984298340413,2.4376580160820605,0.4204743182668907,6.982926517486578
W0015,0,0.0,0.0,0.0,0.0,0.0,0.0,0.0,0.0,0.0,0.0,0.0,0.0,0.0,3.0,0.0,0.0,0.0,0.0,0.0,0.0,0.0,0.0,0.0,0.0,0.0,0.0,0.0,0.0,0.0,0.0,0.0,0.0,0.0,0.0,0.0,0.0,0.0,0.0,0.0,0.0,0.0,0.0,0.0,0.0,0.0,0.0,0.0,0.0,0.0,0.0,35.0,0.0,0.0,0.0,0.0,0.0,0.0,0.0,0.0,0.0,0.0,0.0,0.0,0.0,0.0
W0015,1,0.0,0.0,0.0,0.0,0.0,0.0,0.0,0.0,0.0,0.0,0.0,0.0,0.0,12.492833499141163,0.0,0.0,0.0,0.0,0.0,0.0,0.0,0.0,0.0,0.0,0.0,0.0,0.0,0.0,0.0,0.0,0.0,0.0,0.0,0.0,0.0,0.0,0.0,0.0,0.0,0.0,0.0,0.0,0.0,0.0,0.0,0.0,0.0,0.0,0.0,0.0,1.7486722216372308,1.729078802112149,0.7959758475974575,3.555803509104734,2.39610836907042,0.5746645509278774,3.864692355272499,2.0524957187623203,0.1153588788047334,0.084376762605327,0.2361323340687914,0.4485834603400949,2.432623643172436,0.3241345136842224,0.49700887732867
W0015,2,0.0,0.0,0.0,0.0,0.0,0.0,0.0,0.0,0.0,0.0,0.0,0.0,0.0,15.105971947202445,0.0,0.0,0.0,0.0,0.0,0.0,0.0,0.0,0.0,0.0,0.0,0.0,0.0,0.0,0.0,0.0,0.0,0.0,0.0,0.0,0.0,0.0,0.0,0.0,0.0,0.0,0.0,0.0,0.0,0.0,0.0,0.0,0.0,0.0,0.0,0.0,0.3636569115009239,1.3232274316097068,0.3654825041769556,0.9202750793445058,0.5707254443268573,0.7252902120265969,4.3366697693072105,0.5738595493347367,0.0839361669296824,0.0100770277090069,0.5264451417097868,0.8101493368418197,3.1957011869779537,0.4499294737508372,1.0954499232738055
W0015,3,0.0,0.0,0.0,0.0,0.0,0.0,0.0,0.0,0.0,0.0,0.0,0.0,0.0,11.879794824972564,0.0,0.0,0.0,0.0,0.0,0.0,0.0,0.0,0.0,0.0,0.0,0.0,0.0,0.0,0.0,0.0,0.0,0.0,0.0,0.0,0.0,0.0,0.0,0.0,0.0,0.0,0.0,0.0,0.0,0.0,0.0,0.0,0.0,0.0,0.0,0.0,0.1113489750608814,0.6740002254390327,0.2250916109707683,0.3488547515250277,0.2467339765129354,0.7038703761275374,6.068169266024894,0.1425615380568184,0.1197267248760425,0.0251839058906435,0.6330837445198967,0.8914896280423773,3.456901234909323,0.5466439925960646,1.1758476341743889
W0015,4,0.0,0.0,0.0,0.0,0.0,0.0,0.0,0.0,0.0,0.0,0.0,0.0,0.0,10.793493050471024,0.0,0.0,0.0,0.0,0.0,0.0,0.0,0.0,0.0,0.0,0.0,0.0,0.0,0.0,0.0,0.0,0.0,0.0,0.0,0.0,0.0,0.0,0.0,0.0,0.0,0.0,0.0,0.0,0.0,0.0,0.0,0.0,0.0,0.0,0.0,0.0,0.0886144878405832,0.4485680118554213,0.1558131075494793,0.1929406134478679,0.0887135756101795,0.4623591797271418,5.306863348516476,0.0620475502659868,0.0942255208329037,0.0272687068306664,0.4067250790232437,0.910051494479179,3.073155038422246,0.5385599662067521,1.332595806917005
W0015,5,0.0,0.0,0.0,0.0,0.0,0.0,0.0,0.0,0.0,0.0,0.0,0.0,0.0,6.244433158419412,0.0,0.0,0.0,0.0,0.0,0.0,0.0,0.0,0.0,0.0,0.0,0.0,0.0,0.0,0.0,0.0,0.0,0.0,0.0,0.0,0.0,0.0,0.0,0.0,0.0,0.0,0.0,0.0,0.0,0.0,0.0,0.0,0.0,0.0,0.0,0.0,0.0386002322190839,0.1698458704611835,0.0711441655104718,0.2605688218916823,0.0819798771614531,0.4862365366074916,5.438697632648253,0.014234626379613,0.0687260826458188,0.0488527826809543,0.6034953034735524,0.9617921859001998,3.123889329803453,0.5055105230733761,1.090075603338065
W0015,6,0.0,0.0,0.0,0.0,0.0,0.0,0.0,0.0,0.0,0.0,0.0,0.0,0.0,5.18814369722878,0.0,0.0,0.0,0.0,0.0,0.0,0.0,0.0,0.0,0.0,0.0,0.0,0.0,0.0,0.0,0.0,0.0,0.0,0.0,0.0,0.0,0.0,0.0,0.0,0.0,0.0,0.0,0.0,0.0,0.0,0.0,0.0,0.0,0.0,0.0,0.0,0.1115444462948201,0.2797643540245259,0.1164189882178126,0.0615387574556116,0.0487450635996653,0.3488604544541835,5.656426821159505,0.0639802280953818,0.0730563208864338,0.1288672952908867,0.6569964326946871,1.1510167285799022,3.4816601386560024,0.6215100482854538,1.3685518437815407
W0016,0,0.0,0.0,0.0,0.0,0.0,0.0,0.0,0.0,0.0,0.0,0.0,0.0,0.0,0.0,3.0,0.0,0.0,0.0,0.0,0.0,0.0,0.0,0.0,0.0,0.0,0.0,0.0,0.0,0.0,0.0,0.0,0.0,0.0,0.0,0.0,0.0,0.0,0.0,0.0,0.0,0.0,0.0,0.0,0.0,0.0,0.0,0.0,0.0,0.0,0.0,35.0,0.0,0.0,0.0,0.0,0.0,0.0,0.0,0.0,0.0,0.0,0.0,0.0,0.0,0.0
W0016,1,0.0,0.0,0.0,0.0,0.0,0.0,0.0,0.0,0.0,0.0,0.0,0.0,0.0,0.0,15.362380303722,0.0,0.0,0.0,0.0,0.0,0.0,0.0,0.0,0.0,0.0,0.0,0.0,0.0,0.0,0.0,0.0,0.0,0.0,0.0,0.0,0.0,0.0,0.0,0.0,0.0,0.0,0.0,0.0,0.0,0.0,0.0,0.0,0.0,0.0,0.0,0.0950136351309184,1.6461838304317131,5.097827052242121,0.5268909471414075,2.40760729609288,0.7245593913459668,1.3883847553420867,0.3305899309497976,0.1857098330455458,0.1397525510003766,1.0318414951586412,0.0237560074504336,0.4386186562209923,2.803300299756458,1.9370126356898
W0016,2,0.0,0.0,0.0,0.0,0.0,0.0,0.0,0.0,0.0,0.0,0.0,0.0,0.0,0.0,13.68430083798359,0.0,0.0,0.0,0.0,0.0,0.0,0.0,0.0,0.0,0.0,0.0,0.0,0.0,0.0,0.0,0.0,0.0,0.0,0.0,0.0,0.0,0.0,0.0,0.0,0.0,0.0,0.0,0.0,0.0,0.0,0.0,0.0,0.0,0.0,0.0,0.0604933923440712,1.0421560380975483,2.942656199616193,0.3657296181312653,1.356933066483886,0.421965190749948,0.2973710896421928,0.1220407596479809,0.6632079176076072,0.4118712408971047,0.4406181324057407,0.0857637336301238,0.856799709737307,4.460185043253492,2.72553911604912
W0016,3,0.0,0.0,0.0,0.0,0.0,0.0,0.0,0.0,0.0,0.0,0.0,0.0,0.0,0.0,10.553465516162635,0.0,0.0,0.0,0.0,0.0,0.0,0.0,0.0,0.0,0.0,0.0,0.0,0.0,0.0,0.0,0.0,0.0,0.0,0.0,0.0,0.0,0.0,0.0,0.0,0.0,0.0,0.0,0.0,0.0,0.0,0.0,0.0,0.0,0.0,0.0,0.0985761041256554,0.5893320130473871,1.3363432444621564,0.2430707928117781,0.6218233484999229,0.1883978264511049,0.0003963121238195,0.0432688233792924,1.0188801486561796,0.3233268697403447,0.1649610582249707,0.0301485114865451,1.0393820213281098,5.468921565177504,2.933667307590147
W0016,4,0.0,0.0,0.0,0.0,0.0,0.0,0.0,0.0,0.0,0.0,0.0,0.0,0.0,0.0,8.838353011053892,0.0,0.0,0.0,0.0,0.0,0.0,0.0,0.0,0.0,0.0,0.0,0.0,0.0,0.0,0.0,0.0,0.0,0.0,0.0,0.0,0.0,0.0,0.0,0.0,0.0,0.0,0.0,0.0,0.0,0.0,0.0,0.0,0.0,0.0,0.0,0.0500200157704258,0.4254632869019852,0.9042647002206216,0.072919935821943,0.5053161704463394,0.1831103157173871,0.0573474178869681,0.0408234182337334,0.8564223999880927,0.4474093030828111,0.0771290130059555,0.1435843537746656,1.361574228952254,4.707528864891351,2.85938956712426
W0016,5,0.0,0.0,0.0,0.0,0.0,0.0,0.0,0.0,0.0,0.0,0.0,0.0,0.0,0.0,7.822128728575721,0.0,0.0,0.0,0.0,0.0,0.0,0.0,0.0,0.0,0.0,0.0,0.0,0.0,0.0,0.0,0.0,0.0,0.0,0.0,0.0,0.0,0.0,0.0,0.0,0.0,0.0,0.0,0.0,0.0,0.0,0.0,0.0,0.0,0.0,0.0,-0.0129874339091935,0.2515746755214512,0.6078292770450264,0.150619225302689,0.3642729499402454,0.1085751753639749,0.0749993759050419,0.0432545366371847,1.1811758653846216,0.5456930829756127,0.072425866834745,0.0130205318265951,1.3466234241285808,6.190038569150252,3.0144272544535338
W0016,6,0.0,0.0,0.0,0.0,0.0,0.0,0.0,0.0,0.0,0.0,0.0,0.0,0.0,0.0,4.192607313267156,0.0,0.0,0.0,0.0,0.0,0.0,0.0,0.0,0.0,0.0,0.0,0.0,0.0,0.0,0.0,0.0,0.0,0.0,0.0,0.0,0.0,0.0,0.0,0.0,0.0,0.0,0.0,0.0,0.0,0.0,0.0,0.0,0.0,0.0,0.0,-0.001008266389608,0.2105234455317451,0.5164232207362033,0.0082600116224776,0.2079645531375614,0.0746260922747015,0.0719428652857222,0.0237676060305057,0.8654064402811841,0.5723318670082896,0.0363600646042485,0.0540949214033473,0.986672566198517,4.301715578377715,3.02286485492806
W0017,0,0.0,0.0,0.0,0.0,0.0,0.0,0.0,0.0,0.0,0.0,0.0,0.0,0.0,0.0,0.0,3.0,0.0,0.0,0.0,0.0,0.0,0.0,0.0,0.0,0.0,0.0,0.0,0.0,0.0,0.0,0.0,0.0,0.0,0.0,0.0,0.0,0.0,0.0,0.0,0.0,0.0,0.0,0.0,0.0,0.0,0.0,0.0,0.0,0.0,0.0,35.0,0.0,0.0,0.0,0.0,0.0,0.0,0.0,0.0,0.0,0.0,0.0,0.0,0.0,0.0
W0017,1,0.0,0.0,0.0,0.0,0.0,0.0,0.0,0.0,0.0,0.0,0.0,0.0,0.0,0.0,0.0,16.096576213820278,0.0,0.0,0.0,0.0,0.0,0.0,0.0,0.0,0.0,0.0,0.0,0.0,0.0,0.0,0.0,0.0,0.0,0.0,0.0,0.0,0.0,0.0,0.0,0.0,0.0,0.0,0.0,0.0,0.0,0.0,0.0,0.0,0.0,0.0,0.4536512710964371,1.079479280895186,1.856810192752804,4.4449877055675735,2.347745041618173,0.9075273626783124,0.5454003091645379,1.7032161002325408,0.0,1.7228036682097003,0.3733728206356455,0.0,2.4838994852913845,1.1552448184298811,0.2885193497020444
W0017,2,0.0,0.0,0.0,0.0,0.0,0.0,0.0,0.0,0.0,0.0,0.0,0.0,0.0,0.0,0.0,14.059227677930316,0.0,0.0,0.0,0.0,0.0,0.0,0.0,0.0,0.0,0.0,0.0,0.0,0.0,0.0,0.0,0.0,0.0,0.0,0.0,0.0,0.0,0.0,0.0,0.0,0.0,0.0,0.0,0.0,0.0,0.0,0.0,0.0,0.0,0.0,0.0202084397467044,0.2511549246914768,3.141336907391224,1.6728842440766398,0.2875325298021079,0.8208404716070855,0.5021586339241877,2.288284580627251,0.0,1.7142730561521715,0.55871189566644,0.0,3.2485748764216984,0.842534571834081,0.8314873794470051
W0017,3,0.0,0.0,0.0,0.0,0.0,0.0,0.0,0.0,0.0,0.0,0.0,0.0,0.0,0.0,0.0,11.455857079681738,0.0,0.0,0.0,0.0,0.0,0.0,0.0,0.0,0.0,0.0,0.0,0.0,0.0,0.0,0.0,0.0,0.0,0.0,0.0,0.0,0.0,0.0,0.0,0.0,0.0,0.0,0.0,0.0,0.0,0.0,0.0,0.0,0.0,0.0,0.0900527278388299,0.0930863079568517,3.908992865325553,0.6159458258860524,0.1350375757743507,0.4302847010143659,0.5855518953621476,2.04919424379043,0.0,2.037329926340484,0.4383942693237095,0.0,2.734840192840319,0.6395190154230207,0.9517939830454168
W0017,4,0.0,0.0,0.0,0.0,0.0,0.0,0.0,0.0,0.0,0.0,0.0,0.0,0.0,0.0,0.0,8.017134486056518,0.0,0.0,0.0,0.0,0.0,0.0,0.0,0.0,0.0,0.0,0.0,0.0,0.0,0.0,0.0,0.0,0.0,0.0,0.0,0.0,0.0,0.0,0.0,0.0,0.0,0.0,0.0,0.0,0.0,0.0,0.0,0.0,0.0,0.0,0.0957494121133825,0.061601797257043,3.469703772449201,0.3711022801863516,0.0858275527855965,0.3039622874112457,0.7142630332531246,2.017468446447253,0.0,1.8132469617265283,0.3229407896723076,0.0,2.97261901064431,0.2263717771161737,1.142140974016328
W0017,5,0.0,0.0,0.0,0.0,0.0,0.0,0.0,0.0,0.0,0.0,0.0,0.0,0.0,0.0,0.0,4.989601814565831,0.0,0.0,0.0,0.0,0.0,0.0,0.0,0.0,0.0,0.0,0.0,0.0,0.0,0.0,0.0,0.0,0.0,0.0,0.0,0.0,0.0,0.0,0.0,0.0,0.0,0.0,0.0,0.0,0.0,0.0,0.0,0.0,0.0,0.0,0.0080793252162894,0.0662977600092171,4.0444851244826765,0.0781178250410793,0.0030524200357334,0.1474658026741943,0.7763504745596869,1.9662922997125176,0.0,2.0198920398241564,0.5386103055316009,0.0,3.6322616729425135,0.2417189381261131,1.128160480776476
W0017,6,0.0,0.0,0.0,0.0,0.0,0.0,0.0,0.0,0.0,0.0,0.0,0.0,0.0,0.0,0.0,3.6178245570324967,0.0,0.0,0.0,0.0,0.0,0.0,0.0,0.0,0.0,0.0,0.0,0.0,0.0,0.0,0.0,0.0,0.0,0.0,0.0,0.0,0.0,0.0,0.0,0.0,0.0,0.0,0.0,0.0,0.0,0.0,0.0,0.0,0.0,0.0,0.0177651977722235,0.0377839286749267,3.528188262139901,0.062807017176402,0.0634220412232599,0.1859284840931491,0.7349741017211053,2.300970780012756,0.0,1.9150321745797332,0.4925648443094776,0.0,3.4468530882509234,0.107643875678623,1.055065706437173
W0018,0,0.0,0.0,0.0,0.0,0.0,0.0,0.0,0.0,0.0,0.0,0.0,0.0,0.0,0.0,0.0,0.0,3.0,0.0,0.0,0.0,0.0,0.0,0.0,0.0,0.0,0.0,0.0,0.0,0.0,0.0,0.0,0.0,0.0,0.0,0.0,0.0,0.0,0.0,0.0,0.0,0.0,0.0,0.0,0.0,0.0,0.0,0.0,0.0,0.0,0.0,35.0,0.0,0.0,0.0,0.0,0.0,0.0,0.0,0.0,0.0,0.0,0.0,0.0,0.0,0.0
W0018,1,0.0,0.0,0.0,0.0,0.0,0.0,0.0,0.0,0.0,0.0,0.0,0.0,0.0,0.0,0.0,0.0,10.749150090626106,0.0,0.0,0.0,0.0,0.0,0.0,0.0,0.0,0.0,0.0,0.0,0.0,0.0,0.0,0.0,0.0,0.0,0.0,0.0,0.0,0.0,0.0,0.0,0.0,0.0,0.0,0.0,0.0,0.0,0.0,0.0,0.0,0.0,2.4801632828325677,0.5393873889221557,9.672119734021209,0.8217071508631975,2.1292824219564235,0.1348774025775928,0.2749882835889358,4.693357185063823,0.0114812415105249,0.029023972386259,0.0126754785514765,0.4616969230412635,0.0682094786406012,0.6015739999910372,0.9318743350939614
W0018,2,0.0,0.0,0.0,0.0,0.0,0.0,0.0,0.0,0.0,0.0,0.0,0.0,0.0,0.0,0.0,0.0,9.51881689992302,0.0,0.0,0.0,0.0,0.0,0.0,0.0,0.0,0.0,0.0,0.0,0.0,0.0,0.0,0.0,0.0,0.0,0.0,0.0,0.0,0.0,0.0,0.0,0.0,0.0,0.0,0.0,0.0,0.0,0.0,0.0,0.0,0.0,0.083584735127941,0.7735256758158531,12.062432611698409,0.5600866103695097,1.722391516277877,0.1656271586584783,0.5921830321843402,2.475261801556345,0.055124252063567,0.1909889999684388,0.1413752263224583,0.4532489942609129,0.2268088572593304,1.1435700480490705,1.8832831366075
W0018,3,0.0,0.0,0.0,0.0,0.0,0.0,0.0,0.0,0.0,0.0,0.0,0.0,0.0,0.0,0.0,0.0,7.343060207443474,0.0,0.0,0.0,0.0,0.0,0.0,0.0,0.0,0.0,0.0,0.0,0.0,0.0,0.0,0.0,0.0,0.0,0.0,0.0,0.0,0.0,0.0,0.0,0.0,0.0,0.0,0.0,0.0,0.0,0.0,0.0,0.0,0.0,0.0638359659429707,0.7942422438024926,12.40787490602657,0.3921158619429697,1.058389220997151,0.1634622359868995,0.7405801755308629,1.3445459342824575,-0.0510540407916664,0.0859868343615141,0.0426865990491239,0.5792011086375682,0.2004048235674618,1.5420356224684109,2.17153053331195
W0018,4,0.0,0.0,0.0,0.0,0.0,0.0,0.0,0.0,0.0,0.0,0.0,0.0,0.0,0.0,0.0,0.0,5.085878216622312,0.0,0.0,0.0,0.0,0.0,0.0,0.0,0.0,0.0,0.0,0.0,0.0,0.0,0.0,0.0,0.0,0.0,0.0,0.0,0.0,0.0,0.0,0.0,0.0,0.0,0.0,0.0,0.0,0.0,0.0,0.0,0.0,0.0,0.0526610344714309,0.912115248402423,11.253392967987038,0.2428971829956288,0.7940785486241998,0.1687768942014738,0.8015649025019133,0.914856688596856,-0.0080280223027991,0.2568424694809421,0.2431771836338588,0.6881450138664054,0.1130564910648867,1.3743846035110037,2.7824798076741124
W0018,5,0.0,0.0,0.0,0.0,0.0,0.0,0.0,0.0,0.0,0.0,0.0,0.0,0.0,0.0,0.0,0.0,4.031948528551042,0.0,0.0,0.0,0.0,0.0,0.0,0.0,0.0,0.0,0.0,0.0,0.0,0.0,0.0,0.0,0.0,0.0,0.0,0.0,0.0,0.0,0.0,0.0,0.0,0.0,0.0,0.0,0.0,0.0,0.0,0.0,0.0,0.0,-0.1132362426497582,1.3434110577687732,12.300536569710598,0.3033361734094802,0.73838143516087,0.0118711008947222,0.812648860447044,0.6461292155142675,-0.0516056829781528,0.1352535336745411,0.1623675504162983,0.4583169181505686,0.1759304893956489,1.432630746995249,2.5071449029906825
W0018,6,0.0,0.0,0.0,0.0,0.0,0.0,0.0,0.0,0.0,0.0,0.0,0.0,0.0,0.0,0.0,0.0,2.5800273545011367,0.0,0.0,0.0,0.0,0.0,0.0,0.0,0.0,0.0,0.0,0.0,0.0,0.0,0.0,0.0,0.0,0.0,0.0,0.0,0.0,0.0,0.0,0.0,0.0,0.0,0.0,0.0,0.0,0.0,0.0,0.0,0.0,0.0,0.0416888263436591,1.1243920783407086,13.662198107687548,0.1867453952126959,0.733157574725562,0.19920636575705,0.947621399304549,0.5308343916789692,0.0015152540399948,0.0688042872226382,0.1890592403785494,0.5623969397097649,0.1494166047533973,1.4287967549336735,2.876821602957211
W0019,0,0.0,0.0,0.0,0.0,0.0,0.0,0.0,0.0,0.0,0.0,0.0,0.0,0.0,0.0,0.0,0.0,0.0,3.0,0.0,0.0,0.0,0.0,0.0,0.0,0.0,0.0,0.0,0.0,0.0,0.0,0.0,0.0,0.0,0.0,0.0,0.0,0.0,0.0,0.0,0.0,0.0,0.0,0.0,0.0,0.0,0.0,0.0,0.0,0.0,0.0,35.0,0.0,0.0,0.0,0.0,0.0,0.0,0.0,0.0,0.0,0.0,0.0,0.0,0.0,0.0
W0019,1,0.0,0.0,0.0,0.0,0.0,0.0,0.0,0.0,0.0,0.0,0.0,0.0,0.0,0.0,0.0,0.0,0.0,16.63397893328937,0.0,0.0,0.0,0.0,0.0,0.0,0.0,0.0,0.0,0.0,0.0,0.0,0.0,0.0,0.0,0.0,0.0,0.0,0.0,0.0,0.0,0.0,0.0,0.0,0.0,0.0,0.0,0.0,0.0,0.0,0.0,0.0,0.5534442077761953,3.640168935197126,0.5282484781919823,0.8978036294767008,0.2786213969292298,0.4731609764162379,2.287055071891601,0.6424193424911279,1.405852027857645,0.0864842777718531,0.3142329062048608,1.327201730365247,3.96444224712052,2.660631113588933,0.3830107099428783
W0019,2,0.0,0.0,0.0,0.0,0.0,0.0,0.0,0.0,0.0,0.0,0.0,0.0,0.0,0.0,0.0,0.0,0.0,13.067188354410124,0.0,0.0,0.0,0.0,0.0,0.0,0.0,0.0,0.0,0.0,0.0,0.0,0.0,0.0,0.0,0.0,0.0,0.0,0.0,0.0,0.0,0.0,0.0,0.0,0.0,0.0,0.0,0.0,0.0,0.0,0.0,0.0,0.0710568698861835,0.4674944034892538,0.4221937284332973,0.1864734213967677,0.1107614109997525,0.1546738479234196,2.2447338065853226,0.1741036366081604,0.2779348262587281,0.0667594042535875,0.5358179844533342,1.1981496799619578,5.500606855324657,3.633755993246112,0.6734327723726735
W0019,3,0.0,0.0,0.0,0.0,0.0,0.0,0.0,0.0,0.0,0.0,0.0,0.0,0.0,0.0,0.0,0.0,0.0,9.035287964575526,0.0,0.0,0.0,0.0,0.0,0.0,0.0,0.0,0.0,0.0,0.0,0.0,0.0,0.0,0.0,0.0,0.0,0.0,0.0,0.0,0.0,0.0,0.0,0.0,0.0,0.0,0.0,0.0,0.0,0.0,0.0,0.0,0.0107750819867242,0.0543655214590842,0.1092880376037258,0.1568448300736577,0.0244647244815573,-0.034902599167912,3.1912151401934463,0.0909229061606152,0.1797932827933038,0.162173959302887,0.8382949758663517,0.8297109678374873,4.832386631254944,4.115009080026164,0.6873633613584185
W0019,4,0.0,0.0,0.0,0.0,0.0,0.0,0.0,0.0,0.0,0.0,0.0,0.0,0.0,0.0,0.0,0.0,0.0,7.988541317508068,0.0,0.0,0.0,0.0,0.0,0.0,0.0,0.0,0.0,0.0,0.0,0.0,0.0,0.0,0.0,0.0,0.0,0.0,0.0,0.0,0.0,0.0,0.0,0.0,0.0,0.0,0.0,0.0,0.0,0.0,0.0,0.0,-0.0192604508187989,0.0663909618705184,0.035103192697352,0.0109240518683789,-0.0095513284280649,-0.0445361682684546,3.081874153568301,0.0565066153247457,0.2005805069044276,0.1472372281896503,0.7400556306588658,0.6272920462957061,6.041925138825543,3.2578536473862987,0.8354928506124799
W0019,5,0.0,0.0,0.0,0.0,0.0,0.0,0.0,0.0,0.0,0.0,0.0,0.0,0.0,0.0,0.0,0.0,0.0,6.323217411417991,0.0,0.0,0.0,0.0,0.0,0.0,0.0,0.0,0.0,0.0,0.0,0.0,0.0,0.0,0.0,0.0,0.0,0.0,0.0,0.0,0.0,0.0,0.0,0.0,0.0,0.0,0.0,0.0,0.0,0.0,0.0,0.0,-0.0092944153437992,0.0627709378215433,0.0245459343750752,0.0706087148420933,-0.0309306285686082,-0.0121457509439749,3.294410779831226,0.0953519586477071,0.1308608725487429,0.0769331641196553,0.7178756579165413,0.3892507177933476,5.713262658582567,3.396114219364187,0.7643900648805879
W0019,6,0.0,0.0,0.0,0.0,0.0,0.0,0.0,0.0,0.0,0.0,0.0,0.0,0.0,0.0,0.0,0.0,0.0,4.147330652993947,0.0,0.0,0.0,0.0,0.0,0.0,0.0,0.0,0.0,0.0,0.0,0.0,0.0,0.0,0.0,0.0,0.0,0.0,0.0,0.0,0.0,0.0,0.0,0.0,0.0,0.0,0.0,0.0,0.0,0.0,0.0,0.0,0.0085160047818331,0.0924249017231991,0.0217979974274266,0.0583850808714546,0.0681060782472528,0.0578446477742874,2.8773684712439094,-0.004343469348758,0.1510638855385481,0.0241732908861147,0.868879908195378,0.4475442784202023,5.782550986162316,3.0449651923243173,0.7422499145252406
W0020,0,0.0,0.0,0.0,0.0,0.0,0.0,0.0,0.0,0.0,0.0,0.0,0.0,0.0,0.0,0.0,0.0,0.0,0.0,3.0,0.0,0.0,0.0,0.0,0.0,0.0,0.0,0.0,0.0,0.0,0.0,0.0,0.0,0.0,0.0,0.0,0.0,0.0,0.0,0.0,0.0,0.0,0.0,0.0,0.0,0.0,0.0,0.0,0.0,0.0,0.0,35.0,0.0,0.0,0.0,0.0,0.0,0.0,0.0,0.0,0.0,0.0,0.0,0.0,0.0,0.0
W0020,1,0.0,0.0,0.0,0.0,0.0,0.0,0.0,0.0,0.0,0.0,0.0,0.0,0.0,0.0,0.0,0.0,0.0,0.0,19.070102536735774,0.0,0.0,0.0,0.0,0.0,0.0,0.0,0.0,0.0,0.0,0.0,0.0,0.0,0.0,0.0,0.0,0.0,0.0,0.0,0.0,0.0,0.0,0.0,0.0,0.0,0.0,0.0,0.0,0.0,0.0,0.0,0.1863373464513227,1.2589780462615332,0.1077248970392495,0.3722584360664434,0.334706879144141,2.318291776555361,2.8489883273059107,1.1268226524719869,0.2128843785117554,0.143714239987976,0.1085384331159289,0.3455650580207909,1.759881551683738,4.236396766358909,1.6358830214476374
W0020,2,0.0,0.0,0.0,0.0,0.0,0.0,0.0,0.0,0.0,0.0,0.0,0.0,0.0,0.0,0.0,0.0,0.0,0.0,15.948231279852926,0.0,0.0,0.0,0.0,0.0,0.0,0.0,0.0,0.0,0.0,0.0,0.0,0.0,0.0,0.0,0.0,0.0,0.0,0.0,0.0,0.0,0.0,0.0,0.0,0.0,0.0,0.0,0.0,0.0,0.0,0.0,0.0473232423505252,0.606315124085179,0.0808473522940309,0.2810766356811249,0.5852503494228521,0.2984586337279959,1.7129078496124135,1.3916609240831546,0.4605001378222597,0.1327704890844615,0.0644376832655168,0.4652656838038885,1.9209191068105052,2.679226334535622,1.5630244301468323
W0020,3,0.0,0.0,0.0,0.0,0.0,0.0,0.0,0.0,0.0,0.0,0.0,0.0,0.0,0.0,0.0,0.0,0.0,0.0,16.061613091780494,0.0,0.0,0.0,0.0,0.0,0.0,0.0,0.0,0.0,0.0,0.0,0.0,0.0,0.0,0.0,0.0,0.0,0.0,0.0,0.0,0.0,0.0,0.0,0.0,0.0,0.0,0.0,0.0,0.0,0.0,0.0,0.0574338200259263,0.2580931651965167,0.056559383784005,0.1569489947366963,0.7114277346182613,0.004243413566941,0.9089007138143924,1.324207549649443,0.4256593967476552,0.0616545945715275,-0.0021869765451582,0.557650090149521,1.846201520806119,1.264667049935589,1.2141370234999491
W0020,4,0.0,0.0,0.0,0.0,0.0,0.0,0.0,0.0,0.0,0.0,0.0,0.0,0.0,0.0,0.0,0.0,0.0,0.0,10.898456679785053,0.0,0.0,0.0,0.0,0.0,0.0,0.0,0.0,0.0,0.0,0.0,0.0,0.0,0.0,0.0,0.0,0.0,0.0,0.0,0.0,0.0,0.0,0.0,0.0,0.0,0.0,0.0,0.0,0.0,0.0,0.0,0.0079903210136524,0.083902651441863,0.0567488989939877,0.068995659460626,0.6105525191407885,0.0392312449186971,0.5483035904901321,1.4208598351695765,0.4228993296660738,0.1451870101595964,0.0058907113500782,0.5844632734601886,1.3146177738251463,1.332190313013043,1.1693351455299064
W0020,5,0.0,0.0,0.0,0.0,0.0,0.0,0.0,0.0,0.0,0.0,0.0,0.0,0.0,0.0,0.0,0.0,0.0,0.0,8.887402626677977,0.0,0.0,0.0,0.0,0.0,0.0,0.0,0.0,0.0,0.0,0.0,0.0,0.0,0.0,0.0,0.0,0.0,0.0,0.0,0.0,0.0,0.0,0.0,0.0,0.0,0.0,0.0,0.0,0.0,0.0,0.0,0.0488087115761871,0.0356971067068631,0.0144220269379935,0.1055683926662627,0.674916559075257,0.0271161176296295,0.3737642890391171,1.5278231056628335,0.4403360185007261,0.0203385423381625,-0.0423522819470718,0.5315643069182947,1.1013174096669351,0.7432004920518805,0.7809816216886567
W0020,6,0.0,0.0,0.0,0.0,0.0,0.0,0.0,0.0,0.0,0.0,0.0,0.0,0.0,0.0,0.0,0.0,0.0,0.0,7.382150418930373,0.0,0.0,0.0,0.0,0.0,0.0,0.0,0.0,0.0,0.0,0.0,0.0,0.0,0.0,0.0,0.0,0.0,0.0,0.0,0.0,0.0,0.0,0.0,0.0,0.0,0.0,0.0,0.0,0.0,0.0,0.0,-0.0163522385106161,0.1335663708369392,-0.0085471048710347,0.0557775757966076,0.7664023456977492,0.083889061847509,0.2904049424029441,1.4115629976856872,0.5423891189301481,0.0655056531941869,-0.0174660392214795,0.6752718169331474,0.9378247540367964,0.6130329153723857,0.740708333505055
W0021,0,0.0,0.0,0.0,0.0,0.0,0.0,0.0,0.0,0.0,0.0,0.0,0.0,0.0,0.0,0.0,0.0,0.0,0.0,0.0,3.0,0.0,0.0,0.0,0.0,0.0,0.0,0.0,0.0,0.0,0.0,0.0,0.0,0.0,0.0,0.0,0.0,0.0,0.0,0.0,0.0,0.0,0.0,0.0,0.0,0.0,0.0,0.0,0.0,0.0,0.0,35.0,0.0,0.0,0.0,0.0,0.0,0.0,0.0,0.0,0.0,0.0,0.0,0.0,0.0,0.0
W0021,1,0.0,0.0,0.0,0.0,0.0,0.0,0.0,0.0,0.0,0.0,0.0,0.0,0.0,0.0,0.0,0.0,0.0,0.0,0.0,11.942417209066884,0.0,0.0,0.0,0.0,0.0,0.0,0.0,0.0,0.0,0.0,0.0,0.0,0.0,0.0,0.0,0.0,0.0,0.0,0.0,0.0,0.0,0.0,0.0,0.0,0.0,0.0,0.0,0.0,0.0,0.0,0.0533394247821896,0.3284752325848222,4.696144464424853,0.6946109527955157,0.1638210673073668,0.8859275970958047,0.4734933357992746,4.775549398629184,0.0543207352598598,0.2286714193995267,0.3144108444327882,0.1136566766866346,0.5414210872927965,0.5394799910924668,9.889459711488849
W0021,2,0.0,0.0,0.0,0.0,0.0,0.0,0.0,0.0,0.0,0.0,0.0,0.0,0.0,0.0,0.0,0.0,0.0,0.0,0.0,8.783676576262788,0.0,0.0,0.0,0.0,0.0,0.0,0.0,0.0,0.0,0.0,0.0,0.0,0.0,0.0,0.0,0.0,0.0,0.0,0.0,0.0,0.0,0.0,0.0,0.0,0.0,0.0,0.0,0.0,0.0,0.0,-0.0687914199005607,0.1739473389066848,5.364372523417618,0.4426003791552422,0.2896457404364132,1.0767955577800976,0.5573157497750859,1.8591292675989064,0.0516009120177892,0.1403647278682238,0.2893737582006751,0.1986411029384081,0.7012924605605376,0.1526591398913279,11.078963060614017
W0021,3,0.0,0.0,0.0,0.0,0.0,0.0,0.0,0.0,0.0,0.0,0.0,0.0,0.0,0.0,0.0,0.0,0.0,0.0,0.0,5.665539337367428,0.0,0.0,0.0,0.0,0.0,0.0,0.0,0.0,0.0,0.0,0.0,0.0,0.0,0.0,0.0,0.0,0.0,0.0,0.0,0.0,0.0,0.0,0.0,0.0,0.0,0.0,0.0,0.0,0.0,0.0,-0.0014094539079652,0.0516877948409531,5.816126485258449,0.3855982267193175,0.249011688381033,0.9848477906378754,0.4532787028287549,1.2357407033841123,0.1230222326005341,0.1726882272855563,0.1594962882322363,0.4008497109174184,0.7069979351324431,0.0565626670661019,10.88554334531196
W0021,4,0.0,0.0,0.0,0.0,0.0,0.0,0.0,0.0,0.0,0.0,0.0,0.0,0.0,0.0,0.0,0.0,0.0,0.0,0.0,5.143063335775994,0.0,0.0,0.0,0.0,0.0,0.0,0.0,0.0,0.0,0.0,0.0,0.0,0.0,0.0,0.0,0.0,0.0,0.0,0.0,0.0,0.0,0.0,0.0,0.0,0.0,0.0,0.0,0.0,0.0,0.0,0.0747838571278007,0.0485231566638667,5.764046268161689,0.1992609333043456,0.2707392581638997,1.3512535180998986,0.6448602389317704,0.8535069698748486,0.0186777469478491,0.137512007983774,0.0734459213624531,0.1885028469406064,0.8102989316293183,-0.0681271532201688,9.823972237655866
W0021,5,0.0,0.0,0.0,0.0,0.0,0.0,0.0,0.0,0.0,0.0,0.0,0.0,0.0,0.0,0.0,0.0,0.0,0.0,0.0,3.717439436333061,0.0,0.0,0.0,0.0,0.0,0.0,0.0,0.0,0.0,0.0,0.0,0.0,0.0,0.0,0.0,0.0,0.0,0.0,0.0,0.0,0.0,0.0,0.0,0.0,0.0,0.0,0.0,0.0,0.0,0.0,-0.037481536511955,-0.0177908609449001,5.941047293570832,0.2214976356489386,0.2879201241315323,1.3077302851567512,0.5746067733383369,0.6825532143462245,0.1153172882751907,0.1645607930909012,0.050186525565828,0.2819473865935866,0.7160020796573344,-0.0003271640391773,11.243292851770583
W0021,6,0.0,0.0,0.0,0.0,0.0,0.0,0.0,0.0,0.0,0.0,0.0,0.0,0.0,0.0,0.0,0.0,0.0,0.0,0.0,2.833222404103898,0.0,0.0,0.0,0.0,0.0,0.0,0.0,0.0,0.0,0.0,0.0,0.0,0.0,0.0,0.0,0.0,0.0,0.0,0.0,0.0,0.0,0.0,0.0,0.0,0.0,0.0,0.0,0.0,0.0,0.0,-0.0205251137458421,-0.0533969684020094,6.458798487664119,0.1832180860191803,0.273720986641698,1.3153231727991266,0.5655891155758086,0.4823051938337431,0.0854849254731109,0.0455308652355962,0.070553544843339,0.1554041690573051,0.7786778487856064,0.0441831996444214,10.054300904285697
W0022,0,0.0,0.0,0.0,0.0,0.0,0.0,0.0,0.0,0.0,0.0,0.0,0.0,0.0,0.0,0.0,0.0,0.0,0.0,0.0,0.0,3.0,0.0,0.0,0.0,0.0,0.0,0.0,0.0,0.0,0.0,0.0,0.0,0.0,0.0,0.0,0.0,0.0,0.0,0.0,0.0,0.0,0.0,0.0,0.0,0.0,0.0,0.0,0.0,0.0,0.0,35.0,0.0,0.0,0.0,0.0,0.0,0.0,0.0,0.0,0.0,0.0,0.0,0.0,0.0,0.0
W0022,1,0.0,0.0,0.0,0.0,0.0,0.0,0.0,0.0,0.0,0.0,0.0,0.0,0.0,0.0,0.0,0.0,0.0,0.0,0.0,0.0,14.099870374914223,0.0,0.0,0.0,0.0,0.0,0.0,0.0,0.0,0.0,0.0,0.0,0.0,0.0,0.0,0.0,0.0,0.0,0.0,0.0,0.0,0.0,0.0,0.0,0.0,0.0,0.0,0.0,0.0,0.0,0.7063672553387332,2.0033087274533057,0.8351404608193613,2.1598187660372994,1.0865977912188995,2.733016227803024,0.8774181184304252,3.023106287326176,0.0830441724655522,-0.0391835424143558,0.0492194707361601,-0.0024021651218924,3.142328687560981,1.1176938570998938,1.4367018529036657
W0022,2,0.0,0.0,0.0,0.0,0.0,0.0,0.0,0.0,0.0,0.0,0.0,0.0,0.0,0.0,0.0,0.0,0.0,0.0,0.0,0.0,12.99609875803563,0.0,0.0,0.0,0.0,0.0,0.0,0.0,0.0,0.0,0.0,0.0,0.0,0.0,0.0,0.0,0.0,0.0,0.0,0.0,0.0,0.0,0.0,0.0,0.0,0.0,0.0,0.0,0.0,0.0,0.0668444261159282,0.1897811838820619,1.37816674058842,1.4614849583654717,0.3529598705406988,0.5574908470716302,0.4533719785241347,3.9782581116183655,0.0054798347120025,0.1058410120131446,0.0583551484891878,0.0849812684553049,1.8818049923555773,2.642408566051995,2.252607621624925
W0022,3,0.0,0.0,0.0,0.0,0.0,0.0,0.0,0.0,0.0,0.0,0.0,0.0,0.0,0.0,0.0,0.0,0.0,0.0,0.0,0.0,11.787767518784785,0.0,0.0,0.0,0.0,0.0,0.0,0.0,0.0,0.0,0.0,0.0,0.0,0.0,0.0,0.0,0.0,0.0,0.0,0.0,0.0,0.0,0.0,0.0,0.0,0.0,0.0,0.0,0.0,0.0,-0.0496424023140144,-0.0346480283524194,1.709706811275209,0.8651089979916187,0.0928967739087117,0.2436995544051039,0.1353298766594027,3.986774144133301,0.1099428158626181,0.0246050088580772,0.0947382919673664,0.1579276760334589,1.359179225553535,3.233336242825779,2.4365647958564
W0022,4,0.0,0.0,0.0,0.0,0.0,0.0,0.0,0.0,0.0,0.0,0.0,0.0,0.0,0.0,0.0,0.0,0.0,0.0,0.0,0.0,8.563177482556135,0.0,0.0,0.0,0.0,0.0,0.0,0.0,0.0,0.0,0.0,0.0,0.0,0.0,0.0,0.0,0.0,0.0,0.0,0.0,0.0,0.0,0.0,0.0,0.0,0.0,0.0,0.0,0.0,0.0,-0.0061053590632724,0.0353712022202832,1.407858931638591,0.5383396261001301,0.0097794619185884,0.1100536623228906,-0.0192125487530092,3.428565922910769,-0.0718599995124142,0.0457179547477105,0.0436960902567837,0.1338441263151129,0.9731128708062045,3.937011583131289,3.289963075698758
W0022,5,0.0,0.0,0.0,0.0,0.0,0.0,0.0,0.0,0.0,0.0,0.0,0.0,0.0,0.0,0.0,0.0,0.0,0.0,0.0,0.0,5.171408084189871,0.0,0.0,0.0,0.0,0.0,0.0,0.0,0.0,0.0,0.0,0.0,0.0,0.0,0.0,0.0,0.0,0.0,0.0,0.0,0.0,0.0,0.0,0.0,0.0,0.0,0.0,0.0,0.0,0.0,-0.0222325797580541,0.081881887976076,1.8384257620637567,0.4908131136432158,0.0594093012618828,0.1318932618197457,0.0499911019585296,4.058385155663527,0.0059564319990123,0.1357996781447088,0.0664255822432013,0.0779384105945739,0.5605893481893698,3.945579434372288,2.7687395469152243
W0022,6,0.0,0.0,0.0,0.0,0.0,0.0,0.0,0.0,0.0,0.0,0.0,0.0,0.0,0.0,0.0,0.0,0.0,0.0,0.0,0.0,4.248750260308466,0.0,0.0,0.0,0.0,0.0,0.0,0.0,0.0,0.0,0.0,0.0,0.0,0.0,0.0,0.0,0.0,0.0,0.0,0.0,0.0,0.0,0.0,0.0,0.0,0.0,0.0,0.0,0.0,0.0,-0.0421418895444952,-0.0275337651741834,1.4916790473509294,0.3955750725955839,0.0249356443021774,0.0800666903367935,0.0526810774387769,3.861536764329168,0.0418031959002456,0.0948398148610969,0.0756259104799448,0.1836488176986754,0.5192808803490416,3.5584045926230994,3.383074625764293
W0023,0,0.0,0.0,0.0,0.0,0.0,0.0,0.0,0.0,0.0,0.0,0.0,0.0,0.0,0.0,0.0,0.0,0.0,0.0,0.0,0.0,0.0,3.0,0.0,0.0,0.0,0.0,0.0,0.0,0.0,0.0,0.0,0.0,0.0,0.0,0.0,0.0,0.0,0.0,0.0,0.0,0.0,0.0,0.0,0.0,0.0,0.0,0.0,0.0,0.0,0.0,35.0,0.0,0.0,0.0,0.0,0.0,0.0,0.0,0.0,0.0,0.0,0.0,0.0,0.0,0.0
W0023,1,0.0,0.0,0.0,0.0,0.0,0.0,0.0,0.0,0.0,0.0,0.0,0.0,0.0,0.0,0.0,0.0,0.0,0.0,0.0,0.0,0.0,8.984897815764642,0.0,0.0,0.0,0.0,0.0,0.0,0.0,0.0,0.0,0.0,0.0,0.0,0.0,0.0,0.0,0.0,0.0,0.0,0.0,0.0,0.0,0.0,0.0,0.0,0.0,0.0,0.0,0.0,11.521219724709525,1.0204845547209844,0.0454119723013892,0.6073736943050694,0.2014307745080748,0.4730810337463097,0.055539328945746,0.0858179841933777,0.0186690520749502,0.0714849744932166,-0.0115509781245315,0.0449838591917729,13.178135392847553,0.0354598589108322,0.1903371324269117
W0023,2,0.0,0.0,0.0,0.0,0.0,0.0,0.0,0.0,0.0,0.0,0.0,0.0,0.0,0.0,0.0,0.0,0.0,0.0,0.0,0.0,0.0,8.795883610961482,0.0,0.0,0.0,0.0,0.0,0.0,0.0,0.0,0.0,0.0,0.0,0.0,0.0,0.0,0.0,0.0,0.0,0.0,0.0,0.0,0.0,0.0,0.0,0.0,0.0,0.0,0.0,0.0,1.99211266425799,1.0812138807115996,0.0368446010529368,0.7422914583331018,0.1825523786504034,0.1872940345918488,-0.0397617994670142,-0.0413313859950148,0.1242891773405149,0.0468392260901463,-0.0383938117723186,0.0615819273045247,18.09851331918265,0.0827244509141715,0.7303470159045171
W0023,3,0.0,0.0,0.0,0.0,0.0,0.0,0.0,0.0,0.0,0.0,0.0,0.0,0.0,0.0,0.0,0.0,0.0,0.0,0.0,0.0,0.0,7.275261374428123,0.0,0.0,0.0,0.0,0.0,0.0,0.0,0.0,0.0,0.0,0.0,0.0,0.0,0.0,0.0,0.0,0.0,0.0,0.0,0.0,0.0,0.0,0.0,0.0,0.0,0.0,0.0,0.0,0.3938239769123947,0.674143800084443,0.0059152774181952,0.9466767540891788,0.0839041831883334,-0.01579178749832,-0.0427448361414019,0.0365612663942463,0.0807733808381569,0.2318809068408728,0.0754545845868151,0.1907584408124139,22.29281958517865,0.0416624672877632,0.771020575004741
W0023,4,0.0,0.0,0.0,0.0,0.0,0.0,0.0,0.0,0.0,0.0,0.0,0.0,0.0,0.0,0.0,0.0,0.0,0.0,0.0,0.0,0.0,4.588169404528692,0.0,0.0,0.0,0.0,0.0,0.0,0.0,0.0,0.0,0.0,0.0,0.0,0.0,0.0,0.0,0.0,0.0,0.0,0.0,0.0,0.0,0.0,0.0,0.0,0.0,0.0,0.0,0.0,0.2487421864636519,0.5587786451167047,0.0173484104684563,1.2340202718282631,0.0242751228889789,-0.0876819215014406,0.0704676055478066,0.0179599142295605,0.1382504695871313,0.2137295507154686,0.0590895713667623,0.1107061888845842,15.410605242474269,0.0926381605006698,1.0841228858079066
W0023,5,0.0,0.0,0.0,0.0,0.0,0.0,0.0,0.0,0.0,0.0,0.0,0.0,0.0,0.0,0.0,0.0,0.0,0.0,0.0,0.0,0.0,4.021271874728579,0.0,0.0,0.0,0.0,0.0,0.0,0.0,0.0,0.0,0.0,0.0,0.0,0.0,0.0,0.0,0.0,0.0,0.0,0.0,0.0,0.0,0.0,0.0,0.0,0.0,0.0,0.0,0.0,0.0423478175569105,0.4813184409424663,0.0086262659364969,1.1496634275774584,0.0574713401217403,-0.0614922047248289,0.0766412161579779,0.0335318041864268,0.0536024024005663,0.1838484735030629,0.1124335796079166,0.2278046618634856,19.420114850896645,0.0649619654295136,1.0530803708033856
W0023,6,0.0,0.0,0.0,0.0,0.0,0.0,0.0,0.0,0.0,0.0,0.0,0.0,0.0,0.0,0.0,0.0,0.0,0.0,0.0,0.0,0.0,2.735371490072436,0.0,0.0,0.0,0.0,0.0,0.0,0.0,0.0,0.0,0.0,0.0,0.0,0.0,0.0,0.0,0.0,0.0,0.0,0.0,0.0,0.0,0.0,0.0,0.0,0.0,0.0,0.0,0.0,0.0920588247691324,0.4714311457277796,-0.0419947059352918,1.022779198016985,0.0757322886231756,0.0294473692316106,0.0471698843404614,0.0653543777710017,0.1392108030180306,0.101835740301053,0.0967539619844965,0.234626687684287,18.99711387602871,0.0654527430660154,1.1328110342839546
W0024,0,0.0,0.0,0.0,0.0,0.0,0.0,0.0,0.0,0.0,0.0,0.0,0.0,0.0,0.0,0.0,0.0,0.0,0.0,0.0,0.0,0.0,0.0,3.0,0.0,0.0,0.0,0.0,0.0,0.0,0.0,0.0,0.0,0.0,0.0,0.0,0.0,0.0,0.0,0.0,0.0,0.0,0.0,0.0,0.0,0.0,0.0,0.0,0.0,0.0,0.0,35.0,0.0,0.0,0.0,0.0,0.0,0.0,0.0,0.0,0.0,0.0,0.0,0.0,0.0,0.0
W0024,1,0.0,0.0,0.0,0.0,0.0,0.0,0.0,0.0,0.0,0.0,0.0,0.0,0.0,0.0,0.0,0.0,0.0,0.0,0.0,0.0,0.0,0.0,13.332448664070604,0.0,0.0,0.0,0.0,0.0,0.0,0.0,0.0,0.0,0.0,0.0,0.0,0.0,0.0,0.0,0.0,0.0,0.0,0.0,0.0,0.0,0.0,0.0,0.0,0.0,0.0,0.0,4.305275031288141,0.8636617132436171,3.3502438084490964,1.197983981314269,0.833296609666929,1.5673950673876058,0.3604644171725016,0.7830250094045577,1.1379346604279903,0.0062403641132103,0.3335507709241584,0.0206811865100807,0.5468348200907982,0.4808534646881778,4.395846069780939
W0024,2,0.0,0.0,0.0,0.0,0.0,0.0,0.0,0.0,0.0,0.0,0.0,0.0,0.0,0.0,0.0,0.0,0.0,0.0,0.0,0.0,0.0,0.0,17.435280519828037,0.0,0.0,0.0,0.0,0.0,0.0,0.0,0.0,0.0,0.0,0.0,0.0,0.0,0.0,0.0,0.0,0.0,0.0,0.0,0.0,0.0,0.0,0.0,0.0,0.0,0.0,0.0,0.1171445116318707,0.4202635114796825,0.1883962876417955,0.2770938481256484,2.179985422019598,0.6878061174816399,0.5603716873226054,0.1440368592805582,2.1013530729721945,0.0581515096057421,0.4088846528146432,0.2803528769955165,0.901846327244958,0.3531651920689765,7.806921160907731
W0024,3,0.0,0.0,0.0,0.0,0.0,0.0,0.0,0.0,0.0,0.0,0.0,0.0,0.0,0.0,0.0,0.0,0.0,0.0,0.0,0.0,0.0,0.0,11.226173138240512,0.0,0.0,0.0,0.0,0.0,0.0,0.0,0.0,0.0,0.0,0.0,0.0,0.0,0.0,0.0,0.0,0.0,0.0,0.0,0.0,0.0,0.0,0.0,0.0,0.0,0.0,0.0,-0.0048144462945621,0.174757194354056,0.0003187455774703,0.1063927642848189,2.4006755631911423,0.2344050773033939,0.3134226926363208,0.0205060943857268,1.7870596390596285,0.0681563114601329,0.3974798150394584,0.2904157461138938,0.9758528760783264,0.3101042066882049,5.647953180679915
W0024,4,0.0,0.0,0.0,0.0,0.0,0.0,0.0,0.0,0.0,0.0,0.0,0.0,0.0,0.0,0.0,0.0,0.0,0.0,0.0,0.0,0.0,0.0,8.480851678997759,0.0,0.0,0.0,0.0,0.0,0.0,0.0,0.0,0.0,0.0,0.0,0.0,0.0,0.0,0.0,0.0,0.0,0.0,0.0,0.0,0.0,0.0,0.0,0.0,0.0,0.0,0.0,0.0123347019731706,-0.0019353653654544,-0.0209108901947406,0.0258171595225142,3.35280494498469,0.1378313387294499,0.2476879498877104,0.0876285644639561,1.8176163994188448,-0.0397731935503161,0.3703424239385042,0.3957377871280481,1.105699662655834,0.196284668906743,6.2351274517834
W0024,5,0.0,0.0,0.0,0.0,0.0,0.0,0.0,0.0,0.0,0.0,0.0,0.0,0.0,0.0,0.0,0.0,0.0,0.0,0.0,0.0,0.0,0.0,6.193568436659394,0.0,0.0,0.0,0.0,0.0,0.0,0.0,0.0,0.0,0.0,0.0,0.0,0.0,0.0,0.0,0.0,0.0,0.0,0.0,0.0,0.0,0.0,0.0,0.0,0.0,0.0,0.0,-0.0286066691945155,0.0479853759401692,0.0312087026827312,0.0349941809136015,2.5004080185453548,0.143210591421082,0.0179608616224098,0.0148833332353101,2.271632453077463,0.1602026412771881,0.4065407278756562,0.4019747245335122,1.236328108038485,0.1124187201739863,6.974182845605674
W0024,6,0.0,0.0,0.0,0.0,0.0,0.0,0.0,0.0,0.0,0.0,0.0,0.0,0.0,0.0,0.0,0.0,0.0,0.0,0.0,0.0,0.0,0.0,4.2416149157088405,0.0,0.0,0.0,0.0,0.0,0.0,0.0,0.0,0.0,0.0,0.0,0.0,0.0,0.0,0.0,0.0,0.0,0.0,0.0,0.0,0.0,0.0,0.0,0.0,0.0,0.0,0.0,-0.0122686868799334,-0.0195598384886101,0.0960559485612955,0.0350693412657647,2.42576285342506,0.0937596507964002,0.0191978501535194,0.0209144551210626,1.9787911336558497,-0.0324465071337058,0.3876522542229527,0.4464269257640352,1.127323288865365,0.0578920490227871,6.47915918198544
W0025,0,0.0,0.0,0.0,0.0,0.0,0.0,0.0,0.0,0.0,0.0,0.0,0.0,0.0,0.0,0.0,0.0,0.0,0.0,0.0,0.0,0.0,0.0,0.0,3.0,0.0,0.0,0.0,0.0,0.0,0.0,0.0,0.0,0.0,0.0,0.0,0.0,0.0,0.0,0.0,0.0,0.0,0.0,0.0,0.0,0.0,0.0,0.0,0.0,0.0,0.0,35.0,0.0,0.0,0.0,0.0,0.0,0.0,0.0,0.0,0.0,0.0,0.0,0.0,0.0,0.0
W0025,1,0.0,0.0,0.0,0.0,0.0,0.0,0.0,0.0,0.0,0.0,0.0,0.0,0.0,0.0,0.0,0.0,0.0,0.0,0.0,0.0,0.0,0.0,0.0,13.816649035100513,0.0,0.0,0.0,0.0,0.0,0.0,0.0,0.0,0.0,0.0,0.0,0.0,0.0,0.0,0.0,0.0,0.0,0.0,0.0,0.0,0.0,0.0,0.0,0.0,0.0,0.0,0.2220075315731343,0.0724144473636097,0.3834034961854262,1.2574621937838242,1.322866638189669,2.6352281414176337,1.1434385485722147,0.1085232745076543,0.9906399399619864,0.0393126031910713,0.0463049860512693,0.1246483469016318,4.219212887298723,2.382807070718001,4.765054314393548
W0025,2,0.0,0.0,0.0,0.0,0.0,0.0,0.0,0.0,0.0,0.0,0.0,0.0,0.0,0.0,0.0,0.0,0.0,0.0,0.0,0.0,0.0,0.0,0.0,12.11866459642032,0.0,0.0,0.0,0.0,0.0,0.0,0.0,0.0,0.0,0.0,0.0,0.0,0.0,0.0,0.0,0.0,0.0,0.0,0.0,0.0,0.0,0.0,0.0,0.0,0.0,0.0,0.0107666432041819,0.0413739214267494,0.3548844488548829,0.1311317836112265,0.4882239023812217,0.881054469021909,0.7404556978424774,0.1020036242903927,1.0917961660619433,0.0159434468925837,0.0916762549974574,0.1335477473154371,5.811260056217836,1.4466509028459105,5.80758352863528
W0025,3,0.0,0.0,0.0,0.0,0.0,0.0,0.0,0.0,0.0,0.0,0.0,0.0,0.0,0.0,0.0,0.0,0.0,0.0,0.0,0.0,0.0,0.0,0.0,8.621328251594191,0.0,0.0,0.0,0.0,0.0,0.0,0.0,0.0,0.0,0.0,0.0,0.0,0.0,0.0,0.0,0.0,0.0,0.0,0.0,0.0,0.0,0.0,0.0,0.0,0.0,0.0,0.0078900536752539,0.0007481544213088,0.45451096678747,-0.0064544290469358,0.1358782863923874,0.3801081925084254,0.5783233144132374,0.03676671425771,1.2360804484839707,0.0205471794072223,0.2340383888312736,0.0818714637517315,4.951099297365515,1.406454071509533,7.812118354339327
W0025,4,0.0,0.0,0.0,0.0,0.0,0.0,0.0,0.0,0.0,0.0,0.0,0.0,0.0,0.0,0.0,0.0,0.0,0.0,0.0,0.0,0.0,0.0,0.0,6.965974807274271,0.0,0.0,0.0,0.0,0.0,0.0,0.0,0.0,0.0,0.0,0.0,0.0,0.0,0.0,0.0,0.0,0.0,0.0,0.0,0.0,0.0,0.0,0.0,0.0,0.0,0.0,0.0489014307407756,0.0635049257511957,0.3330841133155602,0.0557928477381961,0.0594757066496922,0.1633125267351066,0.3661425385929169,-0.0015489624074578,1.3775763926324651,0.1129664865054718,0.1195172624148666,0.183270087397285,5.416693633813823,0.9443046154849906,5.981813148210078
W0025,5,0.0,0.0,0.0,0.0,0.0,0.0,0.0,0.0,0.0,0.0,0.0,0.0,0.0,0.0,0.0,0.0,0.0,0.0,0.0,0.0,0.0,0.0,0.0,5.94218024526598,0.0,0.0,0.0,0.0,0.0,0.0,0.0,0.0,0.0,0.0,0.0,0.0,0.0,0.0,0.0,0.0,0.0,0.0,0.0,0.0,0.0,0.0,0.0,0.0,0.0,0.0,0.0970592720558614,-0.0290337763584562,0.3180577347567062,0.0505755443278496,0.0585549220481097,0.1237529516482832,0.287122528921774,0.064129644873428,1.7415066100380263,-0.0268759995259834,0.1405557653536235,0.1438208848207681,5.075775680626208,0.9366401127421576,7.060904159499842
W0025,6,0.0,0.0,0.0,0.0,0.0,0.0,0.0,0.0,0.0,0.0,0.0,0.0,0.0,0.0,0.0,0.0,0.0,0.0,0.0,0.0,0.0,0.0,0.0,3.102361245818166,0.0,0.0,0.0,0.0,0.0,0.0,0.0,0.0,0.0,0.0,0.0,0.0,0.0,0.0,0.0,0.0,0.0,0.0,0.0,0.0,0.0,0.0,0.0,0.0,0.0,0.0,0.118899158559426,0.0711582258808947,0.2542689135300177,0.0008269995238958,0.057070087508628,0.142542582750424,0.0826635360456046,0.0868125418347107,1.3897347957279718,0.0219586494437406,0.1070625278741823,0.0759008970847039,5.551987927217784,0.8868063989085014,7.981714284353342
W0026,0,0.0,0.0,0.0,0.0,0.0,0.0,0.0,0.0,0.0,0.0,0.0,0.0,0.0,0.0,0.0,0.0,0.0,0.0,0.0,0.0,0.0,0.0,0.0,0.0,3.0,0.0,0.0,0.0,0.0,0.0,0.0,0.0,0.0,0.0,0.0,0.0,0.0,0.0,0.0,0.0,0.0,0.0,0.0,0.0,0.0,0.0,0.0,0.0,0.0,0.0,35.0,0.0,0.0,0.0,0.0,0.0,0.0,0.0,0.0,0.0,0.0,0.0,0.0,0.0,0.0
W0026,1,0.0,0.0,0.0,0.0,0.0,0.0,0.0,0.0,0.0,0.0,0.0,0.0,0.0,0.0,0.0,0.0,0.0,0.0,0.0,0.0,0.0,0.0,0.0,0.0,17.185718817730308,0.0,0.0,0.0,0.0,0.0,0.0,0.0,0.0,0.0,0.0,0.0,0.0,0.0,0.0,0.0,0.0,0.0,0.0,0.0,0.0,0.0,0.0,0.0,0.0,0.0,1.1169058737570974,1.1201389224312246,0.773276590615527,1.108592718745432,1.1147672808612632,0.6741833822055304,0.4746622409813776,0.1995047291099402,3.827413401877201,0.1584666957809936,0.3349005153570182,0.5445731069508496,0.3891579539623898,0.577829496695207,6.036640343500949
W0026,2,0.0,0.0,0.0,0.0,0.0,0.0,0.0,0.0,0.0,0.0,0.0,0.0,0.0,0.0,0.0,0.0,0.0,0.0,0.0,0.0,0.0,0.0,0.0,0.0,14.239416271607936,0.0,0.0,0.0,0.0,0.0,0.0,0.0,0.0,0.0,0.0,0.0,0.0,0.0,0.0,0.0,0.0,0.0,0.0,0.0,0.0,0.0,0.0,0.0,0.0,0.0,-0.0181917434111047,0.3681906267110734,0.2180468873206625,0.0632174220919852,0.3061722657219328,0.0764484160934254,0.2553092470836205,0.1265960180384879,4.0723162588397,0.1874151810428905,0.7070617688052607,0.573796291966075,0.3693474099529306,0.5676059391959579,6.139795652718596
W0026,3,0.0,0.0,0.0,0.0,0.0,0.0,0.0,0.0,0.0,0.0,0.0,0.0,0.0,0.0,0.0,0.0,0.0,0.0,0.0,0.0,0.0,0.0,0.0,0.0,8.649949358616457,0.0,0.0,0.0,0.0,0.0,0.0,0.0,0.0,0.0,0.0,0.0,0.0,0.0,0.0,0.0,0.0,0.0,0.0,0.0,0.0,0.0,0.0,0.0,0.0,0.0,0.0475514574095584,0.0560874654161067,0.0464490120889636,0.0103921487822619,0.0387862456959235,0.0227168786966126,0.0712205052164791,0.1007598064985549,5.101467356889667,0.203736590201893,0.939437514159888,0.8435171429493213,0.4651970818505749,0.580589214633104,7.883863864216263
W0026,4,0.0,0.0,0.0,0.0,0.0,0.0,0.0,0.0,0.0,0.0,0.0,0.0,0.0,0.0,0.0,0.0,0.0,0.0,0.0,0.0,0.0,0.0,0.0,0.0,7.120878711369579,0.0,0.0,0.0,0.0,0.0,0.0,0.0,0.0,0.0,0.0,0.0,0.0,0.0,0.0,0.0,0.0,0.0,0.0,0.0,0.0,0.0,0.0,0.0,0.0,0.0,0.0456043906428657,0.02598230782975,0.0583415244419942,0.0445515517009021,0.0877975875386228,0.0094039842965856,0.0630111576494255,0.0709609352071526,4.908972820789458,0.267277305883726,0.6195959311981145,0.7327852895561084,0.5031097522721648,0.7810412627895321,7.243689052886037
W0026,5,0.0,0.0,0.0,0.0,0.0,0.0,0.0,0.0,0.0,0.0,0.0,0.0,0.0,0.0,0.0,0.0,0.0,0.0,0.0,0.0,0.0,0.0,0.0,0.0,5.502406657546413,0.0,0.0,0.0,0.0,0.0,0.0,0.0,0.0,0.0,0.0,0.0,0.0,0.0,0.0,0.0,0.0,0.0,0.0,0.0,0.0,0.0,0.0,0.0,0.0,0.0,0.0009622915780644,-0.025133175042247,-0.0129715229065074,0.0427046797866588,0.0312245497074907,-0.0611776563485577,0.095077312762014,0.0423216172306363,4.815780487985499,0.1471240660988532,0.8112656788986756,0.7369186665875699,0.4950866942344197,0.6852556783596427,7.0816147280423
W0026,6,0.0,0.0,0.0,0.0,0.0,0.0,0.0,0.0,0.0,0.0,0.0,0.0,0.0,0.0,0.0,0.0,0.0,0.0,0.0,0.0,0.0,0.0,0.0,0.0,4.056907864299473,0.0,0.0,0.0,0.0,0.0,0.0,0.0,0.0,0.0,0.0,0.0,0.0,0.0,0.0,0.0,0.0,0.0,0.0,0.0,0.0,0.0,0.0,0.0,0.0,0.0,0.0110186025916626,-0.0097283767483017,-0.0127142464526424,-0.0343111593471271,0.0262608209715987,-0.0796275945764684,0.0243465762067348,-0.0669265157515127,4.70371288800829,0.139542280561318,0.8024297096662756,0.5618934199031316,0.4387300742997485,0.5650842999041699,7.379532369783913
W0027,0,0.0,0.0,0.0,0.0,0.0,0.0,0.0,0.0,0.0,0.0,0.0,0.0,0.0,0.0,0.0,0.0,0.0,0.0,0.0,0.0,0.0,0.0,0.0,0.0,0.0,3.0,0.0,0.0,0.0,0.0,0.0,0.0,0.0,0.0,0.0,0.0,0.0,0.0,0.0,0.0,0.0,0.0,0.0,0.0,0.0,0.0,0.0,0.0,0.0,0.0,35.0,0.0,0.0,0.0,0.0,0.0,0.0,0.0,0.0,0.0,0.0,0.0,0.0,0.0,0.0
W0027,1,0.0,0.0,0.0,0.0,0.0,0.0,0.0,0.0,0.0,0.0,0.0,0.0,0.0,0.0,0.0,0.0,0.0,0.0,0.0,0.0,0.0,0.0,0.0,0.0,0.0,7.00573508319297,0.0,0.0,0.0,0.0,0.0,0.0,0.0,0.0,0.0,0.0,0.0,0.0,0.0,0.0,0.0,0.0,0.0,0.0,0.0,0.0,0.0,0.0,0.0,0.0,19.815196910193656,0.2298409458464388,0.063442990367639,2.1976511170722537,1.2080121627993945,0.3055196446415082,0.4037704963321171,0.139537573999555,-0.0277010310429233,0.8301453600025958,1.771700543074496,0.088002445423738,-0.0161017341074781,0.3418199222409339,0.7167920242264451
W0027,2,0.0,0.0,0.0,0.0,0.0,0.0,0.0,0.0,0.0,0.0,0.0,0.0,0.0,0.0,0.0,0.0,0.0,0.0,0.0,0.0,0.0,0.0,0.0,0.0,0.0,9.72135063239356,0.0,0.0,0.0,0.0,0.0,0.0,0.0,0.0,0.0,0.0,0.0,0.0,0.0,0.0,0.0,0.0,0.0,0.0,0.0,0.0,0.0,0.0,0.0,0.0,10.715853698217622,0.3910406397742417,-0.0005612340686513,2.406303079876768,0.8536995072523107,0.5530885664758449,0.9205882775418748,0.1481959002170675,0.0152795643781996,1.4761339653647385,3.655586755542318,0.3996396434317911,0.2348300347208751,1.2078615416096772,1.8634135640425245
W0027,3,0.0,0.0,0.0,0.0,0.0,0.0,0.0,0.0,0.0,0.0,0.0,0.0,0.0,0.0,0.0,0.0,0.0,0.0,0.0,0.0,0.0,0.0,0.0,0.0,0.0,8.742165016154916,0.0,0.0,0.0,0.0,0.0,0.0,0.0,0.0,0.0,0.0,0.0,0.0,0.0,0.0,0.0,0.0,0.0,0.0,0.0,0.0,0.0,0.0,0.0,0.0,4.707886538875042,0.3476577799882455,0.1121655574965876,1.3584294731171425,0.4041549536680807,0.7771215043518734,1.3814864774709472,0.1084367443530003,0.1514914720738046,2.396664572839032,4.6696377984778,0.6350001772289374,0.3952472662072826,1.6636487109769147,2.6549914116532545
W0027,4,0.0,0.0,0.0,0.0,0.0,0.0,0.0,0.0,0.0,0.0,0.0,0.0,0.0,0.0,0.0,0.0,0.0,0.0,0.0,0.0,0.0,0.0,0.0,0.0,0.0,10.303781152992004,0.0,0.0,0.0,0.0,0.0,0.0,0.0,0.0,0.0,0.0,0.0,0.0,0.0,0.0,0.0,0.0,0.0,0.0,0.0,0.0,0.0,0.0,0.0,0.0,1.3153601903336742,0.3261360308064653,0.0510062707014848,0.8253600470690994,0.0951004298802332,0.5793860431212672,1.6289064741835169,0.1289692776623187,0.2263924076762802,2.343736427970261,5.674351096399945,0.7642793862820226,0.4959491986873718,1.613723602498144,3.0440400233773475
W0027,5,0.0,0.0,0.0,0.0,0.0,0.0,0.0,0.0,0.0,0.0,0.0,0.0,0.0,0.0,0.0,0.0,0.0,0.0,0.0,0.0,0.0,0.0,0.0,0.0,0.0,5.81745217340613,0.0,0.0,0.0,0.0,0.0,0.0,0.0,0.0,0.0,0.0,0.0,0.0,0.0,0.0,0.0,0.0,0.0,0.0,0.0,0.0,0.0,0.0,0.0,0.0,0.6805893046347953,0.1371858761989508,0.0836945091922332,0.2696665177534064,0.1466199671493617,0.4507955578412057,1.7726960376009815,0.0713005664205243,0.3519655100314023,2.3474465789286296,6.137691112154327,0.6767933174071292,0.5531887342689875,2.3480619688031177,3.974429608050317
W0027,6,0.0,0.0,0.0,0.0,0.0,0.0,0.0,0.0,0.0,0.0,0.0,0.0,0.0,0.0,0.0,0.0,0.0,0.0,0.0,0.0,0.0,0.0,0.0,0.0,0.0,5.6791049538353935,0.0,0.0,0.0,0.0,0.0,0.0,0.0,0.0,0.0,0.0,0.0,0.0,0.0,0.0,0.0,0.0,0.0,0.0,0.0,0.0,0.0,0.0,0.0,0.0,0.4501301159700521,0.1224855423713393,0.0203663808711121,0.2057472258824549,0.0583226938629025,0.3470220710620771,1.5579669573764308,-0.0470018281548711,0.4136515560261911,2.136531943776607,5.528164413121069,0.8825027273603178,0.5636599758242258,2.3704066065085247,3.9225277369241898
W0028,0,0.0,0.0,0.0,0.0,0.0,0.0,0.0,0.0,0.0,0.0,0.0,0.0,0.0,0.0,0.0,0.0,0.0,0.0,0.0,0.0,0.0,0.0,0.0,0.0,0.0,0.0,3.0,0.0,0.0,0.0,0.0,0.0,0.0,0.0,0.0,0.0,0.0,0.0,0.0,0.0,0.0,0.0,0.0,0.0,0.0,0.0,0.0,0.0,0.0,0.0,35.0,0.0,0.0,0.0,0.0,0.0,0.0,0.0,0.0,0.0,0.0,0.0,0.0,0.0,0.0
W0028,1,0.0,0.0,0.0,0.0,0.0,0.0,0.0,0.0,0.0,0.0,0.0,0.0,0.0,0.0,0.0,0.0,0.0,0.0,0.0,0.0,0.0,0.0,0.0,0.0,0.0,0.0,12.467669563314264,0.0,0.0,0.0,0.0,0.0,0.0,0.0,0.0,0.0,0.0,0.0,0.0,0.0,0.0,0.0,0.0,0.0,0.0,0.0,0.0,0.0,0.0,0.0,0.5628605076172419,0.2175699020287065,0.4675034179845815,5.997029824306365,0.6745715162378283,0.0818456023424193,0.7104953532255793,0.2173872633380129,0.1264871631849608,0.0776946773344358,0.0709005718250564,0.45282050459108,0.9122685885767192,6.581593174212912,4.2774588976336965
W0028,2,0.0,0.0,0.0,0.0,0.0,0.0,0.0,0.0,0.0,0.0,0.0,0.0,0.0,0.0,0.0,0.0,0.0,0.0,0.0,0.0,0.0,0.0,0.0,0.0,0.0,0.0,11.079223802446746,0.0,0.0,0.0,0.0,0.0,0.0,0.0,0.0,0.0,0.0,0.0,0.0,0.0,0.0,0.0,0.0,0.0,0.0,0.0,0.0,0.0,0.0,0.0,0.1066493094468338,0.203818609346064,0.3740535629858648,2.3553933305186425,0.3925011034872092,0.0007092068894217,0.3152667364447328,0.1377107774559254,0.1526289409080642,0.1832486928621556,0.3432173612165934,0.8869583435028375,1.1425100909726058,6.950022245158678,5.004677145948679
W0028,3,0.0,0.0,0.0,0.0,0.0,0.0,0.0,0.0,0.0,0.0,0.0,0.0,0.0,0.0,0.0,0.0,0.0,0.0,0.0,0.0,0.0,0.0,0.0,0.0,0.0,0.0,9.702181976542493,0.0,0.0,0.0,0.0,0.0,0.0,0.0,0.0,0.0,0.0,0.0,0.0,0.0,0.0,0.0,0.0,0.0,0.0,0.0,0.0,0.0,0.0,0.0,0.1068097100679533,0.0666901257845035,0.2148866399707548,1.2015965253412135,0.2222838978146069,-0.026471486390136,0.2118817688086025,0.0525661246179971,0.1100033615475901,0.0375337736000291,0.5207110865692606,1.0884968896319858,1.282326958476574,7.437059628013262,4.787795710572413
W0028,4,0.0,0.0,0.0,0.0,0.0,0.0,0.0,0.0,0.0,0.0,0.0,0.0,0.0,0.0,0.0,0.0,0.0,0.0,0.0,0.0,0.0,0.0,0.0,0.0,0.0,0.0,7.132810704753201,0.0,0.0,0.0,0.0,0.0,0.0,0.0,0.0,0.0,0.0,0.0,0.0,0.0,0.0,0.0,0.0,0.0,0.0,0.0,0.0,0.0,0.0,0.0,0.0294411881028349,0.0051773899794997,0.065714853116968,0.8134653267076108,0.1537689751768381,-0.0034965657349604,0.1067893549420932,-0.0482516159002405,0.035568572871553,0.027384794753761,0.5449654268705613,0.9886192860199134,1.2958254675574512,8.434969565834942,4.745494075293498
W0028,5,0.0,0.0,0.0,0.0,0.0,0.0,0.0,0.0,0.0,0.0,0.0,0.0,0.0,0.0,0.0,0.0,0.0,0.0,0.0,0.0,0.0,0.0,0.0,0.0,0.0,0.0,5.511155437903532,0.0,0.0,0.0,0.0,0.0,0.0,0.0,0.0,0.0,0.0,0.0,0.0,0.0,0.0,0.0,0.0,0.0,0.0,0.0,0.0,0.0,0.0,0.0,-0.0194307219163408,0.0910718623530448,0.0814440833886937,0.3017825438400922,0.117558590951461,0.0336397075156886,0.1074670776646798,-0.0134884900058095,0.084669478301592,0.0471744414463803,0.5730265299503663,0.8296582201865197,1.3956119276776378,8.789896552494062,5.357357400908325
W0028,6,0.0,0.0,0.0,0.0,0.0,0.0,0.0,0.0,0.0,0.0,0.0,0.0,0.0,0.0,0.0,0.0,0.0,0.0,0.0,0.0,0.0,0.0,0.0,0.0,0.0,0.0,3.330365411427058,0.0,0.0,0.0,0.0,0.0,0.0,0.0,0.0,0.0,0.0,0.0,0.0,0.0,0.0,0.0,0.0,0.0,0.0,0.0,0.0,0.0,0.0,0.0,0.0122336315014797,0.0455284388148574,0.0851715561933129,0.3266475015527721,0.0613176420765185,-0.0059910521208894,0.0261097024234151,0.0157742463165256,0.0287619442849766,-0.0268149549872645,0.4570687508305165,0.9530952384048196,1.3727881212515785,8.069355009321818,4.421468389798589
W0029,0,0.0,0.0,0.0,0.0,0.0,0.0,0.0,0.0,0.0,0.0,0.0,0.0,0.0,0.0,0.0,0.0,0.0,0.0,0.0,0.0,0.0,0.0,0.0,0.0,0.0,0.0,0.0,3.0,0.0,0.0,0.0,0.0,0.0,0.0,0.0,0.0,0.0,0.0,0.0,0.0,0.0,0.0,0.0,0.0,0.0,0.0,0.0,0.0,0.0,0.0,35.0,0.0,0.0,0.0,0.0,0.0,0.0,0.0,0.0,0.0,0.0,0.0,0.0,0.0,0.0
W0029,1,0.0,0.0,0.0,0.0,0.0,0.0,0.0,0.0,0.0,0.0,0.0,0.0,0.0,0.0,0.0,0.0,0.0,0.0,0.0,0.0,0.0,0.0,0.0,0.0,0.0,0.0,0.0,6.323452145629064,0.0,0.0,0.0,0.0,0.0,0.0,0.0,0.0,0.0,0.0,0.0,0.0,0.0,0.0,0.0,0.0,0.0,0.0,0.0,0.0,0.0,0.0,20.655826665880536,0.7072763102158066,0.4324431757359467,0.0592829717317881,0.0368206426224283,2.771005028604513,2.8981955153788364,0.1621443965115356,-0.0128757828775934,0.244713053258262,1.6502111288533554,0.145864969409824,0.0040498084287681,0.2574889252989833,0.039857514375583
W0029,2,0.0,0.0,0.0,0.0,0.0,0.0,0.0,0.0,0.0,0.0,0.0,0.0,0.0,0.0,0.0,0.0,0.0,0.0,0.0,0.0,0.0,0.0,0.0,0.0,0.0,0.0,0.0,8.696885520004155,0.0,0.0,0.0,0.0,0.0,0.0,0.0,0.0,0.0,0.0,0.0,0.0,0.0,0.0,0.0,0.0,0.0,0.0,0.0,0.0,0.0,0.0,7.504336173015194,1.0745303330292904,0.3292953318066943,0.2196194552016817,0.2131806620335116,3.17698734626156,6.250250250965286,0.2561363769078423,0.1090830542132975,0.8446475932745963,3.2453797276556875,0.1715188726721725,0.2187441072124853,0.4408604233100359,0.2431202662082438
W0029,3,0.0,0.0,0.0,0.0,0.0,0.0,0.0,0.0,0.0,0.0,0.0,0.0,0.0,0.0,0.0,0.0,0.0,0.0,0.0,0.0,0.0,0.0,0.0,0.0,0.0,0.0,0.0,10.43867189453391,0.0,0.0,0.0,0.0,0.0,0.0,0.0,0.0,0.0,0.0,0.0,0.0,0.0,0.0,0.0,0.0,0.0,0.0,0.0,0.0,0.0,0.0,2.791555018116469,0.915630339172812,0.1556310061256845,0.1682550948163163,0.2518201735415661,1.807357388105296,6.778997958571745,0.2110874030300689,0.1167670508749946,1.608822473380527,4.107950737903361,0.2328800970300538,0.174708216366928,0.8090874945770228,0.3908972771855363
W0029,4,0.0,0.0,0.0,0.0,0.0,0.0,0.0,0.0,0.0,0.0,0.0,0.0,0.0,0.0,0.0,0.0,0.0,0.0,0.0,0.0,0.0,0.0,0.0,0.0,0.0,0.0,0.0,7.523558508132699,0.0,0.0,0.0,0.0,0.0,0.0,0.0,0.0,0.0,0.0,0.0,0.0,0.0,0.0,0.0,0.0,0.0,0.0,0.0,0.0,0.0,0.0,1.1544259795224363,0.5836233400103596,0.1792635600905535,0.1222298009484021,0.3366509001768284,1.2661412276394968,7.717723735458818,0.2054777517247306,0.1960013986692356,2.731242350134724,4.039628089664969,0.2478008825888467,0.1158437351313615,0.7682194315042401,0.3407563499298136
W0029,5,0.0,0.0,0.0,0.0,0.0,0.0,0.0,0.0,0.0,0.0,0.0,0.0,0.0,0.0,0.0,0.0,0.0,0.0,0.0,0.0,0.0,0.0,0.0,0.0,0.0,0.0,0.0,6.160584769150363,0.0,0.0,0.0,0.0,0.0,0.0,0.0,0.0,0.0,0.0,0.0,0.0,0.0,0.0,0.0,0.0,0.0,0.0,0.0,0.0,0.0,0.0,0.5302981815544159,0.4804203532120997,0.01401412128962,-0.0223126910228663,0.2292561837362544,0.8711710712705673,8.703692924517876,0.2180302323129205,0.2530118298506149,2.426522997465464,5.19891716407637,0.3752555431913736,0.1739023441407026,0.8296451029015663,0.350626344301691
W0029,6,0.0,0.0,0.0,0.0,0.0,0.0,0.0,0.0,0.0,0.0,0.0,0.0,0.0,0.0,0.0,0.0,0.0,0.0,0.0,0.0,0.0,0.0,0.0,0.0,0.0,0.0,0.0,4.942650459647123,0.0,0.0,0.0,0.0,0.0,0.0,0.0,0.0,0.0,0.0,0.0,0.0,0.0,0.0,0.0,0.0,0.0,0.0,0.0,0.0,0.0,0.0,0.3011823898619662,0.3085671195673069,0.0280659388088281,0.0344490991018956,0.3220714487582848,0.6364379771017186,9.759658236194628,0.145471415938057,0.1440514893916327,2.8893924003737803,4.743034138980252,0.2634891178737442,0.0858047505913705,0.930897653331698,0.4430518235414915
W0030,0,0.0,0.0,0.0,0.0,0.0,0.0,0.0,0.0,0.0,0.0,0.0,0.0,0.0,0.0,0.0,0.0,0.0,0.0,0.0,0.0,0.0,0.0,0.0,0.0,0.0,0.0,0.0,0.0,3.0,0.0,0.0,0.0,0.0,0.0,0.0,0.0,0.0,0.0,0.0,0.0,0.0,0.0,0.0,0.0,0.0,0.0,0.0,0.0,0.0,0.0,35.0,0.0,0.0,0.0,0.0,0.0,0.0,0.0,0.0,0.0,0.0,0.0,0.0,0.0,0.0
W0030,1,0.0,0.0,0.0,0.0,0.0,0.0,0.0,0.0,0.0,0.0,0.0,0.0,0.0,0.0,0.0,0.0,0.0,0.0,0.0,0.0,0.0,0.0,0.0,0.0,0.0,0.0,0.0,0.0,17.191183022909954,0.0,0.0,0.0,0.0,0.0,0.0,0.0,0.0,0.0,0.0,0.0,0.0,0.0,0.0,0.0,0.0,0.0,0.0,0.0,0.0,0.0,0.4276493472881599,2.100616769915263,1.0256507864494129,1.8278311270361536,0.4630203234746502,1.8216990691821344,3.003670758264339,2.0546436129766272,0.1779625617539253,0.1415566063662143,2.265360315856089,0.602774497351299,0.5877457345444005,2.0606667627591437,0.1432896797431389
W0030,2,0.0,0.0,0.0,0.0,0.0,0.0,0.0,0.0,0.0,0.0,0.0,0.0,0.0,0.0,0.0,0.0,0.0,0.0,0.0,0.0,0.0,0.0,0.0,0.0,0.0,0.0,0.0,0.0,13.791584558570042,0.0,0.0,0.0,0.0,0.0,0.0,0.0,0.0,0.0,0.0,0.0,0.0,0.0,0.0,0.0,0.0,0.0,0.0,0.0,0.0,0.0,0.0521909866648356,2.316041330076981,0.1059650537988629,0.4973039156169736,0.0019641692105065,2.461361667698307,3.844257589042594,0.1389557271542754,0.1250860309801074,0.1233948787990986,2.7677940254614244,0.917356212819545,0.9889383695648342,1.7165634485336765,0.2491599836506429
W0030,3,0.0,0.0,0.0,0.0,0.0,0.0,0.0,0.0,0.0,0.0,0.0,0.0,0.0,0.0,0.0,0.0,0.0,0.0,0.0,0.0,0.0,0.0,0.0,0.0,0.0,0.0,0.0,0.0,8.986889219494987,0.0,0.0,0.0,0.0,0.0,0.0,0.0,0.0,0.0,0.0,0.0,0.0,0.0,0.0,0.0,0.0,0.0,0.0,0.0,0.0,0.0,0.0843313281277789,1.9038403130931467,0.0216981193440624,0.1539439823950759,-0.0124750862633446,3.118668064017867,3.5060159639104302,0.0956650025680609,0.1594508851402175,0.079934654980914,2.706616554796449,0.891150381654084,1.2282208939399484,2.211842207142589,0.162435298317243
W0030,4,0.0,0.0,0.0,0.0,0.0,0.0,0.0,0.0,0.0,0.0,0.0,0.0,0.0,0.0,0.0,0.0,0.0,0.0,0.0,0.0,0.0,0.0,0.0,0.0,0.0,0.0,0.0,0.0,5.990451790265108,0.0,0.0,0.0,0.0,0.0,0.0,0.0,0.0,0.0,0.0,0.0,0.0,0.0,0.0,0.0,0.0,0.0,0.0,0.0,0.0,0.0,0.1013733494041305,2.7306222497441017,0.0437405200043305,0.0675541616058686,-0.0347158103457409,2.7410230475396955,3.644119317725316,0.0130709817401811,0.1660281306164176,0.0276600300248819,3.040933345555326,0.800623898605218,1.0277112480681707,1.8313854452219716,0.260240500936014
W0030,5,0.0,0.0,0.0,0.0,0.0,0.0,0.0,0.0,0.0,0.0,0.0,0.0,0.0,0.0,0.0,0.0,0.0,0.0,0.0,0.0,0.0,0.0,0.0,0.0,0.0,0.0,0.0,0.0,4.78187204397062,0.0,0.0,0.0,0.0,0.0,0.0,0.0,0.0,0.0,0.0,0.0,0.0,0.0,0.0,0.0,0.0,0.0,0.0,0.0,0.0,0.0,-0.1074672292024545,2.6373203889092656,0.039557242988696,0.0345952701737007,-0.0240531802547615,2.7795936765504985,4.405321359748591,0.0124183021155818,0.0968607295514054,0.0890144016391423,2.450294329680649,0.7691667544020107,1.1274137677663578,2.3570012233790654,0.1420404716987182
W0030,6,0.0,0.0,0.0,0.0,0.0,0.0,0.0,0.0,0.0,0.0,0.0,0.0,0.0,0.0,0.0,0.0,0.0,0.0,0.0,0.0,0.0,0.0,0.0,0.0,0.0,0.0,0.0,0.0,3.620203235799748,0.0,0.0,0.0,0.0,0.0,0.0,0.0,0.0,0.0,0.0,0.0,0.0,0.0,0.0,0.0,0.0,0.0,0.0,0.0,0.0,0.0,0.0456006618540393,2.144240951645329,-0.0208735660932563,0.0588411680946574,0.0634248961640985,2.507880390121372,3.679063387400248,0.0561419453451813,0.2084103209336174,0.096254744170844,3.4391184102541263,0.9085156025372308,1.0958622014158286,2.013460893051536,0.1329519996628139
W0031,0,0.0,0.0,0.0,0.0,0.0,0.0,0.0,0.0,0.0,0.0,0.0,0.0,0.0,0.0,0.0,0.0,0.0,0.0,0.0,0.0,0.0,0.0,0.0,0.0,0.0,0.0,0.0,0.0,0.0,3.0,0.0,0.0,0.0,0.0,0.0,0.0,0.0,0.0,0.0,0.0,0.0,0.0,0.0,0.0,0.0,0.0,0.0,0.0,0.0,0.0,35.0,0.0,0.0,0.0,0.0,0.0,0.0,0.0,0.0,0.0,0.0,0.0,0.0,0.0,0.0
W0031,1,0.0,0.0,0.0,0.0,0.0,0.0,0.0,0.0,0.0,0.0,0.0,0.0,0.0,0.0,0.0,0.0,0.0,0.0,0.0,0.0,0.0,0.0,0.0,0.0,0.0,0.0,0.0,0.0,0.0,9.519943545528688,0.0,0.0,0.0,0.0,0.0,0.0,0.0,0.0,0.0,0.0,0.0,0.0,0.0,0.0,0.0,0.0,0.0,0.0,0.0,0.0,1.6202070167721505,2.1236426323334605,3.1297015817506235,0.0174806024415841,10.724080360489566,0.1902144438331452,0.2057139947791139,0.181319123721766,0.5037334507173341,0.1337663132738456,0.0446540073816682,-0.0022861771491959,1.4736845670093623,1.5343847168906533,0.3210795229614817
W0031,2,0.0,0.0,0.0,0.0,0.0,0.0,0.0,0.0,0.0,0.0,0.0,0.0,0.0,0.0,0.0,0.0,0.0,0.0,0.0,0.0,0.0,0.0,0.0,0.0,0.0,0.0,0.0,0.0,0.0,7.822476111294509,0.0,0.0,0.0,0.0,0.0,0.0,0.0,0.0,0.0,0.0,0.0,0.0,0.0,0.0,0.0,0.0,0.0,0.0,0.0,0.0,0.0808543496219474,1.4801605348458844,3.5273393213217443,0.0192744285351393,15.866274726770902,0.3101057018069804,0.3482284810066595,0.014334982073633,0.709581564941006,0.0376471746701424,0.0411164948635834,0.0080430725453872,1.5053811101755024,1.361984455401611,0.4716638683934469
W0031,3,0.0,0.0,0.0,0.0,0.0,0.0,0.0,0.0,0.0,0.0,0.0,0.0,0.0,0.0,0.0,0.0,0.0,0.0,0.0,0.0,0.0,0.0,0.0,0.0,0.0,0.0,0.0,0.0,0.0,6.227573481359024,0.0,0.0,0.0,0.0,0.0,0.0,0.0,0.0,0.0,0.0,0.0,0.0,0.0,0.0,0.0,0.0,0.0,0.0,0.0,0.0,0.0206151572829846,1.1056984239113004,3.369849365335822,-0.0282552711552674,14.314929717491312,0.4144547743538025,0.3814309664398722,-0.0421880877615471,0.4391158015915463,0.0487747634119896,0.0062318433980475,-0.005786484683577,2.381690854944563,2.0208154983393967,0.3729575801793028
W0031,4,0.0,0.0,0.0,0.0,0.0,0.0,0.0,0.0,0.0,0.0,0.0,0.0,0.0,0.0,0.0,0.0,0.0,0.0,0.0,0.0,0.0,0.0,0.0,0.0,0.0,0.0,0.0,0.0,0.0,4.828854939525945,0.0,0.0,0.0,0.0,0.0,0.0,0.0,0.0,0.0,0.0,0.0,0.0,0.0,0.0,0.0,0.0,0.0,0.0,0.0,0.0,-0.0649136047601154,0.8600483449852787,3.6600016198619727,0.061330228331647,12.079009966827607,0.4394021761582014,0.2630222806163788,0.0215887535849617,0.4586887324483925,0.0936942806619416,0.0437924067992274,0.0429011920971995,1.484705525226154,1.8313669426604928,0.4176465661826424
W0031,5,0.0,0.0,0.0,0.0,0.0,0.0,0.0,0.0,0.0,0.0,0.0,0.0,0.0,0.0,0.0,0.0,0.0,0.0,0.0,0.0,0.0,0.0,0.0,0.0,0.0,0.0,0.0,0.0,0.0,2.841845748281401,0.0,0.0,0.0,0.0,0.0,0.0,0.0,0.0,0.0,0.0,0.0,0.0,0.0,0.0,0.0,0.0,0.0,0.0,0.0,0.0,0.0186283163792491,0.5713474077611184,3.0093298977146934,0.0628204897848328,12.129571301435318,0.3916185016536534,0.4058398144937725,0.0578597943275355,0.6150012906074207,0.0713243047988768,0.0618342884588583,0.1052102587391028,1.6688982967995964,1.961912336424504,0.3378918102898437
W0031,6,0.0,0.0,0.0,0.0,0.0,0.0,0.0,0.0,0.0,0.0,0.0,0.0,0.0,0.0,0.0,0.0,0.0,0.0,0.0,0.0,0.0,0.0,0.0,0.0,0.0,0.0,0.0,0.0,0.0,2.1172749484196016,0.0,0.0,0.0,0.0,0.0,0.0,0.0,0.0,0.0,0.0,0.0,0.0,0.0,0.0,0.0,0.0,0.0,0.0,0.0,0.0,0.0578759617793172,0.7094663666088434,3.66377238127002,-0.0634035010745258,15.334660105876395,0.2932418304316493,0.3334314897612945,0.0189887049625744,0.6715959013402465,-0.0040018127057975,-0.0456667244508007,0.0087185474236763,1.7411779698863803,1.511598285462742,0.3675281541971671
W0032,0,0.0,0.0,0.0,0.0,0.0,0.0,0.0,0.0,0.0,0.0,0.0,0.0,0.0,0.0,0.0,0.0,0.0,0.0,0.0,0.0,0.0,0.0,0.0,0.0,0.0,0.0,0.0,0.0,0.0,0.0,3.0,0.0,0.0,0.0,0.0,0.0,0.0,0.0,0.0,0.0,0.0,0.0,0.0,0.0,0.0,0.0,0.0,0.0,0.0,0.0,35.0,0.0,0.0,0.0,0.0,0.0,0.0,0.0,0.0,0.0,0.0,0.0,0.0,0.0,0.0
W0032,1,0.0,0.0,0.0,0.0,0.0,0.0,0.0,0.0,0.0,0.0,0.0,0.0,0.0,0.0,0.0,0.0,0.0,0.0,0.0,0.0,0.0,0.0,0.0,0.0,0.0,0.0,0.0,0.0,0.0,0.0,12.825721334112735,0.0,0.0,0.0,0.0,0.0,0.0,0.0,0.0,0.0,0.0,0.0,0.0,0.0,0.0,0.0,0.0,0.0,0.0,0.0,2.3815112337594004,0.1589235302012947,0.6671881697726925,0.1695527478665833,5.452654690429975,0.0492319809228644,0.0284083832021356,0.6808793886990938,1.791507747916074,0.2691700213623177,0.0237413016356573,1.3812855073882888,0.6100322299080718,0.1145929091681787,8.942774466351208
W0032,2,0.0,0.0,0.0,0.0,0.0,0.0,0.0,0.0,0.0,0.0,0.0,0.0,0.0,0.0,0.0,0.0,0.0,0.0,0.0,0.0,0.0,0.0,0.0,0.0,0.0,0.0,0.0,0.0,0.0,0.0,10.109430386612852,0.0,0.0,0.0,0.0,0.0,0.0,0.0,0.0,0.0,0.0,0.0,0.0,0.0,0.0,0.0,0.0,0.0,0.0,0.0,0.0343180807212137,0.1282440400850483,0.7841293178794145,0.2074164563116976,5.779226201630671,0.1353529088786798,-0.0090829813302093,0.9976337313507092,1.4955260161267971,0.0921164066404184,-0.0221728578328671,0.1709186067988106,0.4647714225903692,0.1206328960706064,14.06454512266368
W0032,3,0.0,0.0,0.0,0.0,0.0,0.0,0.0,0.0,0.0,0.0,0.0,0.0,0.0,0.0,0.0,0.0,0.0,0.0,0.0,0.0,0.0,0.0,0.0,0.0,0.0,0.0,0.0,0.0,0.0,0.0,8.72706620639999,0.0,0.0,0.0,0.0,0.0,0.0,0.0,0.0,0.0,0.0,0.0,0.0,0.0,0.0,0.0,0.0,0.0,0.0,0.0,-0.0282732777574856,0.1895928874042197,0.7718740041705809,0.246219490045388,5.110246015357984,0.1928281488196069,0.0146545154595152,0.7226028842478589,1.1086393055292674,0.0760131668319202,-0.0443384797410251,0.0685773085389184,0.456878280163298,0.214536091107585,12.004917945927543
W0032,4,0.0,0.0,0.0,0.0,0.0,0.0,0.0,0.0,0.0,0.0,0.0,0.0,0.0,0.0,0.0,0.0,0.0,0.0,0.0,0.0,0.0,0.0,0.0,0.0,0.0,0.0,0.0,0.0,0.0,0.0,6.617893140538687,0.0,0.0,0.0,0.0,0.0,0.0,0.0,0.0,0.0,0.0,0.0,0.0,0.0,0.0,0.0,0.0,0.0,0.0,0.0,-0.0169709088851727,0.0771547309313901,0.8039307491036035,0.3127317093268347,5.348169556462667,0.2321266104968504,0.0367421424235316,0.7234634158929437,0.7881294321941889,0.0703610793032229,0.0708200573994858,0.0108962050528613,0.5505211050006148,0.291064438910241,9.683622778165216
W0032,5,0.0,0.0,0.0,0.0,0.0,0.0,0.0,0.0,0.0,0.0,0.0,0.0,0.0,0.0,0.0,0.0,0.0,0.0,0.0,0.0,0.0,0.0,0.0,0.0,0.0,0.0,0.0,0.0,0.0,0.0,4.508623796486747,0.0,0.0,0.0,0.0,0.0,0.0,0.0,0.0,0.0,0.0,0.0,0.0,0.0,0.0,0.0,0.0,0.0,0.0,0.0,-0.029205608070329,0.1393262988610575,0.7323100640333472,0.2250317390326797,6.203549749902389,0.2251207246655653,0.0837009236263396,0.820079615460301,0.66700893752164,0.0331639055432017,0.0982883202343695,0.0254086815783487,0.4511545813810614,0.2854296399660173,11.027810357797549
W0032,6,0.0,0.0,0.0,0.0,0.0,0.0,0.0,0.0,0.0,0.0,0.0,0.0,0.0,0.0,0.0,0.0,0.0,0.0,0.0,0.0,0.0,0.0,0.0,0.0,0.0,0.0,0.0,0.0,0.0,0.0,3.324877319868168,0.0,0.0,0.0,0.0,0.0,0.0,0.0,0.0,0.0,0.0,0.0,0.0,0.0,0.0,0.0,0.0,0.0,0.0,0.0,0.0201348544172356,0.1845192318443346,0.8474201455287379,0.2519284499412042,4.987781629689893,0.1715688625218416,0.0701220352980989,0.6833300234136659,0.7075577638674356,0.0321216464001084,0.0015185976598919,0.0869162357460141,0.6309290747394234,0.3438264557952216,11.340684110302254
W0033,0,0.0,0.0,0.0,0.0,0.0,0.0,0.0,0.0,0.0,0.0,0.0,0.0,0.0,0.0,0.0,0.0,0.0,0.0,0.0,0.0,0.0,0.0,0.0,0.0,0.0,0.0,0.0,0.0,0.0,0.0,0.0,3.0,0.0,0.0,0.0,0.0,0.0,0.0,0.0,0.0,0.0,0.0,0.0,0.0,0.0,0.0,0.0,0.0,0.0,0.0,35.0,0.0,0.0,0.0,0.0,0.0,0.0,0.0,0.0,0.0,0.0,0.0,0.0,0.0,0.0
W0033,1,0.0,0.0,0.0,0.0,0.0,0.0,0.0,0.0,0.0,0.0,0.0,0.0,0.0,0.0,0.0,0.0,0.0,0.0,0.0,0.0,0.0,0.0,0.0,0.0,0.0,0.0,0.0,0.0,0.0,0.0,0.0,9.64784975301,0.0,0.0,0.0,0.0,0.0,0.0,0.0,0.0,0.0,0.0,0.0,0.0,0.0,0.0,0.0,0.0,0.0,0.0,5.674920473489436,0.0965089688698852,1.67108065734607,1.3875202004312257,0.9508539101160224,1.0482981061656538,0.101993589080421,2.958831345039259,-0.0002490807175672,0.0617373658929128,0.0286912087509724,0.0481462644737146,1.925626968888371,6.641284573216495,2.370909828682377
W0033,2,0.0,0.0,0.0,0.0,0.0,0.0,0.0,0.0,0.0,0.0,0.0,0.0,0.0,0.0,0.0,0.0,0.0,0.0,0.0,0.0,0.0,0.0,0.0,0.0,0.0,0.0,0.0,0.0,0.0,0.0,0.0,8.396228578669847,0.0,0.0,0.0,0.0,0.0,0.0,0.0,0.0,0.0,0.0,0.0,0.0,0.0,0.0,0.0,0.0,0.0,0.0,0.6263192216155172,0.0538226726516995,2.017142747553186,1.528739755946399,1.0679606286233412,1.5547582572343626,0.0428065068394425,3.523571544033332,0.0197586057788904,0.0122597431727654,0.0219493414715213,0.0665622255798948,2.6262427148480025,7.885259794642387,2.5799126397691623
W0033,3,0.0,0.0,0.0,0.0,0.0,0.0,0.0,0.0,0.0,0.0,0.0,0.0,0.0,0.0,0.0,0.0,0.0,0.0,0.0,0.0,0.0,0.0,0.0,0.0,0.0,0.0,0.0,0.0,0.0,0.0,0.0,5.136138189753585,0.0,0.0,0.0,0.0,0.0,0.0,0.0,0.0,0.0,0.0,0.0,0.0,0.0,0.0,0.0,0.0,0.0,0.0,0.1851814804915131,0.0273251975960502,2.3773614821326103,1.607734521770198,1.1840279869781667,1.6905682907052202,0.0151798904622503,3.9823755690354257,0.0191757130312379,-0.0573521360865328,-0.0113642912102319,0.0591299834708184,2.035901035735312,8.241485628121906,2.9924928819494223
W0033,4,0.0,0.0,0.0,0.0,0.0,0.0,0.0,0.0,0.0,0.0,0.0,0.0,0.0,0.0,0.0,0.0,0.0,0.0,0.0,0.0,0.0,0.0,0.0,0.0,0.0,0.0,0.0,0.0,0.0,0.0,0.0,4.257502783608334,0.0,0.0,0.0,0.0,0.0,0.0,0.0,0.0,0.0,0.0,0.0,0.0,0.0,0.0,0.0,0.0,0.0,0.0,0.0346056212020524,-0.0428568101450114,2.023429284493937,1.8079508033681904,1.1166374654952864,1.6655376371034676,-0.037575758519966,3.7624225159930886,0.0546917414898511,-0.0106565628021255,-0.0126240968096337,0.0795460978146267,2.5624200571103213,10.0103677652216,3.3715603519654795
W0033,5,0.0,0.0,0.0,0.0,0.0,0.0,0.0,0.0,0.0,0.0,0.0,0.0,0.0,0.0,0.0,0.0,0.0,0.0,0.0,0.0,0.0,0.0,0.0,0.0,0.0,0.0,0.0,0.0,0.0,0.0,0.0,3.190971365748885,0.0,0.0,0.0,0.0,0.0,0.0,0.0,0.0,0.0,0.0,0.0,0.0,0.0,0.0,0.0,0.0,0.0,0.0,-0.0110209654861958,0.0023203603217215,2.1363625282777017,1.6938203075184994,1.0875891503205632,1.5032119068380916,0.0202514943838607,3.95959096010957,0.0415215270025948,0.0356214071087548,0.0429592819356454,-0.0236058759795963,2.5519508858599025,8.729384669544281,3.3849898840928696
W0033,6,0.0,0.0,0.0,0.0,0.0,0.0,0.0,0.0,0.0,0.0,0.0,0.0,0.0,0.0,0.0,0.0,0.0,0.0,0.0,0.0,0.0,0.0,0.0,0.0,0.0,0.0,0.0,0.0,0.0,0.0,0.0,2.3222230310521708,0.0,0.0,0.0,0.0,0.0,0.0,0.0,0.0,0.0,0.0,0.0,0.0,0.0,0.0,0.0,0.0,0.0,0.0,0.0370413350946792,0.0521214726262302,2.393866263648241,1.420613529121064,0.8064141488974306,1.4236673434737157,0.0128096586034572,3.4313064480782947,-0.035856382161746,0.1131223855054205,0.0533404202036745,0.1084215161452284,2.6399756420783125,9.546371019427587,2.50022906836906
W0034,0,0.0,0.0,0.0,0.0,0.0,0.0,0.0,0.0,0.0,0.0,0.0,0.0,0.0,0.0,0.0,0.0,0.0,0.0,0.0,0.0,0.0,0.0,0.0,0.0,0.0,0.0,0.0,0.0,0.0,0.0,0.0,0.0,3.0,0.0,0.0,0.0,0.0,0.0,0.0,0.0,0.0,0.0,0.0,0.0,0.0,0.0,0.0,0.0,0.0,0.0,35.0,0.0,0.0,0.0,0.0,0.0,0.0,0.0,0.0,0.0,0.0,0.0,0.0,0.0,0.0
W0034,1,0.0,0.0,0.0,0.0,0.0,0.0,0.0,0.0,0.0,0.0,0.0,0.0,0.0,0.0,0.0,0.0,0.0,0.0,0.0,0.0,0.0,0.0,0.0,0.0,0.0,0.0,0.0,0.0,0.0,0.0,0.0,0.0,10.698924978756228,0.0,0.0,0.0,0.0,0.0,0.0,0.0,0.0,0.0,0.0,0.0,0.0,0.0,0.0,0.0,0.0,0.0,0.1931752103912377,0.9315129196178348,0.0371478580462559,14.65445706345381,2.1568153077538668,0.8798850473378771,1.1710550388526415,-0.049226424279464,0.0085360237196465,0.1133970478761689,0.0401505766145059,0.1054457654120598,3.1120591197996488,0.2142566310798892,0.3853765503348864
W0034,2,0.0,0.0,0.0,0.0,0.0,0.0,0.0,0.0,0.0,0.0,0.0,0.0,0.0,0.0,0.0,0.0,0.0,0.0,0.0,0.0,0.0,0.0,0.0,0.0,0.0,0.0,0.0,0.0,0.0,0.0,0.0,0.0,7.520144203522056,0.0,0.0,0.0,0.0,0.0,0.0,0.0,0.0,0.0,0.0,0.0,0.0,0.0,0.0,0.0,0.0,0.0,0.0421325543100937,0.6131443267589454,0.1314714205188159,16.00700131371107,2.4618246863527,0.9726492823748268,1.1291331435267815,0.0064741923941258,-0.0209388794232818,0.042402279893913,0.0384847254816551,-0.0041893821285447,3.0224346808763163,0.1994938716714686,0.2310762218543269
W0034,3,0.0,0.0,0.0,0.0,0.0,0.0,0.0,0.0,0.0,0.0,0.0,0.0,0.0,0.0,0.0,0.0,0.0,0.0,0.0,0.0,0.0,0.0,0.0,0.0,0.0,0.0,0.0,0.0,0.0,0.0,0.0,0.0,6.377696186031215,0.0,0.0,0.0,0.0,0.0,0.0,0.0,0.0,0.0,0.0,0.0,0.0,0.0,0.0,0.0,0.0,0.0,0.0635203812874319,0.7388309204310074,0.0175905390115068,14.75232886643392,2.405754024829305,0.7411231127822043,0.8899414475809476,0.0201545551635186,0.0067245703713813,0.0651548463219492,0.0017696381006699,0.0608809145578643,3.1692778070445136,0.1709993234209689,0.2371059920185617
W0034,4,0.0,0.0,0.0,0.0,0.0,0.0,0.0,0.0,0.0,0.0,0.0,0.0,0.0,0.0,0.0,0.0,0.0,0.0,0.0,0.0,0.0,0.0,0.0,0.0,0.0,0.0,0.0,0.0,0.0,0.0,0.0,0.0,4.379013037382816,0.0,0.0,0.0,0.0,0.0,0.0,0.0,0.0,0.0,0.0,0.0,0.0,0.0,0.0,0.0,0.0,0.0,0.0099594340516891,0.8543569441892377,0.0869727598914675,13.838905221727476,1.995027823340792,0.7947390109236161,1.1354942321417312,0.0403328648709354,-0.0372208268758384,-0.0841720254872292,0.0378338538998725,0.0323722646815475,2.9178027083643787,0.1546713041236739,0.2942538641494074
W0034,5,0.0,0.0,0.0,0.0,0.0,0.0,0.0,0.0,0.0,0.0,0.0,0.0,0.0,0.0,0.0,0.0,0.0,0.0,0.0,0.0,0.0,0.0,0.0,0.0,0.0,0.0,0.0,0.0,0.0,0.0,0.0,0.0,3.2263234677102,0.0,0.0,0.0,0.0,0.0,0.0,0.0,0.0,0.0,0.0,0.0,0.0,0.0,0.0,0.0,0.0,0.0,0.0298298754150754,0.8666176013545787,0.1144980419103383,13.582409514563226,2.083883660624561,1.1202099642716383,0.9101259803633964,-0.0438999189971571,0.0006700929121727,0.0086884185818347,0.0495703568174375,0.0375770902063704,3.094881024294595,0.1185468881572577,0.3053795381043644
W0034,6,0.0,0.0,0.0,0.0,0.0,0.0,0.0,0.0,0.0,0.0,0.0,0.0,0.0,0.0,0.0,0.0,0.0,0.0,0.0,0.0,0.0,0.0,0.0,0.0,0.0,0.0,0.0,0.0,0.0,0.0,0.0,0.0,1.880954081635664,0.0,0.0,0.0,0.0,0.0,0.0,0.0,0.0,0.0,0.0,0.0,0.0,0.0,0.0,0.0,0.0,0.0,0.0430509533496314,0.7479081491627033,0.0815756817259912,14.31077177270944,2.336529290775061,0.8956793307972165,1.1691959636974278,-0.0111376209841528,0.0112922509834091,-0.0662376036367679,-0.0131173932163374,-0.0742058044077398,3.1375104940546503,0.2710553366743411,0.3987218374349001
W0035,0,0.0,0.0,0.0,0.0,0.0,0.0,0.0,0.0,0.0,0.0,0.0,0.0,0.0,0.0,0.0,0.0,0.0,0.0,0.0,0.0,0.0,0.0,0.0,0.0,0.0,0.0,0.0,0.0,0.0,0.0,0.0,0.0,0.0,3.0,0.0,0.0,0.0,0.0,0.0,0.0,0.0,0.0,0.0,0.0,0.0,0.0,0.0,0.0,0.0,0.0,35.0,0.0,0.0,0.0,0.0,0.0,0.0,0.0,0.0,0.0,0.0,0.0,0.0,0.0,0.0
W0035,1,0.0,0.0,0.0,0.0,0.0,0.0,0.0,0.0,0.0,0.0,0.0,0.0,0.0,0.0,0.0,0.0,0.0,0.0,0.0,0.0,0.0,0.0,0.0,0.0,0.0,0.0,0.0,0.0,0.0,0.0,0.0,0.0,0.0,9.67440859627563,0.0,0.0,0.0,0.0,0.0,0.0,0.0,0.0,0.0,0.0,0.0,0.0,0.0,0.0,0.0,0.0,5.578901659527352,0.963892764593506,0.1351993580177869,1.788808402792952,1.2279999150798957,13.039918871947854,0.5550094919604137,0.3692660033425486,0.0615985346299072,0.0283700033202803,-0.0288962656311878,0.1597821401252929,0.2278899662954205,2.173958400539954,0.084242729155842
W0035,2,0.0,0.0,0.0,0.0,0.0,0.0,0.0,0.0,0.0,0.0,0.0,0.0,0.0,0.0,0.0,0.0,0.0,0.0,0.0,0.0,0.0,0.0,0.0,0.0,0.0,0.0,0.0,0.0,0.0,0.0,0.0,0.0,0.0,8.513049383415163,0.0,0.0,0.0,0.0,0.0,0.0,0.0,0.0,0.0,0.0,0.0,0.0,0.0,0.0,0.0,0.0,0.4352211061651651,1.1024451952955712,0.118815623381854,1.9489720936880717,1.8740988351102448,15.064665745466367,0.340090097934114,0.7333244973718862,0.1029955366797767,0.0259643360380112,0.0823900562855415,-0.0218467514213536,0.175329424840822,2.839550194265257,0.0398954311981013
W0035,3,0.0,0.0,0.0,0.0,0.0,0.0,0.0,0.0,0.0,0.0,0.0,0.0,0.0,0.0,0.0,0.0,0.0,0.0,0.0,0.0,0.0,0.0,0.0,0.0,0.0,0.0,0.0,0.0,0.0,0.0,0.0,0.0,0.0,7.451670896644784,0.0,0.0,0.0,0.0,0.0,0.0,0.0,0.0,0.0,0.0,0.0,0.0,0.0,0.0,0.0,0.0,-0.0052975293869245,1.0947643189882037,0.0016603005622589,2.2057992109578777,2.0443484901889866,15.50397494163914,0.1920518028257871,0.6629509561052769,0.0182934407724186,-0.0297191365062294,0.1764988969497842,0.0222008553365133,0.2168817394709612,2.1592585144594203,0.0791500128840481
W0035,4,0.0,0.0,0.0,0.0,0.0,0.0,0.0,0.0,0.0,0.0,0.0,0.0,0.0,0.0,0.0,0.0,0.0,0.0,0.0,0.0,0.0,0.0,0.0,0.0,0.0,0.0,0.0,0.0,0.0,0.0,0.0,0.0,0.0,4.149693361311631,0.0,0.0,0.0,0.0,0.0,0.0,0.0,0.0,0.0,0.0,0.0,0.0,0.0,0.0,0.0,0.0,-0.012319362682567,1.252471224961665,0.1246135289096737,2.2243355713382726,2.141772176394939,15.717437704312342,0.154468520303521,0.6309239278667939,-0.0031389925392124,0.0321936271327508,0.2019785102136765,-0.04719727623611,0.1964734271723514,2.33197016680949,0.0029525600630093
W0035,5,0.0,0.0,0.0,0.0,0.0,0.0,0.0,0.0,0.0,0.0,0.0,0.0,0.0,0.0,0.0,0.0,0.0,0.0,0.0,0.0,0.0,0.0,0.0,0.0,0.0,0.0,0.0,0.0,0.0,0.0,0.0,0.0,0.0,2.736609141546303,0.0,0.0,0.0,0.0,0.0,0.0,0.0,0.0,0.0,0.0,0.0,0.0,0.0,0.0,0.0,0.0,0.0695892001243735,1.220221560052127,0.110867119466224,2.1622292402422905,1.914161568911624,15.539238230992794,0.0095414120774032,0.6814101582084672,-0.0644298262279522,-0.0692172257126713,0.2179302136088532,0.0023324666503617,0.208177298819812,2.86721685481778,0.0301511731510936
W0035,6,0.0,0.0,0.0,0.0,0.0,0.0,0.0,0.0,0.0,0.0,0.0,0.0,0.0,0.0,0.0,0.0,0.0,0.0,0.0,0.0,0.0,0.0,0.0,0.0,0.0,0.0,0.0,0.0,0.0,0.0,0.0,0.0,0.0,2.108196614935965,0.0,0.0,0.0,0.0,0.0,0.0,0.0,0.0,0.0,0.0,0.0,0.0,0.0,0.0,0.0,0.0,-0.083786192491879,1.0496602838722495,0.0641320707568538,2.303194525396501,1.9655040725579247,15.685970072455214,0.0165446044718783,0.4649630638379985,-0.1025978465389108,0.0776391618977615,0.1758464174082924,-0.0572773852634923,0.1843555266278149,2.612436594811495,0.041165055404012
W0036,0,0.0,0.0,0.0,0.0,0.0,0.0,0.0,0.0,0.0,0.0,0.0,0.0,0.0,0.0,0.0,0.0,0.0,0.0,0.0,0.0,0.0,0.0,0.0,0.0,0.0,0.0,0.0,0.0,0.0,0.0,0.0,0.0,0.0,0.0,3.0,0.0,0.0,0.0,0.0,0.0,0.0,0.0,0.0,0.0,0.0,0.0,0.0,0.0,0.0,0.0,35.0,0.0,0.0,0.0,0.0,0.0,0.0,0.0,0.0,0.0,0.0,0.0,0.0,0.0,0.0
W0036,1,0.0,0.0,0.0,0.0,0.0,0.0,0.0,0.0,0.0,0.0,0.0,0.0,0.0,0.0,0.0,0.0,0.0,0.0,0.0,0.0,0.0,0.0,0.0,0.0,0.0,0.0,0.0,0.0,0.0,0.0,0.0,0.0,0.0,0.0,11.49188453232764,0.0,0.0,0.0,0.0,0.0,0.0,0.0,0.0,0.0,0.0,0.0,0.0,0.0,0.0,0.0,3.526746075798152,0.5619169442751124,12.818167615800098,1.1328889106801423,0.5489795329763736,0.1444540095282253,1.3903081912837745,2.95115468050535,-0.0047092234323741,0.0334596983214748,0.1430577923983408,-0.0187183028463313,0.3538364417990973,0.1318385430544668,2.382443425242907
W0036,2,0.0,0.0,0.0,0.0,0.0,0.0,0.0,0.0,0.0,0.0,0.0,0.0,0.0,0.0,0.0,0.0,0.0,0.0,0.0,0.0,0.0,0.0,0.0,0.0,0.0,0.0,0.0,0.0,0.0,0.0,0.0,0.0,0.0,0.0,6.595036948019249,0.0,0.0,0.0,0.0,0.0,0.0,0.0,0.0,0.0,0.0,0.0,0.0,0.0,0.0,0.0,0.2287959517902655,0.5347515924113068,13.872259241261368,1.1697529803030635,0.7499356332689362,0.2594771406643419,1.6272234933914436,3.518802178679556,-0.0243201022396227,-0.0381405987146164,0.1560761917740339,0.0482188897441841,0.380585519926475,0.2151304177677182,2.3706083912329268
W0036,3,0.0,0.0,0.0,0.0,0.0,0.0,0.0,0.0,0.0,0.0,0.0,0.0,0.0,0.0,0.0,0.0,0.0,0.0,0.0,0.0,0.0,0.0,0.0,0.0,0.0,0.0,0.0,0.0,0.0,0.0,0.0,0.0,0.0,0.0,4.912295252416518,0.0,0.0,0.0,0.0,0.0,0.0,0.0,0.0,0.0,0.0,0.0,0.0,0.0,0.0,0.0,0.0361602852831687,0.509048268666125,13.783244280092992,1.2447839803532914,0.855275598414694,0.3306188654991243,1.522453807798838,3.900597553029343,-0.0207532775326656,0.0104876682660863,0.0653667044364965,0.0051967951049097,0.2837659449233343,0.1566743737517819,2.8613834740906863
W0036,4,0.0,0.0,0.0,0.0,0.0,0.0,0.0,0.0,0.0,0.0,0.0,0.0,0.0,0.0,0.0,0.0,0.0,0.0,0.0,0.0,0.0,0.0,0.0,0.0,0.0,0.0,0.0,0.0,0.0,0.0,0.0,0.0,0.0,0.0,3.7962998548939546,0.0,0.0,0.0,0.0,0.0,0.0,0.0,0.0,0.0,0.0,0.0,0.0,0.0,0.0,0.0,0.0665144489697717,0.4998046320441273,13.705473416240782,1.1695595321228338,0.779731423292553,0.1602410289898126,1.50944279786044,3.997150348146671,-0.0439006593375134,-0.0072895235073073,0.0731769296156071,-0.0029363374364569,0.1397088363608254,0.2919035281897816,2.504109184731921
W0036,5,0.0,0.0,0.0,0.0,0.0,0.0,0.0,0.0,0.0,0.0,0.0,0.0,0.0,0.0,0.0,0.0,0.0,0.0,0.0,0.0,0.0,0.0,0.0,0.0,0.0,0.0,0.0,0.0,0.0,0.0,0.0,0.0,0.0,0.0,2.611089138038821,0.0,0.0,0.0,0.0,0.0,0.0,0.0,0.0,0.0,0.0,0.0,0.0,0.0,0.0,0.0,0.0220643878125404,0.5057569518593487,10.57431010925178,0.9280854508799756,0.7291015472069416,0.2038189526175526,1.6344504098096144,4.479004740857119,-0.003676020543023,0.0273404439597803,0.1470656982804434,-0.0395285253789592,0.1685789734835248,0.3192114957775687,2.553064502480853
W0036,6,0.0,0.0,0.0,0.0,0.0,0.0,0.0,0.0,0.0,0.0,0.0,0.0,0.0,0.0,0.0,0.0,0.0,0.0,0.0,0.0,0.0,0.0,0.0,0.0,0.0,0.0,0.0,0.0,0.0,0.0,0.0,0.0,0.0,0.0,2.3109326403382373,0.0,0.0,0.0,0.0,0.0,0.0,0.0,0.0,0.0,0.0,0.0,0.0,0.0,0.0,0.0,0.0073408485453159,0.5157392834049566,13.22309208093508,1.000844467051283,0.6924003583355596,0.1853252632024965,1.5916675241273823,3.867979626723579,0.0473403016023612,-0.0176361526029601,0.1104440106714037,-0.0013137580290807,0.1737107716345667,0.18592384687786,2.705844595167302
W0037,0,0.0,0.0,0.0,0.0,0.0,0.0,0.0,0.0,0.0,0.0,0.0,0.0,0.0,0.0,0.0,0.0,0.0,0.0,0.0,0.0,0.0,0.0,0.0,0.0,0.0,0.0,0.0,0.0,0.0,0.0,0.0,0.0,0.0,0.0,0.0,3.0,0.0,0.0,0.0,0.0,0.0,0.0,0.0,0.0,0.0,0.0,0.0,0.0,0.0,0.0,35.0,0.0,0.0,0.0,0.0,0.0,0.0,0.0,0.0,0.0,0.0,0.0,0.0,0.0,0.0
W0037,1,0.0,0.0,0.0,0.0,0.0,0.0,0.0,0.0,0.0,0.0,0.0,0.0,0.0,0.0,0.0,0.0,0.0,0.0,0.0,0.0,0.0,0.0,0.0,0.0,0.0,0.0,0.0,0.0,0.0,0.0,0.0,0.0,0.0,0.0,0.0,10.551575459443551,0.0,0.0,0.0,0.0,0.0,0.0,0.0,0.0,0.0,0.0,0.0,0.0,0.0,0.0,0.2573256445447492,2.3860827140000147,0.241465036706734,16.659226531685498,-0.021766722034725,0.215794854122401,0.6542718426464192,0.0638221853521842,0.0048115200195915,0.1086469136139421,0.0554624666780999,0.2554815193822297,0.082076990211904,2.006975731098203,1.1867339430783896
W0037,2,0.0,0.0,0.0,0.0,0.0,0.0,0.0,0.0,0.0,0.0,0.0,0.0,0.0,0.0,0.0,0.0,0.0,0.0,0.0,0.0,0.0,0.0,0.0,0.0,0.0,0.0,0.0,0.0,0.0,0.0,0.0,0.0,0.0,0.0,0.0,8.052850988881358,0.0,0.0,0.0,0.0,0.0,0.0,0.0,0.0,0.0,0.0,0.0,0.0,0.0,0.0,-0.0536981420381957,2.067087795658517,0.2444580393893735,19.14796105722998,0.0838903411213346,0.218340017032977,0.6915378954197129,0.0310724217890968,0.0487201970457394,0.0303086467293831,-0.0017744678089773,0.3006220572370504,0.1500724101047358,2.104853148400354,1.3809289141743142
W0037,3,0.0,0.0,0.0,0.0,0.0,0.0,0.0,0.0,0.0,0.0,0.0,0.0,0.0,0.0,0.0,0.0,0.0,0.0,0.0,0.0,0.0,0.0,0.0,0.0,0.0,0.0,0.0,0.0,0.0,0.0,0.0,0.0,0.0,0.0,0.0,5.250659314893253,0.0,0.0,0.0,0.0,0.0,0.0,0.0,0.0,0.0,0.0,0.0,0.0,0.0,0.0,0.0136577303480952,2.5614906899414045,0.3820436911718796,17.19440347552161,0.1152410388179479,0.2052683501480553,0.6726602555998061,0.061415810897485,0.0061172364685311,0.0219664536511313,-0.0546604308453597,0.2806008493812149,0.1535496930837284,2.3897636000187625,1.4359091515005828
W0037,4,0.0,0.0,0.0,0.0,0.0,0.0,0.0,0.0,0.0,0.0,0.0,0.0,0.0,0.0,0.0,0.0,0.0,0.0,0.0,0.0,0.0,0.0,0.0,0.0,0.0,0.0,0.0,0.0,0.0,0.0,0.0,0.0,0.0,0.0,0.0,5.082905442445915,0.0,0.0,0.0,0.0,0.0,0.0,0.0,0.0,0.0,0.0,0.0,0.0,0.0,0.0,0.0189732665359768,2.2573236320011905,0.4336633410777478,15.247832107454917,0.0137426759888525,0.2672311651815219,0.6542527274552133,0.0644292744341313,-0.0140267909786258,-0.0172523210298927,-0.0023261712175355,0.3057028832249103,0.181443270696418,2.470693275532246,1.1432521212845426
W0037,5,0.0,0.0,0.0,0.0,0.0,0.0,0.0,0.0,0.0,0.0,0.0,0.0,0.0,0.0,0.0,0.0,0.0,0.0,0.0,0.0,0.0,0.0,0.0,0.0,0.0,0.0,0.0,0.0,0.0,0.0,0.0,0.0,0.0,0.0,0.0,2.576524362876937,0.0,0.0,0.0,0.0,0.0,0.0,0.0,0.0,0.0,0.0,0.0,0.0,0.0,0.0,-0.0034829378659919,2.925434591354935,0.3713938492715629,17.057754326561387,0.0120127504892864,0.2513804663441443,0.689423168002291,0.1424662416805261,0.019012416395679,0.0080875075193319,0.0816404430802134,0.3781260972827859,0.1471419485897749,2.078227253147232,1.0892845948248495
W0037,6,0.0,0.0,0.0,0.0,0.0,0.0,0.0,0.0,0.0,0.0,0.0,0.0,0.0,0.0,0.0,0.0,0.0,0.0,0.0,0.0,0.0,0.0,0.0,0.0,0.0,0.0,0.0,0.0,0.0,0.0,0.0,0.0,0.0,0.0,0.0,2.3650091986834987,0.0,0.0,0.0,0.0,0.0,0.0,0.0,0.0,0.0,0.0,0.0,0.0,0.0,0.0,0.0551219729033028,2.9094588411881013,0.4437243010673526,16.55732005085341,0.0313279711110077,0.2278188014861306,0.6041690139559034,0.1228148669775494,0.1064345716437362,0.0061524736931392,-0.0054523475210229,0.2589101648158033,0.1424265567949182,2.2685917711053807,1.332256002317553
W0038,0,0.0,0.0,0.0,0.0,0.0,0.0,0.0,0.0,0.0,0.0,0.0,0.0,0.0,0.0,0.0,0.0,0.0,0.0,0.0,0.0,0.0,0.0,0.0,0.0,0.0,0.0,0.0,0.0,0.0,0.0,0.0,0.0,0.0,0.0,0.0,0.0,3.0,0.0,0.0,0.0,0.0,0.0,0.0,0.0,0.0,0.0,0.0,0.0,0.0,0.0,35.0,0.0,0.0,0.0,0.0,0.0,0.0,0.0,0.0,0.0,0.0,0.0,0.0,0.0,0.0
W0038,1,0.0,0.0,0.0,0.0,0.0,0.0,0.0,0.0,0.0,0.0,0.0,0.0,0.0,0.0,0.0,0.0,0.0,0.0,0.0,0.0,0.0,0.0,0.0,0.0,0.0,0.0,0.0,0.0,0.0,0.0,0.0,0.0,0.0,0.0,0.0,0.0,13.047752598943822,0.0,0.0,0.0,0.0,0.0,0.0,0.0,0.0,0.0,0.0,0.0,0.0,0.0,0.2292433051082235,4.028763354888721,0.965673484062126,1.217736785792518,0.147952351661692,0.1656994498128761,1.3270886384647678,4.249841594098223,-0.0121935072228521,0.5361232163104296,-0.0022229175033626,0.4477766578776346,0.1075436764352635,8.468986008227128,0.1864398370540748
W0038,2,0.0,0.0,0.0,0.0,0.0,0.0,0.0,0.0,0.0,0.0,0.0,0.0,0.0,0.0,0.0,0.0,0.0,0.0,0.0,0.0,0.0,0.0,0.0,0.0,0.0,0.0,0.0,0.0,0.0,0.0,0.0,0.0,0.0,0.0,0.0,0.0,9.932909213545353,0.0,0.0,0.0,0.0,0.0,0.0,0.0,0.0,0.0,0.0,0.0,0.0,0.0,-0.0216436591686949,3.845950933841871,1.2101935545469715,1.5693292172988698,0.0675749644090536,0.0978681187142197,0.2324478560694334,4.586894513157212,0.0020273507723409,0.4636050295744132,-0.0355811946880156,0.1022001842135247,0.1384378622522622,8.638751401864734,0.2064388000316
W0038,3,0.0,0.0,0.0,0.0,0.0,0.0,0.0,0.0,0.0,0.0,0.0,0.0,0.0,0.0,0.0,0.0,0.0,0.0,0.0,0.0,0.0,0.0,0.0,0.0,0.0,0.0,0.0,0.0,0.0,0.0,0.0,0.0,0.0,0.0,0.0,0.0,6.281231282567284,0.0,0.0,0.0,0.0,0.0,0.0,0.0,0.0,0.0,0.0,0.0,0.0,0.0,0.0077220951434784,3.474264116744401,1.1912311436380216,1.3990651279378434,-0.0621184014509917,0.0285758548102385,0.0099668347746573,4.624182798746947,-0.0143325118550867,0.6851115528591656,-0.0118731481033532,-0.0190528607480585,0.1194569478280883,9.201003951659615,0.3595228294488676
W0038,4,0.0,0.0,0.0,0.0,0.0,0.0,0.0,0.0,0.0,0.0,0.0,0.0,0.0,0.0,0.0,0.0,0.0,0.0,0.0,0.0,0.0,0.0,0.0,0.0,0.0,0.0,0.0,0.0,0.0,0.0,0.0,0.0,0.0,0.0,0.0,0.0,5.417376067982494,0.0,0.0,0.0,0.0,0.0,0.0,0.0,0.0,0.0,0.0,0.0,0.0,0.0,-0.0653802509673035,3.74204154302362,1.0034884303955585,1.4297539522235394,-0.0202459345055333,-0.0122051455465796,0.0238542612729249,4.820108803331429,0.0126508157370355,0.6730632236970965,0.0508334354445475,0.0009687368427884,0.1135134953654331,10.10200116071029,0.3562264891471084
W0038,5,0.0,0.0,0.0,0.0,0.0,0.0,0.0,0.0,0.0,0.0,0.0,0.0,0.0,0.0,0.0,0.0,0.0,0.0,0.0,0.0,0.0,0.0,0.0,0.0,0.0,0.0,0.0,0.0,0.0,0.0,0.0,0.0,0.0,0.0,0.0,0.0,2.89100768613062,0.0,0.0,0.0,0.0,0.0,0.0,0.0,0.0,0.0,0.0,0.0,0.0,0.0,0.116469740503846,4.025765767144707,1.3666240887451502,1.4753710812463894,-0.0028514533913562,0.0053339673640771,0.1197400823241306,4.078257124388153,-0.0192868625332993,0.605007081876015,-0.0505041432263419,-0.0312634903246263,0.0837850677138933,10.644964158804912,0.2248911718425491
W0038,6,0.0,0.0,0.0,0.0,0.0,0.0,0.0,0.0,0.0,0.0,0.0,0.0,0.0,0.0,0.0,0.0,0.0,0.0,0.0,0.0,0.0,0.0,0.0,0.0,0.0,0.0,0.0,0.0,0.0,0.0,0.0,0.0,0.0,0.0,0.0,0.0,2.50235309325586,0.0,0.0,0.0,0.0,0.0,0.0,0.0,0.0,0.0,0.0,0.0,0.0,0.0,0.0420531717728315,4.048819360164684,1.3895423890142045,1.778747349644494,0.0387924583213129,-0.0708575949219223,0.0443528532446303,3.891535039258765,-0.0595818323133847,0.4606940756082586,-0.0360836710366401,0.0131880835178756,0.0464733519377135,8.663496720212413,0.2626854560279119
W0039,0,0.0,0.0,0.0,0.0,0.0,0.0,0.0,0.0,0.0,0.0,0.0,0.0,0.0,0.0,0.0,0.0,0.0,0.0,0.0,0.0,0.0,0.0,0.0,0.0,0.0,0.0,0.0,0.0,0.0,0.0,0.0,0.0,0.0,0.0,0.0,0.0,0.0,3.0,0.0,0.0,0.0,0.0,0.0,0.0,0.0,0.0,0.0,0.0,0.0,0.0,35.0,0.0,0.0,0.0,0.0,0.0,0.0,0.0,0.0,0.0,0.0,0.0,0.0,0.0,0.0
W0039,1,0.0,0.0,0.0,0.0,0.0,0.0,0.0,0.0,0.0,0.0,0.0,0.0,0.0,0.0,0.0,0.0,0.0,0.0,0.0,0.0,0.0,0.0,0.0,0.0,0.0,0.0,0.0,0.0,0.0,0.0,0.0,0.0,0.0,0.0,0.0,0.0,0.0,10.586001051319643,0.0,0.0,0.0,0.0,0.0,0.0,0.0,0.0,0.0,0.0,0.0,0.0,0.1862455181235741,0.0165136344631092,0.2097764949809102,15.379164255394732,2.627714825767117,0.3278512046830682,0.0668672325218488,1.5691534748451363,0.1437552395923685,-0.0450177640214259,0.0710392477171537,-0.0243788212022994,0.8943585432896006,3.488048464507029,0.009571474454023
W0039,2,0.0,0.0,0.0,0.0,0.0,0.0,0.0,0.0,0.0,0.0,0.0,0.0,0.0,0.0,0.0,0.0,0.0,0.0,0.0,0.0,0.0,0.0,0.0,0.0,0.0,0.0,0.0,0.0,0.0,0.0,0.0,0.0,0.0,0.0,0.0,0.0,0.0,6.756316157302619,0.0,0.0,0.0,0.0,0.0,0.0,0.0,0.0,0.0,0.0,0.0,0.0,-0.0330438263206983,0.0478784789725696,0.0564938913573466,15.782460353632386,3.7678565901530185,0.271688827115826,0.1300928609451555,1.4051297236024465,0.1228509513866647,0.0374199110141918,-0.0403038663131232,0.0434727042899588,0.8972113403135441,2.934438687745898,0.0086269246383047
W0039,3,0.0,0.0,0.0,0.0,0.0,0.0,0.0,0.0,0.0,0.0,0.0,0.0,0.0,0.0,0.0,0.0,0.0,0.0,0.0,0.0,0.0,0.0,0.0,0.0,0.0,0.0,0.0,0.0,0.0,0.0,0.0,0.0,0.0,0.0,0.0,0.0,0.0,6.407294756071254,0.0,0.0,0.0,0.0,0.0,0.0,0.0,0.0,0.0,0.0,0.0,0.0,-0.0273534904796847,0.0748404285944588,0.0281016680520393,14.259287891241769,3.114094902070186,0.0696324522824392,0.0450926034967801,1.595595879408705,0.0913520852183808,0.0793280617294714,0.0436867542766344,0.1139153431487889,0.9714693374459384,2.7892221429457504,0.10258862383869
W0039,4,0.0,0.0,0.0,0.0,0.0,0.0,0.0,0.0,0.0,0.0,0.0,0.0,0.0,0.0,0.0,0.0,0.0,0.0,0.0,0.0,0.0,0.0,0.0,0.0,0.0,0.0,0.0,0.0,0.0,0.0,0.0,0.0,0.0,0.0,0.0,0.0,0.0,3.586649247249971,0.0,0.0,0.0,0.0,0.0,0.0,0.0,0.0,0.0,0.0,0.0,0.0,-0.0586452075185147,0.0546538441849534,0.0503191358024903,17.681593738888367,3.3745382823226016,0.1424727909815298,0.088777855315336,1.3828604589298032,0.098373985552763,-0.0199752035875012,-0.0119085217128164,-0.0021724018479276,0.9127026147689692,3.208848466755107,0.0718201635745097
W0039,5,0.0,0.0,0.0,0.0,0.0,0.0,0.0,0.0,0.0,0.0,0.0,0.0,0.0,0.0,0.0,0.0,0.0,0.0,0.0,0.0,0.0,0.0,0.0,0.0,0.0,0.0,0.0,0.0,0.0,0.0,0.0,0.0,0.0,0.0,0.0,0.0,0.0,2.882218062060279,0.0,0.0,0.0,0.0,0.0,0.0,0.0,0.0,0.0,0.0,0.0,0.0,-0.0062133362283083,0.076652523578853,-0.0506856217814955,13.009077281491916,3.3502909701280443,0.066620790544684,0.034313360813559,1.438729765844762,0.1218527279562514,0.0946035213008867,0.0204035575194555,0.0121924662788134,1.2268183108244846,3.2851426015721783,0.0711952606221091
W0039,6,0.0,0.0,0.0,0.0,0.0,0.0,0.0,0.0,0.0,0.0,0.0,0.0,0.0,0.0,0.0,0.0,0.0,0.0,0.0,0.0,0.0,0.0,0.0,0.0,0.0,0.0,0.0,0.0,0.0,0.0,0.0,0.0,0.0,0.0,0.0,0.0,0.0,1.9833031407261057,0.0,0.0,0.0,0.0,0.0,0.0,0.0,0.0,0.0,0.0,0.0,0.0,0.0260554558446178,0.0261244377786109,0.0259605279116755,13.55928002543833,3.605284543010136,0.063159136834153,0.0288976320007902,1.2712527842009225,0.0097188692089718,-0.0270429986900477,0.0520116334048581,0.0161194942008225,1.1762181145401165,2.8074633150150707,0.0478997586612622
W0040,0,0.0,0.0,0.0,0.0,0.0,0.0,0.0,0.0,0.0,0.0,0.0,0.0,0.0,0.0,0.0,0.0,0.0,0.0,0.0,0.0,0.0,0.0,0.0,0.0,0.0,0.0,0.0,0.0,0.0,0.0,0.0,0.0,0.0,0.0,0.0,0.0,0.0,0.0,3.0,0.0,0.0,0.0,0.0,0.0,0.0,0.0,0.0,0.0,0.0,0.0,35.0,0.0,0.0,0.0,0.0,0.0,0.0,0.0,0.0,0.0,0.0,0.0,0.0,0.0,0.0
W0040,1,0.0,0.0,0.0,0.0,0.0,0.0,0.0,0.0,0.0,0.0,0.0,0.0,0.0,0.0,0.0,0.0,0.0,0.0,0.0,0.0,0.0,0.0,0.0,0.0,0.0,0.0,0.0,0.0,0.0,0.0,0.0,0.0,0.0,0.0,0.0,0.0,0.0,0.0,16.03433640708579,0.0,0.0,0.0,0.0,0.0,0.0,0.0,0.0,0.0,0.0,0.0,0.3362825579033245,2.2650463688295206,2.208820105397786,0.7875155008838236,0.2160493977969866,0.7343061425681268,0.0715278138864634,0.082980108349477,0.0448162793777156,0.7511503472752291,0.2938064809295911,3.1938212038111846,1.0782398033941751,6.9750283938935,1.7016850505370718
W0040,2,0.0,0.0,0.0,0.0,0.0,0.0,0.0,0.0,0.0,0.0,0.0,0.0,0.0,0.0,0.0,0.0,0.0,0.0,0.0,0.0,0.0,0.0,0.0,0.0,0.0,0.0,0.0,0.0,0.0,0.0,0.0,0.0,0.0,0.0,0.0,0.0,0.0,0.0,13.413696869315212,0.0,0.0,0.0,0.0,0.0,0.0,0.0,0.0,0.0,0.0,0.0,-0.0412156757885898,1.9587234254491048,1.6655680656161211,0.2753260253054235,0.3902408386680353,0.0220027801329119,-0.0615103991511925,0.023057155052234,0.0403823365609239,0.1094097790197337,0.4714994008555953,3.423238708918991,2.477805708016797,3.076589519231061,2.7452175912713583
W0040,3,0.0,0.0,0.0,0.0,0.0,0.0,0.0,0.0,0.0,0.0,0.0,0.0,0.0,0.0,0.0,0.0,0.0,0.0,0.0,0.0,0.0,0.0,0.0,0.0,0.0,0.0,0.0,0.0,0.0,0.0,0.0,0.0,0.0,0.0,0.0,0.0,0.0,0.0,9.53026257987662,0.0,0.0,0.0,0.0,0.0,0.0,0.0,0.0,0.0,0.0,0.0,0.0310423120810293,2.568870325133669,1.6070700044475497,0.0869548056184578,0.3860366688908449,0.0704169153174981,-0.0290438255581886,0.0291188417946237,0.0170241398683429,0.0084143468836338,0.4953474373615089,3.7761571641820257,2.2430315813937045,2.132917737000229,2.8550356225412323
W0040,4,0.0,0.0,0.0,0.0,0.0,0.0,0.0,0.0,0.0,0.0,0.0,0.0,0.0,0.0,0.0,0.0,0.0,0.0,0.0,0.0,0.0,0.0,0.0,0.0,0.0,0.0,0.0,0.0,0.0,0.0,0.0,0.0,0.0,0.0,0.0,0.0,0.0,0.0,8.33571895040086,0.0,0.0,0.0,0.0,0.0,0.0,0.0,0.0,0.0,0.0,0.0,-0.0563884721399721,2.617227155187722,0.9053046970961218,0.1064692583942507,0.3548953630674045,0.0946932686818582,-0.020538831732672,0.0085002073780432,0.0589287127808518,0.0137077649194654,0.4917602651611049,3.564925936320948,2.338068781560961,1.2647198354031226,2.9842535374677546
W0040,5,0.0,0.0,0.0,0.0,0.0,0.0,0.0,0.0,0.0,0.0,0.0,0.0,0.0,0.0,0.0,0.0,0.0,0.0,0.0,0.0,0.0,0.0,0.0,0.0,0.0,0.0,0.0,0.0,0.0,0.0,0.0,0.0,0.0,0.0,0.0,0.0,0.0,0.0,5.411401209908539,0.0,0.0,0.0,0.0,0.0,0.0,0.0,0.0,0.0,0.0,0.0,-0.1006180231424254,2.457492677171365,0.8957408109821765,0.0460622517594454,0.3627472460772251,0.0018041487467691,-0.0178711059255672,-0.0517554196902806,0.0638406582841976,0.0345037230723012,0.5089525892282561,4.107369805900383,2.806302903613753,0.9718290036480433,2.758697562720776
W0040,6,0.0,0.0,0.0,0.0,0.0,0.0,0.0,0.0,0.0,0.0,0.0,0.0,0.0,0.0,0.0,0.0,0.0,0.0,0.0,0.0,0.0,0.0,0.0,0.0,0.0,0.0,0.0,0.0,0.0,0.0,0.0,0.0,0.0,0.0,0.0,0.0,0.0,0.0,3.693238167134465,0.0,0.0,0.0,0.0,0.0,0.0,0.0,0.0,0.0,0.0,0.0,0.0407232032720996,1.9495538319487848,0.8410825330380133,0.0146632815925585,0.279400696019523,-0.0507039960887254,0.0058151688995712,0.0278921694893232,0.0942543746750675,-0.049337523431935,0.4338636849793962,4.011555258756006,2.533616298305001,0.9952673211667732,2.9172281774336954
W0041,0,0.0,0.0,0.0,0.0,0.0,0.0,0.0,0.0,0.0,0.0,0.0,0.0,0.0,0.0,0.0,0.0,0.0,0.0,0.0,0.0,0.0,0.0,0.0,0.0,0.0,0.0,0.0,0.0,0.0,0.0,0.0,0.0,0.0,0.0,0.0,0.0,0.0,0.0,0.0,3.0,0.0,0.0,0.0,0.0,0.0,0.0,0.0,0.0,0.0,0.0,35.0,0.0,0.0,0.0,0.0,0.0,0.0,0.0,0.0,0.0,0.0,0.0,0.0,0.0,0.0
W0041,1,0.0,0.0,0.0,0.0,0.0,0.0,0.0,0.0,0.0,0.0,0.0,0.0,0.0,0.0,0.0,0.0,0.0,0.0,0.0,0.0,0.0,0.0,0.0,0.0,0.0,0.0,0.0,0.0,0.0,0.0,0.0,0.0,0.0,0.0,0.0,0.0,0.0,0.0,0.0,11.92274628525649,0.0,0.0,0.0,0.0,0.0,0.0,0.0,0.0,0.0,0.0,2.5199829190647374,0.141408196270757,1.7776597019511948,0.3167788934669125,0.8951372253309714,9.18487819436786,1.8422767886157227,0.2664215476708947,0.1661355103864504,0.3418034620720149,0.2368061021555467,0.5515726095452749,0.2432519137550031,3.4340078293123817,1.3461858903543429
W0041,2,0.0,0.0,0.0,0.0,0.0,0.0,0.0,0.0,0.0,0.0,0.0,0.0,0.0,0.0,0.0,0.0,0.0,0.0,0.0,0.0,0.0,0.0,0.0,0.0,0.0,0.0,0.0,0.0,0.0,0.0,0.0,0.0,0.0,0.0,0.0,0.0,0.0,0.0,0.0,14.43993533131575,0.0,0.0,0.0,0.0,0.0,0.0,0.0,0.0,0.0,0.0,0.1450369341207921,0.2882554657575793,1.3520314117240386,0.2372192837384757,1.76878116352725,3.826270946122567,3.1703572748641187,0.2884508062688932,0.295560218876939,0.4408283809752235,0.2351939843678472,0.5444339246829465,0.4308729032017072,3.6300758363143513,2.189319049697168
W0041,3,0.0,0.0,0.0,0.0,0.0,0.0,0.0,0.0,0.0,0.0,0.0,0.0,0.0,0.0,0.0,0.0,0.0,0.0,0.0,0.0,0.0,0.0,0.0,0.0,0.0,0.0,0.0,0.0,0.0,0.0,0.0,0.0,0.0,0.0,0.0,0.0,0.0,0.0,0.0,11.2096732448346,0.0,0.0,0.0,0.0,0.0,0.0,0.0,0.0,0.0,0.0,0.0056197918679231,0.2447529941595824,0.7699918644093464,0.2256919621391757,2.44717250134644,1.7826760529114776,2.807769770518452,0.1569005444462284,0.2921353387510168,0.4265576294988394,0.1565479467793963,0.4436012405895568,0.4953685611055793,3.804091043556005,2.217741376165231
W0041,4,0.0,0.0,0.0,0.0,0.0,0.0,0.0,0.0,0.0,0.0,0.0,0.0,0.0,0.0,0.0,0.0,0.0,0.0,0.0,0.0,0.0,0.0,0.0,0.0,0.0,0.0,0.0,0.0,0.0,0.0,0.0,0.0,0.0,0.0,0.0,0.0,0.0,0.0,0.0,9.088264233702112,0.0,0.0,0.0,0.0,0.0,0.0,0.0,0.0,0.0,0.0,-0.0038413149055879,0.126266205937079,0.4325499311829735,0.1402812947461202,2.894132990939502,0.7959031381731657,3.0876722362304125,0.1619964504671089,0.1369982336942199,0.4603413599205088,0.0217917068911006,0.3607661199949048,0.5220616923454814,3.64774597640628,1.942948969019752
W0041,5,0.0,0.0,0.0,0.0,0.0,0.0,0.0,0.0,0.0,0.0,0.0,0.0,0.0,0.0,0.0,0.0,0.0,0.0,0.0,0.0,0.0,0.0,0.0,0.0,0.0,0.0,0.0,0.0,0.0,0.0,0.0,0.0,0.0,0.0,0.0,0.0,0.0,0.0,0.0,5.4792217711948,0.0,0.0,0.0,0.0,0.0,0.0,0.0,0.0,0.0,0.0,-0.0145392339517154,0.1212993553562197,0.2262636700522527,0.0299382435686573,2.398960978568,0.5687345396723007,3.519045271614348,0.192100520958167,0.1609967646998227,0.5964227513768506,0.112261131458391,0.1312693013938738,0.4950077295702909,3.795266468977432,1.946565333098256
W0041,6,0.0,0.0,0.0,0.0,0.0,0.0,0.0,0.0,0.0,0.0,0.0,0.0,0.0,0.0,0.0,0.0,0.0,0.0,0.0,0.0,0.0,0.0,0.0,0.0,0.0,0.0,0.0,0.0,0.0,0.0,0.0,0.0,0.0,0.0,0.0,0.0,0.0,0.0,0.0,4.499575069624969,0.0,0.0,0.0,0.0,0.0,0.0,0.0,0.0,0.0,0.0,-0.0367380158283597,0.0749257856166109,0.2490561071872476,0.0174200548558889,2.269781805193391,0.3781504361636865,3.635545944934853,0.1955146251518821,0.1051678621873989,0.638412532118304,0.0943937339045996,0.3247903225829482,0.6010717275792463,3.529188578807372,2.42664172534115
W0042,0,0.0,0.0,0.0,0.0,0.0,0.0,0.0,0.0,0.0,0.0,0.0,0.0,0.0,0.0,0.0,0.0,0.0,0.0,0.0,0.0,0.0,0.0,0.0,0.0,0.0,0.0,0.0,0.0,0.0,0.0,0.0,0.0,0.0,0.0,0.0,0.0,0.0,0.0,0.0,0.0,3.0,0.0,0.0,0.0,0.0,0.0,0.0,0.0,0.0,0.0,35.0,0.0,0.0,0.0,0.0,0.0,0.0,0.0,0.0,0.0,0.0,0.0,0.0,0.0,0.0
W0042,1,0.0,0.0,0.0,0.0,0.0,0.0,0.0,0.0,0.0,0.0,0.0,0.0,0.0,0.0,0.0,0.0,0.0,0.0,0.0,0.0,0.0,0.0,0.0,0.0,0.0,0.0,0.0,0.0,0.0,0.0,0.0,0.0,0.0,0.0,0.0,0.0,0.0,0.0,0.0,0.0,12.415084811051347,0.0,0.0,0.0,0.0,0.0,0.0,0.0,0.0,0.0,1.6793330546230714,0.1056408554773841,0.1948414557305401,0.0836272383769742,4.439776834026465,-0.0306265165523557,4.8885155365285655,0.914095482089235,0.8527127035635489,0.2927771670260841,4.890346249882515,0.3975108925661487,0.3538103296958259,2.4908158447321243,0.8532153011401964
W0042,2,0.0,0.0,0.0,0.0,0.0,0.0,0.0,0.0,0.0,0.0,0.0,0.0,0.0,0.0,0.0,0.0,0.0,0.0,0.0,0.0,0.0,0.0,0.0,0.0,0.0,0.0,0.0,0.0,0.0,0.0,0.0,0.0,0.0,0.0,0.0,0.0,0.0,0.0,0.0,0.0,11.537087170709036,0.0,0.0,0.0,0.0,0.0,0.0,0.0,0.0,0.0,0.2714933203365849,0.0661485079245239,0.2937825114126418,0.0594299602490495,4.006150405646223,0.1228863134689,6.112134773701013,1.0397332209561332,0.5003080303699956,0.1850592613629881,1.790053842918767,0.556369520709785,0.4075833638423686,2.5025312138713365,1.2377749805773557
W0042,3,0.0,0.0,0.0,0.0,0.0,0.0,0.0,0.0,0.0,0.0,0.0,0.0,0.0,0.0,0.0,0.0,0.0,0.0,0.0,0.0,0.0,0.0,0.0,0.0,0.0,0.0,0.0,0.0,0.0,0.0,0.0,0.0,0.0,0.0,0.0,0.0,0.0,0.0,0.0,0.0,8.648949974701411,0.0,0.0,0.0,0.0,0.0,0.0,0.0,0.0,0.0,0.1308518127878915,-0.0161470470361442,0.263771566282353,0.0440085338557514,4.048755651438145,0.0445555665566925,5.863138270272046,1.208228399055946,0.2950183910297909,0.2088690737851344,0.8239332411821986,0.4402823386054472,0.7272811104879425,3.2290102606318203,1.2886273536773305
W0042,4,0.0,0.0,0.0,0.0,0.0,0.0,0.0,0.0,0.0,0.0,0.0,0.0,0.0,0.0,0.0,0.0,0.0,0.0,0.0,0.0,0.0,0.0,0.0,0.0,0.0,0.0,0.0,0.0,0.0,0.0,0.0,0.0,0.0,0.0,0.0,0.0,0.0,0.0,0.0,0.0,5.4993072498467725,0.0,0.0,0.0,0.0,0.0,0.0,0.0,0.0,0.0,0.0511652026549531,-0.007385582555259,0.3843482102856749,0.0006726103662526,3.6509583558865417,0.0379513164014007,6.286108025922328,1.1876303397966248,0.217562971213438,0.2248156187018527,0.50258851615297,0.4279210617676554,0.6767535304280984,3.261702681254667,1.577871337433413
W0042,5,0.0,0.0,0.0,0.0,0.0,0.0,0.0,0.0,0.0,0.0,0.0,0.0,0.0,0.0,0.0,0.0,0.0,0.0,0.0,0.0,0.0,0.0,0.0,0.0,0.0,0.0,0.0,0.0,0.0,0.0,0.0,0.0,0.0,0.0,0.0,0.0,0.0,0.0,0.0,0.0,4.577148357166402,0.0,0.0,0.0,0.0,0.0,0.0,0.0,0.0,0.0,-0.0345710892695755,-0.0072035852976441,0.2556849830934533,0.033371351893621,4.615456534255503,0.0002975914734706,7.846228744809093,0.9728905455962468,0.0858178782313793,0.0950745889216496,0.2520623560311171,0.5167821443797777,0.8253654035982056,3.4917187790966926,1.6836066874834603
W0042,6,0.0,0.0,0.0,0.0,0.0,0.0,0.0,0.0,0.0,0.0,0.0,0.0,0.0,0.0,0.0,0.0,0.0,0.0,0.0,0.0,0.0,0.0,0.0,0.0,0.0,0.0,0.0,0.0,0.0,0.0,0.0,0.0,0.0,0.0,0.0,0.0,0.0,0.0,0.0,0.0,3.630924799309341,0.0,0.0,0.0,0.0,0.0,0.0,0.0,0.0,0.0,0.0602592072426454,-0.066077400579345,0.2253353686793591,0.0684609400341008,4.353252401932263,0.0387938045267751,7.794733462587234,0.909378098857228,-0.0029724541589062,0.0966763988465805,0.197137133137163,0.366558565446329,0.8240952856358761,2.486943293142306,1.7268384494965698
W0043,0,0.0,0.0,0.0,0.0,0.0,0.0,0.0,0.0,0.0,0.0,0.0,0.0,0.0,0.0,0.0,0.0,0.0,0.0,0.0,0.0,0.0,0.0,0.0,0.0,0.0,0.0,0.0,0.0,0.0,0.0,0.0,0.0,0.0,0.0,0.0,0.0,0.0,0.0,0.0,0.0,0.0,3.0,0.0,0.0,0.0,0.0,0.0,0.0,0.0,0.0,35.0,0.0,0.0,0.0,0.0,0.0,0.0,0.0,0.0,0.0,0.0,0.0,0.0,0.0,0.0
W0043,1,0.0,0.0,0.0,0.0,0.0,0.0,0.0,0.0,0.0,0.0,0.0,0.0,0.0,0.0,0.0,0.0,0.0,0.0,0.0,0.0,0.0,0.0,0.0,0.0,0.0,0.0,0.0,0.0,0.0,0.0,0.0,0.0,0.0,0.0,0.0,0.0,0.0,0.0,0.0,0.0,0.0,12.62499789273566,0.0,0.0,0.0,0.0,0.0,0.0,0.0,0.0,3.187265726463569,0.3343474221298128,1.6227201372378453,4.517239936052177,0.4371161636252675,7.731174895151432,0.6965845963194721,0.8628621899042087,0.1502780517986876,0.2100278448696284,0.0523683686071637,0.3031949332413267,0.9566225762970244,0.7566825376314118,1.928748739168372
W0043,2,0.0,0.0,0.0,0.0,0.0,0.0,0.0,0.0,0.0,0.0,0.0,0.0,0.0,0.0,0.0,0.0,0.0,0.0,0.0,0.0,0.0,0.0,0.0,0.0,0.0,0.0,0.0,0.0,0.0,0.0,0.0,0.0,0.0,0.0,0.0,0.0,0.0,0.0,0.0,0.0,0.0,10.955353520020402,0.0,0.0,0.0,0.0,0.0,0.0,0.0,0.0,0.2183265085736093,1.071820111908297,0.5018863681835883,1.4657201145834875,0.5715459604221367,4.005021998345312,0.6300403442171125,0.4338679721908497,0.3422522893660216,0.7581561918714348,0.0275282356743457,0.5891813714212083,1.4348479732651682,1.3330050735636874,3.315184284169984
W0043,3,0.0,0.0,0.0,0.0,0.0,0.0,0.0,0.0,0.0,0.0,0.0,0.0,0.0,0.0,0.0,0.0,0.0,0.0,0.0,0.0,0.0,0.0,0.0,0.0,0.0,0.0,0.0,0.0,0.0,0.0,0.0,0.0,0.0,0.0,0.0,0.0,0.0,0.0,0.0,0.0,0.0,10.369121068047574,0.0,0.0,0.0,0.0,0.0,0.0,0.0,0.0,0.0538161490051666,1.272883888056647,0.1435687567754628,0.6930992555261652,0.5662002207835872,3.3165917898798964,0.2760185156272378,0.2281521262073809,0.3329964923792571,1.194381158792346,-0.0046875074256608,0.4250051663451321,1.7357910782912356,1.511172462508946,4.107859729118983
W0043,4,0.0,0.0,0.0,0.0,0.0,0.0,0.0,0.0,0.0,0.0,0.0,0.0,0.0,0.0,0.0,0.0,0.0,0.0,0.0,0.0,0.0,0.0,0.0,0.0,0.0,0.0,0.0,0.0,0.0,0.0,0.0,0.0,0.0,0.0,0.0,0.0,0.0,0.0,0.0,0.0,0.0,9.120664452668027,0.0,0.0,0.0,0.0,0.0,0.0,0.0,0.0,0.0856003005333609,1.3344858160318371,0.169503828720117,0.3635926587154391,0.4323699193328615,2.267295936275526,0.177765942609533,0.2490139369648205,0.199802252776314,1.285060664974213,-0.0391476681628583,0.4071119116780942,1.7482109314287892,1.746231622338544,4.232310584417176
W0043,5,0.0,0.0,0.0,0.0,0.0,0.0,0.0,0.0,0.0,0.0,0.0,0.0,0.0,0.0,0.0,0.0,0.0,0.0,0.0,0.0,0.0,0.0,0.0,0.0,0.0,0.0,0.0,0.0,0.0,0.0,0.0,0.0,0.0,0.0,0.0,0.0,0.0,0.0,0.0,0.0,0.0,7.074353616438245,0.0,0.0,0.0,0.0,0.0,0.0,0.0,0.0,-0.0358988820396964,1.6931750744191687,0.0005513051133614,0.2851834898590782,0.3506489780984028,1.7516031585658765,0.1020994770685992,0.135581158869768,0.2649361557815914,1.3077692820259064,-0.0681316833351783,0.303168906663462,1.876070431378856,1.3878224566193298,4.252406050422459
W0043,6,0.0,0.0,0.0,0.0,0.0,0.0,0.0,0.0,0.0,0.0,0.0,0.0,0.0,0.0,0.0,0.0,0.0,0.0,0.0,0.0,0.0,0.0,0.0,0.0,0.0,0.0,0.0,0.0,0.0,0.0,0.0,0.0,0.0,0.0,0.0,0.0,0.0,0.0,0.0,0.0,0.0,5.055959938123219,0.0,0.0,0.0,0.0,0.0,0.0,0.0,0.0,-0.0966346886585119,1.6125508731193432,0.0037290301673436,0.1599545409924921,0.2333640188519542,1.316476730884175,0.0570117820317336,0.1296377336978441,0.1974302789258213,1.455898880728822,0.013224492529537,0.3240807458863539,2.0251642506806977,1.6814224804282405,5.614136645907284
W0044,0,0.0,0.0,0.0,0.0,0.0,0.0,0.0,0.0,0.0,0.0,0.0,0.0,0.0,0.0,0.0,0.0,0.0,0.0,0.0,0.0,0.0,0.0,0.0,0.0,0.0,0.0,0.0,0.0,0.0,0.0,0.0,0.0,0.0,0.0,0.0,0.0,0.0,0.0,0.0,0.0,0.0,0.0,3.0,0.0,0.0,0.0,0.0,0.0,0.0,0.0,35.0,0.0,0.0,0.0,0.0,0.0,0.0,0.0,0.0,0.0,0.0,0.0,0.0,0.0,0.0
W0044,1,0.0,0.0,0.0,0.0,0.0,0.0,0.0,0.0,0.0,0.0,0.0,0.0,0.0,0.0,0.0,0.0,0.0,0.0,0.0,0.0,0.0,0.0,0.0,0.0,0.0,0.0,0.0,0.0,0.0,0.0,0.0,0.0,0.0,0.0,0.0,0.0,0.0,0.0,0.0,0.0,0.0,0.0,12.823089708327045,0.0,0.0,0.0,0.0,0.0,0.0,0.0,1.4222133474660792,0.4183409218197503,0.9259552315587892,0.0234785287227968,3.9179810259381473,2.9251528830738565,0.4921950158572134,2.382768988106296,0.394872271706539,0.29882089394666,0.4175780543939341,0.6827389281443343,2.735684252407506,0.6925703145173376,2.617411727982083
W0044,2,0.0,0.0,0.0,0.0,0.0,0.0,0.0,0.0,0.0,0.0,0.0,0.0,0.0,0.0,0.0,0.0,0.0,0.0,0.0,0.0,0.0,0.0,0.0,0.0,0.0,0.0,0.0,0.0,0.0,0.0,0.0,0.0,0.0,0.0,0.0,0.0,0.0,0.0,0.0,0.0,0.0,0.0,14.575425407887762,0.0,0.0,0.0,0.0,0.0,0.0,0.0,0.1328098514446873,0.3031486311519709,0.5788356226753781,0.0158042696390352,3.141854857745753,1.0800420817717702,0.2644309092475136,0.2465874386085864,0.223946110008535,0.3135626988389222,1.020646591025609,0.1193504146245477,3.412656430598177,0.9249444532723275,3.607085744390643
W0044,3,0.0,0.0,0.0,0.0,0.0,0.0,0.0,0.0,0.0,0.0,0.0,0.0,0.0,0.0,0.0,0.0,0.0,0.0,0.0,0.0,0.0,0.0,0.0,0.0,0.0,0.0,0.0,0.0,0.0,0.0,0.0,0.0,0.0,0.0,0.0,0.0,0.0,0.0,0.0,0.0,0.0,0.0,10.272727323610257,0.0,0.0,0.0,0.0,0.0,0.0,0.0,0.0194214250604985,0.1347599609538716,0.3272260099872069,0.1152673419037876,2.2369334524701747,0.467332891977211,0.2061549861363435,0.1680010032572418,0.1901408424444606,0.2212213226385476,1.260203509767183,0.067007967956483,3.540852683081384,1.294691076525761,4.205794958232293
W0044,4,0.0,0.0,0.0,0.0,0.0,0.0,0.0,0.0,0.0,0.0,0.0,0.0,0.0,0.0,0.0,0.0,0.0,0.0,0.0,0.0,0.0,0.0,0.0,0.0,0.0,0.0,0.0,0.0,0.0,0.0,0.0,0.0,0.0,0.0,0.0,0.0,0.0,0.0,0.0,0.0,0.0,0.0,9.25056384973687,0.0,0.0,0.0,0.0,0.0,0.0,0.0,0.0376222735900401,0.0838295967421533,0.1576583963814154,0.1004240309256436,1.562049856534323,0.1514833719245315,0.269726362371079,-0.016325767241558,0.113883043749078,0.2111894583297803,1.1063327938592789,0.0640412450538245,3.151032524095556,1.4556361126850557,4.98595224848265
W0044,5,0.0,0.0,0.0,0.0,0.0,0.0,0.0,0.0,0.0,0.0,0.0,0.0,0.0,0.0,0.0,0.0,0.0,0.0,0.0,0.0,0.0,0.0,0.0,0.0,0.0,0.0,0.0,0.0,0.0,0.0,0.0,0.0,0.0,0.0,0.0,0.0,0.0,0.0,0.0,0.0,0.0,0.0,6.439109358232698,0.0,0.0,0.0,0.0,0.0,0.0,0.0,-0.0430294854123483,0.0598778790186518,0.0348904407425656,-0.0448253248358269,1.4745253940543337,0.2015398245273736,0.1646040210384175,0.0362084114068734,0.0808568140049486,0.145298835980604,1.145832159613401,-0.0620185104391588,3.12904204549949,1.622253114468806,4.0820211407994815
W0044,6,0.0,0.0,0.0,0.0,0.0,0.0,0.0,0.0,0.0,0.0,0.0,0.0,0.0,0.0,0.0,0.0,0.0,0.0,0.0,0.0,0.0,0.0,0.0,0.0,0.0,0.0,0.0,0.0,0.0,0.0,0.0,0.0,0.0,0.0,0.0,0.0,0.0,0.0,0.0,0.0,0.0,0.0,6.0569097856595935,0.0,0.0,0.0,0.0,0.0,0.0,0.0,0.0884192520338431,0.1321154400273506,0.0547502916013777,0.0457846920938397,1.202524054168561,0.067919810716349,0.1303861390874974,0.0350482960970618,0.0908698307653645,0.1416648606175335,1.3890801785792053,0.0136276298498182,3.5621051373868977,1.4796107813253854,5.273379950496386
W0045,0,0.0,0.0,0.0,0.0,0.0,0.0,0.0,0.0,0.0,0.0,0.0,0.0,0.0,0.0,0.0,0.0,0.0,0.0,0.0,0.0,0.0,0.0,0.0,0.0,0.0,0.0,0.0,0.0,0.0,0.0,0.0,0.0,0.0,0.0,0.0,0.0,0.0,0.0,0.0,0.0,0.0,0.0,0.0,3.0,0.0,0.0,0.0,0.0,0.0,0.0,35.0,0.0,0.0,0.0,0.0,0.0,0.0,0.0,0.0,0.0,0.0,0.0,0.0,0.0,0.0
W0045,1,0.0,0.0,0.0,0.0,0.0,0.0,0.0,0.0,0.0,0.0,0.0,0.0,0.0,0.0,0.0,0.0,0.0,0.0,0.0,0.0,0.0,0.0,0.0,0.0,0.0,0.0,0.0,0.0,0.0,0.0,0.0,0.0,0.0,0.0,0.0,0.0,0.0,0.0,0.0,0.0,0.0,0.0,0.0,10.09378569835814,0.0,0.0,0.0,0.0,0.0,0.0,4.100366045027346,4.5422967199148365,3.915582555134688,0.0193736554649034,0.7004968814645914,0.3548660232965714,3.9164525967870616,0.009550219239707,0.006330771119254,0.1285272557138241,0.0962272431095706,0.1247810305734993,6.610149236537836,0.2066737166334878,0.1386105050327684
W0045,2,0.0,0.0,0.0,0.0,0.0,0.0,0.0,0.0,0.0,0.0,0.0,0.0,0.0,0.0,0.0,0.0,0.0,0.0,0.0,0.0,0.0,0.0,0.0,0.0,0.0,0.0,0.0,0.0,0.0,0.0,0.0,0.0,0.0,0.0,0.0,0.0,0.0,0.0,0.0,0.0,0.0,0.0,0.0,10.051879757268235,0.0,0.0,0.0,0.0,0.0,0.0,0.3358597079730738,5.83662646398893,2.733130939452088,0.135454804599889,0.5729461017712328,0.5552834552385325,2.6231442859296044,0.2076966903877563,0.0621306177779869,0.1972432700528031,0.0293062487536925,0.089389425597844,8.382467561156544,0.357847535887952,0.5008571991805146
W0045,3,0.0,0.0,0.0,0.0,0.0,0.0,0.0,0.0,0.0,0.0,0.0,0.0,0.0,0.0,0.0,0.0,0.0,0.0,0.0,0.0,0.0,0.0,0.0,0.0,0.0,0.0,0.0,0.0,0.0,0.0,0.0,0.0,0.0,0.0,0.0,0.0,0.0,0.0,0.0,0.0,0.0,0.0,0.0,9.992100217597422,0.0,0.0,0.0,0.0,0.0,0.0,0.0606396140141173,5.031717650495933,1.3518653675528178,0.0860002803501796,0.3338071728005579,0.6975390458011682,1.495649087896498,0.0854472333992424,0.0433745210522498,0.0355598286058655,0.1172648447462941,0.1713269844189475,9.433122858258114,0.4707849896704855,0.6835877474945926
W0045,4,0.0,0.0,0.0,0.0,0.0,0.0,0.0,0.0,0.0,0.0,0.0,0.0,0.0,0.0,0.0,0.0,0.0,0.0,0.0,0.0,0.0,0.0,0.0,0.0,0.0,0.0,0.0,0.0,0.0,0.0,0.0,0.0,0.0,0.0,0.0,0.0,0.0,0.0,0.0,0.0,0.0,0.0,0.0,6.459479533326838,0.0,0.0,0.0,0.0,0.0,0.0,0.1350234779767262,6.443950217438375,1.1330878449804118,0.0787706890977243,0.3283200178168524,0.5114398004484421,1.4729880926330885,0.1244715224752023,0.0264541551879544,0.0635930503777235,0.0348524728078579,0.1319650205898934,8.28578190291114,0.4405008310894476,0.8365922872755077
W0045,5,0.0,0.0,0.0,0.0,0.0,0.0,0.0,0.0,0.0,0.0,0.0,0.0,0.0,0.0,0.0,0.0,0.0,0.0,0.0,0.0,0.0,0.0,0.0,0.0,0.0,0.0,0.0,0.0,0.0,0.0,0.0,0.0,0.0,0.0,0.0,0.0,0.0,0.0,0.0,0.0,0.0,0.0,0.0,5.118076485100812,0.0,0.0,0.0,0.0,0.0,0.0,0.0415381327355888,6.770247619728314,0.7318818401341906,0.0939061603468451,0.2380666634642087,0.6616451950805502,1.1568976175365928,0.0629211367628967,0.0637347528096419,0.0483615880306541,0.0104094535326218,0.1276789471621536,8.367663580042112,0.6111891127835987,1.0093554715988151
W0045,6,0.0,0.0,0.0,0.0,0.0,0.0,0.0,0.0,0.0,0.0,0.0,0.0,0.0,0.0,0.0,0.0,0.0,0.0,0.0,0.0,0.0,0.0,0.0,0.0,0.0,0.0,0.0,0.0,0.0,0.0,0.0,0.0,0.0,0.0,0.0,0.0,0.0,0.0,0.0,0.0,0.0,0.0,0.0,3.774165207841844,0.0,0.0,0.0,0.0,0.0,0.0,0.0747631120085396,6.885537816158499,0.6784549663979996,0.0274952282583425,0.1572624949351369,0.5473383695354026,1.1392027771621915,0.0767770034875886,0.0222051009305943,0.0589267676310726,0.1023749353214324,0.0446008448477398,9.034263335568546,0.5289265447187113,0.7859751068756543
W0046,0,0.0,0.0,0.0,0.0,0.0,0.0,0.0,0.0,0.0,0.0,0.0,0.0,0.0,0.0,0.0,0.0,0.0,0.0,0.0,0.0,0.0,0.0,0.0,0.0,0.0,0.0,0.0,0.0,0.0,0.0,0.0,0.0,0.0,0.0,0.0,0.0,0.0,0.0,0.0,0.0,0.0,0.0,0.0,0.0,3.0,0.0,0.0,0.0,0.0,0.0,35.0,0.0,0.0,0.0,0.0,0.0,0.0,0.0,0.0,0.0,0.0,0.0,0.0,0.0,0.0
W0046,1,0.0,0.0,0.0,0.0,0.0,0.0,0.0,0.0,0.0,0.0,0.0,0.0,0.0,0.0,0.0,0.0,0.0,0.0,0.0,0.0,0.0,0.0,0.0,0.0,0.0,0.0,0.0,0.0,0.0,0.0,0.0,0.0,0.0,0.0,0.0,0.0,0.0,0.0,0.0,0.0,0.0,0.0,0.0,0.0,10.782786726628402,0.0,0.0,0.0,0.0,0.0,1.4282777558942967,5.754574532877366,2.7659280272431217,0.4914900245100201,1.962666406740237,0.2242443459817184,0.2112172007623054,0.2472684786804358,0.0070604316028354,0.2236147462529907,1.3224685532780802,2.2604302951180366,1.007750322287544,3.134650514019074,1.979831048767612
W0046,2,0.0,0.0,0.0,0.0,0.0,0.0,0.0,0.0,0.0,0.0,0.0,0.0,0.0,0.0,0.0,0.0,0.0,0.0,0.0,0.0,0.0,0.0,0.0,0.0,0.0,0.0,0.0,0.0,0.0,0.0,0.0,0.0,0.0,0.0,0.0,0.0,0.0,0.0,0.0,0.0,0.0,0.0,0.0,0.0,10.776620999931982,0.0,0.0,0.0,0.0,0.0,0.0298442157847845,7.453447228628351,2.5871596154063514,0.1258342970766773,0.3404693986753173,0.0661302334230611,0.6200592952044612,0.1002547272498808,0.0549800943963503,0.2682176760526733,0.8484648552802029,1.4923829772381785,0.8115568106318843,4.193018416408388,2.593760658379077
W0046,3,0.0,0.0,0.0,0.0,0.0,0.0,0.0,0.0,0.0,0.0,0.0,0.0,0.0,0.0,0.0,0.0,0.0,0.0,0.0,0.0,0.0,0.0,0.0,0.0,0.0,0.0,0.0,0.0,0.0,0.0,0.0,0.0,0.0,0.0,0.0,0.0,0.0,0.0,0.0,0.0,0.0,0.0,0.0,0.0,8.067333032680743,0.0,0.0,0.0,0.0,0.0,0.0463088204104818,6.3542592582019735,2.192637048860756,0.0553169141143819,0.0798501866544221,0.0322090099774136,0.5402353435818077,0.0599962975410921,-0.0585575500483129,0.3289068951116647,0.8217533011441928,0.9578655247864092,0.4833367384205524,4.3870083671032765,3.333627918475046
W0046,4,0.0,0.0,0.0,0.0,0.0,0.0,0.0,0.0,0.0,0.0,0.0,0.0,0.0,0.0,0.0,0.0,0.0,0.0,0.0,0.0,0.0,0.0,0.0,0.0,0.0,0.0,0.0,0.0,0.0,0.0,0.0,0.0,0.0,0.0,0.0,0.0,0.0,0.0,0.0,0.0,0.0,0.0,0.0,0.0,5.802658060203688,0.0,0.0,0.0,0.0,0.0,0.0039124105018029,6.800900557350518,2.725714678182076,0.0482304369899149,0.1139998461785628,0.1138691639973838,0.7187606156755021,0.0940044257114337,-0.0113017036304268,0.3375788967829328,0.5736498957475804,0.6360764441483207,0.4690845783827582,4.348672505982645,2.7955245442653416
W0046,5,0.0,0.0,0.0,0.0,0.0,0.0,0.0,0.0,0.0,0.0,0.0,0.0,0.0,0.0,0.0,0.0,0.0,0.0,0.0,0.0,0.0,0.0,0.0,0.0,0.0,0.0,0.0,0.0,0.0,0.0,0.0,0.0,0.0,0.0,0.0,0.0,0.0,0.0,0.0,0.0,0.0,0.0,0.0,0.0,3.906831985188822,0.0,0.0,0.0,0.0,0.0,0.0140243951151974,7.153355900043571,2.514763681965139,0.0399886164030244,0.0959985945474605,0.0788807039461614,0.6297727415007623,0.0700972553139327,0.0222956233540412,0.4328148039132543,0.5739672278120818,0.5421084195046932,0.4658461649620427,4.26166101099616,3.934503322222896
W0046,6,0.0,0.0,0.0,0.0,0.0,0.0,0.0,0.0,0.0,0.0,0.0,0.0,0.0,0.0,0.0,0.0,0.0,0.0,0.0,0.0,0.0,0.0,0.0,0.0,0.0,0.0,0.0,0.0,0.0,0.0,0.0,0.0,0.0,0.0,0.0,0.0,0.0,0.0,0.0,0.0,0.0,0.0,0.0,0.0,3.4713670626863453,0.0,0.0,0.0,0.0,0.0,0.0405536725547299,7.487615802141405,2.944004221949049,-0.0142831651918129,-0.0410121120631639,0.0383253686448587,0.831516930029977,-0.0410022450889495,-0.0044566337218798,0.4007980991473031,0.5044660502964496,0.5418311948713909,0.3117669172597774,5.475970146412801,3.231823206839981
W0047,0,0.0,0.0,0.0,0.0,0.0,0.0,0.0,0.0,0.0,0.0,0.0,0.0,0.0,0.0,0.0,0.0,0.0,0.0,0.0,0.0,0.0,0.0,0.0,0.0,0.0,0.0,0.0,0.0,0.0,0.0,0.0,0.0,0.0,0.0,0.0,0.0,0.0,0.0,0.0,0.0,0.0,0.0,0.0,0.0,0.0,3.0,0.0,0.0,0.0,0.0,35.0,0.0,0.0,0.0,0.0,0.0,0.0,0.0,0.0,0.0,0.0,0.0,0.0,0.0,0.0
W0047,1,0.0,0.0,0.0,0.0,0.0,0.0,0.0,0.0,0.0,0.0,0.0,0.0,0.0,0.0,0.0,0.0,0.0,0.0,0.0,0.0,0.0,0.0,0.0,0.0,0.0,0.0,0.0,0.0,0.0,0.0,0.0,0.0,0.0,0.0,0.0,0.0,0.0,0.0,0.0,0.0,0.0,0.0,0.0,0.0,0.0,10.371815205655766,0.0,0.0,0.0,0.0,8.283060095947494,0.150348875573513,2.1408702498378034,0.1553574568785415,0.4085672169502768,1.015116311602898,8.120610287473193,0.3162557362311211,0.0485300121321413,0.7654339463741007,0.0106427391838129,0.1006697827377834,0.3019665562557731,4.689243184140894,0.0713899046694616
W0047,2,0.0,0.0,0.0,0.0,0.0,0.0,0.0,0.0,0.0,0.0,0.0,0.0,0.0,0.0,0.0,0.0,0.0,0.0,0.0,0.0,0.0,0.0,0.0,0.0,0.0,0.0,0.0,0.0,0.0,0.0,0.0,0.0,0.0,0.0,0.0,0.0,0.0,0.0,0.0,0.0,0.0,0.0,0.0,0.0,0.0,9.503599191568554,0.0,0.0,0.0,0.0,0.7713126126980089,0.3470600305046483,2.178454802293841,0.0554188327678997,0.2330234533268922,0.330713060914525,9.319652179375996,0.4853623724417971,0.0423577315915785,0.5753060061118431,0.2358513110495197,-0.0095735846290493,0.3882172491225358,5.89649025771339,0.2571500269110741
W0047,3,0.0,0.0,0.0,0.0,0.0,0.0,0.0,0.0,0.0,0.0,0.0,0.0,0.0,0.0,0.0,0.0,0.0,0.0,0.0,0.0,0.0,0.0,0.0,0.0,0.0,0.0,0.0,0.0,0.0,0.0,0.0,0.0,0.0,0.0,0.0,0.0,0.0,0.0,0.0,0.0,0.0,0.0,0.0,0.0,0.0,9.039565923046323,0.0,0.0,0.0,0.0,0.1018434042810196,0.3659095223937645,1.8003496009097046,0.0606093537022272,0.1057176620762173,0.0533880777235172,9.12157905549804,0.4298780524996806,0.0380996731948107,0.374717801619445,0.0694150023252352,0.0705968726594094,0.3841131465017116,6.809242139360007,0.3862715374959562
W0047,4,0.0,0.0,0.0,0.0,0.0,0.0,0.0,0.0,0.0,0.0,0.0,0.0,0.0,0.0,0.0,0.0,0.0,0.0,0.0,0.0,0.0,0.0,0.0,0.0,0.0,0.0,0.0,0.0,0.0,0.0,0.0,0.0,0.0,0.0,0.0,0.0,0.0,0.0,0.0,0.0,0.0,0.0,0.0,0.0,0.0,5.883990717015286,0.0,0.0,0.0,0.0,0.0602259406824367,0.4884860217632846,1.2230089161964997,-0.008071303466502,0.0327350204656515,0.0555197366082742,9.264826567262986,0.3897536929466126,0.0486408966410664,0.3819505219629698,0.1897636769801511,0.0983728397732507,0.2694601037191969,6.592053988511864,0.4517930704054876
W0047,5,0.0,0.0,0.0,0.0,0.0,0.0,0.0,0.0,0.0,0.0,0.0,0.0,0.0,0.0,0.0,0.0,0.0,0.0,0.0,0.0,0.0,0.0,0.0,0.0,0.0,0.0,0.0,0.0,0.0,0.0,0.0,0.0,0.0,0.0,0.0,0.0,0.0,0.0,0.0,0.0,0.0,0.0,0.0,0.0,0.0,4.715156117836698,0.0,0.0,0.0,0.0,0.0099505230737163,0.3899807109426794,1.0310803288337385,-0.0740816482641328,0.0697045067711391,0.0395657013089365,9.2574100702441,0.4072847687855678,0.1016188686161373,0.347752614645928,0.1460849997080732,0.0738337099088616,0.2530665740415365,7.641306012885967,0.3761919126231684
W0047,6,0.0,0.0,0.0,0.0,0.0,0.0,0.0,0.0,0.0,0.0,0.0,0.0,0.0,0.0,0.0,0.0,0.0,0.0,0.0,0.0,0.0,0.0,0.0,0.0,0.0,0.0,0.0,0.0,0.0,0.0,0.0,0.0,0.0,0.0,0.0,0.0,0.0,0.0,0.0,0.0,0.0,0.0,0.0,0.0,0.0,3.6864279137348968,0.0,0.0,0.0,0.0,0.1045315077845624,0.4608771436730042,1.029397498695412,0.0569229180944424,-0.0740827094311468,0.0019357594049088,9.28064140269074,0.3768594034453587,0.0589265486195829,0.2270512619822012,0.043258059587715,0.0622050928517299,0.2365557168128422,6.592796062465998,0.4466561476296142
W0048,0,0.0,0.0,0.0,0.0,0.0,0.0,0.0,0.0,0.0,0.0,0.0,0.0,0.0,0.0,0.0,0.0,0.0,0.0,0.0,0.0,0.0,0.0,0.0,0.0,0.0,0.0,0.0,0.0,0.0,0.0,0.0,0.0,0.0,0.0,0.0,0.0,0.0,0.0,0.0,0.0,0.0,0.0,0.0,0.0,0.0,0.0,3.0,0.0,0.0,0.0,35.0,0.0,0.0,0.0,0.0,0.0,0.0,0.0,0.0,0.0,0.0,0.0,0.0,0.0,0.0
W0048,1,0.0,0.0,0.0,0.0,0.0,0.0,0.0,0.0,0.0,0.0,0.0,0.0,0.0,0.0,0.0,0.0,0.0,0.0,0.0,0.0,0.0,0.0,0.0,0.0,0.0,0.0,0.0,0.0,0.0,0.0,0.0,0.0,0.0,0.0,0.0,0.0,0.0,0.0,0.0,0.0,0.0,0.0,0.0,0.0,0.0,0.0,12.7253230965816,0.0,0.0,0.0,0.5456385134034586,0.0200066793673766,0.7982208165718756,7.040668260936298,1.051641057302751,0.6597154797258059,5.859408971369732,0.1706957021171132,0.1604124884954241,1.909986801513548,0.1251954918948465,0.2614788551887563,1.3076967393089998,0.9307011086912244,1.1424420236713828
W0048,2,0.0,0.0,0.0,0.0,0.0,0.0,0.0,0.0,0.0,0.0,0.0,0.0,0.0,0.0,0.0,0.0,0.0,0.0,0.0,0.0,0.0,0.0,0.0,0.0,0.0,0.0,0.0,0.0,0.0,0.0,0.0,0.0,0.0,0.0,0.0,0.0,0.0,0.0,0.0,0.0,0.0,0.0,0.0,0.0,0.0,0.0,8.816507126109352,0.0,0.0,0.0,-0.0592349917113146,0.034964233724678,0.8423241059232335,8.036312045645209,1.330946422742032,0.1777092557117527,4.793273579872305,0.1527698227302232,0.1211510631919155,0.9111904455795714,0.1876965333736465,0.2848124480309593,2.2614283069819736,0.8562094275157152,1.2131017109408644
W0048,3,0.0,0.0,0.0,0.0,0.0,0.0,0.0,0.0,0.0,0.0,0.0,0.0,0.0,0.0,0.0,0.0,0.0,0.0,0.0,0.0,0.0,0.0,0.0,0.0,0.0,0.0,0.0,0.0,0.0,0.0,0.0,0.0,0.0,0.0,0.0,0.0,0.0,0.0,0.0,0.0,0.0,0.0,0.0,0.0,0.0,0.0,6.9315640434546095,0.0,0.0,0.0,0.0298298796608789,0.0489122223343168,0.8402276951106671,8.842304115149618,1.3044906544968065,0.0673342236620504,5.847282190781773,0.1088024858472525,-0.01144985522434,0.588275818606107,0.1792749841962748,0.3779630402977646,1.98031510384986,0.8660789446404888,1.2623651701018963
W0048,4,0.0,0.0,0.0,0.0,0.0,0.0,0.0,0.0,0.0,0.0,0.0,0.0,0.0,0.0,0.0,0.0,0.0,0.0,0.0,0.0,0.0,0.0,0.0,0.0,0.0,0.0,0.0,0.0,0.0,0.0,0.0,0.0,0.0,0.0,0.0,0.0,0.0,0.0,0.0,0.0,0.0,0.0,0.0,0.0,0.0,0.0,5.093436805417101,0.0,0.0,0.0,0.0748793520882034,0.0754374864061378,0.7783357264043016,9.072264197837654,0.9685466821445308,-0.0197843859398884,5.938477273326555,0.0655208013051027,0.0140145274318462,0.4094316654929847,0.2323236447171877,0.2145014972280068,2.2994786913633005,0.8830936111107894,1.3772075509987434
W0048,5,0.0,0.0,0.0,0.0,0.0,0.0,0.0,0.0,0.0,0.0,0.0,0.0,0.0,0.0,0.0,0.0,0.0,0.0,0.0,0.0,0.0,0.0,0.0,0.0,0.0,0.0,0.0,0.0,0.0,0.0,0.0,0.0,0.0,0.0,0.0,0.0,0.0,0.0,0.0,0.0,0.0,0.0,0.0,0.0,0.0,0.0,3.2456826418739784,0.0,0.0,0.0,-0.024377555308259,0.053053866883187,0.7419657076887265,8.41082176229436,1.2826152020071149,0.0068193532409582,5.823795960681086,0.1122704059972765,0.0205881194296469,0.3073431182476785,0.1789185963543896,0.3713307617512613,2.1393613533771028,1.053364711650031,1.4261648073351572
W0048,6,0.0,0.0,0.0,0.0,0.0,0.0,0.0,0.0,0.0,0.0,0.0,0.0,0.0,0.0,0.0,0.0,0.0,0.0,0.0,0.0,0.0,0.0,0.0,0.0,0.0,0.0,0.0,0.0,0.0,0.0,0.0,0.0,0.0,0.0,0.0,0.0,0.0,0.0,0.0,0.0,0.0,0.0,0.0,0.0,0.0,0.0,2.991789441483189,0.0,0.0,0.0,-0.0128345514557094,0.1268992334866086,0.8174443527508318,9.412524230322132,1.3767632701192487,-0.0565274996865006,5.939448936575173,0.0931093216589217,-0.0756548814132737,0.1876219487749346,0.2374725857473133,0.290640341421302,2.087723279187668,1.1924048607634583,1.5539156456289085
W0049,0,0.0,0.0,0.0,0.0,0.0,0.0,0.0,0.0,0.0,0.0,0.0,0.0,0.0,0.0,0.0,0.0,0.0,0.0,0.0,0.0,0.0,0.0,0.0,0.0,0.0,0.0,0.0,0.0,0.0,0.0,0.0,0.0,0.0,0.0,0.0,0.0,0.0,0.0,0.0,0.0,0.0,0.0,0.0,0.0,0.0,0.0,0.0,3.0,0.0,0.0,35.0,0.0,0.0,0.0,0.0,0.0,0.0,0.0,0.0,0.0,0.0,0.0,0.0,0.0,0.0
W0049,1,0.0,0.0,0.0,0.0,0.0,0.0,0.0,0.0,0.0,0.0,0.0,0.0,0.0,0.0,0.0,0.0,0.0,0.0,0.0,0.0,0.0,0.0,0.0,0.0,0.0,0.0,0.0,0.0,0.0,0.0,0.0,0.0,0.0,0.0,0.0,0.0,0.0,0.0,0.0,0.0,0.0,0.0,0.0,0.0,0.0,0.0,0.0,11.140872973267696,0.0,0.0,1.4212894213715623,0.2526993697680777,1.2445526806886045,0.4178370225526879,2.048547595689767,1.9792067652790848,0.384094199446594,3.45305237687357,0.4992322769837706,9.39161367591104,0.715390598503914,0.08491844973501,0.546720610723907,0.7223481797831252,0.2488831693416385
W0049,2,0.0,0.0,0.0,0.0,0.0,0.0,0.0,0.0,0.0,0.0,0.0,0.0,0.0,0.0,0.0,0.0,0.0,0.0,0.0,0.0,0.0,0.0,0.0,0.0,0.0,0.0,0.0,0.0,0.0,0.0,0.0,0.0,0.0,0.0,0.0,0.0,0.0,0.0,0.0,0.0,0.0,0.0,0.0,0.0,0.0,0.0,0.0,12.47476353172922,0.0,0.0,0.008755118817495,0.6949788041415781,0.8403996307683866,0.5447793789888831,1.3159893828710274,1.4196443808140573,0.4711048423424715,2.161035465658242,1.7591577960431386,4.505863071970601,1.5782038518104338,0.1141092584144084,0.5136077925927265,0.9902162518163018,1.0540017832413513
W0049,3,0.0,0.0,0.0,0.0,0.0,0.0,0.0,0.0,0.0,0.0,0.0,0.0,0.0,0.0,0.0,0.0,0.0,0.0,0.0,0.0,0.0,0.0,0.0,0.0,0.0,0.0,0.0,0.0,0.0,0.0,0.0,0.0,0.0,0.0,0.0,0.0,0.0,0.0,0.0,0.0,0.0,0.0,0.0,0.0,0.0,0.0,0.0,10.44351109862529,0.0,0.0,0.1231049751763364,0.7376747299720303,0.55215982597459,0.3336818787885353,0.886737937368505,0.7668103244079899,0.3855116876453416,1.4866613970701654,2.00827013934051,3.216554034904524,2.752468707751182,0.0323128581009794,0.4743611341966566,1.1789538086884697,1.423767936694791
W0049,4,0.0,0.0,0.0,0.0,0.0,0.0,0.0,0.0,0.0,0.0,0.0,0.0,0.0,0.0,0.0,0.0,0.0,0.0,0.0,0.0,0.0,0.0,0.0,0.0,0.0,0.0,0.0,0.0,0.0,0.0,0.0,0.0,0.0,0.0,0.0,0.0,0.0,0.0,0.0,0.0,0.0,0.0,0.0,0.0,0.0,0.0,0.0,9.073811715933289,0.0,0.0,0.124760255550371,0.8071817721322708,0.3758610679705002,0.2491821959032887,0.6343267363823171,0.5732399520150818,0.2536798444486183,0.7055072776427086,2.4329616639474736,2.3479580542139846,2.4002323108825583,0.0471982223719076,0.2806126766829738,1.048709963666735,1.7717189471121098
W0049,5,0.0,0.0,0.0,0.0,0.0,0.0,0.0,0.0,0.0,0.0,0.0,0.0,0.0,0.0,0.0,0.0,0.0,0.0,0.0,0.0,0.0,0.0,0.0,0.0,0.0,0.0,0.0,0.0,0.0,0.0,0.0,0.0,0.0,0.0,0.0,0.0,0.0,0.0,0.0,0.0,0.0,0.0,0.0,0.0,0.0,0.0,0.0,7.651786574256255,0.0,0.0,-0.0221196626960143,0.7076214732957078,0.4014338476461875,0.1383049797746131,0.3849862335402613,0.6332286901384252,0.1361451981091085,0.6055688381463648,2.147225950198309,1.641128853165494,3.069619097236397,0.0231185569009022,0.4474577097067272,1.1409640184964918,2.071962327719062
W0049,6,0.0,0.0,0.0,0.0,0.0,0.0,0.0,0.0,0.0,0.0,0.0,0.0,0.0,0.0,0.0,0.0,0.0,0.0,0.0,0.0,0.0,0.0,0.0,0.0,0.0,0.0,0.0,0.0,0.0,0.0,0.0,0.0,0.0,0.0,0.0,0.0,0.0,0.0,0.0,0.0,0.0,0.0,0.0,0.0,0.0,0.0,0.0,6.903119265033881,0.0,0.0,-0.007483469357011,0.5567419671674263,0.2058906856996232,0.2887483549277675,0.3519602485204923,0.4884621396834768,0.1274100209620441,0.5066594195074666,2.5435393261243378,1.5653593729537827,2.441006118904142,0.0169761838620766,0.3977625495393093,0.9274692364400704,2.388927009652715
W0050,0,0.0,0.0,0.0,0.0,0.0,0.0,0.0,0.0,0.0,0.0,0.0,0.0,0.0,0.0,0.0,0.0,0.0,0.0,0.0,0.0,0.0,0.0,0.0,0.0,0.0,0.0,0.0,0.0,0.0,0.0,0.0,0.0,0.0,0.0,0.0,0.0,0.0,0.0,0.0,0.0,0.0,0.0,0.0,0.0,0.0,0.0,0.0,0.0,3.0,0.0,35.0,0.0,0.0,0.0,0.0,0.0,0.0,0.0,0.0,0.0,0.0,0.0,0.0,0.0,0.0
W0050,1,0.0,0.0,0.0,0.0,0.0,0.0,0.0,0.0,0.0,0.0,0.0,0.0,0.0,0.0,0.0,0.0,0.0,0.0,0.0,0.0,0.0,0.0,0.0,0.0,0.0,0.0,0.0,0.0,0.0,0.0,0.0,0.0,0.0,0.0,0.0,0.0,0.0,0.0,0.0,0.0,0.0,0.0,0.0,0.0,0.0,0.0,0.0,0.0,16.881336977708237,0.0,0.3652310314285857,2.042366871515371,2.058060174048133,1.8252943823467132,0.2305739945085981,0.5757148767678077,0.8312274709484786,4.841357225842164,0.2217326292675753,0.0605136714472734,0.2109090829128234,1.3625127037476594,3.626684538200229,0.6367020813796529,1.3173964102129618
W0050,2,0.0,0.0,0.0,0.0,0.0,0.0,0.0,0.0,0.0,0.0,0.0,0.0,0.0,0.0,0.0,0.0,0.0,0.0,0.0,0.0,0.0,0.0,0.0,0.0,0.0,0.0,0.0,0.0,0.0,0.0,0.0,0.0,0.0,0.0,0.0,0.0,0.0,0.0,0.0,0.0,0.0,0.0,0.0,0.0,0.0,0.0,0.0,0.0,13.905102808084072,0.0,0.0358947438472428,0.6568627864639195,0.754594555225936,1.4687546351750025,0.0966928803755523,0.2821399565112247,1.712205899281838,1.239132230453561,0.128019727668446,0.0139213287606615,0.133949118538753,1.5670039980194703,4.66815698095662,1.2107829170476767,1.6984253002221508
W0050,3,0.0,0.0,0.0,0.0,0.0,0.0,0.0,0.0,0.0,0.0,0.0,0.0,0.0,0.0,0.0,0.0,0.0,0.0,0.0,0.0,0.0,0.0,0.0,0.0,0.0,0.0,0.0,0.0,0.0,0.0,0.0,0.0,0.0,0.0,0.0,0.0,0.0,0.0,0.0,0.0,0.0,0.0,0.0,0.0,0.0,0.0,0.0,0.0,10.106095383190103,0.0,0.0085518464765591,0.2660906972043211,0.3607129296216519,0.8564952804043358,-0.0496105025256189,0.0235845024034856,2.018439375182276,0.6421411473286956,0.0111038522110404,0.002932835461278,0.0360273285053349,1.584602810428049,4.645649050215325,1.483617427366584,1.2662663532009597
W0050,4,0.0,0.0,0.0,0.0,0.0,0.0,0.0,0.0,0.0,0.0,0.0,0.0,0.0,0.0,0.0,0.0,0.0,0.0,0.0,0.0,0.0,0.0,0.0,0.0,0.0,0.0,0.0,0.0,0.0,0.0,0.0,0.0,0.0,0.0,0.0,0.0,0.0,0.0,0.0,0.0,0.0,0.0,0.0,0.0,0.0,0.0,0.0,0.0,9.565989903427257,0.0,-0.0210347690368344,0.2066361225742461,0.139961169619574,0.5342586780222492,-0.0206937952452594,0.0599398065369488,1.9587246248953656,0.3246309023973939,0.0399555482792598,-0.0166124864026416,0.04116200853777,1.659128224322605,4.3751493589992325,1.5308854618523782,1.1060000056012942
W0050,5,0.0,0.0,0.0,0.0,0.0,0.0,0.0,0.0,0.0,0.0,0.0,0.0,0.0,0.0,0.0,0.0,0.0,0.0,0.0,0.0,0.0,0.0,0.0,0.0,0.0,0.0,0.0,0.0,0.0,0.0,0.0,0.0,0.0,0.0,0.0,0.0,0.0,0.0,0.0,0.0,0.0,0.0,0.0,0.0,0.0,0.0,0.0,0.0,5.492728119126965,0.0,0.0155212286385459,0.1571990419750191,0.148048891225166,0.3990335889328312,-0.017919291079071,0.0360803496493685,1.794494781607632,0.270363523451299,0.0371602912908359,-0.0252185688662768,-0.0401459242475777,1.5097772194564898,4.4809999273739445,1.8360484358799352,0.8154199740048849
W0050,6,0.0,0.0,0.0,0.0,0.0,0.0,0.0,0.0,0.0,0.0,0.0,0.0,0.0,0.0,0.0,0.0,0.0,0.0,0.0,0.0,0.0,0.0,0.0,0.0,0.0,0.0,0.0,0.0,0.0,0.0,0.0,0.0,0.0,0.0,0.0,0.0,0.0,0.0,0.0,0.0,0.0,0.0,0.0,0.0,0.0,0.0,0.0,0.0,5.12363595325732,0.0,0.0097427345301128,-0.0055258365125484,-0.0021479313260281,0.4075312221033423,0.0312756953728768,0.0764624066856023,1.941914540698976,0.1208362630137192,0.0103581719289072,-0.0134259048805791,0.0535650175398289,1.4435443886976862,4.200695609131901,1.4226378342321089,0.7979949006036697
W0051,0,0.0,0.0,0.0,0.0,0.0,0.0,0.0,0.0,0.0,0.0,0.0,0.0,0.0,0.0,0.0,0.0,0.0,0.0,0.0,0.0,0.0,0.0,0.0,0.0,0.0,0.0,0.0,0.0,0.0,0.0,0.0,0.0,0.0,0.0,0.0,0.0,0.0,0.0,0.0,0.0,0.0,0.0,0.0,0.0,0.0,0.0,0.0,0.0,0.0,3.0,35.0,0.0,0.0,0.0,0.0,0.0,0.0,0.0,0.0,0.0,0.0,0.0,0.0,0.0,0.0
W0051,1,0.0,0.0,0.0,0.0,0.0,0.0,0.0,0.0,0.0,0.0,0.0,0.0,0.0,0.0,0.0,0.0,0.0,0.0,0.0,0.0,0.0,0.0,0.0,0.0,0.0,0.0,0.0,0.0,0.0,0.0,0.0,0.0,0.0,0.0,0.0,0.0,0.0,0.0,0.0,0.0,0.0,0.0,0.0,0.0,0.0,0.0,0.0,0.0,0.0,8.713984845233174,15.009773264725627,1.686120077925024,0.8457918109288259,0.082365569152576,0.067712321479646,0.5586398800888381,0.2519551765839997,0.6842631430019168,0.0038385579178755,-0.0400051053831266,-0.0782447715428119,0.0318292813792807,6.009144961154933,1.4507751118894294,3.11862890591335
W0051,2,0.0,0.0,0.0,0.0,0.0,0.0,0.0,0.0,0.0,0.0,0.0,0.0,0.0,0.0,0.0,0.0,0.0,0.0,0.0,0.0,0.0,0.0,0.0,0.0,0.0,0.0,0.0,0.0,0.0,0.0,0.0,0.0,0.0,0.0,0.0,0.0,0.0,0.0,0.0,0.0,0.0,0.0,0.0,0.0,0.0,0.0,0.0,0.0,0.0,8.220774660231436,3.143216345039312,1.5811376603037235,1.032207968053033,0.0753035238592906,0.4151224154529923,0.8975236755870034,0.1746413067293159,0.5104363914740281,0.0625157038589547,-0.0333436103433291,0.0335300383159401,0.3207786870601082,8.153221894297564,1.950970375873345,4.786214854684349
W0051,3,0.0,0.0,0.0,0.0,0.0,0.0,0.0,0.0,0.0,0.0,0.0,0.0,0.0,0.0,0.0,0.0,0.0,0.0,0.0,0.0,0.0,0.0,0.0,0.0,0.0,0.0,0.0,0.0,0.0,0.0,0.0,0.0,0.0,0.0,0.0,0.0,0.0,0.0,0.0,0.0,0.0,0.0,0.0,0.0,0.0,0.0,0.0,0.0,0.0,8.036071322223554,0.8824931835607762,1.1674536775845894,0.9679942826523328,0.0772736313308563,0.632457898098652,0.9240602243127084,0.1099448633014058,0.2900855838631605,-0.0911088840985993,0.0035048888149651,-0.0458730984402107,0.2988971341765809,7.328577573166515,2.535540562753725,5.702283691674481
W0051,4,0.0,0.0,0.0,0.0,0.0,0.0,0.0,0.0,0.0,0.0,0.0,0.0,0.0,0.0,0.0,0.0,0.0,0.0,0.0,0.0,0.0,0.0,0.0,0.0,0.0,0.0,0.0,0.0,0.0,0.0,0.0,0.0,0.0,0.0,0.0,0.0,0.0,0.0,0.0,0.0,0.0,0.0,0.0,0.0,0.0,0.0,0.0,0.0,0.0,5.373655939662855,0.3402249960989679,0.5989750206205248,0.9038088632915516,0.1506476721704789,0.96215028726345,1.0061896427870602,0.03913911554443,0.2617597833728677,-0.0050195415669435,-0.0585643933324556,-0.035501362188269,0.246504444755901,8.81826695379265,2.3267432346733825,5.638401910296103
W0051,5,0.0,0.0,0.0,0.0,0.0,0.0,0.0,0.0,0.0,0.0,0.0,0.0,0.0,0.0,0.0,0.0,0.0,0.0,0.0,0.0,0.0,0.0,0.0,0.0,0.0,0.0,0.0,0.0,0.0,0.0,0.0,0.0,0.0,0.0,0.0,0.0,0.0,0.0,0.0,0.0,0.0,0.0,0.0,0.0,0.0,0.0,0.0,0.0,0.0,4.73153653092302,0.1129776001125766,0.5256880389421946,0.9529979733688791,0.1794286647417403,1.033925457432747,0.959028050403626,0.0660179131991345,0.2009952022999365,0.0843254390419389,-0.0159512957152995,0.0621140143027998,0.3430570237468098,10.4576198561546,2.5481971457537367,5.53994672118999
W0051,6,0.0,0.0,0.0,0.0,0.0,0.0,0.0,0.0,0.0,0.0,0.0,0.0,0.0,0.0,0.0,0.0,0.0,0.0,0.0,0.0,0.0,0.0,0.0,0.0,0.0,0.0,0.0,0.0,0.0,0.0,0.0,0.0,0.0,0.0,0.0,0.0,0.0,0.0,0.0,0.0,0.0,0.0,0.0,0.0,0.0,0.0,0.0,0.0,0.0,3.5753028248996577,0.0933773762367196,0.3860258230759721,0.7964113893327391,0.0704247460852285,0.7911196602273817,1.153754793729426,0.0260369095863644,0.2245008444361734,0.0871047841487833,-0.0367425557793645,0.0450526814380433,0.2894869027038033,9.928249145215208,2.8820907316743565,6.288098683365852
W0052,0,0.0,0.0612244897959183,0.0612244897959183,0.0612244897959183,0.0612244897959183,0.0612244897959183,0.0612244897959183,0.0612244897959183,0.0612244897959183,0.0612244897959183,0.0612244897959183,0.0612244897959183,0.0612244897959183,0.0612244897959183,0.0612244897959183,0.0612244897959183,0.0612244897959183,0.0612244897959183,0.0612244897959183,0.0612244897959183,0.0612244897959183,0.0612244897959183,0.0612244897959183,0.0612244897959183,0.0612244897959183,0.0612244897959183,0.0612244897959183,0.0612244897959183,0.0612244897959183,0.0612244897959183,0.0612244897959183,0.0612244897959183,0.0612244897959183,0.0612244897959183,0.0612244897959183,0.0612244897959183,0.0612244897959183,0.0612244897959183,0.0612244897959183,0.0612244897959183,0.0612244897959183,0.0612244897959183,0.0612244897959183,0.0612244897959183,0.0612244897959183,0.0612244897959183,0.0612244897959183,0.0612244897959183,0.0612244897959183,0.0612244897959183,35.0,0.0,0.0,0.0,0.0,0.0,0.0,0.0,0.0,0.0,0.0,0.0,0.0,0.0,0.0
W0052,1,0.0,0.5415445041088313,0.2434034469472076,0.4857812184843458,0.4477257700566122,0.1393232611644825,0.3611307775053303,0.1473560808980167,1.049201601937801,0.1765479092649761,0.4651895116644859,1.0586026727498967,0.4883732467346331,0.2225568703459723,0.3980378929925962,0.2156527740746188,0.142329030980242,0.3040745044098563,0.4972648085432692,0.6202614758779278,0.2074442343517748,0.1741982647009839,0.1603439366739971,0.3314218443959544,0.2230277733483476,0.1187533163339654,0.3255623315610728,0.0977816941975771,0.2105532940535956,0.1846918372996941,0.1561585506485911,0.1304214488121013,0.34910810866009,0.134767319919598,0.1348068446130629,0.2083588192165101,0.3685554259722994,0.2850716189290613,0.42429680630426,0.1681735078502307,0.1396667636134801,0.1636855942594049,0.2294846615521811,0.1399337896595985,0.1725086011570725,0.1186022516654158,0.2292076851365523,0.1973930592657476,0.3934997033070053,0.1012104706511284,0.258210603338708,1.5995969833030728,1.56402937176888,1.916068575774993,1.7089575080940749,2.1985509285438933,1.552402688454794,1.413114658366502,0.4586062452554017,0.6904678826208476,0.3825751036367152,0.460062330053304,1.9131413318539967,2.659488133373568,2.307762535758265
W0052,2,0.0,0.5333823985582659,0.2298638819317122,0.5113181035589847,0.4866046134983176,0.1508668137206509,0.3661952159848013,0.1369912862307763,0.973517079598008,0.1642723179989793,0.3927234370498358,0.8665408671030858,0.5360593005845388,0.142579566213227,0.3204724036431404,0.2741086479074597,0.0987550627026882,0.3410402272857716,0.5970385622679442,0.5469786920793979,0.2216382338916641,0.1422552627443723,0.134036289734066,0.410891750471387,0.2879443099918841,0.1288822430049718,0.3874480311843502,0.1138935595598721,0.2756052465769529,0.1389815682140558,0.0804271255735054,0.1133263794922176,0.3273570918300801,0.0984131889904827,0.1290436073771297,0.1947022043816222,0.3268429354380348,0.2148950854328018,0.5210144392037029,0.1628916585806819,0.1645828015744463,0.1417342400803669,0.1847259395349843,0.1417603667595,0.1475182527844709,0.1524097458189962,0.1941620417356818,0.1787330030045967,0.5105272260987377,0.1282588964275842,0.0878696339543561,0.6662031110473708,1.0566975873692162,0.8678083890889124,1.1872014071792842,0.8639053132076047,0.7048939219023781,0.420591301666826,0.3297875194522706,0.4447275296327562,0.3088409391329653,0.4238200022405407,2.9534492562264165,3.138320879279581,3.420897499389996
W0052,3,0.0,0.8359399761303695,0.1888806502284624,0.41475306191554,0.4135198178466323,0.117659945037998,0.3324330474422904,0.0830091713854129,0.7453449875304401,0.1486930489895401,0.2363408706778547,0.6509101644943359,0.3998106408240109,0.1163673206429027,0.2883291935826636,0.2367274134604909,0.0849079798499056,0.3177359386227583,0.7181735236137515,0.3574434378995188,0.1641848802634941,0.1271801174745563,0.1473347811393408,0.3332994543393962,0.2882322729738172,0.112079525485645,0.3668378308793005,0.10100452527767,0.1886919572340368,0.1036127683297178,0.0946288421469647,0.1265917803307152,0.2492749704155895,0.0794804267463437,0.0912157775264751,0.1559807383498256,0.3381204605143318,0.1734160952034663,0.5220369185277701,0.1306914392158998,0.1207494229833747,0.100102622083037,0.1789973110672982,0.1194902407640221,0.1469626124516154,0.1451864288006392,0.1287387670420624,0.1851672332024516,0.5238241464436536,0.1091665080372993,0.0037304750673011,0.2980892424993118,0.5228265427214167,0.3288377974454889,0.675055666815455,0.4192918621852517,0.4310583033167602,0.1803926354222235,0.2052035699806916,0.2109105227813317,0.2898965379767289,0.2579900619721406,3.0086423438159504,2.549695872408775,3.859748460508024
W0052,4,0.0,0.6440758207109722,0.1561710383840066,0.3650505675751984,0.339272349324764,0.0830292516310406,0.3170939047590675,0.0737849345358575,0.610860810677028,0.102344316763131,0.1958761519059237,0.7161892303564065,0.3881356244958547,0.0984807668130849,0.2608259108964207,0.2010187549159469,0.0554958576689704,0.2773672152652034,0.7214407402117604,0.3308806666268175,0.1445842963399913,0.1190287601184741,0.1245704536493032,0.2589401636701715,0.2531234838261196,0.0917247860622405,0.2785700375655404,0.0646301072384731,0.1710875902021319,0.0876322689401499,0.0668380327990558,0.1020502424337718,0.1917515383187987,0.0745796751179938,0.0777925340347928,0.1214067352198694,0.269244825904244,0.1295008248498291,0.3528599174426979,0.0785272604189562,0.0844232608062205,0.1144115032016433,0.1425178489264205,0.0913030784507067,0.1246668263869349,0.1144278490527925,0.1005200444498719,0.1502739202783303,0.3735492570527973,0.075570771518217,0.0214230457990622,0.3369155656207019,0.2876409220879382,0.2061906838997093,0.1909203063936534,0.2490126028581887,0.1764729160851808,0.0859702566298633,0.1156360005890749,0.175332059723997,0.1079227269871312,0.170722338302283,3.525948905386961,2.457104656927519,4.082682557788002
W0052,5,0.0,0.44258646277884,0.1227262266600134,0.3020230494615865,0.2199647244803817,0.0762665754705355,0.2381663125702406,0.0544177929510826,0.4363662654002918,0.0872441119285607,0.1656309753890016,0.5640994919628812,0.217186287198818,0.0752416635553274,0.1832276517329898,0.1497760755445971,0.047184635677173,0.2283721701996751,0.4919279100146713,0.2511595737976843,0.0979283596084295,0.0848452459760598,0.0829113046141749,0.2297019989984029,0.1832552285060479,0.0707804962514898,0.2086401931437787,0.0724893080680394,0.1087240786707661,0.0575582955643209,0.0489048960650674,0.0653043211631625,0.1524449834804646,0.0490332291659243,0.0567974109381678,0.0911505067319797,0.2049905399315346,0.0845079077826265,0.3503651447196929,0.0609071643376845,0.0555244349618768,0.0639791915659461,0.1086686584427945,0.052846448877495,0.0813662313231562,0.0783226358922357,0.0803993494274001,0.1066383985345147,0.2493988455252765,0.0508273640168948,0.0535586410074021,0.1107821220105796,0.2215356049249583,0.1175934551928281,0.2689412922365871,0.2580819819459695,0.1629812405301467,0.0491083482344376,0.0900680242910267,0.0095028986349133,0.1210199690665954,0.1205576334461019,3.294401461663824,1.836278601864684,3.5787436084745354
W0052,6,0.0,0.386016507361916,0.0866884149512659,0.1804709905961194,0.1825828046000901,0.0598747005921437,0.1912226859284234,0.0444252732805249,0.3586097660837056,0.0733626941173086,0.1090895157757964,0.4253870539900973,0.1704296678926483,0.0492293600531491,0.1343466236562239,0.1318755484343235,0.0289056880002121,0.1549897334246927,0.5315161594728496,0.2453859397400179,0.1054144192634302,0.0723478495579423,0.0904058251538232,0.159216363813371,0.1254694832223208,0.0491159284355298,0.1891527151928522,0.0540000541113237,0.1102772636195047,0.0509326621016818,0.0419269408563343,0.04818302384953,0.1216101285738325,0.0385314389881332,0.0541286242493311,0.071047123211889,0.193255605965282,0.0641248874304902,0.2342830715626846,0.0506593362052359,0.0462033598233277,0.0544397976462415,0.081964294478355,0.0513698148090302,0.0743352800453243,0.0693372493829023,0.0673047157185963,0.0867956588186351,0.3021939121152898,0.0526268610544082,0.046572865094735,0.0466013883983959,0.1966177123832324,0.0959225667372883,0.1196037438755344,0.1191648079694875,0.0850486184766062,0.0551754359474688,0.1013508263508022,0.1257948512729946,0.0891202183663942,0.2581671332299409,3.211281678718338,1.9196868963072256,4.233474817791548
W0053,0,0.0612244897959183,0.0,0.0612244897959183,0.0612244897959183,0.0612244897959183,0.0612244897959183,0.0612244897959183,0.0612244897959183,0.0612244897959183,0.0612244897959183,0.0612244897959183,0.0612244897959183,0.0612244897959183,0.0612244897959183,0.0612244897959183,0.0612244897959183,0.0612244897959183,0.0612244897959183,0.0612244897959183,0.0612244897959183,0.0612244897959183,0.0612244897959183,0.0612244897959183,0.0612244897959183,0.0612244897959183,0.0612244897959183,0.0612244897959183,0.0612244897959183,0.0612244897959183,0.0612244897959183,0.0612244897959183,0.0612244897959183,0.0612244897959183,0.0612244897959183,0.0612244897959183,0.0612244897959183,0.0612244897959183,0.0612244897959183,0.0612244897959183,0.0612244897959183,0.0612244897959183,0.0612244897959183,0.0612244897959183,0.0612244897959183,0.0612244897959183,0.0612244897959183,0.0612244897959183,0.0612244897959183,0.0612244897959183,0.0612244897959183,35.0,0.0,0.0,0.0,0.0,0.0,0.0,0.0,0.0,0.0,0.0,0.0,0.0,0.0,0.0
W0053,1,0.5102163432342092,0.0,0.2358203953896303,0.3654190948894822,0.4181738341986366,0.1372232318212207,0.3969077119755311,0.1532782956867308,1.0982987524518903,0.1767656457571003,0.3748765029614189,0.9659291425282112,0.6361129063359982,0.1508931999349299,0.4321441828963285,0.2636156911955054,0.1784224716040826,0.3259535603117948,0.5971627347566606,0.5474606936951533,0.1970085079134972,0.1340577932727684,0.1429686200574348,0.3447606796946995,0.2467159120120784,0.1163531755746001,0.3182680473263171,0.1110615222093341,0.2813026794618444,0.2097480796503135,0.1319816266673697,0.132723457930164,0.3402257902114926,0.1353125460823225,0.1403998115939113,0.271406325894764,0.2977544468498377,0.2761932616684626,0.3757708721580913,0.1196616624111928,0.1554292239405202,0.1438672520258825,0.2004409043473859,0.1450208090488872,0.189772149580709,0.1573674484663811,0.2201288580837244,0.2227464104255746,0.364260009144093,0.11076259928988,0.2956824099363283,1.2673835890144485,1.6253550554814489,1.6971636075065148,2.1137906105129765,1.6279507159674986,1.081822335048939,1.3433796107458855,0.407922351508434,0.4485768282035461,0.4396240288833991,0.3906614066632946,2.19303391269266,2.847278189654089,2.4541653855884227
W0053,2,0.565620832461506,0.0,0.220945590035716,0.4583007593915621,0.39278700503889,0.1512393680606528,0.3734148224648458,0.1360875926164926,0.8313452401844607,0.1366046903355667,0.3389015370815197,0.987095843509189,0.447767519660792,0.2162830137269938,0.3440672074771981,0.2692147196347798,0.1182538008121045,0.3060604064550027,0.6286525360058347,0.4932860186757746,0.191259200147719,0.1311856115859815,0.1232275948414065,0.3793892930629657,0.2965592244878571,0.1178458876457839,0.4737389850403897,0.1188852741816816,0.2288491288001905,0.1433940941412428,0.1051232066589235,0.1220382364060782,0.2835336887012319,0.0952741745779815,0.1271172608321848,0.1725676036748115,0.3187604345597141,0.2037180331987736,0.5856990246971856,0.1424507679562339,0.1091921364585295,0.1245162582888198,0.2077870688562033,0.117933118682426,0.1489052431625735,0.1348391691728891,0.2105079085110627,0.1919329999160215,0.4335564600735144,0.1176153737216451,0.0556166538952926,0.8420052429086978,0.9050272101558324,0.9497751743612388,1.008074737589642,0.7900113667773652,0.6744835520879044,0.5261764640025232,0.2724432217620054,0.440054267914478,0.3148989099251523,0.3742361497023868,2.7092654761409527,2.3172850060511982,2.764542329537013
W0053,3,0.4521107507177815,0.0,0.2185744126365619,0.407227651081425,0.4698823338703115,0.1143807419501705,0.330251897925437,0.1023906539082801,0.5901721176909365,0.1336621067926767,0.2881179343778964,0.7797277124790392,0.4150514013812905,0.1384222873512509,0.2763762542207202,0.1812767725499927,0.0851130576398182,0.3215186518208742,0.7443178723783861,0.4923592376559904,0.1661805081831854,0.1634720229845728,0.1470540733702479,0.2888611807060915,0.2981991999367862,0.1066583710103957,0.3752337501036624,0.0767971894783212,0.2130702389002443,0.0988030728655899,0.084433712250973,0.1083084903386267,0.2867445683718513,0.0783900203477021,0.1079183330216705,0.1563175075969863,0.3469859226782673,0.1701615356527078,0.497747435865087,0.1186023199756459,0.120269877885787,0.1034793308814769,0.1783826883035215,0.0926455055649167,0.1326436520320365,0.1580310450856625,0.1238862038080647,0.1643347234227025,0.4798335322547329,0.1173324251599245,0.0906165924489414,0.4769242378519729,0.6611253382844652,0.4086990323225296,0.5864559833981107,0.3835384166569743,0.4486226828913464,0.1846425078251856,0.1714584674949034,0.2539558751176716,0.2491659009796711,0.242195842024461,3.3916668939775243,3.127439188151487,3.5260608797165447
W0053,4,0.359302128464491,0.0,0.175402562573214,0.3367925794705046,0.3098895195669269,0.0757035995398723,0.3092993404166959,0.0743177358266129,0.5097594307048863,0.0924217576934023,0.2031681735781613,0.7414920855287265,0.3162740219576905,0.1049408604051366,0.2566654133035734,0.1699514458045454,0.0583216779668191,0.2085665006427217,0.6232511872756421,0.3074904547036672,0.1288140088743309,0.1194326865844399,0.11395525328774,0.2301023638440383,0.2775275448125621,0.0875738788078284,0.2544975608652992,0.0803443987723601,0.1772927324561925,0.0905814002728313,0.0673927823196504,0.0689286147035485,0.1695584873148291,0.060660052505871,0.0525442131953997,0.100046439734098,0.3051039644636438,0.1450123926667146,0.3654914967267301,0.0716826105561164,0.0887031661459921,0.0728573321574604,0.1560514951069271,0.0629956053277439,0.1091259360194217,0.1255301535215193,0.1170481687347778,0.1550461066876994,0.3263380332900863,0.0984377577898224,0.013013040626612,0.403152480896271,0.3567277857658008,0.268191634182326,0.2333854540915022,0.1952794912457308,0.3317457154684586,0.119653330696172,0.1144850880480171,0.1354323729838741,0.1680842148250473,0.2665118292153747,3.703326588966312,2.212899010749135,3.9046233656887703
W0053,5,0.2970232504292484,0.0,0.1196531757123567,0.2611190764553498,0.2408918717001976,0.0476464906075132,0.2594275061024738,0.0577514121069846,0.4581914334890607,0.0883596720264256,0.1307092877688731,0.6458682202340338,0.2283854886829861,0.0832004024158191,0.1917369745243942,0.1304667630890383,0.063891748725249,0.2194850990522308,0.5314286665532506,0.3087919071755118,0.1179152775286397,0.087569738900095,0.0772338055321629,0.2436444895619418,0.1910359415841938,0.0644838018960887,0.2289971468296188,0.0503491968806552,0.1381807969535283,0.0501021289465152,0.0477163578092744,0.0724639947935089,0.1689151395853869,0.0424952824216792,0.0662873621964141,0.0882600773907721,0.2073967085950324,0.0880883578037693,0.339496473409116,0.0716225661855319,0.0618659862613114,0.057063492038874,0.1126181288361544,0.0732368842410846,0.0852614661341768,0.0881690950212735,0.0889100763259082,0.133135396584861,0.2898510914887526,0.0598736674860955,0.017802652059034,0.1726192884293718,0.2129792900180078,0.2028652333549411,0.2219367214454842,0.0975154856341976,0.2039529814010689,0.0513309095780305,0.1006517025584515,0.0438676259534963,0.0665128337088939,0.1465481802571255,3.2200463883407284,2.009737552440129,3.21590161573825
W0053,6,0.2510688299395254,0.0,0.0962486637752134,0.2347355641478892,0.1828611223468156,0.0704165661635782,0.1859040589876513,0.0466693047131575,0.3386096741011229,0.0651201878082888,0.1144450581934385,0.4097110917376287,0.170515283270251,0.0670062914800774,0.1753322037404086,0.1080409404998839,0.0363955682429641,0.1978940961776157,0.6024976035676868,0.226917309719152,0.0880940008527396,0.0721175997865173,0.0764848663444869,0.1964275276446501,0.1457760131420442,0.033688484151013,0.1662541056917504,0.0579608915418201,0.1122139741700556,0.037012390642706,0.0437969038689689,0.0487664187119455,0.0977694823767849,0.0314635248044439,0.0472778915670912,0.0768526979542453,0.2314919647903832,0.0683624041574358,0.2883116202291764,0.0440466283821419,0.0488279555361779,0.0434331172771587,0.099065391843808,0.0452010708063884,0.0756565613920975,0.0593678861523309,0.0506402936024023,0.0742180702133932,0.2512614602389091,0.0472087515228436,0.0131587822796663,0.1250164647870473,0.1602513870847829,0.1396276519067945,0.1367437142287464,0.1159038438377929,0.1964968698904771,0.0504232125810533,0.1543576446303945,0.0428940822400563,0.0679033855186523,0.1988978892107974,3.7520764869014536,1.835914788186032,4.269313786921628
W0054,0,0.0612244897959183,0.0612244897959183,0.0,0.0612244897959183,0.0612244897959183,0.0612244897959183,0.0612244897959183,0.0612244897959183,0.0612244897959183,0.0612244897959183,0.0612244897959183,0.0612244897959183,0.0612244897959183,0.0612244897959183,0.0612244897959183,0.0612244897959183,0.0612244897959183,0.0612244897959183,0.0612244897959183,0.0612244897959183,0.0612244897959183,0.0612244897959183,0.0612244897959183,0.0612244897959183,0.0612244897959183,0.0612244897959183,0.0612244897959183,0.0612244897959183,0.0612244897959183,0.0612244897959183,0.0612244897959183,0.0612244897959183,0.0612244897959183,0.0612244897959183,0.0612244897959183,0.0612244897959183,0.0612244897959183,0.0612244897959183,0.0612244897959183,0.0612244897959183,0.0612244897959183,0.0612244897959183,0.0612244897959183,0.0612244897959183,0.0612244897959183,0.0612244897959183,0.0612244897959183,0.0612244897959183,0.0612244897959183,0.0612244897959183,35.0,0.0,0.0,0.0,0.0,0.0,0.0,0.0,0.0,0.0,0.0,0.0,0.0,0.0,0.0
W0054,1,0.4532214529373126,0.4455457022401235,0.0,0.3477938280692276,0.4038982355336441,0.1041767592212529,0.3653279946802528,0.1185659658178347,1.045473590533853,0.1718939107453899,0.3559984428284801,0.8151515549215947,0.5660179048622656,0.1759531729897116,0.4125339878291661,0.2759037378312829,0.1613843803627812,0.2841277063882726,0.5752103168812714,0.6210863937763655,0.1883056055809149,0.1523841563618809,0.139439376688523,0.2752944474538426,0.2409508396256458,0.1273237552759316,0.3776330395354235,0.0912640307400642,0.2166709046129586,0.1836532950765114,0.119295564565339,0.1551923132130946,0.3153691006662922,0.1157729678053949,0.1242497923141284,0.2543954280936928,0.3205379235983741,0.2161970312926633,0.3680780685188119,0.171462416568615,0.1138753208963146,0.1423490812904659,0.2240204848540586,0.1450985116302254,0.1991448105959006,0.1576377797620593,0.2137905764544905,0.2237845164991395,0.3699344827363354,0.0972100826756755,0.2408448076773802,1.3065542350797603,1.5345726100483923,1.876250291353369,1.8841220994178087,1.6966195990255246,1.425212481557699,1.4377624714292727,0.403468714898978,0.5586342254145548,0.3959235553135643,0.4946367851440157,2.2441589879992763,2.616833281563127,2.3328880276608137
W0054,2,0.4409843327411299,0.6990776042662448,0.0,0.5533986584946227,0.4538968083129284,0.1662605462913411,0.4325064075870017,0.1255334352056738,0.9098706449862184,0.1598433798584287,0.3610242373574281,0.8237654555605858,0.5220754629911323,0.1520360510127856,0.3379544606840125,0.2214593349415856,0.1106973996512368,0.3357449257776818,0.6688648698252857,0.6016019293451214,0.2056298575964477,0.1377031092605078,0.1654623001717665,0.3484267896994348,0.3114109776750612,0.1351766786245666,0.4630817907465997,0.1142086112451988,0.2378988176116291,0.1348971889864874,0.1017389880976013,0.1316126498256239,0.228488477133038,0.1003900229400122,0.111328853009987,0.2040149857865973,0.2703879300423306,0.2450338176655829,0.4896733372265455,0.1236413459332273,0.1453637115395231,0.1386611446017076,0.1794491636131644,0.1381515236167163,0.1558992628073701,0.158489684674809,0.1680540795805888,0.1745853584281376,0.5104712081515088,0.1196048919592508,0.1024655771579339,0.8067234988801765,1.0565405015812437,0.900808943552891,0.9790089013747004,0.737716419818008,0.6652766289586185,0.4642426621135647,0.2762151567944181,0.3467813020443646,0.2894856399114365,0.457161102051204,2.898367343759552,3.009325343217183,3.419979448544465
W0054,3,0.3878012876129771,0.6771308190468589,0.0,0.4875745326765007,0.4058462443827878,0.1251603634925355,0.3376831940987799,0.0945554613483084,0.8178346214819946,0.1414933663170188,0.2833562096894004,0.8729436026837846,0.4085376834429152,0.1280124852155016,0.3092810118379628,0.191539455900545,0.1026284912538269,0.3369225653497364,0.5945017058609493,0.4266962559680572,0.1734015611289193,0.1201963959576465,0.1080548517296416,0.3129318622017094,0.255112725386016,0.1018297190551717,0.3608280285960691,0.0962865312181809,0.227887078653622,0.0945667469727161,0.0897377653502656,0.1067111283582729,0.2326713018621598,0.0807047463336445,0.0834268584383969,0.1492493722894554,0.3222520332810479,0.1893923846885583,0.439390789539792,0.1067221554068564,0.1098038103552263,0.1152838371990443,0.1911237824296699,0.1149194688866554,0.1495717314801871,0.1665913056827764,0.1363569289202547,0.1676309482661475,0.3442487700403135,0.100968993862643,0.0291824660521301,0.4150224976656008,0.5441447499502419,0.2422181572369885,0.5201285290056559,0.4340534131100122,0.4176949987572756,0.2347373867028661,0.1709875079851047,0.2350741212783425,0.2426240468712735,0.2770435793161559,2.9415629893909974,2.805754593946535,3.7572836289308738
W0054,4,0.3683398913446588,0.5033259022727865,0.0,0.3666633693759336,0.332384864378048,0.0861887978640869,0.2892209798615731,0.0874803851848826,0.5334092421642234,0.1044520097319677,0.2113870408299232,0.7057583611631757,0.2768205756305213,0.0949242124405753,0.2606653274080153,0.1790649327841917,0.07370123627293,0.2495172191072079,0.6093712661182498,0.3558226693735899,0.1414966615342513,0.1287897224242294,0.0974789202933932,0.2704537125875405,0.2314033650309199,0.0833026557195407,0.2673544550467195,0.0748022908872368,0.2357897204283811,0.0756304499586539,0.0724320529072117,0.0710231039008864,0.1677350070129021,0.0732612452187335,0.0659530188089088,0.1314154996483051,0.3292182819899432,0.1303987582409105,0.3820541051714033,0.0676349190707777,0.0988073777133077,0.0778282684423415,0.1217059349572362,0.0858358402570628,0.1192956346503457,0.1094944001932006,0.0942288102943984,0.1366774415757894,0.3153641116350943,0.1006487973324187,-0.045070261737626,0.2694652535663587,0.3520352384522971,0.1898405250777436,0.238330667590332,0.0582837954633418,0.2531172171791553,0.1094719622618173,0.090795232325377,0.1504886296589088,0.1392253729305986,0.2020497442734321,3.3563087231480333,2.5817891132030857,3.5186888613892098
W0054,5,0.2850576441256755,0.4771222263645769,0.0,0.2407797874222848,0.2272924814654709,0.056021651688209,0.2903992992372127,0.0573088570776153,0.4356764408638282,0.0940627229141978,0.2058847627118048,0.4797421770077826,0.2317264906038131,0.0786263613971331,0.2276165345861998,0.1248163592557502,0.0528586466723547,0.1825963741159638,0.5316925064810721,0.2875634802113019,0.1017410522833106,0.0985796051299698,0.0920808673904214,0.2107589198050304,0.1738045580314479,0.0576236323251616,0.1577283994367217,0.0558203737649074,0.1179056931885118,0.0496734030218988,0.0329868561374891,0.0649632454742435,0.1631402145241944,0.045992237367344,0.0502806791496448,0.0909546740002077,0.24881858361498,0.0958565128480979,0.3138798162073001,0.0452400781034525,0.0615573046999901,0.0562943984635304,0.1081390149264088,0.0623804635794442,0.0909887661886053,0.0950197216122286,0.0714748515450184,0.1252674313875106,0.2599474634877493,0.0584397339937617,0.0122185709216493,0.0866030108692932,0.1663447373441129,0.0956729918283991,0.2140508637274129,0.1327367934882558,0.1972714853368558,0.0544145570639258,0.0768323811225419,0.1337865618747614,0.1114453635036933,0.1503189481038135,3.283259491662604,2.5382750893287875,3.347181006423172
W0054,6,0.2016406322927087,0.37163449484763,0.0,0.203331339795033,0.1701522701207063,0.0479177210511634,0.1636439453156236,0.0504558889498292,0.3765025121875783,0.0656287100054808,0.1633101536876038,0.4464941795555978,0.1829541037691028,0.0509153834682782,0.1470077409099326,0.1144063455590432,0.0395951355276048,0.1452906421729096,0.4794954986504227,0.2011163177464157,0.0776154918926169,0.0601332480051557,0.0561169296249845,0.1689220212253083,0.1207601241603794,0.0485314844103179,0.157794267703825,0.054599294813841,0.1138688771744991,0.0351907837734815,0.0440727827110299,0.0525602772317078,0.1298544116281868,0.0369127105434093,0.0511098463425236,0.0563720715330045,0.1560373135910326,0.0653941874551639,0.1959237623906826,0.0475293533955796,0.0478450815103321,0.0426491463208788,0.0846604387027952,0.0421788247623248,0.0613741665068056,0.0842109188186399,0.0552185826265815,0.083740767473747,0.2466854449749188,0.0391389794606298,-0.0156296590846635,0.1136408390794402,0.1713026934937885,0.0447032640223843,0.0952299037709759,0.1324675656417377,0.063373632223335,0.0401964356470675,0.1082901707862496,0.1222234790856161,0.1895806779843336,0.1472610737059047,3.5438826162868917,1.9527145053145551,3.623707671254955
W0055,0,0.0612244897959183,0.0612244897959183,0.0612244897959183,0.0,0.0612244897959183,0.0612244897959183,0.0612244897959183,0.0612244897959183,0.0612244897959183,0.0612244897959183,0.0612244897959183,0.0612244897959183,0.0612244897959183,0.0612244897959183,0.0612244897959183,0.0612244897959183,0.0612244897959183,0.0612244897959183,0.0612244897959183,0.0612244897959183,0.0612244897959183,0.0612244897959183,0.0612244897959183,0.0612244897959183,0.0612244897959183,0.0612244897959183,0.0612244897959183,0.0612244897959183,0.0612244897959183,0.0612244897959183,0.0612244897959183,0.0612244897959183,0.0612244897959183,0.0612244897959183,0.0612244897959183,0.0612244897959183,0.0612244897959183,0.0612244897959183,0.0612244897959183,0.0612244897959183,0.0612244897959183,0.0612244897959183,0.0612244897959183,0.0612244897959183,0.0612244897959183,0.0612244897959183,0.0612244897959183,0.0612244897959183,0.0612244897959183,0.0612244897959183,35.0,0.0,0.0,0.0,0.0,0.0,0.0,0.0,0.0,0.0,0.0,0.0,0.0,0.0,0.0
W0055,1,0.3945912230819741,0.4526500287021802,0.2441861928461463,0.0,0.4303034426248294,0.1635440073019306,0.3400863334809098,0.1438312597238813,1.227331916252529,0.1321311615072813,0.3790546146153787,1.011578689375854,0.6888056834140865,0.201414039089096,0.4235909472891591,0.2507543082410112,0.1396467983980787,0.3190007441458176,0.5891458628369584,0.585097113621327,0.2119451663881726,0.1607748807435984,0.1368499068858282,0.3431961033263904,0.2676914246702944,0.0972661133681303,0.3803293549156277,0.1102472718880624,0.2498608344222478,0.1668086809042704,0.135826690088374,0.1481537368790632,0.3488967361273807,0.1003300043051722,0.1451669987277549,0.2286175559835393,0.3734570883979045,0.2372128516750172,0.3463570717942756,0.1517230924639869,0.1573707494780853,0.1741831086879031,0.2168092763150339,0.1389702641253089,0.2096364456215559,0.1415463362419391,0.2027921246558484,0.1865296784675292,0.3617481387562611,0.1035193986299677,0.3308283613536603,1.250932080264347,1.837964992677212,2.0472714841722857,1.7084290844680248,1.846354522972302,1.335453420419711,1.428848302380029,0.4224275095983854,0.3669510295990328,0.4258904023927315,0.5473424809428862,2.2357129333739434,2.2566572978681667,2.347490982056517
W0055,2,0.4344818961136453,0.7293507305874051,0.240526317171655,0.0,0.4372551985005122,0.1209592902100162,0.3574662305959989,0.112016918761849,0.9431872842544412,0.1659893923780293,0.3966140970204467,0.805572289915622,0.4704387277313052,0.1605736061854605,0.4433768339792962,0.2392969030801438,0.1148518354383314,0.3757374582740245,0.5481470306696561,0.5704642419993027,0.2089383759966491,0.1630660218303119,0.1373132628703477,0.3943242554897839,0.3176257952127388,0.1124826388360061,0.4210450853758009,0.1128390699344211,0.2216777365072433,0.1226328560177299,0.0818051697034667,0.1261883906173441,0.2848646384050212,0.1153269222145426,0.1205409540831736,0.1956291994473404,0.3213474336738113,0.1969959884761691,0.5079390786785107,0.1479988816577564,0.1120542290734414,0.1566701686412446,0.212294067770973,0.1139385747898188,0.1767726457812454,0.179741615441054,0.2101333121235706,0.189320873400919,0.4350884924711592,0.0886849447954933,0.058331374066215,0.727085230586919,1.2895675488227014,0.8382602757063556,0.9727122663901198,0.7639329603362714,0.7455924068941606,0.4710792102113417,0.1766882681134658,0.4033237668638886,0.3592775451604802,0.4280699634108862,2.9213652302176625,2.8326086051698134,3.3173600997679484
W0055,3,0.4779696448539539,0.6207820150215259,0.1854437737455832,0.0,0.4657519797038735,0.0997078073462169,0.2294488315293258,0.1130440795809809,0.676784507783782,0.1347622087301132,0.2784334317458591,0.8449881246274654,0.4270021600394747,0.1094267518390594,0.304913515112711,0.2092680453658057,0.095275213125232,0.3387153360845035,0.6055711472952583,0.3837022816889116,0.1630081903154775,0.120436244989822,0.141009988492222,0.3116786484858823,0.2633163926010671,0.0956894069120809,0.3923625545282375,0.1220733417133959,0.1869952228959731,0.0926220363600737,0.0894339589307149,0.104906556470766,0.257748565586471,0.0726867884097834,0.0825295283664471,0.155082945310253,0.3030722688432458,0.1560601825956678,0.548438184552236,0.1025293234858759,0.1105391813599008,0.092698672989768,0.1959438545483024,0.0960944152216196,0.1511313145080983,0.1196629906033118,0.146126897416497,0.1685403969408697,0.4107753048015702,0.0971537495720026,0.0132350776781224,0.2719607683352919,0.6355990589068978,0.4800967461838341,0.4652536930234549,0.3221030154765834,0.457698104107324,0.1850095421381205,0.2265083916697263,0.2129439466729,0.2702290942587726,0.2915729564888535,3.794740742816245,2.71611653666792,4.231780085548469
W0055,4,0.3558791716826218,0.6516522981137172,0.1719350840913302,0.0,0.321758320743099,0.1299739890207137,0.2823738502984242,0.0789511758661086,0.602996822539496,0.1053785524663025,0.2198197020529517,0.6718404808247107,0.2893172844644181,0.1150946195998897,0.2729910843802627,0.1914842571022601,0.0674391450812743,0.2704173236306273,0.6033209251368062,0.3313588390379599,0.1470629731801553,0.1174724880278576,0.123589251471248,0.2974529760209041,0.2013164770121677,0.0807520030556259,0.2494765107275075,0.0950179554022134,0.2020287848670848,0.0738326014329824,0.0783120082763318,0.08722484158892,0.186379663409095,0.0501992530655066,0.0621591148141719,0.1200355641787967,0.24035968751808,0.1214384773075084,0.4219459341762239,0.0711414521254979,0.0656919653087569,0.0984859558655008,0.1492696354240525,0.0969739876365768,0.1057204937916632,0.1273022277823736,0.0974422271817189,0.112151432795491,0.3334650421373204,0.0956409959391812,-0.0190511808556061,0.2304027539031433,0.3416509252637992,0.1613647324663368,0.1349460730582705,0.2072391473776273,0.2570959371826598,0.0995945431193998,0.1438973310954699,0.1137317856359464,0.1740606650347216,0.2659389448043026,3.3791070544806416,2.7441112178109544,3.0225806261716075
W0055,5,0.2770066979361106,0.4472024203442045,0.1024088747226534,0.0,0.2290897162298202,0.068139873279783,0.2704514259652668,0.0436699020647156,0.4523202556616378,0.0676013455906016,0.1592408908257402,0.5984976504539166,0.2627255574504209,0.0679369936842647,0.2333111093965484,0.1383291443385902,0.0530476161173208,0.2185347533216362,0.5193767135889492,0.2549383841315777,0.100205079531754,0.0809366057426879,0.1135439568987515,0.2468673398211799,0.1554423469875182,0.0703614740195177,0.2179484722038181,0.0762228600282565,0.1488147462866128,0.0442025476648323,0.0428676837791268,0.0768721153658118,0.1272709350196135,0.0439090487777634,0.047118133829297,0.0837572967499102,0.2022028013891194,0.0912809682252185,0.3366172897003621,0.05398193105165,0.0608960132734781,0.0710228302480003,0.1160906976871845,0.0644745487860541,0.0909574236464177,0.1141872094425574,0.077308441315019,0.1045914500693731,0.2814554282441323,0.0682759180812333,0.0464894319296497,0.2163305245756832,0.3366707636136057,0.2172475610766629,0.1307493580624143,0.1779355754661937,0.1987657663160519,0.0685388280403385,0.0710883020466159,0.2122015759805413,0.1070465749674976,0.2900423857508583,3.5579148608357,2.683765517536999,4.283689707856162
W0055,6,0.2739058166769275,0.3357297946511134,0.0838658947730949,0.0,0.1923335079999648,0.0530394359494782,0.2304100791459105,0.0390854754963947,0.335113619246466,0.0556682604882782,0.1272879927236541,0.4877601238856626,0.1946173346805364,0.0644302718880881,0.147277003400957,0.0962959679955512,0.0274782305079101,0.1736112517849703,0.6047367382382588,0.2428303955441848,0.080591939520889,0.0852607370685517,0.0703921846826105,0.1439496765842142,0.1436118603951899,0.0502304819043253,0.1500996389298469,0.0503797433383145,0.1116991657522115,0.0431538714761146,0.0351583273269047,0.0505813531542251,0.1301770283596778,0.0360710740551642,0.0499467453285617,0.0740213541065614,0.2033767616750361,0.0775524746016641,0.2412768527381542,0.0412750742935479,0.0513346364163303,0.0544628195844537,0.0824356008936787,0.0461193606205223,0.0742429589653075,0.0674798097057332,0.0652407043364645,0.0751258433400634,0.2147805709296784,0.0458907180546589,0.0505029939265629,0.1217112035374725,0.1333698291112493,0.2137553691439795,0.0966058405017397,0.1060891346814001,0.2017299916406413,0.043320438125467,0.108406201073406,0.0841192724027136,0.0998270901089212,0.1615198477315122,3.5370248619985576,1.7975478213332008,3.676829184943435
W0056,0,0.0612244897959183,0.0612244897959183,0.0612244897959183,0.0612244897959183,0.0,0.0612244897959183,0.0612244897959183,0.0612244897959183,0.0612244897959183,0.0612244897959183,0.0612244897959183,0.0612244897959183,0.0612244897959183,0.0612244897959183,0.0612244897959183,0.0612244897959183,0.0612244897959183,0.0612244897959183,0.0612244897959183,0.0612244897959183,0.0612244897959183,0.0612244897959183,0.0612244897959183,0.0612244897959183,0.0612244897959183,0.0612244897959183,0.0612244897959183,0.0612244897959183,0.0612244897959183,0.0612244897959183,0.0612244897959183,0.0612244897959183,0.0612244897959183,0.0612244897959183,0.0612244897959183,0.0612244897959183,0.0612244897959183,0.0612244897959183,0.0612244897959183,0.0612244897959183,0.0612244897959183,0.0612244897959183,0.0612244897959183,0.0612244897959183,0.0612244897959183,0.0612244897959183,0.0612244897959183,0.0612244897959183,0.0612244897959183,0.0612244897959183,35.0,0.0,0.0,0.0,0.0,0.0,0.0,0.0,0.0,0.0,0.0,0.0,0.0,0.0,0.0
W0056,1,0.4665493816734666,0.3854553036138667,0.2761945864462753,0.3574558108249667,0.0,0.1445083008714655,0.2835922762427881,0.1193630962966791,1.1032567282039836,0.1799502753441255,0.3531699698878347,0.9021337868162996,0.6242281848859086,0.1693820819460816,0.3163265695918879,0.2523911153584405,0.1571034992970529,0.2557853878223472,0.4842560371578774,0.5577430040747895,0.2255263173792794,0.1231761096079412,0.1533848691355596,0.3577385081136684,0.2278744169321361,0.1276982220376631,0.3556301225455758,0.0915312973933469,0.2141783147699231,0.1552649302380427,0.1387658175132967,0.138301151197466,0.3542485502748558,0.1287149403571361,0.1450265125296735,0.2908406588115166,0.3186547596539648,0.252338862988156,0.4297564176508422,0.1497411503046251,0.1574362802322712,0.127051280549341,0.1894568819543492,0.1388061948124822,0.1760487271716809,0.1543684565139516,0.2207712521665512,0.2220008245639539,0.3916787486667731,0.1024906352526836,0.2419189595926082,1.3306620695830875,1.4318426431170106,2.175120549871858,2.198742611291277,1.6651966559314364,1.2649713937429174,1.095762335513177,0.3808913350280354,0.5309095776951511,0.3440341972581345,0.5103369900799815,2.128540010320162,2.8389004077037705,2.271284819195923
W0056,2,0.5211141515036382,0.6550586847259499,0.19115285031526,0.4868785603809298,0.0,0.1479502303653531,0.35292406020564,0.1364456718877227,0.9473169245664133,0.1527907168881265,0.3153002484926508,0.855433218264047,0.5307416670093545,0.1507188932755773,0.3291469474554973,0.2252287469948803,0.0786356548738133,0.3647835440529685,0.659822717183828,0.4171443331305409,0.2062968525129362,0.158099239425137,0.1666013367385082,0.3820672378545519,0.3136889350865657,0.1244702874740805,0.3218681267453985,0.1000763695605766,0.2223334985145357,0.1721822039054989,0.1117367291294196,0.113277376482577,0.249432484906091,0.0889787637729064,0.1237080253664634,0.1920205009877871,0.3504785155379035,0.204618500590182,0.5576803313107056,0.1411167069733084,0.1358429962395033,0.1201563153893981,0.2419364472810561,0.1104240482422039,0.1741718990719736,0.1633345132644958,0.1813560198250817,0.2125132604592561,0.4106560574086336,0.1097513929349871,0.05980038863694,0.6560609245283482,1.035797597520694,0.8104752334890744,1.136110263005153,0.7325551616744869,0.644185652785668,0.4575935851323637,0.2565098582971836,0.3902052961617537,0.3299781721214101,0.3904926833070732,3.020529804332286,2.655381416607488,3.1891936521014275
W0056,3,0.4754386026732673,0.65921902643891,0.1846951330658538,0.4340924096599656,0.0,0.1205356479753354,0.327539474533641,0.1008809446275238,0.6437698025406302,0.1242155957792883,0.2963895663637464,0.7274953271257583,0.4127696717962741,0.1567022129997606,0.2816173767196506,0.2058400279892095,0.0900237257268087,0.2991540942516798,0.6349412678936702,0.3629076825272687,0.1973172472243537,0.1357281382506217,0.1576029356069751,0.2641954882374512,0.2745588134617992,0.0918573709153814,0.3709347428725404,0.0890443033023663,0.2554245496402433,0.0916853060234105,0.0781036938563359,0.0873402235481204,0.2488744792638743,0.0743447279367251,0.0883542037596244,0.1873830736444885,0.2840812295307941,0.1773440739782236,0.4437624865010382,0.1058822107163124,0.0933448458006265,0.1172037241326869,0.1652424555955867,0.1043276968387945,0.1596905219769104,0.1193340697893041,0.1462627174611688,0.1542124896754627,0.3967492568910538,0.1085327491829503,-0.0413656619728191,0.3613124842398354,0.5378261530917897,0.3452155805815805,0.4636175102690206,0.3882134922056927,0.3860920003698561,0.1847784103289632,0.266357519083558,0.1818764161775483,0.2504016977264027,0.2632317591410547,3.223771681517824,2.8164280930465138,3.30888368919552
W0056,4,0.3982049826832355,0.5892148755693773,0.1614209127518613,0.4102835197139182,0.0,0.0914860139693169,0.3692374503577287,0.0750143881710699,0.663794217359504,0.104615702686911,0.1981681210905355,0.6771485445173557,0.3433643956615035,0.10772574376674,0.2575381071969457,0.1747494798946867,0.0583948358303541,0.2218501829995171,0.7120052751585697,0.3602593243375205,0.1623868309080892,0.0967049934557011,0.0968545770946607,0.2627664478542594,0.2492806509258002,0.0771954849759888,0.3044353007424032,0.0791111832716351,0.164712661799685,0.0790009399280308,0.0515834895929772,0.0759544958351976,0.1620622209438485,0.0443641126260308,0.0750738079548005,0.1062217305662462,0.2634993289040909,0.1156361631284867,0.4017794219358165,0.0901564337138917,0.0691518366863936,0.0876202469837651,0.1320882355448279,0.0761715346013206,0.104457244370912,0.1127572290656466,0.1046289987700421,0.1153062339660455,0.3098758121307029,0.0670985418124665,0.0283470733300085,0.2615680884426973,0.2560721174218237,0.2348572274889931,0.3320432763094708,0.161696868114752,0.187620723290857,0.175430471783402,0.0971891590349968,0.1379189535876305,0.1028231341273186,0.2436144486114094,3.22573322104256,1.9867748053996708,3.097912224468155
W0056,5,0.2867890897865727,0.4963940999104368,0.1157416393655036,0.2865991965815315,0.0,0.079905343021507,0.2384290677316848,0.070874548855941,0.4170026609467845,0.0992501289831997,0.1720005998271663,0.6351636885532845,0.2435547212019361,0.0806490130809151,0.2343249136184819,0.1583424883835156,0.0534076817056602,0.185396025945616,0.626754405114334,0.3063656241786834,0.1147053881381175,0.0940168270666269,0.0748117873996744,0.2377886543829994,0.1814193650506412,0.0756080890906436,0.2342009745309199,0.0762924335668875,0.150898110246103,0.0592817831259421,0.0396944363771936,0.056279696151303,0.1657079990907138,0.0546153726491361,0.0607614344016526,0.0951231688123464,0.2284917370776228,0.0850906203987623,0.2937923501489982,0.0641215047101532,0.054841914069319,0.0633374177218388,0.1142448444295178,0.0644858386932205,0.0841333864781466,0.0824316928817471,0.0725930803308455,0.0978843955526146,0.2671064887282437,0.0647596749062304,0.0376569427499169,0.124496590843976,0.2194853559739167,0.1152971941111385,0.1212352568946253,0.0701507747812606,0.0619949129906619,0.0706280084697418,0.0673668963316894,0.0506634219713097,0.1130646497466687,0.1826117948115934,2.865275419797003,1.987411081793125,4.280273301033309
W0056,6,0.2555288480560712,0.3628440350023431,0.096673110418294,0.1908317689127762,0.0,0.0621989177565127,0.2495868424805998,0.0436501626704587,0.2523930461265099,0.0655503964373802,0.1484536674591569,0.4239792597932865,0.213366382168331,0.0630132970084643,0.1484479740616536,0.1057134137685962,0.040647115482119,0.1629927060920582,0.5936705903935038,0.2074834311448812,0.0794115903305185,0.0677535424040526,0.0758757288319349,0.1831371305729441,0.1421796384661144,0.0495110678447656,0.1361408260016983,0.0476208505142646,0.1005135876911603,0.0311496254943449,0.0269911607743802,0.0375180899140933,0.1106667764140349,0.0413676933051506,0.0341774248078222,0.072506343082561,0.1699530270849718,0.0669223150532668,0.2437697746986665,0.0469224971052878,0.059229720193377,0.040573241948021,0.0900474618956755,0.0517300491231773,0.0596220929504023,0.0651398844006191,0.0518607604226304,0.0774838467315247,0.2251346721491389,0.0473520090268316,0.088296765217881,0.1018456612364744,0.1914531069332239,0.0959511992171074,0.1406094428356524,0.0775375047573868,0.1390012433028211,0.1185030469603758,0.0914228844692112,0.0935986625125471,0.0892947971594015,0.0706451916150493,3.481280614757195,2.116147300829629,3.825962643795718
W0057,0,0.0612244897959183,0.0612244897959183,0.0612244897959183,0.0612244897959183,0.0612244897959183,0.0,0.0612244897959183,0.0612244897959183,0.0612244897959183,0.0612244897959183,0.0612244897959183,0.0612244897959183,0.0612244897959183,0.0612244897959183,0.0612244897959183,0.0612244897959183,0.0612244897959183,0.0612244897959183,0.0612244897959183,0.0612244897959183,0.0612244897959183,0.0612244897959183,0.0612244897959183,0.0612244897959183,0.0612244897959183,0.0612244897959183,0.0612244897959183,0.0612244897959183,0.0612244897959183,0.0612244897959183,0.0612244897959183,0.0612244897959183,0.0612244897959183,0.0612244897959183,0.0612244897959183,0.0612244897959183,0.0612244897959183,0.0612244897959183,0.0612244897959183,0.0612244897959183,0.0612244897959183,0.0612244897959183,0.0612244897959183,0.0612244897959183,0.0612244897959183,0.0612244897959183,0.0612244897959183,0.0612244897959183,0.0612244897959183,0.0612244897959183,35.0,0.0,0.0,0.0,0.0,0.0,0.0,0.0,0.0,0.0,0.0,0.0,0.0,0.0,0.0
W0057,1,0.4307190963611252,0.4843829670496372,0.2355034829398206,0.3332829561288328,0.33887150000185,0.0,0.3819511659391922,0.1355788033741752,0.7907915782280535,0.1756030460561033,0.3521468196405459,0.996436215227535,0.5521740349485129,0.1862746317405154,0.3146695100750165,0.2527937072922431,0.144985898830939,0.3143013141657904,0.5560947341242792,0.534823647928883,0.1736072439076978,0.1494079220710601,0.1606830312385229,0.3648463116900333,0.2084225120862207,0.1018358637862532,0.3274163398939091,0.1159230480488781,0.2405420128239612,0.1940159010356544,0.1115945495082707,0.1233824381884793,0.3505444415170282,0.1213445739458804,0.1483949283780124,0.2763510373018024,0.3620977355246006,0.2962962923196415,0.4425032494610134,0.1453773040049717,0.1755963796706137,0.1336964951037345,0.1759198182753222,0.1316994886774166,0.1531627056120898,0.1375887133842794,0.224437784637751,0.2060613683998222,0.4048557104560059,0.1119915209106418,0.2952502312121632,1.2231598345821069,1.4903387602735654,1.560444667829903,2.0858021000035483,1.7135177957544867,1.152217730033756,1.0902347046590872,0.4560089112216753,0.5498550640399772,0.4393602065599775,0.511814162059856,1.9517519343543304,3.076529267556801,2.743459139966129
W0057,2,0.524917465789757,0.5825185635244303,0.2390098705120208,0.4904016409776405,0.3959559569556238,0.0,0.3966415874205685,0.098918832908086,0.9879622174452865,0.1508271314098548,0.2987727785949031,0.9081383347612664,0.4393399890586933,0.1833836375155754,0.4172023604075628,0.2787309785355336,0.0959874874992887,0.2633976844902104,0.6273596198200647,0.5449500745838542,0.2420554810716093,0.1353249453659794,0.1737595429444613,0.3565071614529958,0.2894208387940077,0.1255649859380294,0.3317091937688832,0.1071461105189483,0.2716389981057219,0.1480940645035578,0.1280339398254879,0.1198207645663547,0.2763273167130012,0.1070552468368062,0.1074322784276618,0.1898223372669847,0.3844272015414705,0.2615593818007582,0.4621784186546551,0.1064044813987009,0.1501314375197488,0.1234380710577464,0.172345952113049,0.1224987297739317,0.1658247313187332,0.1342357246313456,0.1760824498203901,0.1954223044594915,0.3817778817911602,0.1264705717589147,0.0633299486636174,0.705835222966794,1.0622460520694,0.8794405055855264,1.1662647665873114,0.7675945995617629,0.5680794048911663,0.4403312446938388,0.2951465836734159,0.3913552269384437,0.2593808580033278,0.5151736221343365,2.610017420908892,2.93022166138247,3.4589701586998163
W0057,3,0.3744482838369013,0.7369816178258638,0.1900059352103474,0.4042582115237267,0.3830087096535569,0.0,0.3132861686605113,0.1015121153292281,0.7407814021904865,0.1157371500035321,0.2835933686731958,0.8516079912884073,0.4127261250108726,0.1418287399753168,0.2673766555724962,0.2131553978818306,0.087883423186589,0.2600583723795732,0.70105665695063,0.3731956195344817,0.1751510010670059,0.1385962350652149,0.1510113098509899,0.2856683094113946,0.2780867545306351,0.1213859417832597,0.3917591700923302,0.0904833927474526,0.2378316881412446,0.0976326383212466,0.0880973135378106,0.1072147959512656,0.2721467402339675,0.0846370082438426,0.0788698553292456,0.171972779173413,0.3181884762618024,0.1660177775948814,0.4589213566681713,0.0972382968155255,0.1018498047104177,0.1195305589683629,0.1890513813132289,0.1125703987176734,0.1576539864634723,0.1207908087371061,0.1217032892351266,0.1584590348510043,0.3677598488561582,0.085293512311837,0.0605784977354691,0.3105630833364831,0.6464844623392016,0.3620427530449873,0.5087219906549713,0.249353180703704,0.3356266801591348,0.1711000478566577,0.1470991915406355,0.2350161790789231,0.2376562173255964,0.3055112680587831,3.077419934751905,2.7953706707545045,3.5276944542662183
W0057,4,0.3284584397826507,0.6860934245978791,0.1289870254757774,0.352763225750707,0.2689288503421889,0.0,0.231799207535086,0.0720496449680932,0.5389182167854022,0.1015726811751292,0.1870189653025508,0.7020927545873731,0.2472181261489578,0.1110563169571407,0.2508927797698154,0.1613136686471996,0.0642096964296955,0.2187783823502729,0.6071652898360993,0.351556979804159,0.127100204217419,0.1096910669087439,0.1114217617130658,0.2986826136033206,0.2696715614096723,0.0935330016959646,0.2410053347953969,0.0705292032178449,0.1716896761731523,0.0889558675869962,0.0636287972368838,0.0837642927637439,0.1802913871454927,0.0600684685234338,0.0761208151684066,0.1075921800081549,0.2686979575853339,0.1231748844572686,0.4279710411415811,0.0735588958194334,0.100110862070851,0.0877233237720884,0.1229568944783311,0.0793414528823236,0.1071517906524824,0.1370445766075724,0.1206885713406222,0.1383447837642992,0.4090992866427748,0.0709509610780085,-0.0043731076267079,0.2139551323239716,0.3778462014063511,0.2530423165219513,0.1940675245926755,0.0829875871708433,0.3132970949198074,0.0744037872523525,0.203578394730519,0.1893308999153378,0.1485063395589627,0.2099049376927717,3.237618920115908,2.295891742832073,3.5552392820712178
W0057,5,0.2441782977885679,0.4808170587640849,0.1016056494852566,0.2846595365843722,0.1953274657390176,0.0,0.2558158438748114,0.0533612246124161,0.3415232927027339,0.0976668105599752,0.1827474362240023,0.4099369013276935,0.254047096219629,0.0649795490672666,0.1669729302401447,0.1415593446086202,0.051719757900523,0.1690141376118586,0.6016814234961073,0.2590671408171779,0.1059600725152675,0.0850361267257141,0.0795703700252967,0.2469988821591206,0.1660821035746224,0.0693581692856233,0.2316046394050254,0.0536078740225478,0.1286983558301775,0.0719180381828353,0.0400188598497831,0.0746483991586951,0.1585577243971668,0.0427567070503227,0.0513074254470642,0.1047960425475098,0.2260382922858789,0.0977737032903476,0.2982019034274129,0.0631990015222232,0.0494243393623092,0.0605450154402258,0.0997461097035606,0.0583023713123828,0.0795721793536546,0.0841813637363693,0.0779214213772729,0.1058392742467369,0.3179575866880578,0.0563323570935706,-0.0404893959640984,0.2196508256383287,0.3217370250427612,0.15523201791329,0.1892298640614055,0.0219824723083519,0.1537768488736362,0.0303881503597319,0.051966996938328,0.1143565801011159,0.163322422770371,0.2235214998388024,3.847922123525754,2.1443735882370096,3.5680594403876507
W0057,6,0.2196587546374493,0.3766922196751376,0.0819359262754626,0.2123438469358249,0.160821777335387,0.0,0.2124187198118408,0.0398027245719999,0.2921734870782671,0.0665779481204682,0.1153839777738113,0.4770722071231679,0.1713398470139967,0.057214949409121,0.1577831827294584,0.111331312415784,0.0316664461384161,0.1176035287268173,0.4786981826906371,0.2221776707284807,0.0796565794979498,0.0626173053318843,0.0729098797117581,0.1764503717436857,0.13196575954456,0.0459275187690398,0.1540443405771891,0.0545266108128405,0.079513371769577,0.0443014534118171,0.0264159171055598,0.0444115904331139,0.108268694716104,0.0185120573516569,0.0494804722067885,0.0630559336240597,0.1863860560953727,0.0571534007699338,0.1928694652716255,0.0414159457935545,0.0446889781261189,0.0373681179487255,0.0942821421544324,0.045953074289038,0.0782795704479867,0.0903837191841377,0.0585114254893957,0.0942897589734836,0.2184180208575152,0.0519801618032732,0.0183702803544217,0.0837213952957349,0.2288195618286373,0.0668917189031694,0.1091927184086142,0.0654428090862236,0.0677946576141597,0.0721221907322215,0.0465076285881154,0.0522107608907374,0.0468988860562963,0.1268779659936611,3.7728298547799737,1.9652462383839775,3.86353939531461
W0058,0,0.0612244897959183,0.0612244897959183,0.0612244897959183,0.0612244897959183,0.0612244897959183,0.0612244897959183,0.0,0.0612244897959183,0.0612244897959183,0.0612244897959183,0.0612244897959183,0.0612244897959183,0.0612244897959183,0.0612244897959183,0.0612244897959183,0.0612244897959183,0.0612244897959183,0.0612244897959183,0.0612244897959183,0.0612244897959183,0.0612244897959183,0.0612244897959183,0.0612244897959183,0.0612244897959183,0.0612244897959183,0.0612244897959183,0.0612244897959183,0.0612244897959183,0.0612244897959183,0.0612244897959183,0.0612244897959183,0.0612244897959183,0.0612244897959183,0.0612244897959183,0.0612244897959183,0.0612244897959183,0.0612244897959183,0.0612244897959183,0.0612244897959183,0.0612244897959183,0.0612244897959183,0.0612244897959183,0.0612244897959183,0.0612244897959183,0.0612244897959183,0.0612244897959183,0.0612244897959183,0.0612244897959183,0.0612244897959183,0.0612244897959183,35.0,0.0,0.0,0.0,0.0,0.0,0.0,0.0,0.0,0.0,0.0,0.0,0.0,0.0,0.0
W0058,1,0.3542661694955026,0.3521407512654572,0.2134285362794727,0.4464789714184178,0.4965023200672302,0.1365273121136077,0.0,0.1556251787264285,1.0637682096330847,0.1608093959296044,0.368374356162944,0.9504921092832312,0.6105281929190767,0.1797194948119332,0.2718288730969989,0.2721311288270878,0.1532666593449063,0.2976122087975121,0.5785068998251626,0.6406453937235617,0.2004752485343851,0.140448396238412,0.155505988584626,0.3136442176482766,0.2586857260393861,0.1240852751820051,0.3135026569870799,0.1111481633367151,0.2983220403754703,0.1956416233853523,0.1377617543684767,0.1327437563178326,0.3097059718917051,0.1055751862183597,0.0962364708354361,0.2485402392159275,0.2844009052968989,0.2497668095929305,0.415152544199886,0.1423227388245028,0.1697649453066958,0.1514532360062929,0.1933247687138204,0.1319751145470465,0.1556499653020085,0.1469896245922096,0.2413851243371224,0.1828454502006211,0.3840424833079517,0.0986397568238168,0.3321822613690023,1.2083612189388735,1.6265156309617848,1.8261116157179,2.2669390561178795,1.7498321055121018,1.1923920025895816,1.2074424102684915,0.3413382427435353,0.5808286873927841,0.5317214417945428,0.6057618908032182,2.030830483153641,3.1576517738116023,2.584762153475585
W0058,2,0.468221611189644,0.6546277026063075,0.1823833637586285,0.4347295389047261,0.4706323058601372,0.1204897283421286,0.0,0.1461898895306666,0.9955595186177038,0.1724635339478282,0.3747533956100977,0.7564430028198624,0.4690423517683275,0.1721339682457844,0.3971172616208025,0.2252494942168566,0.109591201663007,0.3560068489849946,0.6330018152149078,0.5186469855676893,0.1983031023850038,0.1787944727977388,0.1623280746600083,0.2992543123981233,0.2978630903384065,0.1213950426760339,0.429341691515465,0.1019741925628465,0.263996315821271,0.1594487250385048,0.1113541393347154,0.1051017226257724,0.2217172346325019,0.1018561231456758,0.1207996746171489,0.2068940969023962,0.3964647747252677,0.2005720984406592,0.443278869688495,0.119151000992346,0.1153359876066408,0.1111171138489371,0.207951461415478,0.1121500979886576,0.1960866088743393,0.1565207681194159,0.1790596369812818,0.2303259689453493,0.393596172996553,0.1061592915857207,0.0397523701130641,0.5580241393398757,0.9126761665042192,0.6673882618919409,1.029567475626436,0.8479064985398171,0.8070987441772498,0.5867219948162959,0.3005724552987739,0.385696419958099,0.4074375238234167,0.3901180758005677,2.9232055784370714,3.221732912182948,2.959516745086021
W0058,3,0.3754710937254517,0.624176079233122,0.190969273922634,0.4325400487553205,0.420359313383234,0.1251465926234856,0.0,0.1111995861061992,0.735861251570617,0.1300200708850447,0.3292948587024612,0.8195014183132415,0.4040040698666048,0.1426864809123861,0.304087844219816,0.2538291222250861,0.0942366492087169,0.3410415693554043,0.6388325447906364,0.4036624128069011,0.1661472976197814,0.1457755840132933,0.1430184214222682,0.3229954560534457,0.284781345021628,0.1088181579336813,0.3630049536060949,0.0925126313139635,0.2270109041656187,0.1049454281859573,0.0856136865328464,0.0908392068665739,0.2313227499747187,0.0894918498023455,0.072027264275654,0.1338033481611631,0.3670235886748148,0.1461807135338959,0.4219503048878928,0.1050781689900603,0.1080382273918547,0.1129808896584801,0.1878949336575224,0.0987312667658889,0.1488109760409651,0.1438781820766961,0.1375254176316424,0.1727111557862008,0.4162583132387885,0.1042887958647007,0.1004394101091724,0.3070952138784398,0.5889165143113477,0.427658332156094,0.4080862273916979,0.382915121760415,0.3698882748566283,0.2506682618056274,0.1035952826771389,0.2129922774476818,0.3403572904187131,0.2764704793102668,3.007415492930039,2.710430343071077,3.325839819312325
W0058,4,0.3481577403651732,0.4830528148642118,0.1539081225307619,0.3103187381693751,0.2839451955459388,0.1048938346601311,0.0,0.0771998733340257,0.5564526326038103,0.1055963315080868,0.2488121637137513,0.6432841391669345,0.3086081236516718,0.0975501635149199,0.2360359935313715,0.1693150926678979,0.0639422345573515,0.2755706393576952,0.4895970079688878,0.3466350011798477,0.1451280111320045,0.1223638758177952,0.1184151245665289,0.2775817053386855,0.2034032220892854,0.0790406604579008,0.2771362109962654,0.0755208081102189,0.1529442556903293,0.0796444260095768,0.073114366230545,0.0798025691074627,0.2035949286274408,0.0545300396057101,0.0654123051969285,0.1270162587129258,0.2487631204635924,0.1101879068542469,0.4267814131805623,0.083452626286369,0.073008670978055,0.0948587702828232,0.133426469277193,0.0856462092560173,0.1009959033430385,0.0986188334608547,0.0943254161710836,0.1409153934429797,0.4387950651101032,0.0923661524568143,0.0262867229850191,0.2789344769767484,0.3868223326396412,0.3128356206947102,0.338475651498087,0.1595238564566237,0.228056817182583,0.0543285399701818,0.1287235608308703,0.0898204434292039,0.1451757550329285,0.2843762764007747,3.025940112792916,2.6812384567238987,3.6357410987772094
W0058,5,0.2961303109194534,0.4917846402879929,0.1256322123278512,0.2840024110165402,0.2346192999627408,0.0805788379164213,0.0,0.0659426645416021,0.410747456456483,0.0942364892651127,0.1873070563169902,0.5438962471506321,0.2199915426258895,0.0832100257124071,0.1878699679138783,0.1477635747037509,0.0634870327307747,0.179367699663868,0.5321893450900764,0.2790315194292477,0.10359814330335,0.0778925805633979,0.0979769876192447,0.2594576244663509,0.1880774472629587,0.0545225633778613,0.2152825555305792,0.059373221574838,0.1429908738746692,0.0588773684107708,0.0472390992717191,0.0624115440457423,0.1328356426524023,0.0488307819506045,0.0653837229545265,0.1047707581283543,0.1931016074065788,0.0858368351923533,0.3833949192523086,0.0451528348446598,0.0531623756687548,0.0670202497250283,0.1156543182621122,0.0564022325137289,0.0968853833441496,0.0963713652379696,0.0694656413643236,0.114154188083469,0.3369165425882767,0.0682264377276497,0.0946208342275506,0.2199473839741924,0.3128886283978788,0.0704584533836591,0.2444207914508455,0.1336951110688287,0.1516962076173442,0.0403113255424473,0.1301801189762235,0.0973838689657508,0.039763417435128,0.2006213669480543,3.443241509375888,2.7673550686827486,4.082932450011128
W0058,6,0.2355549913786921,0.2821790228404203,0.0843938557125204,0.2514091405812146,0.1753391665256352,0.0487221191740106,0.0,0.0386114986709187,0.3076524767470605,0.054693313844119,0.1535143393398841,0.4533997078377968,0.1347659743748891,0.0508427837229509,0.1510369803278982,0.128767419024772,0.0367841911770793,0.1663648730629904,0.5238143740004055,0.2370187633948182,0.0888881526793883,0.0605205484029117,0.0564012994587445,0.1805001291885747,0.1214806141726182,0.0391334666341837,0.1675395880475474,0.0489470922459943,0.1092351727331549,0.0291145550639758,0.0323846052643853,0.0517678554688931,0.1110888581529518,0.0335667580772678,0.043305073740531,0.055050697030099,0.1601146991690749,0.0719536629435857,0.2181933376583097,0.0474512577981663,0.0409947899074105,0.0464180916329919,0.0799232711877673,0.0441287211332649,0.0623637111268254,0.0641254456517544,0.0462239609517795,0.0820161144967197,0.2446630781849988,0.050304193964276,-0.0087724057312922,0.1326609320396035,0.1437472506462878,0.0830278565494558,0.1332360532374233,0.0926766799290937,0.0994008425417639,0.1504187188615508,0.1109528592030841,0.0993254753935893,0.204134602453205,0.0810325444562637,3.4840010210374524,2.574629942502662,3.6642040817680575
W0059,0,0.0612244897959183,0.0612244897959183,0.0612244897959183,0.0612244897959183,0.0612244897959183,0.0612244897959183,0.0612244897959183,0.0,0.0612244897959183,0.0612244897959183,0.0612244897959183,0.0612244897959183,0.0612244897959183,0.0612244897959183,0.0612244897959183,0.0612244897959183,0.0612244897959183,0.0612244897959183,0.0612244897959183,0.0612244897959183,0.0612244897959183,0.0612244897959183,0.0612244897959183,0.0612244897959183,0.0612244897959183,0.0612244897959183,0.0612244897959183,0.0612244897959183,0.0612244897959183,0.0612244897959183,0.0612244897959183,0.0612244897959183,0.0612244897959183,0.0612244897959183,0.0612244897959183,0.0612244897959183,0.0612244897959183,0.0612244897959183,0.0612244897959183,0.0612244897959183,0.0612244897959183,0.0612244897959183,0.0612244897959183,0.0612244897959183,0.0612244897959183,0.0612244897959183,0.0612244897959183,0.0612244897959183,0.0612244897959183,0.0612244897959183,35.0,0.0,0.0,0.0,0.0,0.0,0.0,0.0,0.0,0.0,0.0,0.0,0.0,0.0,0.0
W0059,1,0.3805033185647899,0.4693776304849523,0.23414495484919,0.4125223564315942,0.4494196621256781,0.1291133697488255,0.2807612997938548,0.0,1.1429683142295288,0.1784584244524743,0.420934957646933,0.8410507974466871,0.6005647256866933,0.167381303667133,0.3851285978501569,0.2211719700350739,0.1581099482842332,0.3256528299522653,0.5498145724063781,0.6786151710083345,0.2700085167086306,0.1400133667382375,0.1342248163349665,0.3372622173511023,0.2486219070078874,0.0867915164607844,0.3981127494485375,0.0948241289919337,0.2500825077908861,0.1799629832314021,0.1496795731417823,0.1287402816682565,0.2988572012822247,0.1456212157372886,0.1276965284929948,0.2205214568798109,0.3040463317369139,0.2034614604275885,0.3826780888467624,0.1550432036298399,0.1253897893271982,0.1322121311134486,0.2039831409508987,0.1335876801074316,0.2113439736046125,0.1554664340831384,0.2548412611877159,0.1562820074074176,0.382354967502544,0.133773201407922,0.2740842310505251,1.2883484815352977,1.3554906801934572,1.869843127423805,1.8808808755710449,1.519950243721838,1.4255266814283771,1.2377973270643663,0.4727582180886102,0.5724173349849196,0.4543136106896604,0.5273166446293766,2.106809566221211,2.740692238346538,2.5980171060697392
W0059,2,0.4309468437231649,0.6907234387933052,0.1758651551651437,0.3543702181252881,0.4819432159818664,0.1302365406178348,0.3153266569070829,0.0,0.6790172115258198,0.154591606854178,0.3897095524512556,0.896584834109007,0.5373070197228242,0.1779372454135827,0.3351413839292674,0.1809788332868328,0.109072662540976,0.3283578760985705,0.5815092734581438,0.4610860496712849,0.1933007548691865,0.1453034456123539,0.173876186527953,0.3545399563031842,0.3137359442574303,0.1208053450832505,0.3595949782993983,0.0905467931709736,0.2906562746058317,0.1226146258014066,0.1040399887035856,0.1244791102736603,0.2675774394605284,0.1003370533290867,0.0895906221257675,0.2127644297883995,0.2825583541704201,0.2179247348177362,0.4646920702499129,0.1259226247630181,0.1389916176457056,0.1464668900631752,0.2315166061589973,0.122469330989203,0.1881893528905837,0.1622634285330137,0.1909891929738609,0.1971762445027276,0.4982217350125323,0.0935929590063158,0.064923312766417,0.7143121208028571,0.8456554532348567,0.7514770778816378,0.965893557366028,0.6944127259749804,0.6367545360251721,0.3576728103334746,0.2727182621259251,0.2919058276327769,0.3792764273178377,0.4234182866874506,3.288487591732808,2.721826284057576,3.0603348467100573
W0059,3,0.3722661042957622,0.632954362910701,0.2126692136559167,0.462615627105635,0.3833176894364376,0.120261798271741,0.369337185019245,0.0,0.6243726875135182,0.1531412991240803,0.316333123514433,0.901093258638191,0.4052108688313251,0.108520410770015,0.2633603523449703,0.2133222795319388,0.0843242777793868,0.2863810988674162,0.6298843886173865,0.4614849585653611,0.1785838172868752,0.1466307899257238,0.1549304672454835,0.3859891172834511,0.2550025121819672,0.1173440808635542,0.2722754534663523,0.1138976641284538,0.1861834831255988,0.1032285479748334,0.0786549953653468,0.1082617528293873,0.2352710438333222,0.0813649704196751,0.0731378069964056,0.1810536515940951,0.3082829225914236,0.1634810031126265,0.4720933499858281,0.1186056688456616,0.0967794771940752,0.1136987784918953,0.1756534439768219,0.0998960542627616,0.1608205889777965,0.1551886954469878,0.1457223191047278,0.1427109176651604,0.4212988206525845,0.1071286574106001,0.0950092480760515,0.3634614556266825,0.4326201964474664,0.3363540244229601,0.5545579006537267,0.2327022517330651,0.4091915570862083,0.1931554221968125,0.1201685513835529,0.2540847024587542,0.2440673398571716,0.2994181702145292,3.4572706590234765,2.4675361014987587,3.865802592382361
W0059,4,0.3210428659778885,0.5964953957966105,0.154358892290147,0.3028293417414854,0.2544531268060211,0.089369562001782,0.3128370691651575,0.0,0.6209945864913347,0.1033246483113056,0.2383317592948282,0.5945793321369467,0.3493741621063302,0.0937680044826945,0.2260849013171548,0.1788378592665725,0.0643265921993538,0.2388356293522657,0.568314763625457,0.3926268769473394,0.1427932013909464,0.1071563969880306,0.1032275570029432,0.2826568823047388,0.2211953627112927,0.0887618675944688,0.2604910134340198,0.0943841480071402,0.1800621737106994,0.0720943286051107,0.0673369270787429,0.0820134039493872,0.1748578486196539,0.0562772440540917,0.0737491702201025,0.1325048580633647,0.2917688441608055,0.1241586629653524,0.3793250142705475,0.0921958573201642,0.0883385179064651,0.0789753017555404,0.1479760514025752,0.0898853797147938,0.106685868166151,0.1022277327038572,0.125197065827212,0.159933456595324,0.3609814440475499,0.0751137263344749,0.0254476885698391,0.1252920713997236,0.2667906704229704,0.1994750527363609,0.1901440623617235,0.1759902569855412,0.1561446390760481,0.0930941589366726,0.1793537489915411,0.1188469021383957,0.1303759966950781,0.2250546157953735,3.427101283585805,2.4479751697237857,3.998449137875935
W0059,5,0.2359913508691246,0.5240443774302381,0.1290214141915041,0.2525748248723048,0.2006020314636236,0.0799182992669294,0.2118632986957655,0.0,0.444159865091682,0.0780437941175258,0.1625198249966747,0.5533935213592128,0.2784148882768247,0.0891226178083999,0.1901202437693882,0.1422963658560024,0.0370922470890168,0.2155023495642525,0.6197238482450015,0.2845868399302828,0.1041733229580356,0.0868284392483277,0.082295741489269,0.2008667451953903,0.1738446480236426,0.0545502039263463,0.2227097395894466,0.0814262754855647,0.1239110618004903,0.0525666468609299,0.0533865565247472,0.06703250785688,0.1477314065373861,0.0457150460869715,0.0544942825052733,0.0783929982472765,0.2043269597642403,0.0920099015118735,0.2510921856853969,0.0617666475017001,0.0603109455798605,0.0581575988268775,0.112222416632585,0.0620265462578701,0.082884713000716,0.0961507266435352,0.0820919816419915,0.126563610979139,0.3420712997085954,0.0779323546931449,0.0533292924163582,0.0910129411539364,0.2669312367640467,0.099746268474308,0.0540112472633558,0.0704977938447186,0.1357167229411373,0.0413410808715478,0.0724703464834924,0.0480180435742617,0.1396988542267558,0.2906829399109655,3.618508540863629,1.8703966817998847,4.216247791468772
W0059,6,0.2103729221206558,0.3204164845474784,0.0962260053756256,0.1925908134774943,0.1569435907776925,0.0580574851211029,0.2215406125073478,0.0,0.299233740673159,0.0679356414566809,0.1474537947444684,0.3977679389687805,0.212949642017841,0.0697496604717625,0.1487567020224406,0.1218343810897936,0.0300729953852972,0.1236475502061909,0.5852623966315653,0.1887554180443784,0.0766497968224953,0.0584966081261186,0.0646172689895054,0.1557932138259531,0.1404781434117098,0.0495237202590815,0.1452647932038994,0.0389319178008505,0.0950265986048046,0.0369746612594943,0.0293931293609617,0.0407437217699867,0.1039269609542446,0.0340276252686279,0.0361499798487584,0.0609583993498677,0.1542203232185318,0.0775627273199329,0.2295753789902083,0.0396439901723553,0.0409607581104721,0.043224732837684,0.0738429022819433,0.0461360066322002,0.071491474196111,0.0617588441489592,0.0575448688731999,0.0899767442984984,0.1939631767584375,0.0471946859057145,-0.0308735142018321,0.0724903143811709,0.1399442885877841,0.0749175528369596,0.0886815062027885,0.0559124896954356,0.0238644913960195,0.0421111490672265,0.0871892175783769,0.109876825161249,0.1427800205863926,0.1244950771658022,3.1188105649966538,1.8798720000925755,3.8195879119938474
W0060,0,0.0612244897959183,0.0612244897959183,0.0612244897959183,0.0612244897959183,0.0612244897959183,0.0612244897959183,0.0612244897959183,0.0612244897959183,0.0,0.0612244897959183,0.0612244897959183,0.0612244897959183,0.0612244897959183,0.0612244897959183,0.0612244897959183,0.0612244897959183,0.0612244897959183,0.0612244897959183,0.0612244897959183,0.0612244897959183,0.0612244897959183,0.0612244897959183,0.0612244897959183,0.0612244897959183,0.0612244897959183,0.0612244897959183,0.0612244897959183,0.0612244897959183,0.0612244897959183,0.0612244897959183,0.0612244897959183,0.0612244897959183,0.0612244897959183,0.0612244897959183,0.0612244897959183,0.0612244897959183,0.0612244897959183,0.0612244897959183,0.0612244897959183,0.0612244897959183,0.0612244897959183,0.0612244897959183,0.0612244897959183,0.0612244897959183,0.0612244897959183,0.0612244897959183,0.0612244897959183,0.0612244897959183,0.0612244897959183,0.0612244897959183,35.0,0.0,0.0,0.0,0.0,0.0,0.0,0.0,0.0,0.0,0.0,0.0,0.0,0.0,0.0
W0060,1,0.4392348992997296,0.5765354971808637,0.241826186359529,0.4069222981144999,0.4605971827618532,0.1362246896338339,0.3540701109335862,0.1479321144726847,0.0,0.1791726669848585,0.4795468335822233,1.038458578021899,0.6436063554825696,0.1970399797746871,0.431405557682702,0.2770401882073001,0.1726336296436535,0.3608068135060302,0.6672249288569917,0.5781932573923089,0.194325389450332,0.1274186899146682,0.1207423949714142,0.3747622158272553,0.2732588042677455,0.1123989948620803,0.3244257966186192,0.0994978494183556,0.2415271847353162,0.13209693518299,0.1330396402254701,0.1465437801596098,0.4153766623482263,0.1320718779970356,0.1422915854590099,0.2300707651968714,0.3454094833766351,0.2350322482889401,0.3862130087268056,0.1255857426876113,0.1825281545596736,0.164567666711274,0.1577913608194949,0.1403957396898391,0.1892605644314515,0.1374477940396246,0.2416361211561513,0.1902190395410987,0.2874143119647112,0.1177120108739777,0.2671721938652893,1.3775861613427758,1.4172237629326347,1.9734095241451408,2.33015079461558,1.4312680435203855,1.5892884359432755,1.227217214032508,0.2726457015331639,0.6416008602515899,0.4947385556681453,0.4610218715984986,2.329298938088198,2.337501703958048,2.131873583354196
W0060,2,0.4402339388407826,0.6403224110980806,0.2595405999193561,0.5196620572955348,0.3911166972196482,0.1439583763780598,0.3669981149149661,0.1179343719901969,0.0,0.205897113958087,0.3306742542393036,1.206031718590701,0.5130318413624264,0.2007952696073413,0.3413179159061535,0.2585026551273462,0.0987596205691705,0.3660597143764348,0.6568615967638656,0.5769731335320667,0.2057658084080682,0.1341717861500771,0.1618649040055391,0.3779714726749642,0.3002775889109939,0.1026973892128828,0.3870985003001138,0.1258352754413584,0.2861307453222337,0.1518841260665622,0.1256511350641352,0.1078660228057347,0.3322631088493452,0.1120209418026607,0.1475899657819403,0.2319928162721443,0.2687525560598136,0.2331221167937779,0.5001386133416014,0.1399122407704204,0.1411890912798239,0.1493763082550079,0.2128846401723949,0.1217227148727155,0.1357943346793776,0.1339032205253424,0.1796658795424428,0.1752616774749833,0.439987432608354,0.1234832465298779,0.1280067369694567,0.5763014784959517,0.9222862628920648,0.7238206064210909,1.0227266722126551,0.6739184464095515,0.6489535064368053,0.4205576428373396,0.1976041498229417,0.3309843522167615,0.411383296431711,0.5121959601082523,3.2127509090500075,2.208756663110578,3.171819608504452
W0060,3,0.4149187507787379,0.6912235339642898,0.1944649577687662,0.5443460844843444,0.4981992187758729,0.1320322512033755,0.3592795442292935,0.0912128798557471,0.0,0.1308740193924562,0.3419852087692051,0.8326051560770787,0.4208858718756788,0.1659575065298462,0.2942798860633596,0.2519090025385355,0.1045289636204375,0.3870961450952215,0.7791526917152105,0.5055799660616226,0.1666804558545114,0.1173858593073174,0.1408644155841358,0.3451095765709625,0.2541909997417439,0.0911956504788117,0.3774779315888222,0.0922019885814162,0.2639181660216407,0.1081524327473163,0.0967025381293699,0.1296843815831321,0.2380739435559302,0.0818240793288215,0.1076753325723443,0.2047077807831636,0.3296114705501137,0.1831519627904817,0.4065963508555351,0.1073407420447746,0.0632140819246234,0.1118431417895657,0.1803773956896621,0.0855581063957819,0.1517332990139858,0.124439992249999,0.1742892696487221,0.1943054969106996,0.4751521508792856,0.0994882539980324,0.0568136356360407,0.3793675864078297,0.6356294311878348,0.3321190099957011,0.4866704760120474,0.318152581963488,0.3847197460987024,0.2285461590649071,0.1917027009239045,0.2377602416431812,0.2940990485252459,0.3699554953488642,3.178835628757678,2.429411443009728,3.693178500824135
W0060,4,0.3541862830183793,0.5634940986157493,0.1293502030834403,0.3628185026123159,0.3445636107229445,0.1155836960402205,0.3176875528739885,0.076668547742181,0.0,0.1149646192277293,0.2608625764279538,0.7929520127120042,0.4077701533594712,0.1332277283216391,0.2693731891698701,0.188694314101184,0.0595028043059126,0.2452351525653995,0.661396861498057,0.3734640709553142,0.1675229841863649,0.1185639259826688,0.0966736247283562,0.2642119200656302,0.1863197264369198,0.0877077053670333,0.2665016882232582,0.0786151259461287,0.1831548951746203,0.0833496697813498,0.061142690461106,0.0772733452068542,0.2246908760930469,0.0632416398619625,0.0723081928810394,0.1609524321038207,0.2844417415924603,0.1274302630128495,0.4099711819602337,0.0822961346378838,0.0689020293046013,0.0792465028357447,0.1512985018502738,0.0966580512434521,0.1183921239855213,0.1555332616893681,0.1208495864936916,0.1370374360613958,0.3614439307298618,0.076832395669846,0.0814502241826283,0.1791362132228202,0.310004299048929,0.2233702121385816,0.2548869899060207,0.1794501295171548,0.2652020374141174,0.0929675320765991,0.1570381673100939,0.1212785628677892,0.2344755712697438,0.3061571366685849,3.331809270888535,2.1025253278745,4.114068934639507
W0060,5,0.3200452540122329,0.4418987836067543,0.1185388745761997,0.3045265592181098,0.2325361068246656,0.0561879253737454,0.2425335272344776,0.0576350988710691,0.0,0.0931969605021174,0.1673697669316623,0.6109574381810485,0.2870104245156403,0.0662712220829859,0.1929963872057138,0.1592898265551074,0.0430809925659284,0.168464404751055,0.627148678954042,0.2925598405901955,0.1173220261462085,0.0827049077749576,0.0768290669713726,0.2506891246682785,0.1678982732639722,0.0727977145522008,0.2217948134779687,0.0526689428246324,0.1357821296288129,0.0603652266330934,0.04963286825763,0.0626301379255271,0.1576587248586599,0.0486389246090754,0.0629314445530289,0.0921805478139086,0.1940179087725881,0.0828739327734956,0.3315717519418252,0.0665465303631712,0.0653701477404293,0.0694963132535233,0.0948764682838086,0.0688478400092548,0.0744944656464806,0.0704365262917617,0.0642348212141155,0.119133194216271,0.2888504646234205,0.0518309185426816,0.0302523064703026,0.0965015737917266,0.1557307286778586,0.0705445827062467,0.1879305147770092,0.1265437087237158,0.1257947015126709,0.1099904823000313,0.0205961473991743,0.1402719235716868,0.1440972323427287,0.2777086003438433,3.6354754554479705,2.11990351146006,3.94533318571632
W0060,6,0.2194040053949805,0.321829405816284,0.0840714299078136,0.1874953716129463,0.1675731742518559,0.0636784252503248,0.1925021648636224,0.0372693074705743,0.0,0.0697349102872275,0.1682247764878077,0.485192977655094,0.1929776852291735,0.0594568598008072,0.1613493679667029,0.1014904372073441,0.0334831654400917,0.1537273139903552,0.6676465261584178,0.211655170395946,0.0863828773381049,0.0632099547101234,0.0781787575144658,0.1511170897517724,0.1194788785545706,0.036837579825351,0.2033081854473473,0.0529450076854267,0.0939433022033604,0.0449851568805967,0.0342780889528116,0.0477796152889257,0.131162651811918,0.0369474142673115,0.0578731883768355,0.0667014959063986,0.2105525988405943,0.073770926337465,0.2267712171912628,0.0461633212858046,0.0442472934589307,0.0527608316578342,0.0697732058378321,0.0564997819599625,0.0761103210754453,0.077438215320676,0.0438708469018205,0.0830333037012108,0.2684181758083908,0.0480032088544351,-0.0208782008089621,0.1620716264048793,0.1545750235517774,0.1358078061847768,0.1069799894264819,0.0820801540142729,0.0762712434869461,0.1008383642341774,-0.0384768800390777,0.0645710836401318,0.0677491476078162,0.2310418207024974,3.877261072301297,1.592688392849446,3.7463165540423695
W0061,0,0.0612244897959183,0.0612244897959183,0.0612244897959183,0.0612244897959183,0.0612244897959183,0.0612244897959183,0.0612244897959183,0.0612244897959183,0.0612244897959183,0.0,0.0612244897959183,0.0612244897959183,0.0612244897959183,0.0612244897959183,0.0612244897959183,0.0612244897959183,0.0612244897959183,0.0612244897959183,0.0612244897959183,0.0612244897959183,0.0612244897959183,0.0612244897959183,0.0612244897959183,0.0612244897959183,0.0612244897959183,0.0612244897959183,0.0612244897959183,0.0612244897959183,0.0612244897959183,0.0612244897959183,0.0612244897959183,0.0612244897959183,0.0612244897959183,0.0612244897959183,0.0612244897959183,0.0612244897959183,0.0612244897959183,0.0612244897959183,0.0612244897959183,0.0612244897959183,0.0612244897959183,0.0612244897959183,0.0612244897959183,0.0612244897959183,0.0612244897959183,0.0612244897959183,0.0612244897959183,0.0612244897959183,0.0612244897959183,0.0612244897959183,35.0,0.0,0.0,0.0,0.0,0.0,0.0,0.0,0.0,0.0,0.0,0.0,0.0,0.0,0.0
W0061,1,0.4984324772506513,0.4915245198136214,0.2281489297549298,0.395478478468685,0.504958872632834,0.1282176239367675,0.3534073085608477,0.1298647645090756,1.1464523591424294,0.0,0.349783796129838,1.041121050176373,0.5547637970559494,0.1969349896090684,0.3462145074241826,0.2327333029829322,0.1682373161598713,0.3397041675097566,0.5095189450395538,0.5652151200929785,0.2141777885484749,0.1228151622291378,0.1489633527030668,0.2978935718460451,0.2182732646097841,0.0991678230248261,0.3685510041409428,0.1014127768862246,0.2390171880181152,0.1869727153771551,0.1192027274192899,0.1570527077079507,0.3826891082179978,0.1371464429214143,0.1332399337380763,0.2524637783708427,0.3174038836782836,0.2847134077122025,0.4247805099100739,0.1608130777216081,0.1354275368656037,0.1444862666616935,0.1863353787678703,0.1345318578006482,0.2160481461959028,0.1451136628502912,0.2521676521880732,0.2083864326001959,0.3418096818051207,0.1078094560799417,0.2624009602361223,1.1719684305101257,1.310003241151502,1.760176381047526,1.7469668339353666,1.503707092580756,1.6794840641473925,1.2498604383873937,0.3779763557960957,0.5371056942067475,0.4133040043998111,0.5694509811254583,2.1528850411468112,2.8480656584240056,2.972412548199693
W0061,2,0.3989022279103251,0.5761858723073164,0.2439880085707262,0.4496392922919647,0.4756156128710335,0.1562434172692188,0.3468427474379936,0.1310487522287737,0.856918650269844,0.0,0.406581605623167,0.9266890212006244,0.4312900252107334,0.1725230529861174,0.3690628361231098,0.1884280708888995,0.1166187899456934,0.3219828375447088,0.4531587900364107,0.4108770301655821,0.1919504975469046,0.1566851495155136,0.1617405349400854,0.3786020952615093,0.2902695707480453,0.1156447037473255,0.4093272957256159,0.1088978608890108,0.2748015460208825,0.1520213534238483,0.1112017350185947,0.1214278026301057,0.2653921194551417,0.1096395944261753,0.1309192825606842,0.21453143373805,0.3626588464058199,0.2475706359290768,0.5252542044126453,0.1183196787341185,0.1404847171221476,0.1353253711378472,0.2198835327674241,0.1364739037150379,0.2024834860232805,0.1501051302143069,0.1842535054458296,0.1955247179859503,0.4379202133791484,0.1152103518658554,-0.0121783229692978,0.8686406680683763,0.95274531657148,0.7223149407122287,0.912721386362988,0.7964610238479447,0.6948148701320694,0.3351111878163731,0.3252050641409351,0.3728034777629723,0.2964305118015742,0.392745808171941,2.3837373656228937,3.2017445339879727,3.417546660065162
W0061,3,0.4089644728414209,0.7038368447050573,0.1701404194655968,0.4117173126818222,0.3186785990947975,0.1048796452801796,0.3231147087032189,0.103214740633734,0.6740702512854501,0.0,0.3420492741009238,0.7542779529168638,0.3350374452252809,0.1229430982519961,0.3151430515427545,0.1773981316237357,0.0867014998008367,0.3532346076470012,0.6678780879395101,0.4158863304369968,0.1810886675728672,0.0989175932487778,0.1598818174129697,0.3409959835263768,0.2506321780962704,0.1001359770815775,0.3288835214007938,0.110482096494839,0.1899145944207081,0.0854442425303097,0.088598678780921,0.0862222756734564,0.2289734422634586,0.0645866485292211,0.0714054211972324,0.2139637085092537,0.3249426210850532,0.167720429534245,0.5236061716904041,0.1192295385757337,0.1131850010689205,0.1182899969335346,0.1730333642749474,0.1211369071682044,0.1448612450006606,0.1189148948275119,0.1574747399730604,0.1439228109885115,0.3637113249956563,0.1044817146321818,0.0805232282630816,0.3822632951678097,0.5985662881373833,0.3972171596109715,0.5216622661351191,0.346082846446622,0.399566028810129,0.2000519679658962,0.1955701607084745,0.1779690213981959,0.271444787209581,0.2728663103095521,3.3380387796733006,2.6963118949916693,3.622423651094764
W0061,4,0.3477316926732404,0.4754889486444378,0.1526850871055609,0.3681874264499222,0.2705276218224778,0.1154619125410617,0.2737772466021513,0.0703448765344614,0.5870334448858848,0.0,0.2174886522300447,0.5864936653869297,0.2925968733681766,0.0946253527146637,0.2649990022449434,0.1817529533858179,0.0731112559312263,0.222671807105617,0.5537301858807695,0.3783489037970516,0.1504146034361492,0.09765269423367,0.1142732925772381,0.2678465648915291,0.2611792438945969,0.0683534026585692,0.2737935935619088,0.0732622443154935,0.1815518512297254,0.0625734233545131,0.0732386122882591,0.0803794760805951,0.1935920067659791,0.0769813977686161,0.0891792048122059,0.128050736170423,0.2722544255653257,0.105559541009485,0.3665941668519951,0.0809909916511902,0.0873390335264215,0.0807955577366143,0.1530206677871804,0.0718563623792271,0.0968145702426061,0.1165142774477904,0.0988731247079966,0.1190970534039794,0.3181024722904412,0.0991119439976725,0.0362228376693072,0.1946852057647132,0.2865658464922332,0.2735098911903491,0.3164674695822599,0.2836961473214989,0.1759077941979698,0.0239691481801897,0.2097462843160622,0.1207371575894811,0.162078895608784,0.227227735718183,3.4376945518843782,2.4579794438932425,4.044367780785385
W0061,5,0.2368539187354721,0.4856211512616156,0.1040474358229752,0.2784267775036126,0.234031559186951,0.0669046650107053,0.2684630854639536,0.0537672500749499,0.4333269656731228,0.0,0.1770356623868465,0.4587424061661256,0.2300925342369958,0.0649750309611724,0.1924332235187142,0.1470208634662632,0.0407901436595181,0.2063495232450962,0.6908707002553216,0.2904360682913195,0.1046530082498468,0.0871908923620806,0.0772431886481347,0.20795115791201,0.1631289629592379,0.0702693490648318,0.1875677628283066,0.0619095479504399,0.1410121346224127,0.0599384918341965,0.061697698528012,0.0690744389003169,0.1468703652411967,0.0421263908185768,0.0458031707487674,0.0797447804658005,0.1991803347923784,0.0836776510855142,0.3387959447428456,0.0556937684034872,0.0456074302885493,0.0653874257546749,0.1101941585204311,0.0697239994939251,0.0815101433558107,0.0810436151695672,0.0632132271222432,0.0907547451279621,0.2783716598541685,0.0658584539775239,0.0203704418370615,0.2038802803665312,0.2885677430582106,0.1265350373969361,0.1742056180529822,0.1694888637015253,0.0937108240680315,0.0156846294327028,0.0281177291869122,0.1499870435580066,0.2104128533737458,0.1977445425119196,3.9804008527519863,1.7639870457440665,3.900911564732854
W0061,6,0.1950980512071449,0.3557994371446175,0.0737754975924773,0.2054786514532011,0.1828896801768364,0.0485295588185675,0.2177140942920044,0.0552404434773288,0.2834559323561975,0.0,0.1357112878255401,0.3962927845575253,0.1615971719924682,0.0596105909644679,0.1416782907722841,0.0973377622776615,0.0280712734710659,0.1361703225501639,0.4801762924865596,0.2296463641786283,0.0852230606445084,0.0740790019295057,0.0587121190895109,0.1517862559233648,0.1156840780924109,0.0502158166840803,0.1913313688648469,0.0486405652931662,0.094390967290148,0.0381374520184494,0.0412384873490383,0.0557108204961297,0.1126379816735643,0.0236454956590022,0.0486230938510689,0.0680046501807497,0.1457954396487581,0.0547668393626594,0.2014322789705295,0.0495759330471357,0.0451909548568146,0.0529966734190513,0.0779959461415307,0.0431113634778509,0.0638805953126312,0.0777394852933708,0.0769812469986119,0.0824325627861446,0.2244753659284541,0.0455181702727256,-0.1071526522605628,0.1446941349292215,0.109302369737511,0.0644535020642285,0.045968984317484,0.1070130341185301,0.0967398784407709,0.0414133588842299,0.0721224951340616,0.1227632953711637,0.003501720626687,0.0978759298780562,3.1666971707975446,1.7873371810834684,3.561925148792122
W0062,0,0.0612244897959183,0.0612244897959183,0.0612244897959183,0.0612244897959183,0.0612244897959183,0.0612244897959183,0.0612244897959183,0.0612244897959183,0.0612244897959183,0.0612244897959183,0.0,0.0612244897959183,0.0612244897959183,0.0612244897959183,0.0612244897959183,0.0612244897959183,0.0612244897959183,0.0612244897959183,0.0612244897959183,0.0612244897959183,0.0612244897959183,0.0612244897959183,0.0612244897959183,0.0612244897959183,0.0612244897959183,0.0612244897959183,0.0612244897959183,0.0612244897959183,0.0612244897959183,0.0612244897959183,0.0612244897959183,0.0612244897959183,0.0612244897959183,0.0612244897959183,0.0612244897959183,0.0612244897959183,0.0612244897959183,0.0612244897959183,0.0612244897959183,0.0612244897959183,0.0612244897959183,0.0612244897959183,0.0612244897959183,0.0612244897959183,0.0612244897959183,0.0612244897959183,0.0612244897959183,0.0612244897959183,0.0612244897959183,0.0612244897959183,35.0,0.0,0.0,0.0,0.0,0.0,0.0,0.0,0.0,0.0,0.0,0.0,0.0,0.0,0.0
W0062,1,0.4408057738199222,0.4535184562748818,0.2446574766106712,0.4030312045056241,0.5132916032232917,0.176561637682395,0.4138033659486739,0.1372456277097212,1.1558146576246262,0.1859828865095404,0.0,1.0263584343305268,0.6196836235520153,0.2160049924172339,0.3700892379682663,0.290684542057326,0.1304198943154538,0.3225369587639558,0.4207169973083146,0.647433639880445,0.2113648038601143,0.1522548654194774,0.1376445267566106,0.3028648319892929,0.2303252678181346,0.1184394651595599,0.3091671277048772,0.0995250629385417,0.2625765450994323,0.1718963697606025,0.117586305749226,0.1257482105625939,0.3167092873327184,0.1300345739622232,0.1141352260763172,0.2706414426193159,0.4020681226442024,0.2563459766427919,0.4630655080678588,0.165550659846467,0.1585546280054308,0.1592101753663079,0.2389866641427652,0.1266714632428366,0.1615680075802065,0.135383239071177,0.2164538345326599,0.2091261907656943,0.3511523912047164,0.101578303111701,0.2593430719716796,1.3515891779607243,1.6495697329471353,1.9927717928335944,2.0487408645407386,1.9025004837077295,1.1163758735530769,1.283767462871147,0.3695287089404041,0.6150358354235789,0.4234777918420082,0.4778570304915702,1.7775065635275027,3.0415977688295,2.80175955575366
W0062,2,0.5519224451701084,0.5573002357718966,0.235405206216668,0.5160410652908508,0.4892719400757063,0.1443266874733726,0.3025708027092383,0.1190651998831754,0.9172808473497922,0.159606869970611,0.0,0.9315952283799394,0.5135449697400597,0.1664430784581388,0.3339970296877836,0.2494599502440301,0.10693094273773,0.309009706505548,0.6599645030486889,0.5465913887140771,0.2100309965145807,0.1565933930847149,0.1656567989577802,0.4372928045253001,0.236873700601264,0.1120109201111458,0.3653953908112333,0.0969099372752544,0.2320691259133371,0.1391046591682302,0.1090503193729625,0.1248571075307174,0.2769438449298822,0.0930870217479234,0.0992356553890909,0.2052410082288103,0.3128024789975701,0.2067449971827658,0.4816428496487962,0.1451250633283641,0.1123754475540866,0.1251129978736099,0.2038103670725856,0.1207907904805397,0.2059887655250381,0.1433680125133432,0.2020378850555511,0.2027734102426997,0.4587720557365918,0.1165531782882262,-0.0096599431740165,0.6755960371142345,0.907262846554616,0.703297530247382,0.813316361426926,0.7744636697242081,0.6448870718180064,0.4583792461448377,0.2831176984107009,0.427402900856175,0.4399794120403395,0.5053649595851729,2.972029451840144,2.863384663172166,3.0004975104888234
W0062,3,0.4196255683165433,0.6683732711209006,0.1931289894364713,0.4357289217671418,0.3838784683959297,0.1100884391529406,0.3649598164146727,0.1046882170334254,0.6164884367453288,0.1375696912005234,0.0,0.9434564922776852,0.3556229011210164,0.15196144704697,0.311513084982622,0.2193539805191444,0.1011575321492512,0.3292384862389133,0.6905146831448865,0.474203610810007,0.1495774519435649,0.1364596331138721,0.1427140472443088,0.3522225636871964,0.264629163818886,0.0961196748357999,0.354691673991645,0.0859616999476163,0.1981938854218549,0.1181976318770996,0.0795191806343464,0.1149666902490106,0.2573642912626324,0.0833121551984622,0.085734268987468,0.1875767350474212,0.2653305185848427,0.1653682076099009,0.3803370169057668,0.1055780473305523,0.1249809342615979,0.1103966938744161,0.1811222653411789,0.1025215632949081,0.1249710326136371,0.1431237559311832,0.1294711608319759,0.1606783406844258,0.3816078321907413,0.110196446688244,0.1093030949492892,0.382405575650785,0.4307434198013152,0.3082933956892926,0.462287214416968,0.2408336908911981,0.3392930988180831,0.2259054670999603,0.2116806597608683,0.2096101422835957,0.1615534003344695,0.3735554845387207,3.5124757672152565,2.68635902515856,3.651692802946543
W0062,4,0.4034410271072164,0.453057952115843,0.1426623912007493,0.2858290372077793,0.3152907152128087,0.0969253648581858,0.3225081119718277,0.07715256097882,0.6967019699398944,0.1342413147852878,0.0,0.745690846903271,0.3550745247832916,0.1094370626203632,0.194350908204769,0.191577352958774,0.0706404946777106,0.2620436401943309,0.5382838560900224,0.3465688567141601,0.1389359561353333,0.1300137605797482,0.0807685728430356,0.2354669367511762,0.1987146556354628,0.0737538543794311,0.2174107895345258,0.0758117924351365,0.1772713070628568,0.0841700834397907,0.0750589460442969,0.0796780752224256,0.2238478184210624,0.0539487400406366,0.0703355072477884,0.1305201223249928,0.2827489688716787,0.1053875853511661,0.4181826698270377,0.0876499286261979,0.0689597211034453,0.0990841742174104,0.1468188405520958,0.0812083148917624,0.1300318118385036,0.1338471803193377,0.0948656153452875,0.1350566345508602,0.3284753412032367,0.0952321415660969,-0.0347996226465501,0.1758262049567723,0.2697383354769527,0.2131227749070001,0.3908880664682346,0.169361728635263,0.2078515152050832,0.100111117560309,0.1280955438291079,0.1967601296402637,0.2091810726138749,0.2554683035468917,3.118669533491408,2.1654509681563656,3.8799355690896906
W0062,5,0.3068162624752273,0.4093728813721131,0.1296101824435111,0.3069914652020118,0.2246257111161551,0.0655085995710787,0.23491010776419,0.0417254697835137,0.4031178990828323,0.0891766783347954,0.0,0.6053462604056604,0.1829281804465024,0.0710983371817147,0.1804414870821374,0.1404194280901937,0.0609650741266639,0.201824733088823,0.7015894354746122,0.2786511840170685,0.1002395232311694,0.078755807813217,0.0837833854877246,0.1863081988848084,0.1901427739394402,0.0536605182705075,0.1956976615078828,0.065121965987124,0.0979342844712896,0.0551747977475813,0.0493204196419575,0.0538691631078619,0.1455502847739903,0.0480951312156322,0.0598683301761362,0.1003252912180271,0.2056916914358144,0.0978481716796266,0.2949227778397292,0.0636297283158186,0.0651710694150214,0.0832136866263577,0.1034877100848613,0.0686214199270058,0.0843476036913088,0.0897972270711799,0.0701761104517811,0.1161063043453949,0.3373993773270486,0.0757459114723514,-0.0602234458768711,0.0372105687997449,0.195540565922463,0.0961554396146216,0.2186937090276005,0.151766386329467,0.181046961327761,0.0143274965272509,0.0907241120558211,0.0654776860438783,0.0764601538067942,0.2379797214889242,3.608010356198844,2.264424118190095,3.071367312609164
W0062,6,0.2504911304295013,0.3821500776595585,0.0821376904888928,0.2270925504592045,0.1879151016452404,0.0494404206084415,0.1774978319812893,0.0534130572685296,0.3000623938359899,0.0624634049499493,0.0,0.4638765659554232,0.2102039821007909,0.0484633463506336,0.1402980711868404,0.112453451966305,0.0366520135305331,0.1515697507352996,0.4970671196936934,0.2119933693686893,0.0829733207339016,0.0552236208502505,0.0751235698008416,0.16724766128812,0.1232805586520288,0.0313563095179081,0.179460697241513,0.0366256410368313,0.1102870396704596,0.041021394829474,0.0311553238581687,0.0457480898561123,0.1194005423638787,0.0327356615405159,0.0462450075128154,0.0642109351110002,0.1810284557753299,0.0769838164360689,0.2195176170711909,0.0273912243477907,0.03227626097896,0.0470331949957988,0.0761233744088211,0.0413999997608541,0.0684805690689566,0.0807669759038938,0.056059994146388,0.0868150999434009,0.2213207467594422,0.0497126491121568,0.000120888942968,0.1568729596608106,0.159134413365302,0.0293823328277072,0.1722417367182076,0.049914933624258,0.0740870815362834,-0.0149796920679932,0.13228464998879,0.0314885080477277,0.0896366546125377,0.129925246406228,3.710144877826871,2.125913849332491,4.084476701629047
W0063,0,0.0612244897959183,0.0612244897959183,0.0612244897959183,0.0612244897959183,0.0612244897959183,0.0612244897959183,0.0612244897959183,0.0612244897959183,0.0612244897959183,0.0612244897959183,0.0612244897959183,0.0,0.0612244897959183,0.0612244897959183,0.0612244897959183,0.0612244897959183,0.0612244897959183,0.0612244897959183,0.0612244897959183,0.0612244897959183,0.0612244897959183,0.0612244897959183,0.0612244897959183,0.0612244897959183,0.0612244897959183,0.0612244897959183,0.0612244897959183,0.0612244897959183,0.0612244897959183,0.0612244897959183,0.0612244897959183,0.0612244897959183,0.0612244897959183,0.0612244897959183,0.0612244897959183,0.0612244897959183,0.0612244897959183,0.0612244897959183,0.0612244897959183,0.0612244897959183,0.0612244897959183,0.0612244897959183,0.0612244897959183,0.0612244897959183,0.0612244897959183,0.0612244897959183,0.0612244897959183,0.0612244897959183,0.0612244897959183,0.0612244897959183,35.0,0.0,0.0,0.0,0.0,0.0,0.0,0.0,0.0,0.0,0.0,0.0,0.0,0.0,0.0
W0063,1,0.4816094085143982,0.4422687361872648,0.2304132096015302,0.4218245370790807,0.4296100585217748,0.1780207498115144,0.3848890326555062,0.171810478680181,1.2049536395176663,0.1657004372160898,0.3701128281349304,0.0,0.5932220240478315,0.2150546117560832,0.3719179879950905,0.2334666862406467,0.1525454148223609,0.300314006623109,0.5050199425384265,0.6228782934354682,0.1801981031978846,0.167436442381439,0.1823695160737269,0.411748977974967,0.2331080872922318,0.0973454259342628,0.3769541202834968,0.1270326169354934,0.2466095769211109,0.1804929662851062,0.108683984186153,0.1444588893007622,0.3398333616574845,0.1253040898862249,0.1486359566292844,0.2473452801482258,0.29349957531825,0.2407471530362224,0.4163724608627234,0.1530888242421955,0.1654225356577213,0.1498245778165929,0.2091352623797271,0.1418544733743067,0.2052360390608005,0.1403746347979828,0.2239983908994219,0.1944401464617335,0.3323774243157475,0.1032801646981711,0.2681724995229747,1.3034853481284867,1.8200108017040184,2.0791690565216534,1.6062560405800352,1.753594577829004,1.6037156606059764,1.3773277183220975,0.4764308135857361,0.4465397233983121,0.4228848686994704,0.4607960545809768,2.2063512935271805,2.301622447778844,2.2992987479147224
W0063,2,0.4704538182597004,0.5803917439862847,0.2820547783926992,0.502449581045104,0.3695169305104441,0.1554621085783468,0.348637367492124,0.1140883210260996,1.0012064345092884,0.1466815150678767,0.3658962202720642,0.0,0.5445456363861655,0.1594870242386632,0.3922100840664186,0.2842077555043694,0.1173734530540399,0.2886247290074888,0.6933751431089906,0.5767864231040811,0.2215816995388915,0.1419863732549528,0.1402878901193977,0.4017434716916468,0.3361773246430293,0.1244451269424646,0.4522637904570126,0.1117942340527798,0.2768889817232813,0.1474866188366699,0.1044119412072885,0.1277960678424835,0.3205721726258284,0.0965267678694839,0.1176080651232135,0.21373921112732,0.4361102282063983,0.2261316600010059,0.52371173634788,0.1284366818967436,0.1485442581627648,0.1417531471403134,0.1883789760757435,0.1118303088908608,0.1640988534130112,0.1756141001085875,0.1922785978460816,0.1839604549537747,0.4732044870989929,0.1146999249052059,0.0809953361946222,0.623093308745535,0.7739558928186472,0.6060823865766025,1.107893206820798,0.7186051666560547,0.8590949058673204,0.3949116242554543,0.3126699081843083,0.4088205447173713,0.4260727714022864,0.3586047446463918,2.9738027778188387,3.1444503931328045,3.510167773838266
W0063,3,0.4580988021564919,0.5946738239824423,0.1777740281243213,0.4052785912035925,0.3973240267024673,0.1061570770467341,0.3525928589158543,0.1051019965859903,0.8433536989241999,0.1430077373363236,0.2208022747886432,0.0,0.4476138595142406,0.132351705033286,0.387786988128974,0.2178880218506344,0.0930680981327371,0.3514626008526884,0.6338332226823429,0.4774144902566156,0.1977478385080087,0.1520315440956898,0.1471909783870574,0.3504394527441837,0.2376718890377404,0.1060622821590078,0.3220910827989711,0.0842912416385156,0.2569110260384277,0.106546922647336,0.091017431763044,0.1120345294787026,0.2698435996204024,0.072117216459796,0.1035538994906839,0.1707819291788447,0.3976407666575268,0.1345035666296809,0.4954093812849594,0.1208458042124007,0.0820298336514571,0.1234716866735629,0.1553202273275917,0.1246583802891581,0.1447622258018535,0.1358050347973818,0.1605693888521617,0.1956731845293618,0.361270806128811,0.1125864376948676,-0.0147443830715793,0.3325128330036144,0.5502869045857516,0.3440104484953509,0.3953393615331256,0.277777522711942,0.5030507971321637,0.1852522248488349,0.2146777258103457,0.1962448257790322,0.2061341053108061,0.3053695220901104,3.6480158346802174,2.681424427141533,4.23270154294382
W0063,4,0.362698588725095,0.6729759325096414,0.1628462628601888,0.3694953958015324,0.2996092652902042,0.101940454081405,0.2907924144558492,0.0694140714965715,0.6125007036866515,0.0948230008521053,0.2379075590649312,0.0,0.3131805392782022,0.0979244167061718,0.256310795783078,0.1660051241214954,0.0699763479647151,0.2628561101207738,0.6833199319276707,0.3474682831916292,0.1801446627562933,0.1223605390368525,0.1093736889899416,0.2525833857560041,0.1975456622095134,0.0775464051509722,0.2762199732876985,0.0800704908452891,0.15722762116642,0.0717488534609879,0.0610331195376138,0.0791517756743502,0.2115759407628367,0.0638364311472682,0.0786925754604888,0.1306651836941001,0.2804373992723494,0.1372928640786159,0.4699595895959675,0.0959385276154305,0.0836727937616657,0.0925482932032588,0.1268347003071158,0.089794669211153,0.1112319901691472,0.1160388176178725,0.1018777888787767,0.120129462790811,0.3057955437079119,0.0865703596192255,0.1196279457439576,0.1012451186393263,0.3020754279226549,0.1643094430152324,0.2596503320524841,0.1745711490552488,0.1500915882842431,0.1045252161465962,0.21957459807306,0.0925020220724298,0.2107179358095347,0.1768451535627265,4.338248870080864,2.455848958679267,4.456446450311206
W0063,5,0.2938987032574491,0.426639380236507,0.103788325164653,0.3118418849277985,0.242070477953863,0.0794492387809311,0.2097054664467434,0.0635771382219982,0.4517027924769696,0.0883925031354507,0.177053778584578,0.0,0.2124138616528003,0.0836369196184438,0.1946009985194603,0.1323011324213739,0.0492410967529579,0.1965900815631684,0.7450966390388091,0.2834200644214855,0.1016118756064516,0.1105107209763677,0.0846377232563189,0.1735078342618364,0.1575230992089908,0.0676198190388096,0.2257319840210487,0.06045652109356,0.1124238424362136,0.0588046921705501,0.0507316100252191,0.0699462801841829,0.150131705053452,0.0370646812134693,0.0594644200694178,0.114565617164988,0.2001408606890373,0.10207859552837,0.3584909445941901,0.0675537398624467,0.069653442711394,0.0653859733433994,0.1062167441945688,0.06887116014951,0.0793588616525246,0.0825842793781948,0.0863158835577595,0.1022885302177801,0.3211604566629169,0.0629470719574888,0.0401046920124218,0.0302821136954147,0.1630008127734241,0.0860999221102908,0.2018097305051655,0.1449715969941766,0.0770637557741396,0.0632449475285919,0.058698701644386,0.0888860465880137,0.1079412539326561,0.1477278839297994,3.614983391040366,2.1171728250332182,4.18596817774496
W0063,6,0.2193171954689096,0.3949265489293064,0.0825479256617224,0.2162691171807098,0.1621382986261254,0.0536549348235328,0.2206599052535612,0.0344029159743587,0.3894000176438476,0.0583310549686818,0.1278802582601434,0.0,0.1869982506098295,0.0626214525312716,0.1503253713279015,0.095592892520825,0.0441349045931793,0.1323737269686552,0.6012360506815418,0.2715272911587268,0.0906053317298896,0.0635039033989973,0.0680369126745896,0.156812841200057,0.1328783749352805,0.0341666162859699,0.1349882564867297,0.0544078809910642,0.1031655974910996,0.0354966304396443,0.0344543771763722,0.0616616826480651,0.1072557509689025,0.0357334006064525,0.0514696661365995,0.0775664426868226,0.1919968202093112,0.0761233483939538,0.3130765208709321,0.0391752347966816,0.0536117711446179,0.0671367202058517,0.0773091318595607,0.0458013236466251,0.0375276411843403,0.0725926945916278,0.0645074905233708,0.0764937007027833,0.2550273164973657,0.0486850088239843,-0.0090695375100578,0.1076094615397478,0.1993109806778745,0.1342114628950745,0.0199700398964111,0.0433391613946066,0.1545311759591499,0.0447598113035558,0.0428424818200887,0.1679931764774964,0.1746414974372209,0.109585593511069,3.7577974860628096,1.831822655622512,4.377472271888296
W0064,0,0.0612244897959183,0.0612244897959183,0.0612244897959183,0.0612244897959183,0.0612244897959183,0.0612244897959183,0.0612244897959183,0.0612244897959183,0.0612244897959183,0.0612244897959183,0.0612244897959183,0.0612244897959183,0.0,0.0612244897959183,0.0612244897959183,0.0612244897959183,0.0612244897959183,0.0612244897959183,0.0612244897959183,0.0612244897959183,0.0612244897959183,0.0612244897959183,0.0612244897959183,0.0612244897959183,0.0612244897959183,0.0612244897959183,0.0612244897959183,0.0612244897959183,0.0612244897959183,0.0612244897959183,0.0612244897959183,0.0612244897959183,0.0612244897959183,0.0612244897959183,0.0612244897959183,0.0612244897959183,0.0612244897959183,0.0612244897959183,0.0612244897959183,0.0612244897959183,0.0612244897959183,0.0612244897959183,0.0612244897959183,0.0612244897959183,0.0612244897959183,0.0612244897959183,0.0612244897959183,0.0612244897959183,0.0612244897959183,0.0612244897959183,35.0,0.0,0.0,0.0,0.0,0.0,0.0,0.0,0.0,0.0,0.0,0.0,0.0,0.0,0.0
W0064,1,0.4354258529472665,0.4042748519572896,0.2369372580689078,0.3246075598958708,0.4224724851014649,0.1663641867629989,0.4006606576149272,0.1839039283224412,1.151024562888864,0.1582294375163765,0.4323151039740046,1.0257505543938603,0.0,0.1714316418413004,0.3787342080692347,0.2344271460265669,0.1337265306332323,0.3021351091315892,0.5168224258635102,0.6314367506467842,0.2084854651699279,0.1394961856625891,0.1786260323238176,0.3555108393073144,0.2405730216754833,0.0984801250422833,0.3354483178349071,0.097611534297223,0.2562569862399016,0.1779893275833546,0.1376898431349561,0.1403764370812108,0.3442758785870668,0.1253098375371634,0.1197853216815404,0.2432935984340476,0.3347849223204165,0.2687511943405919,0.3983128755860088,0.1622323693654085,0.1702590530179252,0.1635279747280625,0.1646469059213587,0.1428224883204549,0.216703912029475,0.1631808581503349,0.2062073888072159,0.2009257093922118,0.4252399547185918,0.0979723305632094,0.3149036592069265,1.3819918836066054,1.379737865789059,1.5325338800092874,2.0137123933472107,1.7369082732894814,1.3986470852461903,1.115705762839461,0.2928734804056947,0.4747250670817437,0.3991717682818704,0.536411458968512,2.7796874547158934,3.1914090472538192,2.324488429989071
W0064,2,0.550561076443072,0.7055827927653,0.2288228753725029,0.462035301295302,0.5698522508913958,0.1389523129539563,0.4221001917558575,0.1323864936976229,0.8693041057409225,0.1850165780197797,0.3909512898342666,0.9059156718413756,0.0,0.1705351069257926,0.3605508663830153,0.2566437147180945,0.131392538795423,0.4172173505233364,0.5944291184076984,0.5148217998246514,0.2237161569532007,0.1685116435308286,0.1747514202006551,0.4168176692586296,0.2629462787037628,0.1291948805812582,0.4036806192581772,0.1160359122641203,0.2716624478354593,0.1516305477884897,0.1355324419165003,0.1124149256619436,0.3158451141928752,0.1033583742548278,0.1011970337512497,0.2077766185698091,0.3210441648742407,0.2109839355930112,0.5734995059347626,0.1238370370364743,0.1246833957389027,0.1707311570871764,0.1847879122547784,0.1419573273579848,0.1643671629752516,0.1407397091375919,0.1789091750045379,0.2101546678605224,0.481884508106136,0.1054029310332573,0.1515547309726778,0.6714749442170688,0.9329441124258532,0.7885833353075311,0.8946812443510495,0.779819395379116,0.717742293590508,0.4052377017400848,0.3042356048178312,0.3886060661840064,0.3821589898185278,0.4485631036443676,2.846565536215786,2.57266534425399,2.729671857349031
W0064,3,0.4343406080842856,0.720868248241058,0.2241916933796912,0.4439846367291279,0.4258819309823197,0.1431081656841905,0.439149080195072,0.0982941705001199,0.8248375633853062,0.1522969681760198,0.2825085975104223,0.7969095543182309,0.0,0.1375272538691259,0.3429258866898473,0.2266385417041237,0.087714884768091,0.3342010615903585,0.6214504038591108,0.4910737539144522,0.2050074963861465,0.160690952707382,0.1301133215534944,0.372625073730549,0.2731921785723129,0.0910426583914508,0.3479527452224689,0.0945163641487001,0.1790976311994842,0.0943992831913582,0.0863784108990829,0.1053930780625188,0.2190365563784669,0.0680944011664256,0.0980526066506514,0.1757231156936459,0.3405669561165212,0.1650588890773464,0.4519058981095691,0.1186892388353362,0.1123825668347068,0.1286608510138261,0.1705744489726613,0.1312811849265456,0.1404640183189138,0.1183258362596888,0.1433377763027218,0.1476582048127012,0.4219477528255494,0.0866101817426531,0.0256494482496944,0.4830060357781418,0.5762136709489587,0.3575981023734154,0.3997406780979204,0.3675895365065141,0.4213415932104525,0.1543614217016309,0.1463025035017145,0.2484007111045879,0.1925138918796867,0.3671481425131092,3.640589468048799,3.315926962425122,3.758559008864752
W0064,4,0.3824674355038144,0.5779970706322145,0.1643788402545074,0.3683992665079938,0.2837893791028744,0.1029710681688418,0.3289453674430936,0.0731694911260294,0.6203224636469326,0.1039474703340305,0.2232684349698026,0.7588332427257796,0.0,0.1161835769706554,0.2518796752102237,0.2112930751342953,0.0655517893555705,0.267371217920986,0.6004374586087423,0.2831613110400017,0.1499268023949151,0.1103584955759556,0.0880904243668778,0.3096285529312261,0.1781220632544322,0.0839675456416196,0.2914412102285702,0.08536377205826,0.1543065011162268,0.0856464533054437,0.0928063731061434,0.083716964247781,0.2087118721647443,0.061845358329654,0.07967149229217,0.1102640338919183,0.2448910116238717,0.1443784779614197,0.3289957779359964,0.0924631772030045,0.0663792334323458,0.0845545709742204,0.1275020833788666,0.0851485428978757,0.1089146464285882,0.1188748128005912,0.1124931879363579,0.1753356047917049,0.3980446494963121,0.0789465243506927,-0.0184191140661964,0.1802255112480584,0.3885229216981213,0.1736997367091973,0.1715746576870837,0.1874111225393006,0.1449571116067025,0.0922581921429501,0.0312672288564446,0.0992379724043021,0.2351594184037128,0.1922343856882008,3.154300416338597,2.0350505684964797,3.355725449086581
W0064,5,0.3588911470102072,0.3943014309279823,0.1296064752349777,0.2187881049490941,0.2326820927236146,0.0736914021065087,0.2950340903043993,0.0580680307677572,0.5101766916626643,0.0839363604200339,0.1614815004362576,0.5932266272546205,0.0,0.0781258899306634,0.2106238578426286,0.1421494884856965,0.0479389760881492,0.2060969792550368,0.4776019112744638,0.3115333481855067,0.1241019787330038,0.069292068642065,0.0917863661664678,0.2120577962400326,0.1762691067913394,0.0651305724446017,0.1786728270409642,0.0492059371568674,0.1319504063471718,0.0582887358782592,0.0480195278096698,0.067802321352488,0.1434781314822726,0.0476916957007032,0.0458526013582289,0.086506721184126,0.2033212815881107,0.087249590777561,0.323486235194982,0.0628842278069009,0.0546964428972656,0.0736278702868889,0.1116319451634784,0.0692335355418397,0.0989109102474367,0.1066187655013257,0.0801662349739784,0.103434366894548,0.3162807339671973,0.0641375616536231,-0.0226376764609353,0.230334282792665,0.1195986564327853,0.1035122022757585,0.1159755065916186,0.0536084113668142,0.1222993499034543,0.0862509361266143,-0.0248255012219688,0.1157633753060438,0.103024438238629,0.1888181888816924,3.502092842763743,2.2516182914576137,3.967438336673608
W0064,6,0.2670593241141721,0.3883030833171134,0.0959696542603043,0.1718655864225807,0.1814629049072376,0.0590262851770049,0.2095616873312553,0.039277601281213,0.3111348231842837,0.0772732405496579,0.1595061359880702,0.4095472117364889,0.0,0.0542562862818828,0.1641513620072404,0.1117225005737615,0.0335548070545106,0.1363514674454581,0.5252194092235283,0.2475096476048496,0.1049745055658353,0.0720031389087813,0.0715103776854078,0.1449091020977549,0.106230684307813,0.04031669438711,0.1628367034580018,0.0428669078298862,0.06488453409037,0.0298515752384066,0.0370582280254824,0.0499264802335072,0.1331013190786462,0.0261803383349611,0.0480967605350264,0.0594989187968861,0.1566954787092893,0.0787179995479349,0.2544636441327741,0.0363147976689264,0.0459169606002321,0.0576722372557728,0.0895696913648231,0.0389510858057736,0.0634680485880018,0.0664163561910847,0.0537498899976846,0.077206550719559,0.2425433074674485,0.0553638861830561,0.0619630536951227,0.1167567831785087,0.1154916512425595,0.031355983239586,0.1435632751391775,0.0694616813783488,0.058731179039918,0.0673490532664474,0.0384337412416289,0.143099644743212,0.096964562791996,0.0807326204520117,3.488935616101163,1.891362773377053,3.1496698558369847
W0065,0,0.0612244897959183,0.0612244897959183,0.0612244897959183,0.0612244897959183,0.0612244897959183,0.0612244897959183,0.0612244897959183,0.0612244897959183,0.0612244897959183,0.0612244897959183,0.0612244897959183,0.0612244897959183,0.0612244897959183,0.0,0.0612244897959183,0.0612244897959183,0.0612244897959183,0.0612244897959183,0.0612244897959183,0.0612244897959183,0.0612244897959183,0.0612244897959183,0.0612244897959183,0.0612244897959183,0.0612244897959183,0.0612244897959183,0.0612244897959183,0.0612244897959183,0.0612244897959183,0.0612244897959183,0.0612244897959183,0.0612244897959183,0.0612244897959183,0.0612244897959183,0.0612244897959183,0.0612244897959183,0.0612244897959183,0.0612244897959183,0.0612244897959183,0.0612244897959183,0.0612244897959183,0.0612244897959183,0.0612244897959183,0.0612244897959183,0.0612244897959183,0.0612244897959183,0.0612244897959183,0.0612244897959183,0.0612244897959183,0.0612244897959183,35.0,0.0,0.0,0.0,0.0,0.0,0.0,0.0,0.0,0.0,0.0,0.0,0.0,0.0,0.0
W0065,1,0.3248788604739998,0.4618822863080151,0.2187149864637136,0.367974317924344,0.394670993213089,0.1700285952270699,0.3585350861599214,0.1716557159663889,1.0798465368315109,0.1943277888450301,0.4015679118251252,0.8565870574887819,0.6422738533336614,0.0,0.4089520211039223,0.2518968033898375,0.1446598512968286,0.2882496929982137,0.4978523853138487,0.5187679489188689,0.2285504011610414,0.142223805967605,0.1776974100847674,0.3520373456606899,0.2441205738353778,0.1132231850090938,0.3434667830971882,0.0994321938738314,0.2468402268111014,0.1482229280556375,0.1424646314900361,0.106056734036694,0.3455044164285867,0.1156337596568873,0.1084859798382799,0.2774807391603632,0.3415617414806752,0.2703985452970566,0.3174748454058929,0.1239946920623659,0.1783347828600527,0.1631128268201118,0.2153636287771297,0.1357390857103438,0.1689077323179776,0.1492747627289802,0.2398986003464771,0.1970952032957456,0.3655130797494596,0.0918669738073263,0.3404277431369562,1.195404961126665,1.4180378566080056,2.13798475823754,1.8372398423485223,2.057037622460169,1.336974789649958,1.4537327002993632,0.3263467660419666,0.5233847005054932,0.3919497528578064,0.4823226011662258,2.200638358282005,3.045868869968732,2.782827445960554
W0065,2,0.4798172904342446,0.6752131423643312,0.2380065849278923,0.5223522087029892,0.5215046190225661,0.1376932142385027,0.3657737110764261,0.1324692592554587,1.0161042921541004,0.1602884494517784,0.3670175149604219,0.9991085262061776,0.4600141311795198,0.0,0.2751803052906583,0.2756623511464314,0.1328348732625545,0.3822018039363641,0.5459735019155749,0.5364532202270491,0.2476606344256718,0.1325227942614796,0.1676456448012441,0.3920029927300574,0.3053004355595092,0.1115303750640731,0.400602767911317,0.0936640263195792,0.2414288763125339,0.1302588776878112,0.1088113706099608,0.1431120320930914,0.3025076261492036,0.1025654928202508,0.1160885213309156,0.2160515340584072,0.354138862894065,0.1989458079907322,0.53281518079515,0.130904024704119,0.1334510359081238,0.1615310656281698,0.2114515622435497,0.1248554817458971,0.1553174750437661,0.1248794227043424,0.1754734286212121,0.2060817545859877,0.412814973517301,0.1009245557930888,0.0954894230727052,0.7918936175658184,0.8111312107952897,0.8229630973086972,1.069290125616507,0.7680600539595469,0.6658080381356862,0.4800291269682815,0.2522336620418818,0.260726446347399,0.3651729595366136,0.4419970744018585,3.508310560850368,2.241783361074664,3.0734009592180875
W0065,3,0.4146392895171679,0.7168058185040135,0.1736595741048724,0.4776124190483444,0.3100229917076119,0.1294033656522029,0.3049525598430427,0.0912100026814429,0.7058486805980657,0.1386487767723529,0.2481511270160688,0.7891337301463547,0.3575898445348105,0.0,0.2815592622441364,0.196302562606299,0.0675312006560632,0.2844480818751075,0.5829279244590961,0.4301151338126228,0.1866639615493018,0.114514472154985,0.158778118400579,0.3197213560724201,0.2656366844272071,0.103496419702696,0.3105394948971393,0.0936978433569677,0.2330303070496241,0.1126809602505814,0.0957988805705931,0.0906693614226741,0.2527791615570192,0.0826558504834955,0.0944477344646843,0.1391619219321555,0.3122951995816755,0.1666041999705526,0.4323289610858312,0.1078983777410264,0.0842841216409452,0.1334365990692877,0.1360183465678368,0.1009696912026107,0.1322144556618299,0.1337848541107952,0.1559580561169868,0.1890757374654096,0.4583261312354947,0.1095401610390184,-0.0172845591316781,0.3663519703089997,0.4638205966263007,0.4660829745571962,0.5354599539322862,0.4304650580581575,0.3336064692769763,0.2385913648061978,0.1194812587538405,0.2385383530717827,0.2874177020456184,0.2344699836346823,2.585072079780864,2.5406367110916177,3.665021225156477
W0065,4,0.3669013408293601,0.5891533637677263,0.1296921079466345,0.3566726037384281,0.304656018318728,0.0955362551815791,0.2541562564624376,0.0894210166815164,0.5683373897844934,0.1288291933757562,0.2341948227649642,0.5090273486766201,0.2671189606629109,0.0,0.2584188056990503,0.1908582633897982,0.0640519207553127,0.2880180319600793,0.5890146074255399,0.3981182892218579,0.1358427332983513,0.124615429139841,0.1142183801672118,0.2614593441166565,0.2299195412884477,0.0718210224944617,0.2608965184076428,0.0747035704901205,0.1630250257317872,0.0711910012147082,0.0545466214607324,0.0851128157552363,0.1770842452017755,0.0536270166161506,0.0675477895523069,0.1270829327328219,0.3014866096189725,0.1352675349190443,0.3977699726888624,0.0869379496027013,0.0806457779123292,0.0949872949001558,0.1433527367155904,0.087091823738482,0.1091170055721363,0.1259287385800372,0.0729449616762203,0.1436272957849982,0.3810193358692288,0.0857737865386013,-0.0310216737597939,0.1547367232278428,0.3266664532217083,0.2565521931536056,0.3429998579079701,0.1844832093473222,0.2278793934818101,0.1056411197124662,0.1419383372763014,0.1345673841040736,0.2312481853318156,0.2615509771142384,3.177770068127859,2.181828615539062,3.589097949116657
W0065,5,0.2907835453547018,0.3818814344214988,0.1141482789784048,0.241691453755646,0.2497105303622191,0.064689963646528,0.2781814624771467,0.0604545094697139,0.4101864467287744,0.0842659135839802,0.1729736406109685,0.6311834325217418,0.252086644948626,0.0,0.1689825885939022,0.1454281979261039,0.0594794390061868,0.1770253789056051,0.6741268737371742,0.252023783837947,0.11794825360446,0.0889347379428037,0.0718148560757546,0.2009133940794585,0.1481943567071568,0.0545456098798943,0.2060691014329445,0.0518499962326049,0.1274146734493509,0.0425607679162805,0.0454659798752992,0.0596052820171709,0.154075013255048,0.0522772842220374,0.0726225208889416,0.0890203986086663,0.2282552384109379,0.1009802157007546,0.3059949972930644,0.0558136931959937,0.0624292865724614,0.0609006334826678,0.1127659976872376,0.0564929959355382,0.0685970554159152,0.1083579577675819,0.0759774129114446,0.1130066321894527,0.2850812655471912,0.0660330529667747,-0.0130341393800111,0.1558802055159974,0.1936333601166187,0.1271015857262397,0.140987222122022,0.1679088488526189,0.1896810734191639,0.0842446585424649,-0.0306603926489036,0.1441451897493335,0.0820243603856898,0.1666054829002854,3.466820491424749,1.9333056558235704,3.866541916901109
W0065,6,0.2304619172138461,0.3645935492318758,0.0695806537946462,0.1825237151329565,0.1733279937820618,0.0482476943299733,0.2076455162001182,0.048613904305669,0.3320681244302834,0.0591189777907185,0.141672524149043,0.3992057328103299,0.1468954715916757,0.0,0.1295674639699402,0.1074449750971197,0.0369093622473198,0.1646792880488452,0.5757674277203159,0.2596400698081914,0.0996202946797239,0.0622004225891211,0.0649445772864992,0.1534087174835638,0.1001282043683711,0.0387172399113477,0.1641850525554473,0.0290601528414302,0.0919639128438783,0.0460285125987082,0.0317176298909699,0.04787726942641,0.118431842730348,0.0331108826466579,0.0431953268206456,0.0623240463004805,0.1647341762542794,0.0707912764692378,0.1848043830801451,0.0456970514135936,0.0410030655529671,0.0467652852896631,0.0918482301674888,0.035842434698292,0.0608614124329029,0.0703233777971782,0.0600288477866696,0.0756334923521714,0.2540900704910257,0.036124401929988,0.0627478524458345,0.1066838300242543,0.1660053747473208,0.1375830657980677,0.1736429520085172,0.1776027046847088,0.1171028778485172,-0.0055367974210537,-0.0446231086522906,0.063870581570811,0.0960236205407927,0.1058957528413752,3.130263395123208,1.9076672247311748,3.7498494783605567
W0066,0,0.0612244897959183,0.0612244897959183,0.0612244897959183,0.0612244897959183,0.0612244897959183,0.0612244897959183,0.0612244897959183,0.0612244897959183,0.0612244897959183,0.0612244897959183,0.0612244897959183,0.0612244897959183,0.0612244897959183,0.0612244897959183,0.0,0.0612244897959183,0.0612244897959183,0.0612244897959183,0.0612244897959183,0.0612244897959183,0.0612244897959183,0.0612244897959183,0.0612244897959183,0.0612244897959183,0.0612244897959183,0.0612244897959183,0.0612244897959183,0.0612244897959183,0.0612244897959183,0.0612244897959183,0.0612244897959183,0.0612244897959183,0.0612244897959183,0.0612244897959183,0.0612244897959183,0.0612244897959183,0.0612244897959183,0.0612244897959183,0.0612244897959183,0.0612244897959183,0.0612244897959183,0.0612244897959183,0.0612244897959183,0.0612244897959183,0.0612244897959183,0.0612244897959183,0.0612244897959183,0.0612244897959183,0.0612244897959183,0.0612244897959183,35.0,0.0,0.0,0.0,0.0,0.0,0.0,0.0,0.0,0.0,0.0,0.0,0.0,0.0,0.0
W0066,1,0.4775679502066333,0.5267914639232518,0.2046740539948726,0.3121203334702498,0.4245938425769278,0.1387671878132238,0.366294041144678,0.1333752466337586,0.9728298792101856,0.1668399334964754,0.4317940079493136,0.984583501939365,0.7341304046397528,0.1486651251017726,0.0,0.2633976609365431,0.1685057662770082,0.3766306713529238,0.4991975056796861,0.5830023217274506,0.1890570534280549,0.1506753189913404,0.1305388316389891,0.351751747539879,0.2528523891905668,0.0975155131043734,0.3368362322640363,0.1115359389962702,0.2516045550584864,0.1665016553098084,0.1197557200008795,0.1243307466550691,0.3037969096689781,0.103868429747529,0.1383700030897958,0.2662894651693937,0.2937573452689472,0.2604868663057642,0.3750905954655968,0.1205551763095283,0.154125254436595,0.1576055742712637,0.2236808080237772,0.1196107843071039,0.1774508849204971,0.1453467010297078,0.2054071668615189,0.2144273371922898,0.3304641435356437,0.1097988242264321,0.2478563813733036,1.2795762899325596,1.2230830694433343,1.8433697851360384,2.2311913998966384,1.72549987629741,1.325971229738541,1.430695467822926,0.4502387272280421,0.5449517909051677,0.3658884392777701,0.5414960576206042,2.4207236685489897,3.137321223196128,2.345430226667728
W0066,2,0.3896113658254935,0.6534415311097967,0.2071933463576188,0.4244465798148867,0.4650567855843139,0.1656264737436628,0.3624816518656902,0.125026517049339,0.7355641068558427,0.1799906872476255,0.4034150360344898,1.0101659135050802,0.4718516339099293,0.1481928266184871,0.0,0.2611007602756766,0.1187392828047061,0.3218221546913519,0.7331457957565752,0.615763163688374,0.1739754475303743,0.17747649041155,0.1452733942633425,0.3953319185825207,0.3363718805360309,0.1218383974133103,0.4303285358612256,0.1191763004553602,0.2764099304877942,0.163458422912569,0.1115535002919559,0.1089482976429091,0.3459716006258517,0.1177597114862388,0.1074884281849873,0.2311523446061238,0.3437160733022752,0.2108732698921329,0.4089715881712217,0.1451538096080927,0.1385688104873665,0.1370427300083411,0.2144837860745654,0.1208905953066497,0.1688661348531862,0.1300944603920224,0.2133960529613889,0.2037943970391694,0.3588933351353066,0.1052082054262804,0.0282959872745692,0.8457951865362343,0.7611245475049254,0.9455471748566956,0.9682854397295646,0.8022707595342644,0.8020077954810764,0.4407504619828009,0.3193429615227822,0.3665565112377419,0.4633917810779587,0.4194404694865705,3.135597094938588,3.023532589130724,3.333326037236997
W0066,3,0.354843637816511,0.5280623932179042,0.1932588908260342,0.4037728017606292,0.460607162164944,0.1282938441358029,0.3275437459199456,0.097738309635242,0.8129052834125232,0.1404162028641644,0.2928546694471358,0.8843221844243794,0.4043541202062286,0.1513742777702675,0.0,0.1918467154502987,0.0994652862852915,0.3012956515774681,0.6636965487655295,0.5056294020348866,0.1863481844607754,0.1301117752671699,0.1352790654136615,0.3346663789368964,0.2818446057448574,0.0952297017024964,0.3566727752690958,0.0975986937810863,0.2383778443586498,0.134597586284397,0.0826775867412474,0.1138600760501419,0.2062840287794877,0.0827754570883979,0.0914259236810626,0.1491176345683034,0.302947756710931,0.1422619910665395,0.5034856845889422,0.1042762844065287,0.0939909199773738,0.1130568578354538,0.1875751966683877,0.0938744570627943,0.1192629856029784,0.1234275929989476,0.1507587035531313,0.182902039485818,0.4225304110883999,0.0991755690174217,0.0464320200358624,0.213641751049222,0.5535950028633738,0.3135941109163721,0.4186464475859729,0.3206097355506003,0.4680328678052907,0.2449270392475303,0.1980925039958526,0.1989445704998489,0.3329439924762188,0.3412656827248188,3.180342840959755,2.241974736682782,2.959040315731218
W0066,4,0.3535965953557425,0.5915100820036016,0.1607657422853929,0.3796275004194214,0.309086394022699,0.0805839412180337,0.3366905727782643,0.0920086981606243,0.5032091780972842,0.1123766403519522,0.2363968921953934,0.6920459295130613,0.3440435546063973,0.1021797044267105,0.0,0.1791119057374141,0.0772033498783063,0.2554240069857889,0.631687454039863,0.3878550314121707,0.170005161359817,0.1244662623073312,0.0878371246693202,0.2966899131040113,0.2380441340034921,0.081506377007957,0.2602679353443314,0.0799991076335454,0.1916421879604299,0.087282768863756,0.0763888521875671,0.0862137249767022,0.1936146050797988,0.065487156720892,0.061747628299215,0.1317973127187256,0.2565735966981572,0.1276374849017081,0.3982525731579509,0.0743596128586159,0.0723809509330055,0.0658136347215899,0.1431170338814168,0.0858135384776886,0.1161985000578581,0.116335387456479,0.1109495878618498,0.1448073169786735,0.4046697844757412,0.0658696295452029,0.0464790361502864,0.2767121852268723,0.2959132047251195,0.2348485630059773,0.274589722175198,0.1694240378822179,0.2400045467378352,0.1107037995420693,0.1034636556862027,0.1689654638845728,0.2447684417627945,0.2406133907049129,3.910128628275857,2.421578990778189,3.616406678058384
W0066,5,0.2619141026222839,0.4770747010547618,0.1297113752740072,0.2776605734968683,0.2116321077917831,0.0790545529700453,0.2830506689793568,0.0563740319996451,0.3920180153389018,0.1012249131481752,0.1606014684879375,0.5353226843131218,0.2667353158751998,0.077670341400902,0.0,0.1277909430496462,0.0333356521011961,0.1833534194541056,0.6422131848834927,0.2802292264844268,0.1150798905830068,0.0908483175230807,0.0981167218091287,0.1791813480730294,0.1688898409509529,0.0516903361739535,0.2011873347070454,0.0481559216231997,0.1469668355991718,0.0493099829016182,0.0503976987528903,0.0605442496268939,0.1330023220737007,0.0451447770329447,0.0537292517932777,0.0847181571669675,0.1661714311917675,0.0898013188428773,0.3045615851770654,0.0638619700500329,0.0610238898440714,0.0732327868516419,0.1131535240190465,0.057036079181541,0.0829330239832078,0.0758689896643929,0.0674619972908205,0.0948374304260035,0.284056849378905,0.0680653112560779,-0.045459689761712,0.1545640919966056,0.1548164009976282,0.0553300354509265,0.2081041663443465,0.1792606725845333,0.1496669761354218,0.0064320655546596,0.1112880222362942,0.0722544733694096,0.1839469378479988,0.135843125974728,3.6663187834479993,2.084133340729521,3.5355090814898538
W0066,6,0.2013661528676894,0.3855217163032844,0.0903870687025627,0.2254150852408785,0.1455151548812902,0.0514146273844396,0.1844937696989684,0.0415143754167471,0.311971862891301,0.0514367122154964,0.1602057442640175,0.4820683747824623,0.1851227405064325,0.0519645245159831,0.0,0.1037802378557296,0.0375411977778757,0.1505488137485465,0.5480200305740777,0.213417824911266,0.0835277372168064,0.0673883923266046,0.0726852767604924,0.1836660646615311,0.1048436440688237,0.0445033260561941,0.1479941869659047,0.0400958703613099,0.0983968678403661,0.0449465754079995,0.0394182831240258,0.0536674897382481,0.1046136911521651,0.0325666767961702,0.0467020649823358,0.0614314383239554,0.1892146699497846,0.0599999885554359,0.2188162568697119,0.0491349119309133,0.0550038782759433,0.0490740197991947,0.0630614392286336,0.0573818287740854,0.0726319800714758,0.0780158446663492,0.0572600581164665,0.076884837723274,0.2452164186490657,0.0307092342582265,0.1116100864354689,0.1204224318231871,0.1569122781499476,0.1273796937659578,0.1635428150416909,0.2040373395039391,0.1406154263610533,0.008363459345884,0.1008464194078664,0.0352224197767228,0.1336513309788203,0.1655095215835347,3.060941566614478,2.264184062209236,4.14370571742393
W0067,0,0.0612244897959183,0.0612244897959183,0.0612244897959183,0.0612244897959183,0.0612244897959183,0.0612244897959183,0.0612244897959183,0.0612244897959183,0.0612244897959183,0.0612244897959183,0.0612244897959183,0.0612244897959183,0.0612244897959183,0.0612244897959183,0.0612244897959183,0.0,0.0612244897959183,0.0612244897959183,0.0612244897959183,0.0612244897959183,0.0612244897959183,0.0612244897959183,0.0612244897959183,0.0612244897959183,0.0612244897959183,0.0612244897959183,0.0612244897959183,0.0612244897959183,0.0612244897959183,0.0612244897959183,0.0612244897959183,0.0612244897959183,0.0612244897959183,0.0612244897959183,0.0612244897959183,0.0612244897959183,0.0612244897959183,0.0612244897959183,0.0612244897959183,0.0612244897959183,0.0612244897959183,0.0612244897959183,0.0612244897959183,0.0612244897959183,0.0612244897959183,0.0612244897959183,0.0612244897959183,0.0612244897959183,0.0612244897959183,0.0612244897959183,35.0,0.0,0.0,0.0,0.0,0.0,0.0,0.0,0.0,0.0,0.0,0.0,0.0,0.0,0.0
W0067,1,0.3707678195052833,0.4234927277932871,0.2001755636959274,0.3551413914582897,0.5080687879699319,0.1936092915424669,0.3759806065319376,0.1646593585969081,0.8739991015935981,0.1854704578653873,0.4054467040765061,0.9155751226821864,0.5372637965317502,0.1887770459844629,0.3581149224829377,0.0,0.1496734144421302,0.294742481596195,0.4764048432548411,0.6838903124149498,0.2482126233881519,0.1413790407981736,0.1427059168220808,0.34561977847338,0.2418620123703971,0.1086762327385324,0.3232827881093526,0.1075685075279426,0.2423538593031896,0.1744796004939764,0.1091337110742149,0.1238336392951635,0.3696534530174859,0.1282287271435632,0.1462685049609678,0.2427283165643313,0.3100716373935297,0.2456533601781172,0.3831508406236166,0.1283673955247596,0.1461122373583813,0.1588677255323247,0.1870213975619294,0.1483687548420274,0.1800715489105591,0.1334182581674862,0.2289362001058275,0.1631662330432443,0.3335292360523875,0.1016913265009468,0.2630535789032431,1.2655565185395343,1.2636451599079064,1.889603190899585,1.884284699100773,1.5966961268810629,1.3861080698457195,1.5779139892171796,0.3450832337856428,0.5795962682363172,0.4080193601417292,0.5345740631934058,2.426411011990584,3.1662742786174354,2.11950799746078
W0067,2,0.4991033300045518,0.610213075361637,0.2081929889335771,0.4971945108436329,0.4221046798540995,0.1579190301789268,0.3468851910816092,0.1366413501669524,0.9022250210052786,0.1982312891363435,0.2669623331158052,0.9773219779208492,0.3954928024906806,0.1774763538093802,0.3238711546928409,0.0,0.1171689830123707,0.2440882835818178,0.6083455006667082,0.5149335641972693,0.213455806088023,0.1511696308849145,0.1510810493332786,0.3940943064455668,0.2493417339934316,0.0962759648230347,0.3545917842661017,0.0991361460252964,0.2385557452748275,0.1124018079633354,0.1175976500612065,0.087844036464249,0.324770642811569,0.1072766435658289,0.097237820856839,0.191599969899139,0.3919704605568082,0.1901783101135754,0.4627645901346923,0.1208861700857619,0.1400609789855725,0.1349332416909763,0.2274487557328454,0.1114937410488467,0.1873204235017019,0.1539287438038267,0.1610452295114194,0.1909469577940997,0.5377744075105834,0.1088859996071256,0.077676705300822,0.7773266524246246,0.8796864954726811,0.7629031832696147,1.1233138969615195,0.8126805995573047,0.6245568243191907,0.5379430118949009,0.2433784132166682,0.4281390015139078,0.3128224963851491,0.5032821726764192,2.4941407137442715,2.7171308247864125,3.3007061192428946
W0067,3,0.4466028536701827,0.6428603559710964,0.1882540736452967,0.3318554587290796,0.3951560409843661,0.1005169608895569,0.3089466754479842,0.0881133774304685,0.7205936526757788,0.1404651821928819,0.3211420621203176,0.7331815782530123,0.3406153025365128,0.1613866143854834,0.3198276054028146,0.0,0.1052247884591056,0.3444749348930504,0.5062552914096283,0.4636155065632825,0.1601654123932361,0.1411603340712268,0.1214804942530838,0.3785129495873909,0.235701593875473,0.1012159944656106,0.3513708602059394,0.0947361390548018,0.2075875509926602,0.1167571019637855,0.0635954996488578,0.102651415418492,0.2207358549571431,0.0873726205994396,0.0984904395901534,0.1341898872536789,0.2907062768266582,0.1634737423760788,0.4981527751938633,0.0897200441493761,0.1059318930691628,0.1218353049845273,0.1491612479075496,0.0911210069113384,0.1417614986088551,0.1442155780264715,0.1129045653114838,0.1850858886841565,0.4206198936936267,0.0909403622050714,-0.0371503488745131,0.3551403466325468,0.4957135923952513,0.3342507924946706,0.3917561582816897,0.3096421379454624,0.3634227973351575,0.2527099918462313,0.2149682731184463,0.1938094892301318,0.1625858124210568,0.3576977527196243,3.673724308763576,2.495284036373586,3.008427774754605
W0067,4,0.3828913941942118,0.4852939243741035,0.1580520712346978,0.3480495669147818,0.2970774899432435,0.1103424017778142,0.2898746944962513,0.080067650730545,0.5755700238462836,0.1068789145826998,0.2146779804374965,0.6093965902664373,0.3868681474126207,0.1224936237778952,0.2397250614078622,0.0,0.0586997687298381,0.2579190729072074,0.6079477060337934,0.3263257097645663,0.1596427831142943,0.1105193719121439,0.1024065046561964,0.2798823868084328,0.2151752046306554,0.0690684333255521,0.2408290405762975,0.0726426585839116,0.1773376210214453,0.0669391749046837,0.046798152254877,0.0858541914439055,0.1999609208172549,0.0594694346286426,0.0818761791358403,0.1187647206305372,0.2086023759693119,0.1339265511560181,0.4077025925879932,0.0644209943786494,0.073110339303505,0.0939143799888938,0.1431980875324832,0.0765206237859655,0.1013150887204698,0.1288108451830099,0.1198629247452431,0.1184822696400708,0.3424007926429266,0.0825537765930837,0.0412448095357366,0.2246957343745873,0.2429917889678802,0.1699328756481236,0.2627430986913309,0.2002743362037408,0.272814423007312,0.1422700113458182,0.1832630858916812,0.17924633551831,0.2109815649489516,0.2676224786893924,3.0293878709329354,2.529581436438157,4.166412511613933
W0067,5,0.2578266096804786,0.4112958547054839,0.1017371455281436,0.2917325393279564,0.2311385926039209,0.0683398002341659,0.240775691051842,0.0571415965838413,0.4845067419918165,0.0788856122902496,0.1828723027170616,0.6007112016324727,0.2221507139134078,0.0740385769557741,0.1761823254030962,0.0,0.0544153512799397,0.1801637671667965,0.5898479505900163,0.2571640519347868,0.1073306556268304,0.093886156659,0.0779179247646115,0.2248410932478245,0.1669462461933542,0.0729258080187132,0.2020939326806207,0.0530012926040496,0.1321402877110986,0.0570231108357315,0.0522408561922514,0.0599509943959326,0.1472222076769057,0.0598730407977693,0.0617237517531843,0.0919517382022149,0.1822600770449284,0.0968499744510159,0.2870923918497505,0.0639402744575518,0.0692480399857114,0.0520191058817823,0.0998153877692717,0.0590916236870397,0.0863468204287603,0.0739894087745979,0.0701059105776716,0.1150521229540076,0.2815476103608559,0.0567229892765646,-0.0097315683637703,0.1406717697822059,0.1032556645406317,0.1187414945483106,0.2112824033892217,0.1487216612169516,0.1336049841447564,0.08925124861388,0.0579078232846422,0.0643611254749364,0.0943549338012274,0.1288701691166815,3.609657383813588,2.205886219608536,3.357959052907508
W0067,6,0.2582963848575933,0.3651668363135542,0.0838230918227603,0.2258875834671016,0.1695036986040942,0.0597493269482559,0.2209499312832816,0.0411384071566232,0.3469100284678018,0.0719318657109659,0.1245156821931591,0.4542280757196292,0.1842167251736514,0.0503801661685291,0.1595311171786868,0.0,0.0288078486244479,0.1167781411691184,0.4877672088660583,0.2105791760001831,0.0722969114813334,0.0593462600340551,0.0657562531825134,0.1689093673481788,0.1294611091723395,0.0312102320590342,0.1955456612011856,0.0447349003213925,0.0873609966716901,0.0457888359825765,0.0443186615679138,0.0428806556129556,0.1068046299353671,0.0353323933410622,0.0403237870294409,0.0681092804119297,0.1502004688163586,0.0630331932230036,0.2065384497861249,0.0534604601213024,0.0333316639680297,0.0598016931706203,0.0674719865157475,0.0472990510188276,0.0738235995649909,0.0948468003116637,0.0438313785100951,0.091468565620509,0.2633501156823082,0.0325188762396893,0.0366191074446829,0.0982203996565388,0.1464706775638858,0.0666573367376209,0.1142973793102151,0.0227830728718322,0.0955285236303448,-0.0565669209704314,0.1410143532205781,0.1124789642424187,0.1238502818834338,0.1903651044574886,2.9208028538613435,1.9255772983335169,3.587161919966324
W0068,0,0.0612244897959183,0.0612244897959183,0.0612244897959183,0.0612244897959183,0.0612244897959183,0.0612244897959183,0.0612244897959183,0.0612244897959183,0.0612244897959183,0.0612244897959183,0.0612244897959183,0.0612244897959183,0.0612244897959183,0.0612244897959183,0.0612244897959183,0.0612244897959183,0.0,0.0612244897959183,0.0612244897959183,0.0612244897959183,0.0612244897959183,0.0612244897959183,0.0612244897959183,0.0612244897959183,0.0612244897959183,0.0612244897959183,0.0612244897959183,0.0612244897959183,0.0612244897959183,0.0612244897959183,0.0612244897959183,0.0612244897959183,0.0612244897959183,0.0612244897959183,0.0612244897959183,0.0612244897959183,0.0612244897959183,0.0612244897959183,0.0612244897959183,0.0612244897959183,0.0612244897959183,0.0612244897959183,0.0612244897959183,0.0612244897959183,0.0612244897959183,0.0612244897959183,0.0612244897959183,0.0612244897959183,0.0612244897959183,0.0612244897959183,35.0,0.0,0.0,0.0,0.0,0.0,0.0,0.0,0.0,0.0,0.0,0.0,0.0,0.0,0.0
W0068,1,0.4579031687069604,0.3965477801350735,0.2197857106547577,0.4231292604437438,0.4119058321547966,0.1384447442197873,0.3157306564627599,0.148343861352666,0.8195694553621395,0.1480208007155945,0.3548303345314192,0.9285411868402303,0.5575453075633346,0.1876559383758607,0.4030594548938982,0.2610483041351947,0.0,0.3699879061743667,0.5562269370147171,0.5715598289231728,0.2091612398053806,0.1337160340533175,0.1436930671278071,0.3137681683298834,0.2235767561580209,0.1044078286580164,0.4461747441665651,0.0906880731156598,0.2480388426365986,0.1631066538934567,0.1029146583942321,0.1420081845181967,0.3330732128993618,0.0990714957365367,0.1297373947134257,0.2556457961767643,0.3182626831014051,0.2894422320706734,0.3408724286808677,0.1209626739674402,0.1462647088581068,0.1668946034625862,0.2038233071998273,0.1063379618346653,0.1763529719504283,0.1395637058650411,0.2119539250602474,0.215384015857425,0.336223214035363,0.0708135118497329,0.2094206308102408,1.2603490375874609,1.6428445559101243,2.024160384979817,2.061037630245085,2.2796471728905585,1.1658891048515974,1.1733286499726838,0.2981090671596031,0.4447054868783765,0.3333760484432253,0.5188525742543496,2.170680010337541,3.014728964113132,2.415141878864845
W0068,2,0.3934525427847162,0.6046540542689974,0.2104993809492091,0.4557243532808639,0.4239953525528425,0.1229505930722271,0.3659505779262894,0.1330246924862782,0.8093242348030569,0.1478410989239568,0.3487038559878501,0.8004952040777974,0.5189545787287847,0.1891548229049516,0.4191938120326846,0.2786097026705884,0.0,0.4071970778270178,0.6336674008497404,0.5545241804907126,0.2264148553841187,0.1350822441692494,0.1396557285747178,0.311569626478595,0.2971536779672926,0.0788201828946185,0.3972168327321412,0.1190473890036157,0.2489719051564656,0.1295601899847286,0.1097336855261381,0.1396958758358446,0.3246055235068715,0.1147710788808055,0.1079773793101227,0.2250796976827064,0.3760267931021378,0.2170205220180445,0.4505674395475304,0.1185074303317673,0.1254883236776997,0.1491641755148689,0.2068872713180358,0.1468530625957974,0.2128592423080575,0.1445637599275879,0.2127210556606168,0.1613786236629198,0.4144782102061854,0.1168810439773631,0.1734393257342943,0.7528456011894482,0.9310566394898104,0.823681496936088,1.066269712505391,0.7653558942206157,0.8592523857491322,0.4045232813320291,0.2690968353989903,0.1799793540251729,0.298146222736283,0.4865567396134395,2.863214137849836,3.293327391776925,3.4869487061477398
W0068,3,0.3915857929808358,0.7205072638393245,0.1658651677413393,0.3847542431442418,0.3923204554748325,0.1065899458228084,0.3708216989870537,0.105949366938299,0.7623750626287779,0.143457716179678,0.2612437134106943,0.7488590071538956,0.3561646692552511,0.1304759064318589,0.3463982234951523,0.1945760212121994,0.0,0.3120172793562743,0.5375544411010752,0.4584261512014488,0.1682793035789247,0.1537060584550515,0.1550227715295133,0.3481630124713683,0.2992532693250114,0.0918123632471662,0.3202793143926938,0.1111271576466941,0.2492391315183404,0.0969419485038156,0.0777121476312173,0.1156942257773362,0.2610252560757862,0.0888535898797636,0.077693928942927,0.1908746356466031,0.280792927795019,0.1358966124460469,0.4719184332827406,0.1162052364282485,0.1163544411424319,0.0847262399564675,0.1633963071289515,0.099618247455745,0.1646370222966225,0.1508854508325249,0.1368288311676129,0.1425755356130227,0.4402211370202816,0.1131991795485371,0.0061811058163392,0.3631859726966502,0.5154449232098116,0.4403381544788765,0.4782609191991955,0.3752516362497617,0.3670636009170792,0.187121038623422,0.1668205643393238,0.199122230231707,0.2070449947310547,0.2539180297366007,3.0957625219691445,2.7097881972601034,3.2058259467629284
W0068,4,0.405537215826149,0.6031573738490404,0.1531363627798414,0.3584523964697599,0.3236811329678322,0.0805320776568913,0.2994454111755898,0.0787293287919488,0.5272838455623353,0.1193810468520456,0.2601392189443747,0.628223278885489,0.2955989233579302,0.0738436885777727,0.2389023817795882,0.1992127684321928,0.0,0.289532610004198,0.5462256169061535,0.3244913996143421,0.1357557568291393,0.0968689411342573,0.1203624332363197,0.310676090338921,0.2425116970845861,0.085733561614391,0.2356902055400809,0.064637063529194,0.1812299773038172,0.091264447449322,0.0623254677548563,0.0908392420743512,0.1938963552020366,0.0641618015203638,0.0685147066620937,0.1185929171981966,0.2589393948283484,0.1155953723389754,0.4030394425851749,0.0776313196669924,0.0747924462007712,0.0878200498592385,0.1317307587772627,0.0950433117257951,0.1046527707739741,0.1313367023661564,0.1215875204701034,0.1108725698804572,0.3708058010785723,0.0890860627524145,0.1055650867107537,0.1778883412675876,0.2283457276083791,0.3221852524983437,0.235170302831139,0.14923596342964,0.2342740430998051,0.0579959642881525,0.0832351242430784,0.1680865706153259,0.1823291635042036,0.2022916504843278,3.438947109163081,2.22201043105803,4.322901639790039
W0068,5,0.3104501602603596,0.3974822407648432,0.1010090059762528,0.2159127206678973,0.214848261961514,0.0693166045964326,0.2125268375832033,0.0540562394016653,0.3987256981312413,0.0856089537674111,0.1924751898420402,0.5374059680954989,0.2459077973569477,0.084230430109892,0.161101659468418,0.1461977239971051,0.0,0.2243203357098477,0.4644194577818833,0.2810712519142797,0.1154311226602636,0.0732126361554035,0.0763746492532503,0.2091191051490727,0.1795888901365773,0.0507138978192564,0.1935725661193419,0.0635221560458792,0.1284794407892956,0.0583031413245539,0.044685535005163,0.0557840106678533,0.1549594606407915,0.0395824258473574,0.0519106014524467,0.0989464458230321,0.2322286276589823,0.0852861337476384,0.3588676524994675,0.058950860959082,0.0630068317646872,0.0671658524109535,0.1137638333092383,0.0610475666614847,0.0615273589064464,0.0894152456795727,0.0737304111140304,0.1045544741160666,0.3346935696611696,0.0538521240603976,0.0282860703659483,0.0719261556743323,0.2483635810997533,0.1589757990728209,0.0642313766783429,0.1121454104878828,0.0783923649619149,-0.0064927973869572,0.0379550759129327,0.1447299734350032,0.1085339148778616,0.1974429017134336,3.2533263655013416,2.1435773512128296,3.3688564534501872
W0068,6,0.265409668828815,0.3294122276554631,0.0737961296313004,0.1813156126953747,0.1696075345412181,0.0499992031458521,0.1467398196026501,0.0448772650516732,0.3170893719284915,0.0606933201453775,0.1314848418532378,0.3850124340847801,0.1649851054205593,0.0635146852872891,0.1721060349533388,0.1085414240056344,0.0,0.1354824789264754,0.5324809235568191,0.2687689225867409,0.0936875015001647,0.05438274980008,0.0582501153867256,0.1162145627944804,0.1268443774097775,0.0445833927996169,0.187619024331807,0.0437383334760671,0.0953740223009016,0.0471693465586291,0.0416103086308539,0.0341266413018503,0.1063941717259763,0.0381337241493649,0.0499293200346049,0.0707343615088741,0.1627928089728797,0.066154603689005,0.2260624307238705,0.0438221182592577,0.0535068579607531,0.0492879508063081,0.0719297378939787,0.0454050229962667,0.0652743093391103,0.0838678758005412,0.0577385084027397,0.0804075031111601,0.22847323115542,0.0524686500051862,0.0126742973206009,0.0071478999967045,0.1505129426971178,0.0992596233750818,0.106617075522022,0.0314005681743928,0.1366510386901089,0.0231425800290947,0.045948237688672,0.0690177762768366,0.0722690079910917,0.1889468418547546,2.795289976761986,2.1573389862723835,4.016793280923219
W0069,0,0.0612244897959183,0.0612244897959183,0.0612244897959183,0.0612244897959183,0.0612244897959183,0.0612244897959183,0.0612244897959183,0.0612244897959183,0.0612244897959183,0.0612244897959183,0.0612244897959183,0.0612244897959183,0.0612244897959183,0.0612244897959183,0.0612244897959183,0.0612244897959183,0.0612244897959183,0.0,0.0612244897959183,0.0612244897959183,0.0612244897959183,0.0612244897959183,0.0612244897959183,0.0612244897959183,0.0612244897959183,0.0612244897959183,0.0612244897959183,0.0612244897959183,0.0612244897959183,0.0612244897959183,0.0612244897959183,0.0612244897959183,0.0612244897959183,0.0612244897959183,0.0612244897959183,0.0612244897959183,0.0612244897959183,0.0612244897959183,0.0612244897959183,0.0612244897959183,0.0612244897959183,0.0612244897959183,0.0612244897959183,0.0612244897959183,0.0612244897959183,0.0612244897959183,0.0612244897959183,0.0612244897959183,0.0612244897959183,0.0612244897959183,35.0,0.0,0.0,0.0,0.0,0.0,0.0,0.0,0.0,0.0,0.0,0.0,0.0,0.0,0.0
W0069,1,0.5331218884126323,0.4770971386931582,0.2440647188278214,0.4823789502393784,0.3898707925901805,0.1571053096415425,0.3515986378427507,0.1708875794589264,0.831293534124222,0.1812709155892121,0.3534071155449113,0.8107560577157693,0.4920583478568576,0.2134157030122346,0.3435617593565551,0.2116414290017648,0.1317019372774263,0.0,0.5663342246761374,0.6037895267966927,0.1966900004360311,0.1573522078143208,0.1433024188519466,0.3242948288567596,0.2438869032701326,0.0983349887908041,0.3754007787008958,0.0905215443795807,0.2831566653008262,0.1582256126029584,0.1253420142745765,0.1321925707947327,0.2860901745218328,0.1136610666501959,0.1248608220313109,0.2858625712802228,0.2731817363410267,0.2452992304036353,0.3861206583304746,0.1630486614516895,0.1543118326952759,0.1762564893992887,0.2033578471994293,0.1352658257726858,0.1951453643642496,0.1297700540422745,0.2058406888507603,0.1874543823414843,0.4120721648028149,0.1052348699647615,0.2574426409076071,1.116652650707088,1.6058216678327863,2.2369364494802597,1.9238866550052809,1.4659951479743747,1.4203925355722835,1.2538303942368176,0.4757010791997798,0.512137661648711,0.4147229233593554,0.5466676046973137,1.6563504012923682,2.5805465171510256,2.853510248620534
W0069,2,0.4749880063256061,0.6625603584914252,0.1703066916242812,0.4302624140923902,0.4033625278157962,0.1270341223212704,0.3955828904728982,0.1177690144120339,0.8695381888541799,0.1411510151122799,0.3283034996127921,0.8732108594804483,0.5632257475486481,0.187296997819179,0.3725390781682264,0.2130769127052103,0.1137012937422169,0.0,0.571981600747093,0.4712192760089816,0.2175127430791409,0.1486326528078953,0.1766391323237002,0.4000498781243769,0.3005527244267412,0.1146259320554241,0.3241427600952821,0.1021796000737908,0.2300482652821673,0.1552369847905245,0.0861382014798541,0.1014288793965371,0.2920048008579065,0.1074642938041466,0.1179250177326531,0.2205911083702214,0.3667516489204824,0.2128902420541384,0.5745735891293499,0.1233763074796466,0.1507654884312329,0.1559169111982131,0.2116681432309796,0.1409319717600128,0.1814372937345265,0.1565599917149898,0.1679910385669564,0.1917437076535206,0.4748500296125481,0.1152853902718766,0.0539846685319816,0.7419898481003905,1.0255249604012302,0.9206503521349158,1.09770888671268,0.81749348842576,0.4898037250433524,0.4041136158222447,0.3104348261015129,0.356421313161218,0.3782339280316493,0.4024392554613396,3.479023618788408,2.9650330857599547,3.588441380125917
W0069,3,0.4376712240897876,0.6070081432849298,0.1531088980060992,0.4670729920776124,0.3822930507264608,0.1253727337572076,0.284831201231457,0.097997102242628,0.8505552719768277,0.1365766626586238,0.2863440673796454,0.7669170750979764,0.3072912965671654,0.1510544555900774,0.3392732145736155,0.2009576781174815,0.1034282289774964,0.0,0.5540698066621271,0.447655201211422,0.2233472840848764,0.1359795864452822,0.1427192156098927,0.3167638830104383,0.274467783182068,0.1117564370264195,0.3958927476595204,0.0895766283662316,0.2220635963746945,0.1140208958487204,0.0842084010441184,0.1223201067829172,0.2246503705253529,0.0747586309974613,0.0963790895403311,0.162563595893922,0.3420972507720413,0.1612204779263117,0.5168714913497247,0.0966870819797272,0.1036454210518758,0.130590544196609,0.1664975816394153,0.0986519272843121,0.1206443547931261,0.1559403850241474,0.1401530076175421,0.1867027851035744,0.4220163834573644,0.0773438219124887,0.1650589872172695,0.4186569168971475,0.5726580976262583,0.3830276594948193,0.5606824317853184,0.3270890891046519,0.3670689537529063,0.2950479068554945,0.1782008769657565,0.2780183772677316,0.2042406731019805,0.4078650747583108,3.234850032250254,2.57672479795918,3.066795456152848
W0069,4,0.4217909196013002,0.4990651654676279,0.1511395410290917,0.3577819022520189,0.3203878166976736,0.111148263422807,0.3501074095535929,0.0784393429849271,0.6408418216654733,0.1069758911042902,0.2697958927300776,0.6386253235951846,0.3875938568901371,0.1078956109765025,0.2372007131969278,0.1825899430627965,0.0889212626514149,0.0,0.5961209839308791,0.3273559281197713,0.1794563309518441,0.1120842355151927,0.1205756751594294,0.242636289444975,0.2264880469668863,0.0714727170085483,0.3062713871148372,0.0750361270987815,0.1738017355719057,0.0659181472024815,0.0782810666009822,0.0775737127980914,0.1976492814426,0.0496092494899906,0.0608929541153211,0.1242994612672204,0.2538345088711463,0.1029790269048432,0.407374116796758,0.071708521794767,0.0769715606849912,0.0794375331032179,0.1333488992520508,0.0945102849855777,0.1036678012243401,0.1176934748580189,0.1019808488188852,0.129930097229396,0.3806607144681707,0.0855515169254794,-0.0149751218849228,0.3051150962410272,0.3178634880710924,0.2454137782027847,0.4161430707154248,0.1794589051996059,0.2374045148086439,0.091351666468712,0.1306634009664902,0.2355604226089396,0.156752385909323,0.2580137397155262,3.738784006553914,2.2734927296705214,3.780423857020716
W0069,5,0.2536134527208369,0.5291383326109993,0.1392033466728826,0.2436413358259447,0.220077852633821,0.0715266130203305,0.2308830046026269,0.0567741331524349,0.4005198353044899,0.0846996300828792,0.1516488597571738,0.5808275837551617,0.2509136978232062,0.0721060358324256,0.1805205688878707,0.1318133216029489,0.0371886129206325,0.0,0.6042023729726349,0.338481410246794,0.1130892948485441,0.0980941429765905,0.0915017301386108,0.1930648976550836,0.1839601486103028,0.0597122370331045,0.2031522492699426,0.0734854338186349,0.1492415862091972,0.053439189057471,0.0491336925803612,0.0709320371969291,0.1685844934204464,0.046446351069589,0.0572314520607134,0.1022469032348304,0.2127180767264894,0.0950351060043659,0.3381917311617243,0.0567704764340955,0.0510636050604091,0.0695124360403327,0.1077191769021228,0.0780469958663444,0.0950000941615789,0.1155217722605228,0.0696870110368386,0.108766676981838,0.381567235146606,0.0513098819325908,0.0563555574645744,0.1276545534785281,0.2326305493016444,0.0352775818337907,0.1647826972611125,0.1627207113753252,0.1359945256648971,0.0351935336928911,0.1363042171362515,0.1400238342733642,0.151539633635322,0.1571794472224128,3.755177400920677,1.8769247538368952,3.457728043286709
W0069,6,0.2344536149209038,0.3330594186608539,0.0877033868146167,0.2268248728358644,0.1756159990730477,0.0499382583468993,0.203041229888353,0.0419101089960805,0.2602748540543296,0.0529746599464026,0.128527005465745,0.4377517661294334,0.1626190805614862,0.0592420087125588,0.1547431675107997,0.1138824271740766,0.0261735357694878,0.0,0.4588597838402311,0.2529638825892644,0.0913131044279759,0.0718778684311326,0.0747119364539878,0.1723555301974712,0.1073048743518753,0.0532064809530402,0.1490704383910683,0.0440025509886835,0.1067459348102119,0.0366013067714502,0.0396148732489388,0.0524826266615038,0.1126062834816678,0.0306231080631242,0.0534359741123393,0.0717319407555865,0.1254019715464001,0.0655328783677265,0.195772632755117,0.0386361710706209,0.0422759151135511,0.0522236401448256,0.0857125290859479,0.0403587113619392,0.0581902512688873,0.0833005627913458,0.0383659504417324,0.0854886139818897,0.2587216810875487,0.0531166815797174,-0.0036095154472476,0.1275502779347385,0.127891995208485,0.0207565300809027,0.0456592301021199,0.1235165472079464,0.062317459766229,0.0215166010768672,0.1121461337978286,0.0103889770187719,0.136299748010665,0.0783786004873919,2.95545981784477,1.7684390944277852,3.76262116925812
W0070,0,0.0612244897959183,0.0612244897959183,0.0612244897959183,0.0612244897959183,0.0612244897959183,0.0612244897959183,0.0612244897959183,0.0612244897959183,0.0612244897959183,0.0612244897959183,0.0612244897959183,0.0612244897959183,0.0612244897959183,0.0612244897959183,0.0612244897959183,0.0612244897959183,0.0612244897959183,0.0612244897959183,0.0,0.0612244897959183,0.0612244897959183,0.0612244897959183,0.0612244897959183,0.0612244897959183,0.0612244897959183,0.0612244897959183,0.0612244897959183,0.0612244897959183,0.0612244897959183,0.0612244897959183,0.0612244897959183,0.0612244897959183,0.0612244897959183,0.0612244897959183,0.0612244897959183,0.0612244897959183,0.0612244897959183,0.0612244897959183,0.0612244897959183,0.0612244897959183,0.0612244897959183,0.0612244897959183,0.0612244897959183,0.0612244897959183,0.0612244897959183,0.0612244897959183,0.0612244897959183,0.0612244897959183,0.0612244897959183,0.0612244897959183,35.0,0.0,0.0,0.0,0.0,0.0,0.0,0.0,0.0,0.0,0.0,0.0,0.0,0.0,0.0
W0070,1,0.474181384272174,0.4357127069340041,0.2198109568615858,0.3945793900126523,0.4257704340305064,0.1529079456637178,0.3824273411091727,0.1599528319868916,1.0396894980658826,0.1873647167099864,0.3982968625449295,1.0718904441706718,0.5570464759412357,0.2040969372925182,0.4039371047515463,0.2457049640434799,0.1476131795680205,0.3374857963524815,0.0,0.5329434174479973,0.2091941158169637,0.1368736431357267,0.1371994370653705,0.3786697874343175,0.2568336522453661,0.1042912459105422,0.3961109477089657,0.0992695027464394,0.2615513586502001,0.187446904157426,0.1104341544043228,0.1398014427864347,0.3561920097062038,0.1341773226007293,0.1310257404408669,0.2798668656959804,0.344589787034115,0.2723490958341487,0.4179984165192136,0.1492211516441995,0.1813890638412683,0.1177319216353948,0.2092420206480229,0.1395380463090973,0.1836051001106242,0.1402820697721034,0.2569845296468804,0.2069187838350881,0.3284346503095198,0.1023929998888732,0.272501848730576,1.2652017635011317,1.6735248520040795,1.768513676422789,2.056029254389932,1.4545790035774706,1.513193268667358,1.2887236758860792,0.480885013883883,0.5393195065514659,0.4575110381437464,0.3739722112331833,1.9132441384362149,2.419022137298229,2.5738367916664533
W0070,2,0.4459970151063857,0.6470629543557375,0.2536791196598104,0.390792862930849,0.4661112171816923,0.1438250553028324,0.3644532752357635,0.1329684660759871,1.0436483542540411,0.1734521704057888,0.3148792798668807,1.014950350294764,0.5104717947877356,0.1557836234570278,0.4179434130525546,0.2839619155513793,0.1106690129264751,0.37558411811505,0.0,0.5277359927669255,0.2528107024165916,0.1346656903234643,0.1593085059695228,0.3756041672405661,0.2820262481324151,0.1263734705584526,0.4926599878058608,0.0897431033199394,0.258965226534986,0.1381490314928074,0.1035072472213062,0.1121805998445295,0.2966192330952047,0.1240099009851706,0.1145727665095522,0.2149002917602188,0.3149385707180971,0.2453931940596453,0.421394653950767,0.1376140912667475,0.1452392394926638,0.1213808982296964,0.2046708658780012,0.1283885436975109,0.1588731785603004,0.1699542206258954,0.1939259527365724,0.1894646351736936,0.3445433531564583,0.1056103279292725,0.0633845736270061,0.6583108739317853,1.0058954245507463,0.8871232911626152,1.1145791821047797,0.7714611238285121,0.8013994614368876,0.4694990928092936,0.2760546162776791,0.4076660041146941,0.3106168179751846,0.4895462513034155,3.199077150028752,2.767195676613321,3.598477388292747
W0070,3,0.4289719868619564,0.6965020521503402,0.1963613717539163,0.4991477342877694,0.3996194985161879,0.1240052223119612,0.3205834855844548,0.0939171487803516,0.6125094800209875,0.1406477815277203,0.2189963691127552,0.7592929966492519,0.4716912908850378,0.1605613441006633,0.3502876589246162,0.2289615459722656,0.089634179573703,0.3504198824593777,0.0,0.4160264917722852,0.1508211924214743,0.1370680680087119,0.1436135388420879,0.3108569360839319,0.3293533352251001,0.1039934148647823,0.366400519959851,0.0937850912716004,0.2360164816449976,0.0925908263244061,0.0851286320779932,0.0918635485485116,0.2943900596078997,0.0824859596468156,0.0850951913766619,0.1541006703818336,0.2473087337938713,0.1869285240334198,0.5205792692364942,0.1142340759488993,0.1202784907964667,0.1158687479859469,0.1980478963636017,0.1276193568432248,0.1535361112659878,0.1719832325598774,0.1222149428612486,0.1569375271867282,0.4378527668288738,0.0919557870635191,0.1245106803903778,0.3740333207577123,0.5550142488631264,0.1956592896950801,0.4975286523718267,0.2826489466335768,0.3981440720404716,0.1111732478074711,0.112351553109145,0.1908159361091856,0.3046499090109676,0.1954690098038108,3.979396216582888,2.27964980633973,4.007876182214195
W0070,4,0.3313494424338209,0.5992073240035491,0.1236274305335298,0.3500861489244505,0.2708965336167813,0.0892100123722324,0.3557499388360839,0.0607923538425443,0.5316116582472296,0.0919838392815389,0.2420855095547761,0.6432985123606554,0.3611971407029006,0.1103779761583739,0.2691014761044358,0.1892363445381401,0.0602536790939339,0.2613709061553861,0.0,0.3888351954295449,0.1286474252231272,0.0975000407702927,0.1106490125106841,0.3119413305174911,0.2032788009736686,0.0691511717537666,0.2651713013031247,0.0704839420385348,0.1920847390269318,0.0878517117754583,0.055207587719811,0.07650794139024,0.1994769698468225,0.0645701144893707,0.0676431256838287,0.1212480027426694,0.2333474835465435,0.1166263816252665,0.4317198227893509,0.0790812137655889,0.092813147861812,0.1020675205188105,0.1694863011582697,0.0794084766552735,0.097509582674045,0.1107187234392795,0.1113635423069708,0.1426160357555699,0.3717298384945021,0.0882409482302879,0.0064311150227722,0.2862765576398827,0.4497471679296979,0.28589532059851,0.3242646203472137,0.1938026075523706,0.2267954432686624,-0.0046971008962281,0.1998692006790987,0.1632253943338572,0.1865759187203514,0.1872658505573561,3.3773977344060686,2.3918213695621837,4.807116325226765
W0070,5,0.2602661800873242,0.4318837440543091,0.1080352333143701,0.330734513889609,0.2404572167769797,0.080388111852313,0.2221433394534379,0.0590536092214799,0.4014321356083901,0.0754434639734572,0.2069464896874152,0.6271615011944051,0.2385020747507123,0.0899616149470457,0.1888360317209902,0.1207528581643779,0.0384469914350408,0.2181622407116334,0.0,0.2946397187679317,0.1298381307800272,0.0983904147665414,0.0822384289121019,0.2149696848951186,0.1588275654154432,0.0577435885189145,0.2397746564803221,0.0650362233234039,0.1350204769569024,0.0532070878118249,0.0586885318041379,0.0635923661589988,0.1581546166091066,0.0460181026145061,0.0582975960823319,0.1116646039906538,0.1767314305392531,0.1142191070896373,0.3007555239643528,0.0645119869137779,0.0558285516283459,0.064266795912598,0.09783067020141,0.0601956140029748,0.0815412237544958,0.1004396941379442,0.0715192001285378,0.121134401969646,0.3037754090560418,0.0621144662717381,-0.0110882594835144,0.1574728066851399,0.3713638531398987,0.1313049012168504,0.165945369201844,0.0974324359646383,0.1537451195311281,0.1180256012666242,0.0226606832509799,0.0905101559871523,0.0921107055757246,0.0683234390644451,4.285657973056242,2.201103667400515,4.304456510777484
W0070,6,0.1903570491501671,0.3682152628566543,0.0980516520888594,0.1845284978694348,0.1631062580324442,0.0519650314340687,0.2683130470910564,0.0524613670939207,0.3505514774515136,0.0504147667223295,0.1385911405258658,0.4927340226326707,0.1566819805621416,0.049097786944111,0.1383129690579461,0.1086312153663599,0.0476804826201401,0.1436595202832256,0.0,0.2386686797913149,0.0992615726688839,0.0742492739043099,0.0616041249001587,0.1740291840238961,0.1279786252215138,0.053702100888682,0.1618271014236127,0.0464621925501926,0.10137971483593,0.0355559087676061,0.0313121158786787,0.0554290023645385,0.0974649119113258,0.0369229461450288,0.0397214636896171,0.0590380862338458,0.189715224063444,0.0751874709777837,0.2614255348911931,0.0451823163511258,0.0391046506069004,0.0465818960463817,0.0905097582703795,0.0522756076589638,0.0710147505218515,0.0718799680579575,0.0521078139996234,0.0790866311222962,0.2740718316996341,0.0596676673451024,0.0743871884566191,0.0963877509897923,0.1853024714288685,0.0332217602021222,0.1665080012473672,0.0611011943038289,0.105032627626517,0.003751921835496,0.0599680278592592,0.108285837515292,0.1308728737036416,0.1919026698321285,3.7558945726712674,1.9739833353928653,4.481512077797088
W0071,0,0.0612244897959183,0.0612244897959183,0.0612244897959183,0.0612244897959183,0.0612244897959183,0.0612244897959183,0.0612244897959183,0.0612244897959183,0.0612244897959183,0.0612244897959183,0.0612244897959183,0.0612244897959183,0.0612244897959183,0.0612244897959183,0.0612244897959183,0.0612244897959183,0.0612244897959183,0.0612244897959183,0.0612244897959183,0.0,0.0612244897959183,0.0612244897959183,0.0612244897959183,0.0612244897959183,0.0612244897959183,0.0612244897959183,0.0612244897959183,0.0612244897959183,0.0612244897959183,0.0612244897959183,0.0612244897959183,0.0612244897959183,0.0612244897959183,0.0612244897959183,0.0612244897959183,0.0612244897959183,0.0612244897959183,0.0612244897959183,0.0612244897959183,0.0612244897959183,0.0612244897959183,0.0612244897959183,0.0612244897959183,0.0612244897959183,0.0612244897959183,0.0612244897959183,0.0612244897959183,0.0612244897959183,0.0612244897959183,0.0612244897959183,35.0,0.0,0.0,0.0,0.0,0.0,0.0,0.0,0.0,0.0,0.0,0.0,0.0,0.0,0.0
W0071,1,0.4213660924375694,0.4797584056606336,0.2678245872996375,0.3354444451057329,0.4128963625020415,0.1459459768220665,0.3503378702281163,0.1546093394065772,1.048944856590465,0.1994623919920904,0.3295645814007161,0.8315785211881985,0.6580704603827091,0.1905338370709414,0.4594046996316394,0.2757148261816269,0.1485750742897361,0.2994534824134882,0.5907332890409599,0.0,0.2314140110583224,0.1258175103388866,0.1321022815575847,0.3410068586200708,0.1920882795881479,0.1040842788931075,0.3251319329138095,0.0875230044827409,0.3042011208737928,0.1619011892373577,0.1422201387700845,0.1386296513019097,0.3337059175833041,0.1096864425242224,0.116401488262665,0.2539340937402131,0.3244354864667719,0.2542696985681883,0.4189980725106396,0.1321637623928551,0.1647742985221711,0.1243593463501585,0.2019149887070809,0.1410596111060821,0.1625379581171429,0.1446130790901861,0.2558290808068877,0.1690000702977208,0.3520609347499267,0.1155777106582413,0.2872560439938507,1.3701588158116764,1.3568776726739615,1.833382646364478,2.0021837264828948,2.2279040418082414,1.0186092927237935,1.1302242212478288,0.3183976377169986,0.6409934335015778,0.4193184921071022,0.4113735168834231,2.1728169654330265,2.947279382053703,1.8661192204826849
W0071,2,0.5575394038403554,0.7671844047474545,0.2277671077619679,0.4339030463395873,0.4457975303179151,0.1402043252514835,0.3827073347788576,0.1329345500471964,0.8775680445561599,0.1403032180601417,0.3169558473264832,0.8063493638370949,0.4993152613781438,0.1856919787798819,0.4516348000134242,0.2358060591895798,0.121749168039681,0.3910784279960748,0.6223385120062335,0.0,0.1777833537634456,0.159591133824122,0.1694316911212571,0.3763020211013959,0.3062636481095545,0.1000676912844159,0.387897486239187,0.1117218467722772,0.2723782556864093,0.1364895093800493,0.1201486259669681,0.1379051207743405,0.2740451809421954,0.0997091329281771,0.0953659082579767,0.2129414056888693,0.3602319710137678,0.2043666526409327,0.4831034040497021,0.1254974689864777,0.1351937366229991,0.1620958484087844,0.2074457676705956,0.1424314244499403,0.180263094727246,0.1903974832770914,0.2024471681327403,0.2218284168106307,0.5016422451023529,0.1227178271557889,0.0238717424838055,0.6557687320161437,0.9503348796611132,1.1266602097686549,0.9678273272624732,0.8525005874253191,0.6637729457052146,0.5327432103882157,0.2399178331028783,0.3073289039335887,0.363015414233658,0.4934719307947822,3.0269878650036435,3.1585720902095886,3.1076878035257454
W0071,3,0.3819983730973545,0.7158972481881394,0.2203223261680716,0.4123013453813813,0.3745781673349341,0.1291284700137633,0.3658862828688915,0.1108266529936665,0.7040301845064417,0.1507567380759438,0.2499646685570658,0.8676209141060812,0.4123026548893035,0.1334614556368484,0.3375490926911551,0.2152046502281736,0.0875819467465907,0.3711670924616501,0.5471557944186364,0.0,0.1728323707481124,0.1241667009936926,0.1088918954889973,0.38661996053465,0.2997231641650361,0.1071971676455544,0.3501865134613953,0.107932816644651,0.2370873040947229,0.1149861148960247,0.10496088922939,0.1260944538705475,0.2490323590501017,0.0865094518706707,0.0783615733588233,0.1773446037854393,0.3335005596647927,0.1580999194606698,0.4483699528683053,0.1087498629433017,0.1208891338117703,0.1382075863513802,0.1794379660850124,0.1193343957485885,0.1284325878150053,0.1599896039684011,0.1426330114355966,0.1624102365747309,0.4901544830816026,0.0760096695015185,0.0477800325682739,0.4561325226768721,0.3979219671656157,0.3739981387725299,0.5823367659596138,0.3269409705438595,0.4152593379649172,0.1531888403852011,0.1434110976440802,0.2862491685736507,0.1805582071720132,0.2313547030301023,3.427674868916188,2.7673735519895124,3.328168205589308
W0071,4,0.3896095949675972,0.5861285077280008,0.1621462982635877,0.3565710354828406,0.331136222546736,0.0995840662984907,0.3558398589337828,0.0839679531132767,0.6064985958448081,0.1064427984426387,0.2618340680908074,0.7056444327985972,0.3146878595723788,0.0836601420342237,0.2497816695311221,0.1589876966311182,0.0569919372083048,0.2139120750519167,0.5953552288176833,0.0,0.154758048029432,0.1086788561329246,0.1192937354967012,0.2418631537746478,0.2559510968274974,0.0820013487587156,0.2429626939446879,0.0963894641104596,0.1298971885234592,0.0739631879526204,0.0742551631269189,0.0809907287752906,0.1769122809373083,0.0646102591534365,0.0766177621321056,0.1310707022355611,0.2746068386123271,0.1307113234492709,0.4556526663836552,0.0880117587345393,0.0753460047287087,0.1005298625535739,0.1348364142908344,0.095687274512398,0.1116684731100324,0.1101922487107804,0.1081164130606141,0.126082227704889,0.3340656948067521,0.089666654007001,0.0467794346669611,0.2460895921101878,0.2950463882215265,0.2138270854772,0.2193286942008384,0.2137687766059429,0.1831707929338997,0.052312214035443,0.1113372598165536,0.1631667305856617,0.206561011895515,0.2444106175778066,3.5029654522069262,2.4810016068429928,3.057333995571928
W0071,5,0.300560106833317,0.4641643735265477,0.1121183424857013,0.2965809470777318,0.2327968307464338,0.0696756642722278,0.2693883101484411,0.0690169694368527,0.4006681527194876,0.0858367879722011,0.2018909854800108,0.6886840667293281,0.2800186950291479,0.0772867695011593,0.1913934751754814,0.153127551111292,0.0427587319631341,0.1575710267067232,0.5616114762236861,0.0,0.115056669935082,0.0933817025571459,0.0827563363330803,0.2519991002447613,0.1716277816086904,0.0513496212581227,0.1935067970981931,0.0606258099392682,0.1524460858213746,0.0479828046582676,0.0439116507895168,0.064001563305613,0.1536251212449427,0.0300395067481337,0.0611254420461196,0.0998262565761519,0.2305060021288335,0.0882230735637879,0.288206999320179,0.0516403084935574,0.074822809959703,0.0725503031027724,0.1009692373695261,0.0700966752484807,0.090682420258332,0.0941749301989011,0.0686712916285534,0.1205612823387929,0.3118215786164799,0.0646251860847954,0.0048295220692926,0.1513678422373001,0.269892139529754,0.137551186012791,0.1056729587227124,0.1068219449631204,0.1868998771170256,0.1019680770853134,0.1122993875702007,0.1401490417342354,0.0628530040910544,0.109174968935355,3.403519335053136,2.550312785718176,3.194003472855311
W0071,6,0.2157664035957605,0.330946275120569,0.1081030323630832,0.2376273575614143,0.1743535022740592,0.0561588008436605,0.2087178695032603,0.0403951079200945,0.3315899790457196,0.0668646134507074,0.1333174708975259,0.4784582706705611,0.1971093372431848,0.0454928171719922,0.1569857512261152,0.1033089253394536,0.0320489033518605,0.1634916499620832,0.6428300938919702,0.0,0.0819255043008835,0.0444747902669503,0.0593966575942481,0.1733852207845747,0.125742944671394,0.0585758038625026,0.1800461698676932,0.0383115225880318,0.0910941513354543,0.049998625027499,0.0435532115453244,0.0497081641344793,0.1212348323012149,0.0428191072905666,0.0467246723145152,0.082760209004184,0.1588745005652455,0.0508705203050133,0.302998410276118,0.047055727917076,0.0349785322363336,0.0563171051867064,0.072621363807983,0.0444437310426761,0.0578776510420026,0.0856856199671976,0.0644554130914964,0.0980135752855173,0.2802005566883286,0.0539594875559212,0.0829797395261781,0.0169608686262594,0.0759591321326803,0.1033557105186994,0.1178433730924686,0.097186091666558,0.068429428013591,0.0692474470013718,0.0637051566832527,0.1409054191614766,0.0859734651396173,0.1495175646369981,3.477866827912249,2.1023869898932346,3.469482466414124
W0072,0,0.0612244897959183,0.0612244897959183,0.0612244897959183,0.0612244897959183,0.0612244897959183,0.0612244897959183,0.0612244897959183,0.0612244897959183,0.0612244897959183,0.0612244897959183,0.0612244897959183,0.0612244897959183,0.0612244897959183,0.0612244897959183,0.0612244897959183,0.0612244897959183,0.0612244897959183,0.0612244897959183,0.0612244897959183,0.0612244897959183,0.0,0.0612244897959183,0.0612244897959183,0.0612244897959183,0.0612244897959183,0.0612244897959183,0.0612244897959183,0.0612244897959183,0.0612244897959183,0.0612244897959183,0.0612244897959183,0.0612244897959183,0.0612244897959183,0.0612244897959183,0.0612244897959183,0.0612244897959183,0.0612244897959183,0.0612244897959183,0.0612244897959183,0.0612244897959183,0.0612244897959183,0.0612244897959183,0.0612244897959183,0.0612244897959183,0.0612244897959183,0.0612244897959183,0.0612244897959183,0.0612244897959183,0.0612244897959183,0.0612244897959183,35.0,0.0,0.0,0.0,0.0,0.0,0.0,0.0,0.0,0.0,0.0,0.0,0.0,0.0,0.0
W0072,1,0.4806633602344212,0.4078295760186124,0.2181336737883324,0.4131090458389916,0.4654137789990115,0.1710807887736119,0.3412555570129206,0.1627130165781388,0.9882574862794462,0.180974277434065,0.4417415803876628,1.0135320182890024,0.5257171781100711,0.1692855887176976,0.3557312987301603,0.2361485600785368,0.1531084639475645,0.3015571069499657,0.5669702782255748,0.6457476945527048,0.0,0.1439043636589209,0.1563586662687381,0.3528723330299462,0.2285929638533256,0.0890893984324049,0.4029425600291264,0.104409888201188,0.2049965864278004,0.1647320402479414,0.1571483984532462,0.1225853843366402,0.3156255315026015,0.114953947100153,0.1380326173039798,0.2563052158841175,0.3401408984173216,0.263074711067692,0.4465156116292613,0.1455583598752032,0.1954090792494537,0.1819454855407163,0.1981544364822304,0.1061659060485347,0.1924970633480034,0.1632705359283569,0.1981606583907013,0.2164462840481448,0.3778921491021799,0.1224093000054792,0.2851452215319249,1.05322625313172,1.7394264899937637,1.6881924036147746,1.7460407306293946,1.6836795571815757,1.2111937270504811,1.2394764959553957,0.4108309403474484,0.5468929672544219,0.3915116805439441,0.3984872720189553,1.7446307352615518,2.817908658774686,2.489641240787737
W0072,2,0.4088190925974522,0.835486850178872,0.1998126368345279,0.5596651951566165,0.434286406565904,0.1431652219225578,0.3477851761009571,0.1401778944886484,0.7858075678438168,0.1496506384445132,0.3649257033205505,0.8149179184990187,0.5122458082856777,0.1452299127346206,0.3234782842078317,0.2544789260375056,0.115098702846787,0.3020880587021061,0.6026577540044862,0.5001246243690625,0.0,0.1432308816519656,0.1515214125896725,0.4169602000745598,0.3135472745292234,0.1240116640014427,0.3819361961746381,0.1004923931930459,0.2335430664314002,0.1301839416966043,0.1113108356219222,0.1253900020763625,0.2511086613924675,0.0778284840617394,0.1148308967698324,0.2099567784432398,0.4129142925401823,0.1939334983688197,0.506076358351279,0.1183238925679549,0.1185588972895889,0.1478080119294003,0.2180488887979877,0.1318092098098012,0.1504373860263083,0.167467801618782,0.1682079898547628,0.1663285739379598,0.5182277397640226,0.1219427229404865,0.0632684700436453,0.6517846530137085,0.8975979945916973,0.8301426519308946,1.0118407077649476,0.7354336416530145,0.7758337937861084,0.5348714264859269,0.2103824934679262,0.3416035970975489,0.3330530608252595,0.3293546420349568,3.1662074500214983,2.668595048481857,3.4074422920443466
W0072,3,0.3922144061294678,0.6678229031262612,0.1986872511466739,0.418368188182482,0.3980123961515129,0.1044347908411504,0.317889497032392,0.1179606828454532,0.6951442701347861,0.1172495249410063,0.3038205372269522,0.797654354731198,0.3973006419554122,0.1080265566951261,0.3429448292392211,0.2097615581988103,0.0697332578254532,0.3303095542258426,0.6421141968367478,0.3978461086952325,0.0,0.1274349921645816,0.1003195553815367,0.2800995893983162,0.2420781727537562,0.1040759125811241,0.3624058611166087,0.0981932552114856,0.2675293236839859,0.1154180829656268,0.0901576419153438,0.1133933652526056,0.273245206371314,0.0897396885095711,0.1008977974844954,0.1517934612486621,0.2931572495854233,0.13158932919478,0.4515686891560713,0.0942303387304626,0.0932641550169684,0.0956038950858303,0.1542119373132151,0.1048921247508755,0.1417267074046515,0.1605073747192221,0.1584341087363121,0.1337823512982598,0.3853780868629274,0.1219219946673281,0.1234813998658892,0.3353843068770291,0.5410705494972307,0.4084033908676313,0.4689078286058104,0.327342404335717,0.3581301137323083,0.1760305068766582,0.2374426537241856,0.2509652179305141,0.209071869110875,0.2350320696031631,3.538124022021788,2.6580184684012385,2.873963884332868
W0072,4,0.3193671948741327,0.5948905036627334,0.1453768044947689,0.2870537702806409,0.2687243287036596,0.0976765117720321,0.3061619285103185,0.0699244766613824,0.7087432306782502,0.0963015500702834,0.2542520864618129,0.6900813465811568,0.3514702447437671,0.1054660849805821,0.2192045183787186,0.1650963312138286,0.0570197314190096,0.2509123974216675,0.6010960502298704,0.3326908844643682,0.0,0.087934494580323,0.1226894135846948,0.3343795358209171,0.2254947005151258,0.0710201639031924,0.2841163450272488,0.0718740350822441,0.2127566866260191,0.0722214754825275,0.0639112652850406,0.0694907555730774,0.1887005455445096,0.0598077019170383,0.0794254049862675,0.1217663007979085,0.2970111177398979,0.1162021603641372,0.4259275762634081,0.0840557698657164,0.0748590164748271,0.0747070087952564,0.121397413581712,0.1034243005087259,0.1098330198498828,0.1070268442262928,0.0968170012243191,0.1458062706486771,0.4041881958604301,0.0922246682383401,-0.0362031649317927,0.2414283874773704,0.3046032638885138,0.1798759973848256,0.280090621364502,0.199660017978643,0.1711361216343897,0.0651297369960867,0.1836614365756852,0.1316625360046082,0.1314349408482621,0.2590689983497117,3.417861324870329,1.7941928816348278,4.14456149988269
W0072,5,0.298027922768587,0.454164699409033,0.0988709822714183,0.2913269880631582,0.1986968310355164,0.0714427809781484,0.2274999783699877,0.055581978995428,0.3612967584905229,0.0862954436448078,0.2076998857656424,0.5559307078688267,0.2122963822274439,0.0794087552614799,0.1770564644112246,0.1346515693875213,0.047986923827434,0.2171517179451663,0.6155793800137466,0.2490675723065679,0.0,0.0790041148890168,0.0963333442813721,0.2069011196093687,0.1884005871016928,0.0675318351034773,0.1697925768037104,0.0574608064810313,0.1193786506646725,0.0532892713642779,0.050371212071062,0.0655112657695949,0.1388946147558197,0.0417688864577594,0.0586269322351452,0.0984687744861888,0.1753925455886547,0.0907240941485964,0.3146030185826003,0.0509619155213884,0.0615401304928885,0.0933927054770823,0.0984961192252637,0.0626968876942452,0.0822131386293873,0.0932629197874452,0.0671908061157879,0.0928522795816473,0.2913939706882754,0.0582391330617437,-0.0064607346211504,0.0968786212304239,0.2143043067780654,0.1147899421485433,0.1951617226469497,0.1309012545201078,0.1610952630663144,0.0682466133075763,0.0345902894439449,0.1524478879845283,0.1881672661481789,0.1703015883635986,4.33775581824044,2.528860061631593,3.201121399720193
W0072,6,0.2516055317148676,0.3701968592291699,0.0755998403667132,0.1579431563450432,0.1306992307711386,0.0478279709481403,0.2018586623991087,0.0373843181090396,0.3424677042750876,0.0655406445957573,0.155901757161894,0.4348069191171081,0.1210173918262842,0.053014427022258,0.1255488346084847,0.1128483701887687,0.0339348065024904,0.1645239703540058,0.4119063020878383,0.180956099526558,0.0,0.0777959192498339,0.0663967913710141,0.1649552392463108,0.1311559542045193,0.0402919828283659,0.1320674447180665,0.0396851680024165,0.0914699938809346,0.0383054183689802,0.0403703917787327,0.0509727343159739,0.1101096411918794,0.0413873799388259,0.050145413302814,0.0746757461781459,0.1841404728009662,0.0727317007789821,0.2208872964162557,0.0421310178814738,0.0479589240711455,0.0450715774927507,0.0683085317219144,0.0415418300840707,0.059300281733152,0.08048712407689,0.0487542600789959,0.0829400644450926,0.2185976023174981,0.0369485978106849,-0.0013587109615657,0.0773963092907495,0.1097492357425765,0.0560988448844847,0.055943956071796,0.0955866541570722,0.0607312024434393,0.069830214067838,0.077580486706567,0.1262778671986775,0.1285337676963996,0.0580469071171674,3.726924126782624,2.0161981279912493,4.374200467625528
W0073,0,0.0612244897959183,0.0612244897959183,0.0612244897959183,0.0612244897959183,0.0612244897959183,0.0612244897959183,0.0612244897959183,0.0612244897959183,0.0612244897959183,0.0612244897959183,0.0612244897959183,0.0612244897959183,0.0612244897959183,0.0612244897959183,0.0612244897959183,0.0612244897959183,0.0612244897959183,0.0612244897959183,0.0612244897959183,0.0612244897959183,0.0612244897959183,0.0,0.0612244897959183,0.0612244897959183,0.0612244897959183,0.0612244897959183,0.0612244897959183,0.0612244897959183,0.0612244897959183,0.0612244897959183,0.0612244897959183,0.0612244897959183,0.0612244897959183,0.0612244897959183,0.0612244897959183,0.0612244897959183,0.0612244897959183,0.0612244897959183,0.0612244897959183,0.0612244897959183,0.0612244897959183,0.0612244897959183,0.0612244897959183,0.0612244897959183,0.0612244897959183,0.0612244897959183,0.0612244897959183,0.0612244897959183,0.0612244897959183,0.0612244897959183,35.0,0.0,0.0,0.0,0.0,0.0,0.0,0.0,0.0,0.0,0.0,0.0,0.0,0.0,0.0
W0073,1,0.5528138274614397,0.4608878207617332,0.2386409121604013,0.3233850354999034,0.4391664903226548,0.1514651189312786,0.3511513836442102,0.1371987267932098,0.89363498827837,0.1883982654755957,0.3462801958330487,0.9357777600297854,0.5799616522715835,0.1970154726305355,0.3148145669169125,0.243866013034867,0.1530039136609461,0.2875382174626085,0.4155943504062925,0.5206983288726965,0.2369046092758953,0.0,0.1531298181729122,0.3126495769454511,0.2875224351411413,0.1044649885700699,0.4060008895061326,0.1067644812609257,0.2639240063024609,0.1655552072193032,0.1694619844031609,0.1403061787551392,0.3592759144657771,0.1289114316412331,0.1227136185369928,0.2949618723320998,0.3157347270094446,0.222616252740423,0.3368942626034265,0.1342295201978204,0.1581257099928402,0.1244798051033771,0.1634104395286153,0.143743985478906,0.1651857613618928,0.1171344202961474,0.267887851698306,0.23536982128019,0.3918736163018066,0.1123292967924998,0.2568848890800383,1.4018796104482918,1.650859161201995,1.890344325995552,1.7854855795722682,1.7272388762671285,1.3513773424080016,1.3479287333479453,0.4451388866913216,0.5444866291865798,0.3888552798575889,0.5348878021172561,2.2651978855757746,2.7570596653717527,2.195525887690332
W0073,2,0.5444646808409839,0.7026411866106179,0.2276028581803627,0.4335411926050738,0.4321698177739829,0.1359125683172169,0.3875339481866399,0.1257319894601439,0.9305473851033328,0.1521420215908923,0.3230437514736544,0.8314946732682105,0.5402021669151273,0.1656822528528809,0.3874751260820294,0.2466208571446059,0.1315933845773587,0.3319162204091541,0.617558609462443,0.4836802337586824,0.2045126291286372,0.0,0.1823008725727977,0.3641191081612757,0.2921532785186442,0.1316526499341076,0.4175246565817633,0.1027825356831429,0.300660287757615,0.1553686895257091,0.1216247263607899,0.1195885732497846,0.2027454702936832,0.095951804236811,0.1153245490680065,0.2141488856903511,0.3427111722356312,0.2205997186184106,0.518057423768769,0.1156651241768372,0.1348947552846874,0.1524902572493492,0.1983765038689265,0.1117127461772108,0.1578027114807304,0.1431430102322083,0.2026551849825814,0.1986640870582458,0.3761070260753932,0.1248682798726779,0.0427381856993941,0.6922975731941138,0.8547736051313319,0.9453112816360582,0.9088969047568636,0.7953676524075992,0.7962041792352379,0.4734995193562691,0.3737621549425506,0.33762215377789,0.3582148526093553,0.4030363270570666,3.1343103227041187,2.222025320262784,2.9319770994019043
W0073,3,0.5039609060559254,0.6492026439238332,0.1510109399129768,0.437809880992432,0.3968935980755566,0.1221469829892613,0.331348593512227,0.0977596912567359,0.7269675237682707,0.1204471435164401,0.2340816513269391,0.8148401045568543,0.4013135440491196,0.1281231986144927,0.2834627486084167,0.2202956349398797,0.0957126776754987,0.3183653198221094,0.6104258067377446,0.4075831480810647,0.177154905561087,0.0,0.138372317355964,0.3984814829872586,0.2348423378266126,0.0936922682977792,0.3255372308919315,0.0989833661036881,0.2085485504503397,0.1047059427750837,0.0860362184837459,0.0986241110732663,0.2093723823614498,0.0871866386897785,0.071875151432949,0.1671813514435669,0.2947348766565447,0.1454973205084509,0.529743137002173,0.1065255157832968,0.1143934610363038,0.1304712821727277,0.1597697276256283,0.124313905877592,0.1347287366914309,0.1677545611159783,0.1485137172781939,0.1517807297636866,0.356005048747266,0.0977594095922935,0.0025834756390229,0.3360093318537884,0.4867646521172029,0.4259855245505767,0.4628995696472556,0.3139057393444688,0.373915413463589,0.0713126399657423,0.1330270200956035,0.1362951134246187,0.2688962336674504,0.40774213922925,3.393399441703488,2.6359268631312096,3.0523445715933377
W0073,4,0.3439570596743205,0.541416119988066,0.1470842932005217,0.2729940256279212,0.3331851337189462,0.0979786168746026,0.2704882911211347,0.0666174424387799,0.5251226814123311,0.0885743677624365,0.2365286502939731,0.7314526882785712,0.3516203220289085,0.1109821568371494,0.2801065218647251,0.1851097711510951,0.0734944394824132,0.2125604445378821,0.5981283588572329,0.3346417923320509,0.145509834988724,0.0,0.0920114836436044,0.2534813199565267,0.2083073043962471,0.069367580833259,0.249060113839431,0.0769670270577775,0.2018812700841379,0.0747744033205325,0.064888524094045,0.0822295618074779,0.1992411165246349,0.0536208631600366,0.0717905777080339,0.1271778662282523,0.3059742838535323,0.1137726698101379,0.4001115888390315,0.0947282772660733,0.0681023667673353,0.0933520443578758,0.1461792466350618,0.1016583049848955,0.1168717464884806,0.107965199292757,0.1188385386340154,0.1499808391620978,0.3843550207251023,0.0785157780094752,0.0038550309137891,0.137981947562381,0.2773402230177541,0.1960484733572979,0.3059507301242514,0.1754532390268848,0.1020359155841931,0.0696652565794036,0.0811015915101561,0.1585386803788066,0.2099323904577213,0.2336843149904609,3.5528255944986498,2.1953426464191583,4.4687211635957045
W0073,5,0.2609349288422415,0.5564182603423249,0.1064810978104198,0.2734093442722324,0.2157635331620032,0.0919897162391214,0.2780831157962165,0.063238782892279,0.4225518192125938,0.080380949121063,0.1585394739353247,0.4504283760430787,0.2454240959798417,0.0833811558115479,0.1581437928585512,0.1389736296030705,0.037469633809708,0.200248731558633,0.6213580513180654,0.3173833122638398,0.124276443530395,0.0,0.1052913902679315,0.1879172614195962,0.1880354988128115,0.0613783283937541,0.2475295908712393,0.0652743441882917,0.1284103754758413,0.0485584365702461,0.0553306774984161,0.058372755493577,0.1367501906515941,0.0390284829569614,0.0619270548682313,0.0918673398306486,0.2238199468369731,0.0920119936288612,0.314828910920431,0.0740138860341126,0.0726901985917703,0.070163326206832,0.1138648079663994,0.0685753858173172,0.0870461145838777,0.1008166612170706,0.0726106839322175,0.1148509935183199,0.3420792619157316,0.0588227693850263,-0.0401086528743838,0.0728751760544964,0.2784493146050764,0.1123301018884305,0.226913108822774,0.1460488803433584,0.125753144707578,0.0393008426479106,0.1090193686231358,0.1611749727655189,0.1158976989588798,0.208954891722837,3.907853278465171,1.9058196599467885,3.4996503463443345
W0073,6,0.254353840652685,0.3660681648471979,0.0883651596207821,0.2288363710356308,0.1751060995656214,0.0548477277810429,0.241981171174784,0.0394388514497941,0.3264026133082403,0.0654991402812548,0.1493513672150655,0.4051121212230967,0.1913214568069484,0.0642759197635907,0.1330702234243668,0.0959681385213939,0.0412008257689097,0.1461937821327272,0.525558614224651,0.2108949167684542,0.0855046934090054,0.0,0.0624441700609622,0.1687742484150294,0.1167876411458102,0.0381070247809628,0.1458069172130287,0.0488903405283081,0.1158470554879951,0.0318443136400677,0.0352712886686529,0.044970920891782,0.1165719729876938,0.031000370967306,0.0302291400429948,0.0651064183137404,0.1544526125912741,0.0743616615646322,0.2439123528552391,0.0492829202417657,0.0412214342276708,0.0372045011488998,0.0906297990550888,0.0424883213457191,0.0489137455574705,0.0646456015103592,0.0615031544712061,0.0853962720344634,0.218500489920965,0.0517133766284108,0.0684116588240088,0.1031377485886355,0.2018439495242171,0.0797232270061295,0.1183138304720518,0.0574800089342084,0.0528342112222012,0.0766412678713467,0.0794316466133472,0.0691580237218042,0.1550957767011997,0.0961232747997605,2.858817712651047,2.0664823859495693,4.365926660814059
W0074,0,0.0612244897959183,0.0612244897959183,0.0612244897959183,0.0612244897959183,0.0612244897959183,0.0612244897959183,0.0612244897959183,0.0612244897959183,0.0612244897959183,0.0612244897959183,0.0612244897959183,0.0612244897959183,0.0612244897959183,0.0612244897959183,0.0612244897959183,0.0612244897959183,0.0612244897959183,0.0612244897959183,0.0612244897959183,0.0612244897959183,0.0612244897959183,0.0612244897959183,0.0,0.0612244897959183,0.0612244897959183,0.0612244897959183,0.0612244897959183,0.0612244897959183,0.0612244897959183,0.0612244897959183,0.0612244897959183,0.0612244897959183,0.0612244897959183,0.0612244897959183,0.0612244897959183,0.0612244897959183,0.0612244897959183,0.0612244897959183,0.0612244897959183,0.0612244897959183,0.0612244897959183,0.0612244897959183,0.0612244897959183,0.0612244897959183,0.0612244897959183,0.0612244897959183,0.0612244897959183,0.0612244897959183,0.0612244897959183,0.0612244897959183,35.0,0.0,0.0,0.0,0.0,0.0,0.0,0.0,0.0,0.0,0.0,0.0,0.0,0.0,0.0
W0074,1,0.4402341802036904,0.4797541352230277,0.2440798458828143,0.3338794913370859,0.4420898414761197,0.1291077595439965,0.3589753631770365,0.1488173935902722,1.2902676549373402,0.1969970615701035,0.371232256243973,0.7742398262278655,0.5043579150873516,0.200053391538383,0.4159841928862613,0.1868419992852387,0.1415264180630354,0.3302585167907665,0.5104226480951841,0.5869871717205931,0.2230846759581132,0.127687486746124,0.0,0.3714225254859375,0.2578950838977945,0.0950628629428135,0.3737814301847199,0.0916303182383541,0.2887565057176722,0.1850528824021676,0.1129484793327928,0.1165082968580504,0.3645623016693819,0.1052418318353322,0.1189420371214044,0.2379009083375738,0.3489956957149031,0.2779357296987086,0.3838776948095051,0.1555321141182505,0.185707248503173,0.1509063109342638,0.1790745106371567,0.1390118182066431,0.1904709534087578,0.1626999582870754,0.208042343848168,0.2001731677235021,0.3299188133215228,0.0951622170708452,0.2881220980780498,1.1623317601301504,1.5722080890553505,2.2493948609903462,2.018994925802959,1.774665780217785,1.4757158949886235,1.432788330709555,0.4087571280777644,0.6046647210182914,0.4599071788959711,0.3449812580657909,2.0483968660577405,2.928905662108212,2.6507509405791683
W0074,2,0.4793531069151376,0.748381283154893,0.2535851134543884,0.3232921969931506,0.4623160406448162,0.1248428072122553,0.3707072596382496,0.1353482551754238,0.8692285758945314,0.1476376934715734,0.3901296769092997,0.8342753921447565,0.5193577832979445,0.1567065764032549,0.3466724249707633,0.2536197401566241,0.1085140187027864,0.3416009818472309,0.5489014185528246,0.4720412574865705,0.1859114150355824,0.1668300116768449,0.0,0.3407766532463608,0.3083753432379757,0.1245453037143388,0.3865944292636362,0.0854504771056695,0.2843158637843698,0.1396550706702139,0.0946541219279293,0.1049519894566655,0.2808971268279392,0.0992288889895974,0.1140572409074743,0.2059792464041524,0.333633959058621,0.234788964582659,0.4691791120548785,0.115920951983843,0.1409640273000689,0.1263610488743404,0.2250001683289086,0.1242552757907796,0.1818913476316237,0.1658562389352919,0.2254830306797107,0.1668271542307819,0.4601806369908763,0.1299083379321303,0.0904621311568199,0.6613401973306827,0.7703029576942659,0.8302531882660208,1.1125218240985069,0.8663321365530993,0.8403857108390439,0.4314839244191343,0.2456413002340631,0.3315619846738855,0.2683249301990407,0.4445586516620388,2.6545182396531546,3.0502972129311066,3.770022055118373
W0074,3,0.4453368569962752,0.7695147366685607,0.1440599840327858,0.3941342647323955,0.3773456355524888,0.1083855720521883,0.4137625945664591,0.0939343683271806,0.6596400826353274,0.1169290300374392,0.2557534815612359,0.7473466794815052,0.3544423539877827,0.1550919066442644,0.3086830542272867,0.2247089934348649,0.0804057198839511,0.3132048152863623,0.6814017949266669,0.4223659289517981,0.1591608733245352,0.1269645447846043,0.0,0.3388970623728828,0.2634816132977338,0.1030441939883993,0.3713114766651011,0.112377828280241,0.2218151465798702,0.1047625026375137,0.0844312342540424,0.1342643333347297,0.2123595862842645,0.0828008730254961,0.0665490622252304,0.1807332570004862,0.2766515908810578,0.1246695648402798,0.4520127368631349,0.0855762337112071,0.1064591227846202,0.1289533558178192,0.1491100905649417,0.124065318627405,0.1385533673287761,0.1466201022440221,0.1481303928611392,0.1880200843373218,0.4271055553902967,0.1167608481846986,0.0081363898959398,0.3412559645425969,0.6009313400294676,0.409498259703439,0.4876419313940252,0.3430481331478222,0.3516553491734354,0.2296712470650495,0.1790262818390399,0.2051796805737471,0.2007916918730277,0.2480903386319161,3.0433749863282613,2.5883828166683958,3.9312711840460537
W0074,4,0.2915117443101403,0.5393038380508153,0.1299282148723035,0.3035891647849526,0.3514922685830805,0.0806642993108568,0.291286556133415,0.0701300857509316,0.4911829424893542,0.1354275991479403,0.2640923632128936,0.5283599288250594,0.2844774274690624,0.0798413700377665,0.2566236628700538,0.1509207222628281,0.0603208488203531,0.2260930093727524,0.594130246006847,0.3597194615315206,0.1279541523597744,0.1025231361470039,0.0,0.2591827467740304,0.1892608429503455,0.0868801044763414,0.2514725431711355,0.0635462879800824,0.1623237606005452,0.0821379943882655,0.0561053349249886,0.0598899636538305,0.1777629818212348,0.058474784571509,0.0662945730756557,0.1220946774583003,0.2575670224210131,0.1336516817569501,0.3732615821384275,0.0787681500390649,0.0909480673417387,0.0898476136023878,0.1676810632199865,0.0890027529981324,0.0992865745430078,0.1161733443644854,0.1228465696955925,0.1300904876159366,0.3898646519346196,0.0811585785707514,0.0049919149691773,0.1990090709082953,0.5003017696730702,0.1281769255789122,0.2579193505913553,0.2359331586068398,0.2535945072711018,0.0426552726284429,0.1521028495614493,0.1233900223072491,0.1699107695574964,0.1889057672957604,3.06135865901459,2.4010161814541164,3.532944322504508
W0074,5,0.2600612564063727,0.3685922857818908,0.1136832376468978,0.2883632890801393,0.2358908542658429,0.081341981222379,0.2277296158102327,0.0479207116860302,0.3987846432179974,0.1059724399248339,0.1646197005837888,0.5181116728221831,0.244751561353663,0.0574623558100593,0.1877434421128773,0.1484210857203228,0.0580258751054507,0.1615572168968037,0.5730995456114802,0.2526397254786134,0.1021993078618481,0.0816521459074374,0.0,0.1702580921444594,0.1524861867247983,0.0700568730122058,0.1606248578542898,0.05570554807677,0.1379007226176234,0.0549133099324837,0.0452438577435151,0.0545280984343106,0.1614295281603255,0.0466768885660271,0.0612196374672572,0.1044154633081003,0.2031142560092986,0.0917667722274267,0.3122303275262263,0.0484872378694598,0.0619100156378806,0.0890234470051071,0.0978356104059578,0.0675964763568699,0.0828694921453456,0.0838291997963602,0.0879559007088854,0.1239718653588206,0.2737013809154204,0.0604107981676175,-0.0402366322517961,0.1530519433658971,0.1634285546620481,0.0566856051758766,0.2013700801026907,0.1859014201752922,0.1785574125298422,0.0966053177906204,0.0323926586388526,0.1217354349587657,0.1274919001063926,0.1791148949915504,3.382166581402079,2.2286738433417046,4.2364981473462855
W0074,6,0.2179910171199527,0.3315490685199501,0.0759567867114826,0.1825185886501039,0.1881019784144965,0.0388898508505989,0.2275079019007743,0.0323669867258497,0.3352950183275489,0.0632927462030999,0.1265561190434398,0.4977281965777526,0.202338702217119,0.054074125492508,0.1354371447113652,0.1104225707082158,0.0396621580760891,0.1359722382634717,0.4601510044025063,0.2070689940983995,0.0812770550726132,0.0685964247297719,0.0,0.12117187854252,0.1242473640585756,0.0379334581871691,0.1491256469213465,0.0474718967930482,0.1057762441946623,0.0410470890204991,0.0467676902278906,0.0453438164860687,0.0879109998298949,0.035396278969557,0.0506218763771181,0.0716193958153474,0.1606758079384472,0.0650336092777053,0.2601300177093264,0.0441766804199729,0.0481960961355615,0.0513296021134765,0.0880073981835442,0.0433188132781431,0.0761694840444156,0.0843429854737572,0.0581869937222,0.0858421760138678,0.253405916652907,0.0318231570945317,-0.0180960382966817,0.1295465841044973,0.1557355574270064,0.0644615062913242,0.0835041933186832,0.103487480672501,0.0750408293083711,0.0042967001973869,0.0505738295846138,0.0945687075572778,0.0967206481462027,0.1221223035895424,3.125106968629677,2.158529530698635,3.664109054447266
W0075,0,0.0612244897959183,0.0612244897959183,0.0612244897959183,0.0612244897959183,0.0612244897959183,0.0612244897959183,0.0612244897959183,0.0612244897959183,0.0612244897959183,0.0612244897959183,0.0612244897959183,0.0612244897959183,0.0612244897959183,0.0612244897959183,0.0612244897959183,0.0612244897959183,0.0612244897959183,0.0612244897959183,0.0612244897959183,0.0612244897959183,0.0612244897959183,0.0612244897959183,0.0612244897959183,0.0,0.0612244897959183,0.0612244897959183,0.0612244897959183,0.0612244897959183,0.0612244897959183,0.0612244897959183,0.0612244897959183,0.0612244897959183,0.0612244897959183,0.0612244897959183,0.0612244897959183,0.0612244897959183,0.0612244897959183,0.0612244897959183,0.0612244897959183,0.0612244897959183,0.0612244897959183,0.0612244897959183,0.0612244897959183,0.0612244897959183,0.0612244897959183,0.0612244897959183,0.0612244897959183,0.0612244897959183,0.0612244897959183,0.0612244897959183,35.0,0.0,0.0,0.0,0.0,0.0,0.0,0.0,0.0,0.0,0.0,0.0,0.0,0.0,0.0
W0075,1,0.4003061798418181,0.5600490179077218,0.267155849081705,0.3816401272417103,0.4021890735147257,0.1521099415047458,0.3567118714255462,0.1723177389196407,1.1952477543729467,0.1796605761781839,0.3613242843574694,1.0008482528967786,0.5168458344625441,0.129953448949365,0.3415241978489298,0.2275555856523886,0.1416772060993041,0.2848322431183425,0.5850505283810247,0.5723476227253961,0.1816248510150066,0.1481643090305487,0.1418271844515015,0.0,0.2505645786383557,0.1123668189133545,0.3683862205998332,0.0874076494034273,0.2335188999469804,0.160860797943284,0.1265966731021717,0.1302151678066969,0.3429296068922144,0.1428417226884516,0.1216142670581684,0.2670312935620241,0.3220004875219763,0.2652379089992751,0.4431690188881979,0.1674523974046089,0.1309132240228823,0.1463960718713955,0.2108557841235507,0.1177642414378417,0.1815694792178694,0.1339760870200057,0.2455624778012691,0.179931523915114,0.3963478605257775,0.1184049339465975,0.3351591836784547,1.4149586514476904,1.7118622424879306,1.4957343612725036,1.814476771831902,2.2726945953623563,1.4461065190968476,1.4840584567513926,0.4263103346455331,0.4576523111965398,0.5417867776704078,0.4403467779615296,1.8702090627675825,2.3898143352801418,2.512281513931838
W0075,2,0.5218307921401653,0.6890606609021268,0.2239695686975237,0.4719523393884026,0.4204900585839818,0.138392066414716,0.4236190219317113,0.1290207589800029,0.7761766508902261,0.184027011899073,0.4042653329397493,0.9739902294448076,0.4893000255568372,0.1773882918916642,0.3845333042701676,0.2484478412210223,0.1050382876660022,0.3161767988965263,0.5411293633970736,0.5826253602902257,0.2049715099037699,0.1462509767578171,0.14465102380556,0.0,0.312178682079078,0.1291752565673284,0.3978361185372346,0.0982169818817299,0.2642917501433902,0.1365652907837253,0.0923184470614242,0.1075777640687791,0.2949726265199672,0.1024439810289356,0.0927863126821414,0.2177881226362988,0.3101389308798241,0.2398916441354031,0.3992855083135246,0.1285337008578949,0.1007278515149257,0.1290365262409408,0.1810097193477036,0.1012097743123434,0.1932053959253813,0.1773087386516094,0.1741741006991833,0.1913775009937717,0.4638759182493663,0.1113401360550232,0.0702032386111163,0.7039497895800301,1.2044332348615383,0.6298362062873863,0.8609762115896601,0.6675589166284336,0.7026265325676465,0.388608574653583,0.1853069716864807,0.374792370414194,0.2671502351755527,0.4068294783392734,2.6799795577027137,2.680743498110743,3.176757281677056
W0075,3,0.449517996562076,0.633431644135975,0.1899443916876743,0.4208741684528698,0.3798819694957885,0.1251230733702528,0.3641397489513273,0.0947963697072928,0.6898889525296216,0.1341413208150582,0.2790528299703569,0.8688156659860766,0.4058918841791181,0.1420022128255441,0.3055022687936176,0.2195244680689175,0.0713825464461265,0.2781419017104203,0.6670176048666533,0.4248193297658552,0.2065914450461267,0.1254473645190564,0.150776986537276,0.0,0.2429760381652284,0.1069784336440763,0.3742681353108137,0.0827898295807542,0.221911619190363,0.1049553838629712,0.087934485351191,0.1071490605446542,0.2705195822989439,0.0772376038673446,0.0967008895210439,0.1810455362495882,0.3114552454436339,0.1946876078908024,0.4433631529930775,0.0961984140469347,0.089741094572276,0.1143175780509775,0.1815140982325156,0.1261231839425928,0.1350430926124239,0.1421023774505256,0.1573999738454814,0.204575183929872,0.3791523563891721,0.1014936170824334,0.0419077927046135,0.4275939100115785,0.5309625894071021,0.3664293516444781,0.4780486735875369,0.3183338543364156,0.3671462521831602,0.207822765151955,0.1966307381189048,0.2193399847723703,0.2922189219911843,0.2880497375479126,3.379806631180034,2.286749728388789,3.0866267238538603
W0075,4,0.4050518993690495,0.5340782516643765,0.1470169728632853,0.2992095747640202,0.255282917403404,0.0890381562823374,0.2587731274929547,0.0598651655678276,0.4995388150206618,0.1138800749600883,0.2359106999278503,0.7042477039166553,0.3375121220352062,0.1118114329804699,0.2837697892494296,0.1776121090171246,0.0531726942940247,0.2575764052779334,0.7019584583281798,0.3721126232294531,0.1375737294204203,0.1177315830780377,0.1411062962243073,0.0,0.198397959673474,0.081472478604282,0.3078024592725664,0.0839118072156423,0.1663655231359661,0.0503025687153761,0.0724227619512159,0.0707881642699312,0.1813682425318916,0.070762966687176,0.0640353679082979,0.1317237088715392,0.2934252761027353,0.1445808789362624,0.4583498239445913,0.0760089264713901,0.0798430617720254,0.1002729608252101,0.1302873536723272,0.0790312026880927,0.1028372355833692,0.1162415392179181,0.0949291211158211,0.1634160219856709,0.3191048921534901,0.0751639669332984,-0.0417128742096928,0.2694794965314924,0.3429244944755619,0.217267523653403,0.2610686271146455,0.1439679792663,0.294445111323955,0.1283882836062462,0.14152873001172,0.1446206772288079,0.1396432105895137,0.2588896717850912,4.079010260446736,2.308735947544512,3.5602821401163456
W0075,5,0.2949460682659107,0.4717654576421689,0.1203045097001451,0.3264541672817838,0.2194703080710957,0.0881578279958188,0.2628013778606549,0.045177894162119,0.3763768326186232,0.0843455503882663,0.1916519536679515,0.5701623231063967,0.2163012520887237,0.0718445933537917,0.172485077811063,0.1508062755378118,0.0461181681977892,0.1996226007334072,0.4518051413984849,0.3090842295407379,0.1116520449934619,0.0890075966645552,0.0859551811057753,0.0,0.2139631736048791,0.0730282346838867,0.2429183455863869,0.0621555729005721,0.1134137407138866,0.0552087377231395,0.0422969330126123,0.0710281440226231,0.14560976037853,0.0595286486718508,0.0631669801049947,0.0944595000263407,0.1776318815784453,0.090158823940386,0.3576789711138299,0.0669294718309068,0.0560085574529134,0.0607053257145883,0.0875861813098727,0.0583405732799742,0.0664696979379046,0.0925277171703792,0.0714342194190433,0.1091935167473226,0.2662836267504736,0.0654454765204141,0.0189670409261379,0.0855236411965933,0.2561721811913898,0.2098851301218231,0.1952636825333498,0.194869249054746,0.1058194820099697,0.1007263810156939,0.1935098915706393,0.0936952997275467,0.1439600599583971,0.2318568746190393,2.781939339967497,2.662972945141045,3.100019323691645
W0075,6,0.2611642828863387,0.4408119961692189,0.0875983351164163,0.2101937469982139,0.1819747695986729,0.0461892750096689,0.2204367594114737,0.0446099627685693,0.2735865923700816,0.0766060348466935,0.1672475886979187,0.436110983041397,0.1836925335014734,0.0548087771807261,0.1245539722818046,0.1224177431626854,0.0410437834122847,0.1561438048233829,0.5185014710161945,0.1915074558189927,0.0818583618259317,0.0588638271237723,0.0718772473285308,0.0,0.1200273669322351,0.0500800864365513,0.1616756970822175,0.0495665514105148,0.0988533534887241,0.0572485562272415,0.028064768894618,0.0494302888278511,0.0881097827211672,0.0431559646144118,0.0526877368293511,0.0842870084799478,0.1920856839784998,0.0789608096325865,0.2264321740115283,0.0361220300237896,0.0426909984607679,0.0520755109111634,0.083352772415677,0.0574984952991342,0.0775965475209082,0.1018210340981555,0.0422410142830529,0.0791730419339377,0.2456062508656929,0.0399377938284715,0.0316526318061197,0.0958922379893588,0.1436499396506491,0.1573521599609228,0.0921365072004623,0.0077800335983664,0.0972568432991472,0.0916154426845083,0.0231604924937722,0.0771197712083949,-0.0014880453626786,0.151005360040648,2.943510743909311,1.8085643858964389,3.290240925127069
W0076,0,0.0612244897959183,0.0612244897959183,0.0612244897959183,0.0612244897959183,0.0612244897959183,0.0612244897959183,0.0612244897959183,0.0612244897959183,0.0612244897959183,0.0612244897959183,0.0612244897959183,0.0612244897959183,0.0612244897959183,0.0612244897959183,0.0612244897959183,0.0612244897959183,0.0612244897959183,0.0612244897959183,0.0612244897959183,0.0612244897959183,0.0612244897959183,0.0612244897959183,0.0612244897959183,0.0612244897959183,0.0,0.0612244897959183,0.0612244897959183,0.0612244897959183,0.0612244897959183,0.0612244897959183,0.0612244897959183,0.0612244897959183,0.0612244897959183,0.0612244897959183,0.0612244897959183,0.0612244897959183,0.0612244897959183,0.0612244897959183,0.0612244897959183,0.0612244897959183,0.0612244897959183,0.0612244897959183,0.0612244897959183,0.0612244897959183,0.0612244897959183,0.0612244897959183,0.0612244897959183,0.0612244897959183,0.0612244897959183,0.0612244897959183,35.0,0.0,0.0,0.0,0.0,0.0,0.0,0.0,0.0,0.0,0.0,0.0,0.0,0.0,0.0
W0076,1,0.4258250809443774,0.3801034089938669,0.2175075686256004,0.3229013019185433,0.3980712066772081,0.1434728178826323,0.3505169357169518,0.140177023661963,0.9141534485920926,0.1928779286818941,0.4381394180863334,0.9432868637050256,0.5626461696859859,0.2208388967663683,0.3898061292672691,0.2273000525852798,0.152360064780836,0.2664684256498807,0.5401929507160356,0.565028129472893,0.2242254909812414,0.14518583580718,0.1170646097026365,0.3330313064412736,0.0,0.1036246075404046,0.333868745407917,0.115264846576141,0.2007446802509296,0.1260936774490118,0.1209205946763307,0.1216789437228306,0.2938186930896035,0.1092293081460311,0.1153536428139785,0.2092531869606672,0.3565455737575427,0.2978396061111872,0.4260145803689648,0.1503479386640113,0.1449596991119621,0.1293088993718943,0.1712739734550492,0.1422840725416052,0.1874825999979891,0.1210232307009536,0.2049711914375293,0.2173568392034615,0.316392190586515,0.1177882231490965,0.3246047293835677,1.5353837060640598,1.4645015535751356,2.1651795143777046,2.0510698162681464,1.2202240450841524,1.4108860729740338,1.2983578189379548,0.3922986102689397,0.5468155492453405,0.4121007057023636,0.4355837246122658,2.3493846554427624,2.6403259903001164,1.987281106163784
W0076,2,0.4467394497928572,0.5753899536135522,0.259845597863752,0.4781900455546299,0.4836198576452443,0.1463213742098444,0.3749874566093574,0.1300735211598007,0.9340637434953613,0.1488118502273453,0.3266511229701987,0.8530744053660418,0.4775142715622915,0.1898204713072203,0.3536628480071137,0.2567530377474937,0.1180195781817956,0.4045503760889786,0.5507526391060255,0.4989014710024864,0.2017228288216642,0.1504314208987878,0.1435966984713972,0.4513447563968267,0.0,0.1293925065496773,0.378747897688696,0.0904439879865189,0.216018329297703,0.1205710285508997,0.1276493626297367,0.1281229405144868,0.2841581160708722,0.113067632187208,0.1222249329969172,0.2202882191042715,0.3449397188161139,0.2276097461461,0.4990321257577129,0.1038512824798235,0.1327947885037621,0.1412619787530043,0.2038693714101252,0.1343745062536217,0.1705265755466353,0.1503289407537197,0.1837044800745083,0.2053904564792175,0.4132960854072243,0.1012913857041205,0.1462787570707986,0.7152420941319293,1.1190273091678218,0.8644679106963132,0.932228554029244,0.7899130721337537,0.7419320274207817,0.3794460331342914,0.3324458288398441,0.2834539380696411,0.4408201055008286,0.4398449275723092,2.854662941116924,2.917465597568414,3.5077802361026
W0076,3,0.422526222329398,0.6170176499569846,0.1743288340090731,0.4157448076940879,0.4032033991765811,0.114649579062847,0.3175510304611986,0.1015367113702643,0.656003060702416,0.1218719249173511,0.2744202524129528,0.8142529330278266,0.4126414968677566,0.1327855338985072,0.3202441903707754,0.2171820609991611,0.0924420249954505,0.3205380409227215,0.6320497378955767,0.4139139300211408,0.1630974198140255,0.1342525232757481,0.1408847327780643,0.3993256971334833,0.0,0.0918143309309231,0.3353018689555,0.0856735073116548,0.2120456120819076,0.1017157081985851,0.0849574421501433,0.0694234513348432,0.2040249509469245,0.0597525837455554,0.0926879494077923,0.1774070234848429,0.2611768434279468,0.1625230615516206,0.455007160572579,0.1097896858006248,0.0952424770414748,0.1203998854122971,0.1907336440100865,0.1092824062771633,0.1565457809999104,0.166709603452613,0.1315459083023091,0.1907240654005263,0.3880446208759588,0.0738755181907346,0.0720724579158854,0.4125656147068602,0.5828735319708331,0.4349164011304101,0.4224140907355654,0.4703859963110534,0.3627230224217563,0.2076201644937368,0.1629775359197181,0.2945244519773196,0.1008906613943412,0.295607336006534,3.77809166137647,2.59514907486812,3.814449577961201
W0076,4,0.3190591508932847,0.5397480458727136,0.1613340062759006,0.3773888107808311,0.2910310979310245,0.092883316357055,0.3156066398721541,0.0742460809476422,0.5240680620927542,0.1313463542082469,0.2108222698414836,0.5693517191209434,0.3153367584681452,0.1060057037353941,0.2186166992357091,0.1700029155654736,0.0714039921384895,0.2220512272350103,0.6352406055579973,0.3547665155443115,0.1480162285594939,0.107517900839842,0.1174989665091775,0.2667378084218672,0.0,0.0671895588630484,0.342494014847467,0.0778660328994006,0.1786959749357969,0.0897253296885244,0.0645691800764988,0.0922828054886014,0.1804547962439694,0.0521411808176014,0.0567906666015796,0.1156961851639712,0.2703632453896579,0.1183804224556469,0.4079197308813113,0.0986288073150688,0.0749426205196067,0.097943602169993,0.1434890448647065,0.0860657175068297,0.1123178431568225,0.1236161078213072,0.1106371888812482,0.1299797064029696,0.4074599489560562,0.0735555617535419,0.0564156755197572,0.1724765775507918,0.4286514773087911,0.2407823055109945,0.1820838672254001,0.2118690509526693,0.2298953828256818,0.1036452699096601,0.0493848261556217,0.1423571987216876,0.1137695806822832,0.1922593686249105,3.4472304445644864,2.564568925497273,3.38939775574237
W0076,5,0.3015872994850285,0.5734014289537254,0.1259235982197116,0.2634200810286038,0.2071816525091011,0.0682044999961208,0.2608046472138733,0.0493310632852872,0.4315564168226805,0.0901213633680406,0.2001526364711796,0.5276670838622396,0.2366834363228924,0.0789925564472548,0.1928719726966007,0.1746887576394225,0.0624008288075481,0.1936956662394726,0.5724814857148454,0.2480479439759865,0.1082262190656418,0.1007910865299095,0.0706184141611571,0.2190025986924371,0.0,0.0589734261582484,0.2563569098846812,0.0512820720232619,0.1207422112827064,0.0417581892734133,0.0540521447550729,0.0553114716684041,0.1302744810628963,0.0623044528527747,0.0557743971708106,0.0872976042975825,0.2155671130817377,0.0907226576626,0.3181199587539666,0.0600572160041679,0.0695940418462542,0.0537703058501902,0.1106679081275133,0.071700311711343,0.1142422751128982,0.0882709834504953,0.0780990886914971,0.1217161885813987,0.3513550637341917,0.0467958206864304,-0.0177942570889913,0.1130188020863641,0.1566759958257566,0.159137221122625,0.1685257970394194,0.1644531777093262,0.162498381925189,0.0420196827194988,0.0032804171943284,0.0434707699138516,0.0741726391340583,0.1437401338880568,3.364338760571288,2.38140225212036,4.318509628145424
W0076,6,0.2338747170486315,0.3609727819833782,0.0823182885353658,0.2073530456150294,0.1684945854450415,0.0552356125167658,0.2398026446698523,0.0420158316011564,0.2733840991427434,0.0677706289492631,0.1450147464823753,0.386700270523199,0.1517740979680434,0.0641634861309828,0.1256560679847786,0.1157274871479193,0.0410385447895766,0.1636035109195252,0.6387203706776619,0.2212082563050867,0.0752695519555075,0.071891096874055,0.0597322383042226,0.1861369097921651,0.0,0.0611950065526212,0.1706793846083651,0.0554520281764879,0.0901080540929782,0.0434725831291883,0.0376966701960096,0.0501542620784409,0.112611500471619,0.0311215978346747,0.0483146669728137,0.068410391534265,0.1710097180159282,0.0881210036483162,0.273724541659447,0.0451629208859155,0.0423515230095289,0.0503989819709456,0.0895801083345637,0.0489930433813125,0.0606559287565944,0.0628082203046957,0.0599558008925748,0.0958308901917147,0.2468834026541756,0.0450409011439055,-0.0669104655591633,0.0862910900831027,0.1576749153389977,0.0244386966988549,0.1286769857836062,0.205451413122794,0.1084134088754338,0.0125658602469155,0.0824235508373006,0.0283920065552606,0.0963870057726637,0.1100051058446755,3.204921930150673,2.214778736015713,4.327347568538006
W0077,0,0.0612244897959183,0.0612244897959183,0.0612244897959183,0.0612244897959183,0.0612244897959183,0.0612244897959183,0.0612244897959183,0.0612244897959183,0.0612244897959183,0.0612244897959183,0.0612244897959183,0.0612244897959183,0.0612244897959183,0.0612244897959183,0.0612244897959183,0.0612244897959183,0.0612244897959183,0.0612244897959183,0.0612244897959183,0.0612244897959183,0.0612244897959183,0.0612244897959183,0.0612244897959183,0.0612244897959183,0.0612244897959183,0.0,0.0612244897959183,0.0612244897959183,0.0612244897959183,0.0612244897959183,0.0612244897959183,0.0612244897959183,0.0612244897959183,0.0612244897959183,0.0612244897959183,0.0612244897959183,0.0612244897959183,0.0612244897959183,0.0612244897959183,0.0612244897959183,0.0612244897959183,0.0612244897959183,0.0612244897959183,0.0612244897959183,0.0612244897959183,0.0612244897959183,0.0612244897959183,0.0612244897959183,0.0612244897959183,0.0612244897959183,35.0,0.0,0.0,0.0,0.0,0.0,0.0,0.0,0.0,0.0,0.0,0.0,0.0,0.0,0.0
W0077,1,0.4960765999748143,0.3545260504127652,0.2248496129440062,0.3258109189014735,0.5076764917471888,0.1515006605785293,0.4414418689049223,0.1365456823330342,0.9216814321529596,0.1505160186834672,0.3659754357309754,0.8528045306583556,0.5877623324039701,0.1780023737724054,0.2717726080893879,0.234403196148395,0.1617020059159949,0.3411981923962608,0.4954548429690135,0.5839244742379168,0.2299807198482205,0.1403060946824859,0.1480295057553511,0.3483058322206045,0.2285533247569253,0.0,0.3607062935761655,0.0781338780892861,0.2013143949381488,0.1794513393237291,0.1467833623190994,0.1272606970703673,0.2989524494943667,0.1129429901925953,0.1223584782488612,0.3145996330879431,0.290694099677835,0.2733134013180887,0.3918835352295213,0.1282629132494009,0.1712587203383193,0.1408694980342075,0.1851592838890574,0.1568774447178314,0.1711457686651747,0.1147095664052643,0.1928940109239608,0.1835197424996948,0.2977355141327342,0.1108263195887837,0.2910469947316152,1.2155594831342544,1.5772811547800347,1.7250226771350787,1.7526344570854469,1.9857597874411963,1.5303702354828024,0.9041584050024652,0.2563436734792534,0.4214817837269075,0.4583732296455072,0.4908261742086829,1.5955887648715574,2.817291658534129,2.5391671695677
W0077,2,0.4479605461958147,0.5759962893782792,0.258920399618595,0.3831559634990383,0.467755940707496,0.1487763287478257,0.3360706905919746,0.1221990722723167,0.8624685578498468,0.1222976027488623,0.3614446374491282,0.8733773327487315,0.4832915652560604,0.1699814077810673,0.3154220196238487,0.223548973532794,0.1264747618614483,0.347174902340455,0.5527366681742276,0.4325002856412863,0.2344660802191827,0.1698265339180806,0.1730802808746615,0.4299125509010301,0.2809168565734832,0.0,0.3581267962923429,0.1128662403856517,0.2926988766069003,0.1140574785733193,0.0998115244976634,0.0917218572382116,0.2924117620294778,0.1134876872861138,0.1008364302501074,0.1866540277273394,0.3268314499237437,0.2210140120291041,0.4800208018313032,0.1237179097657145,0.1523340428730732,0.1360006868989722,0.2240354088055237,0.1171630819209783,0.1609582018343296,0.1561942625338343,0.1895148457778215,0.1777393803839191,0.4255223549926239,0.0989310573563373,0.061253363313578,0.9126520063042548,1.0133326453855185,0.8305069431385284,0.8416711454058721,0.7638392637208775,0.7144286940901553,0.5368013928516553,0.2480875429261787,0.3967648578139186,0.2927789636399243,0.3440662872805387,3.3554714612244,2.825491927006578,3.14159408319884
W0077,3,0.4148854584392573,0.7071880915042891,0.1912257536213653,0.414335316204811,0.4226034796661698,0.1130556556389347,0.3423025399813832,0.0834207823580764,0.7171248929581738,0.1333218811647592,0.2425054311729229,0.8335446681502221,0.441503768146274,0.1161024297739454,0.3190918633520057,0.2184993374466332,0.0745813359952049,0.3414442795641621,0.6155872590589935,0.39580508785416,0.1781147780866331,0.1214893022694174,0.1403507615306481,0.3468410913172124,0.2699557984397751,0.0,0.3168259285971231,0.1080072181491394,0.24381290123677,0.0988804520799269,0.0790134444752188,0.1004810087658804,0.2627288638010079,0.064236686402666,0.0705277559297832,0.1564352167309446,0.3645222675862609,0.1929498606980851,0.460578863177943,0.0866584035818052,0.1081040327524173,0.1402794960061299,0.1639650188446776,0.1003582422476449,0.1649226578490249,0.1452502673455552,0.145180287025049,0.1428762283350379,0.4097476785396017,0.0831773235478314,0.0065767469198677,0.3775573127427422,0.5708271107397996,0.3696706159253204,0.4694971749971379,0.3908671725915593,0.4221182437103158,0.2405358641499444,0.2130070058349065,0.2281574323031293,0.1506925502947683,0.3324697053945939,3.074788203860013,2.317246041300712,3.113786026751681
W0077,4,0.3310369502379637,0.5952930117754799,0.1430711811847667,0.3625674285632081,0.3215962505844808,0.0923346143272906,0.3018654249963362,0.0802148482464376,0.6206667179830501,0.0926681234603976,0.2451563907798184,0.6233146701018293,0.2418972869644852,0.1113621438596531,0.2314735543629621,0.1498580345176975,0.065004686835387,0.2818461104596619,0.4623533601378384,0.3153613202437807,0.1247139011987161,0.1162891049204345,0.1174996744561639,0.2917760857705172,0.2132577174902271,0.0,0.2924020343358384,0.0890977799480826,0.1874924591547406,0.0803022942755134,0.056734310720854,0.0706846601085011,0.1945391059265876,0.06689486883174,0.0552115586703006,0.0965018324821222,0.2354229101728592,0.1398335090138905,0.3803628798609,0.0825166685979491,0.0756983311181004,0.0815799470454354,0.1447559296410421,0.0811720055443961,0.1126582008176176,0.1196793786221504,0.0989889472007731,0.1153979105382091,0.3627567011342232,0.0792104436957029,0.0608475476872902,0.1946187842390436,0.2272907878261705,0.2498463635142849,0.2723375279360778,0.1836066975780969,0.1868619562326908,0.1181570388855716,0.1321432375260754,0.1703962213871167,0.0964671941544627,0.1843262610848048,2.913918889342006,2.2447337233338573,4.118113159913043
W0077,5,0.307181615033713,0.4368281601122203,0.1060323738014285,0.2879830271344963,0.2207006060977087,0.062393878807735,0.1914669175753751,0.0464605518852672,0.4358554784272554,0.0754501306526179,0.1673683263645892,0.5409673747039456,0.2294858237943579,0.0818952842748668,0.1843437100098182,0.1334177830361602,0.0429726335099339,0.2168428112237629,0.5677293442956953,0.2587587688368775,0.1149812688358555,0.0892444503675554,0.0828478887998909,0.2087006941987599,0.137545467573393,0.0,0.2532858571043698,0.0423357052424819,0.1130783950007157,0.0419227428738393,0.0556781961051912,0.0676335423419965,0.1290663989516802,0.0405371200273895,0.074988053294961,0.0830640473586951,0.1968378054679337,0.0660523594666588,0.3275913498597022,0.063006700438091,0.0474134927273966,0.076095881630678,0.1189591023318811,0.0593091884118322,0.0895092979254417,0.0794615900201627,0.068268165931835,0.0959518286374966,0.2913882888741997,0.0499619207680806,-0.0245751265086664,0.1852850558659606,0.2494690127455538,0.1276677565137942,0.2675617595377692,0.1768383027786336,0.0624684849183044,0.0449429442618681,0.0443291547090708,0.0943992620392522,0.1491537281346129,0.1054858718276968,3.546845766063228,2.021572521455448,3.655139248527332
W0077,6,0.2162662434760107,0.2943583147397492,0.0891530392258246,0.234505286783491,0.1552854113562129,0.0589890329013896,0.1746094118846743,0.0493556402059589,0.3402206145938261,0.0696462049511425,0.163320699099026,0.4141890998427041,0.1828728993992482,0.0557592124644275,0.1110293758392064,0.1037396490719553,0.0265132999623154,0.171574409060936,0.5199270450369213,0.2072708696619567,0.0897658446087835,0.0796780220679012,0.0607941041133812,0.1740539037584172,0.139938146413268,0.0,0.1645913608570722,0.0431249412196881,0.1049064887986021,0.0450852654983116,0.0399657261754085,0.0365794442592976,0.1122591077338756,0.033856025357844,0.0378762856423472,0.0910459074296561,0.1741880348852959,0.075632520037724,0.2319013098291501,0.0384802243623225,0.0414420191696605,0.0554005466802395,0.0782293686093179,0.0454499411630232,0.0700048196618983,0.0797275879545223,0.0563742412679235,0.0867196080887303,0.2392076128748506,0.0550051206574423,0.0865674635245476,0.1597683809260181,0.1062378380357631,0.097721763520468,0.0720949077961613,0.1223348825759058,0.0788665043310933,0.0631408956542874,0.0686250988024,0.1057201569314262,0.1060423045284666,0.1134823536357242,4.004234111374216,2.202201408311282,3.434174312188727
W0078,0,0.0612244897959183,0.0612244897959183,0.0612244897959183,0.0612244897959183,0.0612244897959183,0.0612244897959183,0.0612244897959183,0.0612244897959183,0.0612244897959183,0.0612244897959183,0.0612244897959183,0.0612244897959183,0.0612244897959183,0.0612244897959183,0.0612244897959183,0.0612244897959183,0.0612244897959183,0.0612244897959183,0.0612244897959183,0.0612244897959183,0.0612244897959183,0.0612244897959183,0.0612244897959183,0.0612244897959183,0.0612244897959183,0.0612244897959183,0.0,0.0612244897959183,0.0612244897959183,0.0612244897959183,0.0612244897959183,0.0612244897959183,0.0612244897959183,0.0612244897959183,0.0612244897959183,0.0612244897959183,0.0612244897959183,0.0612244897959183,0.0612244897959183,0.0612244897959183,0.0612244897959183,0.0612244897959183,0.0612244897959183,0.0612244897959183,0.0612244897959183,0.0612244897959183,0.0612244897959183,0.0612244897959183,0.0612244897959183,0.0612244897959183,35.0,0.0,0.0,0.0,0.0,0.0,0.0,0.0,0.0,0.0,0.0,0.0,0.0,0.0,0.0
W0078,1,0.5056680164278893,0.4143862075107739,0.225133733997398,0.3801345101176693,0.4215514946617634,0.1379876454820427,0.3848089127730402,0.1342657171620426,1.1513633727056825,0.1829385822952726,0.390529976415127,1.0853107206205628,0.5485634783052108,0.1700566130648439,0.413687681593869,0.2205874344862563,0.1606666959614645,0.2486614461758914,0.5290148764955765,0.5937254987330567,0.229533090821034,0.1463184137732713,0.1389870305612769,0.3244927724529324,0.2760218864336882,0.1010502037395793,0.0,0.1074422295501598,0.2687235132837176,0.1721316853244402,0.14305627874966,0.1221345128431233,0.3626818647877565,0.1218122846565787,0.1366285612125538,0.2616146662401691,0.3159212006690899,0.2664238982722343,0.4025396041712533,0.1343574266709875,0.1459996244366966,0.1330186562917791,0.2402175211153741,0.1520921043996983,0.1886463391834608,0.1294393126307131,0.2394766600573324,0.2010723946936586,0.3959886835491391,0.1004538077447552,0.2981584395490322,1.4694074592856774,1.4509070139021691,1.6920282802766144,2.435434300900932,1.9103994000580773,1.4831725927814905,1.4762195328422143,0.3382737670053401,0.6211732517898167,0.4007728116627153,0.5023619767428121,1.929566872611984,2.9851222917064155,2.658996145419759
W0078,2,0.4922318976631145,0.6866873699953915,0.225442836498269,0.4244706527942393,0.4636283537370817,0.1329315682942641,0.3438626479804742,0.1381389610921047,0.6904034827722323,0.1635381285082961,0.3560649660093141,0.8961364582430311,0.5005316602520196,0.123810558389534,0.3319829423622153,0.2439335333018289,0.1352118108063664,0.4028525192943984,0.5991523797879639,0.4859521040760914,0.1874621138535634,0.1477958589473345,0.1474497234076735,0.4062007925295352,0.3302578118858928,0.102915416495656,0.0,0.1225409013309151,0.2486777195275474,0.1312079152827057,0.0995691760529711,0.1427428814453039,0.3002490952613202,0.094225730905159,0.1285766517752882,0.2099607953622108,0.3834068882797632,0.2249594549433861,0.4630498800700195,0.1379373023056234,0.1421672045378171,0.1448925430123337,0.2168387268177047,0.147450434589291,0.1878754089777454,0.140310821920666,0.1618870730163578,0.1405992972690728,0.425354508921364,0.0923380637916958,0.1153949519168685,1.0483197979159649,1.0570622012689337,0.7162091859926957,0.818555365493426,0.8245278176884492,0.7318927739121653,0.465648619133938,0.3277449410137769,0.4820862722857522,0.3483904559456084,0.4222183036697876,2.720406812469496,2.5933576036827626,2.7573003179385034
W0078,3,0.3910388452502187,0.6414099387241046,0.2018081797547473,0.443338512776293,0.4254888167886481,0.1154127113174228,0.4065805370427972,0.1224434888169565,0.9268532050627968,0.1266538788780025,0.2429617148748298,0.8445865702506811,0.4339010608252175,0.1187095391438362,0.2912965910323554,0.2324686645245119,0.0978637272202786,0.3266482659901618,0.6536672598565431,0.4211956290898298,0.1722214843708619,0.1264754441265671,0.129540977954259,0.3224762796399513,0.2763259480748858,0.12701056814024,0.0,0.1002440822496055,0.2148204771161133,0.1011574666292622,0.0761315919272012,0.1211004662989945,0.234150114248349,0.0609251322035317,0.0865555360109541,0.1869299181426937,0.3265679934608826,0.159492849708926,0.5039037810277982,0.1035181861029511,0.1072396187650826,0.1395194929732467,0.1819339666550606,0.1133291416559019,0.1605926449113281,0.1428501868917049,0.129980466398228,0.1800375925129335,0.4104571414657789,0.0849028942618349,0.0486505469052592,0.323597470461515,0.6101482932672945,0.4183983470476638,0.4946159596741206,0.4118116442007685,0.3794340117803514,0.229711841312198,0.1728307744421737,0.3436258003683794,0.2304982894788147,0.2846147339768095,3.7151606464276816,2.5136601050385914,3.213107070485871
W0078,4,0.4068831599696921,0.6522268127887425,0.1479468416011496,0.4174128478693174,0.2875738277148251,0.0951058268176578,0.298482211829883,0.0785289751149274,0.5349189785774289,0.1021229972848679,0.2241856933882099,0.7491585493530071,0.3137842487794269,0.1097817299568883,0.2277476205897696,0.196480628749865,0.0603290145365221,0.2823135073942566,0.5544685278565658,0.3477566288114791,0.144739510793235,0.1147976375906145,0.1160332745966325,0.2455084302631537,0.239037105859004,0.066178924144648,0.0,0.0728896181200255,0.172346569598916,0.0723973977660647,0.0708920427338811,0.0809397375030342,0.1712552843113247,0.0487444623770245,0.0751588812281333,0.111495764327376,0.2791742075078444,0.1303657055236627,0.3970433249352098,0.0836955554251389,0.0839846684798582,0.1101474087237188,0.1335090751378039,0.0961636179625757,0.1095029006266173,0.1035806959969949,0.1054762203706779,0.1460539773062227,0.430363052327957,0.0881825413410853,-0.1045119609402593,0.1841113536397426,0.253960598799854,0.2444570558866474,0.3224703661054451,0.2041509903144584,0.1782119579861656,0.1392740297888838,0.1511514764947489,0.1910843155090685,0.1939095528027735,0.353647147993251,2.9299495409002985,2.1393243406096216,3.6471157478264975
W0078,5,0.2627599129042554,0.4489698270319969,0.1096599190144763,0.2605959595079972,0.2206627043442377,0.0564042944801983,0.2483615869137685,0.0541325876222262,0.5033143119001391,0.0858366299512395,0.1580488316899017,0.5306177181033426,0.2666430223880335,0.0783660145752737,0.1720614361131236,0.1529709341477954,0.0304782876080509,0.1973218163579353,0.5978002500659372,0.2455015783633801,0.0926004008779384,0.0983689039014695,0.1066035997270882,0.2336298122466494,0.1692344221251297,0.0570749631784156,0.0,0.0649462668733521,0.1377593959726324,0.0374081954973085,0.0587051819425506,0.0466765414833129,0.1318479092968419,0.0444757216961694,0.0560545808873259,0.0998221037836338,0.2396205899595691,0.0839263593938121,0.3021591814902772,0.0544244409815284,0.0636724314643223,0.0736923824194795,0.1110314176284093,0.060199310108165,0.0809426313786896,0.0990321935017503,0.085392398897191,0.128339683798953,0.2838142400490915,0.0662025921072913,-0.0394818589559444,0.1672197725421482,0.1694033140832198,0.1023316319764635,0.1231381473352973,0.0686969900648324,0.0631865298017698,0.0476267178162564,0.1127065800663538,0.1166130459179049,0.1276661499505978,0.1153715504863213,3.5014859359809574,2.0586649927064373,3.6129589306810432
W0078,6,0.2220032033838874,0.3711739689102462,0.0865801922766005,0.2296223228038305,0.1562468853319653,0.0670872693859027,0.2307471768878534,0.0403795232081884,0.3060958404803281,0.05985217122768,0.1632477968106313,0.4029705465184015,0.1966067203756936,0.0564674436638828,0.1285017660199493,0.1009788824077603,0.0406625925865119,0.1201034061924922,0.586393931399648,0.2409866432139852,0.09018352998252,0.082324400212842,0.0691762819371759,0.1924993820756079,0.1298294826523039,0.0547721173831772,0.0,0.0559814875368781,0.0801791977854092,0.043372055482914,0.0393386904739886,0.0560860171585095,0.1304754719691425,0.0225525509086918,0.0406331189046224,0.0714913027853837,0.1918500803905331,0.086110704435673,0.2253562920127769,0.0495278830090824,0.03512943767333,0.0541629549059778,0.08293136849731,0.0453484727012825,0.0697170403544677,0.0744123384340536,0.065919068608453,0.0987589243030227,0.2652317748569496,0.0426825982758309,-0.0236671582058118,0.0963206649019943,0.1863087836296926,0.0805962332191191,0.1507574957312623,-0.0053252536108401,0.0299402120007151,0.025304339020283,0.0412915675114421,0.1650875175366912,0.1210693737105732,0.1820691495844158,3.164151335993323,1.8696261959079512,3.6086618302503393
W0079,0,0.0612244897959183,0.0612244897959183,0.0612244897959183,0.0612244897959183,0.0612244897959183,0.0612244897959183,0.0612244897959183,0.0612244897959183,0.0612244897959183,0.0612244897959183,0.0612244897959183,0.0612244897959183,0.0612244897959183,0.0612244897959183,0.0612244897959183,0.0612244897959183,0.0612244897959183,0.0612244897959183,0.0612244897959183,0.0612244897959183,0.0612244897959183,0.0612244897959183,0.0612244897959183,0.0612244897959183,0.0612244897959183,0.0612244897959183,0.0612244897959183,0.0,0.0612244897959183,0.0612244897959183,0.0612244897959183,0.0612244897959183,0.0612244897959183,0.0612244897959183,0.0612244897959183,0.0612244897959183,0.0612244897959183,0.0612244897959183,0.0612244897959183,0.0612244897959183,0.0612244897959183,0.0612244897959183,0.0612244897959183,0.0612244897959183,0.0612244897959183,0.0612244897959183,0.0612244897959183,0.0612244897959183,0.0612244897959183,0.0612244897959183,35.0,0.0,0.0,0.0,0.0,0.0,0.0,0.0,0.0,0.0,0.0,0.0,0.0,0.0,0.0
W0079,1,0.4110236871452262,0.5028330657693663,0.2585496699710907,0.4006149034915053,0.4837295003203795,0.1172043177876478,0.3841095424107241,0.1705234063804331,1.1199039854133237,0.1632367889223613,0.4063167261296358,0.9459860735080612,0.568304295110756,0.2155581072887226,0.4440643269322963,0.2241017712514652,0.1601043907243581,0.3309144023010504,0.4846755677484365,0.5852731385307239,0.2443254904076811,0.1512353346055071,0.1451991459960525,0.3357907249651772,0.2964856487519459,0.1094904879343924,0.3435652202694007,0.0,0.2810986815892615,0.1768329528164872,0.1164814146142029,0.1610268114103559,0.2691080162662355,0.104488822859839,0.1338003140500468,0.2462987576238843,0.3380791440935759,0.2360481093155073,0.3999058161695474,0.1590984538524701,0.1187915519012975,0.1649601270815846,0.1581505141125581,0.1456670993217299,0.1725082602823137,0.1494606688335584,0.2085003151644127,0.1865526853775466,0.3674278667845935,0.1202456091911403,0.213602366747794,1.479189872591519,1.31570016498068,1.766664200544028,1.7813236251321265,1.739509026793278,1.3246151778026944,1.4289219246800933,0.4063902145113955,0.6284700625893263,0.3969525039890006,0.577562094522274,2.049267428860584,2.8671541833085907,2.107516894052339
W0079,2,0.4338873769330237,0.7378314859718479,0.1878389375176978,0.4743997820764955,0.3904101033420922,0.1447057785744218,0.3442703120317474,0.1309422694490815,0.7505628391616866,0.1459407609726649,0.3758826510131089,0.8418310467867035,0.5130126489341553,0.1662094375827769,0.3684114066551546,0.2092097182589635,0.1251299936491273,0.2974126004158399,0.6723904539173631,0.4783220509273304,0.1661215558352939,0.1655460396801422,0.1332837989374261,0.4159206850582645,0.3103442775577504,0.1206390230213505,0.3941254272941641,0.0,0.2737843073274153,0.1197946668285301,0.103406729189977,0.106605121135465,0.2714376951390064,0.1170224181940232,0.1111343149308413,0.1953644255563817,0.3654271570310259,0.2579002060616998,0.524807713254534,0.1402708427956939,0.1388196109521512,0.1201007362511809,0.1969939681531458,0.1367345571237163,0.1625347888702143,0.1657034899674554,0.1792320569206054,0.1655604622153043,0.412405023902171,0.1011258646858487,0.053995395251559,0.6928026609944673,1.020673961906367,0.79243092922302,1.138500187065186,0.6363644849169529,0.8328093667472161,0.4592689626049817,0.3421928055221449,0.2563900836568904,0.2954450490611551,0.4076057012865313,3.153782614391313,2.709474578517432,3.5587284088450195
W0079,3,0.4907109796266248,0.5609781136093892,0.2005618066208299,0.4372227355466858,0.3790659500926346,0.1473320874023208,0.295618672347346,0.0933968302039786,0.587530270940325,0.1258854513140402,0.2938849038392062,0.7589746195328573,0.4128344872127178,0.1336348175039875,0.2756696190840171,0.2031847664514604,0.0910374772963734,0.3128743499284339,0.6532377317465078,0.3912251005569161,0.1759519638969225,0.1232417551718547,0.1337781087776142,0.3345483339363647,0.2044022737403108,0.1119045815209485,0.3375927888225664,0.0,0.2262817913131687,0.1198712758310893,0.0665711421562101,0.1040732211162979,0.2351726392215946,0.0808867944596707,0.0938678142306884,0.1615464416216136,0.3038921681155557,0.1386214390462719,0.4839731902766798,0.1103000943619201,0.1119665209369422,0.0925732489297693,0.1539525409650679,0.1118458636015718,0.1257348027721478,0.1279333593195724,0.1541295926334025,0.1815047638694646,0.3907495788658983,0.0913945809923171,0.0709075877678699,0.4915788022152207,0.580763604984837,0.4689350364162346,0.5255549942060376,0.3539032680687649,0.345433814998408,0.2246584575327064,0.1378904425807323,0.1908842553174202,0.1899657981656205,0.3098866267126329,3.001950306782023,3.116335073322771,3.620913166593061
W0079,4,0.3580449004264704,0.5603598340935838,0.1558784000571202,0.3179499704774909,0.3088614808751426,0.0960531773889917,0.3065613500425013,0.0749904385734415,0.6162388252688172,0.12136060216773,0.2344238157112506,0.7417499752156301,0.3271716931652575,0.1171380083694993,0.2482495478290978,0.167385296094241,0.0628740959152301,0.2526667033684647,0.6402640783107992,0.3468228589899824,0.1531545965003333,0.1119848382039198,0.1320915912244323,0.2724989915171786,0.2076562493279176,0.0966242053314292,0.2927866872279487,0.0,0.1640621977399854,0.0767502709744505,0.0549960596967015,0.0711984905608186,0.1678829748644167,0.0531746850694873,0.087252616290298,0.135001655115635,0.2348937683785689,0.1207255539590203,0.3359588568599537,0.094024655056261,0.0852782358093479,0.0889344908280391,0.13844891895365,0.0765021660665845,0.1127503387243535,0.112200081975068,0.0970880595127772,0.1204368946367018,0.3654899756298805,0.0767632365650108,0.0633117152647591,0.195096257166613,0.3231142275658826,0.246790738623007,0.2236920434184421,0.1536904982156766,0.2960932868722318,0.140534650694163,0.0843349806417451,0.1295993490917529,0.118875589496768,0.2556697742726539,3.4464105810494394,2.546113819081866,3.721793655082405
W0079,5,0.3219743646973141,0.4709589046625597,0.1185924445132869,0.2263923793152404,0.1907024467396102,0.0745848095546279,0.2899909838645182,0.0522962401956732,0.3797754728753317,0.0831973867446183,0.1600915915193162,0.4402380988972003,0.2313296647250906,0.0773257706381572,0.1825273800004476,0.1346393213678811,0.0471945967841376,0.2159536838596201,0.5502494510181126,0.284243355333458,0.107569984205522,0.0878930427602916,0.1094779876629268,0.2051607715890739,0.1622940938906645,0.0578111446141883,0.2127333984371645,0.0,0.1304772460937912,0.0557698476331422,0.0467049079887136,0.0693067512885979,0.1349587096723725,0.0555200215916299,0.0538881844957395,0.1034008612950577,0.2004232075065795,0.1059715774789685,0.3149504077154055,0.0541808755917134,0.0532015211047218,0.0813155257744797,0.0866907068047971,0.0767073147463405,0.0760058529548074,0.0816195300845806,0.0706895131801449,0.1201633818961061,0.2915745723869001,0.0657991038925434,-0.0565494827083015,0.1516721983243835,0.2247013163039355,0.1225392223627705,0.1475579011529033,0.1896464784475672,0.1491419658456887,0.0510110313503461,0.1252932618098757,0.1177384299421402,0.0508652271475089,0.1921647950895748,4.044329686941603,2.1232930423794496,3.7884808143271504
W0079,6,0.2560831078627203,0.3848205692679918,0.0730870686888895,0.2361125927048238,0.1329024935770153,0.0436125569111983,0.1812859469783039,0.0319763127228957,0.3364435492048419,0.0663645796996248,0.107879986293916,0.4203614235578977,0.1737719486324625,0.0570412520437876,0.1450430400186108,0.095637507736907,0.0391508021480467,0.1571871217545243,0.5017650791668813,0.2245631875066171,0.0975280709936383,0.0753948084047301,0.0698306603436,0.1713757049396757,0.1195863729950308,0.0441263737620292,0.1624625620408042,0.0,0.1141780466474483,0.0447920867929374,0.036722509247108,0.0532225440025607,0.1004236419329773,0.0354897997466255,0.0438139282084698,0.0755333044813155,0.1693971787820725,0.0769512613588729,0.2780427494690375,0.0419578433210744,0.0397386476665402,0.0493725153516684,0.0873804797847878,0.0424511717572255,0.0664977074189161,0.0860787509860675,0.0597104575409941,0.0881931721334068,0.186695218866858,0.0505106402445287,-0.058909105441248,0.1179312632207653,0.2211164731999932,0.1059550962753826,0.1063126218094765,0.1197810463214356,0.1142953009622936,0.0057179554365544,0.137341715977088,0.0361753755086486,0.1026294067770506,0.0845567962233485,3.244170569931253,1.9461242259745628,4.24713347979025
W0080,0,0.0612244897959183,0.0612244897959183,0.0612244897959183,0.0612244897959183,0.0612244897959183,0.0612244897959183,0.0612244897959183,0.0612244897959183,0.0612244897959183,0.0612244897959183,0.0612244897959183,0.0612244897959183,0.0612244897959183,0.0612244897959183,0.0612244897959183,0.0612244897959183,0.0612244897959183,0.0612244897959183,0.0612244897959183,0.0612244897959183,0.0612244897959183,0.0612244897959183,0.0612244897959183,0.0612244897959183,0.0612244897959183,0.0612244897959183,0.0612244897959183,0.0612244897959183,0.0,0.0612244897959183,0.0612244897959183,0.0612244897959183,0.0612244897959183,0.0612244897959183,0.0612244897959183,0.0612244897959183,0.0612244897959183,0.0612244897959183,0.0612244897959183,0.0612244897959183,0.0612244897959183,0.0612244897959183,0.0612244897959183,0.0612244897959183,0.0612244897959183,0.0612244897959183,0.0612244897959183,0.0612244897959183,0.0612244897959183,0.0612244897959183,35.0,0.0,0.0,0.0,0.0,0.0,0.0,0.0,0.0,0.0,0.0,0.0,0.0,0.0,0.0
W0080,1,0.407360820500159,0.4392280248482175,0.2207290483614455,0.4173149839298481,0.4174229630581918,0.1538830189236702,0.3179542038897018,0.1271102805358022,1.0597350016775091,0.1978798670395951,0.3591906092495575,0.8398799904536075,0.5757231263352026,0.2075825149001768,0.3909893610157609,0.246182179130195,0.1635321727443896,0.2872807426695962,0.5599873591872871,0.6269123778892087,0.1852913500359484,0.138562081990137,0.167878878804796,0.3798719172788106,0.2785879475425876,0.1293426015506418,0.3857005940445134,0.1158270801389885,0.0,0.1406302744083657,0.1265678859964744,0.1190210085706527,0.3170620475229876,0.1205755958543069,0.1454379082633249,0.2383998992273191,0.3169029639628202,0.2281369281331832,0.3709627152405935,0.1646103780328463,0.1456315482299705,0.1705329234113551,0.2047110099020536,0.1531797289660017,0.1880396296197896,0.1483872023958176,0.212233533471083,0.2207021199584588,0.3083436792525257,0.0984409396557198,0.2937893203792957,1.2325260776613516,1.4976421535125646,1.7338831419302771,1.9678672623619105,1.921095104817574,1.396334091266176,1.2180155590792263,0.4478945168733716,0.630752733475182,0.5004575653865369,0.5173721421331892,2.153221140894125,2.876608265373679,2.0817035320124697
W0080,2,0.4662069983431989,0.5565247155279983,0.234926869982646,0.4362509639542788,0.4962209781457582,0.1715756926971548,0.2888327739959912,0.1096465135723544,1.006102499360061,0.1642321638354471,0.3544877989098796,1.028795945476654,0.4788171502231601,0.1794183089860221,0.3787909948888585,0.2727362394255366,0.1237479737783442,0.3341096485105482,0.551454644294923,0.4591517048794747,0.1976340458055961,0.1698577303170449,0.1070363561407123,0.3638507968545715,0.3350373649184254,0.1084095597423241,0.3473394636480362,0.1194773306651959,0.0,0.1195921323955656,0.1022423969643553,0.1196918059394365,0.2836722152196158,0.1143011269926857,0.1206421181229631,0.1950696492260376,0.3378064845092988,0.2332361800761498,0.494210821599693,0.1422658319223167,0.0950847101686762,0.1273979881251425,0.2126781278950873,0.1256402630592797,0.1525241617611991,0.1454473735016865,0.2063904212730369,0.1966717054289407,0.4175025365656904,0.1087029808499926,-0.0113566320076257,0.6587886209541616,1.0740493374674172,0.7445349168927583,1.0720632474257157,0.8656395004338809,0.7712986510444237,0.3981828395711058,0.3592089905410904,0.2960074337735149,0.3557784278962679,0.3722636656291225,2.385335810603877,3.2439805546531244,3.160213526602856
W0080,3,0.4134536706033234,0.6139927990322507,0.1842648575882937,0.4667031170379572,0.3570412795825302,0.0997245841486908,0.3450406860369417,0.0914748342521941,0.7194767461800731,0.1415143041799666,0.232126306194454,0.7183710477909544,0.4016559913287478,0.1167139185770902,0.2753739071283287,0.2000153753497978,0.090250589133718,0.3730173851119275,0.7117944740952314,0.479846366793037,0.1349297346342082,0.1301138963982254,0.1272015473794435,0.3620378492609208,0.2835509589665297,0.1071764869341192,0.3781740157993706,0.0937064558168558,0.0,0.1045713411060072,0.0841433306261109,0.1001448834883256,0.2071588937305243,0.0781987062931325,0.1015942165588755,0.1646464852973639,0.2822856233241199,0.2190957142709819,0.4923988003241138,0.1087813356155074,0.0968937235419897,0.1142082747625033,0.1589653498458171,0.1150173119360484,0.1717165736643425,0.1517840056387459,0.1276006759083217,0.1519979828607043,0.4512341192009553,0.1150323821606695,0.0775151421754988,0.419644566802031,0.5950211505618037,0.3449175515024361,0.5787001080085286,0.3524389999356651,0.3881861229962476,0.179037401167697,0.2367935903103731,0.153723664620738,0.2727905528009063,0.2944706347678316,3.481618472055841,2.4939802321272,3.213171956218952
W0080,4,0.3689136874679679,0.5498931945797069,0.1108947692151719,0.367845895427679,0.3539060591033792,0.1026873581381935,0.2368984877413958,0.0766417485281319,0.5298888965646141,0.0901362435799388,0.2263649750717083,0.661911417496359,0.3050570953207018,0.1028376487127133,0.2437885986964635,0.1688183813129088,0.0807464173982516,0.2468030074160863,0.6366513189261206,0.3204378895926759,0.1437567742511913,0.0994299410331249,0.0970668575969614,0.2933191743201493,0.2277167624318281,0.0767286502090678,0.2751910152440076,0.0825704286195152,0.0,0.0849624677224847,0.0623351277226953,0.0738196587404736,0.1701009772749432,0.0715088060776118,0.0768458703837133,0.1328590939188244,0.2659456686554831,0.1177316853893565,0.4127164865148942,0.0753428451079722,0.0790504745755978,0.0944329750397007,0.1522565336869671,0.0774761812212384,0.1137904362033288,0.1226174806700976,0.1154155383251796,0.1319102581181527,0.3893107206229638,0.0735691147362858,0.0297284284434263,0.2035499349442263,0.2818342541869404,0.1391920486373988,0.2354093904744997,0.1565101468529094,0.2339996753154538,0.1324381005994135,0.1062751252921978,0.1660067501440779,0.1798276123804277,0.2567112117894177,2.521654612384544,2.3590826894267374,4.080773625069117
W0080,5,0.2479236857567848,0.4666446280254533,0.1078767666669664,0.250705865208907,0.215978497252452,0.0887099482065884,0.2647890923700962,0.0528149316643003,0.4105403297855476,0.082820294613401,0.1860897205641941,0.5837710557982847,0.2230251347988825,0.0779736401197186,0.2044621389134625,0.1465527358973878,0.0569264802291121,0.2210233262074376,0.5542274898431148,0.2775298999033672,0.1228324507431931,0.0705545726693274,0.089881077331607,0.2358245962528427,0.1784042942857973,0.0714912954571299,0.1907565257415326,0.0561538443911377,0.0,0.053874509663784,0.0384291189230833,0.0651041501563903,0.1559704614511528,0.0419989992655464,0.0629782989191482,0.0795118438674416,0.2598774935889624,0.1020181442035637,0.2607720042620421,0.0524155674554833,0.0750446160067935,0.0683470945874154,0.101211768554824,0.0548764970181068,0.0931916476538687,0.1002353124833915,0.0915053588548151,0.1211727928616785,0.2771585030278897,0.0491612066578296,0.0964804479520369,0.1303830567971428,0.2591533373837371,0.1348875356102952,0.236323894188263,0.1196376201556526,0.1213231297460237,0.0282208930476698,0.0569010316964546,0.0738532712029997,0.1108616488813914,0.1537783237142118,3.7272378316849246,1.9268483150953613,3.834016423617384
W0080,6,0.2348837499372546,0.2942722438281642,0.0739936681114345,0.2349902467979558,0.1592676652148449,0.0548361524635638,0.2153462101254896,0.0432596953773055,0.3081426560277831,0.0557942466753545,0.1450187796289595,0.412997169762025,0.1747315255280639,0.0490941708082341,0.1431950713035988,0.0914792406856458,0.0274195269282514,0.1707179101139763,0.4616878436607825,0.2300150622257144,0.0945623352448988,0.0590180494850096,0.061405688307254,0.1478451193215642,0.1017984255250833,0.0663376892065344,0.1458147987771595,0.0432348532272875,0.0,0.0500881741114537,0.0322578875553815,0.0405321161573239,0.0947779014546429,0.0306360325736876,0.0530925962773367,0.0656706508408138,0.1662201822008411,0.0588311932129262,0.2714804478493267,0.0458273464301085,0.046725390699516,0.0497500335952463,0.0927934615332519,0.0401003771725721,0.0784317654143642,0.0742898784287257,0.059694360090226,0.0926993289537436,0.2131549489649518,0.0642565603450601,0.063972413702243,0.0856152575683543,0.1222695279924012,0.0500451997182891,0.121441289783249,0.1131976434063479,0.1307259685328328,0.0682228182510867,0.0903019727555791,0.1296024571436692,0.0508371220257238,0.1435655986150392,3.798726059123348,1.9634070778093131,3.4822669469392347
W0081,0,0.0612244897959183,0.0612244897959183,0.0612244897959183,0.0612244897959183,0.0612244897959183,0.0612244897959183,0.0612244897959183,0.0612244897959183,0.0612244897959183,0.0612244897959183,0.0612244897959183,0.0612244897959183,0.0612244897959183,0.0612244897959183,0.0612244897959183,0.0612244897959183,0.0612244897959183,0.0612244897959183,0.0612244897959183,0.0612244897959183,0.0612244897959183,0.0612244897959183,0.0612244897959183,0.0612244897959183,0.0612244897959183,0.0612244897959183,0.0612244897959183,0.0612244897959183,0.0612244897959183,0.0,0.0612244897959183,0.0612244897959183,0.0612244897959183,0.0612244897959183,0.0612244897959183,0.0612244897959183,0.0612244897959183,0.0612244897959183,0.0612244897959183,0.0612244897959183,0.0612244897959183,0.0612244897959183,0.0612244897959183,0.0612244897959183,0.0612244897959183,0.0612244897959183,0.0612244897959183,0.0612244897959183,0.0612244897959183,0.0612244897959183,35.0,0.0,0.0,0.0,0.0,0.0,0.0,0.0,0.0,0.0,0.0,0.0,0.0,0.0,0.0
W0081,1,0.4213349755159163,0.399433381472155,0.2099272770550803,0.3510602782947622,0.476672558204473,0.1418463532368155,0.3914467112907598,0.169039929825261,1.0959270480342145,0.179425797772719,0.4875224276216066,0.9692353371816418,0.636020889405139,0.1607406310691409,0.3716662916493661,0.2206029772490018,0.1536706849090464,0.3237636340699334,0.5446425754606232,0.6109182655200835,0.2028871596339567,0.1479562545838635,0.1741447983506033,0.3157937194215769,0.2578383886803337,0.099011263893455,0.3437111036161789,0.1049156435017803,0.237211069130085,0.0,0.1309887385949925,0.0840286271394853,0.3082227727007218,0.1117242046059642,0.1263713431023602,0.2583278651623624,0.2914004994408135,0.2403410890595858,0.3936692512582438,0.1629071153099469,0.1461551252064489,0.174339793325452,0.2000975069421337,0.1344508494288998,0.2048431031887039,0.1337941855499509,0.2207715538121885,0.1965733242007628,0.4118954943809596,0.1056854749400746,0.2298342800256475,1.1987237851245014,1.35117399193408,2.0224169742829394,1.740337667623634,1.4311597683760224,1.2379307639009254,1.3057790170907675,0.3766544165764268,0.5761138009650026,0.5375459288843202,0.5258499156465474,2.3684926935349107,2.462771432646223,2.326172418537289
W0081,2,0.4364586855602951,0.630708402997018,0.2508687573324005,0.4885530042208995,0.4425353494076358,0.1155320159198761,0.3065360740590441,0.1161378749000467,1.003285205943418,0.1695805425689286,0.3504552334045482,0.8854774420013758,0.5191489152871205,0.1536413922159905,0.3731844967475469,0.2103220951923377,0.1125572115115333,0.3503015483615368,0.4754083830024374,0.4925550451179353,0.2250085257055201,0.1558085798943601,0.1445791608625146,0.4308392002522364,0.2671460385483366,0.1057634897394172,0.4412835175153902,0.1001567119515693,0.2299236505309722,0.0,0.1213475573837904,0.1204401040677384,0.2951922604713571,0.0835920535256714,0.1343729050134,0.2272418443416967,0.3099261940727349,0.2140856174338941,0.4590228530673383,0.1063837795161185,0.1545216108059017,0.1531337786858561,0.2062070761147263,0.1389276451602954,0.1663736502026243,0.1524614546928644,0.1650188040206228,0.1949027101858435,0.4099221556151178,0.1093513353757987,0.0114255964445553,0.7690342567233696,0.8637365829679998,0.693853388444062,0.7910876303238895,0.6655897043727333,0.7131703762170797,0.6189954199048872,0.2441482509681333,0.489848982446499,0.2735800284501081,0.2345376860219906,3.023186086212288,2.6475748821883984,3.1707374781633666
W0081,3,0.4383290554704611,0.6827889551953048,0.1979641709160611,0.3554966437214937,0.4477963880454004,0.1402497014702043,0.3206998948403591,0.1060090577811901,0.6758096433511888,0.1221955311092839,0.2739467522715708,0.6942210157829446,0.4025951568815712,0.1518236200671038,0.2537218701148086,0.1820059104664541,0.1042934263220343,0.2718632929714634,0.7221722744489949,0.3728043511837401,0.1664720479209347,0.1504873026182743,0.1251758048497174,0.3080877446838586,0.2467316500791474,0.0879002159569415,0.313070648629967,0.0670342458466333,0.1709356835105599,0.0,0.0993087406605629,0.1075538588566717,0.2219588509599541,0.0683678506992622,0.0962340347241457,0.1464082736494764,0.2501413075142967,0.1898040060176188,0.5064861802285643,0.0765650298988175,0.0833020183987788,0.1141048160616778,0.1672066476039197,0.1116546754077832,0.1385659780432461,0.144324414718633,0.1195750665589377,0.2012857577684573,0.4590552210886683,0.1103452984649884,0.0612223986838773,0.3591750040511441,0.6123849710293995,0.3240403456330376,0.4440964352150481,0.560679202314013,0.4538393183295028,0.2495708756941459,0.1820401415899015,0.2139789542302711,0.2691755901500852,0.4321223411713726,3.725589864013649,2.650138149307693,3.3354189116558755
W0081,4,0.3312066611316961,0.6043355793584305,0.1446800366964732,0.3389754708230736,0.3407839742229609,0.0954439842637915,0.3232742555105745,0.0895962947208777,0.6042536275301498,0.1219310387868929,0.2516888602662771,0.6493360555965065,0.2945665192860443,0.0926249776883607,0.2369304144651211,0.1732629602439853,0.0610378418867564,0.1942537839148354,0.5828361647748941,0.3774409950229318,0.1188946292827577,0.1012356253981387,0.1070594958429489,0.2604832342386821,0.1947973244341801,0.0767137729542096,0.3189576309204687,0.0651525659703069,0.1638345328965507,0.0,0.0707790802461601,0.0940586734347942,0.1809358547524626,0.0518457064158697,0.085670914796757,0.1229976670692537,0.3129779599930348,0.1425304832183858,0.3691765491880392,0.0674517385550316,0.0810100092700947,0.0795769232645939,0.1363661757006399,0.0814121344836104,0.1253918533552769,0.1231053318727223,0.0895805571331349,0.1396653473775166,0.3409578691417657,0.0807548602447547,0.0461841617304861,0.1659308701424588,0.3225025200761198,0.1556979081416549,0.1655162554854032,0.1996868854910806,0.2170671263361374,0.0711234276126472,0.1137474851574086,0.083097196348476,0.1232161243242885,0.2723419470763455,3.3161270464216863,2.392536183717614,4.412667403809452
W0081,5,0.2761842941416226,0.3997809740308726,0.1052491678321369,0.2771985314433634,0.2266786160135737,0.0661744974636706,0.2590577157344754,0.0591714038707752,0.4076003151435244,0.0892401620600779,0.1529337065879034,0.5377297366218208,0.2298773719190106,0.0794524158919361,0.1462571270854468,0.1580542669323169,0.0436968058820094,0.1873754318519831,0.5248341797868741,0.2852145058789012,0.0832984927284126,0.0833893472052434,0.0640950238051705,0.1795887976406575,0.1478117983421998,0.0668373396331261,0.2046706197683145,0.0667101715112133,0.1545043372865076,0.0,0.0597702733080738,0.0640955462231007,0.1424954628002375,0.044620157317293,0.0587049594393419,0.0966039558235208,0.2276582126842226,0.0835115703865435,0.298442212480414,0.0528106928707424,0.0646725092745535,0.0643678161381779,0.10828962487436,0.0591646178060847,0.0878220038116975,0.0930993831297494,0.07188776075467,0.0963469170905602,0.3207094291006461,0.0670913448649112,0.0443564245345368,0.1866394182810037,0.1884409546427014,0.1068136514225387,0.1603937706082477,0.1571739855611039,0.2002901577644049,0.105547781393324,0.0986420401493888,0.111592831518582,0.1173740673170806,0.1915510697685148,3.1333762744359235,1.9764736917441248,3.5401111214219574
W0081,6,0.1912033920226521,0.3140829093802597,0.076533840737085,0.2021033870975331,0.1778559587505675,0.0509447640956316,0.2165524850627657,0.0382382430148799,0.337478573549356,0.0507488636200947,0.1351821361272298,0.4936045475672683,0.1655109380039455,0.0502969912616788,0.1272035052564907,0.1031908562023087,0.0344435304928659,0.1218029606000665,0.5330802249331964,0.2226151159464544,0.0691057138701757,0.0706956868127114,0.0550133252907909,0.1716609106218425,0.1117028464916712,0.0325309415495678,0.1566398009410802,0.0430765523104883,0.1134793903629057,0.0,0.0374808653655664,0.0490228946383034,0.0989596762592112,0.0333001578227746,0.0440198406426682,0.0858422779017219,0.182484593651801,0.0576537068354288,0.2252080780405937,0.0345212014890866,0.0506714876128303,0.0468003754585863,0.0676035987073561,0.0445244033789701,0.0621066449662414,0.0675569469268362,0.0492509031327528,0.0935147016362477,0.2075866878271642,0.0443719594567748,0.0066674854808857,0.0910892756108315,0.1541704820366069,0.0419765051353728,0.081283666223662,0.1006044526184553,0.1286839060221723,0.1018926563116224,-0.0006309716050216,0.1491603066405739,0.1306232995072699,0.1579879613027908,3.759848851498706,2.217211028138739,3.4541170657545397
W0082,0,0.0612244897959183,0.0612244897959183,0.0612244897959183,0.0612244897959183,0.0612244897959183,0.0612244897959183,0.0612244897959183,0.0612244897959183,0.0612244897959183,0.0612244897959183,0.0612244897959183,0.0612244897959183,0.0612244897959183,0.0612244897959183,0.0612244897959183,0.0612244897959183,0.0612244897959183,0.0612244897959183,0.0612244897959183,0.0612244897959183,0.0612244897959183,0.0612244897959183,0.0612244897959183,0.0612244897959183,0.0612244897959183,0.0612244897959183,0.0612244897959183,0.0612244897959183,0.0612244897959183,0.0612244897959183,0.0,0.0612244897959183,0.0612244897959183,0.0612244897959183,0.0612244897959183,0.0612244897959183,0.0612244897959183,0.0612244897959183,0.0612244897959183,0.0612244897959183,0.0612244897959183,0.0612244897959183,0.0612244897959183,0.0612244897959183,0.0612244897959183,0.0612244897959183,0.0612244897959183,0.0612244897959183,0.0612244897959183,0.0612244897959183,35.0,0.0,0.0,0.0,0.0,0.0,0.0,0.0,0.0,0.0,0.0,0.0,0.0,0.0,0.0
W0082,1,0.451033010417037,0.4117027680004342,0.2586466021978876,0.4124293871625003,0.3868465720062394,0.1372881669434331,0.3707837942595376,0.133271340345519,1.1681427846423271,0.1977779344629688,0.4159164322794083,1.0571344671598193,0.6248083952986379,0.212755729711987,0.472129123437652,0.2602909196852975,0.1471288600590082,0.3384788815582594,0.473954618862517,0.5712648826431731,0.257622530303326,0.1294535795898745,0.1523318961637521,0.3157989233899841,0.2733171721780427,0.0954736056741929,0.3795788801457491,0.0932918327647985,0.2823596050573631,0.1983294715576822,0.0,0.1111880284068329,0.2340492819125155,0.1299877587451969,0.1087704703726006,0.2647809220512794,0.3853844060637067,0.2414467599922611,0.3109122029462968,0.1316940808533046,0.148293261633089,0.1609418883662396,0.2070077236896539,0.1335611217072015,0.2351850262818756,0.1641616128329408,0.2115467862188831,0.210404717248554,0.3674230841870923,0.104412464437008,0.323585277064194,1.3748597653676318,1.5458615214170828,1.6999740540651334,1.9656865821582865,1.9479206317606732,1.379773815932255,1.1592934490305358,0.4577319680698745,0.5319269517065843,0.3964168244284118,0.4903560426330225,2.1644112940668725,2.400822993431131,2.704139097370206
W0082,2,0.4482250143597853,0.7313921257440266,0.2329807497429503,0.4949843787742763,0.3949868863524406,0.1448455160403648,0.3312809906003489,0.1379951617017154,0.723548550707311,0.1431763905570265,0.3051868029363303,1.049995401466721,0.530390398530151,0.1740754362146004,0.3215048973153273,0.2315760866304217,0.1041198107467997,0.3860501943086748,0.6508247309072458,0.4641807734341506,0.2103326010773441,0.1723252848096307,0.1176352322345181,0.3453348435134745,0.3110265127116858,0.1107418529842442,0.3907939175043532,0.0994377589723617,0.2774604627365638,0.1110999284705037,0.0,0.12968176682573,0.2798550441205609,0.0936980354867073,0.1182075779527831,0.2021752095223404,0.3433935323001285,0.2268041109113071,0.5307855187333923,0.116055849612448,0.1065571108049074,0.1258503646664684,0.1915261965705909,0.1105687881385009,0.1622561263780927,0.1270494431430398,0.170659044676654,0.2061306062369025,0.4561763883909467,0.1179650579212624,0.1641407139268972,0.7802680206750869,0.9751815270513238,0.9172742302013488,0.9136329928343176,0.6791726274433717,0.7060544524458469,0.4102650737183868,0.2287384885590486,0.3842511489933849,0.3268990392960347,0.3936972144414983,2.583791406282652,2.653512526418496,3.2648960770351567
W0082,3,0.4072192000413512,0.7364350642846537,0.1680245469754881,0.4776616418955383,0.4165758779874611,0.1088374989827229,0.3189613998251023,0.0930353496990575,0.769860667882729,0.1425102901341325,0.3207016122267807,0.7633179907001933,0.3801835475401469,0.1188821567443589,0.29646699951223,0.2064592466747846,0.0902366076475022,0.3217705784028077,0.4493786831447763,0.4550959305343945,0.1402987026480333,0.1206368702881434,0.1217851290974306,0.25262985467657,0.2306357174434137,0.0878634937161092,0.4093348836623594,0.0938024751748583,0.2093605591739387,0.1107628907266955,0.0,0.112695291033371,0.2549928576469022,0.0743559634468193,0.0761805313142091,0.1701995010943996,0.2851419670690206,0.1574569542331984,0.4803281668777511,0.089335788242657,0.1182719229561357,0.1307129054209261,0.167308877859142,0.0943448775120492,0.1328001322351223,0.1462332865285328,0.1524164730701788,0.1640662706897687,0.5066804717330186,0.1124542848857861,0.0368017759932416,0.3948407574114495,0.5255358085224352,0.3045716488912065,0.503721739499826,0.3212580876364522,0.3830576592552388,0.0973253890882834,0.2075630036010065,0.1610894093887754,0.1986129732601558,0.3722068715207168,3.619550825150108,2.48548382384011,3.854510245851067
W0082,4,0.3447451487003688,0.6157481935972605,0.1560023366166813,0.3783430929468089,0.3119425263470952,0.0857570122625329,0.3216397751705456,0.0860105785381401,0.4751985929306752,0.1103143563494414,0.2292896164770317,0.6916037151532473,0.2664937614382772,0.1030734157349014,0.2102055002158825,0.1436017883352908,0.0510613406667591,0.2349766607067629,0.5202387301808108,0.2697687933002908,0.1556860012169297,0.1176922460590993,0.1285289846993178,0.3031550652594232,0.2067147393078071,0.089578342573657,0.2950769656927795,0.0779808279740716,0.1778141086162149,0.0763057424761892,0.0,0.0970367948008077,0.1695981396530674,0.0709516871183267,0.0660814115391937,0.1340838040147564,0.2052955327992729,0.1209964192386636,0.3788181503023436,0.0901260534760443,0.0895981655906611,0.079720686669507,0.1319715271277375,0.0856876105792975,0.1074358788073492,0.0876351178809109,0.0954043614761825,0.141003161563412,0.3422818135665058,0.0875706042238734,0.0900724483550616,0.2373704333833399,0.3918630001845038,0.2259491060706188,0.2661829762518357,0.2223826086381147,0.2174510656448646,0.1010367995240897,0.1001155890060027,0.0976978094086961,0.1937371941232342,0.2996521230951581,3.959896039907478,2.188355575229758,3.678573538148374
W0082,5,0.2277565384784881,0.3811991023668555,0.1155020395848905,0.2814859918049887,0.2109717839273504,0.0749412633898262,0.2376074333199879,0.0518908793009373,0.4424981312037453,0.0788025976834737,0.1638657672630183,0.5324348201499816,0.2441547644567822,0.0600488297019453,0.196415656266227,0.1454215581716315,0.0540964652158338,0.181424240598558,0.4893120342049115,0.2891162668080324,0.1241270676035132,0.0854275926584363,0.1031411852031446,0.2071688792042053,0.1497597989189567,0.05809010244107,0.2393445395094154,0.0600539806566254,0.1169120637046289,0.0667164724252242,0.0,0.0478007077682889,0.1428227874493803,0.0327075483655817,0.0566815065859499,0.0973640019275917,0.2331811873329802,0.1080649144422689,0.2813473574905544,0.0624121576623411,0.058462215188877,0.0610744816440843,0.0944568489772173,0.0657698933460644,0.0841541424684148,0.093412253575389,0.0709906771688686,0.1293947162593825,0.3114715250512093,0.0667150326680438,0.0278914423902159,0.160733120622665,0.2495844167795875,0.1335608988750486,0.1558615923405132,0.1897385270300484,0.1266730671632662,0.0478827740551846,0.071868239492247,0.1393017012133965,0.1270589433024477,0.1271013709418241,3.910980927736036,2.3352745320381074,3.735529225820047
W0082,6,0.2023363703177237,0.3927425623185031,0.0940914614717073,0.2009425439961299,0.1634779859159798,0.0521135068503547,0.2283269760752406,0.0431215838449413,0.3257605453476756,0.0705675268860693,0.1646257670573367,0.4621396716919148,0.1436774421496924,0.051099775094886,0.1442524984309351,0.1126961190268009,0.035250465695404,0.1585762730195437,0.6283881762147994,0.1907135995583922,0.0832476250811785,0.068045934528146,0.0652716198012994,0.1643503410211893,0.1512688215236349,0.0512555388469806,0.1673534284059957,0.0475763932291927,0.0875098310422795,0.0546115390416881,0.0,0.0387798791014989,0.100323942055149,0.0325134999697801,0.0403454538260984,0.0692442899609961,0.1579333499822274,0.0625166300436633,0.1977017037742897,0.0346597106421448,0.0391131624423147,0.0613040112495276,0.0879387614389961,0.0406296953281661,0.0722651255504496,0.0729110445150291,0.0609683295763472,0.0995827273406705,0.2786976590042165,0.0439923502635623,0.0628835924096934,0.0751347540535787,0.1467411397538847,0.0561400014108132,0.1504204042199514,0.2129600755501695,0.1097170996193579,0.0291605672493491,0.0853273489004608,0.0535656351937468,0.1011908736698835,0.1655849737092571,3.6541183969095496,1.886202125187804,3.806615210398204
W0083,0,0.0612244897959183,0.0612244897959183,0.0612244897959183,0.0612244897959183,0.0612244897959183,0.0612244897959183,0.0612244897959183,0.0612244897959183,0.0612244897959183,0.0612244897959183,0.0612244897959183,0.0612244897959183,0.0612244897959183,0.0612244897959183,0.0612244897959183,0.0612244897959183,0.0612244897959183,0.0612244897959183,0.0612244897959183,0.0612244897959183,0.0612244897959183,0.0612244897959183,0.0612244897959183,0.0612244897959183,0.0612244897959183,0.0612244897959183,0.0612244897959183,0.0612244897959183,0.0612244897959183,0.0612244897959183,0.0612244897959183,0.0,0.0612244897959183,0.0612244897959183,0.0612244897959183,0.0612244897959183,0.0612244897959183,0.0612244897959183,0.0612244897959183,0.0612244897959183,0.0612244897959183,0.0612244897959183,0.0612244897959183,0.0612244897959183,0.0612244897959183,0.0612244897959183,0.0612244897959183,0.0612244897959183,0.0612244897959183,0.0612244897959183,35.0,0.0,0.0,0.0,0.0,0.0,0.0,0.0,0.0,0.0,0.0,0.0,0.0,0.0,0.0
W0083,1,0.3715212817574347,0.4706176136893256,0.2511489116059387,0.4192795700843874,0.4284804626309991,0.1456340550619504,0.33062131180525,0.1194913542555057,1.2038556378556118,0.1547356708254037,0.4148985713834954,0.7846672993086699,0.6391376441708326,0.1854176576326246,0.4057765463827584,0.2115842756814293,0.1534645246461468,0.2959789822411087,0.4992882867405188,0.5591463513244536,0.2522435259951409,0.1431210007986642,0.1498952561504936,0.3476246443860291,0.204194457825635,0.1201042659699068,0.3484995163030902,0.0834916222788406,0.2225698554677849,0.186826143595965,0.1145887796972328,0.0,0.3288001370621095,0.1202145980545591,0.112462087299035,0.2710937175582736,0.3293760558110662,0.2333241301015431,0.4015165722318483,0.1405172127738267,0.1615520677827399,0.1470610259892383,0.1752139643433647,0.1116219877947446,0.191777051116702,0.1400190061417003,0.2242552926741772,0.2048240459861295,0.3595103153886827,0.1036061857713012,0.2863853434917798,1.3748096026587808,1.3524140710507198,1.8577541554442265,2.3233412469206303,1.7747151675212918,1.563521841326884,1.3991800763514917,0.3114850488045343,0.5545750271665651,0.4666275906915762,0.6158018754660577,1.6114517078699355,2.9725507867874352,2.618242293192976
W0083,2,0.4320199093949083,0.6738232050007805,0.2133954625102448,0.4850968759951372,0.4774858227925579,0.1471162032445612,0.3962642633900387,0.1387642085614386,0.7911114178370612,0.1758141972264604,0.3444400811125027,0.8072420940728955,0.4610434820004684,0.1846322927374986,0.3741803498919267,0.2341681373843595,0.107154347406126,0.3735141876466133,0.6607594047751215,0.4729257609038602,0.1971259800865196,0.1550815857010804,0.1580123998956118,0.3986160150566269,0.2849530149926269,0.1124807091326651,0.3980448581864029,0.1261954398047413,0.2087203432378182,0.1466237908627427,0.0930931079152667,0.0,0.2854820096264233,0.0935201580796012,0.1209379357861436,0.232220937408237,0.2791206932648894,0.2334422156125676,0.4551386976289819,0.1121644459102067,0.1442830423068008,0.1393495917652507,0.2317495915947493,0.1393447613464954,0.1552480322275068,0.1707720222320485,0.1745080096808726,0.1957889635456534,0.3949656523263261,0.1151393187758726,0.0202540815087166,0.7254527862569835,0.9217375620529916,0.8402646165399632,0.915919535713312,0.7251663264896534,0.5825382898471749,0.5101100158136277,0.2721428700825084,0.2851775839888458,0.3378480352477806,0.3469011191755381,2.3058786625673493,2.421264066081793,3.2072887452102337
W0083,3,0.4691326932185367,0.6604128699035714,0.1827273219748935,0.4769787453175177,0.4515887309976377,0.1298735678782714,0.3644856089150821,0.076238654075795,0.765621069029252,0.1514739147100009,0.2865154797171884,0.7078132605275137,0.4345389890958263,0.1272091160315665,0.3048355523322091,0.1770135566875095,0.0828119121779649,0.2992865004692737,0.6047169296939383,0.4329964837948649,0.2053147021224854,0.1367305588455191,0.144415150514789,0.3475462420971004,0.2663257243858261,0.1192084453577467,0.3185294999164283,0.0727186367422534,0.2040160216056803,0.1002237367436564,0.0765382291145972,0.0,0.2121728382897774,0.095841444011159,0.1046481240799033,0.1264418605475381,0.3439181404283613,0.1609630505390259,0.4722011732915669,0.107465012240059,0.0999023466458489,0.1229561144002971,0.1837765629193249,0.1074464876594357,0.1210885386013887,0.1344421569422198,0.1475051319307676,0.1655821164828395,0.3166939147986525,0.1024327231851564,0.03024054034804,0.3058474095779586,0.5625612363250224,0.4540372196955162,0.542240376988697,0.361334303071616,0.4549694945179171,0.1821080627982286,0.2197761473134065,0.1856785070072748,0.229669230936095,0.3201551927156958,3.241871164473117,2.8407530013556856,3.660913070426363
W0083,4,0.3448345043924615,0.5631462336041182,0.1346229712998472,0.2970347105139182,0.3050207641849505,0.0815722925428954,0.3204968459675121,0.0852925970488598,0.5229214330854367,0.1032898963281672,0.2385099521626433,0.7120284652043736,0.3002079962781218,0.0895645359305592,0.240415906598866,0.1417546213855623,0.0581149664286763,0.2198518703076087,0.5339216505619893,0.3362527304643505,0.1366924060549962,0.0966050515250272,0.1111807385012484,0.3095403190151575,0.1764213573599837,0.0770673437872466,0.2598021179962121,0.0900830642943436,0.1538540441260055,0.0648457737407486,0.069592558315783,0.0,0.1853406148138321,0.0548537531010024,0.0769865625337489,0.1082370566489386,0.2659489261596127,0.1365016419872979,0.3764497456982334,0.0823782449375852,0.0892841676718556,0.0845890429360119,0.1336121824981982,0.0965092336583217,0.1017164930196623,0.1187204582800588,0.0992422610155509,0.1280917823679491,0.358608649258075,0.0781845183497845,0.003958913629988,0.284439349851391,0.2458861443153112,0.2037153666704316,0.2027877599826673,0.2366226469161188,0.3154611862435232,0.15909047623327,0.2207331930245491,0.0693208979717321,0.1832914340823708,0.1848307786616226,3.646697925747876,2.5429352450198754,4.011725141646347
W0083,5,0.2704506409363478,0.4298033766540932,0.1143632040903267,0.2688136290623473,0.2169368677523111,0.068249756602883,0.2252615131746803,0.0569004207959039,0.4143284493848726,0.1096343710573603,0.1564090044531804,0.5452548469686681,0.229369476126115,0.0630011806123808,0.1727512257194986,0.1314297277771699,0.0425189624009621,0.1955039806012237,0.602805410611224,0.2616251933654084,0.1075035013481913,0.0992529254638633,0.069160981061389,0.218806707922122,0.1885930715979086,0.0646682319135605,0.2114213796542433,0.0578449031676251,0.1307405845542481,0.054550880664606,0.0423585064239372,0.0,0.1447833939198415,0.0472421077308602,0.0566531643239417,0.1068682657082616,0.2259459312716112,0.0992386592218137,0.3442847939176356,0.0546330950958547,0.057397116778361,0.0727835560028516,0.1182010129870911,0.0425248577524408,0.0759551683105236,0.1241862582649907,0.0758521266663224,0.106695224913723,0.3545878009140509,0.0528296446631312,-0.0197019433314009,0.2200649949793872,0.2218828320055439,0.137130968943445,0.2070458983005889,0.094128198186484,0.1502972406534236,0.0418626088353121,0.1141876212371744,0.1657007213347795,0.0888303243779576,0.185685238173101,3.0922328279717832,2.0748123588549485,3.9369457239293446
W0083,6,0.2085681961484189,0.3217880785334818,0.0891286028139971,0.1777425363930036,0.1615985643889605,0.0592502300343104,0.2328115565365705,0.0413467449605376,0.2720803994605251,0.0624438109883968,0.125316951367353,0.4290110223254028,0.1694785784629364,0.0618930398931179,0.1243017364615384,0.0859254485756838,0.0443652024542196,0.1673903859148168,0.5163460490878352,0.21112370381488,0.0775352707174057,0.0745543192083166,0.0748938701785097,0.1678727269260065,0.1334457614803126,0.043069968466001,0.1502273925257298,0.0479408358556153,0.0960897388212258,0.0442128907208361,0.0364391494416692,0.0,0.1081513354131384,0.0379305168962692,0.0500353125615501,0.0703047039252738,0.1964600145067958,0.0794677815316438,0.2388905028925751,0.0497082035481985,0.049411726418125,0.0527248418204482,0.075485583229022,0.0405480176367607,0.0754263798030673,0.0609909248859148,0.0628771283565345,0.0841874225401193,0.2475790243781183,0.0397277283239099,0.0554388663579988,0.0788567109208849,0.2550431202292427,0.0583528988373303,0.1791125486797225,0.0634475999856621,0.059370582673909,-0.0086371069094848,0.1036216210578528,0.0518623219077164,0.1521998256298575,0.0907191290740717,3.873717234292004,1.6973972913375035,3.629519593419552
W0084,0,0.0612244897959183,0.0612244897959183,0.0612244897959183,0.0612244897959183,0.0612244897959183,0.0612244897959183,0.0612244897959183,0.0612244897959183,0.0612244897959183,0.0612244897959183,0.0612244897959183,0.0612244897959183,0.0612244897959183,0.0612244897959183,0.0612244897959183,0.0612244897959183,0.0612244897959183,0.0612244897959183,0.0612244897959183,0.0612244897959183,0.0612244897959183,0.0612244897959183,0.0612244897959183,0.0612244897959183,0.0612244897959183,0.0612244897959183,0.0612244897959183,0.0612244897959183,0.0612244897959183,0.0612244897959183,0.0612244897959183,0.0612244897959183,0.0,0.0612244897959183,0.0612244897959183,0.0612244897959183,0.0612244897959183,0.0612244897959183,0.0612244897959183,0.0612244897959183,0.0612244897959183,0.0612244897959183,0.0612244897959183,0.0612244897959183,0.0612244897959183,0.0612244897959183,0.0612244897959183,0.0612244897959183,0.0612244897959183,0.0612244897959183,35.0,0.0,0.0,0.0,0.0,0.0,0.0,0.0,0.0,0.0,0.0,0.0,0.0,0.0,0.0
W0084,1,0.4441319516304592,0.4132803537747392,0.2333074317166722,0.3393852153655127,0.4792370233130047,0.1407526989721605,0.3167152105066284,0.1217746751599056,1.0975389090608645,0.1814848464282436,0.376216524389525,0.8757208149328783,0.5674630914535641,0.1593672872190267,0.3785610512011311,0.2678131576146791,0.1722260558729898,0.3152674604842036,0.5826722043684653,0.6116913581920276,0.2014681325937265,0.1148456158669605,0.1471180865271912,0.3538549928042924,0.2194467935087567,0.1104586714897818,0.3571734797363744,0.0934116590503541,0.2553048674643347,0.2035113401819958,0.1324518712939456,0.1410363690080549,0.0,0.1287937305700866,0.1469055868101852,0.2182605254230745,0.3364735508068339,0.2628965765443835,0.3994826505899068,0.165134536206027,0.1658735907381543,0.1591072841526032,0.2373553571917901,0.1387527540596291,0.1972788945022588,0.1426470232425913,0.1973943281318549,0.1920037374877388,0.3087089856589561,0.0970487507146141,0.3459687014271765,1.1885085856837725,1.519653304355741,1.5530247615200643,1.908157717435801,1.5885750845351754,1.4691884115295233,1.195573430448513,0.4099821792398447,0.6238802372410243,0.4330893028373612,0.5548544736720897,2.554317465840214,2.463967789878147,2.6688505876815
W0084,2,0.4517136437848538,0.602958981819826,0.2547660847257384,0.4427201692487891,0.4746907382204228,0.1179074864933186,0.3484424072035495,0.1217045928614531,1.0090262014554725,0.1497447125516675,0.3382172888476577,0.992722875476748,0.5187167683037623,0.164351245494833,0.37197416650694,0.2608653878407785,0.1103227741773959,0.3452163177530635,0.5951379584561045,0.6414195396498761,0.1615879192680064,0.1545236327362885,0.164436448058798,0.4220265788297977,0.3283496294549577,0.1283838517427588,0.2712206238838713,0.0948333706321867,0.285050863784038,0.1543087332548691,0.1099876587456502,0.1174987283230858,0.0,0.0748527329391711,0.1115425593771034,0.2150256041767366,0.301946007910143,0.2176038176564053,0.4841222617391741,0.1135744660481264,0.1381879831926074,0.1284740026056506,0.1857789650656251,0.138928283680398,0.1993936462429686,0.1818244142556432,0.2065651791043564,0.2072072213339228,0.3236371554804621,0.1294014297230003,0.0830875259220449,0.6895204071414436,0.9529868181613694,0.7294804100115841,0.8638437889902421,0.7221166277038394,0.7852212494121753,0.5181696939866556,0.2230715045284693,0.3845031365311696,0.3939268803151082,0.5055369420079565,2.6039300405277994,2.237707365333086,3.6253977700283566
W0084,3,0.4632417700188025,0.7209226589487798,0.2074423752440567,0.3910264538070417,0.3907441559899153,0.1124600913381773,0.3239479461562471,0.1048894968958105,0.7412145097983156,0.1238219555605745,0.2224924338937985,0.6768265469318442,0.4763641232324541,0.1224347455708951,0.342432599088092,0.2311821755145259,0.0923917211494868,0.2715461449519623,0.6080300428730864,0.3976334430902827,0.1493749211929076,0.1239505794908579,0.1321413170262412,0.3239853248864695,0.2751940300896354,0.0935761735666922,0.4017939942508363,0.103981712324326,0.1972218050880155,0.1033322722061045,0.0754324386742434,0.0940045315778372,0.0,0.0679375354293432,0.0974657566034456,0.1847391694168773,0.3003088592820815,0.1720470456829306,0.4855239832360227,0.1229661034691135,0.1164150532299423,0.1110251523411863,0.177761416822318,0.0991847062804941,0.1061705767481965,0.1133114130978038,0.1272412384409242,0.1360501450579803,0.3944754893756119,0.0859564287025763,0.0535690270064324,0.4002885965225625,0.5451021977013504,0.2936601576778844,0.4012053246780954,0.3172181934287507,0.286433276818081,0.218080213029337,0.3324500656059754,0.1968576228904686,0.088391784750906,0.3889848867948138,3.1407382945727296,2.8915778461548904,3.151243093858047
W0084,4,0.3890169691951811,0.5093863248479268,0.124001620942569,0.306135628055088,0.2661945431736603,0.0950404507821584,0.3170921907578489,0.0838786465782583,0.5105364572569978,0.0880886926613743,0.2675697890409343,0.7638414034395766,0.2564792943678681,0.0948966246285202,0.2509534706084056,0.1864924087186883,0.0620472564923663,0.2830852933012989,0.5801194953310659,0.3555384167738792,0.1205331958024613,0.0818271919942682,0.1038832932686177,0.2595323745626009,0.2160974310652507,0.075169851074408,0.2533206865969383,0.06804265956094,0.161135464317629,0.0693368055920301,0.0778564389663339,0.0848103706974923,0.0,0.0624032407546918,0.0751848890420908,0.1271691357173562,0.2626713606180652,0.1120567302307864,0.3771993956424593,0.0684254796786011,0.0928937045492186,0.0835127509252084,0.1433856920509259,0.0805804988895162,0.0931458036439642,0.1232829200461557,0.0654397704108812,0.1358259557518384,0.3079047612435324,0.0812894307959638,0.0177444004434689,0.250142840512885,0.3811969946040922,0.1350695921339377,0.2381564188797579,0.2450589815025184,0.1965561499949644,0.0209144108075954,0.1417051942221657,0.1894071430629627,0.169276873835785,0.266100745891547,3.590836827106301,2.4503446211350446,3.100221384206844
W0084,5,0.3142624446599729,0.3822170149662787,0.1102897356898762,0.2495843367777482,0.1984582043066927,0.0735404309296778,0.2164404885405064,0.0677295831625619,0.4974800001476888,0.0905836298369755,0.205654896311141,0.6063060732908176,0.2498150941072003,0.0816955296671544,0.1727284234961318,0.1346170243149178,0.0454236160954154,0.1845828564868886,0.6483447311414222,0.2554343996405711,0.104589391738421,0.0994218609535981,0.0840297921496771,0.2004355113543677,0.140157442311486,0.0610849247893424,0.1665088041327161,0.0663404244162733,0.1352186339738861,0.0513719177176459,0.043695250160218,0.0490242062462184,0.0,0.0562463217371189,0.0571087234664482,0.0902033348557946,0.2063517300476118,0.1011643731603186,0.323828625040596,0.0685795934290628,0.0650659718427982,0.0622971190866094,0.0961621418796047,0.0658179659765533,0.1024634890272761,0.1052948355649044,0.0835857077363959,0.1243951481905048,0.2782176372816551,0.0696583083121507,-0.0172647626944042,0.0703115268122625,0.1732490926856296,0.0993683444998546,0.1171104466674019,0.1365596245010621,0.0790322204760373,0.0184848305554414,0.1389094028953506,0.0421524255640799,0.0957842250301712,0.2283044231178658,3.43618708842301,1.9419906059391123,3.850752694596562
W0084,6,0.2299273593474373,0.3084261578955128,0.080762284292614,0.2337384710911946,0.1654237129374668,0.0610693090890394,0.1761098127810104,0.04866815489028,0.3647270965487191,0.0584955507265553,0.1482901403392686,0.3933488650520096,0.179013598672962,0.0641444142556932,0.130063349642443,0.11342123777176,0.0360122851247108,0.1368534013907159,0.5099299299655551,0.2318814973629332,0.0867150124732217,0.0521360812353663,0.0669360010129137,0.1826435004433345,0.1355410740265475,0.0332616982714904,0.1686810947926155,0.0402941276892655,0.0850703309370035,0.0440717915202214,0.0539645779992145,0.0469876211734273,0.0,0.0360161346947278,0.0330252794362651,0.0773212954867924,0.1889841904067991,0.0565963955049873,0.2053175163512975,0.0435410787794168,0.0374858048675291,0.0537429857395532,0.0920455322459319,0.0492051709197208,0.0658004119891392,0.0619471878332936,0.0643803174644505,0.0710116185704013,0.2499128916102288,0.0461116637699813,-0.0179380806520494,0.1358747044430409,0.1934947049219526,0.1388628188731833,0.0876093811997751,0.0114157149370868,0.123508379010684,0.0190579032429745,0.0804941394009658,0.0983064986790289,0.1273182483890868,0.1233512651268031,3.242826521208761,1.883185856679868,3.66740140682754
W0085,0,0.0612244897959183,0.0612244897959183,0.0612244897959183,0.0612244897959183,0.0612244897959183,0.0612244897959183,0.0612244897959183,0.0612244897959183,0.0612244897959183,0.0612244897959183,0.0612244897959183,0.0612244897959183,0.0612244897959183,0.0612244897959183,0.0612244897959183,0.0612244897959183,0.0612244897959183,0.0612244897959183,0.0612244897959183,0.0612244897959183,0.0612244897959183,0.0612244897959183,0.0612244897959183,0.0612244897959183,0.0612244897959183,0.0612244897959183,0.0612244897959183,0.0612244897959183,0.0612244897959183,0.0612244897959183,0.0612244897959183,0.0612244897959183,0.0612244897959183,0.0,0.0612244897959183,0.0612244897959183,0.0612244897959183,0.0612244897959183,0.0612244897959183,0.0612244897959183,0.0612244897959183,0.0612244897959183,0.0612244897959183,0.0612244897959183,0.0612244897959183,0.0612244897959183,0.0612244897959183,0.0612244897959183,0.0612244897959183,0.0612244897959183,35.0,0.0,0.0,0.0,0.0,0.0,0.0,0.0,0.0,0.0,0.0,0.0,0.0,0.0,0.0
W0085,1,0.4418687504115588,0.5027007504495108,0.2019248321796546,0.4078338056435402,0.4704868735663058,0.147329164171983,0.3512297085597394,0.1409045577018473,1.1708683437434313,0.1643238606887676,0.4520506087368885,0.9604997201378852,0.572110509701708,0.1791484385610942,0.4001690749121681,0.2664033043152846,0.1126103040472762,0.2788790464091456,0.5709483628863596,0.4870508475022107,0.1840333066436622,0.1428459455588487,0.1368478272820354,0.3707354113587355,0.2454331931176251,0.1056060834331179,0.3639668714452017,0.114308475795498,0.2797110098882402,0.1701085460067105,0.1280906886121938,0.1268798789566685,0.3151287388449597,0.0,0.1203513035965669,0.2554664509375947,0.3195083079277404,0.2685951370495324,0.3409058600386783,0.1579466746193745,0.1617400236239132,0.1495513147825543,0.1752513126087105,0.1302328647796845,0.1927572109660584,0.1433593411472165,0.2201601201006951,0.2280777378814612,0.3128415720437069,0.0980964804370738,0.299737495402496,1.244005761230799,1.3557040772421105,2.036697579638233,2.0813009902082045,1.770338289904653,1.471893364534668,1.3394758105249247,0.4929731871222058,0.6680733328039442,0.3944779289520833,0.6061555842139731,2.131858749532572,2.798361784641905,2.5742967262296483
W0085,2,0.5158648108213011,0.7170617261794353,0.2525874828782619,0.4396859295510998,0.3873339968474353,0.1502611378452824,0.3649388605925546,0.1133865785752007,0.8487228918750237,0.1257613043630986,0.323831727950323,0.8261644987408335,0.5256388185083345,0.14581423739526,0.3933611353668287,0.240522072323908,0.1307977869979412,0.3443317740626234,0.5279248283311488,0.4396517860939196,0.2076538420889341,0.1705247613596065,0.1541127912843412,0.3155272376235456,0.3217133994795136,0.1231146109409126,0.4309630688105643,0.1010661625490516,0.2413904885669221,0.1083121006229589,0.1041987219385478,0.1259900151231434,0.2934391396901988,0.0,0.1142970444233368,0.1930701185660226,0.3371885793087779,0.239188650932541,0.4211969462466776,0.1337759803209854,0.1583910065863711,0.1287738149518542,0.196568098180193,0.1480716672925126,0.141353384411845,0.1808658088347193,0.1776149248000979,0.1983057937804843,0.4292422632783883,0.1271043850564299,0.1895730287702717,0.6886765936770309,1.1603711933067613,0.7661578142990977,1.0300359031472426,0.6239032350940753,0.7150985556073876,0.3878285195831239,0.2240151219221197,0.3201828883904667,0.2763482116664651,0.4591327768847203,3.097190950386333,3.2509940837303555,3.4116045470816343
W0085,3,0.4970910358650849,0.794279068279392,0.187975223865786,0.4046739801079824,0.3902976776344737,0.0992774297547556,0.3314966261687937,0.114060712648057,0.7662762483571429,0.1257984021445551,0.2543611672194937,0.7649626680145591,0.3719696918941196,0.1104086175882984,0.3333469039456658,0.189958001366094,0.1015895499154702,0.3670642283865248,0.5922970293345636,0.4245632477663985,0.1759732296733155,0.1284007118309896,0.1511984890925517,0.2597856485228277,0.2619853304861289,0.0877076789482485,0.3782836093261396,0.1047554077440169,0.2582367869840692,0.112657858195266,0.0901836682387281,0.1082240142845203,0.2735228254406058,0.0,0.0983242836687404,0.1753943831345973,0.3179105415094723,0.1777318565807497,0.4429577955139643,0.1191721548122498,0.1014750503248178,0.1239015537511758,0.1569581087741183,0.0920841427050988,0.1437516665502383,0.1506604610316357,0.1109698002271273,0.1961872022950391,0.4094965832809041,0.0924633874789436,0.0793334205446546,0.4217605540525724,0.5182376689039164,0.3045411422239735,0.4540350553855252,0.3793409947355542,0.4673151570938175,0.1936291585329443,0.1148897699462139,0.2961435986275452,0.2472651336012825,0.2193588604237342,3.872431283289314,2.669032705501972,3.0365711380280302
W0085,4,0.3662928576905913,0.5029102692854726,0.1491067657891456,0.412410315087961,0.2531089502255339,0.0883236048650907,0.3076686600320067,0.0724606975321765,0.5974888209570972,0.0950815406334327,0.2473308018557348,0.7909456130063289,0.293646873849529,0.0883928659612455,0.2569876938519535,0.1587805041053152,0.0685261765134404,0.2530666677145239,0.7265418374084804,0.2982498247577435,0.1554871443471066,0.0948665301441305,0.0893992402476884,0.2936604690290568,0.2422843028684905,0.0737986551003741,0.2444217737116116,0.0760735259017896,0.1722510579900842,0.0701177735424051,0.065865386928588,0.081232727833674,0.2010319067014489,0.0,0.075793696752346,0.0983138147781201,0.2727968900456547,0.1642899813406398,0.3231455261160296,0.0662707926689263,0.0914693210543868,0.0967239713168463,0.1373919242557397,0.0729746320192008,0.1064289877255091,0.122186914476802,0.1145205055686017,0.1535947190516089,0.40939869529453,0.0836983312804469,-0.0478792691203973,0.1811761032631335,0.3724604243166656,0.217842366452916,0.2556754384073637,0.1589252653363722,0.2640324421464408,0.1777374558371402,0.1494329785381326,0.1901862762672471,0.0925919547996635,0.1447531847647943,2.8128457092675854,2.526065071210037,3.975464796273653
W0085,5,0.2592576757039119,0.5246549177788193,0.123982385936693,0.2529276611799753,0.2098430845251521,0.0816249174803777,0.2301496199891407,0.055588169568778,0.3940843623221008,0.0805233137781287,0.2037545567441207,0.418579699949533,0.2234990693483082,0.0738689792871466,0.2047576067057561,0.1516298165988449,0.041023257643081,0.1527137794631298,0.5996228531125165,0.2042616119497639,0.0850779259015744,0.0923212703391787,0.0892386145879981,0.1919584794950507,0.1489702695434966,0.0577730607438621,0.1843513615366024,0.0741105868077564,0.1274251560268568,0.0664723336521846,0.0603161135155375,0.0717301379467695,0.1678726013870365,0.0,0.0581502661614325,0.0982936428387279,0.1780517275029021,0.0936693956295441,0.2512476100422741,0.057012007804045,0.0495594104971861,0.0487846276512591,0.1109005994532588,0.0668239412317609,0.0880458079865042,0.1015038765732301,0.0888761275363057,0.0996413750878059,0.363541691207632,0.066756850847307,-0.0320019513570398,0.097811613926789,0.2165321820085057,0.0782397171527177,0.0996374017134998,0.1906058974507671,0.1972831514230933,0.0489989727498175,0.0908843261653189,0.1474348175948148,0.0629878960312863,0.1938052582305006,2.962523015421,2.187420073679234,3.853095217132649
W0085,6,0.2527411409499627,0.337744139128699,0.077517816629724,0.2267249848460131,0.1532676474800504,0.0548616471043494,0.2011056664605892,0.0329989487294663,0.2900895863114758,0.0533136916878708,0.1308054783486853,0.4680055032971688,0.1688590908319547,0.0543648826988868,0.1294864477720195,0.1193823244786184,0.0465589847969442,0.1455487332048886,0.475687627450365,0.2074058110642856,0.0747084911633092,0.0677847504139495,0.065299124510649,0.1687585540129772,0.1312131691489199,0.0331064149035197,0.1777524737820679,0.0447053590270398,0.0936056732214641,0.02739357840072,0.0453385630464756,0.0505093726394684,0.111692422967651,0.0,0.0433665354685726,0.07732256254657,0.1697823016214415,0.0586590400448922,0.2174626317279912,0.0355410474076359,0.03944665458503,0.0482187758594944,0.0931637314993193,0.0312458651993679,0.0714825151946209,0.0779000022942182,0.0517764200717274,0.0981848230094775,0.2552269012416471,0.0436419620409536,0.0192887266399066,0.118638652000471,0.2064624130209872,0.06293871873868,0.042477780005304,0.1333919633361455,0.1414696276938334,0.0035637111315208,0.0307101531945822,0.0288949292049624,0.1113679838909442,0.0848199348418065,3.63151219336656,2.2598040145325897,3.1615794283962546
W0086,0,0.0612244897959183,0.0612244897959183,0.0612244897959183,0.0612244897959183,0.0612244897959183,0.0612244897959183,0.0612244897959183,0.0612244897959183,0.0612244897959183,0.0612244897959183,0.0612244897959183,0.0612244897959183,0.0612244897959183,0.0612244897959183,0.0612244897959183,0.0612244897959183,0.0612244897959183,0.0612244897959183,0.0612244897959183,0.0612244897959183,0.0612244897959183,0.0612244897959183,0.0612244897959183,0.0612244897959183,0.0612244897959183,0.0612244897959183,0.0612244897959183,0.0612244897959183,0.0612244897959183,0.0612244897959183,0.0612244897959183,0.0612244897959183,0.0612244897959183,0.0612244897959183,0.0,0.0612244897959183,0.0612244897959183,0.0612244897959183,0.0612244897959183,0.0612244897959183,0.0612244897959183,0.0612244897959183,0.0612244897959183,0.0612244897959183,0.0612244897959183,0.0612244897959183,0.0612244897959183,0.0612244897959183,0.0612244897959183,0.0612244897959183,35.0,0.0,0.0,0.0,0.0,0.0,0.0,0.0,0.0,0.0,0.0,0.0,0.0,0.0,0.0
W0086,1,0.4641382320513112,0.3747092144037731,0.2014782132962025,0.3679701108192429,0.4431648626166494,0.1364558634563702,0.3652360408380629,0.1431936748533125,0.9952072592200072,0.1574148630436057,0.3661541354654192,0.7836205549499523,0.5789627090758798,0.204045852070523,0.4427638039761526,0.2499785490581456,0.1655841930979756,0.2719901276617081,0.5996104766910441,0.6199198503489242,0.2324203313516566,0.1392466844249045,0.1629283678791598,0.3618064909129801,0.2893590269844316,0.1168871212228955,0.360314999056358,0.0853829591437919,0.2697684965470922,0.1613509468070612,0.1391401911391235,0.1071820967628986,0.3033632337549456,0.1208733919110117,0.0,0.2280368114842398,0.375791514099393,0.2145711909560353,0.3354610563750116,0.1254002414175216,0.148714101935674,0.166594526368719,0.18995771815748,0.1543782275135665,0.1823572278421146,0.1340220705756162,0.2427212544268383,0.2114983349693671,0.3294079344918643,0.1011224214776202,0.208976095234901,1.2429330313522111,1.6789487701164054,1.6690839405874311,2.2153121962241284,1.7317188112044355,1.479541278189339,1.3135536333293338,0.4116426050183904,0.5578726085717639,0.4586659396212529,0.4854681892741702,2.167845896863496,2.471162875907277,2.347890148394986
W0086,2,0.4248528765505532,0.8203777981773552,0.2321237920319246,0.3845678075905446,0.5046173239414474,0.1268946982263921,0.3618043552526935,0.1187295583692965,1.009557742526754,0.1562051783377047,0.3655981963060534,0.8795186192598662,0.4873515876084829,0.1872875197651143,0.3715507708853137,0.1965833052767657,0.108715029582867,0.3993217478337644,0.6030651688943142,0.4853232925338722,0.2287298525018064,0.1275243532987635,0.1624808114594702,0.3329590098221781,0.311196390958471,0.121280678490739,0.4110443821215342,0.1022620562841528,0.2972309512398715,0.1101258807811581,0.0919786348763698,0.1077356999802855,0.2645793677257465,0.0875375279798937,0.0,0.2334944307669464,0.3166501472675272,0.2129561098195155,0.4706415935309029,0.1178485320389891,0.1221696945337484,0.1195971540521589,0.213293525304975,0.1481351810303854,0.1448194161769033,0.1362000479910515,0.1414487907796527,0.2293503390057271,0.3454795203353411,0.1221662720664058,0.0731476893602779,0.7298835590134916,0.9244770814476724,0.8371581260833301,0.8196856382160608,0.5820037678247079,0.5603935958866411,0.4233926605946395,0.263099048080131,0.4393984414088762,0.3612215430542392,0.37579705513587,2.319406113707408,2.6342185922954804,2.938113408916941
W0086,3,0.4105222442750444,0.7134029838194811,0.1736575860636703,0.465795510064401,0.3413479067753289,0.1401260199305626,0.3862436312619448,0.1167662136286421,0.5625466115452428,0.1382829665977666,0.25989130092418,0.8767759002108199,0.3689700367294459,0.1168039874244771,0.3064246481608137,0.2384192693890555,0.1034954752729771,0.2946289299471532,0.5635157768599546,0.3877056595115182,0.1783567145884208,0.1529085681346467,0.1463746185945208,0.295524806675368,0.2651177571215226,0.0831870308707183,0.3567449752289262,0.0843059054725606,0.2040207287571069,0.0995021829840508,0.0881985808942996,0.1272235140009143,0.2625590912839375,0.0802134842834367,0.0,0.1678543604300403,0.2699795246650609,0.1585185048871727,0.4939191194481223,0.119718547357697,0.0974972561786021,0.0934743211642085,0.1660266262957251,0.1100506472636243,0.1316774254107659,0.1246055241243647,0.142282865326752,0.1542601344641304,0.3716660654458679,0.1089802768286236,0.0678721557486315,0.2883619102445608,0.5111178279316924,0.2610233807102966,0.5760166175298527,0.3712636045461833,0.4140834133320166,0.194880800158072,0.1781792665593046,0.190917435142164,0.215200731638069,0.2235697372730797,3.0714316107424686,2.7409322112469727,3.900363492942499
W0086,4,0.3222561540844102,0.5404866305903487,0.1720502881361857,0.3463376751102188,0.2312388618961197,0.0949900962608478,0.3344228930107031,0.0654752095782087,0.4471282050154504,0.1020928535948836,0.2659979410438131,0.7644781488747094,0.3078893710250168,0.1074796376491643,0.2652322543301121,0.1718717865072386,0.0760522740312286,0.235353290925718,0.6401954249304298,0.3157019726667505,0.1351411839279174,0.104433999516371,0.111029557011144,0.2513213053725001,0.2490349520541051,0.0763501401951173,0.2573817048151131,0.0724897504284932,0.1564702321229654,0.0675115849453647,0.0559098882321168,0.0825914373293446,0.1873890868398398,0.0559384372947167,0.0,0.1211736329012556,0.2624693189389112,0.1095809871062608,0.3021601064365383,0.0809948149329156,0.0923172068290498,0.0953179772817194,0.1555266473511283,0.0724759313477574,0.1019169880847861,0.1198360663620846,0.0986535600012179,0.1610844560202799,0.3406440911197252,0.0790324108086454,0.0378637641518567,0.2294646256761019,0.263558699680475,0.0784940394894105,0.2663024427296027,0.2158519489657238,0.3097443184944268,-0.0044887533649748,0.1521461166893888,0.1910990599939265,0.1605028944980514,0.2405654946485583,3.969370282146916,2.3240581716173976,4.241692479903276
W0086,5,0.2573975174425595,0.4058745037212795,0.1149742964259537,0.2603742042387723,0.2286804767017481,0.0599354240660617,0.2245099563393122,0.0441080338424755,0.4581560953181909,0.0948793836066802,0.1928219334018606,0.5031017507725275,0.2378169289598626,0.0579425219798084,0.189043421708581,0.1398430754696949,0.0417910111681293,0.1802398709333401,0.5152380688300254,0.2706495372656221,0.1096210920872808,0.0861147360490124,0.087274892641618,0.2238140596375189,0.1738970711176888,0.0601009965766605,0.210617051971118,0.0621143816595852,0.1545691671092519,0.050660682370513,0.0507346748503156,0.0634297336015868,0.1465245101915892,0.0563448645315294,0.0,0.0835073020295025,0.2236042715088962,0.1131506395208295,0.3141843861435087,0.0639702328807456,0.0499283224471612,0.0611438396106024,0.1002067840528359,0.0554042199228904,0.0833343494336061,0.1114741860089982,0.0801977697629101,0.1139957617681405,0.3348306203476504,0.064304711234423,-0.0170710665535387,0.1127088624176514,0.2032730527483046,0.0904210978985894,0.159015361887211,0.1502508386387432,0.1142561171113546,0.1032120549573641,0.1477131375947383,0.0713995976826146,0.086808489200859,0.2054096469108756,3.1429397607488694,2.138278823780721,3.551979157956516
W0086,6,0.2504301671474423,0.3323799482392823,0.0769810653660889,0.1671610666879013,0.170755772171212,0.0570111484329081,0.199786662648829,0.0462104823440129,0.282999953611147,0.0699447605243096,0.1607330936426495,0.3911828709567574,0.2000798969456889,0.057252898659976,0.1559568342028715,0.1085640446101729,0.0375798951970901,0.1511243203865705,0.5901116951240901,0.2164409994134462,0.0956746797315579,0.0646889790276922,0.0762168187953368,0.1724927207141705,0.1417782429050086,0.041494195722166,0.1533007425750613,0.0462750989170591,0.0877461577479358,0.0386019254648863,0.0468923442112157,0.0513591054064842,0.0951792823317655,0.032088115654478,0.0,0.0626876820030135,0.1529040097460827,0.0767866726305857,0.2160128792468972,0.0462673061547262,0.0486693745609653,0.0517452571093442,0.0822075659735369,0.0463516633143032,0.0595885019182222,0.0791971426610448,0.0469302943329119,0.0884623223433645,0.2585475607182329,0.0488795331127132,0.0426504870449971,0.1388751756694614,0.1020647068683146,0.0247277533144622,0.1180737506140565,0.0572363951708453,0.0944333079185669,0.0236211771442476,0.054810346726922,0.1302940368975018,0.0868041970199161,0.1968319131288426,3.745565758500393,1.8101410642327176,3.4597707002684057
W0087,0,0.0612244897959183,0.0612244897959183,0.0612244897959183,0.0612244897959183,0.0612244897959183,0.0612244897959183,0.0612244897959183,0.0612244897959183,0.0612244897959183,0.0612244897959183,0.0612244897959183,0.0612244897959183,0.0612244897959183,0.0612244897959183,0.0612244897959183,0.0612244897959183,0.0612244897959183,0.0612244897959183,0.0612244897959183,0.0612244897959183,0.0612244897959183,0.0612244897959183,0.0612244897959183,0.0612244897959183,0.0612244897959183,0.0612244897959183,0.0612244897959183,0.0612244897959183,0.0612244897959183,0.0612244897959183,0.0612244897959183,0.0612244897959183,0.0612244897959183,0.0612244897959183,0.0612244897959183,0.0,0.0612244897959183,0.0612244897959183,0.0612244897959183,0.0612244897959183,0.0612244897959183,0.0612244897959183,0.0612244897959183,0.0612244897959183,0.0612244897959183,0.0612244897959183,0.0612244897959183,0.0612244897959183,0.0612244897959183,0.0612244897959183,35.0,0.0,0.0,0.0,0.0,0.0,0.0,0.0,0.0,0.0,0.0,0.0,0.0,0.0,0.0
W0087,1,0.4708500319508067,0.4959587406471287,0.2051430467713889,0.3238106067119524,0.3757587878101963,0.1610843463495594,0.297832193647881,0.1410379814057316,0.8789589564601352,0.1512689629520623,0.4193508216194899,0.9109415441326266,0.5375430327625941,0.2009532788853772,0.3203958147104281,0.2190955165829446,0.164301576657066,0.2870859375235068,0.623984467352533,0.5581035987798685,0.2389302452312475,0.1295964920544299,0.1611046094234764,0.359950373541773,0.2311687725194992,0.0737552421976929,0.3688122613282453,0.0978978036246653,0.2372636796791542,0.1520837746527188,0.1085092212478668,0.1278847973312731,0.3152977738497385,0.128706783047961,0.1356486949680215,0.0,0.2831346986100137,0.3038644579984104,0.4395235090352231,0.1591099002215991,0.1437616441088212,0.1362537044726094,0.201567666416733,0.118168409724453,0.1486125023170252,0.1328598356028131,0.1906476664421695,0.1540386826182979,0.3430384723035848,0.1037685234353913,0.1929239474239623,1.2084540413228972,1.4050845547918245,1.801397521484996,1.432540822068972,1.8060453832210368,1.0598093737370582,1.6816410358877585,0.4059989960739752,0.5574253653165812,0.4830500748506791,0.6054007629898353,2.2315915720530013,2.7357866523251184,2.383506340708703
W0087,2,0.5079584757497532,0.7314321574791358,0.2213447282693696,0.5125549601729344,0.4800663798509839,0.1562231012051042,0.3662187792927656,0.1365438121000859,1.0965673844273929,0.1535546969401049,0.3320006678752443,0.8209740983434115,0.3926672976947105,0.1753462088866334,0.4561020961048488,0.2340764355626148,0.1076261100815577,0.3381438151189897,0.5945988180766022,0.5070575659803248,0.2184882822731015,0.1653301030320116,0.1761443303456737,0.3447590481164684,0.2742305516342782,0.1164215646757022,0.3600492151561902,0.1055135529578026,0.2432053604679495,0.1512105607201866,0.0971480522318481,0.135581842573623,0.2651693496483767,0.1054949333064799,0.100738864111152,0.0,0.3728243477132593,0.1916154627695844,0.4058311012963814,0.1278565073763915,0.1364000335255418,0.1582333632139309,0.1841589787360396,0.1148851076340579,0.1795338929721482,0.152150444651505,0.1985808394311274,0.216792688125516,0.4748005203377058,0.1339700619672543,0.0440042722873403,0.5654223104432919,0.9536039928911256,0.8006589188854712,0.98286787725915,0.6752863091454053,0.7877757909163904,0.4257142659679931,0.3607743531019878,0.3659445235895562,0.4453421657108897,0.3692103741623092,3.2109272161780926,2.669967155886705,3.441030269233757
W0087,3,0.4129832976210965,0.7275239044909894,0.192538731674381,0.3608926504634737,0.4080170543752186,0.1303803737304227,0.3243085781845106,0.087599956777934,0.7177751839210341,0.1549908337023925,0.2889457282559691,0.7597308936818418,0.3742756645521861,0.1456219917258046,0.3396144618012517,0.2400781809509939,0.1057792834633681,0.2965552187490375,0.5420511738604761,0.428680085759114,0.1550792285181836,0.1457557580436272,0.1330370805031012,0.329578153270341,0.2765761118832441,0.1017750000080288,0.4065602079671827,0.0902587956749814,0.2039292574990964,0.1093724411130841,0.0740646542865267,0.1118852703129168,0.239046506278039,0.085086942951917,0.0842286924853449,0.0,0.2684469022195854,0.1654808321601064,0.4317158029368398,0.1168702214900427,0.1106619438743041,0.1069172066273494,0.1609093861940042,0.1148965740211401,0.1297446527120944,0.152924704514522,0.1440421806353186,0.156045916638565,0.4049229620073218,0.1240257141384064,-0.0378227361652496,0.2983390307321147,0.452366216394808,0.3319709118600794,0.4267091350250809,0.3954914437231002,0.2895142293022916,0.224148128830303,0.0751694297044483,0.2647174469679615,0.192619256067431,0.228340717406122,3.610971922004827,2.439897827967658,4.163996094562791
W0087,4,0.3786245380421844,0.5449021742480697,0.1435851185282429,0.3724793451837045,0.3232965292969046,0.0931564907764885,0.2550005744010109,0.0822838222237215,0.527846449277116,0.1207552982755446,0.2386485493766386,0.7055763485517271,0.2961340195022808,0.0964661046532821,0.2114086896775983,0.1732600542245198,0.0755141366615981,0.2898948735412288,0.5907517065584713,0.4156619430690893,0.1315985233148753,0.1142649563861487,0.1175443380194925,0.2421837267972439,0.1974953165627252,0.0832031784583603,0.2802879656827979,0.0896406099837847,0.1520330199783997,0.0856387457195961,0.0663718820207561,0.0740259610712192,0.2204237252325423,0.0447187184986273,0.0816854014586036,0.0,0.2446004993192378,0.1229779893764875,0.3412730658237342,0.0833644338091642,0.088352078936168,0.0891592322167516,0.1394488790335612,0.093436990149062,0.1000570498955955,0.0990194627955866,0.1095055847502349,0.1322828089283587,0.3625510098871282,0.0927273186571463,-0.0016557256986943,0.2250694867647718,0.3245414472071543,0.1800259009274006,0.3380076040201674,0.142606842435546,0.1507051212961811,0.0993901465082529,0.082183065365857,0.1629236089430331,0.1295738931485514,0.2725928224507682,3.124264520815656,2.194340973300735,3.8918658676133937
W0087,5,0.2671331390225791,0.4299419508759391,0.1014540266580508,0.2692664453778159,0.2322623089489384,0.0703738546866545,0.224309364050904,0.0584562281549681,0.3861514566105811,0.0889345507864721,0.1873832072308328,0.5071707399209215,0.2595805099738886,0.0743352063404843,0.1943920747191402,0.1369501518198273,0.0425625414132024,0.2075434037729997,0.5039010725791013,0.2618750400808645,0.1083162319883413,0.0935865845159711,0.0699917291980057,0.1818792951977796,0.1594146016630152,0.0650008576820441,0.265783919866605,0.0532254813136771,0.1546384618238246,0.0627739812044852,0.0534253711097419,0.0553605691318865,0.166487568801803,0.0334713079592751,0.0654351860374147,0.0,0.1583307244173389,0.0821730298500262,0.3413405674521408,0.0630369746777947,0.0680681181771729,0.0654473591311793,0.1051842456447435,0.0727095432244595,0.0896476734288301,0.1043993922988642,0.0849290109186835,0.1045474991316117,0.2876472871689807,0.0587528254446751,0.0469011257145035,0.1262135674031329,0.0988777932231183,0.0980103881005857,0.1993373390908339,0.1493056526758599,0.1021569870529839,0.0579287346686765,0.0753464653502609,0.017771304870118,0.1844691598763113,0.146364276541474,3.1069961326405173,2.1618008921333,4.26780294152002
W0087,6,0.2069637143205553,0.3041871494022988,0.0625615765991263,0.1964807136130279,0.1425612097079271,0.0527838160017616,0.2143227008271853,0.0481086451998469,0.3161996302462297,0.0656702194852836,0.1466100592595609,0.527681889406551,0.1885208096666013,0.0670620686930188,0.1430154536268249,0.1069195836748992,0.0285455488949549,0.1369165163062314,0.569209589289784,0.2254828710275656,0.0888210227767851,0.0705930110462249,0.0638511580297228,0.1624271043830524,0.1183539032069813,0.0561427687407222,0.179225427425106,0.0540142428219569,0.1045501385332981,0.0359289998060454,0.0450138988516428,0.0495960314111515,0.1221622828811396,0.037393733142418,0.0463384220566364,0.0,0.2020205055328414,0.0758801153706636,0.2387867437743977,0.0417443668845878,0.0398974834830731,0.0574201377687422,0.0871692891710131,0.0399958200206153,0.0577076784603464,0.0659818420455573,0.0807488104370175,0.1064311336411514,0.2526713646247853,0.0433512276956086,-0.0401947160599467,0.0788366925518912,0.1460751844881753,0.0602700589595978,0.0698798630990085,0.0817855295706461,0.1513356180555104,0.1072390475890809,0.1178800464825559,0.110483470910639,0.0720484217612211,0.1596142963754738,3.720207361426477,1.6463726368922518,3.9819921731861294
W0088,0,0.0612244897959183,0.0612244897959183,0.0612244897959183,0.0612244897959183,0.0612244897959183,0.0612244897959183,0.0612244897959183,0.0612244897959183,0.0612244897959183,0.0612244897959183,0.0612244897959183,0.0612244897959183,0.0612244897959183,0.0612244897959183,0.0612244897959183,0.0612244897959183,0.0612244897959183,0.0612244897959183,0.0612244897959183,0.0612244897959183,0.0612244897959183,0.0612244897959183,0.0612244897959183,0.0612244897959183,0.0612244897959183,0.0612244897959183,0.0612244897959183,0.0612244897959183,0.0612244897959183,0.0612244897959183,0.0612244897959183,0.0612244897959183,0.0612244897959183,0.0612244897959183,0.0612244897959183,0.0612244897959183,0.0,0.0612244897959183,0.0612244897959183,0.0612244897959183,0.0612244897959183,0.0612244897959183,0.0612244897959183,0.0612244897959183,0.0612244897959183,0.0612244897959183,0.0612244897959183,0.0612244897959183,0.0612244897959183,0.0612244897959183,35.0,0.0,0.0,0.0,0.0,0.0,0.0,0.0,0.0,0.0,0.0,0.0,0.0,0.0,0.0
W0088,1,0.4148381809002112,0.4522533389206448,0.2610443019000395,0.4376246890946249,0.4523652679647447,0.1594575526627184,0.3540916820856545,0.1411441937620899,0.9816278506117466,0.1659519557772071,0.4195263315841721,0.892870412098595,0.5741832543975718,0.169064880695916,0.4089739122836959,0.2782024169981849,0.1637036871321073,0.2953271685093241,0.560187678002355,0.5154629690521253,0.2338188001523596,0.1451813267869639,0.1639457802436219,0.3143515919760822,0.2322759436067234,0.0878186121176265,0.3835186181860887,0.1039333827677668,0.2804349642806096,0.1613178180184669,0.1222350993029908,0.1195736745939366,0.3596620228356355,0.1322115968890979,0.1522790092043634,0.2704310093031293,0.0,0.2073245956160951,0.4006968349296261,0.0910688310412288,0.1622946068134222,0.1388420790520735,0.2035265811152259,0.1312199499352636,0.2272227103650292,0.1754003686179121,0.2148071491207764,0.1691472443951393,0.324948798550809,0.0984325665668153,0.2465469291948487,1.1956212035306126,1.4877624136679393,1.902805616882832,2.147258339479948,2.082852118347109,1.4472469727328678,1.21643918979222,0.4161868951291278,0.4768836534380584,0.3631834940598671,0.5506356238490895,2.5370981394658694,2.879705811090351,2.1188181583555465
W0088,2,0.426166060333674,0.8079526494298715,0.2056241114323216,0.4994590612266637,0.4152358083763506,0.1599511795020112,0.3728425748671249,0.145891939624929,0.7707609904695452,0.1739232727239958,0.372877085018298,0.8794520706820607,0.4937188781379789,0.1496091670883819,0.4269559609499518,0.2509452392687145,0.1342946755401018,0.3493005148586313,0.5873018557667814,0.4939803467890662,0.2272519558437806,0.1718349816509196,0.1296324915804289,0.3895157325056012,0.3093267755704045,0.1385379030895913,0.395326222822429,0.1060734371085591,0.2560305285969501,0.1370037617131743,0.0954082827018848,0.1207021258883638,0.3079284156201446,0.1139205445185007,0.1026415433483536,0.215621907523208,0.0,0.2533190083968152,0.4618344415397319,0.0956927690151846,0.1418437645299697,0.1430195796888564,0.2184148892974004,0.1405991722306889,0.1777695323284135,0.1422469415933388,0.2137962289649423,0.1731097530101461,0.3881772076482916,0.1152602777366976,0.085640477039166,0.5959030715734531,1.1210257824660077,1.009446478050798,1.1252969586623969,0.7722744901016139,0.8120303956161391,0.3827857119334294,0.2935715539125653,0.3867854495403895,0.4240406422051958,0.4409198851799631,3.1574427347789458,2.652052023598085,2.9821552051448483
W0088,3,0.3423452384554615,0.5737327519799214,0.2202140814589092,0.4704775819484417,0.4002786246058852,0.1161584371860997,0.3324141518618511,0.1148647075331402,0.5748749629881439,0.1191325220533352,0.205233298567758,0.7143931733740722,0.3238446170115982,0.1077632070490022,0.3218375437093114,0.2660491102638981,0.0784454129283324,0.2964331479159694,0.5779564683029268,0.4874626219916521,0.133680732784058,0.1351849494317965,0.1524444447199064,0.3258411842960569,0.310214474842572,0.1209332398561035,0.3308983392439415,0.091139788461744,0.2357808006547562,0.1038753007886654,0.0820800007222242,0.1218037842515274,0.2634730156229607,0.0787089073305012,0.0777923817268108,0.1862272390180213,0.0,0.1716838128967283,0.5806065834841756,0.1246498617122199,0.1057030841915842,0.1350805143358269,0.1719923220896014,0.1197852042647342,0.17393163813643,0.1294572964319635,0.1188779957356997,0.1673330544290092,0.4638248839328598,0.096115062653843,-0.0585540122241301,0.4186601552619483,0.6027870421190912,0.343114314027609,0.5036035430238711,0.4350517600076643,0.4145616311766993,0.2366385326086802,0.2706571001730952,0.3022002189396096,0.2472902375439045,0.3441408674037166,2.921656629294996,2.595115919091677,4.286283329439067
W0088,4,0.3723476121996472,0.5642556619409037,0.1439546901635089,0.3614985569108226,0.3437889139355076,0.0997162626091208,0.2654554047224067,0.0723558482914656,0.5475205606546629,0.1246638869131722,0.1948833592858257,0.6983945468687864,0.3114893809629224,0.1065506028273192,0.2794524859569693,0.1588835336458312,0.0505660434815526,0.2502398146054693,0.5914802949592598,0.3363992867090259,0.1275615007731615,0.1042530282985035,0.1254653235951489,0.2834927109601021,0.1794092155687802,0.1000118449911909,0.3055219747663287,0.0897589936102068,0.1953091912631948,0.0697214689048482,0.058413805637869,0.0925907793477988,0.2272986595347619,0.0694065855674629,0.0740628726589105,0.1282625129653953,0.0,0.1219406554995155,0.3898726535445572,0.0812818614844733,0.086614212056816,0.0761424218888085,0.1354804543831446,0.0631843962994574,0.0947822227798673,0.1299766090482114,0.1103911785532395,0.1157702495634996,0.4519143582081346,0.0867110808615682,0.0327831698814482,0.2068762209976229,0.3166402631863831,0.1438588084625331,0.2734879320850658,0.1935074802302084,0.3132638671572338,0.1065486455673168,0.0743882591704612,0.1666917509111309,0.2336628321624353,0.2399146152240579,3.593431753331201,2.506224902427715,3.141561163228897
W0088,5,0.3098831291992815,0.4110962021307047,0.1211221787630842,0.2644738076327718,0.2377085858455092,0.0660936355927557,0.2395524790731144,0.0686183041093314,0.4181461821191002,0.0759565243828492,0.176765953879807,0.4512681499276427,0.2204455789435202,0.0722662981759499,0.1704667806028221,0.1266577939953796,0.0399082184020627,0.1489313728197167,0.6242745424035221,0.328822986564957,0.1175361059187072,0.0959679793033289,0.0840123263785814,0.1860388986660677,0.1735764947317012,0.0656914063784562,0.2217093270317957,0.0599010664360299,0.1477130896424906,0.0686895959131507,0.0470445638307818,0.0663319859659151,0.142845007122277,0.0382594839641293,0.0507740312436254,0.1084786855008321,0.0,0.0877535736184813,0.3477599448737529,0.0674353901132868,0.0614421369143729,0.0772795360682708,0.0985266615485728,0.0694204925603111,0.0854218817536058,0.122222885567081,0.0670856779939724,0.109554611297454,0.264314611975547,0.0638351527127756,-0.0067524974216373,0.140475807476531,0.2105842601819682,0.1826524063546805,0.2846794730097816,0.2112475251392883,0.1210847495901649,0.0802724922832699,0.0432894647869725,0.2072351848672682,0.1523331450427803,0.3244239222660544,3.308739577911917,1.8891382847420477,3.90498131009143
W0088,6,0.2255986798715341,0.3593184794943572,0.0892578626873637,0.2083561092003314,0.1651791576741283,0.0538596384053205,0.2097461941761834,0.041170032384497,0.2459348388663079,0.0616500617316092,0.133921085748098,0.4184525050931145,0.1826792788441203,0.0498753778605081,0.1473985699406786,0.1075036945961663,0.0385866600767951,0.1656169088339029,0.527740762110144,0.1998954292154952,0.0799884347545361,0.0708689190092345,0.0663882958339887,0.1650001886484298,0.1332814208015703,0.0427625891584247,0.162947155533163,0.0474140332040959,0.1179750134773339,0.0362748353414416,0.0309880154294682,0.0468291703675342,0.1087739029907839,0.0378667643446642,0.0519422514521794,0.0645176737334214,0.0,0.0701837654535306,0.2421058505672833,0.0432422396545181,0.040978030306556,0.0544811881836947,0.0675947674377123,0.0591648240963973,0.0751193753267853,0.0574510934517093,0.0635427318044632,0.091346782246911,0.279113321342586,0.0468536362341455,-0.0556535876350662,0.185889088870748,0.1125957001542526,0.1485397824634642,0.088160123134388,0.1299687128971843,0.0375856262092634,0.1385839854776651,0.109136282362315,0.0192433524368657,0.1376987891736081,0.1527400078668109,3.4371864096671576,1.7872345832054986,3.6625225776024255
W0089,0,0.0612244897959183,0.0612244897959183,0.0612244897959183,0.0612244897959183,0.0612244897959183,0.0612244897959183,0.0612244897959183,0.0612244897959183,0.0612244897959183,0.0612244897959183,0.0612244897959183,0.0612244897959183,0.0612244897959183,0.0612244897959183,0.0612244897959183,0.0612244897959183,0.0612244897959183,0.0612244897959183,0.0612244897959183,0.0612244897959183,0.0612244897959183,0.0612244897959183,0.0612244897959183,0.0612244897959183,0.0612244897959183,0.0612244897959183,0.0612244897959183,0.0612244897959183,0.0612244897959183,0.0612244897959183,0.0612244897959183,0.0612244897959183,0.0612244897959183,0.0612244897959183,0.0612244897959183,0.0612244897959183,0.0612244897959183,0.0,0.0612244897959183,0.0612244897959183,0.0612244897959183,0.0612244897959183,0.0612244897959183,0.0612244897959183,0.0612244897959183,0.0612244897959183,0.0612244897959183,0.0612244897959183,0.0612244897959183,0.0612244897959183,35.0,0.0,0.0,0.0,0.0,0.0,0.0,0.0,0.0,0.0,0.0,0.0,0.0,0.0,0.0
W0089,1,0.4460640968333194,0.4391929702002288,0.2484718116770973,0.3197945907433069,0.5130075456854999,0.1488165125011933,0.3177244029023542,0.1299305701096662,0.8697580130213658,0.193351737008994,0.3748225533220318,0.8739622947015386,0.5514304098153289,0.1909630961932985,0.4306686528510454,0.2388543951604532,0.1241835460875284,0.2811143305106254,0.6189302012824011,0.6193020741230316,0.2129759919255549,0.1323748809809606,0.1341403548981061,0.3189065607506137,0.255259519584555,0.0980510469770456,0.3437412423494539,0.0795632698957367,0.2189131484232013,0.1552098087243636,0.1355506803388774,0.1421834984424826,0.2903282874550428,0.1195332449415342,0.122813204893097,0.2584972299715271,0.3260751823313388,0.0,0.4124671768794625,0.1616946584711158,0.1837713919401841,0.1165466773910979,0.1987886725948904,0.1410206831174807,0.1938759019285228,0.1175019713734688,0.2181989610368336,0.2074536107941811,0.3696545290772904,0.1289327307811388,0.2414317693175337,1.2392282433844368,1.5713886894327511,1.7117427769847884,1.821139713530476,1.628960448246814,1.44652281059973,1.1143163556309077,0.4031017586356655,0.5125429899123031,0.5016375343221335,0.4650943239360777,2.1581566979591624,2.7060528752497013,2.310337734420239
W0089,2,0.538585574698147,0.6554501933492991,0.2073469381237471,0.5009036789029107,0.4378959797577988,0.1315161356578401,0.3699351265367884,0.1439138419709644,0.9871017923466952,0.1361777334908936,0.3015921591982246,0.8523789460565379,0.4793733003668123,0.1433708484001233,0.3862225025517891,0.2497327125882292,0.1144042749581718,0.3152325461652077,0.6011022965929983,0.5696220611206959,0.2135204698172964,0.1394148184562925,0.1603437435225394,0.3925962527072045,0.2957009561822925,0.1077518758477134,0.3547808050715219,0.1070426909946986,0.2292388158304518,0.1519702229221672,0.1108488243833837,0.1021330055009362,0.2833086567620067,0.1021250821288483,0.080442572590512,0.2081002829316885,0.3805741061993182,0.0,0.4791521884784946,0.1315774524275079,0.1653284750331983,0.1262863762216288,0.2203741623849329,0.1254416716304996,0.1727637985175579,0.1738377345515636,0.2183270465468673,0.2047625711282748,0.4280336660157216,0.1151311940064634,0.0622970231325496,0.5626557645617511,1.0716043187622102,0.7144802560551673,0.9951737411092174,0.7786951976493092,0.888199547720412,0.4298978151839493,0.2461455202533508,0.3251964024661108,0.3167246499032165,0.3596991700227334,3.0396849997563016,2.888532881163026,3.045265715016587
W0089,3,0.4335819146264731,0.5774268368614082,0.1780915044486471,0.3639356351883394,0.388660112481649,0.1130430389438917,0.432157666902049,0.089849013816131,0.791784745636881,0.1298772730527016,0.3108304844366603,0.8457984219656899,0.407829721949218,0.1429747076794993,0.3097141438310671,0.2185269306331552,0.0903940266159655,0.2615972540049388,0.5681195513779248,0.3826504058884348,0.1587647398553455,0.1324330553746412,0.141617389572131,0.3389351040088365,0.2548819119567532,0.096834442768303,0.3995466471950621,0.1023149001886292,0.2068142501212997,0.090531064180802,0.0828548903474458,0.098146028823033,0.1914186351286163,0.0910602098293542,0.0982722323326311,0.1870900066310651,0.3013347058669499,0.0,0.4633661266329096,0.1140118005429636,0.0984181448548133,0.0897823340103139,0.1629843336027475,0.101846456589024,0.1725102964341288,0.1668236416225794,0.1513063282478756,0.1706959304880414,0.4903779823423119,0.0996769163008534,0.0694220956131514,0.3646378776207547,0.5531035690065472,0.3788903272571582,0.5182617518654726,0.2564256561174053,0.3873075732447232,0.2137602690924631,0.1704563453433448,0.2320825171681566,0.1412496628829878,0.3732499607763876,3.300583959555668,2.566857076111874,4.097391702323328
W0089,4,0.3571508739913448,0.6319378238845832,0.129157547612996,0.3936569730835575,0.3457868602356427,0.077049872062781,0.2806829659030468,0.0595243073169456,0.583842137907044,0.0914044193103858,0.2602949868827419,0.6177102172803958,0.3116202567275146,0.1145496050062166,0.222552754820757,0.1976491582540112,0.0609506577836791,0.2440586986318542,0.6720760275656645,0.3299510823370222,0.1460532740110753,0.1316132912915049,0.0958280401030528,0.2575277485956853,0.1620465495885251,0.0832291546484551,0.2799907296179903,0.0661937642976142,0.1608792925891097,0.0788108613100879,0.0696442036670833,0.0924119235578111,0.1525678045706529,0.0560947427060586,0.0699931237399606,0.135464648932507,0.2757990492317497,0.0,0.3823129158492794,0.0783351333037157,0.0948141222126105,0.1065508000019934,0.1384081646125943,0.0849814530086333,0.0881521170013052,0.1033591094233346,0.112663630934201,0.1533888186118814,0.333958407864808,0.0937828540769112,0.061528300847729,0.2402539876545558,0.3550849787860095,0.2053465544046671,0.2815503729739036,0.2170759969674817,0.3686953029114852,0.0558481102602702,0.0666536708490668,0.1937706467637602,0.1233769094351889,0.176579717631806,3.082015094760564,2.337853786023296,3.754576438772132
W0089,5,0.3092160436634025,0.486252828927041,0.1199518846216791,0.2920426233106133,0.2424632806500065,0.079775248241161,0.2491171164108437,0.0586070610138947,0.3632620526798082,0.0678563724238731,0.1787330318247613,0.491833927559112,0.2090579242677274,0.0923182858755041,0.1562480764577275,0.1479101249294757,0.0460751033203609,0.1782727875133595,0.6093725085518954,0.2884015578084343,0.1102315717154186,0.0905580893005351,0.0793529058494,0.2665751857984294,0.1601361031902269,0.0757092189614527,0.1976732244763682,0.0539057497822617,0.156161397417012,0.0545467254357886,0.053219389306143,0.0502548654376395,0.1420050892948046,0.0510389567553488,0.0447574390944515,0.1141272865092118,0.2107103248230054,0.0,0.3097856392074654,0.0435835440851937,0.0682507048173617,0.0610211493365136,0.0996261930837393,0.0717215354176441,0.1080169750826261,0.0930725183327458,0.0818034138913423,0.1064946154782644,0.274598252347759,0.0564123634578813,0.0022849232394238,0.1149876302432479,0.1688791631844498,0.1605801168853176,0.0926468951268489,0.0998249697631469,0.129601800734261,-0.0059247838785467,0.0462802433585505,0.141191400618562,0.1140927720533725,0.2196869131498335,3.9381403111345934,2.359981816847616,3.6996729667723978
W0089,6,0.2401713193435791,0.3800201612566093,0.0725044212601336,0.2162194691523757,0.1414968834740909,0.0411208340409992,0.2097529640638955,0.0409004932457075,0.3572429751364309,0.0589660314796497,0.1374159417797805,0.4693606951888206,0.1700187899901392,0.0532660824006036,0.1118411363580666,0.0984694018535846,0.0242205203438627,0.1483419156124431,0.5312425024354935,0.2426556402912711,0.0768926618909833,0.0674845292105656,0.0789279775053039,0.195790628039248,0.1244591372639194,0.0427770646765879,0.1314101331707781,0.0479595521864174,0.0978665680845434,0.0504835024778942,0.0461040481186082,0.0597634331771404,0.110510667573733,0.0335632973954079,0.0461519568132723,0.0644484980264306,0.1704051646933106,0.0,0.2687020092153879,0.0506105558035074,0.0559658166746656,0.0573124334660451,0.0715967661879074,0.0477714756470081,0.0624397084876291,0.0554558894636551,0.0529298216834595,0.093102599947459,0.2449118895149478,0.0505681458571242,-0.0293966933940275,0.074900166681672,0.0965412574969921,0.0644841313556871,0.1798893727378091,0.0868156670010491,0.1390125603304688,-0.0237695819959994,0.0603732914004204,0.1073140066211115,0.2146685155944907,0.1446695269462565,3.366818793355556,1.823899659115439,3.563428025175672
W0090,0,0.0612244897959183,0.0612244897959183,0.0612244897959183,0.0612244897959183,0.0612244897959183,0.0612244897959183,0.0612244897959183,0.0612244897959183,0.0612244897959183,0.0612244897959183,0.0612244897959183,0.0612244897959183,0.0612244897959183,0.0612244897959183,0.0612244897959183,0.0612244897959183,0.0612244897959183,0.0612244897959183,0.0612244897959183,0.0612244897959183,0.0612244897959183,0.0612244897959183,0.0612244897959183,0.0612244897959183,0.0612244897959183,0.0612244897959183,0.0612244897959183,0.0612244897959183,0.0612244897959183,0.0612244897959183,0.0612244897959183,0.0612244897959183,0.0612244897959183,0.0612244897959183,0.0612244897959183,0.0612244897959183,0.0612244897959183,0.0612244897959183,0.0,0.0612244897959183,0.0612244897959183,0.0612244897959183,0.0612244897959183,0.0612244897959183,0.0612244897959183,0.0612244897959183,0.0612244897959183,0.0612244897959183,0.0612244897959183,0.0612244897959183,35.0,0.0,0.0,0.0,0.0,0.0,0.0,0.0,0.0,0.0,0.0,0.0,0.0,0.0,0.0
W0090,1,0.481500368118407,0.4494242025657026,0.2047318398015881,0.3595575383389066,0.3938589937440293,0.1266316409559251,0.3846291655224543,0.1564612461761239,1.055357540258496,0.1740400205087909,0.4916281093329661,1.0265506191812397,0.6398066984394234,0.1765617665760619,0.3393306749070662,0.2276625661567661,0.1666950315125365,0.2557594772319772,0.5210193924618091,0.5642203462846875,0.1712003789807816,0.1496339148302621,0.1737601565100118,0.3306042908121189,0.2982868038267593,0.0961499153679768,0.3652092919996826,0.1078291917669762,0.22929670412897,0.1611333505734776,0.1150306121665232,0.1269085694752421,0.3175175871609185,0.1201258882039344,0.124117165870156,0.2908561170092145,0.3378024260588367,0.2747383217340092,0.0,0.1919650511607007,0.1866125521836826,0.1520726703240464,0.1766128610298581,0.1259857499433021,0.1999243847824302,0.1602658580412297,0.2292763256522075,0.1507074764145921,0.3564150142117213,0.1192806245766411,0.3601718694513105,1.3290379389835767,1.5723023513448775,1.9250737117453376,1.9302005358174723,1.883124392392326,1.6010617464012735,1.6847073667783865,0.26180554382469,0.493318330975494,0.4888090692960184,0.3986077266125553,1.786015027813081,2.181634757849797,2.1751029266535427
W0090,2,0.5561186156409373,0.6517906859466169,0.2255124498095092,0.4540138649291897,0.5356028810882968,0.1759210281569872,0.3912215710383022,0.1370974471747562,0.7192476057927496,0.1593099687918152,0.3281845284041482,0.8628495195486224,0.612354790536784,0.1825477961153918,0.3700812065377241,0.2679754263345814,0.1571576386579174,0.3190470502051313,0.6588250688566946,0.4930217905140424,0.1949720873247331,0.1675939590253307,0.166311822698947,0.3976861018934096,0.3295101187790061,0.126745193646345,0.4562205587072345,0.112990583080394,0.249880713378539,0.1448294812681599,0.1086700986510126,0.1193455500857279,0.29850834513685,0.0979004326211632,0.13693645515806,0.228749398534253,0.2755042450391164,0.2320534478102125,0.0,0.1401447118298786,0.1290654881125043,0.1262116081567463,0.2235049673069261,0.1245616612533259,0.1666948435972038,0.1410170670377214,0.195992379769853,0.2039278789841568,0.3643618752362753,0.1453870841511176,0.1833031614308642,0.6800639188292216,1.0074126371549612,0.9325561321353572,1.0331217985825796,0.6944100130261746,0.8775605975117922,0.4517742357622479,0.2596601956499643,0.2920462847384741,0.3361869320364322,0.3733940181171948,2.9311587557258822,2.791942540362207,2.8199545274833757
W0090,3,0.4214924362581012,0.7762294089295253,0.2225493577369095,0.4495154418219767,0.3615573799760826,0.129738517706213,0.3460198750621096,0.1036214223541265,0.6481395862670769,0.1440661259085777,0.2126472336275679,0.8387555683356711,0.3364078438263975,0.1358914049007671,0.3347686474502392,0.2203870576789529,0.1113841072157875,0.2974843381880914,0.6915752040836759,0.4272424897968749,0.1833841603015361,0.1505621790288015,0.1043972690350897,0.3175921510907808,0.2555064233825247,0.1078973372989249,0.3266816440264938,0.0840992334799091,0.2360714203513962,0.1210528869160595,0.0897984846038875,0.1104641043452197,0.2576405310950067,0.0765032085758437,0.1142067986288522,0.1574782594920127,0.2721100618960788,0.1516655856730715,0.0,0.109172841282421,0.1097768279970391,0.1224963343176141,0.1659234758290428,0.1032031532018094,0.1599775622133821,0.1492256721666423,0.1377344113167634,0.1679414485394333,0.4230478593394896,0.0961215159539372,0.0828406060999585,0.4053483066058526,0.5989815738014641,0.4029394220748584,0.554228082948034,0.4052587205795915,0.4968819938232107,0.3403610116913177,0.262391673433241,0.1099214834548736,0.3041794141093618,0.3324344766780646,3.483252461605548,2.2743875253405403,3.4924225108028324
W0090,4,0.3616832417671797,0.5335156088724251,0.1356292862457654,0.3938574733539736,0.2908588683697407,0.0984137315828103,0.3238360171307403,0.0955745778310744,0.4963614770598206,0.1082525953064119,0.2031818946197613,0.7804290901948051,0.3281637363783076,0.0932655194654525,0.2146042102917406,0.1669015209648655,0.0668808423049083,0.2425728321584642,0.6341242880117265,0.400798761272594,0.1505080672617909,0.0960202568199335,0.1450805198970464,0.245408233021452,0.2032644136020784,0.0767709945102438,0.3009248472911449,0.0837209930928334,0.1753846216082031,0.0601395482856146,0.0626511282873103,0.0633368632198105,0.2007790214201104,0.0559756483228458,0.0755003361763946,0.1137637577341032,0.2852934322716948,0.1060411306419438,0.0,0.0780332655009713,0.0889450642239432,0.0755804055076761,0.1503770438063282,0.1005454492069259,0.1071182411588891,0.1254933187199232,0.1183792964093911,0.1399052861494579,0.4220127805538992,0.1027560325819143,0.01349723731,0.2114696627440129,0.3065951098384783,0.1085694508353611,0.2040253859420726,0.2901544726040225,0.3342412436300314,0.1705255589503154,0.1773136068750875,0.1040966255762179,0.1748067145790581,0.1798054901801645,3.5879745434777344,1.8181976938907551,4.331939787542821
W0090,5,0.2805077511870261,0.4698294262563889,0.1172378713327507,0.2389622508103185,0.2562476846447936,0.0957899170087155,0.2004448058590069,0.0615019520470367,0.4034091703447982,0.0890358257480099,0.1921371393372622,0.5316304103308328,0.1854798421876436,0.0797800999597034,0.1948055593409347,0.1190738862778769,0.0414667995393725,0.2067234309529305,0.5702352923472535,0.2779972407859752,0.1174524485683643,0.0722062120798721,0.1158479044607241,0.2050515021325188,0.1975621448075936,0.0705489144999488,0.2562169106198801,0.0722840279912059,0.1274047356711182,0.0686482573837659,0.0399799962928432,0.0642211324603729,0.148767106280244,0.0365918803447834,0.0630638189869802,0.0933906736687404,0.237608063881295,0.0928857034214103,0.0,0.0667305281982357,0.0539136005827953,0.0720560700777291,0.1127020358244859,0.0763026797235832,0.0842077640498696,0.093874229651503,0.0721970677855402,0.0875206982230431,0.2554298209152271,0.0620118056034598,-0.0892303678570325,0.2147513624054819,0.212108673510448,0.1283717982179501,0.165490498789138,0.1426727447654319,0.270408128441794,0.0954337982244263,0.0804664009584249,0.0988476566559799,0.1027695641350898,0.2274826011291693,3.1976121417158723,2.1330908525689023,3.7019853903223847
W0090,6,0.2451455840399493,0.4596591436037767,0.0841862097021683,0.229272863056872,0.133592113166431,0.0523856205966804,0.2159900622199266,0.0412478669565672,0.3133917037901393,0.0616255395408807,0.1718784331586027,0.4278575750603414,0.2053647098327297,0.0573274816586284,0.1392838184786918,0.0920942909521095,0.0405943604363731,0.1638231654749505,0.527737265005409,0.2116168225878367,0.1020298152140313,0.0817412084722385,0.0686650333007835,0.1804272152907749,0.1481046031482625,0.0590555112613195,0.1627641538278483,0.0450664326998848,0.0932385673070663,0.0393943861586091,0.0376664706628832,0.0486290429782632,0.1097658251024544,0.0424850910280546,0.0476053059870919,0.062198526243444,0.1928132048734821,0.0750174718774424,0.0,0.0522736681007884,0.0448098151593267,0.0467249039520843,0.0806961407363266,0.0374885799875442,0.0639227247686877,0.06753567129105,0.0633504451361004,0.0881024402027712,0.2302146516101053,0.0573743092017039,0.045749810500158,0.1438057168315955,0.2320380476354036,0.1306050454119901,0.0166120695356834,0.1284687937438506,0.148562155791168,0.1023853775854242,0.0875688184821271,0.1341041614709875,0.0877254845687087,0.089041795896292,3.701021478123883,1.915396849885088,3.811552024990031
W0091,0,0.0612244897959183,0.0612244897959183,0.0612244897959183,0.0612244897959183,0.0612244897959183,0.0612244897959183,0.0612244897959183,0.0612244897959183,0.0612244897959183,0.0612244897959183,0.0612244897959183,0.0612244897959183,0.0612244897959183,0.0612244897959183,0.0612244897959183,0.0612244897959183,0.0612244897959183,0.0612244897959183,0.0612244897959183,0.0612244897959183,0.0612244897959183,0.0612244897959183,0.0612244897959183,0.0612244897959183,0.0612244897959183,0.0612244897959183,0.0612244897959183,0.0612244897959183,0.0612244897959183,0.0612244897959183,0.0612244897959183,0.0612244897959183,0.0612244897959183,0.0612244897959183,0.0612244897959183,0.0612244897959183,0.0612244897959183,0.0612244897959183,0.0612244897959183,0.0,0.0612244897959183,0.0612244897959183,0.0612244897959183,0.0612244897959183,0.0612244897959183,0.0612244897959183,0.0612244897959183,0.0612244897959183,0.0612244897959183,0.0612244897959183,35.0,0.0,0.0,0.0,0.0,0.0,0.0,0.0,0.0,0.0,0.0,0.0,0.0,0.0,0.0
W0091,1,0.3988754371017464,0.4596377078384594,0.1823252582267342,0.3615841731722534,0.4378572016560836,0.1207638278971774,0.3444382237519692,0.1438313215008098,1.1375260971744887,0.1674067309548357,0.4771002533331072,0.8989033068059087,0.5239723393036579,0.1994505328117461,0.3659130323493161,0.2323934008489848,0.1613843647554603,0.2988505797215662,0.5000899005399668,0.6816399484701192,0.2123152713263954,0.1136681972504337,0.1560834549383195,0.371474550992605,0.2120509568894499,0.0936508136627993,0.3061398074725728,0.1063027432066436,0.229357425767833,0.1831447911257429,0.122693487474773,0.1327144552104571,0.342845912147446,0.124983257055401,0.1246534369379563,0.2152849252429647,0.3337284328185303,0.2675050970894664,0.3544148455572609,0.0,0.1880597521058097,0.1399563504360672,0.1735218279963336,0.1377844840217743,0.1937450388495616,0.1254406321438829,0.2236156295982853,0.196404748942426,0.3829297949334664,0.1231334585826451,0.3005128707635743,1.172058210163203,1.533053703924094,1.7782860046077829,1.9510915017966748,1.3985581708911738,1.3241225306757038,1.220769656289468,0.4402441094283972,0.665189832808704,0.4234700638389125,0.4950020495343246,2.3088592488833246,2.3413977000728328,2.212028145137073
W0091,2,0.4592349555734808,0.7321314131379841,0.2425094445934935,0.4670169607678514,0.4612603016859418,0.1570816450725938,0.3427525359326597,0.1308856509738273,0.9209231334497192,0.1351891165710929,0.3278035611161179,0.9584455804258256,0.4445824379874178,0.1731752311786059,0.3423643067455001,0.2862247752196509,0.1236503607575424,0.3471337900521796,0.5935346873190216,0.4935264260519339,0.2228905061633533,0.1420425400729424,0.1543144214183083,0.3698073737104703,0.25818600288305,0.1398893715068711,0.3552561045489107,0.109915298314954,0.2431060017876265,0.142093136321833,0.1223736241757266,0.0904926474034306,0.3419861696137449,0.0822646193369313,0.125459313818126,0.1626712320433134,0.3251405604977181,0.221868562620087,0.4671281131044968,0.0,0.1472229667299991,0.135592311680509,0.1881791108373657,0.1239218424519974,0.1806038388749572,0.1269311344242871,0.1885152749337624,0.1975234526772223,0.4569362015442034,0.1290495609911714,0.0803557170595486,0.7505147560300088,0.9659630461666506,0.7001298296045386,0.9511508901272652,0.7733040959553927,0.8137788028851242,0.5145847870777951,0.376714123070182,0.3488532743561388,0.3073309702000023,0.4672648536280601,3.1045149406573045,2.6630260169728697,2.613795965432
W0091,3,0.4212641689558738,0.5206066506803193,0.1858410011460273,0.4738387689555471,0.3330012659296159,0.1415410959177302,0.3645536670539125,0.0950573416675499,0.6635671689900752,0.1536655693588662,0.2936700612801529,0.8158469798945633,0.42620637255355,0.1414396619733516,0.3215273194464407,0.230678903049922,0.0764778717735,0.3486483303477585,0.7190213852901194,0.3949366255684661,0.1930753930745248,0.1657114625898395,0.1580262957442667,0.356112844011568,0.2579579092967213,0.0903942493668525,0.3453914977855237,0.0792169343699331,0.1978783759443924,0.1171302583340002,0.0790903664732914,0.1380729345238285,0.2389461301570808,0.0881544003960854,0.0957301885789364,0.1388696283213319,0.2978935070326447,0.1463058912431596,0.387722196046294,0.0,0.1061715956376113,0.1162219440410471,0.1880849168250284,0.1035474313225963,0.1160088468480419,0.1212399127143513,0.113691500961969,0.1276175505067307,0.3817449336670486,0.0865531174898668,0.0513892794888748,0.3239399413802393,0.5781308986216559,0.3504674050114095,0.3247169143921771,0.334208506942024,0.6036432849647817,0.1792433081486112,0.0878503423054536,0.1965256366392288,0.2033992075292512,0.2925425017187675,3.3836518699858384,2.840078552124048,3.225917480696525
W0091,4,0.3012666018859236,0.6272663216206492,0.1456709852408092,0.3497285481786555,0.3144548585757887,0.0968339767488153,0.3148165558670389,0.0716842773929939,0.5283974042276984,0.1329808055300254,0.261907695756543,0.5581475543251337,0.2922845208547049,0.0990677723518353,0.2794945387126831,0.126011336145808,0.0773544017001181,0.2325240577043904,0.5762995002968005,0.3667862984860315,0.1593410609453119,0.1046303863384354,0.1076056741685593,0.2952184866752019,0.1893763130567456,0.0700277649947025,0.2658049020326186,0.0817438375644125,0.181224585296133,0.0717899434008194,0.0633253450333052,0.0931245515742783,0.1947739897849379,0.0529881109743023,0.0771814194677321,0.1429835433864495,0.2751799960157532,0.1111586565842805,0.4539658630498791,0.0,0.0822012107894836,0.1028938321139227,0.127547229978348,0.0695557256307193,0.0982547522485761,0.1115004892481399,0.1058465102201201,0.1286653248431726,0.3697424527894712,0.0706400113523632,-0.0114360164245037,0.243747530010389,0.3485183642102891,0.1377521909796573,0.2651448241323271,0.1481314677432433,0.1516393103786122,0.079944310459729,0.0898725625325698,0.2107197658925772,0.086596772031222,0.1703428917479736,4.445001119375407,2.3128160361214496,4.146009658525897
W0091,5,0.2748680783748772,0.4710777176780238,0.1194153865686458,0.2037244785551837,0.2541997162885638,0.0721004961004178,0.2401768873548836,0.0551515113775958,0.4621045793664711,0.100099084237425,0.1862191622050934,0.5407454675803438,0.2166995893070799,0.0762782898527668,0.1779558678940122,0.1440097138092444,0.05513924071411,0.1921301833235113,0.6216698989197083,0.3050061618435833,0.1094854109681743,0.0955224575686211,0.0742601168404386,0.2157007670959272,0.1857191176729976,0.0624084190958262,0.2098050065943423,0.0599699730442077,0.1410648326424556,0.0500530533462352,0.0646001975288385,0.060770268894465,0.133059219935781,0.0590739247532189,0.065331225815869,0.1039951381373449,0.2255474731582646,0.0816851980213038,0.3200127505088515,0.0,0.0719433699020397,0.0694461738939674,0.0944583747861641,0.0646599996675817,0.0882588170247543,0.1017258287686125,0.0844805731237403,0.1171105410851121,0.3399949457577522,0.0694934579526886,0.0191319927583435,0.225484148871607,0.2338063541319541,0.0474719330792358,0.1636131930817668,0.0499566180321913,0.1581589711059733,0.106328584846581,0.0880252407102474,0.1038530806945755,0.0693519436425528,0.2163617802645839,3.4783499424209667,1.622992851109648,3.3876900224648483
W0091,6,0.1895611445745604,0.3163113329225204,0.0593050990300907,0.1910398377123341,0.1768643816905448,0.0611327138768859,0.1871424340927712,0.0375526801693725,0.3290950344423257,0.0640628826906049,0.157986059170708,0.4278011886266544,0.1686790174607036,0.0648305048514958,0.1341185966473238,0.1089045573496829,0.0254460895960804,0.1483140054585263,0.5675204338897054,0.2095198895991657,0.0815543177833145,0.0631354087063527,0.0599288637484185,0.1429062147725651,0.1223741823061781,0.0468953978577149,0.1490850826205516,0.0413574527369535,0.1081498465655506,0.0421402745456917,0.0411117075096257,0.0470537803510102,0.1181094942357083,0.03608323648674,0.026404602352322,0.0671638897183577,0.1529980600271482,0.0671399198538652,0.1918356533811687,0.0,0.0438524309953511,0.0518554254524238,0.088060404103663,0.0590979243858089,0.0562237484298223,0.0580444212117623,0.0520554914640009,0.0726897799670165,0.2216478185165067,0.0494220597167217,0.0212544775536233,0.0530568430239437,0.1237268147607961,0.0795486857887957,0.134857981276111,0.0452097743917215,0.1551311448857604,0.0699054716223562,0.1055906132529836,0.1607869574642817,0.1027865569522604,0.0587074757522241,2.786544810950441,1.830417188212964,3.223711951823872
W0092,0,0.0612244897959183,0.0612244897959183,0.0612244897959183,0.0612244897959183,0.0612244897959183,0.0612244897959183,0.0612244897959183,0.0612244897959183,0.0612244897959183,0.0612244897959183,0.0612244897959183,0.0612244897959183,0.0612244897959183,0.0612244897959183,0.0612244897959183,0.0612244897959183,0.0612244897959183,0.0612244897959183,0.0612244897959183,0.0612244897959183,0.0612244897959183,0.0612244897959183,0.0612244897959183,0.0612244897959183,0.0612244897959183,0.0612244897959183,0.0612244897959183,0.0612244897959183,0.0612244897959183,0.0612244897959183,0.0612244897959183,0.0612244897959183,0.0612244897959183,0.0612244897959183,0.0612244897959183,0.0612244897959183,0.0612244897959183,0.0612244897959183,0.0612244897959183,0.0612244897959183,0.0,0.0612244897959183,0.0612244897959183,0.0612244897959183,0.0612244897959183,0.0612244897959183,0.0612244897959183,0.0612244897959183,0.0612244897959183,0.0612244897959183,35.0,0.0,0.0,0.0,0.0,0.0,0.0,0.0,0.0,0.0,0.0,0.0,0.0,0.0,0.0
W0092,1,0.444752022066658,0.4492367133823237,0.2373608747931858,0.3869035256907398,0.4662130028477685,0.1730965523026119,0.3575777692376928,0.1612567071023316,1.2710930402625342,0.1510776618684013,0.4220288163471328,0.8940058897772871,0.6433786911583896,0.1731828391187388,0.3886660093964078,0.2510453049400382,0.1631758781558921,0.3757794086468345,0.5108523865665611,0.5404347390059375,0.2288286428859277,0.1562721458852836,0.1800688293675994,0.3266905372524514,0.2354230207537684,0.1085939318950211,0.3639572090495242,0.0901098335338772,0.2263680252063176,0.1991195093450317,0.1772278985606223,0.1576962917340673,0.3314378532111586,0.1117506617954172,0.1135534292121832,0.2945178018169455,0.3220744441734735,0.292020855452909,0.3640027703807191,0.1463508253182927,0.0,0.1648449050603481,0.2374701916823271,0.1222887255976072,0.1494773159516413,0.149433216922401,0.1988036606811833,0.1927176546351313,0.4207681583371681,0.1223982956721978,0.2594216306993918,1.2239719392971138,1.7232096601646103,1.7381573632946878,2.1580841339983454,1.7712641796034,1.578419194735287,1.151546760156152,0.2941249638492054,0.5133046228138342,0.4117099010294814,0.4893741535921102,2.2061154882577254,2.8996926741789664,2.6959177968736547
W0092,2,0.4753042506830129,0.7093018006442058,0.1938315203179964,0.5453392856177613,0.4763355796993185,0.182015830245046,0.3250099168372706,0.1314027208146722,1.06949553883112,0.1459252962218083,0.3583715982791904,0.7625855996916394,0.4538332202773968,0.2058919501987003,0.4171091499419773,0.2230276888796901,0.1275428265879654,0.3574531968143751,0.6100017795480561,0.5479967269675476,0.1772246785871,0.135966826666243,0.1696632335440269,0.386369199859325,0.2967696023119419,0.1219119970926821,0.3792704905341562,0.1197717706424475,0.2063527099146325,0.1238571408998646,0.0924867108661626,0.1170646081623668,0.3177228700302792,0.1218540495200895,0.1248838988032289,0.1985026635251452,0.3849059507085868,0.2166713592044676,0.4837364134774179,0.1320390174025721,0.0,0.1399751590580809,0.2126453878500099,0.1306739599264895,0.1661384364676403,0.1778931230051632,0.1893093090383564,0.2164043026808139,0.4391204663782864,0.1059436130406661,0.1142226908155576,0.858837657949804,1.040522192182076,0.7710209159119723,1.0634926575227648,0.7547872209288771,0.7635729277157195,0.3947950484347105,0.2481981575099418,0.2843872445298913,0.4274885110425803,0.5332232284963281,2.732321299522764,2.682696767545314,2.8931054835994767
W0092,3,0.3703785911751331,0.5636084100811203,0.2174270180680393,0.4806970821687045,0.4480154085588136,0.1134607300056062,0.297387590396113,0.0916189432163729,0.7015851421174186,0.141187559870248,0.2920081607044314,0.7102684055994378,0.3440348005827586,0.1381378882399578,0.3304427367245554,0.2225037073878634,0.1020849353484798,0.3707569856229344,0.5254466343275237,0.4374323034882068,0.1993867482629186,0.1439852629527039,0.122712741642831,0.3317717431266874,0.2443200672945631,0.0979769445032026,0.3736187304126368,0.106614426698983,0.188386906002141,0.1029737549570296,0.065241714685885,0.0957918111980651,0.2140199376059706,0.0791018921662398,0.0943777833520121,0.1581698766716148,0.3169068857495668,0.1675837737258716,0.4540235022710314,0.1183829459129984,0.0,0.1062780482501238,0.1571653659007516,0.0957812946737577,0.1156414320469471,0.1364997831458955,0.1332370777557019,0.1813015146719989,0.3946686913776132,0.1052439945526676,-0.0116001208271644,0.423253750551877,0.4658104627932679,0.4016019630726035,0.391634031557633,0.3220775879192604,0.362157952285225,0.0851856739029287,0.1524721572616135,0.2461271417619241,0.1914263144215659,0.3351762078597805,3.259720910221494,2.409599409033385,4.366883519961932
W0092,4,0.3746036876286547,0.619403679028736,0.1586589019137614,0.3323120132428733,0.2584668213174107,0.0880194562138788,0.3384618895692551,0.068037502297044,0.493365252770923,0.1130880148039295,0.2103354487481984,0.6325289773494692,0.2991626944667081,0.0958135301369032,0.2069373244801592,0.1973793353497551,0.0558113545723432,0.2447278937731596,0.6672867762216672,0.3813372833251111,0.1325006643012273,0.1052246531956449,0.109667727508728,0.257935443358718,0.2548224081605841,0.0767516432525868,0.2458482501583105,0.0856904847946139,0.1679491330346768,0.0905439969495365,0.0614045476865413,0.0836859779919347,0.1637788088728939,0.0547797953534364,0.0672406553634051,0.1252118706120465,0.2767064349455577,0.1312276190683744,0.4410115136646287,0.0925323569722789,0.0,0.1096946847027996,0.1449542533489234,0.0870433628435435,0.1115073052378697,0.1074740733348954,0.1038082157318244,0.1263315434655262,0.3195919057113703,0.0815980701772565,-0.0474640899044816,0.2607620008557874,0.3584971738108264,0.1360647663221895,0.2070034330758436,0.1027872454639823,0.1653611424009122,0.1401773385400865,0.1260838634786919,0.1480870111450024,0.1313019291176412,0.2502902068320457,3.8966318185341446,1.9991677753007069,3.2067292449865463
W0092,5,0.3226734176186665,0.4552879907931405,0.1109329201224643,0.2699967414126308,0.2564712630309905,0.0950792344881127,0.2613669153501549,0.0604641900234553,0.3328455741847039,0.0901665840119703,0.1720767096318151,0.5022579387739132,0.1751371268748368,0.0723169279588457,0.1645996288378735,0.1439647182695635,0.050585225852048,0.1752148330461573,0.5212903634367682,0.2749168241547917,0.1071701225222975,0.0814417118189797,0.0998724588295948,0.1888411033510857,0.1483428445303583,0.0569903757344952,0.200511556869893,0.0699901142991206,0.1234736739334243,0.0475984752231142,0.0447339665832531,0.0553898290498574,0.1258165704206348,0.0475774419269934,0.0568448909691464,0.0890204774777282,0.2159314001999641,0.0743758261775318,0.3115119688899498,0.0572969818774855,0.0,0.0613747565765782,0.1077257829085682,0.0647979733164699,0.1029653428724288,0.0757333747957956,0.0803039507925234,0.1055175332093987,0.2619421408297308,0.0697993060055414,-0.0181764326160428,0.1887929574491337,0.2674084689252937,0.1593345849727444,0.1646434523371635,0.1587834948687206,0.1162465358061672,0.0562863290847264,0.1110564196106942,0.1756170948242191,0.1462016404957935,0.1342997072866116,3.0853650478765324,2.4056310976531727,3.4558949929089717
W0092,6,0.2320525555308431,0.2403320909812768,0.0903926756936909,0.2090412965795507,0.1940239616638759,0.0514026401694875,0.1910527706710863,0.0428259325063402,0.3728616249646608,0.0635394565870164,0.137910194227043,0.3926090554947027,0.1621793198123482,0.0524315846326716,0.1130779632041917,0.1039842195703283,0.0325499832260746,0.1538635221005847,0.5644894143169317,0.2187063870184627,0.0920972704512121,0.0648770468767756,0.0602304316743782,0.1319784886719929,0.1297360165659681,0.0474757748213784,0.1619674246384443,0.0468441990803886,0.0907936237745552,0.0433047123036601,0.0293360192506139,0.0487225706057186,0.1008167148407514,0.0312268640050116,0.0533039809279795,0.0535898254781709,0.1636699502846478,0.0753742562955838,0.2466506194396839,0.0415402065629667,0.0,0.0481391431820084,0.0618162494220193,0.0379444751301145,0.0485985104031605,0.0874237101595454,0.061828754641846,0.10288792170741,0.1865085450357909,0.0519785660452287,-0.0254587052792751,0.1234865156543696,0.1581524985826738,0.1754631566121646,0.0607435633887049,0.0785132435981287,0.0752245377177552,0.0821460621817148,0.144761825891524,0.0274401852628907,0.090681639784327,0.1996016137029245,4.348250679476349,1.8283838742225007,4.168064586468239
W0093,0,0.0612244897959183,0.0612244897959183,0.0612244897959183,0.0612244897959183,0.0612244897959183,0.0612244897959183,0.0612244897959183,0.0612244897959183,0.0612244897959183,0.0612244897959183,0.0612244897959183,0.0612244897959183,0.0612244897959183,0.0612244897959183,0.0612244897959183,0.0612244897959183,0.0612244897959183,0.0612244897959183,0.0612244897959183,0.0612244897959183,0.0612244897959183,0.0612244897959183,0.0612244897959183,0.0612244897959183,0.0612244897959183,0.0612244897959183,0.0612244897959183,0.0612244897959183,0.0612244897959183,0.0612244897959183,0.0612244897959183,0.0612244897959183,0.0612244897959183,0.0612244897959183,0.0612244897959183,0.0612244897959183,0.0612244897959183,0.0612244897959183,0.0612244897959183,0.0612244897959183,0.0612244897959183,0.0,0.0612244897959183,0.0612244897959183,0.0612244897959183,0.0612244897959183,0.0612244897959183,0.0612244897959183,0.0612244897959183,0.0612244897959183,35.0,0.0,0.0,0.0,0.0,0.0,0.0,0.0,0.0,0.0,0.0,0.0,0.0,0.0,0.0
W0093,1,0.399018488307018,0.4454292422725557,0.21134556509414,0.3804875618723348,0.4653962971983395,0.1428565685377653,0.3722664941867545,0.1311953850914614,0.9838930418798916,0.1400929279983391,0.3854169348202773,0.8672391068996135,0.5599112116130228,0.1903001089533321,0.3720148365793053,0.1948741670845172,0.1446637953871963,0.3577650670967225,0.5053406064912646,0.6087229495164586,0.2403049368517937,0.1463305483499906,0.1571911912420306,0.3399371184639811,0.193011772982557,0.1030803292795267,0.3652328949288291,0.1163969904193148,0.235578108821265,0.1926141261006885,0.1439656538902226,0.1371855608594678,0.3013567225943052,0.1202388564030396,0.13379922944913,0.2699078211688369,0.30798884263862,0.2613581101592704,0.3930867169416069,0.1500045986285185,0.1525165896196305,0.0,0.2161962497826012,0.1406678508356507,0.18365778882991,0.117295690317835,0.2217022360902014,0.1941209727369515,0.3470617439861885,0.1199732509604247,0.3344488661349259,1.5218207234438377,1.3550364938797443,1.8106154132050336,2.078891237414336,1.7581668835881132,1.2243661868893414,1.1177676124952798,0.3459308062304708,0.6454069874175439,0.4652346642836274,0.440140683913287,2.249903939495094,3.0258789842537985,2.2284240791589736
W0093,2,0.4159881656823134,0.7118283552161488,0.2131869929046668,0.4578808042165319,0.4552381320505016,0.1541170561105501,0.3150745775652879,0.113943196124858,0.714117591521555,0.1501076772192684,0.2923533339816504,0.9510167735318326,0.3994440299197105,0.1953730466313712,0.4125823209877407,0.2379872949416562,0.1203639676305721,0.3165370670602407,0.4822442020156965,0.526941981721094,0.1926578181955085,0.1323862122031154,0.1603890270607657,0.3282350919331801,0.3220092532122794,0.1177251138700592,0.3921024166268933,0.095025457868613,0.2498137795111789,0.1297506505957439,0.1189767009451329,0.1375384913278651,0.2483935486878342,0.1045721699988929,0.1278904752723586,0.169617309295966,0.3250911260163807,0.2094306945529313,0.4880613943611513,0.1628703493530544,0.1217729719033202,0.0,0.1989273132732207,0.1074679531501442,0.1853470940512906,0.1546395141749268,0.1783030460673588,0.2249953151711155,0.4319061378045431,0.1131052074344053,0.0517039870126001,0.543809868954144,1.0051724660392554,0.6708862885725806,0.7203705619359956,0.6226109729715288,0.8797866165082058,0.4691218743206975,0.3004182862681659,0.2632727443759243,0.3794690393958815,0.5515379659430656,2.916054490315062,2.725603014042524,3.606733009728024
W0093,3,0.4253598969785968,0.7774721603706019,0.1753285278540808,0.4132649299311111,0.3287081314827297,0.1344971671352992,0.3269739088456727,0.1083197752046245,0.7618114754028833,0.1247182412881959,0.2799870288333159,0.8513045751227393,0.3089369830425102,0.1365316443106216,0.3552293617351607,0.2297981924206087,0.0691795331740971,0.3131569763411485,0.6490325459583778,0.4251953832907008,0.1779400970048258,0.1684203492502698,0.1509015108846591,0.3684666025837539,0.2617197785691122,0.0784134494442638,0.299931055595199,0.0829479825400389,0.1997867082040928,0.1020451719389377,0.0786287575303435,0.1207131082877209,0.2596201166579749,0.0798504072431972,0.0723515792959014,0.1881521601388932,0.3274667876750591,0.1608020528124448,0.5027839261413466,0.1169103116506237,0.1096525953406767,0.0,0.1771518000430279,0.0962779267432091,0.1578879088977671,0.1335071958252116,0.144907951876783,0.16083609024624,0.3258448563745422,0.1080298679630844,0.0090943442156713,0.4024467390172658,0.5774837146281088,0.3780580019886786,0.5007961843517674,0.3967981437395597,0.3246992735524532,0.1062225747624828,0.1850219116715548,0.3884557425035413,0.2127765199268544,0.2451896803611635,3.197358156962613,2.3890166138810582,3.159823072623054
W0093,4,0.3216644830414573,0.5611802587423844,0.1515513783234289,0.341517408159482,0.3012153382483938,0.099641598442312,0.2565782462648266,0.0888193243851272,0.5909270394122699,0.12009102833235,0.258800391334326,0.5469068415329216,0.2842426363363247,0.1037689662959274,0.2537163741035996,0.1565478523209705,0.0648866096257074,0.2487118309266325,0.5954571832714023,0.3585300045061615,0.1213838694686119,0.1238739592030374,0.119418413167144,0.242587940613308,0.2214418323689126,0.0831696561633001,0.3159131443389023,0.0711040914805869,0.2016317891669209,0.087294920215166,0.0587955439971136,0.0707201768878072,0.1975673581620615,0.0573781641641834,0.0700209215546419,0.1055764375871309,0.1935927366858017,0.123847619816774,0.3805017627936002,0.0848145405266055,0.0733578778348046,0.0,0.1217116768456546,0.0708655052124248,0.1193708568301645,0.1294157084313401,0.0998624363130469,0.1506725014074464,0.2913899071145552,0.0842659188527449,0.034283172971429,0.1730981405058886,0.2929412200174659,0.1493245760846189,0.204876966569955,0.2234121715870888,0.2138396012890603,0.1603222509788832,0.0856357433684774,0.1433637166085056,0.1277388124345499,0.1514916919265861,3.0589594310829487,2.4273416190850323,4.371970904000432
W0093,5,0.2688756998371133,0.4616026095395235,0.1185876792595587,0.2280925952774491,0.2458845706890459,0.0731899284027319,0.2015074853836718,0.0516995306054187,0.4681259989567607,0.0710193960801401,0.1821106416084512,0.5297009888368512,0.2122649681276134,0.0727786986664657,0.1691189094173624,0.1552021903590817,0.0625212624856402,0.1842068073512364,0.5921920509611208,0.2798737403170644,0.1238714863499398,0.0938770523594025,0.0852722820741656,0.195379607742861,0.2016917646648461,0.0736230742764289,0.1707900445002385,0.0714106116205642,0.1133999330265742,0.0570653171875925,0.0455112386428983,0.0672694637504576,0.152574651722376,0.0356626353932859,0.0611485664382693,0.0938998955657112,0.2088992620264313,0.0927669666315586,0.2602151172340451,0.0696638422284826,0.0544838566303237,0.0,0.1132166885005009,0.062070624027659,0.0836616913706839,0.0993915203374102,0.0824247501589273,0.1130528822590579,0.2737529535949591,0.0560278598102525,0.0467967507545756,0.1339006454880683,0.2366613001106996,0.0488939958560015,0.1935629319482741,0.0644902795781085,0.1989267396275321,0.0951179235219746,0.1034905437890473,0.1035540217788457,0.0929338426495196,0.2272284258735705,3.4609104244032225,2.2020806586541144,3.595879669727139
W0093,6,0.1737808158461073,0.3609047923514992,0.0808602624427655,0.1808850658161767,0.189037653618489,0.0479455642628853,0.2192774019737547,0.0560973541877545,0.3228085471330492,0.0562704445947552,0.1321154916071859,0.4595046116384315,0.1838340618054515,0.0516356654865118,0.1494530099453145,0.1263220350426773,0.0299066703260158,0.1680068117774107,0.4677760640352578,0.2526487122829837,0.0753066627241923,0.0677424870372895,0.0725405402925781,0.1574107864216022,0.1542634245378976,0.0578759727704699,0.126012658189577,0.0452361031400229,0.0866116148428724,0.0366451559912994,0.0426358711047846,0.0452363818336034,0.1085895182194918,0.0382644447579236,0.0428940343319913,0.0747302592897861,0.1648983294881151,0.06990466322304,0.2426193472440713,0.0353319965200321,0.0357850668840852,0.0,0.0797460620112067,0.0494500257419105,0.0808499732375072,0.0667407974702356,0.0449021237874879,0.0882945414646867,0.2540424945142254,0.036210381549663,0.0199882703364297,0.1024067785792967,0.1762580711918789,0.0791532996145204,0.0464466350336958,0.0542923508252396,0.0452833467149845,-0.0312803398257359,0.0736830587105653,0.0327867372768842,0.1540799327236113,0.1349836229607798,3.4250677116995862,1.7255687558061976,4.395047168289405
W0094,0,0.0612244897959183,0.0612244897959183,0.0612244897959183,0.0612244897959183,0.0612244897959183,0.0612244897959183,0.0612244897959183,0.0612244897959183,0.0612244897959183,0.0612244897959183,0.0612244897959183,0.0612244897959183,0.0612244897959183,0.0612244897959183,0.0612244897959183,0.0612244897959183,0.0612244897959183,0.0612244897959183,0.0612244897959183,0.0612244897959183,0.0612244897959183,0.0612244897959183,0.0612244897959183,0.0612244897959183,0.0612244897959183,0.0612244897959183,0.0612244897959183,0.0612244897959183,0.0612244897959183,0.0612244897959183,0.0612244897959183,0.0612244897959183,0.0612244897959183,0.0612244897959183,0.0612244897959183,0.0612244897959183,0.0612244897959183,0.0612244897959183,0.0612244897959183,0.0612244897959183,0.0612244897959183,0.0612244897959183,0.0,0.0612244897959183,0.0612244897959183,0.0612244897959183,0.0612244897959183,0.0612244897959183,0.0612244897959183,0.0612244897959183,35.0,0.0,0.0,0.0,0.0,0.0,0.0,0.0,0.0,0.0,0.0,0.0,0.0,0.0,0.0
W0094,1,0.4290891662103984,0.3608469362369884,0.2377228570729747,0.3369547345230105,0.4580629264316528,0.149564787156663,0.3628673478375728,0.15416693794928,0.8581928076870218,0.1820421061527827,0.3721233978023466,0.9616232972276436,0.5683233234228917,0.220292335630009,0.3454873662553951,0.2438272852862621,0.1605290485347506,0.2771546327382493,0.6020137559932226,0.5983443191090311,0.2484232578900215,0.15191361642557,0.1688456968444787,0.367228377187993,0.2756918514244629,0.0860388972117077,0.4053469201882854,0.089055322512279,0.2701282907687894,0.1548351164095835,0.1271403357119463,0.1362882890097937,0.3013543455819786,0.1105021512057735,0.1187942097545169,0.2954591359131308,0.3276270233197404,0.254143241172566,0.4401055156235481,0.1446509544600981,0.1593207284598505,0.1424570777733037,0.0,0.1285906965019743,0.2271383732878142,0.1607525103436246,0.2044611800554752,0.2019061293429036,0.383869519303633,0.0999400095490004,0.1579581928417942,1.1434370643981575,1.5680876830455068,1.8326433960156092,1.733150763134311,2.042086631819073,1.5355946965883045,1.3793405986071876,0.4272572018822884,0.5966469348207364,0.3494816347099208,0.600803347057844,1.9610233701113589,2.6695853492301582,2.0544524277232075
W0094,2,0.4883630951942882,0.7176361968556941,0.2458912568322631,0.4107608442364345,0.4602429530269123,0.1169006557630763,0.3453120785218936,0.0958182027010984,0.9402683284334143,0.1798655156294763,0.266176551192666,0.9267441925350168,0.5470706561297675,0.2090394666877532,0.3892568837657541,0.257559939078931,0.1070006260781526,0.3422153330414327,0.622490726214399,0.4932368948878612,0.2017933288269119,0.1617804137482817,0.1546228983022461,0.3289907228870685,0.3097102582779736,0.1135879004669105,0.4061787703134539,0.089811179367297,0.2724624217241595,0.1194225921838629,0.122639566666927,0.1145641008608258,0.3141641644308234,0.1058260464574776,0.0955678567597207,0.2283316296586233,0.3477599172713453,0.2017726517684215,0.4277160015074273,0.1236656680712347,0.1516532558034042,0.1503056916453819,0.0,0.1371179286275304,0.1714603736271397,0.1476935471218476,0.1775267746491421,0.1906261116733321,0.4251480422782363,0.0919397057943193,0.0500651365977217,0.7904845818878317,0.8651251592540293,0.9012305819262022,1.035431283899257,0.7391146237308365,0.8350019829368693,0.5318908664988101,0.3142942146647881,0.4630978522972609,0.3088025939551545,0.5496735706519809,3.467175353219945,2.828246051205708,3.043303057316188
W0094,3,0.3973830517122531,0.6465107545297615,0.1871486823041633,0.4608852337704239,0.3972895495296973,0.1464007938401625,0.339328095685832,0.1021090396266826,0.6379632484645119,0.1395028300873333,0.2911593397794479,0.7549427321538944,0.3739087391660891,0.1365537655990908,0.256920382517111,0.2489741657859694,0.0804605422415406,0.3201530017802083,0.5440224300189496,0.4050812829458621,0.1275676156694197,0.156916075533851,0.1269267477921964,0.3191705330902837,0.3040861495497231,0.1356946214961499,0.3110121843218693,0.1056042290844603,0.2239601405838743,0.0920686327395552,0.0818186076621494,0.0935843459506697,0.2566315772706959,0.0933923117671083,0.094383292930633,0.184402761025081,0.3214605978427053,0.1875037505577362,0.4311150199163294,0.1095623082395833,0.0851214030209962,0.1306306314801704,0.0,0.1223016740224596,0.1473280890341452,0.1393992327876068,0.1487349349638137,0.1915523436811816,0.4041767385518898,0.1101990580853853,0.1371692505793354,0.4458277418696509,0.6041472477753217,0.4047697362602306,0.4521211447433493,0.4287336005110026,0.358539071787794,0.1766564610440633,0.1985909980440968,0.1702323074385596,0.2367429686543316,0.315122507970223,3.0107820006531147,2.6906661486649552,3.488212515583799
W0094,4,0.3641718898496555,0.5862243121773559,0.1358079526860008,0.2992801492710383,0.3347788254338998,0.0942355534607978,0.2780390735394216,0.0664393686524504,0.4737298946541631,0.096023002102361,0.2166934966046755,0.5942021207389188,0.292961348094693,0.097953335385272,0.288528731450811,0.1497768331662709,0.0703536473572576,0.2702871380828982,0.5766773851728537,0.3683113626182868,0.1477259524841797,0.1049141746684018,0.09966169583332,0.2876253965316431,0.2379578582792642,0.090206013769158,0.2474908924844088,0.0767355541495249,0.1715713801288292,0.0708504784355821,0.0503203118866492,0.0705914287593376,0.1637427612868097,0.0707875920633952,0.0746714193720688,0.1217314620226849,0.26057621910566,0.1094371016923679,0.3579382245927515,0.0840807185848325,0.0789990246925288,0.0923749625972426,0.0,0.081345489632537,0.1022494951099532,0.1076173749322578,0.1171706505549222,0.1103699494364783,0.3943832841555489,0.0776654308629839,0.1010159082700152,0.2474494082642418,0.2768813804444465,0.2227007543577762,0.272444481833091,0.1997300089274204,0.2177337911555469,0.0809663364296064,0.1375703424621989,0.1648556030468154,0.1724203427684181,0.1958191043193556,3.159221742472384,2.2379804340990206,4.186605353870682
W0094,5,0.2539525495155033,0.4647242169889928,0.1077969803513535,0.2595616926135677,0.2206250207284709,0.0707731197166594,0.2201021875758097,0.0608681712316785,0.38503683112412,0.0957475565635087,0.1756527646172244,0.5191106689135224,0.2413953041704692,0.0808755199419983,0.1792478662857554,0.1388328499368479,0.0557180874028701,0.2104143121366301,0.6084586888095364,0.2752577892109716,0.1148204206669744,0.0839054100171407,0.0832879027949278,0.2277091988053426,0.1932442383588413,0.0634829083729445,0.2070712399164883,0.0358710566557654,0.1277769014445042,0.0521525434797376,0.0328928643190595,0.055871060414651,0.1515803711315415,0.0427387075214097,0.0670512012871857,0.0900825505915442,0.1876007786744714,0.0835172458847157,0.337465198489603,0.0459084520506161,0.053632499219745,0.0782894899906839,0.0,0.0536594628301949,0.0850279057090831,0.1086023828972966,0.079947546218123,0.1207295899317576,0.3061527299844007,0.069328092116674,-0.0658827373658538,0.1724723287247895,0.1733341846322055,0.1723815076996377,0.2394565915403625,0.0867376623866269,0.1132843130071073,0.0537276335206223,0.0402803660181932,0.1223857248196712,0.0529347492284584,0.2808027726631679,3.3165585420814527,2.585457777071536,3.416880662534463
W0094,6,0.1940616880691693,0.3157026344556107,0.0963477019307532,0.2233591982085521,0.189663600937036,0.0562870570309336,0.1905491611625992,0.04048212254144,0.3500989758802691,0.0686855944939724,0.1594902875689705,0.4615328002161656,0.131405609865741,0.0662499722199821,0.1355803514740878,0.1188169183485819,0.0345356850356213,0.1437763662106274,0.5865580713550922,0.2256570552633705,0.0617401301911748,0.0678348610442245,0.0645911497359574,0.1779280767789241,0.1218623840291447,0.0511307856733965,0.1649471337400631,0.0446023615398506,0.1021186080405277,0.0312142739429223,0.046905851083202,0.0572102885516488,0.1111720335759327,0.0349351251862504,0.0448747556791883,0.0680110478427858,0.1549221034062163,0.0646131779614083,0.2595816059753867,0.0453156354353878,0.0526297881846256,0.0492841908269634,0.0,0.047630659392858,0.0700192218521081,0.0770881017261859,0.0573622457369945,0.0899559295140637,0.2897023850300801,0.0479212025597194,-0.0053972766579327,0.1183021687068025,0.110410522568508,0.1701380470767346,0.1030121146129136,0.0898359142050993,0.1868081422979162,0.0900526031143218,0.018497638049704,0.0936719993447655,0.1793187526629113,0.1058660249136682,4.019819691742152,2.2829390775702736,3.5156167453351284
W0095,0,0.0612244897959183,0.0612244897959183,0.0612244897959183,0.0612244897959183,0.0612244897959183,0.0612244897959183,0.0612244897959183,0.0612244897959183,0.0612244897959183,0.0612244897959183,0.0612244897959183,0.0612244897959183,0.0612244897959183,0.0612244897959183,0.0612244897959183,0.0612244897959183,0.0612244897959183,0.0612244897959183,0.0612244897959183,0.0612244897959183,0.0612244897959183,0.0612244897959183,0.0612244897959183,0.0612244897959183,0.0612244897959183,0.0612244897959183,0.0612244897959183,0.0612244897959183,0.0612244897959183,0.0612244897959183,0.0612244897959183,0.0612244897959183,0.0612244897959183,0.0612244897959183,0.0612244897959183,0.0612244897959183,0.0612244897959183,0.0612244897959183,0.0612244897959183,0.0612244897959183,0.0612244897959183,0.0612244897959183,0.0612244897959183,0.0,0.0612244897959183,0.0612244897959183,0.0612244897959183,0.0612244897959183,0.0612244897959183,0.0612244897959183,35.0,0.0,0.0,0.0,0.0,0.0,0.0,0.0,0.0,0.0,0.0,0.0,0.0,0.0,0.0
W0095,1,0.3844799351415885,0.5140987399423014,0.2369663888766744,0.3846488603464862,0.44878149886477,0.1479163084621505,0.3955766618265859,0.159976925485121,1.162298700818612,0.1555071528732273,0.3185382284670556,0.7807873624023465,0.5202642084005171,0.1889647303304586,0.4443181305134598,0.2829475465824413,0.1167232282417079,0.3528892518467047,0.4595037937688331,0.5900145255140098,0.1571292113054723,0.1337744140596502,0.1705781933723071,0.3590536172983217,0.222325380494544,0.1083757764998274,0.3258182095338305,0.0897874673090646,0.2108104693215873,0.1478658504071188,0.1408909418269638,0.1365694472040278,0.2736871673711197,0.1099522372654187,0.119567877805978,0.2474931214786644,0.3640167214448473,0.2744446167498294,0.3881553417805052,0.1554438376108792,0.1648693762824709,0.1464525626720052,0.2152583701711837,0.0,0.1609908814240526,0.1352180317453767,0.2453981213654326,0.1821823831451905,0.4050540841659048,0.1081301375149218,0.3395701859391156,1.3346716949985211,1.1097266527922645,2.1447376171463284,2.131806773516131,1.7306105032900436,1.1949626018028656,1.204871590394915,0.3992791589091635,0.5633306624117499,0.3798153550666769,0.5005325732992284,1.969061960602971,3.1372026441350034,2.320055277083054
W0095,2,0.5258399134255471,0.5612052666538625,0.2134609004336222,0.4449017726854637,0.3868874343037755,0.1186046428493291,0.3599439872748946,0.1167664171174075,0.938100795488349,0.1536810140744771,0.4244544346037314,0.8256085637152111,0.4189698198911156,0.1702720727233831,0.3509713065458676,0.2275537314549051,0.1221579980111715,0.3500326177162459,0.5704938859383057,0.425239306256254,0.1927195163942492,0.1517887311053725,0.1181638739800282,0.3731589170908846,0.2703834037643167,0.1192622372935557,0.4172231435237031,0.1031711869611923,0.2670995110270427,0.13114083002796,0.0874327086319401,0.1288084603359854,0.2344939033058955,0.0921376354654534,0.1223135669335321,0.2368825904031025,0.3029928183415561,0.2255147839593798,0.4240436048773632,0.1335094399257854,0.1423961357622836,0.1395534825252086,0.1790922745692694,0.0,0.1762006835227457,0.1602837778420427,0.1704558321878891,0.2235162127329044,0.4086757860387358,0.1021157734831379,0.0968431820358142,0.6004171962265871,0.799469100314265,0.904820502128936,0.941371963116122,0.6816142402099356,0.7738972894790681,0.4181780644905327,0.2555167545691162,0.2848261389163675,0.3048613252613182,0.3066996046965932,3.061096815405687,2.7392920981532733,3.2833790400531986
W0095,3,0.475487869111068,0.6414113639372222,0.1954403904715306,0.4377348573403041,0.3569206063966528,0.0971251029843107,0.3440288853275683,0.0889531238684347,0.6856907268926818,0.1424228648342413,0.2945665499372296,0.7070452501068549,0.4229618445946998,0.1453268270252017,0.2292179708067058,0.2137545154125222,0.0990897701865109,0.3337687887743252,0.5046637614057552,0.433511110898168,0.1975358126144417,0.1558758721634212,0.1177129235564962,0.2979873723157017,0.2412122454371394,0.1097393028827719,0.4067633722308277,0.0746291138140567,0.2636607717609201,0.1000163545344212,0.0861117730417342,0.1027960362776998,0.2345710327029528,0.0739108004934988,0.0919622130307585,0.156237979745852,0.333129474839502,0.1550989654712379,0.4777770644125675,0.1206241889553183,0.1029654180932658,0.1237966085526315,0.1771558271665526,0.0,0.1647198093756349,0.1507291876769818,0.1420473271598141,0.1629445326103137,0.5191815352170743,0.1158118613198805,0.0272955802804256,0.2934003070319088,0.5184344192193364,0.325197629722818,0.5140913242410207,0.3560711391084251,0.3417241629695239,0.194422855475148,0.1998064095720318,0.2532911226672519,0.2070591222600432,0.3039265149274106,3.66519018245376,2.350258196598086,4.092094201439158
W0095,4,0.4073148612878017,0.5962337903534947,0.1314511854612365,0.3349821997467791,0.3132430735619864,0.0918336706674497,0.3059026311841898,0.0808545269910208,0.4768506303121094,0.122704709964883,0.1903909178737526,0.6343141293865145,0.2939049546602618,0.0977535600396863,0.2962317831997815,0.1985411300130403,0.0691638811022956,0.2546905908441488,0.604932402239325,0.33293472281962,0.137280605887884,0.0966342970361371,0.0998277007346178,0.2869574244071505,0.2220810442527618,0.0904390511794255,0.2902609416760014,0.089597922848644,0.1627334787827428,0.0857038451801345,0.0548811610786002,0.0975657688987965,0.1593615757557336,0.0597040188439622,0.0889308149203018,0.1216991186985315,0.2480335133700602,0.1221458178884309,0.432829907524087,0.0672318371879334,0.0682726467422313,0.0910137085433979,0.1196531646329858,0.0,0.1254950602257883,0.1111780387566024,0.1129885222169886,0.1187728123447446,0.35656967563466,0.0758432774703057,0.0374412253996252,0.2197593631590901,0.354050097307828,0.1789758211213899,0.2512403857363456,0.1109844384164522,0.2973545128848128,-0.0124435568036338,0.1304301276004108,0.1760651497045418,0.2039672763178647,0.2634181585105852,2.759856369079116,2.5952748670336385,3.764977967203361
W0095,5,0.261425236369397,0.4389654587000546,0.1081002415007259,0.2973544886599999,0.2490030783119748,0.0832882938735622,0.2403560861852058,0.0652707329141928,0.4071913828971886,0.0914528480734199,0.1755193084653364,0.6056168241619977,0.2475633200966096,0.0686538941700747,0.1690113561544228,0.129640519359164,0.0459666280162528,0.1844031208232909,0.607208154068812,0.2760927924519453,0.105066442793509,0.0812581148185346,0.0880860797530816,0.2052444687301499,0.1524677910225575,0.0557432817612526,0.2480537257942032,0.057478331162765,0.1255094058616568,0.0536401477145568,0.0536553694936696,0.06842434421423,0.1386333549307878,0.0554112494029144,0.067839123962292,0.0930875819912249,0.2047687009743347,0.0843253139802745,0.2963524806678769,0.0569991453199917,0.034165994893049,0.0790408551341619,0.1137945211836705,0.0,0.0944802061884629,0.0996568343636623,0.0809795934332051,0.1162736536926374,0.2830032192305161,0.0678675364981443,0.0615619269188037,0.1875108370323689,0.2021114736834015,0.178148359859236,0.1617256701408832,0.0654051186448357,0.1423478947865605,0.1541553216204725,0.0525057942235104,0.1101227290963247,0.1072107051042848,0.2190076540203641,3.622106640292908,2.2495482476391686,3.9160738714180776
W0095,6,0.2407328491874354,0.3012899729103037,0.0898697613762163,0.1869973413668534,0.1488028587071208,0.0456532602106409,0.2142402624358907,0.0444326346591898,0.2185598155559543,0.0782334851277147,0.1434784045625916,0.4448896870510662,0.1660004934981286,0.0614010584023752,0.1446264746042844,0.1064378037142446,0.0363624472650987,0.1682623638817027,0.6091039608678724,0.1796706115244579,0.0824460578846595,0.0796902096037558,0.0499642449966904,0.1939362613876187,0.1264700536190324,0.0475911363459276,0.1676859785188632,0.0479302124030761,0.1133731644910484,0.0333578172853966,0.0388024869711755,0.0467054651288719,0.1009858266373023,0.0261285160781542,0.0531441940383322,0.0618323787026951,0.1274794694465823,0.0723451871176072,0.2677592062770559,0.0379358876264264,0.0445705839878134,0.0360959149081637,0.0808444499001605,0.0,0.082169967164972,0.0822412202584877,0.0480871792772268,0.0817979302396395,0.2678042173616294,0.0549118331695377,-0.0436420871292747,0.1065922816641447,0.181830308880658,0.1345800265025689,0.1027525101283171,0.0184621695339776,0.148482591367157,0.0741833441147213,0.0884924359906812,0.1160627981177274,0.0682061676886343,0.0872422209548699,3.416933658909836,1.677700753030217,3.610014698627337
W0096,0,0.0612244897959183,0.0612244897959183,0.0612244897959183,0.0612244897959183,0.0612244897959183,0.0612244897959183,0.0612244897959183,0.0612244897959183,0.0612244897959183,0.0612244897959183,0.0612244897959183,0.0612244897959183,0.0612244897959183,0.0612244897959183,0.0612244897959183,0.0612244897959183,0.0612244897959183,0.0612244897959183,0.0612244897959183,0.0612244897959183,0.0612244897959183,0.0612244897959183,0.0612244897959183,0.0612244897959183,0.0612244897959183,0.0612244897959183,0.0612244897959183,0.0612244897959183,0.0612244897959183,0.0612244897959183,0.0612244897959183,0.0612244897959183,0.0612244897959183,0.0612244897959183,0.0612244897959183,0.0612244897959183,0.0612244897959183,0.0612244897959183,0.0612244897959183,0.0612244897959183,0.0612244897959183,0.0612244897959183,0.0612244897959183,0.0612244897959183,0.0,0.0612244897959183,0.0612244897959183,0.0612244897959183,0.0612244897959183,0.0612244897959183,35.0,0.0,0.0,0.0,0.0,0.0,0.0,0.0,0.0,0.0,0.0,0.0,0.0,0.0,0.0
W0096,1,0.3505906974896449,0.5460748301145386,0.2350390961984693,0.3967505094799511,0.3865891650554131,0.1480695864040475,0.31939612360569,0.154229995443983,0.9232285003970078,0.1640287578976136,0.4001474228545743,0.8991687132348752,0.605564151213437,0.1679002711119466,0.416623695069352,0.264702691961686,0.1122557163639903,0.3324418646346396,0.5749798173889742,0.5575066620499072,0.2197768602339027,0.136412928675002,0.1279452224351804,0.3357427185129886,0.198332314635987,0.0945886715387252,0.2956288797883704,0.0933329692194422,0.2507846576396408,0.1565005283648847,0.1330710216240664,0.1319933514472455,0.3350736176980475,0.124048258232327,0.1604744781247308,0.2038086140082363,0.328462168526658,0.2626183724955104,0.4035104901125415,0.1683607977576177,0.1506827507945961,0.1396669105249436,0.2066955509979599,0.098753263825324,0.0,0.1748771800590317,0.2296555296519046,0.1563551617668793,0.3863367313602888,0.1125716916671743,0.2781336131268028,1.3589579140482184,1.3992225307558206,1.8028555474848025,2.3119999526655826,1.9788574801797187,1.4556110550739587,1.463294238303684,0.3972006367360914,0.5764692322531128,0.4830112245757165,0.3976525284009814,2.6057350781453863,2.8760801025938463,2.210252635739612
W0096,2,0.4507714490084837,0.7926598482942591,0.2184705777614264,0.4840918203737334,0.4658834407363684,0.1719841136009007,0.3044272663773912,0.1181184564037437,0.878552593368116,0.1649718468981265,0.3398848661088356,0.9808696397681148,0.4242095276349208,0.1933210605008531,0.3757959584234381,0.2124282131972739,0.107418962594775,0.383522660595859,0.7746420680184654,0.4966020685094119,0.2123456449380104,0.1496896193205287,0.1497595074091055,0.375109915264905,0.3078285961343496,0.1103334633833772,0.3852672196568642,0.1130354438134304,0.2262399842918725,0.1300235060704053,0.0860697977545505,0.1256334769132579,0.2782529191514225,0.1003503199274124,0.114211293759212,0.2255083549198867,0.4147184256652053,0.2089050360214553,0.4955506976100208,0.1233733035389105,0.12223165751577,0.1312417371310445,0.2077493446718945,0.109998185276344,0.0,0.1548724601409972,0.2061921754556984,0.1779377439787607,0.4184852479395151,0.0944888111392157,0.0904019793313954,0.6644980452398714,0.9938169108763693,0.8216653621625696,0.9478268537228444,0.7374806454427313,0.6182333477498245,0.2930456255704741,0.2209352307176735,0.344532125526702,0.3940478556740865,0.4480905189846352,2.742288488481692,2.584574287268087,3.4328474947855705
W0096,3,0.4479997349682838,0.6638917135852932,0.1552919928100176,0.417509822596831,0.3654231833423928,0.1192860379109334,0.3599326517606339,0.1018775735879925,0.5775080613166932,0.1273970088927261,0.2967054676308975,0.7783152181034987,0.4110851347629777,0.1187827768027502,0.3023967017316584,0.1869215120231857,0.11605049664804,0.3217358012374217,0.6697288850365855,0.3610964776737466,0.1763368444634644,0.1282761824151051,0.1189722373601494,0.2457092484824319,0.2815902817433977,0.0878601896193589,0.3312795489664561,0.1011079075811051,0.2003501485235524,0.113155479751914,0.0772019638318261,0.1098799633647928,0.2226800624105689,0.0796246584315143,0.1157982788025645,0.1714402659509072,0.3541680759675674,0.157356220027704,0.5323553554832858,0.0936952776876403,0.1141794070089574,0.1153711943765358,0.1903691562614536,0.1056731146007121,0.0,0.1571764209672316,0.1565984561027635,0.1533502863516501,0.4647636643743171,0.0868826901973113,0.048140039339262,0.3052238984237509,0.6438092320701332,0.38928327800414,0.54835015574878,0.3589721500807603,0.3478688315108175,0.2393002370908831,0.2309340817938341,0.2982710503792279,0.2922829505876688,0.2565183688957677,3.3408766703073858,2.658687636827944,3.702621444401149
W0096,4,0.3147715803299545,0.5651026080176188,0.1818241332777015,0.3397188938549813,0.2785565718930456,0.1092851065551526,0.2718186414611155,0.0762338086501211,0.5499697774864363,0.0923925016592968,0.1974996064856616,0.5799701581646759,0.2716934259943904,0.1008153051646436,0.2145500970800929,0.1721693286798553,0.0774820979815854,0.2298509016912727,0.5457865859399053,0.2865466337364281,0.1594826640328247,0.1125358865965931,0.1314604736931792,0.2332383129617521,0.2007646533349177,0.0738452701352157,0.2596327984756059,0.0822287804111677,0.1691972122262963,0.0852909231588178,0.0724711191831729,0.0776723520680528,0.2307355315018439,0.0488695464884055,0.0788102702922919,0.1333421983521854,0.2451402442343094,0.1148831284555906,0.3507951156416719,0.088353124715613,0.0831870004440452,0.0876052473814323,0.1250445879715703,0.0882630945572948,0.0,0.121787945977199,0.0961474036103099,0.1258354515334893,0.327965591193102,0.0803749118018465,0.0864561307314976,0.200852813368908,0.3528819566613014,0.173269841215051,0.2516504357986608,0.2106600437343858,0.1408786269545694,0.153760106863263,0.1664465839229756,0.2262689209365247,0.2079683088258828,0.2258543985275396,3.0766696165055523,2.234156244795204,4.016595107047257
W0096,5,0.3082229353198563,0.4565751292457818,0.1155549686687236,0.2847935298438909,0.2131304050833417,0.081387987432849,0.2617071661203665,0.0481377917297851,0.5026216445781592,0.0950260034510131,0.1643875109752295,0.5501729698423117,0.2400308457888787,0.0848589732345324,0.1558786780527643,0.1508782540140134,0.0520776065517736,0.1880601556403731,0.4925623558054464,0.2888380009883495,0.1204732200691582,0.0935855878077889,0.0980864654644835,0.1954805584850802,0.1636374213335464,0.0517601914121657,0.2189613709119779,0.0522195228831885,0.1295821288116209,0.0599429988144185,0.0518445002172602,0.0633680616106845,0.1545693408162615,0.0414509762051876,0.0504364154764957,0.0975974037256569,0.2207957087394757,0.0967072691843364,0.3455189886960293,0.0483800035979508,0.0671537912969885,0.0634668736810447,0.0950912309325629,0.0645019785195171,0.0,0.1050198890140307,0.0857792306044732,0.1356822767262707,0.2942178662467449,0.0661077084655773,-0.0618235478578705,0.16350564081216,0.325733907049029,0.1229824602489529,0.1405544219171663,0.0749958231626633,0.2131720843301933,0.1092971484671119,0.1090707197046556,0.1719404880462009,0.1524357635576886,0.2926021375385399,3.792019920185011,2.2450346620736625,2.863100160420288
W0096,6,0.1956202816903902,0.3254386546030742,0.0788051153463466,0.2268112065291241,0.1519230694769158,0.0477314172443436,0.1966806398576602,0.0470969417781907,0.3310075352897296,0.0624179457808207,0.1564016094760809,0.3417882890833546,0.2042664695374652,0.0624069605732535,0.1246322085764558,0.0943547245284104,0.0397477190119043,0.1669086905251274,0.508554970516413,0.1967143098946462,0.0911120037895209,0.0650691349117081,0.0570692876531349,0.1438734564924779,0.0846625010908925,0.0469617238372668,0.1715302554715713,0.0487544061297956,0.0930643246581582,0.0427677669778913,0.0283486279607743,0.0513441784996349,0.095698608000224,0.0254790903471485,0.0503302212065265,0.0717200654066392,0.1724975263010743,0.0670696200607177,0.2312088789956264,0.0495105607169832,0.0404958890754443,0.0550649135898567,0.0644078907358354,0.0588493873657492,0.0,0.0818957988835575,0.0598343250211977,0.0861388368186309,0.2012066596576016,0.0413689742073378,0.0182257445007295,0.1215679333161391,0.194492782766083,0.1219246508202678,0.0736615442615172,0.0480730140138256,0.1172509098800665,0.0762409525876302,0.0585429154915236,0.0535528576751189,0.0407896370572102,0.0398184820965512,3.384949552004424,1.798009257387279,3.8799379191810046
W0097,0,0.0612244897959183,0.0612244897959183,0.0612244897959183,0.0612244897959183,0.0612244897959183,0.0612244897959183,0.0612244897959183,0.0612244897959183,0.0612244897959183,0.0612244897959183,0.0612244897959183,0.0612244897959183,0.0612244897959183,0.0612244897959183,0.0612244897959183,0.0612244897959183,0.0612244897959183,0.0612244897959183,0.0612244897959183,0.0612244897959183,0.0612244897959183,0.0612244897959183,0.0612244897959183,0.0612244897959183,0.0612244897959183,0.0612244897959183,0.0612244897959183,0.0612244897959183,0.0612244897959183,0.0612244897959183,0.0612244897959183,0.0612244897959183,0.0612244897959183,0.0612244897959183,0.0612244897959183,0.0612244897959183,0.0612244897959183,0.0612244897959183,0.0612244897959183,0.0612244897959183,0.0612244897959183,0.0612244897959183,0.0612244897959183,0.0612244897959183,0.0612244897959183,0.0,0.0612244897959183,0.0612244897959183,0.0612244897959183,0.0612244897959183,35.0,0.0,0.0,0.0,0.0,0.0,0.0,0.0,0.0,0.0,0.0,0.0,0.0,0.0,0.0
W0097,1,0.4533214507836041,0.5138346172680938,0.2489504532391361,0.3309425934031189,0.4219545112408328,0.1529083650933262,0.35993052697488,0.1522002487573054,1.0329067144133983,0.1460705342246217,0.4082708156646796,1.01853376587442,0.4743497131273156,0.1633705791774818,0.3873337875481281,0.2450496853039721,0.1450399920614932,0.3400756802536595,0.4648505521658161,0.6197616516896411,0.203401307457693,0.0973291536202134,0.1480000217386703,0.3790217626730793,0.2655666101615888,0.1259290275787637,0.3207259648175475,0.1032026778211515,0.2614708522444448,0.1699530339718998,0.1232478752944226,0.1140160322578783,0.3187807579898376,0.1077264608258309,0.0836129453438792,0.2242756547360056,0.3037274399322126,0.2896733345096249,0.3849326004893681,0.1776807143901574,0.1651137686352073,0.1483816012802455,0.1909691433932783,0.1304569907359519,0.1636868521939903,0.0,0.2194321202740926,0.2048462182049398,0.3901197428452186,0.1038331035453984,0.2529422580790366,1.365397535856697,1.7117621203361106,1.9272412116401545,2.1721893686610843,1.754487111905718,1.3578835754189804,1.2327718783453965,0.2670475058393858,0.5539632952884399,0.445912327974198,0.478827542763159,2.2074220476452973,2.921422034588129,2.4402050696979267
W0097,2,0.46917666988117,0.6655338775362633,0.214920799792324,0.4349313246743497,0.5601352623171497,0.1409374241673984,0.3701889392472725,0.1218867026510911,0.9882279030660897,0.1675100925558011,0.3096692360607997,0.8338506570662939,0.5150157083920951,0.175120155106484,0.3272531344050566,0.2577278638945068,0.1197059677461692,0.3523878398469011,0.639480729148642,0.5344080333144843,0.2003574893457359,0.1492255100195518,0.1883969549772108,0.3670714712773437,0.2922458315365069,0.1304109962551443,0.4040268493206003,0.119428155700944,0.2570487380017731,0.1348571092799308,0.1165685099558705,0.1140418788400946,0.2899391855804685,0.0743636145889754,0.1364529719521447,0.2188629460459666,0.3440710187190803,0.2245680558833524,0.4480174480012077,0.138062944201612,0.1555169337801164,0.1498057136235616,0.1923023407224533,0.1241434232011886,0.1770472964867958,0.0,0.1545390881745037,0.1873566759197554,0.4923178648197369,0.111429638268189,0.0976610301895307,0.7863453935974664,0.784705707474512,0.8752470042345852,0.9811344869078872,0.8238103685601496,0.7236965413885338,0.5047141117171474,0.2987786342636145,0.3799205629572282,0.2221085546510618,0.3682283166648614,3.2406056062634825,3.136464694151391,3.3244968116377365
W0097,3,0.3554869121095277,0.7098243370951137,0.2012225765043429,0.4716987355651602,0.4012203111869373,0.0984982479624289,0.3041378032558959,0.0987055063247052,0.6790720774801428,0.1389864002433062,0.2844758662408216,0.8486678196564478,0.4200871999689871,0.1168835657141228,0.2737829009554206,0.2046002774865995,0.0848080590028505,0.3212674613803299,0.4773369861086745,0.4315234838534678,0.1586445510902734,0.1403926386575553,0.1876410607718933,0.3465807538686737,0.2628063751896784,0.1046841055339699,0.3341872962731809,0.0972548267151304,0.2249269733566712,0.1119081533081988,0.0881420854769546,0.1000516663977822,0.2282200169543785,0.0751804479603955,0.0962596000269944,0.1760988855353914,0.3237483928391964,0.1653165401919011,0.408926290845987,0.1130797002411517,0.109189157719696,0.1045007383156892,0.1519344767210677,0.1245785880772563,0.1341411989065288,0.0,0.1350272387552096,0.160691336505393,0.4781055891290873,0.1244859285847434,0.0678124628151087,0.330646366545981,0.6206926961478826,0.3630199836965441,0.5674229563256311,0.3294016965840569,0.4479078189969755,0.1632299855855451,0.2139000719566042,0.2601125993138908,0.2360506345269679,0.2503780528199445,3.2172840053022784,2.7027817205352624,3.367625198330044
W0097,4,0.3147086643574593,0.5700020122325546,0.1261423919235563,0.3570952419597002,0.2814294504446109,0.1052239377610965,0.3118884321222587,0.0706125635746572,0.6266442069972449,0.1002207099253236,0.242043031921127,0.5821563198267402,0.3574151700781122,0.0665342909573556,0.227093307205876,0.1616943229972231,0.0640312923479911,0.2606908909130498,0.5986575455180102,0.3491158413208035,0.1690918857850615,0.1400126818211169,0.1003742706048905,0.2775106110542901,0.2533053966670492,0.0817925427507232,0.2609212985372103,0.0708165717458957,0.189774876693174,0.0516236557652454,0.0654090120294023,0.0816367580691214,0.1566625953562911,0.070385254760145,0.0605488753359027,0.1366704955435849,0.2386282815867493,0.0947382881406002,0.4174845767942182,0.0799773303238999,0.0925353191391231,0.0937986184099719,0.1358732680822578,0.0716879974426427,0.1199301046916008,0.0,0.1055846818738695,0.1145230455254592,0.3698686291714207,0.0823640772287842,0.0615627397103478,0.1975298435442866,0.3771864022588242,0.1024867604208887,0.2004305187756271,0.1929176692765867,0.1798031887502874,0.0589813421544029,0.1380883406291823,0.0769694102011308,0.2471586569889437,0.2156170581768049,3.3657887188343647,2.141125890067792,3.84791640595696
W0097,5,0.3362563340318265,0.456919497567577,0.1061526161213267,0.2476650606634269,0.244351356795091,0.0609169579674742,0.2571552504474125,0.0665779347683108,0.4065211949441588,0.0681917054861946,0.1763820545422401,0.605400361556693,0.2396198683030677,0.0898419011084528,0.1543127255318499,0.1364749124986937,0.0627872973447701,0.2004037561530454,0.5785868151875433,0.2518445930514209,0.0947641780628092,0.0750562784510579,0.0971492803305035,0.2030430521733034,0.1498418361292267,0.0689805725214725,0.2587852200487262,0.0673608788586005,0.132821109556181,0.0458887647298158,0.048551162882332,0.0532722345596304,0.1408368588795474,0.0398119947049168,0.0558059640091962,0.0904890667582995,0.2094291646452794,0.0665180990428581,0.3128809572533984,0.0618324516899232,0.0532164878989083,0.0548167969510065,0.1007564574658057,0.0535201695488621,0.0834058831140638,0.0,0.0787398956537639,0.1138146935627791,0.305353360068738,0.0558257159167796,0.0338569627445703,0.029163657336735,0.3292756324420416,0.1059322570920406,0.2081740316493432,0.1642096623059268,0.160182028118741,-0.0003297711600828,0.0471056500053365,0.0484520698204109,0.1333966973479359,0.2512168004485342,3.728181920640108,2.1760386868008945,3.812743393750144
W0097,6,0.2528393126439291,0.3451462397904614,0.0788910186245237,0.1918080222030901,0.1602741274525,0.0507116413456974,0.2462505971349436,0.0471084205122874,0.3341753047553678,0.0581444424691053,0.1440956142866723,0.402276066594514,0.1663020371245601,0.0567744952176648,0.1331301920300884,0.096705101945054,0.0403561201075097,0.1290970564715153,0.5835214719746435,0.2063161955079393,0.0890783813539214,0.0779887856474486,0.0730623754499884,0.1717619705796215,0.1249340966357289,0.0466945176496914,0.1566928456264537,0.0535503358738187,0.0898057980598268,0.0424380263778909,0.0469302644999241,0.0480255759181122,0.0995693718669698,0.0267897607627453,0.0525617257834791,0.0732661147266682,0.1966915602519238,0.0697887853055473,0.2384093096585276,0.051608432496706,0.0526951759752518,0.0525067463057023,0.0783337712195994,0.0459885621283088,0.0700544847660682,0.0,0.056082302597369,0.0807390636971695,0.2553598187223633,0.0544217579237837,-0.0205313173413225,0.0423570586667981,0.057137740135269,0.1601671160010039,0.1269352559843751,0.1011278148447001,0.1476803311347271,0.0713124812612733,0.0940542731281083,0.0552885342681963,0.1034963669426028,0.1372480755615046,3.466542860855112,1.5458196957276047,3.9696314067747416
W0098,0,0.0612244897959183,0.0612244897959183,0.0612244897959183,0.0612244897959183,0.0612244897959183,0.0612244897959183,0.0612244897959183,0.0612244897959183,0.0612244897959183,0.0612244897959183,0.0612244897959183,0.0612244897959183,0.0612244897959183,0.0612244897959183,0.0612244897959183,0.0612244897959183,0.0612244897959183,0.0612244897959183,0.0612244897959183,0.0612244897959183,0.0612244897959183,0.0612244897959183,0.0612244897959183,0.0612244897959183,0.0612244897959183,0.0612244897959183,0.0612244897959183,0.0612244897959183,0.0612244897959183,0.0612244897959183,0.0612244897959183,0.0612244897959183,0.0612244897959183,0.0612244897959183,0.0612244897959183,0.0612244897959183,0.0612244897959183,0.0612244897959183,0.0612244897959183,0.0612244897959183,0.0612244897959183,0.0612244897959183,0.0612244897959183,0.0612244897959183,0.0612244897959183,0.0612244897959183,0.0,0.0612244897959183,0.0612244897959183,0.0612244897959183,35.0,0.0,0.0,0.0,0.0,0.0,0.0,0.0,0.0,0.0,0.0,0.0,0.0,0.0,0.0
W0098,1,0.3632655517119536,0.5272976024806083,0.1860080685016331,0.4113104009056608,0.5083462001555192,0.153478162480965,0.3952580337279584,0.1408551787342519,1.1331930628739408,0.1729570749299118,0.3713980008053055,0.8287208061757313,0.4995146451671728,0.1799257851828848,0.3668931255476379,0.261535244598452,0.1690888511223197,0.2902075235685301,0.4172428356978058,0.6261458861196944,0.2118797842878799,0.1161499357776553,0.1536854619503415,0.3425542969806027,0.2143512299835845,0.1001696422861055,0.332019984913767,0.1061848078932038,0.2770937963028968,0.1786496004851691,0.1486893220410024,0.1414665954090094,0.3448974766527355,0.1054225329973951,0.1409380591118367,0.2485092555526055,0.2968885594391215,0.2199357326944466,0.3641228945725114,0.1492661391968916,0.1534909302624341,0.1575891210618987,0.1492607043256913,0.1466625891201739,0.1827153383760349,0.140511745397286,0.0,0.1986763180878094,0.3673733025709108,0.1083215145228831,0.2937627573196049,1.2504854355272796,1.2620698463644069,1.7905130910089453,1.6786186035465862,1.9347654486048984,1.3507126778426182,1.4892928771736087,0.4147949750754003,0.561779879238246,0.387035705194067,0.4599139429945997,2.013430074332284,2.740934809138695,2.326112952596599
W0098,2,0.5068679787985065,0.7469898533319326,0.2600709503160744,0.4875892197023919,0.4983782318074898,0.1650589531568011,0.3705745093252519,0.1172228232472611,0.8561781919129574,0.1761848305152144,0.3270127448900121,0.8863228331923635,0.49213253041544,0.1547753148705517,0.4279090535754083,0.2473039633958304,0.1235606164253167,0.3201650233439054,0.4943955097366219,0.5074209875204572,0.2465377492580281,0.1820020120226189,0.1669767577694874,0.3786007503409223,0.2787652689195248,0.1077414341132151,0.3667728804417079,0.1035290177506391,0.2755141031803854,0.1309237874427297,0.1069694979196739,0.1171537284727682,0.2808226600425221,0.0886277346181343,0.1010564041715974,0.1811258206147999,0.3320494941587364,0.2183057487833933,0.4863346078085675,0.1393828937136763,0.1485662726930706,0.1532080365611255,0.2186464575885565,0.1280160076358196,0.1758033138342627,0.1494922446447061,0.0,0.1622159389939198,0.4491179248959628,0.1047142697195609,0.0957160208206194,0.736357442399413,1.1285203461183926,0.6645222631314104,0.9940719870144734,0.9186449218545132,0.7460582916955185,0.5026832992760035,0.2864276702756606,0.3668573602019768,0.3094083496183475,0.3313515281216115,2.665586851403998,2.794429851023817,3.3902239380657853
W0098,3,0.4014325908221002,0.6107402853243352,0.1861960764262679,0.4076655830787637,0.4237148465858913,0.1003844512667583,0.3151580790870897,0.0946762196577495,0.7554087297247787,0.1328092021325154,0.3037478977774411,0.7961609153587026,0.4137077584346588,0.1442275922025229,0.373853900185072,0.1569096214323266,0.0879468247002896,0.3142963871859472,0.6144931139178836,0.4934916615330296,0.1315637510255247,0.1452446134138223,0.161230989569431,0.3574375368604902,0.2677160603830295,0.0916774853800584,0.241849643720511,0.0860311958973878,0.1968021015533116,0.1129002057885079,0.0834743537356113,0.0952021845116847,0.2188467838633364,0.0767552006472766,0.0997901192977206,0.1689978037935217,0.3015175243722515,0.1732869461482282,0.4843662922956574,0.1007591332292296,0.0918587609396397,0.1177921641441374,0.158468630000047,0.1378287874762325,0.1307063913388594,0.136669940580028,0.0,0.1944126469499382,0.4408177376089015,0.1168696963478454,0.0012380001834823,0.4085984277350638,0.5418831920215225,0.3472492727526723,0.4408613837845319,0.3537211955042143,0.4437717735582583,0.1325005834470943,0.0909686451020196,0.2786713208260636,0.2045719672561272,0.3613879373149877,2.6031523394522136,2.608818537036524,3.817043598823525
W0098,4,0.347938518256799,0.7200335137559327,0.1431786964320029,0.3381524351462314,0.2810717805709337,0.0921766995650199,0.2844240842587651,0.0820338313723987,0.5161583808422754,0.1078789968521538,0.2568953662585516,0.5587607754357694,0.323544858465736,0.0836398800044513,0.2623090293027684,0.1848023427348648,0.0647429074318733,0.2800364970027621,0.6163797109279963,0.3684421130858008,0.1556635273002209,0.1171392445768883,0.1126240043448048,0.2742067198174761,0.2110622540577874,0.0851749073557161,0.298646668013416,0.0794770244708231,0.1952460819166984,0.0752190867265883,0.0597601383821126,0.0935080567722683,0.146368985812352,0.0511402226968181,0.0820898830641745,0.0912676770488855,0.2334353167729684,0.1172218471641861,0.4067689441123943,0.0891599301996856,0.0811563530053166,0.0749758842076254,0.1624177565567757,0.083893288901064,0.0890322530712782,0.1203127384355057,0.0,0.1220612835454382,0.3457458007918718,0.0978276907824527,0.0042658769430772,0.1923403081567666,0.3799416477887322,0.2740709028188504,0.2377406749015289,0.2936737591763271,0.2311611320144797,0.1491625076024549,0.047404068642552,0.1519110654308457,0.0690862195799078,0.2713990123296997,2.8112788990546758,2.835125524576154,3.949618986138274
W0098,5,0.2719004191305058,0.4761327226376904,0.1058261694555197,0.317424565811679,0.2013190768566682,0.0662568735691054,0.2455569564746177,0.0492152241653396,0.3987989726484993,0.0879058203152385,0.1604392209907487,0.5219020281566731,0.2493515340560696,0.0680587393336691,0.1834334382372459,0.1474513567009113,0.0457277108097638,0.2024987384433154,0.6627275561080861,0.2371481501503968,0.1116290864498235,0.0729245334943276,0.0915489745874753,0.1870531394297394,0.1722673683437569,0.0642405809923894,0.1888635634136484,0.0552873325361038,0.1105340960934467,0.0507327063448623,0.0439419125497825,0.0705013113016077,0.1538305765018988,0.0350134504175779,0.0599167272986212,0.0954281047827647,0.1865733085091577,0.1034094222083484,0.3125681009795192,0.0509825328261682,0.0585249524064286,0.0745046092977088,0.1105118770086526,0.0638901448475498,0.0838842865349532,0.0983803646181985,0.0,0.0969016898266057,0.300968841617658,0.0579361944399942,-0.0186830662855629,0.1718491390838814,0.2607343089938822,0.2299381365010036,0.1895646485921751,0.0981788217660912,0.2284914225559559,0.0773028466143533,0.0211530055516546,0.1209011181090619,0.0653367760996559,0.2209857031123747,3.1615454367109903,1.7637419417914564,4.141472821712157
W0098,6,0.1958311694900966,0.3259068944022599,0.0790202667913732,0.2223601423318831,0.1361217936360717,0.0551624515119046,0.2018028698090131,0.0406034150312575,0.2527790278830071,0.0680715518407342,0.1593914761886422,0.4010619720946579,0.1457468055793794,0.0615051409245694,0.1215122308730157,0.1263135695835538,0.0215372064109805,0.1740185073154775,0.6212560258969646,0.1863976955502114,0.0804779965119445,0.0615848120693895,0.0643069318384632,0.1632135543804964,0.1163193297518195,0.052525625283529,0.1632647403496593,0.044142942217814,0.1073868136127634,0.0422909291616022,0.0487343427330839,0.0490604492685108,0.1254900032278018,0.0403717292557732,0.0476042663114572,0.0565215828995891,0.1435845033833483,0.0626315732130867,0.2555214274444957,0.0498460870011565,0.0347411410284519,0.0403005752758994,0.0831814036572894,0.0546062660501588,0.0664011925535493,0.0637784212899535,0.0,0.0984269910345843,0.2250877363451157,0.039632825079587,0.0595718498687924,0.0445619887932663,0.1007127401556469,0.0737333422520882,0.087013221694404,0.0576834574841247,0.0087513337796223,0.0280960172528458,0.0164228997490923,0.1345354129695574,0.1099048972022797,0.2131638262894922,3.7858211811690654,2.0941614849283776,3.910860606028848
W0099,0,0.0612244897959183,0.0612244897959183,0.0612244897959183,0.0612244897959183,0.0612244897959183,0.0612244897959183,0.0612244897959183,0.0612244897959183,0.0612244897959183,0.0612244897959183,0.0612244897959183,0.0612244897959183,0.0612244897959183,0.0612244897959183,0.0612244897959183,0.0612244897959183,0.0612244897959183,0.0612244897959183,0.0612244897959183,0.0612244897959183,0.0612244897959183,0.0612244897959183,0.0612244897959183,0.0612244897959183,0.0612244897959183,0.0612244897959183,0.0612244897959183,0.0612244897959183,0.0612244897959183,0.0612244897959183,0.0612244897959183,0.0612244897959183,0.0612244897959183,0.0612244897959183,0.0612244897959183,0.0612244897959183,0.0612244897959183,0.0612244897959183,0.0612244897959183,0.0612244897959183,0.0612244897959183,0.0612244897959183,0.0612244897959183,0.0612244897959183,0.0612244897959183,0.0612244897959183,0.0612244897959183,0.0,0.0612244897959183,0.0612244897959183,35.0,0.0,0.0,0.0,0.0,0.0,0.0,0.0,0.0,0.0,0.0,0.0,0.0,0.0,0.0
W0099,1,0.447175126122313,0.4396717420308008,0.2246603800909868,0.3379146520143927,0.3715668716311227,0.1479223337988735,0.3423383997498017,0.151081453194249,1.0423652430891068,0.1608822029038466,0.3334702531249228,1.100048971597359,0.4916617527365221,0.1793494322870526,0.3695980532915262,0.2177688623114509,0.1335424723028802,0.2853863105349036,0.6036886837744672,0.6642545735616984,0.2250390367217881,0.1158159840932035,0.1439668299350452,0.3844280674005974,0.2183855940512939,0.0910966160828568,0.3610096643059193,0.0852924522493111,0.204826275597586,0.1684692357903058,0.1147338359564052,0.1193526535128568,0.3420365732779104,0.1074120579823552,0.1320450621797734,0.2870534156176915,0.3553790341079242,0.2704959374646069,0.4046535256244591,0.1471317768795497,0.1346694651498313,0.1361399074259798,0.2384439470451191,0.159387817326505,0.2204538493019902,0.161666603684934,0.2130926435938319,0.0,0.3969670679784371,0.1108099802258946,0.2972606867640902,1.466431526627796,1.5096239640189049,1.7235239467459167,2.1551572277574493,1.7965135533542154,1.5988353772700534,1.2043853191623088,0.3771470259965978,0.5172005594294328,0.4344894015855587,0.5100299944536527,2.101006828566893,3.032945388103226,2.1797744641210426
W0099,2,0.4939273618925339,0.6851455252897468,0.2135488029845127,0.4826037058666947,0.4747983697207292,0.1661948327663422,0.3724276425544362,0.1233135808711687,0.7716991966044177,0.1365636226224605,0.3047973296244504,0.8644663553432114,0.5058614454763296,0.1261497755076978,0.389372816688394,0.259789152386925,0.1243091906100347,0.3417430927517429,0.5801902649168132,0.5608454243832449,0.2091272358331707,0.1418306936180801,0.1446412577824868,0.3315292308725018,0.2874081835074504,0.1254785127797494,0.4172404156381867,0.1175858766355058,0.2136109295286184,0.1331945843485841,0.1080250219519884,0.1210173169421382,0.2800019109653037,0.0898958228689231,0.1131822491476521,0.2040120887160781,0.3546165088938884,0.2229596506013013,0.4773822295931414,0.1225788062292438,0.1247871436173029,0.1353249164733209,0.2054129035609253,0.1253016403059095,0.1553919562683262,0.1782397929629667,0.2030738000801956,0.0,0.3626636178563224,0.0966292266500199,0.0126103683149363,0.6708001401933898,1.0600706266238116,0.9076401105538748,1.055578184293207,0.7203770350988572,0.6956568131334144,0.4812314458863218,0.1931208258133866,0.2837872446719844,0.2274351011454314,0.5227512721188408,3.140483391460465,2.464579318505992,3.594598262011796
W0099,3,0.4678585890129619,0.6311670677897951,0.1938298254991344,0.4566072418497121,0.3829854123657423,0.1314185896810676,0.3173844924033218,0.0813952776353334,0.7209917700187134,0.1146253052237581,0.3013437411553822,0.8476649504933985,0.3881819416148514,0.1185993421153892,0.344128983743061,0.1732823570875794,0.1072655469507893,0.3037379919308962,0.7006037753402051,0.4203402436580902,0.1878024444450773,0.1371093180787401,0.1489908706928612,0.3136920556611422,0.2403444063911113,0.0947005192450839,0.3592505206946227,0.1053302223998479,0.235357897766976,0.105092609066291,0.0847858512598535,0.108343369817492,0.2560851001129113,0.0807075717304298,0.0855178672494578,0.1927272803035389,0.3433360966599955,0.1597793545671434,0.5198205226788244,0.1129288597356489,0.1211017053648969,0.1041930360336849,0.1569758535001391,0.1069366785061064,0.1632931310343476,0.1475553636009388,0.1316223411582975,0.0,0.3376822502473404,0.0881997318860362,0.0015861248639666,0.3212746371087133,0.5628443899155748,0.3305706219181707,0.4677363430574481,0.3640231907857713,0.4177891338401484,0.129232335661213,0.2091623901035577,0.2135450986900395,0.2106947129888612,0.271233852171184,3.761834655292745,2.491145168646199,4.016997739411245
W0099,4,0.3749045885025656,0.5144733594506146,0.1309091549741994,0.3063045438838891,0.2987158947316191,0.089647202229197,0.3431040919525487,0.0830147820085108,0.5908675228763918,0.1174129954492256,0.2255644572977485,0.7663366963546219,0.2663489105422383,0.1098491154267177,0.252377039551926,0.2004826366388759,0.056640416047586,0.2894289097765445,0.4606845970407849,0.3097703678983879,0.1705483090588387,0.1088161602370054,0.1195408135564325,0.3241728862855089,0.2413519661512654,0.0771191817675659,0.3245172365177421,0.0885119637001741,0.1517384697385725,0.0721417737240395,0.0680062462616915,0.0541698315135169,0.1782729896659952,0.0705368081886658,0.068149774366444,0.1256459493670191,0.2417909618274342,0.1239806216412876,0.4296613492611302,0.08942716397924,0.0678906146067021,0.0895998529408937,0.1116364074022391,0.0811372706975759,0.09970762076978,0.1152209354145611,0.1215288949459844,0.0,0.416376706689887,0.0798541057198971,0.0186731850115895,0.252356923096485,0.2459919692210251,0.1713310669219628,0.1872382852534524,0.1523917503263413,0.1731467969539032,0.0829412732218421,0.0531834132810944,0.1469307471829769,0.1181527963839945,0.218335200974575,3.0893449094221417,2.598701047136056,3.440303192448272
W0099,5,0.2711680626802335,0.4589545763956708,0.108206585206463,0.3179231469642384,0.1986127257358675,0.0760858175185204,0.2476209733831373,0.0510398214942507,0.4011767001672796,0.0883355343924693,0.1645306701908341,0.4294648205834654,0.246817582996767,0.0777941901299464,0.1712859443540967,0.1173659988225807,0.0552776263712734,0.2049470430799161,0.5462443151671782,0.2793604645267306,0.0855427880592598,0.0861788242773189,0.0766609511237001,0.2136841753969127,0.1572708022648067,0.0620555232193474,0.1937149475563563,0.0604475245541646,0.1233195430875469,0.0505216269884322,0.0468369337750635,0.0547839368218388,0.154434374846757,0.0532625780378749,0.0657288068992714,0.0876693423098746,0.1695439884815989,0.1050407677055204,0.3183415160530549,0.0630962101962491,0.0541604493945877,0.0641476508962482,0.1169324380559049,0.0679476988611289,0.0861833843880928,0.0899115997021061,0.069763076339234,0.0,0.2683365685623909,0.0677272959038741,-0.0651749730194277,0.1107829554578099,0.2190371321092304,0.1785716060455423,0.1933835800840504,0.1263996035022095,0.1766283822208302,0.0490999684965148,0.0684129773008235,0.1581278682832369,0.1566063581486698,0.184835292537709,3.728087389913936,2.019599118529599,4.165769740617345
W0099,6,0.2291493246460314,0.3505340232231854,0.0726466382459009,0.2277447918387507,0.1700185840077431,0.0595757679373,0.1893105552809741,0.0398662323423906,0.2732710916946408,0.0551720189629582,0.1267564555357203,0.37566508645182,0.1551466168337672,0.0510127434599333,0.1147846264895704,0.1312191044876727,0.0400292068918418,0.1367153541533263,0.4899019667694642,0.2249332487980532,0.1015432187364864,0.0635978545025472,0.0785835579916054,0.1624797085722443,0.125695884090958,0.0571138690586646,0.1551687989093287,0.0485551811094889,0.0976669198314622,0.0361663827625551,0.037864748168735,0.0542254094069754,0.1089649069907561,0.0422351699129935,0.0587808529492008,0.064534076269971,0.1967714179173269,0.0566071159015222,0.2215568891585356,0.0490787226992124,0.0479230025894178,0.0487153961104738,0.0828760165921847,0.048294252351626,0.0648309524256066,0.0728823624072227,0.0441168356049553,0.0,0.2433748926025798,0.0413311075878393,0.0071555709000111,0.1742018620657109,0.1323986741111872,0.0956035008222583,0.0601229049445459,0.1488497355309594,0.0637278534461039,0.0370668346940247,0.1069789236503321,0.1120099222513739,0.1740580492151432,0.1167249431907988,3.3623112904793286,1.7280160927324408,3.42796852446818
W0100,0,0.0612244897959183,0.0612244897959183,0.0612244897959183,0.0612244897959183,0.0612244897959183,0.0612244897959183,0.0612244897959183,0.0612244897959183,0.0612244897959183,0.0612244897959183,0.0612244897959183,0.0612244897959183,0.0612244897959183,0.0612244897959183,0.0612244897959183,0.0612244897959183,0.0612244897959183,0.0612244897959183,0.0612244897959183,0.0612244897959183,0.0612244897959183,0.0612244897959183,0.0612244897959183,0.0612244897959183,0.0612244897959183,0.0612244897959183,0.0612244897959183,0.0612244897959183,0.0612244897959183,0.0612244897959183,0.0612244897959183,0.0612244897959183,0.0612244897959183,0.0612244897959183,0.0612244897959183,0.0612244897959183,0.0612244897959183,0.0612244897959183,0.0612244897959183,0.0612244897959183,0.0612244897959183,0.0612244897959183,0.0612244897959183,0.0612244897959183,0.0612244897959183,0.0612244897959183,0.0612244897959183,0.0612244897959183,0.0,0.0612244897959183,35.0,0.0,0.0,0.0,0.0,0.0,0.0,0.0,0.0,0.0,0.0,0.0,0.0,0.0,0.0
W0100,1,0.4194249611810028,0.4329141975948231,0.2321010814041002,0.4096223553236092,0.4061166949590755,0.1439341804889432,0.3741944443644215,0.1903951239122936,1.2003367872356705,0.2055608019198618,0.4170078189344837,0.9442455364191416,0.6135751905472251,0.2101012955357076,0.3945747926331142,0.276051404795168,0.1659494126244439,0.3212606846207561,0.6304254242259641,0.5351873638507834,0.1927943508449416,0.1136268519074414,0.1455574854893227,0.345894848450599,0.2192978251219128,0.0966584561490776,0.3700593651071226,0.1078840716232713,0.246814181395507,0.1768851801094302,0.1353271893686292,0.1241958736059805,0.3501053047415176,0.1278014049104681,0.1091408475587596,0.2678378813172971,0.2932008148067169,0.2973616835273698,0.4021780781269763,0.1417582641499569,0.1477377190030558,0.147584664821617,0.2047460521467875,0.1266402759792657,0.1793919060176594,0.1403872630331427,0.2061335927485072,0.225745209921235,0.0,0.1234350707095314,0.2901847915676903,1.179675176750988,1.23611427493239,1.959464267506955,2.109087371593602,1.6663767452210034,1.185635841699595,1.315683477280399,0.2984960015373646,0.4529963698494981,0.5372804636334625,0.5876475154369383,2.242671062695538,2.8040012261514318,1.8064098331953689
W0100,2,0.5356239689598092,0.7015534614185831,0.232216623514106,0.408898673601418,0.4843624286465843,0.1248220953581625,0.3817681195986717,0.1384491107930408,1.0275374059152262,0.1469197407567272,0.4368450460373635,0.7983642059376437,0.4786113656136996,0.1646201183438388,0.4113936060610911,0.268931724937749,0.1082232971868342,0.3515505925850457,0.6808524526935662,0.5062097647169516,0.2035972121667849,0.1269304609974783,0.1199544668582741,0.3739315724773385,0.3272997277589752,0.1195813915879576,0.4040957864823531,0.1143703133225909,0.2711141670486725,0.1487134807640251,0.1209909955040354,0.1081036821003899,0.2958083713750818,0.1088252213866726,0.1063817244025045,0.232800532338732,0.3221830404065401,0.1874106598598442,0.583056990964176,0.1084702118305833,0.101144251246869,0.1253909255352587,0.2423967636181128,0.1329054598297466,0.1825281754497021,0.1336158451859651,0.1753301957414979,0.2334789340351818,0.0,0.1251899884472594,0.0351769653520031,0.6331728965439066,0.8931059691058665,0.79379639238912,1.0353468940992827,0.7577131720963168,0.5407743771274245,0.3455545261471488,0.2925117929730588,0.4924110411918515,0.2623238108302499,0.3988207221659939,2.720746836362257,2.3267942752361117,3.007572421238613
W0100,3,0.414173266575868,0.7465196487704135,0.2057968883524003,0.4408091654740724,0.4486640933456881,0.1308192572536043,0.3729524676703525,0.1132323431616553,0.7420375253057933,0.1545780129451736,0.2731903880773727,0.7124349590058334,0.3882321473597189,0.125986319238275,0.3309609826063537,0.2167227954385705,0.0931692381793959,0.3179254073554131,0.5594784835975829,0.4390505574999848,0.2158289789171376,0.1437533223681126,0.1429800637533653,0.3244645707063572,0.2435928257274822,0.1052643886696752,0.3736656922663584,0.0890117401169912,0.2543663503116262,0.1157608848636239,0.0861529298104239,0.1119774755931466,0.2148019198479672,0.0705215017324574,0.1083584018296371,0.1915045735039046,0.304015966655369,0.1891773225842938,0.5108583264931911,0.1085480936470516,0.1100084758455609,0.0767993958077622,0.1483439990148941,0.1151192977263439,0.1363513756861881,0.1549267477316223,0.17236873014348,0.1547506498726231,0.0,0.1099163788093604,-0.0832523844785032,0.3017326256032385,0.3899741691641514,0.4594696545401487,0.6265935100433555,0.4285190347667109,0.3486349799540852,0.1907415002627994,0.1999043426912699,0.2339647182160902,0.2898701029034248,0.3192891031218205,3.1604117085770365,2.530571968352983,3.696124932215432
W0100,4,0.3553632782949749,0.6610403541160589,0.1706741661851814,0.3592373729246529,0.3526203903503524,0.0779577678974487,0.3178810340114817,0.0742470622341284,0.6299693635486955,0.1111563520495168,0.1749247265009562,0.7045735844572665,0.3055155522067475,0.1077979487160654,0.2526070846752598,0.1681253717288011,0.0613758421035515,0.2713665565393123,0.676000384831088,0.3312312352978088,0.0978378433662563,0.1000904461002384,0.1026741532262209,0.2715420434764016,0.2105405077692836,0.0805326645614162,0.2974538667471695,0.0804572121663972,0.1887070666683922,0.0737524658415749,0.0704245534360772,0.0797635974707773,0.1840692404472012,0.0550093029384914,0.0613113969724558,0.147830723909999,0.2279071020252684,0.1271914578454059,0.4014669869177732,0.0847761233454045,0.0710364392218884,0.1129744031496373,0.1467112111794328,0.0789034898587521,0.1084189625648,0.1103770791846974,0.1101598500638109,0.1431886441502137,0.0,0.0821695229455008,0.0465480312522268,0.2743886999999786,0.2825118050765199,0.1815477912648063,0.3460830858543768,0.1868796726368322,0.1504057648729139,0.050538638208944,0.1379802713473818,0.1989330976392576,0.1542689822010718,0.2530475629324105,3.4087343645940016,2.321672020022912,3.684195535148701
W0100,5,0.2751535281657268,0.4364035346353796,0.1031762632974869,0.2507676784395891,0.1957878944108699,0.0580318337009918,0.2574025590565558,0.0560699550645692,0.4350087450121631,0.0967264936166603,0.1625311179065331,0.4812108919980992,0.2518376326538818,0.0767125455628115,0.183944803764234,0.1304596526419415,0.045757590751869,0.234812223983519,0.4793469990606849,0.2721813059314588,0.1156265746312155,0.0951863702144408,0.096050390087195,0.2493023255496332,0.1597621057763495,0.0703677412944552,0.2011112321149739,0.0679342999087573,0.1066386911467492,0.0432190661377796,0.0567169442291938,0.0507142515664376,0.1330436231223251,0.0569523410972688,0.0625299290094682,0.096801197000282,0.184532618354694,0.0877526584559819,0.3129779600117155,0.0659695461140442,0.0564837655061188,0.0515623445767431,0.1177709139473174,0.0594418219986235,0.0825953361617379,0.105714720667641,0.0839421186122284,0.126580148103684,0.0,0.0659295084006539,0.0509505696475576,0.1519217692106329,0.3337586905649826,0.120100405330819,0.2295384857070368,0.0668275531800065,0.1485410585900678,0.0901450445966862,0.0515819153315661,0.0862968969518662,0.1417026931479934,0.187994845617321,3.468337464802059,2.0289334350842165,4.077344978621508
W0100,6,0.2117868872934583,0.3498193049019292,0.0791214772554519,0.1835871400333125,0.1561554336722486,0.0565586285654146,0.2308443513640943,0.0285001371202687,0.3327991903853476,0.0653999536526875,0.1302738848531422,0.4723528183952254,0.1881178856918775,0.0509689122319683,0.1489156561680997,0.1266901042087872,0.0376406475801823,0.1576408614386824,0.5104903513730924,0.1844156559215927,0.0787971444382532,0.0557820805898923,0.069246589687989,0.1936969317016573,0.1526194926430598,0.0532575201786199,0.1604349122149008,0.0590211711625449,0.1012938419202916,0.0397496977478613,0.0285551992376068,0.0376938239359312,0.1164742946292358,0.0318857543166878,0.0487429917644971,0.0605404873541332,0.1779461541670184,0.0598750185182481,0.2388921613889493,0.0384078969756446,0.0373106439762743,0.0549533862970186,0.0876287274491837,0.0456213156746536,0.0885641537693217,0.0727304605819306,0.0545739031860779,0.1065825573270934,0.0,0.0492827636319777,0.0422227178471486,0.060408609835786,0.1710945368793825,0.079494990349355,0.1170777789588163,0.087596555450867,0.039703303298363,0.0477802245644097,0.0743935037947847,0.0298829366651121,0.2023531385556041,0.1709929696328415,2.918127529062368,1.8639822015128316,3.767828904179624
