Treatments,Time,S01,S02,S03,S04,S05,S06,S07,S08,S09,S10,S11,S12,R01,R02,R03,R04,R05,R06,R07,R08,R09,R10,R11,R12,R13,R14,R15
W0001,0,0.25,0.25,0.25,0.25,0.25,0.25,0.25,0.25,0.25,0.25,0.25,0.25,40.0,0.0,0.0,0.0,0.0,0.0,0.0,0.0,0.0,0.0,0.0,0.0,0.0,0.0,0.0
W0001,3,2.645804390553272,1.3448078306106432,2.20235449398552,1.8557452674915995,0.5851475391257668,0.4248750339608699,1.126326979420058,0.6528050844179228,0.7903083790113722,0.9009108149572586,1.0940566309705595,0.7838376809074111,0.0328031572067503,0.2135745618649545,0.1523728362835561,0.3960939502319179,0.8583511748033622,0.97093894820015,1.1306960136708617,0.7709655330018403,1.0553165705481096,0.5259157850648735,0.62515297968661,0.5823973433140357,3.2637882888324063,1.838457892478409,3.425837315432368
W0001,6,1.269070919705424,0.5339300665449328,1.0889755976378246,0.4177146716961628,0.3349643954353848,0.115749702788758,0.3956408891373653,0.2875733585704545,0.2983825421681296,0.3878234081867234,0.448305247876374,0.2593706664777159,0.0571580688670982,0.0276224240797299,-0.051246051469453,0.0072935731821263,0.041598072709332,0.0546838820874219,-0.019787213937192,-0.016221413775439,0.6218476562498184,0.2643214211094281,0.1851093494125534,0.1594375794171884,2.6812125719459283,0.9061656116282856,5.311233142268869
W0002,0,3.0,0.0,0.0,0.0,0.0,0.0,0.0,0.0,0.0,0.0,0.0,0.0,40.0,0.0,0.0,0.0,0.0,0.0,0.0,0.0,0.0,0.0,0.0,0.0,0.0,0.0,0.0
W0002,3,11.052233707508728,0.0,0.0,0.0,0.0,0.0,0.0,0.0,0.0,0.0,0.0,0.0,0.0655831044535205,-0.0131277656037598,0.0183678129478238,0.0743243823838854,0.6691267885618496,1.7422209944287137,2.2750174269708854,0.2324851255439697,0.2501850428568466,1.111705609524429,0.8920146913329537,3.571272947491983,11.484435508732538,0.1116055468436078,0.7231832911660085
W0002,6,2.9050467458570277,0.0,0.0,0.0,0.0,0.0,0.0,0.0,0.0,0.0,0.0,0.0,-0.0409463926834175,-0.0515179404916525,0.0074863247952057,0.0367896835359154,0.2133025010942995,0.488853007119306,0.8002022656407213,0.0772953573966347,0.0795255796959251,1.6892725358633929,0.0913675315718781,3.150291849758588,14.51774381922148,-0.0265807669594402,1.4850456973632795
W0003,0,0.0,3.0,0.0,0.0,0.0,0.0,0.0,0.0,0.0,0.0,0.0,0.0,40.0,0.0,0.0,0.0,0.0,0.0,0.0,0.0,0.0,0.0,0.0,0.0,0.0,0.0,0.0
W0003,3,0.0,14.89978373133522,0.0,0.0,0.0,0.0,0.0,0.0,0.0,0.0,0.0,0.0,0.0508276007023181,0.2120621426156475,0.2449409880794442,0.6433524384941481,0.2834984631962931,1.065944290842621,0.011928048495351,3.1166973181624447,3.953019536058587,0.6168264529699018,0.1318500260552037,1.376190674222134,1.604441944213662,2.2699023758280146,0.8815963779488262
W0003,6,0.0,4.513495731073982,0.0,0.0,0.0,0.0,0.0,0.0,0.0,0.0,0.0,0.0,0.0733654618679379,0.0840555359838697,-0.0095914820136078,0.0477157952955606,0.0938117003966459,0.1869085197583518,-0.0460529553637546,0.7936519814225158,3.378424992542993,0.684920536097179,0.0427672442458172,1.6131340358959103,1.8090410265456307,2.7185765115463765,0.9183020817632772
W0004,0,0.0,0.0,3.0,0.0,0.0,0.0,0.0,0.0,0.0,0.0,0.0,0.0,40.0,0.0,0.0,0.0,0.0,0.0,0.0,0.0,0.0,0.0,0.0,0.0,0.0,0.0,0.0
W0004,3,0.0,0.0,12.067685025756775,0.0,0.0,0.0,0.0,0.0,0.0,0.0,0.0,0.0,0.0271511233255603,-0.015547830476292,0.0808332821004442,0.3644808284183796,0.1529726014983451,0.302543016554028,0.0508395892282231,0.0479619471547681,0.0339670763969254,0.223596437291211,0.1654301029294339,1.152446308251848,0.5283435267252093,9.583463805372348,3.566449121289204
W0004,6,0.0,0.0,3.452473226188157,0.0,0.0,0.0,0.0,0.0,0.0,0.0,0.0,0.0,-0.0804219558873813,0.0172295319315467,-0.0105704779071479,0.041799731717427,-0.0072341893305626,-0.0262051687302577,0.0103634972965267,0.0180584820874697,0.0912528159438493,0.1451491192919042,0.273829231049585,1.0841329029900513,0.0278988177537536,9.408304761749056,5.49484197690611
W0005,0,0.0,0.0,0.0,3.0,0.0,0.0,0.0,0.0,0.0,0.0,0.0,0.0,40.0,0.0,0.0,0.0,0.0,0.0,0.0,0.0,0.0,0.0,0.0,0.0,0.0,0.0,0.0
W0005,3,0.0,0.0,0.0,15.184706570458,0.0,0.0,0.0,0.0,0.0,0.0,0.0,0.0,0.0956495016562747,0.1591094693610877,1.1010698649590045,0.2203631304779264,1.104203130403303,0.1841125608766809,0.3001549237999002,5.000151139142265,0.5804604926534546,0.79247829375367,2.0360327581742013,0.0726590087999803,1.9168866412507557,2.8831789715990794,3.084543360834206
W0005,6,0.0,0.0,0.0,4.518950141420274,0.0,0.0,0.0,0.0,0.0,0.0,0.0,0.0,-0.0156823157548145,0.0938207969816407,0.2723702016815504,-0.0513731010369318,0.1195495556748116,0.0780202911008021,0.0929913286309927,2.269419977662128,0.5593612724467547,1.3336397749894084,1.9484941002629248,0.1148825352743272,2.5708863769242223,1.0221864745354363,4.087481887262502
W0006,0,0.0,0.0,0.0,0.0,3.0,0.0,0.0,0.0,0.0,0.0,0.0,0.0,40.0,0.0,0.0,0.0,0.0,0.0,0.0,0.0,0.0,0.0,0.0,0.0,0.0,0.0,0.0
W0006,3,0.0,0.0,0.0,0.0,3.591326004904978,0.0,0.0,0.0,0.0,0.0,0.0,0.0,19.618411101437943,6.673138023756766,3.7137989279391967,0.3819258865605619,0.3663373143625698,0.5591513194053392,1.210268986879382,0.1022286523111045,0.30116983495017,-0.0285354756954219,0.0494111355820364,-0.0664405927506791,0.1050890395405483,0.0495622397719059,0.136484170821852
W0006,6,0.0,0.0,0.0,0.0,2.572294013252636,0.0,0.0,0.0,0.0,0.0,0.0,0.0,4.731691633924316,13.718226120827769,5.899764727921814,0.805967200446826,0.9514951045190728,0.8535487003937838,1.5211808772078874,0.0353707476574597,0.5663284905848817,0.1063892721560467,-0.0184575249983401,0.0202737047268415,0.1765108326666258,-0.0116724265507033,0.3152297547023755
W0007,0,0.0,0.0,0.0,0.0,0.0,3.0,0.0,0.0,0.0,0.0,0.0,0.0,40.0,0.0,0.0,0.0,0.0,0.0,0.0,0.0,0.0,0.0,0.0,0.0,0.0,0.0,0.0
W0007,3,0.0,0.0,0.0,0.0,0.0,5.801421546044272,0.0,0.0,0.0,0.0,0.0,0.0,8.995277506034272,3.6015837824828734,0.0246119730145545,4.868396659861156,0.2553028053700448,1.7334082908658113,0.5705632247957593,2.3707000108722727,5.969082059475137,-0.0298946023361697,0.0272278131570628,0.0277184995147744,0.0036856202006362,1.5128038989801946,0.1685574419013363
W0007,6,0.0,0.0,0.0,0.0,0.0,2.3196296495045625,0.0,0.0,0.0,0.0,0.0,0.0,0.1851172760233724,4.368916913535428,0.1036480767909404,6.855712368473178,0.4589516023772719,2.166764581932553,0.5588262396713195,2.991065487126709,8.406749414165029,-0.0671649068024125,0.0552817072480297,-0.035452780579793,0.0070196392230478,1.763461415290391,-0.0030621945876759
W0008,0,0.0,0.0,0.0,0.0,0.0,0.0,3.0,0.0,0.0,0.0,0.0,0.0,40.0,0.0,0.0,0.0,0.0,0.0,0.0,0.0,0.0,0.0,0.0,0.0,0.0,0.0,0.0
W0008,3,0.0,0.0,0.0,0.0,0.0,0.0,14.090495646226213,0.0,0.0,0.0,0.0,0.0,0.007084777135359,4.304198751902394,0.0774128076366785,0.1996622811066697,0.3672584379980469,0.7513309758421292,2.3066922791012594,0.1247734008306113,0.4617724351783377,0.272099511909821,0.1299522641760157,0.7298169584951186,2.120229668185062,2.121768510544051,5.465912110682765
W0008,6,0.0,0.0,0.0,0.0,0.0,0.0,3.222718019451204,0.0,0.0,0.0,0.0,0.0,-0.0871505924572858,4.038566185778864,-0.0619926970670217,-0.0248627243157718,0.472300920513813,0.7340450983178025,-0.0246868285828035,0.0651015376993784,0.2756190623018236,0.1595093113506179,-0.0123302272665688,0.1438119743070268,1.942879982275252,2.2855214595016853,5.114029286672897
W0009,0,0.0,0.0,0.0,0.0,0.0,0.0,0.0,3.0,0.0,0.0,0.0,0.0,40.0,0.0,0.0,0.0,0.0,0.0,0.0,0.0,0.0,0.0,0.0,0.0,0.0,0.0,0.0
W0009,3,0.0,0.0,0.0,0.0,0.0,0.0,0.0,7.314183482022928,0.0,0.0,0.0,0.0,9.061293078512282,1.3612082464886666,0.3324517423075244,4.115765575413998,0.753694304553626,3.760425563742225,0.2977329110622066,0.1861089526967636,0.379396801278389,0.2830680953125462,2.3993645780156663,0.2569713811848823,1.486781565224321,1.2425951932584032,0.7016192754453726
W0009,6,0.0,0.0,0.0,0.0,0.0,0.0,0.0,4.685956946749485,0.0,0.0,0.0,0.0,0.0131959390025038,2.54445991456455,0.075939527078844,1.3001427351782928,0.4766731856483748,4.820194192362486,0.1600610691041142,0.0178711588475187,0.2522418905854831,0.1872811475657686,1.0672666310860777,0.076097930478233,2.562407354799461,2.7602288441883345,1.8144785673440864
W0010,0,0.0,0.0,0.0,0.0,0.0,0.0,0.0,0.0,3.0,0.0,0.0,0.0,40.0,0.0,0.0,0.0,0.0,0.0,0.0,0.0,0.0,0.0,0.0,0.0,0.0,0.0,0.0
W0010,3,0.0,0.0,0.0,0.0,0.0,0.0,0.0,0.0,14.62256414455756,0.0,0.0,0.0,1.8133831916902896,0.3180276109077978,0.54175594857421,0.4591160964419393,3.3294958878967584,0.1103809665914773,3.1266207337241654,0.2320404226127842,0.7774088765700978,1.878431605255324,2.9212747809485524,1.1408895962775931,0.5561462172501125,1.1994550177162882,1.1965683015563082
W0010,6,0.0,0.0,0.0,0.0,0.0,0.0,0.0,0.0,7.270000296182423,0.0,0.0,0.0,0.1013874351369533,0.2253510544061316,0.067146887703796,0.1001635603591307,0.7607346723540314,0.0366657479024621,0.79306802119648,0.0288347662419361,1.325575194868741,1.0815864802849433,0.6521126600633322,0.8767328451992396,0.9180106008430624,2.187241377390665,1.3678825439442062
W0011,0,0.0,0.0,0.0,0.0,0.0,0.0,0.0,0.0,0.0,3.0,0.0,0.0,40.0,0.0,0.0,0.0,0.0,0.0,0.0,0.0,0.0,0.0,0.0,0.0,0.0,0.0,0.0
W0011,3,0.0,0.0,0.0,0.0,0.0,0.0,0.0,0.0,0.0,6.54724126523991,0.0,0.0,6.819335628201798,0.1964518813044592,1.7696303623043568,0.6928994566814428,0.6130145236785732,2.76574744068402,3.955656756428799,0.7741769877261758,0.2277803486394844,0.3192408100868621,0.0674512710121864,-0.0345017952590914,0.4034802485543695,0.52789396217673,6.320316066611227
W0011,6,0.0,0.0,0.0,0.0,0.0,0.0,0.0,0.0,0.0,5.759776176547208,0.0,0.0,0.058459299830733,0.0375795895408144,1.275081447833503,0.1368621330463158,0.0114413151445452,0.2525850217858019,2.382985879903428,0.7239201176841774,0.1279155840809492,0.6132903865688795,0.1645180147247135,0.021411050053984,0.8694827196636407,0.8750610873680772,12.999609767364086
W0012,0,0.0,0.0,0.0,0.0,0.0,0.0,0.0,0.0,0.0,0.0,3.0,0.0,40.0,0.0,0.0,0.0,0.0,0.0,0.0,0.0,0.0,0.0,0.0,0.0,0.0,0.0,0.0
W0012,3,0.0,0.0,0.0,0.0,0.0,0.0,0.0,0.0,0.0,0.0,13.311715017200468,0.0,0.0720047104480012,0.0853157315672018,0.5912700872381569,0.9628188251804776,1.209324010286456,0.3242038423324122,0.5785994004471463,3.980820048630256,1.918558832697084,0.1516628237050782,0.1274454847378478,0.1014972304018141,2.166328658150202,2.144756406781308,2.664681134861762
W0012,6,0.0,0.0,0.0,0.0,0.0,0.0,0.0,0.0,0.0,0.0,3.550403728191935,0.0,-0.030571793125921,0.0329311918792706,-0.0066726507274139,0.2493475305131006,0.4921622915386933,0.0025108134224675,0.1188844092194111,4.586155669208248,2.643489308104055,0.0218070024418291,-0.0394766940293266,-0.0084387284527816,2.838917810784618,2.589112900805236,0.851093854646194
W0013,0,0.0,0.0,0.0,0.0,0.0,0.0,0.0,0.0,0.0,0.0,0.0,3.0,40.0,0.0,0.0,0.0,0.0,0.0,0.0,0.0,0.0,0.0,0.0,0.0,0.0,0.0,0.0
W0013,3,0.0,0.0,0.0,0.0,0.0,0.0,0.0,0.0,0.0,0.0,0.0,10.149385124203432,0.0495454690440533,5.075759204855559,0.1196006794756472,0.4863870707337308,3.202807599541852,0.7178242816483691,2.3739161698646862,1.5533238300694772,0.6182434581147891,0.2935073861597084,0.0925736564755301,1.445706099126988,0.4108187618384803,2.003929340106703,3.001126186125751
W0013,6,0.0,0.0,0.0,0.0,0.0,0.0,0.0,0.0,0.0,0.0,0.0,5.073648182088903,-0.0905593791753061,1.5238161307825115,0.0285710635965643,0.1770976479144164,0.9761317768937644,1.2878312272413055,1.6193128176516611,2.0382425035274845,1.021959927463188,0.0784759354448136,-0.0380812249924901,0.184797032988125,0.6110938265047625,2.3574119842613848,3.7811844943506263
W0014,0,0.0,0.2727272727272727,0.2727272727272727,0.2727272727272727,0.2727272727272727,0.2727272727272727,0.2727272727272727,0.2727272727272727,0.2727272727272727,0.2727272727272727,0.2727272727272727,0.2727272727272727,40.0,0.0,0.0,0.0,0.0,0.0,0.0,0.0,0.0,0.0,0.0,0.0,0.0,0.0,0.0
W0014,3,0.0,2.177604755819883,2.811894359704003,2.085144243618159,0.5921305398276296,0.4174337267674743,1.5705190371799258,0.8631279156340088,0.8704197541670439,0.9849704738835128,1.6654989264821125,1.0262050015258288,0.1287932409552947,0.4150561859045735,0.6663888645179248,1.01343441191006,1.0002727450837268,0.9448632134883794,1.1847325179977866,1.121037088008814,1.2242977538570898,0.4708685202275945,0.4612910769290971,0.421025817839988,1.3398659606426468,3.510391668762093,3.207269057269292
W0014,6,0.0,0.6231159141373559,1.3076555009673885,0.8257493383265739,0.3880914458594676,0.1382801397199956,0.4731953998626401,0.3393529229162209,0.3468768809601081,0.4359072574533202,0.5117006185688496,0.3083919473681037,0.0380647919456055,0.0133828141082628,0.0828769308904909,0.0523529463290921,0.0634716556102196,0.0074505522944014,0.0238152554591128,0.0618260544804772,0.674983951514974,0.2106271596672298,0.1816938134485117,0.1137303415345731,1.1488276915872042,2.442499540677897,5.00602389990783
W0015,0,0.2727272727272727,0.0,0.2727272727272727,0.2727272727272727,0.2727272727272727,0.2727272727272727,0.2727272727272727,0.2727272727272727,0.2727272727272727,0.2727272727272727,0.2727272727272727,0.2727272727272727,40.0,0.0,0.0,0.0,0.0,0.0,0.0,0.0,0.0,0.0,0.0,0.0,0.0,0.0,0.0
W0015,3,3.168873220651224,0.0,2.605459786481908,2.186948766144586,0.5475597811492392,0.5653245422818753,1.3183643522187805,0.8350632981183996,0.966519867495645,0.9261272675176592,1.1836895288251486,0.8987691139496391,0.1128882312407531,0.2337229400913662,0.2641725967267835,0.2929522515751737,1.1309662412999464,1.010333251333961,1.2403413413123638,0.6596012101100375,0.9074446583914328,0.5636787568543947,0.6167281414642843,0.5243983670860629,3.8050157932378936,1.6246477067732958,3.854455619697806
W0015,6,1.2491533715990009,0.0,1.3354737352497752,0.5981919160073037,0.3050192272044824,0.1390445445529916,0.3719321559666105,0.2215255195841148,0.2220789997655894,0.3878231842253065,0.5365322840673682,0.3148185187410889,0.0033291278623503,-0.0217743045963116,-0.0007556244721746,0.0482445459258211,0.0853625490833923,0.0830096546366747,-0.0283418767374094,0.0394435186831385,0.3585862734355032,0.2044797162155671,0.2186241492183365,0.1259115664181815,2.500239155075501,0.9577560604169226,5.517333622368655
W0016,0,0.2727272727272727,0.2727272727272727,0.0,0.2727272727272727,0.2727272727272727,0.2727272727272727,0.2727272727272727,0.2727272727272727,0.2727272727272727,0.2727272727272727,0.2727272727272727,0.2727272727272727,40.0,0.0,0.0,0.0,0.0,0.0,0.0,0.0,0.0,0.0,0.0,0.0,0.0,0.0,0.0
W0016,3,3.0089377918447813,2.013882532242932,0.0,1.9771439694607171,0.6492820216669746,0.435691389928078,1.3584464621575831,0.8386503139073695,0.8201091641185775,1.0999073691573076,1.3050823474507844,0.9731745722357998,0.0456302038591358,0.2023460780159723,0.2600342288128497,0.4413751616893479,0.938808675195826,0.9547813058845174,1.3327851040225038,1.107363517100547,0.8470980930905192,0.6560481334936451,0.4047166588489393,0.4681162722627605,4.532941857616415,1.362560818294332,2.9030074122782943
W0016,6,1.5652852239504562,0.6125884435202493,0.0,0.6008132789151183,0.2858791649225932,0.1379455385023241,0.435262377812656,0.307227215313733,0.2923692297845592,0.4545123470898858,0.4566378783717245,0.300180104248804,0.0699667120771261,0.0081696747665032,0.0521244505637621,0.1019807810829597,0.0662065006474983,0.2298189815713198,0.0649091398420514,0.0903058891146351,0.4151337985686526,0.2513341509298777,0.1162254540173541,0.16428799764629,5.850192335854968,0.5699524745730472,3.5672740915259764
W0017,0,0.2727272727272727,0.2727272727272727,0.2727272727272727,0.0,0.2727272727272727,0.2727272727272727,0.2727272727272727,0.2727272727272727,0.2727272727272727,0.2727272727272727,0.2727272727272727,0.2727272727272727,40.0,0.0,0.0,0.0,0.0,0.0,0.0,0.0,0.0,0.0,0.0,0.0,0.0,0.0,0.0
W0017,3,3.753863194611277,1.7681899287084824,2.4092531662059185,0.0,0.6182930369614256,0.4193704600730924,1.1230320145209056,0.6536597527177381,1.042236807184001,1.075164095580479,1.2032173245807758,1.1475427377365597,0.0203373534829773,0.1718737621637975,0.2370040701063604,0.4677841551219002,0.7240777486626415,1.2003931312248892,1.424156677388174,0.5832508785542961,1.0865821154476765,0.6846162834370237,0.5537593986006957,0.6501491330458725,3.641998276030889,2.089014205423204,4.086228380454776
W0017,6,1.2405923584583094,0.464312732385158,1.352386154593601,0.0,0.3123232683088228,0.1523444199233924,0.4605517369856368,0.2890782403718462,0.2948042990056895,0.4642506855652001,0.4033995763981958,0.2718610666467484,-0.0095320279097576,0.0555456578086687,0.0554866100558922,-0.0427900837797951,0.0060432154065239,0.0916374565013741,0.1111913367606129,0.0079047566891534,0.2687245697134812,0.1605566022758035,0.0590554070214031,0.1105844981134463,2.1815000538754075,1.0770031367944544,5.390028881085729
W0018,0,0.2727272727272727,0.2727272727272727,0.2727272727272727,0.2727272727272727,0.0,0.2727272727272727,0.2727272727272727,0.2727272727272727,0.2727272727272727,0.2727272727272727,0.2727272727272727,0.2727272727272727,40.0,0.0,0.0,0.0,0.0,0.0,0.0,0.0,0.0,0.0,0.0,0.0,0.0,0.0,0.0
W0018,3,2.73695929462336,1.8420566881047489,2.3647381429034597,1.45150174464218,0.0,0.4348809826917076,1.3327185339814438,0.7161941724965288,0.8871026332443624,0.751428918380961,1.088474497031429,0.9559062466256152,0.0751824175504485,0.1753151242326172,0.3724051830981961,0.4040891449891053,0.5652100431139099,0.8209236020224338,1.0870667441308095,0.8784723228508672,0.9412821313154768,0.7852792759218618,0.5502176809517232,0.7052148294918217,2.821348026416783,2.409578947642693,3.189753499189674
W0018,6,1.171363608007954,0.4305048067055967,1.0651606943855083,0.4920380449669895,0.0,0.1713955152036661,0.386187760385243,0.3058366543078556,0.2465533657369585,0.3467978572835971,0.4840682592058982,0.3345195317806845,0.0071673186703421,-0.0002897051584778,0.0135230146747937,0.0438620816999996,-0.0159532415785028,0.1067155597672638,0.0289512762912801,0.0862913748500924,0.3946156773593708,0.3861389788223296,0.1268956404227251,0.2787095650349023,2.6650714913553437,1.324755871516681,5.045139964523023
W0019,0,0.2727272727272727,0.2727272727272727,0.2727272727272727,0.2727272727272727,0.2727272727272727,0.0,0.2727272727272727,0.2727272727272727,0.2727272727272727,0.2727272727272727,0.2727272727272727,0.2727272727272727,40.0,0.0,0.0,0.0,0.0,0.0,0.0,0.0,0.0,0.0,0.0,0.0,0.0,0.0,0.0
W0019,3,2.7252080663546066,1.904866138856903,2.6944435594653755,1.7749437899766272,0.6334424401590798,0.0,1.277643901234892,0.8875660279082569,0.9070817401468808,1.13782523599588,1.0665263335409396,1.0285229355554144,0.0071947421562771,0.2247722348436275,0.2621756293762366,0.4792556114600437,0.794053447926743,0.9023381141627654,0.9287227226334688,0.6519260040887839,0.8105366344773347,0.6315150100656257,0.5114910073218875,0.8126757000396371,2.416451472161121,2.142718605005544,3.578024512859016
W0019,6,1.1033410791078766,0.5343330725305276,1.0198027134092544,0.5541955897933796,0.3632504295211332,0.0,0.370267838170392,0.2007399094057821,0.2751460399842824,0.3102081834509505,0.4757730520074444,0.2760085018025061,0.0533445348633523,-0.0913744113728695,0.0504993081678714,0.0226551418580931,0.0123825260753797,-0.0124138142044979,-0.061089772547374,0.0005173103608371,0.4082722560172653,0.2767481434482759,0.0941981646053153,0.1794572702156664,2.51988807294361,1.0465652029871837,4.460267254344556
W0020,0,0.2727272727272727,0.2727272727272727,0.2727272727272727,0.2727272727272727,0.2727272727272727,0.2727272727272727,0.0,0.2727272727272727,0.2727272727272727,0.2727272727272727,0.2727272727272727,0.2727272727272727,40.0,0.0,0.0,0.0,0.0,0.0,0.0,0.0,0.0,0.0,0.0,0.0,0.0,0.0,0.0
W0020,3,3.355529288299474,1.596863113761528,2.527543292035636,1.7242599414399231,0.657314423083043,0.4773255277575447,0.0,0.7285157786586582,0.9460189464460204,1.1645890670477117,1.0112350850961185,0.915888742306251,0.0391897003425664,0.1258872198668975,0.3286780795648123,0.3318293988573567,0.7513570621360426,0.9527670405398844,1.0999531750889615,0.7346631352067663,1.084494865695096,0.563933744523848,0.6622591333131088,0.7100242189800381,3.6412872188456062,1.8810161979015096,3.3640944662752306
W0020,6,1.243947791605791,0.4728228571814719,1.0638143393729322,0.5594724118454226,0.3990848327812588,0.1623296943435584,0.0,0.2407344158671464,0.2762338065009623,0.4064110371672177,0.4943875541579197,0.3161455740669146,0.0137884809033439,0.0060538528608423,0.01510036585667,0.017471359085254,0.0701060801210654,0.0290665698543688,0.0462451513047475,-8.161684340624031e-05,0.3429488622250304,0.229830713995512,0.1310325983183352,0.0869250927711533,2.7502044410646964,1.164118722495485,4.67099988963461
W0021,0,0.2727272727272727,0.2727272727272727,0.2727272727272727,0.2727272727272727,0.2727272727272727,0.2727272727272727,0.2727272727272727,0.0,0.2727272727272727,0.2727272727272727,0.2727272727272727,0.2727272727272727,40.0,0.0,0.0,0.0,0.0,0.0,0.0,0.0,0.0,0.0,0.0,0.0,0.0,0.0,0.0
W0021,3,3.466366160229169,1.6945448061944068,2.589537228648395,1.4313015975433117,0.7132611193542462,0.4555122879151363,0.9561762507956362,0.0,0.9782736927248348,0.9045525636623276,0.9715842786205175,0.8744192114614382,0.014101852647931,0.1737719865130803,0.2730715955603005,0.4840348288025742,0.6514189288368191,0.8892621995728169,0.8624654085065374,0.7316392099197443,1.2273173917930775,0.6914715663621251,0.4322369720762412,0.5695250854088716,3.0166252095334,2.386063110547785,3.815462144294583
W0021,6,1.164789108765697,0.5235764434828636,1.25088202743282,0.4826525824120143,0.3277212080153541,0.1434469143469829,0.31499444178291,0.0,0.2369992531871177,0.3342718172624572,0.4627817068227255,0.2727253142913609,0.0468724584146729,-0.0275578761034696,0.0164955029606028,0.0228228771907408,-0.0201482662190453,0.0395540424630714,0.0171680390518835,0.0433952249698512,0.475766607258948,0.3439205460328599,0.1680019667314237,0.1361156743376451,2.079770083986084,1.0067603926049604,5.31900812406408
W0022,0,0.2727272727272727,0.2727272727272727,0.2727272727272727,0.2727272727272727,0.2727272727272727,0.2727272727272727,0.2727272727272727,0.2727272727272727,0.0,0.2727272727272727,0.2727272727272727,0.2727272727272727,40.0,0.0,0.0,0.0,0.0,0.0,0.0,0.0,0.0,0.0,0.0,0.0,0.0,0.0,0.0
W0022,3,3.455483565007709,1.5585214025506635,3.1300724257077217,1.4764161761506045,0.6371201023977101,0.4869946827271285,1.2754754028219306,0.6816713581985347,0.0,1.0254388273891966,1.086546743933501,0.7174305068717552,0.0611586740741374,0.1033149231486994,0.2050030604207223,0.4350353296229979,0.5879886600491203,1.0593338154402652,0.9801990720228004,0.6581103810240554,0.9847755009734982,0.5329251385841025,0.4441159671406092,0.5939092860448141,3.578194683570173,2.166779708858114,3.9851728546648792
W0022,6,1.2773226812531489,0.4630941984728663,1.1181986255453569,0.5909304631535397,0.2993158228197745,0.1449689766380683,0.411640197951347,0.2663792322989353,0.0,0.4288841178157597,0.4946961916020954,0.2937229303704924,-0.0504937308956287,0.056676643296714,0.0538832229842269,0.0209748642650174,0.0969743361336281,0.0403016723177197,0.0414309611610781,-0.0624066991274556,0.4043654084236489,0.2009302677719712,0.1695321517962942,0.1968669896524451,2.3643469540182345,1.1554684328431957,5.832904724007711
W0023,0,0.2727272727272727,0.2727272727272727,0.2727272727272727,0.2727272727272727,0.2727272727272727,0.2727272727272727,0.2727272727272727,0.2727272727272727,0.2727272727272727,0.0,0.2727272727272727,0.2727272727272727,40.0,0.0,0.0,0.0,0.0,0.0,0.0,0.0,0.0,0.0,0.0,0.0,0.0,0.0,0.0
W0023,3,3.17590605374898,1.7259105979279217,2.820026260024376,1.763946551782264,0.7292431386528854,0.4599196598245231,1.1995247905616495,0.7102148988181909,0.7678097936089032,0.0,1.2489962027247634,0.8251655321324961,0.0541450268006089,0.2770998259013001,0.2366982128667445,0.3257114636618048,0.635193634788844,0.9921893010496255,0.8421900494452741,0.6157750580930852,0.9029034348195076,0.5775142292524345,0.5276774097247832,0.8527381636328292,3.6208553094055063,2.0658064357588226,3.4555152201508004
W0023,6,1.208478467843707,0.4751648034198258,1.2696096321934915,0.5115441204126753,0.3322499883149951,0.1385203500935811,0.4026766624959519,0.2943321011912391,0.3196223414459102,0.0,0.3771431808488841,0.2973444404452124,0.0052939986610016,0.0310158373334961,0.0278083497158329,-0.0008668892743124,0.028713058947313,0.0608359983990216,-0.026011560926656,0.0150417562878651,0.5315101649919405,0.1438349285232401,0.1777048795911529,0.1820171445328227,3.018721258813681,0.9136947601760156,5.151057874000077
W0024,0,0.2727272727272727,0.2727272727272727,0.2727272727272727,0.2727272727272727,0.2727272727272727,0.2727272727272727,0.2727272727272727,0.2727272727272727,0.2727272727272727,0.2727272727272727,0.0,0.2727272727272727,40.0,0.0,0.0,0.0,0.0,0.0,0.0,0.0,0.0,0.0,0.0,0.0,0.0,0.0,0.0
W0024,3,3.204315546011917,1.3994758660677784,2.8020941191560294,1.8806800023371428,0.6988960548457248,0.5031072268322164,1.3555637914517735,0.7428459709806936,0.7576237416912512,0.9777432367392378,0.0,1.0868228151533126,0.0461333303591906,0.2570831534843055,0.3715299718498603,0.4545593858843498,0.6029191943666612,0.9104745826168514,0.94506109421042,0.7846268330338465,0.8653405091549049,0.676544684678928,0.5737583745428676,0.7731028091549274,3.203880064856279,2.158462577591351,3.431675286133617
W0024,6,1.3608298973312605,0.5083057577920441,1.137920971405384,0.4789631913654807,0.3553122331046577,0.1424288552290941,0.385832258455776,0.2819082763734055,0.2553572333365788,0.4474372820070982,0.0,0.2746153709858862,0.0428807875064239,-0.0145578504799297,0.1419821131777272,-0.0042780856688651,0.0329618966869936,0.0558710767914567,0.0265383360581981,0.1294338706575548,0.431841422109939,0.2581777010957075,0.0734997415691225,0.1987878228143837,2.7130715516456574,1.013341874819803,5.767161399906985
W0025,0,0.2727272727272727,0.2727272727272727,0.2727272727272727,0.2727272727272727,0.2727272727272727,0.2727272727272727,0.2727272727272727,0.2727272727272727,0.2727272727272727,0.2727272727272727,0.2727272727272727,0.0,40.0,0.0,0.0,0.0,0.0,0.0,0.0,0.0,0.0,0.0,0.0,0.0,0.0,0.0,0.0
W0025,3,3.319074493041416,1.743834328792391,2.0409287443374198,1.6817617254780486,0.6033125283734381,0.4068249838198839,1.552246407547632,0.7763898908610664,0.947197481639997,0.9396440965283208,1.1936970587562894,0.0,0.0937947173240926,0.290002808435131,0.3726268443013769,0.394536106489284,0.7668210268787033,0.8163112811043044,1.0590953035850628,0.73752482232306,0.9169340639071202,0.8448590005604936,0.5338887477188421,0.4581032659414678,3.292117171549475,1.7815490691357996,3.5060934823146472
W0025,6,1.2227646461454955,0.4342208482163646,1.181540575939552,0.5161748174849595,0.2752060641384827,0.151254830112057,0.4529203066082627,0.2593971008434814,0.3163137650217628,0.3461760958553502,0.543626883337745,0.0,-0.0264715252716955,0.016478350071691,0.0999893270330209,0.0201631670055612,0.0327774580294453,0.0460686410940185,-0.0320945544711642,0.0446223269986446,0.4843330512781928,0.3421007812928134,0.1652044464627005,0.0657732193206641,2.639609067020978,1.1593483754161364,4.421812280948517
W0069,0,0.375,0.0,0.375,0.0,0.375,0.0,0.0,0.375,0.375,0.375,0.375,0.375,40.0,0.0,0.0,0.0,0.0,0.0,0.0,0.0,0.0,0.0,0.0,0.0,0.0,0.0,0.0
W0069,3,3.243761640594915,0.0,3.9092635062067007,0.0,0.7931784841990758,0.0,0.0,0.9749561035767244,1.1963954634186034,1.620994364286358,1.4253180832613623,1.325364385161372,0.1169754282835785,0.1762790409924006,0.2379310077295368,0.3056976053046751,0.9727472194546416,1.4583796775513884,1.678920951891009,0.3661986792457,0.6916257874405681,0.577552034711127,0.6695361823974434,0.4512706937064026,2.7664811519624117,2.2016991279000018,4.478417959340467
W0069,6,1.368094296716711,0.0,1.9062427822022785,0.0,0.3357083749510437,0.0,0.0,0.2889283360427748,0.3964027950744542,0.4185232402909653,0.6373667790902201,0.4043795592402797,0.0715962821671802,0.0084740559804478,0.0254342458874844,-0.0204898797464421,0.0305248945166578,0.1390072968445259,0.0765044311702735,0.0551249862935899,0.2889983639489005,0.1483655909106671,0.0909913104270842,0.2180357297948631,2.2259067044462526,1.2260110124954038,5.553413674932886
W0079,0,0.4285714285714285,0.4285714285714285,0.4285714285714285,0.0,0.4285714285714285,0.0,0.0,0.4285714285714285,0.0,0.0,0.4285714285714285,0.4285714285714285,40.0,0.0,0.0,0.0,0.0,0.0,0.0,0.0,0.0,0.0,0.0,0.0,0.0,0.0,0.0
W0079,3,3.909335534103165,2.2599445477531903,4.150512411182916,0.0,0.946222554704364,0.0,0.0,0.9855897204058416,0.0,0.0,1.7156690791729048,1.3081492249921625,0.086786700630751,0.1044609502635076,0.1950397884024869,0.2688494892883964,0.4541795211601415,1.0557798645120382,0.8824505910772037,0.3885394892924875,0.9400833849337064,0.5219994133357303,0.4079649762484422,0.6151417013977662,3.764629448454636,1.9167119290717056,3.0949378317541294
W0079,6,1.3918441968072612,0.6241808515351138,1.5467310168944417,0.0,0.4745740507073056,0.0,0.0,0.424750842731015,0.0,0.0,0.7029185005107728,0.3079960639396143,0.0119185172410147,-0.0204044869112928,-0.0191873482490201,0.0012138494377012,0.0253811918346183,0.1157566106073676,0.0402053198670419,-0.0118934573018544,0.4573910324636258,0.2191725907983215,0.0316531436912056,0.1852392422926848,2.2404931472260468,1.0679169903126422,5.781470389347215
W0081,0,0.0,0.6,0.0,0.0,0.6,0.6,0.0,0.6,0.0,0.6,0.0,0.0,40.0,0.0,0.0,0.0,0.0,0.0,0.0,0.0,0.0,0.0,0.0,0.0,0.0,0.0,0.0
W0081,3,0.0,5.261666714402719,0.0,0.0,1.2877811773847532,1.0451960959592286,0.0,2.0506213775319098,0.0,3.739164323951408,0.0,0.0,1.2786210906184632,0.8080183528417071,1.525686471803276,3.230379584120828,0.5148080828065644,2.052883315234147,1.082494554617398,1.313867489869863,1.2435069115017268,0.5714024743191464,0.3587402833738032,0.2424845406230812,1.394739435815738,1.6779326681396938,3.0770992157318244
W0081,6,0.0,2.196403553420519,0.0,0.0,0.8351158097417349,0.3180281070132689,0.0,1.1051207619298993,0.0,2.0388047149300794,0.0,0.0,0.0034690008603781,0.0106368792181211,0.1422129711901669,0.183983097555258,0.0149810460718062,0.4082943876925533,0.1833255628944973,0.2118354256874546,0.4592654550685757,0.2758961777492202,0.1477926724951898,0.0648038526403446,2.165834004963608,2.1107087704700795,3.86818017726394
W0100,0,0.0,0.6,0.6,0.0,0.0,0.6,0.6,0.0,0.6,0.0,0.0,0.0,40.0,0.0,0.0,0.0,0.0,0.0,0.0,0.0,0.0,0.0,0.0,0.0,0.0,0.0,0.0
W0100,3,0.0,3.283892361090175,5.299860008058681,0.0,0.0,1.0963574320715035,2.7508475021975274,0.0,2.1566875586372984,0.0,0.0,0.0,0.0239803110310945,0.4923251692405012,0.3206109780079917,0.8557151579401784,0.269223984651414,0.9645323994384272,0.6842357268040015,0.4349028630561007,1.71449216819469,0.8224364433852162,0.597160598192612,0.9022606111510468,1.4028181724239217,3.733261382278639,3.35477968227848
W0100,6,0.0,1.0198415652033015,2.121533424687476,0.0,0.0,0.3980551069232947,1.1401400878322832,0.0,0.7249191961799875,0.0,0.0,0.0,0.0823185466936898,0.1003263316895484,0.0617302422087768,0.0778772133539228,0.048612138094956,0.1092569140132176,0.0066585952481389,-0.0435101322193617,1.5053761296511263,0.6017457568922355,0.2063892730606883,0.46855371971263,0.3909024351997539,3.1539264883555784,4.256731550976479
W0123,0,0.6,0.6,0.6,0.0,0.0,0.0,0.0,0.6,0.0,0.0,0.0,0.6,40.0,0.0,0.0,0.0,0.0,0.0,0.0,0.0,0.0,0.0,0.0,0.0,0.0,0.0,0.0
W0123,3,4.463603011301099,3.057564411181843,5.195723209470514,0.0,0.0,0.0,0.0,1.3744075884705471,0.0,0.0,0.0,1.769904606401662,-0.016755474206957,0.0785386262460778,0.0886727164132771,0.1750175181586426,0.3336753248487117,1.6374467954922955,0.673933623118457,0.250397250825133,0.5246575226403707,0.6292010040245201,0.7740186782974776,1.3549236403203715,4.516903566839037,1.6191088230776427,3.3795664941747763
W0123,6,1.5333672650441208,0.7694034439178901,1.8554603151908948,0.0,0.0,0.0,0.0,0.5566537058622847,0.0,0.0,0.0,0.6572235005511996,0.0355289035838619,-0.0117219187472473,-0.0272306052843319,-0.037204089131377,-0.0288423472315811,0.0750022697928614,0.0121068544277614,0.0127455289502147,0.1989340786097351,0.3968186981615303,0.2614106730941371,0.7768307542840256,1.8961265933267937,0.9998482556798052,7.205684263147502
W0127,0,0.0,0.0,0.0,0.0,0.0,1.0,0.0,0.0,0.0,1.0,1.0,0.0,40.0,0.0,0.0,0.0,0.0,0.0,0.0,0.0,0.0,0.0,0.0,0.0,0.0,0.0,0.0
W0127,3,0.0,0.0,0.0,0.0,0.0,1.70683000471918,0.0,0.0,0.0,4.218612552394077,5.911291659685663,0.0,1.364907674328516,0.2290732062050781,4.060882257762145,1.3555080818482963,1.034933067302632,1.6841626087404074,1.5511155806424628,2.226885828847207,1.428378013712944,0.4326432182640016,0.1871225849843987,0.1196497697175856,1.1864157109309046,1.3484192805286732,3.6070837063352617
W0127,6,0.0,0.0,0.0,0.0,0.0,0.4141057573933739,0.0,0.0,0.0,1.9405881313387228,4.078342735409935,0.0,-0.0022469358382914,0.0109035895385866,0.1644896253302078,0.2787438497846836,0.5187990300171251,0.1303000712320885,0.4472256048454739,1.7477644974203628,0.4109679206132522,0.3963836526097279,0.0142214062615474,0.0351990001514395,2.352371629834765,3.114046514928457,2.6597377628599985
W0131,0,0.75,0.0,0.0,0.0,0.0,0.0,0.0,0.75,0.75,0.0,0.75,0.0,40.0,0.0,0.0,0.0,0.0,0.0,0.0,0.0,0.0,0.0,0.0,0.0,0.0,0.0,0.0
W0131,3,5.610881217938981,0.0,0.0,0.0,0.0,0.0,0.0,2.403134297383631,3.214948494162822,0.0,2.863648046147209,0.0,0.1209128392880722,0.1490432619625055,0.141195828579628,0.096240163526742,1.0533177053957896,1.0797980016334496,1.501260637783369,0.5038647052739437,0.647572953081519,0.9624414673399024,0.9376937074257932,0.7346706572339211,7.082290634233436,1.0043174912457964,1.942102840425279
W0131,6,1.598650141078803,0.0,0.0,0.0,0.0,0.0,0.0,0.8124307880860624,1.0321426247014092,0.0,1.1901873505207965,0.0,-0.0158902626714875,-0.0290632348826388,-0.043510738235655,0.0947677658848774,0.2451372486087796,0.147246671493742,0.3678270043312517,0.0561691875112699,0.2687647877019796,0.3248290581919862,0.1101689676599541,0.1228860028206586,7.028853043341532,0.5489819468804478,1.8235069547513605
W0155,0,0.6,0.0,0.0,0.6,0.0,0.6,0.0,0.0,0.6,0.0,0.0,0.6,40.0,0.0,0.0,0.0,0.0,0.0,0.0,0.0,0.0,0.0,0.0,0.0,0.0,0.0,0.0
W0155,3,5.244091180086855,0.0,0.0,3.174995606089793,0.0,1.3201693724569907,0.0,0.0,1.9462383646168548,0.0,0.0,1.6240376283715998,0.0446730998712612,0.0925709753839839,0.1497731870762816,0.2117658639822155,1.5383520409912557,0.5122986759663919,1.2316850054806654,1.1477735539101128,1.1457168968517697,0.6558187413337796,0.7467394506218387,1.200613649380844,5.715148023761159,1.09294734264937,1.6203329974214962
W0155,6,1.6252195634234836,0.0,0.0,1.051107096104117,0.0,0.4926428822402234,0.0,0.0,0.6318522842731303,0.0,0.0,0.8102953311605773,-0.0509503016502141,0.0337558188706008,-0.0121475131891333,-0.001112521232323,0.2340866299791006,0.0962849617888419,0.2163945361413179,0.1893867386920512,0.5294664825642993,0.3594057391032204,0.1329650737204513,0.6943608379819015,8.496722962594504,0.2756576153790361,2.5736878036216004
W0178,0,0.0,0.75,0.0,0.75,0.75,0.0,0.0,0.0,0.75,0.0,0.0,0.0,40.0,0.0,0.0,0.0,0.0,0.0,0.0,0.0,0.0,0.0,0.0,0.0,0.0,0.0,0.0
W0178,3,0.0,6.244164700939844,0.0,4.043980816565245,2.4727766572060235,0.0,0.0,0.0,2.817280927997364,0.0,0.0,0.0,0.0077975685978968,0.5693791048560701,0.761337566208155,0.8238413094836935,0.7199290719683401,0.4489689693313398,0.3265979315093579,1.542814050400649,2.10682086508378,0.6661492789752346,0.776677353702024,0.5157330036604219,1.6295029943214727,2.960802167550335,2.704635967554442
W0178,6,0.0,1.529907501581482,0.0,1.6644601400379544,1.2086050711665477,0.0,0.0,0.0,0.9111025720811764,0.0,0.0,0.0,-0.0364952839885406,0.0467140927328798,0.0476464617456258,-0.0070500722126754,0.092370261764251,0.1126899196280242,0.0170141714694883,0.1352896882676548,2.825780298449517,0.1362882649667371,0.1213201687304894,0.0943209919197055,2.3455797316875318,0.9605286841646754,4.6763607515014
W0187,0,0.5,0.5,0.5,0.0,0.0,0.0,0.0,0.5,0.0,0.0,0.5,0.5,40.0,0.0,0.0,0.0,0.0,0.0,0.0,0.0,0.0,0.0,0.0,0.0,0.0,0.0,0.0
W0187,3,4.086587074433421,2.522253318624176,3.998183842776178,0.0,0.0,0.0,0.0,0.9917492048185468,0.0,0.0,1.912414431862013,1.5609576143764512,0.110743536664044,0.1411401123863015,0.1244122429576801,0.1663727405881608,0.4241332425747419,1.189661099455631,0.6433856074621845,0.40249193722415,0.7517973350373282,0.6933931782135954,0.6277907712604003,1.09026347912868,4.138891600548694,2.256497040103606,4.299231481478136
W0187,6,1.5347859281644278,0.5898851460165513,1.8597073346198605,0.0,0.0,0.0,0.0,0.4984834259279694,0.0,0.0,0.7009046172986997,0.5079525720045344,0.0059455293398102,-0.0104927587781826,0.0348576711064804,0.0479673389166895,-0.046224344997041,0.0642245312741752,-0.0115598265171747,0.0230256455850538,0.4440898348545517,0.2321809221066867,0.19380279896243,0.3808426387722726,2.0695460722729573,1.2323231950945963,5.069432821094524
W0198,0,0.0,0.0,1.5,0.0,0.0,0.0,0.0,0.0,1.5,0.0,0.0,0.0,40.0,0.0,0.0,0.0,0.0,0.0,0.0,0.0,0.0,0.0,0.0,0.0,0.0,0.0,0.0
W0198,3,0.0,0.0,8.827116092782855,0.0,0.0,0.0,0.0,0.0,4.814834694021531,0.0,0.0,0.0,0.1283104221838855,0.0767590130030868,0.3090000382233758,0.5253320415166689,0.6862741801780299,0.556993496897938,0.6206484699809334,0.1762604223414338,0.385171963617071,1.260414721177448,1.6393404595294852,1.1399082616293872,0.6724759313620062,4.475237427193052,3.178254661186384
W0198,6,0.0,0.0,2.090243413543645,0.0,0.0,0.0,0.0,0.0,1.653199026097966,0.0,0.0,0.0,-0.0547623079842469,0.0289327666581979,-0.019853599368083,0.0635974647257523,-0.0330723664313416,0.0080882402833383,0.0179038291257315,0.0512269430155268,0.6846478780554295,0.9849710453647632,0.7980887779450745,0.6682633993363811,0.0563695140938159,5.743567004812948,4.545208548830328
W0237,0,0.0,0.0,0.4285714285714285,0.4285714285714285,0.0,0.4285714285714285,0.0,0.4285714285714285,0.4285714285714285,0.4285714285714285,0.0,0.4285714285714285,40.0,0.0,0.0,0.0,0.0,0.0,0.0,0.0,0.0,0.0,0.0,0.0,0.0,0.0,0.0
W0237,3,0.0,0.0,3.9929091982830713,3.553179995762209,0.0,0.7808092784987782,0.0,1.2320466366450766,1.428697521362906,2.025669870189428,0.0,1.502453489301303,0.215713581584941,0.4637211174215634,0.4864519290910724,0.6785458131127273,1.0725624686123862,0.7666444085544631,0.9438981005355658,1.3640402798438824,0.7519317514005665,0.5221132531813069,0.9618840523925531,0.7388538169318398,1.001374914983953,4.122380561793085,3.7703348380044814
W0237,6,0.0,0.0,1.6567275604690372,1.0484246088122686,0.0,0.2868821238535552,0.0,0.4711235207903996,0.5382131076154516,0.7654384165823604,0.0,0.5547033281712439,0.0704876431511551,0.0286486927674227,-0.0146220847108132,-0.0623265681327421,0.0862816633188591,0.062269743735471,0.0019305532122982,0.0236406106179745,0.2978123628236737,0.1950380754668933,0.3498461139319936,0.139840760408123,0.8773424615363555,3.099239701094458,6.674922815949555
W0239,0,0.75,0.0,0.0,0.0,0.0,0.75,0.75,0.0,0.0,0.0,0.75,0.0,40.0,0.0,0.0,0.0,0.0,0.0,0.0,0.0,0.0,0.0,0.0,0.0,0.0,0.0,0.0
W0239,3,5.68941851510816,0.0,0.0,0.0,0.0,1.1611772619123446,2.870437286778263,0.0,0.0,0.0,2.887717789756012,0.0,0.0224739367915024,0.1326071450967438,0.1256567493442594,0.120745431515174,1.2568344088322212,1.7301920072178727,2.474680638174222,0.5525173775091622,0.9743606200194956,0.6117043562901969,0.3280367162249967,0.4577192777561393,6.546735346222468,0.6917913318752461,1.7380887701032866
W0239,6,2.423771362238184,0.0,0.0,0.0,0.0,0.3760188848856914,1.1092726207638175,0.0,0.0,0.0,1.2072432794694636,0.0,-0.0240997999183367,-0.0327925418843858,-0.0005560755167372,-0.0423534974751036,0.6007051632762233,0.3026424393659658,0.3902424133812084,0.0781259112009317,0.4784655454062028,0.552455723562375,0.1865542197453828,0.2116035797754669,8.376148479845217,0.4124891725817691,2.2049940774410617
W0279,0,0.5,0.0,0.0,0.5,0.0,0.0,0.0,0.5,0.5,0.0,0.5,0.5,40.0,0.0,0.0,0.0,0.0,0.0,0.0,0.0,0.0,0.0,0.0,0.0,0.0,0.0,0.0
W0279,3,4.591448847485223,0.0,0.0,2.589999210653685,0.0,0.0,0.0,1.2883787406928544,1.6064852198057442,0.0,1.596450951836173,1.5965388723816407,0.045359694445944,0.202908590875547,0.1653160834944996,0.1479186276440308,1.1231530724094272,0.6571545587557389,1.1093506928694588,0.9699359326143832,0.5595254801327324,0.6592213773619018,0.645605953290355,1.030149585869769,5.38453470461322,1.6741387289511185,2.2620485466553477
W0279,6,2.0164381657967008,0.0,0.0,0.8795602347334269,0.0,0.0,0.0,0.5353137573786716,0.5240485765795773,0.0,0.7562616327220153,0.6004264362658718,0.0351599154786242,0.0022143745689103,0.0211074804080032,0.0840771972646603,0.2147994398261279,0.0604769388442893,0.1931364947316425,0.088294201701317,0.406990735698559,0.3208063251805965,0.0232545524076416,0.268111721276779,7.095556446962198,0.4543455087615005,2.812515443376574
W0306,0,0.0,0.0,0.0,0.4285714285714285,0.4285714285714285,0.4285714285714285,0.4285714285714285,0.0,0.4285714285714285,0.4285714285714285,0.0,0.4285714285714285,40.0,0.0,0.0,0.0,0.0,0.0,0.0,0.0,0.0,0.0,0.0,0.0,0.0,0.0,0.0
W0306,3,0.0,0.0,0.0,4.102495440494054,0.9746715945228388,0.8056801696994981,2.421983468552453,0.0,1.8422181781485936,2.1287314885749025,0.0,1.8457694158361508,0.1462418468914769,1.0990040258659977,1.2583061037245356,0.9789708790809124,2.074791827151612,0.6826328942673446,1.460164930863081,1.846002696228074,1.124266747941024,0.481677778979001,0.475769874840113,0.312935482609699,1.133919022537944,2.5810313365860944,3.817150627129458
W0306,6,0.0,0.0,0.0,1.521815928657363,0.5593339156965027,0.2059732635996114,1.0584090174807517,0.0,0.7083792167774944,1.0575554082477394,0.0,0.6196605943603751,0.1142454316976871,0.0769730654415278,0.1517866095008975,0.0310402042865522,0.2272325891389844,0.1209039734471462,0.0996432664428818,0.2059774322671429,0.5066401707111238,0.1893058401206327,0.1904128312803451,0.0802043659116028,2.06274825085958,1.5210114321743406,5.750268651023554
W0326,0,0.4285714285714285,0.0,0.4285714285714285,0.4285714285714285,0.0,0.0,0.4285714285714285,0.0,0.4285714285714285,0.0,0.4285714285714285,0.4285714285714285,40.0,0.0,0.0,0.0,0.0,0.0,0.0,0.0,0.0,0.0,0.0,0.0,0.0,0.0,0.0
W0326,3,3.3600625479666246,0.0,3.441255119593696,1.8281509308937096,0.0,0.0,1.4395833657590666,0.0,1.324933320594805,0.0,1.5956201485099544,1.08429290343157,0.0241088758001014,0.2345889939166455,0.2395590540002458,0.276313572799882,1.092698319711436,0.60585604048223,0.6385486108214216,0.4885773945515667,0.710189684746343,0.7077817885625739,0.4341848322167932,1.0565756317351245,3.491379624137629,2.267412920043286,3.7637754593780977
W0326,6,1.2448729952072024,0.0,1.1223109290420064,0.7424437949069815,0.0,0.0,0.5670982295117406,0.0,0.3352720532902671,0.0,0.7318901496801802,0.4886247623785026,0.0783921911866346,-0.0385314539453535,0.059692952619629,0.0091407500145431,0.075440079002573,0.0073733809781507,-0.0170254602873469,0.0692774341339463,0.5566293682479244,0.4826304159978993,0.127699559285016,0.6432148311950877,2.34701787327117,1.051834284733833,5.445597696964638
W0433,0,0.6,0.0,0.0,0.0,0.6,0.0,0.6,0.0,0.6,0.6,0.0,0.0,40.0,0.0,0.0,0.0,0.0,0.0,0.0,0.0,0.0,0.0,0.0,0.0,0.0,0.0,0.0
W0433,3,4.721788256754358,0.0,0.0,0.0,0.977391916527429,0.0,3.1788176204166545,0.0,1.97086247766052,1.8516660690554347,0.0,0.0,0.102765894730398,0.1004422250726691,0.2770884203733713,0.3000216510929733,1.30826175952917,1.1721247233473109,3.75009579799607,0.2729359966506439,0.492612138267368,0.7834819841955094,0.5951354912899995,0.5485347715577313,5.380729881629384,0.6959695123773779,2.982226714711074
W0433,6,2.14435950111138,0.0,0.0,0.0,0.4833334848423415,0.0,1.2439776707440449,0.0,0.6782860486532643,0.8340703413394096,0.0,0.0,-0.0254595521635878,0.0024214637418526,0.0638401397462114,0.0170482522253259,0.3715385960652797,0.1449732031177983,0.4980834859481848,0.0531845761805882,0.2941753506926526,0.3509899027102584,0.1224353157422107,0.0688563882673196,6.331177084478735,0.2497746493636355,4.26286062806484
W0458,0,0.4285714285714285,0.0,0.0,0.4285714285714285,0.0,0.4285714285714285,0.4285714285714285,0.4285714285714285,0.0,0.0,0.4285714285714285,0.4285714285714285,40.0,0.0,0.0,0.0,0.0,0.0,0.0,0.0,0.0,0.0,0.0,0.0,0.0,0.0,0.0
W0458,3,5.141930562552779,0.0,0.0,2.5083376214058077,0.0,0.7449581684390184,1.825940473264125,1.2271089616561273,0.0,0.0,1.8330698623731891,1.489550182758213,0.0218814765262286,0.2416947996124125,0.1884430382811925,0.2400401838139473,1.5332624828632389,0.9997207866709108,1.3254231379047074,1.158725098902701,0.9183353504598148,0.6083297408979221,0.4705103300041543,0.6979977357178119,4.906711748282602,1.6534073396535318,2.3171199583617605
W0458,6,1.8171811798025432,0.0,0.0,0.9081637631073656,0.0,0.208531464608574,0.6288806519929171,0.4669991402066486,0.0,0.0,0.537820798843252,0.4653960346432108,-0.0408323570598311,0.0929955611895979,0.0119603144606372,0.0172532183185549,0.2671134934439679,0.1771466076581032,0.0581319595133589,0.1566162651643104,0.3026964691246481,0.2798809839954034,0.0363437299816631,0.2174429552005403,7.1999281994042175,0.4609007737079109,2.885993465997116
W0477,0,0.0,0.0,0.3333333333333333,0.3333333333333333,0.3333333333333333,0.3333333333333333,0.3333333333333333,0.3333333333333333,0.3333333333333333,0.3333333333333333,0.0,0.3333333333333333,40.0,0.0,0.0,0.0,0.0,0.0,0.0,0.0,0.0,0.0,0.0,0.0,0.0,0.0,0.0
W0477,3,0.0,0.0,4.089836945055683,3.3726112533214856,0.7090293105260562,0.5872354530324165,1.7375471286022572,1.0178469301545303,1.0549988618006916,1.456310973859381,0.0,1.2662904984806866,0.1918980189763112,0.5872366542473121,0.6693667359839505,0.9554378928289404,1.3040300894197954,0.9643055169919854,1.3213124911094198,1.1265783012121016,0.8736027641765735,0.4559530642346066,0.6818569694102686,0.529989506765019,1.3265243468642802,3.756572757065352,3.961204579507916
W0477,6,0.0,0.0,1.562515118222688,1.173107093104229,0.4671378178672073,0.1920870055435097,0.6161780608798832,0.3195144335581672,0.3622058940264251,0.6244160135227461,0.0,0.4424392326821345,0.0355791748142241,-0.0341210314499571,0.1234758214371479,0.0306053160490384,0.06269135645273,-0.0409237183206408,-0.0002660582733082,0.0190780438703758,0.3885525879788167,0.1564306887520481,0.0350606068329723,0.0123998131480212,0.8559496742700836,2.4191058167879347,5.577258601883607
W0494,0,0.0,0.0,0.0,0.6,0.0,0.6,0.6,0.6,0.0,0.6,0.0,0.0,40.0,0.0,0.0,0.0,0.0,0.0,0.0,0.0,0.0,0.0,0.0,0.0,0.0,0.0,0.0
W0494,3,0.0,0.0,0.0,4.990324045587724,0.0,1.124877089946513,2.95379728241376,1.7937049212239544,0.0,1.8701148631357063,0.0,0.0,0.1659393001882246,0.5500468693448775,0.9432458968236532,0.9330970613863898,1.3482600888230276,0.7157314237257211,1.3579488828384063,2.269843132318003,0.7021364275978117,0.5106650189282935,0.4970896486293935,0.1478681742847982,1.352320497680548,2.399762007181421,4.66179261522316
W0494,6,0.0,0.0,0.0,2.029763543643444,0.0,0.3085664456702073,1.0588482375569424,0.6969166095491084,0.0,1.0582854342582688,0.0,0.0,-0.0284600908196325,0.094218145484845,0.1210469797940605,0.0370077133481372,0.1565649610418901,0.0920156370420472,0.1015039711925751,0.2689239833166947,0.1477039279974339,0.3064271883025745,0.1063572408162311,0.0659745002203205,2.069006666096908,2.070290645602025,6.3439331648349135
W0534,0,0.0,0.0,0.0,0.5,0.5,0.5,0.5,0.5,0.5,0.0,0.0,0.0,40.0,0.0,0.0,0.0,0.0,0.0,0.0,0.0,0.0,0.0,0.0,0.0,0.0,0.0,0.0
W0534,3,0.0,0.0,0.0,4.478830093486037,1.204952014932473,0.9174807100142988,3.008522224068995,1.7323122862640574,2.0546147174953067,0.0,0.0,0.0,0.4347016457348109,1.8680766196969163,0.7882562379317074,1.285445811072607,2.0638562074371083,0.5878771814847232,1.7336816880188235,1.275547756824151,1.239889226075355,0.5854405236052223,0.551539497476613,0.2726746113850158,1.3419515882055495,2.5259686960600507,2.965757182184245
W0534,6,0.0,0.0,0.0,2.364634938779272,0.697056271844164,0.266013794033344,1.233608224691679,0.8854812728559562,0.8465296842328275,0.0,0.0,0.0,0.1848241918750804,0.0970642336872528,0.0114303364245013,0.0914563966814766,0.2830707932386562,0.1232379045222847,0.0452621042992335,0.1791730964554622,0.739946811979151,0.2244314575834878,0.0700594687717042,0.0801807093390578,2.5323929824758658,1.2780508398824604,5.139686051047332
W0543,0,0.375,0.375,0.375,0.0,0.375,0.375,0.375,0.0,0.0,0.375,0.0,0.375,40.0,0.0,0.0,0.0,0.0,0.0,0.0,0.0,0.0,0.0,0.0,0.0,0.0,0.0,0.0
W0543,3,2.9024347102252315,2.1631467177117143,3.770952769720089,0.0,0.6634894930364001,0.6123570414174843,1.8729097026081356,0.0,0.0,1.3204050648097123,0.0,1.1434700471359198,0.0341931638778474,0.1700710322899044,0.2649345715661186,0.3139125986161333,0.4094700801712336,1.4973180273914288,1.5071137033219275,0.3416605212378151,0.8225708592963197,0.5956599661856753,0.4411775764352348,0.7178022209402758,3.225889442458174,1.9132450358010056,4.711953047852118
W0543,6,1.2653148689209932,0.6200885291641564,1.663040583407513,0.0,0.2980962963487725,0.1932806003353783,0.5006634201146275,0.0,0.0,0.4735387560351781,0.0,0.3511432255878282,-0.0078333952401195,-0.0968229871489481,-0.0268493630376497,0.0128878229616745,-0.02254473862261,0.1969756371982373,-0.0194301168986531,0.0166124374834133,0.4480448495292994,0.2697592722301892,0.0051596643771505,0.16633944125251,2.0341334566646765,0.869928481790877,7.17308600577438
W0586,0,0.375,0.0,0.375,0.375,0.0,0.0,0.375,0.375,0.375,0.0,0.375,0.375,40.0,0.0,0.0,0.0,0.0,0.0,0.0,0.0,0.0,0.0,0.0,0.0,0.0,0.0,0.0
W0586,3,3.317554823681415,0.0,3.7637211055589934,2.1050973297398774,0.0,0.0,1.2061468539952969,0.9627795438951262,1.1403172228727576,0.0,1.4114905393973889,1.1104609950210609,0.0220768320097978,0.1048019484747815,0.1999028568981097,0.2848221648146682,0.8541900452900635,0.7779485644055956,0.6964926865420836,0.6022015473001245,0.5957589400504972,0.7331896984539271,0.5654172767899645,1.1461306823335795,3.888735284830095,2.3630824307934377,3.840137312621758
W0586,6,0.9613293641753378,0.0,1.4108141945542148,0.6309887758178786,0.0,0.0,0.5726212960887731,0.4357466080365046,0.3529644896611097,0.0,0.59684738457259,0.4976799982079525,0.026829873177733,-0.0107205623613388,-0.0296513004687848,0.0568891509752764,0.1193638179127629,-0.0706873905033011,-0.0432078077155748,0.0991123677546329,0.339842066829788,0.3385218192794774,0.137233023737046,0.2894217911323504,2.318578445077767,1.230706380622073,4.746033892178357
W0637,0,0.375,0.375,0.0,0.0,0.0,0.375,0.375,0.375,0.375,0.0,0.375,0.375,40.0,0.0,0.0,0.0,0.0,0.0,0.0,0.0,0.0,0.0,0.0,0.0,0.0,0.0,0.0
W0637,3,3.236003762570132,2.227794352213818,0.0,0.0,0.0,0.6770620518423296,2.113856273195301,1.2205534008102965,1.2114884601456744,0.0,1.553903765790762,1.3219151422109972,0.0448109643247585,0.127242948745665,0.1560173590568734,0.3293739277380885,0.8588555402426022,1.2753165262045714,1.8078333801073232,0.7114188537673438,1.3101945935929171,0.8402168237324729,0.4948313697932988,0.8356503563875421,4.731995382072189,1.3825438926662428,1.514327902948382
W0637,6,1.5031616078387389,0.6651384514054802,0.0,0.0,0.0,0.2333199911812612,0.5322793860215296,0.4634122844555349,0.4342701348592697,0.0,0.6861680437330537,0.4097514235535883,0.0148129193401496,-0.0080077169752723,0.0782689463750111,0.0274828693235666,0.1464998888887806,0.240716396404989,0.2169015723784859,0.0230234754927699,0.3985149583199948,0.2930320581811761,0.1677272677928948,0.2228150358454064,6.286475481435433,0.7493127119612091,2.1054647309184915
W0643,0,0.3333333333333333,0.3333333333333333,0.3333333333333333,0.3333333333333333,0.0,0.3333333333333333,0.3333333333333333,0.3333333333333333,0.3333333333333333,0.0,0.0,0.3333333333333333,40.0,0.0,0.0,0.0,0.0,0.0,0.0,0.0,0.0,0.0,0.0,0.0,0.0,0.0,0.0
W0643,3,3.1015856254807463,1.8541271852715864,1.9745084130157264,2.01796375208653,0.0,0.6846736449559306,1.7073425674465643,0.8188946128264254,0.9928250482092574,0.0,0.0,1.1259611663270677,-0.0404989063523144,0.1315778971945768,0.1510000243576882,0.3348795792686693,0.5581055991102407,0.8502160033532384,0.8220779080844929,0.4968254428965071,1.0924833071427609,0.5689208610931039,0.7429138409003241,1.1139327940636248,3.410835103721784,2.2586660193458625,2.773562804509836
W0643,6,1.3049574731110227,0.4587861885836296,0.979868024057558,0.6185913685413189,0.0,0.2576806811489282,0.5062153210601832,0.3945641144802438,0.2732110554541158,0.0,0.0,0.3502756491725329,-0.0744782502648839,0.1063432541577854,0.0093610913076853,0.0373234873717219,0.0578194638159419,-0.0619188791613312,0.0193332071915037,-0.0045924886201734,0.4989152951178981,0.3726986421455128,0.197621823585659,0.4322987106758303,2.4925323737518568,1.1098713588236686,5.199820522614886
W0647,0,0.0,0.0,0.6,0.6,0.6,0.0,0.0,0.0,0.0,0.0,0.6,0.6,40.0,0.0,0.0,0.0,0.0,0.0,0.0,0.0,0.0,0.0,0.0,0.0,0.0,0.0,0.0
W0647,3,0.0,0.0,5.255341591024301,3.425805147983249,1.4091282098158853,0.0,0.0,0.0,0.0,0.0,3.3107360691616528,2.035911664961499,0.1633454938622469,0.2790895473436849,0.4322536805800994,0.4313279249327932,1.1106201427120317,0.5323141768899577,0.4028014880541316,0.7712224488750674,1.0960003516404138,0.209049619050966,0.4860432814413749,0.756166605516399,1.4948308550192713,3.7774117142428425,3.699128854015393
W0647,6,0.0,0.0,1.7238207927351472,0.9362549504607026,0.6324297394988703,0.0,0.0,0.0,0.0,0.0,0.90607003089469,0.5183846716836804,0.0367401153484319,-0.0383114976502296,-0.0053558428534091,0.0658343046080059,0.033190394479113,0.0156883353822447,0.0229478644136845,0.1129191719805953,1.5854352511584988,0.0059496385026277,0.0651113740895647,0.0816466822614009,0.783720111026571,2.498025642818551,3.845656216915917
W0661,0,0.0,0.3333333333333333,0.0,0.3333333333333333,0.0,0.3333333333333333,0.3333333333333333,0.3333333333333333,0.3333333333333333,0.3333333333333333,0.3333333333333333,0.3333333333333333,40.0,0.0,0.0,0.0,0.0,0.0,0.0,0.0,0.0,0.0,0.0,0.0,0.0,0.0,0.0
W0661,3,0.0,2.8563506029857133,0.0,2.541225647866204,0.0,0.4784728817945375,1.976658266828193,1.1792804852958083,1.2490660944988834,1.5803655591959234,1.6230605345495457,1.4797855922649172,0.0461555950603817,0.3898414629090942,0.6554557886979122,1.2280088897206567,1.0544982105539014,0.8044947371552754,1.1679237029986833,1.8279008461074548,1.132607490688147,0.5881253882062841,0.4342140599689595,0.3691904739553756,1.292267352205155,2.703058753783532,4.190722786631691
W0661,6,0.0,0.9506877315018848,0.0,1.050916176951696,0.0,0.1630257265086966,0.70753804411435,0.3876399276912303,0.5008735786633958,0.605884871731508,0.5364200557227587,0.4272816969505142,0.0785654658187796,0.0509764616181702,-0.0655305240081963,0.0991855498883348,0.0877683088439958,0.111993226216554,0.0934048287527041,0.4747284055443442,0.3834585492266099,0.2108843622039072,0.0002694818705213,0.0890561610985405,2.6313620676355494,2.384722156370988,3.621775965190172
W0679,0,0.5,0.5,0.5,0.0,0.0,0.0,0.0,0.5,0.0,0.5,0.5,0.0,40.0,0.0,0.0,0.0,0.0,0.0,0.0,0.0,0.0,0.0,0.0,0.0,0.0,0.0,0.0
W0679,3,4.483558833622326,1.847531955625768,4.171117086548773,0.0,0.0,0.0,0.0,1.2484663839158852,0.0,1.5451243548667484,1.831743864327594,0.0,0.0586161611241665,0.0802207277954153,0.1913448817160248,0.3499969412587648,0.2419487952950866,1.2260977021203812,0.7212367214617229,0.3634489408808887,0.6132219583397849,0.8818593643509259,0.6319133486810173,0.5191883413341728,4.018293398236099,2.1220119789798155,4.163159801706716
W0679,6,1.4165642951261628,0.747708273569311,1.9115657538450677,0.0,0.0,0.0,0.0,0.4099995107224091,0.0,0.4022441671350071,0.8077860067151496,0.0,0.0655265620620505,0.0250753671311451,0.1264984403046387,0.0263593735480232,0.0095798647209704,-0.0451294914373864,0.0078592681568531,0.0420946358896217,0.3400242906274758,0.596327208776004,0.1709888166531938,0.0687583944942375,2.1186509791326635,1.285091068499385,5.737973076469382
W0726,0,0.0,0.5,0.0,0.0,0.5,0.0,0.5,0.5,0.0,0.0,0.5,0.5,40.0,0.0,0.0,0.0,0.0,0.0,0.0,0.0,0.0,0.0,0.0,0.0,0.0,0.0,0.0
W0726,3,0.0,4.113839751749589,0.0,0.0,0.8987942894352285,0.0,3.16066127180469,1.6577409341929368,0.0,0.0,2.918535253503065,1.6154770324202494,0.0977379616111219,0.9900620332279026,0.4339936854267495,1.3791940466196604,0.8255433899070328,1.941011617620983,1.645695644107936,1.3526588633591168,1.348678206259553,0.3854461140135978,0.1782937080013807,0.386132938792678,1.7275005311896348,1.9701169582968847,2.8758112059135312
W0726,6,0.0,1.6047536006534944,0.0,0.0,0.4613442270652049,0.0,1.0043711022153683,0.7004201609837902,0.0,0.0,1.590747846325763,0.5579985814698372,0.087345330312498,-0.0175522371426072,-0.0416058019203431,0.0760840367521263,0.1453254735538219,0.4179627823538456,0.2009876536556357,0.2239822146488051,1.0053551016560462,0.1889989245313649,0.0335116035361439,0.0911133816862809,2.570913260234467,2.2549383976795347,2.812390328688002
W0731,0,0.0,0.0,0.6,0.6,0.0,0.0,0.0,0.0,0.0,0.6,0.6,0.6,40.0,0.0,0.0,0.0,0.0,0.0,0.0,0.0,0.0,0.0,0.0,0.0,0.0,0.0,0.0
W0731,3,0.0,0.0,4.832149262968651,3.395089693178996,0.0,0.0,0.0,0.0,0.0,2.1476233323235863,2.2013987441637246,1.6128295902543373,0.1786926482715291,0.1494266238592168,0.5479540458116959,0.4421826681845089,0.6786710879816319,0.4287012023770219,0.3419302256601699,1.0793046708510643,0.7370197054107188,0.41565370011414,0.4538676670924359,0.6978487055749061,1.3130157591062197,4.372453870701778,4.476267163264398
W0731,6,0.0,0.0,1.861188529234508,0.9377790510376848,0.0,0.0,0.0,0.0,0.0,0.6474795317482436,0.9085407567036944,0.5679818176369088,0.0580140021629647,-0.061950471100583,-0.0198262708176295,0.0412793479468943,0.0584864879107271,0.0477846083633095,0.0076826758856267,0.0320011739099351,0.47888521785749,0.2602813049597631,0.1512568514554641,0.2112696210978956,1.0997786571300063,3.7699525752136767,6.043160397601808
W0741,0,0.4285714285714285,0.0,0.4285714285714285,0.4285714285714285,0.0,0.4285714285714285,0.0,0.0,0.4285714285714285,0.0,0.4285714285714285,0.4285714285714285,40.0,0.0,0.0,0.0,0.0,0.0,0.0,0.0,0.0,0.0,0.0,0.0,0.0,0.0,0.0
W0741,3,3.984789185613101,0.0,3.429196614860843,2.5229702889400434,0.0,0.7382960898526016,0.0,0.0,1.2604231495350866,0.0,1.780053726408158,1.3254637556145443,0.0172699790315035,0.0305830334187021,0.1763344160574712,0.1537274076699296,0.9272773438306856,0.6957055760062749,0.581108240681798,0.7347692312245738,0.8849723496912225,0.7472336370777308,0.7083575196300967,0.9090594822742212,3.6987975473501216,2.3353913719821806,3.278678510494717
W0741,6,1.587614341735844,0.0,1.5840105673891172,0.7712333972469345,0.0,0.3304721719029944,0.0,0.0,0.4075079612444241,0.0,0.6573344487035114,0.4594523735974427,-0.0067876622731951,-0.0650127769746493,-0.0065495360406658,-0.0199390746975741,0.1026777391001066,0.0316620051101267,-0.0548651137273411,-0.0577054054802782,0.7351764720894807,0.540895678009042,0.1183410688081879,0.3598815140814836,2.153180751390838,1.141533633115368,4.376467912175656
W0760,0,0.0,0.4285714285714285,0.0,0.0,0.4285714285714285,0.0,0.4285714285714285,0.0,0.4285714285714285,0.4285714285714285,0.4285714285714285,0.4285714285714285,40.0,0.0,0.0,0.0,0.0,0.0,0.0,0.0,0.0,0.0,0.0,0.0,0.0,0.0,0.0
W0760,3,0.0,4.341877863178699,0.0,0.0,0.7776385807969415,0.0,2.248431095547188,0.0,1.8629936678929009,1.814686205967527,2.277508959905444,1.809680740702374,0.0182417392110507,0.6411841530243667,0.665495335295698,0.8400571519025111,1.056499794173158,1.1891816340909245,2.1246629649770137,1.1544365416040707,1.3355098690621254,0.6554937183210153,0.2364013197954324,0.3930284405214062,1.2666353988719217,1.723923530194515,2.9304915665954394
W0760,6,0.0,1.0522660429508788,0.0,0.0,0.5172434227638469,0.0,0.867762854011723,0.0,0.5981299929715429,0.926774857195136,1.017863484329805,0.5445510453709282,-0.0178715706993907,0.0684372341235308,0.0270536053318755,0.0090578234832326,0.1407775499407201,0.1667272433968044,0.1864397568250159,0.2787764739165547,0.6761984146721294,0.3195094921336107,0.1076213722501362,0.0838682932435475,2.504064486213036,2.418514530422452,3.364783846464733
W0836,0,0.0,0.5,0.5,0.5,0.5,0.5,0.5,0.0,0.0,0.0,0.0,0.0,40.0,0.0,0.0,0.0,0.0,0.0,0.0,0.0,0.0,0.0,0.0,0.0,0.0,0.0,0.0
W0836,3,0.0,3.2143786624890542,5.12487662982385,2.7585356020096,1.0138523398607475,0.7849979433356444,2.377937534279457,0.0,0.0,0.0,0.0,0.0,0.0354805542662104,0.3257535455624096,0.4418299503705266,0.494937378451643,0.4816629416601199,0.6913080666740791,0.4226181301472031,0.9501794197793064,2.0307166270492423,0.4262281429850174,0.3666351973136423,0.7523424125104659,1.1781886795409025,3.6227572685494938,3.3708030222307985
W0836,6,0.0,0.934161241694754,1.558798142515597,1.2928381807662548,0.6720817481903135,0.2144361115005637,0.8097777693545878,0.0,0.0,0.0,0.0,0.0,0.0395604989326555,-0.0140238682731867,0.00463048786327,-0.0409362455080744,0.0150006742389071,0.1138960216070966,0.0026960492269963,0.0599412603315109,1.75889207874079,0.1390882561345581,0.0925481897671723,0.1077012399478753,0.8061201295510837,2.282555462896329,5.683150320346995
W0887,0,0.0,0.0,0.3333333333333333,0.3333333333333333,0.3333333333333333,0.0,0.3333333333333333,0.3333333333333333,0.3333333333333333,0.3333333333333333,0.3333333333333333,0.3333333333333333,40.0,0.0,0.0,0.0,0.0,0.0,0.0,0.0,0.0,0.0,0.0,0.0,0.0,0.0,0.0
W0887,3,0.0,0.0,4.004712742729722,2.752115282555728,0.7950438930019378,0.0,1.667883547341739,1.0159477853683851,1.019473892023072,1.5843205236773996,1.513056342456981,1.2294811409299855,0.1009956888534512,0.3351313792074013,0.5756284260104274,0.8690082758377731,1.429576176335008,0.6701177370188366,0.7984758110841406,0.7497970120526485,0.6932539110939709,0.5894636801778578,0.5054006342961141,0.4000399959036116,1.349830035929111,3.0837258824808624,4.110410397952228
W0887,6,0.0,0.0,1.454874957280024,1.0053382631453405,0.3945046577107351,0.0,0.5572757146119982,0.3619488101626458,0.3897421720245406,0.5208798001514574,0.7405190273919416,0.3836749003902255,0.0006361674529649,0.0030160164117424,-0.0027281720291034,0.0177802225542101,0.0818514971727044,0.1115750373346269,-0.0451111357973151,0.1090082795428556,0.4649102415898029,0.1614853337066352,0.1010570391141624,0.0198541006175583,1.1287440589196538,2.503759832201716,4.911617594871585
W0891,0,0.375,0.375,0.375,0.0,0.0,0.0,0.375,0.375,0.0,0.375,0.375,0.375,40.0,0.0,0.0,0.0,0.0,0.0,0.0,0.0,0.0,0.0,0.0,0.0,0.0,0.0,0.0
W0891,3,2.7311447275925964,1.8083049106143796,3.496049381001806,0.0,0.0,0.0,1.4172945738686538,0.6275726478409095,0.0,1.1543948856307469,1.750007350325722,1.3738480049762805,0.0541770960429161,0.1710383178518999,0.2247668795374389,0.2615560998171403,0.4791897364671341,1.295786828315465,0.9485809154820544,0.2789311990097321,0.6623307073735403,0.5622143374871718,0.4917681537855263,0.7484874454138106,3.156281639053781,2.3768596012740453,3.702561696911709
W0891,6,1.4195251252284509,0.5485688840492019,1.4848533769832997,0.0,0.0,0.0,0.4707242457231315,0.3290442144313095,0.0,0.3849333320504141,0.5537388748318607,0.3374826755357942,-0.0443208275222477,0.0366754526836631,0.0094195647845242,-0.0265603895859266,0.1028513569562555,0.058437436985288,0.0140817314352775,0.0041887542142757,0.2984810608236227,0.3130460591584879,0.142759584270648,0.1467185645061016,2.063314399964746,1.5586819183770089,5.746747104353717
W0914,0,0.0,0.0,0.0,0.0,0.0,1.0,0.0,1.0,0.0,1.0,0.0,0.0,40.0,0.0,0.0,0.0,0.0,0.0,0.0,0.0,0.0,0.0,0.0,0.0,0.0,0.0,0.0
W0914,3,0.0,0.0,0.0,0.0,0.0,2.0310163203724296,0.0,3.228701344410601,0.0,5.017225423732416,0.0,0.0,5.240930372733497,0.3839424825959754,0.9860052727848786,2.8888023111694,0.7903071756439118,2.724466488187486,1.944144448086882,0.8715375987982461,0.6111872402595486,0.6071331402583752,0.6298580494860664,0.1110003640314551,0.7762842808015865,1.3822847835994478,3.92141237360842
W0914,6,0.0,0.0,0.0,0.0,0.0,0.8078308936202208,0.0,1.8842323706275832,0.0,2.7234880036807656,0.0,0.0,0.0537830960541814,-0.0031210921173187,0.1587738678753888,0.4876776646239793,0.2552369047637403,0.6914182977797158,1.0599180303270852,0.4085724926670253,0.1221099302895528,0.1579968079459248,0.1254982691211821,0.1052044157395855,1.950341154833488,2.4557604212614543,5.887211512782856
W0952,0,0.0,0.0,0.0,0.0,0.0,0.0,0.75,0.75,0.0,0.75,0.0,0.75,40.0,0.0,0.0,0.0,0.0,0.0,0.0,0.0,0.0,0.0,0.0,0.0,0.0,0.0,0.0
W0952,3,0.0,0.0,0.0,0.0,0.0,0.0,4.01099288712014,1.8947787696082627,0.0,4.082063221754136,0.0,2.573477201700696,0.3079226365804324,1.1966717503746236,0.5907674904692652,1.1723235930195155,1.197105923197264,2.101234341002126,4.035577953794376,0.7039519583712648,0.3088071884170412,0.334618063598293,0.2436613200488212,0.3878229939217288,1.276505285606136,1.8913123159025549,4.669801028329901
W0952,6,0.0,0.0,0.0,0.0,0.0,0.0,1.4494910279394408,0.6543629110487404,0.0,1.9490525110052408,0.0,1.1136344787441317,0.0928463719433451,0.0684900803403211,0.0664710918288485,0.1504152956030412,0.172959749041096,0.6811974641456976,0.6213566619779536,0.2040252493726913,0.1512286142473963,0.1349007479384812,0.0677019075318777,0.0640837147512535,1.9311587058271455,2.774933371330558,6.170517184953335
W0959,0,0.6,0.6,0.0,0.0,0.0,0.6,0.6,0.0,0.0,0.0,0.0,0.6,40.0,0.0,0.0,0.0,0.0,0.0,0.0,0.0,0.0,0.0,0.0,0.0,0.0,0.0,0.0
W0959,3,5.195664289548101,3.2709310665130737,0.0,0.0,0.0,0.8051007287865881,2.4511292528651185,0.0,0.0,0.0,0.0,1.7016718953842165,-0.0498812518147109,0.0833788282362318,0.035391222738259,0.1725997567351849,0.619195203379733,1.424542275240298,1.770685842846309,0.5580969330929657,1.2269816261371815,0.7781535114085734,0.2675491857645775,1.221261135530813,5.570072092679006,0.7598319836148258,1.8247167418075056
W0959,6,1.75448882959833,0.9222356350832408,0.0,0.0,0.0,0.4203482622913809,0.8869588422551026,0.0,0.0,0.0,0.0,0.5080888666735445,-0.0275652109438549,0.080633656098831,-0.0509240574568258,0.0196311712761709,0.0955763306100061,0.4893068935065022,0.3495726044676655,0.0490131776936367,0.7130898299441609,0.3660167848366745,0.0920129620855179,0.5471963734024571,7.34106782128472,0.4524093670341266,2.889008286676662
W0969,0,0.6,0.0,0.0,0.6,0.0,0.0,0.0,0.6,0.6,0.6,0.0,0.0,40.0,0.0,0.0,0.0,0.0,0.0,0.0,0.0,0.0,0.0,0.0,0.0,0.0,0.0,0.0
W0969,3,5.051474998189773,0.0,0.0,3.052303468177538,0.0,0.0,0.0,1.678477618878995,2.1671508611803425,1.955442904439044,0.0,0.0,0.1887367359531022,0.1869512478087419,0.3116361054383195,0.2711848516237847,1.2425838283198916,0.7190877076209637,1.270516941952756,1.2097217114248604,0.4625804290576301,1.130691974659909,1.3356641649814516,0.4979819747367087,5.9228632973349145,1.4044082545071823,3.3798963697750755
W0969,6,1.8722955130644705,0.0,0.0,1.134324218545144,0.0,0.0,0.0,0.5729940455894335,0.7509476936162941,0.8155839068344646,0.0,0.0,-0.0596312716066153,0.0107760315753116,0.0239794794351815,0.0830172954231552,0.1403754680556591,0.0998392405781079,0.0476420623104442,0.1455091308932251,0.2345882794819101,0.7326217966063491,0.2794711339514941,0.1262665473038496,6.0650776813208696,0.3023016321720188,4.427680783687528
W0989,0,0.0,0.0,0.6,0.0,0.6,0.6,0.0,0.0,0.6,0.6,0.0,0.0,40.0,0.0,0.0,0.0,0.0,0.0,0.0,0.0,0.0,0.0,0.0,0.0,0.0,0.0,0.0
W0989,3,0.0,0.0,6.582185411111454,0.0,1.3174667814155896,1.2136728250547653,0.0,0.0,2.389817382738845,2.7631477821919272,0.0,0.0,1.273255345619872,0.4306707256923126,0.8236307392643195,1.1517729494066449,1.0424117531528645,1.3245817325872629,2.3234848549269707,0.4082514256937098,1.010663222596667,0.4620310709075874,0.7573930648498687,0.3347570057418051,0.8944601217850072,3.472897118611296,4.283252125900312
W0989,6,0.0,0.0,2.6614109390643543,0.0,0.6869076795421049,0.3201775192013793,0.0,0.0,1.043807462656499,1.116253838839272,0.0,0.0,-0.0430997051557692,0.0659592851407946,-0.0593050592407547,0.051795793399807,0.0737712407428691,0.0573683408183483,-0.0126657086676526,0.0458985862347427,0.5971022284195597,0.3657513495157427,0.1348626643187907,0.133328821893448,0.3067276101682256,2.770423068836443,6.813621415972077
W1023,0,1.0,0.0,0.0,0.0,1.0,0.0,0.0,0.0,0.0,0.0,1.0,0.0,40.0,0.0,0.0,0.0,0.0,0.0,0.0,0.0,0.0,0.0,0.0,0.0,0.0,0.0,0.0
W1023,3,8.527948588377896,0.0,0.0,0.0,1.4739415098797857,0.0,0.0,0.0,0.0,0.0,5.114389930026026,0.0,0.1324937788870737,0.0851995131171155,0.1726086700115335,0.1973858034882406,1.0823884954279483,1.7079012992093632,1.588202429821501,0.3725406167233495,0.8313869418380627,0.3665945657503769,0.2984092694897402,0.3910563760928066,8.659944375807514,0.5886055818588724,1.5583981246445484
W1023,6,2.2421358207142457,0.0,0.0,0.0,0.6209482736718758,0.0,0.0,0.0,0.0,0.0,1.671320354441486,0.0,0.0405135426463839,0.0593850679143487,0.0262792815230926,-0.0265299032373955,0.4243749030412582,0.2755492200050155,0.7128394140448524,0.094761015243325,0.5323740157608206,0.1804255435975148,0.0943444980672221,0.1120182218243338,8.427036863846613,0.1542960876943607,1.8544859218548588
W1033,0,0.5,0.5,0.5,0.5,0.0,0.0,0.0,0.5,0.0,0.0,0.0,0.5,40.0,0.0,0.0,0.0,0.0,0.0,0.0,0.0,0.0,0.0,0.0,0.0,0.0,0.0,0.0
W1033,3,4.478389205700836,2.467898500863362,3.4067352713598487,2.564694708367762,0.0,0.0,0.0,1.4480365858799285,0.0,0.0,0.0,1.7644314864767248,0.0217572569133639,0.0900626393910594,0.1875993032120369,0.1498067666745128,0.3127900467850569,0.7512041564692311,0.4953905320098876,0.5205596920895372,0.4814127412470963,0.6715342951148501,0.7537448187509574,1.6505748444171824,3.653887461278545,2.340273595458384,3.15709684464131
W1033,6,1.358819463347561,0.6363168388399036,1.227074657358423,0.593550748966131,0.0,0.0,0.0,0.6265543381371912,0.0,0.0,0.0,0.6270352456715866,0.0193183815465259,0.0107702911547358,-0.044431110074384,-0.0076400478077276,0.0330452011510523,-0.0102341431329789,-0.0353163677096388,0.0120229367372813,0.3091813567651094,0.3015573170661531,0.2204615989738553,0.9666136423881996,2.0535763988253413,0.8332441279784194,6.335922367861622
W1052,0,0.6,0.0,0.0,0.6,0.0,0.6,0.0,0.0,0.0,0.0,0.6,0.6,40.0,0.0,0.0,0.0,0.0,0.0,0.0,0.0,0.0,0.0,0.0,0.0,0.0,0.0,0.0
W1052,3,5.378974797814137,0.0,0.0,3.166862034386402,0.0,0.9143292464924464,0.0,0.0,0.0,0.0,2.167603177474466,1.82943189237608,-0.0107436978509711,0.0763893655426853,0.2297360651629065,0.1664350568387741,1.3297194286049805,0.8025172584891996,1.181045194092003,1.6111709073070892,1.1535943371622368,0.6610897266682404,0.492722934614597,1.017917890072048,7.288742035084089,1.3719805865974015,1.9288354921498
W1052,6,2.400200315891457,0.0,0.0,0.9358072369816888,0.0,0.3875242849238623,0.0,0.0,0.0,0.0,0.7856051638288535,0.8685845895032205,0.0596118238650737,0.0040488694043181,0.0275084776302798,0.039645353442459,0.1531671381300518,0.1257673447889776,0.1145641032485643,0.1938573373619106,0.6006106356532309,0.4022067649796328,0.0807611113003751,0.3503465752961934,7.848152386151391,0.3866514262014983,2.3265180168422326
W1056,0,1.0,0.0,0.0,0.0,0.0,0.0,0.0,0.0,1.0,0.0,0.0,1.0,40.0,0.0,0.0,0.0,0.0,0.0,0.0,0.0,0.0,0.0,0.0,0.0,0.0,0.0,0.0
W1056,3,5.790724936466406,0.0,0.0,0.0,0.0,0.0,0.0,0.0,2.670436303561862,0.0,0.0,3.968162490294452,0.0951445342412785,0.1310228674921996,0.0688673737034903,0.0984146243643483,1.3628484063516797,0.6039150156571129,2.1592496062333826,0.3728537201283077,0.6895388780887728,0.7642295736125451,0.5831046510888788,2.137135503069874,8.680211972976702,0.7452921149870524,1.7214894310629718
W1056,6,1.960577835284464,0.0,0.0,0.0,0.0,0.0,0.0,0.0,1.0313931958812923,0.0,0.0,1.351295724101687,-0.0151948581756891,-0.0369942137308287,0.0511319814841868,0.0917758243342532,0.227627343616776,0.1832765301282372,0.6956607048363419,0.1415498942317033,0.3326374408665214,0.4255485623661507,0.1762274926998742,1.192199857326661,7.94776891366276,0.2532607655846332,1.9799086660019956
W1060,0,0.0,0.5,0.0,0.5,0.0,0.0,0.5,0.0,0.5,0.0,0.5,0.5,40.0,0.0,0.0,0.0,0.0,0.0,0.0,0.0,0.0,0.0,0.0,0.0,0.0,0.0,0.0
W1060,3,0.0,4.195175871698339,0.0,2.9758443272149884,0.0,0.0,2.8398625134406146,0.0,2.0501054263618546,0.0,2.3013218118167336,1.6383764646538457,-0.0794165486876385,0.3621606869703138,0.3426872900802321,0.56778437541777,1.0202578589107585,0.5617282830142287,0.7699581754783258,2.7254846707562974,1.5069761906830097,0.5300993666050312,0.2552885085817002,0.6415344153768862,1.6449629787716895,2.9605447383319823,3.2356620059741745
W1060,6,0.0,1.2419914094561455,0.0,1.2955053503504417,0.0,0.0,0.7874225430456226,0.0,0.6677743879270613,0.0,0.7848889648933437,0.4722416451306421,0.0088737917522657,0.0740343575841184,-0.0182340089535254,0.0315328167047245,0.0899728631668746,0.0042155606508895,0.0074612057725739,0.4918465125896572,1.2887069331095695,0.3503296212848007,0.0432047844139565,0.4243599645764211,2.503344213949653,3.015062730370133,3.0247841916241685
W1069,0,0.4285714285714285,0.0,0.4285714285714285,0.4285714285714285,0.0,0.4285714285714285,0.4285714285714285,0.4285714285714285,0.4285714285714285,0.0,0.0,0.0,40.0,0.0,0.0,0.0,0.0,0.0,0.0,0.0,0.0,0.0,0.0,0.0,0.0,0.0,0.0
W1069,3,3.826986425235763,0.0,3.6451823642419625,2.8520116532132187,0.0,0.8313692391575048,1.8308249989689536,1.0592393049139464,1.392794440776384,0.0,0.0,0.0,0.0860542817805198,0.1603320237248367,0.2279372809994777,0.2809382757283183,0.6684697493541449,0.8227554404626326,0.9415250605406366,0.6047996325339761,0.8818926770653893,0.8560622387042359,0.884523842305516,0.9666664554790504,3.4059471694746386,1.954833301103703,3.5452757611326065
W1069,6,1.3866422398639189,0.0,1.4139855819763112,0.82440197135179,0.0,0.2709414795126693,0.7077940295206803,0.4571356481690499,0.4302334331127618,0.0,0.0,0.0,0.0234063574278456,-0.0595979522791902,0.0052310419025847,0.0234614899815687,0.0255270196199902,0.0424521487975737,0.0195410235055684,0.0638814984626134,0.3826393729664492,0.4846285966754512,0.2727011124612247,0.3121873642780689,2.1994812599582634,0.8067856303991356,6.695031696225079
W1088,0,0.0,0.4285714285714285,0.0,0.0,0.0,0.4285714285714285,0.4285714285714285,0.4285714285714285,0.4285714285714285,0.0,0.4285714285714285,0.4285714285714285,40.0,0.0,0.0,0.0,0.0,0.0,0.0,0.0,0.0,0.0,0.0,0.0,0.0,0.0,0.0
W1088,3,0.0,4.305295823026825,0.0,0.0,0.0,0.8217145072184726,2.321556807624792,1.2454610154887409,1.9034323908420503,0.0,2.5977721910264404,1.743060383331239,0.1104204970455846,1.2410400792378136,0.2819622500288476,1.6641444151336209,1.0033552663768797,1.15647924743312,1.8397626525383748,1.6125107125470697,1.4669060589650496,0.4822319391212955,0.3188580451993272,0.4551680422960497,1.615377121229606,2.399588948331865,2.147077924310406
W1088,6,0.0,1.2552419737576144,0.0,0.0,0.0,0.1893395715740432,1.0171492643385214,0.828495708699958,0.6589688641646111,0.0,1.1334520152403205,0.62437513409878,-0.0064745749635447,-0.0108286341812492,0.0637393067817491,0.0688186843341792,0.1847450801507296,0.1757383646837801,0.1806312901622692,0.364052309469805,0.8428356648649715,0.3318599621988033,0.0598122718238688,0.108553694014036,2.71569229956598,3.350863842301707,2.452762187411046
W1124,0,0.4285714285714285,0.4285714285714285,0.0,0.4285714285714285,0.0,0.4285714285714285,0.0,0.4285714285714285,0.0,0.4285714285714285,0.4285714285714285,0.0,40.0,0.0,0.0,0.0,0.0,0.0,0.0,0.0,0.0,0.0,0.0,0.0,0.0,0.0,0.0
W1124,3,4.200933440218348,2.4225528787811683,0.0,2.510266640237153,0.0,0.8361998732930455,0.0,1.1509950824255395,0.0,1.6095702540430523,1.5689134539681775,0.0,0.0028756606676025,0.2016271728258374,0.2898788938623959,0.3487395851185568,0.6082350856974283,1.223477455070509,0.839009122673307,1.374583039335275,0.7681728054999324,0.8004329496059206,0.7666815200994319,0.4497820442398342,4.360429373242303,1.7923968063972011,2.0453131680576693
W1124,6,1.773942745649191,0.7086762761163496,0.0,0.853032188787331,0.0,0.2774548368623555,0.0,0.50946112814641,0.0,0.5057430506710917,0.6669200335870614,0.0,-0.0375893540039475,-0.0098800291584887,-0.0126576175540965,0.0502216320258912,0.1459111707800205,0.1442613543867245,0.0724659670112805,0.1640280032763882,0.2020621521318596,0.6265666009982515,0.2042328228932848,0.1269023391044726,6.364966444718198,0.5171793994042805,3.44195847870906
W1188,0,0.0,0.75,0.0,0.0,0.0,0.75,0.0,0.75,0.0,0.0,0.0,0.75,40.0,0.0,0.0,0.0,0.0,0.0,0.0,0.0,0.0,0.0,0.0,0.0,0.0,0.0,0.0
W1188,3,0.0,5.986152383599597,0.0,0.0,0.0,1.4302090534658791,0.0,2.397546052568142,0.0,0.0,0.0,3.2587838365005304,0.1752772132048063,1.961294083742244,0.5666333511271999,2.2421160256286736,0.6771994863740975,2.1135123502642226,0.8125407983907964,2.0533469351197318,1.7983828467722212,0.4124753406590352,0.3820205760156545,0.4782968560104182,1.4454625172476816,2.5916439721035536,1.229884690102174
W1188,6,0.0,3.646894291149151,0.0,0.0,0.0,0.4084566826901946,0.0,1.4037649255258269,0.0,0.0,0.0,1.384787486521279,-0.0415730102660655,0.3354228696821164,0.0291221827005496,0.0924570113168995,0.1684725139928908,1.1029085915917618,0.24747272258136,0.4582737697833218,0.9504926679894964,0.2257243072519361,0.1298501474688878,0.214809678224296,1.7309351001216535,3.430091760145243,2.1117909674703905
W1229,0,0.0,0.5,0.5,0.0,0.0,0.0,0.0,0.0,0.5,0.5,0.5,0.5,40.0,0.0,0.0,0.0,0.0,0.0,0.0,0.0,0.0,0.0,0.0,0.0,0.0,0.0,0.0
W1229,3,0.0,3.0687017551487403,4.539415876270081,0.0,0.0,0.0,0.0,0.0,2.1484537507138555,1.4611255593008323,2.0429768361576484,1.6400798233101548,0.0008158779454148,0.1479833306972618,0.4205960396888906,0.6661137688862862,0.5170143176007967,0.7157064209531933,0.858936698752655,0.714194225517801,1.0117849151414469,0.5830554147424316,0.5521156333185655,0.7351927359814274,1.2469767373272944,4.059588244941276,3.785617124253827
W1229,6,0.0,0.8467276616950039,1.7224802788958984,0.0,0.0,0.0,0.0,0.0,0.5633982959778964,0.705776128218916,0.8470795624117967,0.6458420840268199,-0.0728619268806382,-0.0448822288228847,0.0065071535388725,0.0204462973314274,0.0127917645791782,0.0539226788220807,0.0351401495404278,-0.0011504485244372,0.8093388340205714,0.4203444198380034,0.1928336279757198,0.3094814378108128,0.848253065656132,4.702706701679401,3.886983184723392
W1241,0,0.0,0.4285714285714285,0.4285714285714285,0.4285714285714285,0.4285714285714285,0.4285714285714285,0.0,0.0,0.0,0.0,0.4285714285714285,0.4285714285714285,40.0,0.0,0.0,0.0,0.0,0.0,0.0,0.0,0.0,0.0,0.0,0.0,0.0,0.0,0.0
W1241,3,0.0,2.796002968586294,4.198429551866963,2.480568291008528,1.124829628088917,0.753724368128646,0.0,0.0,0.0,0.0,1.8962952850935029,1.366822554643919,0.1102673298232226,0.2877753920125165,0.5277207527863579,1.0771018926768472,0.7407488756207661,0.6834470526121643,0.3767795214618398,1.250225711647409,2.062519431127253,0.2846928515626769,0.4157737013175166,0.7788273275683969,1.2598724888834747,3.488331593662195,3.0779750393363643
W1241,6,0.0,0.8081687488827466,1.5551570057372643,0.9547948116654396,0.5477065110856926,0.1715463435891926,0.0,0.0,0.0,0.0,0.7275315612424734,0.4428003870473861,0.0108569777972493,0.0361618371133673,-0.0032885355546961,0.0129849844921197,0.0361754719431679,0.0478722337708891,0.0747902103943554,0.05942122242599,2.9803168970274165,0.1815251443186512,0.0015831763973644,0.1255470699329636,0.9839892645315578,1.8038027240321464,4.280085454195722
W1265,0,0.0,0.4285714285714285,0.0,0.4285714285714285,0.4285714285714285,0.4285714285714285,0.4285714285714285,0.4285714285714285,0.4285714285714285,0.0,0.0,0.0,40.0,0.0,0.0,0.0,0.0,0.0,0.0,0.0,0.0,0.0,0.0,0.0,0.0,0.0,0.0
W1265,3,0.0,2.7548261031750174,0.0,3.496513380475607,0.886293195432414,0.7404647794772847,2.5726147773192687,1.227010991724178,1.594111166987212,0.0,0.0,0.0,0.0526662346144543,1.2562129357611882,0.7308313089235265,1.429651004738354,0.9980548122010936,0.9321411337766424,1.1524124870199233,1.7021581584386496,1.707108669432429,0.5232135157562995,0.5410935018410082,0.2943145882096623,1.484632707633565,2.67225112327333,3.0797659501879147
W1265,6,0.0,1.1703506327409108,0.0,1.5968410940909536,0.6611987363833177,0.2179647738572834,0.9377872329576512,0.7673902451684214,0.7131132017762438,0.0,0.0,0.0,0.0176687598152428,0.0604013633126508,0.0190144833326413,-0.0321953993473098,0.0976870674481229,0.0349849954236585,0.0262205991331549,0.2095189633985053,1.0342981144838517,0.2314670484804961,0.1699208084228279,0.1206752749368492,2.690107531894941,1.570586130212424,4.787293670505668
W1279,0,0.5,0.0,0.5,0.0,0.0,0.5,0.0,0.0,0.5,0.5,0.5,0.0,40.0,0.0,0.0,0.0,0.0,0.0,0.0,0.0,0.0,0.0,0.0,0.0,0.0,0.0,0.0
W1279,3,3.4574197197002228,0.0,4.733945881473444,0.0,0.0,0.6767835186507712,0.0,0.0,1.8576577329210784,1.4428102874580733,2.239316213144952,0.0,0.143527381793781,0.0496130465248363,0.2090009872065224,0.3552795450191333,0.6975592930513,0.9845172712721564,1.482407159402147,0.3497495727778433,0.9465560810843644,0.8746981215457749,0.564266272573274,0.4674532597695033,3.400872845341125,2.0067043836098306,4.018529071660542
W1279,6,1.4533829056521872,0.0,1.970103458536921,0.0,0.0,0.2975390277162478,0.0,0.0,0.4548423075084479,0.4511756634510186,0.7196284038286878,0.0,-0.0022945057790719,-0.0549109798792584,0.0075359800422297,0.0100625005740111,0.0406819818892735,-0.0322550802472409,-0.0361332447622585,0.0362074118278506,0.3924495900343744,0.7144266505292897,0.1677026087431375,0.1302582416310532,1.7108328702460296,1.5635368787799084,6.29108440306781
W1299,0,0.0,0.4285714285714285,0.4285714285714285,0.4285714285714285,0.4285714285714285,0.0,0.4285714285714285,0.0,0.0,0.4285714285714285,0.0,0.4285714285714285,40.0,0.0,0.0,0.0,0.0,0.0,0.0,0.0,0.0,0.0,0.0,0.0,0.0,0.0,0.0
W1299,3,0.0,2.1685811392302186,4.421674842130855,2.724739125279669,0.8565415352304462,0.0,1.6547399598874304,0.0,0.0,1.7883341402205328,0.0,1.415504326022712,0.0876666375903771,0.3836109068621658,0.3954670775172231,0.5820107962773324,0.6057336693781358,0.7891679809779119,0.5306948332881058,0.8445813269101976,0.8491321720331728,0.3958478846491195,0.2624129203789889,0.6618144896619591,1.1317497795489886,3.224585869199129,4.404840347108507
W1299,6,0.0,0.7673079029280969,1.5521468112808066,0.904112480709544,0.5798431021595322,0.0,0.5205743126249102,0.0,0.0,0.4967926614810282,0.0,0.4369285910956856,0.0511053250038202,-0.0735713763093729,-0.0267725920794741,0.1000153904931115,0.0268405511555376,0.0508581319354398,0.0370281576411398,0.0212906642897796,0.6684791683364022,0.2136463283815083,0.1094126119885351,0.0784596680167027,0.8919934659299068,2.1863222642917566,6.578904726063139
W1310,0,0.0,0.0,0.0,0.0,0.6,0.0,0.6,0.0,0.6,0.6,0.6,0.0,40.0,0.0,0.0,0.0,0.0,0.0,0.0,0.0,0.0,0.0,0.0,0.0,0.0,0.0,0.0
W1310,3,0.0,0.0,0.0,0.0,0.7207532435342453,0.0,2.6435264973043844,0.0,2.646863516747884,2.181278814966137,3.5611248483111417,0.0,0.317299757794547,0.3685920212872425,1.3396410548231708,1.1570172281514015,2.512457733482066,0.8752316212876963,3.4625043648009046,0.7154186140096982,0.8656872812433354,0.4290145471946111,0.1896010576918878,0.2447613053541303,1.4976032653283091,1.3711207917395432,4.301327074764735
W1310,6,0.0,0.0,0.0,0.0,0.4573616139742701,0.0,1.601665805535333,0.0,1.0267562200985778,1.1533009272920371,1.900858340182645,0.0,-0.01397209132339,0.0538345553328225,0.0753829731347591,0.09367065570446,0.7356998696317019,0.02239253721887,0.3038378649057119,0.2931394020583586,0.3926047327358978,0.1254577014177743,0.0625729859149669,0.0595953843840159,3.092920531752943,2.2286269313040306,3.743865451097781
W1311,0,0.75,0.0,0.0,0.0,0.0,0.0,0.0,0.75,0.0,0.75,0.0,0.75,40.0,0.0,0.0,0.0,0.0,0.0,0.0,0.0,0.0,0.0,0.0,0.0,0.0,0.0,0.0
W1311,3,5.117445993287256,0.0,0.0,0.0,0.0,0.0,0.0,1.7809314563353675,0.0,3.0068094776063115,0.0,2.5537609297413777,0.1724111802758114,0.1150731568909931,0.1342106317272275,0.1998607502526394,1.0325094787152385,2.0962991236119795,2.110679936058981,0.537723370000675,0.3471925741974497,0.4228801516265608,0.6766056223206256,0.5760967083900448,6.834132781213703,0.5503287242397025,3.119589185465571
W1311,6,2.102373404723426,0.0,0.0,0.0,0.0,0.0,0.0,0.5440593408000319,0.0,1.3204342594973038,0.0,0.8662773101229284,0.0155018805621181,0.0183040865570736,0.0203078630092336,0.0319706911272833,0.0779413495667472,0.4867546481298009,0.6869305869787248,0.0919947438093271,0.0992484755053778,0.2148340713586518,0.1473899834299787,0.1182446312927862,6.66146914998565,0.2257316362958019,4.340179427185695
W1318,0,0.0,0.5,0.0,0.0,0.0,0.5,0.5,0.0,0.0,0.5,0.5,0.5,40.0,0.0,0.0,0.0,0.0,0.0,0.0,0.0,0.0,0.0,0.0,0.0,0.0,0.0,0.0
W1318,3,0.0,4.415490558886541,0.0,0.0,0.0,0.7865523193207103,2.613408110973112,0.0,0.0,2.1550233533915693,2.4101551376143893,1.47370357347589,-0.0146150556109773,0.5033068784753172,0.6471812322783843,0.9706619882349792,0.7737845105526651,1.5970634208927432,2.1151511956906104,1.8546776963920824,1.1928765993126118,0.6149950857641674,0.2663209783817392,0.3635783386089589,1.2819924010462431,2.1704640885633557,3.4128236169396198
W1318,6,0.0,1.5000273341723618,0.0,0.0,0.0,0.2227202303707671,1.0420744096069507,0.0,0.0,1.2430219103847997,1.1249141887457024,0.6346749514759811,0.0823762191668219,0.0229811696174398,0.0042927689444198,0.1077399842435707,0.0505319455376725,0.2213773335751417,0.1853232256456137,0.5106691813582933,0.6162651416135935,0.2849282444465491,0.1322798500886249,0.0369127290774406,2.661456224047583,3.2595957007825778,3.52820791946547
W1352,0,0.0,0.0,0.0,0.0,0.0,1.0,0.0,0.0,0.0,1.0,0.0,1.0,40.0,0.0,0.0,0.0,0.0,0.0,0.0,0.0,0.0,0.0,0.0,0.0,0.0,0.0,0.0
W1352,3,0.0,0.0,0.0,0.0,0.0,1.8375556636601305,0.0,0.0,0.0,5.282243310023199,0.0,3.5659619209279776,1.6234043738229589,0.7867993011473644,1.2151438540161534,1.135801621843307,1.6629324423161962,1.956049031314916,2.1630023140880272,1.7817832863453866,0.9916704954248768,0.3738164857815431,0.3860034849166179,0.1815750035632345,0.5566267458686037,2.1429796456492176,5.631713535445623
W1352,6,0.0,0.0,0.0,0.0,0.0,0.5107079461363238,0.0,0.0,0.0,2.838081508136483,0.0,1.7063300154904388,0.0742165666051636,0.0643800123657029,0.475466741694296,0.1454554101139704,0.2587898664990036,0.444686317235434,1.3058173555493693,1.0115080895752335,0.0920565317738447,0.1651886691774074,0.0925541962082328,0.014216963108269,1.2684381457144351,2.5352308758655324,5.760410204836898
W1371,0,0.4285714285714285,0.0,0.4285714285714285,0.4285714285714285,0.4285714285714285,0.4285714285714285,0.0,0.4285714285714285,0.4285714285714285,0.0,0.0,0.0,40.0,0.0,0.0,0.0,0.0,0.0,0.0,0.0,0.0,0.0,0.0,0.0,0.0,0.0,0.0
W1371,3,4.855820785616499,0.0,4.0122593910483495,2.1716170163454067,1.0935970692720545,0.9243905407870808,0.0,1.2630187128953516,1.3976844903332215,0.0,0.0,0.0,0.1599328570232112,0.1951448156475779,0.2670481948191954,0.2735381975495716,0.9062029614911716,0.9082125865871632,0.9278048717934352,0.6690006998794144,1.119871751222876,0.6781773053480935,1.100415175342416,0.5477724415467761,2.902430091263552,2.072341511684171,3.0754295769251523
W1371,6,1.5931610625340171,0.0,1.587012333165883,0.7138861927378901,0.5514478847299693,0.3245152381463688,0.0,0.4069201002943931,0.5073264817389683,0.0,0.0,0.0,-0.0501510803584107,0.0565479469962677,-0.0342153048705041,0.0295416451340046,0.1146629635188632,0.145529547029427,0.061362341336636,0.0796903517407088,0.4677168808506294,0.2388204608350731,0.2466668362182009,0.1230963796354234,1.6893079744575503,0.460511313729217,6.253774368478062
W1382,0,0.0,0.0,0.6,0.6,0.0,0.0,0.6,0.6,0.0,0.0,0.0,0.6,40.0,0.0,0.0,0.0,0.0,0.0,0.0,0.0,0.0,0.0,0.0,0.0,0.0,0.0,0.0
W1382,3,0.0,0.0,5.626656671697852,4.530998002552673,0.0,0.0,2.401609951852384,1.6141646885856062,0.0,0.0,0.0,2.0707511643007748,0.0139907169925808,0.3674057190064498,0.3600072583174558,0.5373948496630845,0.748525947070461,0.5812182491918114,0.4690412248057623,0.7683374525011015,0.5550412830495723,0.35610962146904,0.4216918583626732,1.0618320165007975,1.1855558472115155,3.7403789377192593,4.2599712562350325
W1382,6,0.0,0.0,1.7204025837834591,1.3851818581198152,0.0,0.0,0.7751032725792957,0.518592080965771,0.0,0.0,0.0,0.4807600353943531,-0.0763730037829451,0.030099925348584,-0.0150741970867218,-0.0141820500759072,0.0091509334829076,0.0726440319704966,-0.0036396196794181,-0.0012562850858264,0.5170112272949895,0.2489080670112892,0.1895726203062329,0.2644523639018807,0.7943505457371627,3.276824823506025,6.7525299249982105
W1410,0,0.0,0.0,1.5,0.0,0.0,0.0,0.0,0.0,0.0,0.0,1.5,0.0,40.0,0.0,0.0,0.0,0.0,0.0,0.0,0.0,0.0,0.0,0.0,0.0,0.0,0.0,0.0
W1410,3,0.0,0.0,10.190167269020586,0.0,0.0,0.0,0.0,0.0,0.0,0.0,5.299159333092083,0.0,0.0624403669103551,-0.0003718714634436,0.1295617952572762,0.5201472352640685,0.405558767679664,0.3870751570385373,0.1881125704337848,0.1837372520519053,0.782775105284379,0.5300176146560979,0.1031720515398029,0.8196009106703963,1.0375225197920894,5.518649788476203,3.128169640971773
W1410,6,0.0,0.0,2.582963942485124,0.0,0.0,0.0,0.0,0.0,0.0,0.0,1.6433538350634689,0.0,0.032910668396747,0.0459051815950879,-0.0036911577144225,0.0142490032474263,0.0893226261619096,-0.0558344890456289,-0.0535884676218373,-0.0095977270105823,1.1317150086889332,0.4641528483830325,-0.0010543068977209,0.1606601621670861,0.4410820370331511,6.620264447900252,2.5890011952218988
W1414,0,0.0,0.4285714285714285,0.4285714285714285,0.4285714285714285,0.4285714285714285,0.0,0.0,0.4285714285714285,0.0,0.0,0.4285714285714285,0.4285714285714285,40.0,0.0,0.0,0.0,0.0,0.0,0.0,0.0,0.0,0.0,0.0,0.0,0.0,0.0,0.0
W1414,3,0.0,2.9593184886020234,3.994644946231861,2.6721220152067517,1.0776435892171123,0.0,0.0,1.19143554306314,0.0,0.0,1.8510479598134872,1.8107550322572217,0.0652254943627289,0.3658572974008497,0.5705340584332405,0.7524906354233283,0.6161579836371405,0.7334624450131485,0.4895063302044628,1.0952852325919884,1.2031107400656549,0.4577966473407396,0.3990300857223432,0.5531487854098047,1.2471456931280742,3.748310237849292,3.1813321085206683
W1414,6,0.0,1.0287825618535789,1.5696313786235931,0.9052358956228488,0.6153436521360568,0.0,0.0,0.4997822380932611,0.0,0.0,0.7851812938081643,0.5091155232603819,0.0222402330461153,-0.0458741233456235,-0.0971564487773398,0.0303526034527114,0.0287946236391084,0.1234459872585095,0.067418492737323,0.061838227493335,1.3300307375332898,0.0507323467499299,0.1764188345607431,0.1000102382339065,1.1452358638308735,2.672924874852537,5.013431002900788
W1484,0,0.4285714285714285,0.0,0.0,0.4285714285714285,0.4285714285714285,0.0,0.0,0.4285714285714285,0.0,0.4285714285714285,0.4285714285714285,0.4285714285714285,40.0,0.0,0.0,0.0,0.0,0.0,0.0,0.0,0.0,0.0,0.0,0.0,0.0,0.0,0.0
W1484,3,4.459952415130445,0.0,0.0,2.414264838936504,0.8590072549192812,0.0,0.0,1.1724960828947335,0.0,1.586882895095932,1.90463155169774,1.6724544914823058,0.1259907222882429,0.1562595543565884,0.4123947344887209,0.2747638335602768,1.510403477776662,1.4417252346923786,1.2909926478383893,1.2938305309212228,0.4899452819690868,0.5785343641341517,0.6434041405493182,0.4604842922370619,5.163454650446294,1.366003704392164,2.228941203094807
W1484,6,1.9482616625026925,0.0,0.0,0.998503766252883,0.4841194868608158,0.0,0.0,0.377545580425267,0.0,0.477073542459445,0.779547254638217,0.4077195743648908,-0.0030841058794071,-0.0219826292265353,0.0218869424613881,0.0983570548248031,0.1250256659216379,0.0419946301770718,0.1303274021999361,0.1848790935601409,0.2540063031506772,0.1647317386240191,0.0870974015717982,0.0750638511429464,5.755413331671796,0.3804085160708317,3.1566045821715503
W1485,0,0.5,0.0,0.5,0.0,0.0,0.0,0.0,0.5,0.5,0.5,0.5,0.0,40.0,0.0,0.0,0.0,0.0,0.0,0.0,0.0,0.0,0.0,0.0,0.0,0.0,0.0,0.0
W1485,3,3.829681338682168,0.0,4.0299390554652605,0.0,0.0,0.0,0.0,1.3017630569379788,1.8924964166387204,1.6190549433145225,2.147095096728992,0.0,0.0661524055912824,0.0592140406543738,0.2900078043291531,0.2999655193420172,0.8529037308479592,0.9048347916754138,1.6106652436298832,0.5053932093678986,0.3188849235573965,0.9413686167854932,0.9548281517200744,0.5298323496035983,3.991353029599753,2.014002271890115,3.540485636140304
W1485,6,1.4534701680602815,0.0,1.9213901672800644,0.0,0.0,0.0,0.0,0.4714402161835482,0.524929722809492,0.5186197118844835,0.934316958465342,0.0,0.00615162828756,0.0307810311798577,-0.0581972287133339,0.0197465042881526,0.0440941361331174,0.0518726866304568,-0.0133946244953173,-0.0433239112508151,0.2273575302515826,0.4776958581601022,0.1356094042373125,0.1433483025767409,1.9489075165585417,1.7427385989237427,4.872033754714652
W1504,0,0.375,0.0,0.375,0.0,0.0,0.375,0.375,0.0,0.375,0.375,0.375,0.375,40.0,0.0,0.0,0.0,0.0,0.0,0.0,0.0,0.0,0.0,0.0,0.0,0.0,0.0,0.0
W1504,3,3.439500669669119,0.0,3.28357483665961,0.0,0.0,0.6231936603857035,1.445492591558161,0.0,1.5148902481973108,1.2331729835080996,1.7477779198730792,1.38684786374449,0.0600028865463081,0.0791943576737764,0.2290011317797859,0.3058099083937295,0.8226606452873535,0.9987503984843766,1.4447158221583511,0.4052536898178497,0.8266942414529124,0.6587208343915996,0.4597013617302247,0.7352478301488082,3.3474932049747443,1.9152876039583495,4.432711251535645
W1504,6,1.1917780516284977,0.0,1.873291640751748,0.0,0.0,0.2131623347793718,0.4611982768420977,0.0,0.3559970108600314,0.4994624122722121,0.7394519482492201,0.457963948078961,0.0369164303792404,-0.0518715401110759,0.0145540022077848,0.0056458903190923,0.0933605083556996,0.0655012520190965,-0.0084192005216375,0.0365886707530529,0.2453769486894771,0.3058873690943263,0.1863029736266942,0.2329053893509025,1.8421488538774964,1.4416981184166466,6.262506272846045
W1507,0,0.0,0.5,0.5,0.0,0.5,0.5,0.5,0.0,0.5,0.0,0.0,0.0,40.0,0.0,0.0,0.0,0.0,0.0,0.0,0.0,0.0,0.0,0.0,0.0,0.0,0.0,0.0
W1507,3,0.0,3.640078401991982,4.534076928688286,0.0,1.0787098123336074,0.791198157254427,2.299462690368287,0.0,1.9093521124713468,0.0,0.0,0.0,0.0274767389550567,0.5752146031704949,0.3738710266806011,1.173783487412421,0.4766555044004426,1.0473254553158042,1.1388149304763024,0.4441507634070584,1.842968178886314,0.5357934809711691,0.4684326027438308,0.5618130515270519,1.2851721601581876,2.811026216221415,2.4144239043429083
W1507,6,0.0,1.138030447991829,1.635049117048034,0.0,0.6365451392985633,0.2406953668015165,1.0865181951396494,0.0,0.5743079376819925,0.0,0.0,0.0,0.0575061390519064,0.0679466010851167,0.065920484850888,0.0257116265822237,0.0292297615881788,0.0303027743373827,0.0206794168582,0.0476450045109322,1.5461154684681429,0.1212650009616924,0.1674502154108608,0.1218637229025643,0.5198956881087761,2.433483118640358,4.280866381795143
W1560,0,0.0,0.0,0.6,0.0,0.6,0.0,0.6,0.6,0.6,0.0,0.0,0.0,40.0,0.0,0.0,0.0,0.0,0.0,0.0,0.0,0.0,0.0,0.0,0.0,0.0,0.0,0.0
W1560,3,0.0,0.0,6.790429600781765,0.0,1.277355692567415,0.0,3.742828823155513,1.5814155085371024,2.1975828332850638,0.0,0.0,0.0,0.1102679917899041,0.6357489430170593,0.4626743476330589,1.182540915009643,0.8709512255236623,1.2378651767482225,1.8880119758924296,0.2678464685147787,0.6635378447086676,0.5942251740129865,0.6156754122255188,0.5595499122995289,1.2651243744992289,2.9431023845175104,3.344930523136866
W1560,6,0.0,0.0,2.1753432995402355,0.0,0.5600991236660295,0.0,1.0803943398420277,0.6087287855022371,0.7897634073272828,0.0,0.0,0.0,0.0389294564464274,0.0315313367496143,0.0290520435832144,0.1305287680147477,0.0138986053611876,0.0587854684717675,0.0815143456068114,-0.0850945532765103,0.3937292281613169,0.0677694882144825,0.1075272235997431,0.1275207391443976,0.3686765655713974,3.323563360531512,6.802344235257801
W1574,0,0.0,0.6,0.0,0.6,0.0,0.6,0.0,0.6,0.0,0.0,0.6,0.0,40.0,0.0,0.0,0.0,0.0,0.0,0.0,0.0,0.0,0.0,0.0,0.0,0.0,0.0,0.0
W1574,3,0.0,3.8491397706602215,0.0,3.3276224222984845,0.0,0.956635211502931,0.0,2.390157296557176,0.0,0.0,2.201152801305202,0.0,0.0326226066496725,0.279454307771304,0.7142136472809623,1.3545562736076182,0.6310283306597994,0.586001190491715,0.6254843096431263,3.132682850818383,1.749644234554271,0.5171345770281568,0.4932594400067157,0.2207861965878201,1.2036712309819515,3.021811387322417,2.618926784757202
W1574,6,0.0,1.6680828189495465,0.0,1.5088271108014388,0.0,0.2969083560592644,0.0,1.1489067895857754,0.0,0.0,0.9968345822773428,0.0,0.0635285863159943,0.0422597225388722,0.0498648086911939,0.0802489689643656,0.128409055420247,0.1050987530107988,0.1887971857289693,0.6958823741402486,0.8360186005571195,0.3576517328850774,0.1129574237541919,0.0699954047276196,2.525945455795707,2.8798582207694308,3.0389042293081063
W1598,0,0.0,0.0,0.0,0.0,0.75,0.75,0.75,0.0,0.0,0.0,0.0,0.75,40.0,0.0,0.0,0.0,0.0,0.0,0.0,0.0,0.0,0.0,0.0,0.0,0.0,0.0,0.0
W1598,3,0.0,0.0,0.0,0.0,1.2679544897711994,1.4662478511849872,4.455190031708753,0.0,0.0,0.0,0.0,2.936064895443731,1.1056213447781462,5.102579562451324,0.3699943264713642,1.7363265540388313,2.0657423308662817,1.2429966369923693,4.015377048584822,0.5325934134051609,1.3218806255894096,0.1751535754167003,0.1204348304077995,0.4628321819780467,0.6960235425607397,0.977972627120714,1.7797408835309023
W1598,6,0.0,0.0,0.0,0.0,0.5034757708186747,0.4197090342724381,2.3992247260215827,0.0,0.0,0.0,0.0,2.025667341608332,-0.0219800252875589,4.621852684487635,0.0097019091274733,0.0861697326490609,2.186536680702267,1.6126571592105947,0.9795582889443868,0.1035443336278097,1.1774277502309265,0.1223381415574364,0.1161560186245698,0.2435741023963432,1.107019413899995,1.433160933624216,3.8305583609710343
W1613,0,0.5,0.0,0.5,0.5,0.5,0.0,0.0,0.5,0.5,0.0,0.0,0.0,40.0,0.0,0.0,0.0,0.0,0.0,0.0,0.0,0.0,0.0,0.0,0.0,0.0,0.0,0.0
W1613,3,4.122449388624365,0.0,3.76285361265008,3.0799015780805568,1.3834962804959603,0.0,0.0,1.401478240976605,1.6378475186805217,0.0,0.0,0.0,0.1199356829023486,0.1374923312057666,0.1958771872999249,0.2696883945282789,0.713501355451262,0.7081459431316824,0.7014623256823265,0.5568355702814741,0.640719380672247,0.8545796605980863,1.3248973450933357,0.6728006592538438,4.342651119022207,2.114736093480904,4.004492716910483
W1613,6,1.292406162669106,0.0,1.5814127860276863,0.7179554117500107,0.7546713375227428,0.0,0.0,0.4539839053126329,0.4583502823275415,0.0,0.0,0.0,-0.0286762335370559,0.0791799911345402,0.0158819985515802,-0.0126686062373518,0.0062138540949024,0.0016791826867767,0.0276847137329158,0.0061177116501549,0.4153550184707997,0.2212490114780476,0.2383674478634751,0.2339890993811193,1.9529295761613168,0.4605101665950453,7.570634971420796
W1616,0,0.375,0.375,0.375,0.375,0.0,0.0,0.0,0.375,0.375,0.0,0.375,0.375,40.0,0.0,0.0,0.0,0.0,0.0,0.0,0.0,0.0,0.0,0.0,0.0,0.0,0.0,0.0
W1616,3,3.528300550551894,2.351829025591889,3.204757404958725,1.8542317243444328,0.0,0.0,0.0,0.9163899120451142,1.1538058102511892,0.0,1.6155393129238875,1.078774236347241,0.0823762460675447,0.0928295769921172,0.1503856894406645,0.3559380301433359,0.515775177749371,0.6657488809716109,0.6439936972405984,0.6547378401384223,0.7027547334458205,0.8322629595255094,0.7011013633893339,1.3530636432775849,3.4664759803423677,2.322661845597298,3.0342966235479456
W1616,6,1.137712007788947,0.5681899775204747,1.2443096066512302,0.5634391047613693,0.0,0.0,0.0,0.4806183493955591,0.361353838100188,0.0,0.5371927920330616,0.4208517721889624,0.0531705631841769,-0.0203808537660669,0.054208302467478,-0.0572234354653569,-0.0593927722212973,0.0100689306835264,0.0520065958313365,0.0267554337921977,0.3623238209968205,0.4016525673391579,0.0756790258151488,0.424568433209755,2.645426138218024,1.4047557132607165,4.82378047829522
W1656,0,0.4285714285714285,0.4285714285714285,0.4285714285714285,0.4285714285714285,0.4285714285714285,0.0,0.0,0.4285714285714285,0.0,0.0,0.0,0.4285714285714285,40.0,0.0,0.0,0.0,0.0,0.0,0.0,0.0,0.0,0.0,0.0,0.0,0.0,0.0,0.0
W1656,3,3.333117030733577,2.020145383632836,3.443657302360881,2.3496208669441314,0.8999854280095007,0.0,0.0,1.187821928317601,0.0,0.0,0.0,1.27577787340514,-0.0116397460383353,0.1543187761630297,0.2624698641776449,0.2103890448134034,0.421029784072769,0.7978859583444956,0.5812405125700985,0.4470689260658639,0.8625539714802842,0.5543384212953375,0.7401064780446952,1.020358960333493,3.543261198902554,2.115010133172974,3.306064822784137
W1656,6,1.2561337751909862,0.5368074379561383,0.9241203970664988,0.6083260331379812,0.6041438871217821,0.0,0.0,0.3875382195583388,0.0,0.0,0.0,0.3951996661747939,0.0083693076955216,0.0605433814960178,-0.0114252362791675,-0.0442641734112525,-0.0367512888235846,-0.0126036079494869,0.033325372974525,0.0500603379969956,0.5600529457397904,0.2012172615603261,0.258374144683107,0.1737311555025009,2.211223943055967,0.651243950517148,6.106427417807207
W1684,0,0.0,0.0,0.5,0.5,0.5,0.5,0.0,0.0,0.0,0.5,0.5,0.0,40.0,0.0,0.0,0.0,0.0,0.0,0.0,0.0,0.0,0.0,0.0,0.0,0.0,0.0,0.0
W1684,3,0.0,0.0,5.356979753842452,3.6348920050669977,1.032481157393342,0.838702351345438,0.0,0.0,0.0,1.617687229995795,2.533396126026242,0.0,0.1972992384655567,0.2584292762823755,1.0234940318836163,0.8739464525161863,0.9027972059491356,0.5672830575942852,0.7198671289468483,1.0256444132177196,1.3780353635716411,0.462117529639409,0.429172343322557,0.5071232877279249,1.1276556247577585,3.689038062923828,4.147238539451981
W1684,6,0.0,0.0,2.3967608342552342,1.2322212045400505,0.573637046393686,0.2044844587960385,0.0,0.0,0.0,0.6826680455122827,0.75709901858574,0.0,0.1023178478966998,0.0958650327342854,0.0731328484604709,0.0513633464780919,0.0056274219256477,-0.0214688179317826,-0.0485999980066086,0.0755030207547696,0.8292409576437859,0.2370357027465165,0.2058344007404303,0.1362752107948002,1.00869955537443,2.9649348170364025,5.310535942362964
W1724,0,0.0,1.0,0.0,0.0,0.0,1.0,0.0,0.0,0.0,0.0,0.0,1.0,40.0,0.0,0.0,0.0,0.0,0.0,0.0,0.0,0.0,0.0,0.0,0.0,0.0,0.0,0.0
W1724,3,0.0,7.48940718873355,0.0,0.0,0.0,1.368105275144375,0.0,0.0,0.0,0.0,0.0,3.875287366094291,0.0513956951980435,1.2736475545322554,0.5681661807604238,1.545316436460467,0.7020794899931543,2.244195681937275,0.7281185308671139,3.1687336302737337,3.2083481998388352,0.3689306926364689,0.1745476539401439,0.5608047803297787,1.15497036919065,1.6965862138695318,1.5773700897908145
W1724,6,0.0,3.8053586303190303,0.0,0.0,0.0,0.4155224692727269,0.0,0.0,0.0,0.0,0.0,1.204492539412282,0.0427257320495182,0.1182936930893277,0.1519554549462322,0.1136490466178397,0.0503074346348845,0.8445501888525064,0.0937245847154266,1.4352084574477386,3.5603592344523847,0.2178239165703377,0.0420338068964506,0.3544097358907521,1.1607701813898958,2.9578091179469395,1.7707370198162815
W1745,0,0.0,0.6,0.0,0.0,0.6,0.0,0.0,0.6,0.6,0.6,0.0,0.0,40.0,0.0,0.0,0.0,0.0,0.0,0.0,0.0,0.0,0.0,0.0,0.0,0.0,0.0,0.0
W1745,3,0.0,4.985333439967753,0.0,0.0,1.370082967295955,0.0,0.0,1.813848089176294,3.0211867718002203,3.2145392714012684,0.0,0.0,0.4808647616178139,0.6941732930134114,0.9935443319993535,2.421773331453973,0.7512592615191669,1.4689732472970678,1.4586313730359193,0.7844015776699733,1.142058003681329,0.8804761356288716,0.7013713338646598,0.2959665346836753,1.8105263328249024,1.4210796299642334,2.625263045577128
W1745,6,0.0,2.0103372099070524,0.0,0.0,0.8760166409221004,0.0,0.0,0.8376342037276804,1.048571076274766,1.4442662343238846,0.0,0.0,0.0397746877409376,0.0812990938381514,0.0404118596428853,0.0336290516451806,0.0880652516737295,0.0458842727740494,0.1836504211528843,0.1461029127666694,0.3004898354919854,0.2049239868828342,0.1893234573323222,0.0481245490789769,2.8097983713212056,1.7756150562802897,3.616216927330656
W1748,0,0.4285714285714285,0.4285714285714285,0.4285714285714285,0.0,0.4285714285714285,0.0,0.0,0.0,0.0,0.4285714285714285,0.4285714285714285,0.4285714285714285,40.0,0.0,0.0,0.0,0.0,0.0,0.0,0.0,0.0,0.0,0.0,0.0,0.0,0.0,0.0
W1748,3,3.7112583912149977,2.249068346651164,3.898230257793727,0.0,0.930498381486342,0.0,0.0,0.0,0.0,1.411438824126095,1.521641248546798,1.1103809002711158,-0.0094294339372009,0.1098838036853032,0.2517313946234714,0.2553192398698157,0.3649304658315633,1.1028383409223066,1.047747991965723,0.5078559770186235,0.8866046951458066,0.5336558147690335,0.4646197265303025,0.7143072948478779,4.069812154182965,1.9631895654159488,3.909646349879809
W1748,6,1.2827526222511467,0.6607464666095775,1.9379437784982871,0.0,0.376804238882153,0.0,0.0,0.0,0.0,0.5041153287490474,0.6972806799898683,0.4131347152696032,0.0636009894200433,-0.0603377849226767,-0.0576815668626576,-0.0825613363097505,0.0194122054182682,0.0034728032913785,-0.0187039226656933,0.0464227265894914,0.3533830227079236,0.2329782468732119,0.0887774641641366,0.1223626375860969,2.1819472566259077,1.0653402073283955,5.949001073900072
W1760,0,1.0,0.0,0.0,0.0,0.0,0.0,0.0,1.0,0.0,1.0,0.0,0.0,40.0,0.0,0.0,0.0,0.0,0.0,0.0,0.0,0.0,0.0,0.0,0.0,0.0,0.0,0.0
W1760,3,6.614946979656931,0.0,0.0,0.0,0.0,0.0,0.0,2.150135960354062,0.0,3.390805008422784,0.0,0.0,1.0108106413967115,0.1045312233740621,0.1887853142243255,0.4220918074757305,0.6705408240598826,1.7479008705760366,2.4365647678494056,0.2480194031055135,0.3122241681785185,0.9743953019950666,1.2800907575677651,0.4490933138728166,6.4348594899621725,0.4195549121250836,3.772357414632256
W1760,6,2.263566017953074,0.0,0.0,0.0,0.0,0.0,0.0,0.8848140662163956,0.0,1.4381442262916866,0.0,0.0,-0.0069031948950857,0.0930752811210284,-0.0152099610796128,0.0530906130151462,0.1516957198655093,0.4315363278461788,0.5742242829700794,0.1904508109647797,0.2037406883140287,0.6124617963839118,0.1891128426332456,0.0631841346807782,7.651392752992091,0.1092872525043081,5.1367982541387205
W1765,0,0.0,0.6,0.0,0.0,0.6,0.0,0.6,0.0,0.0,0.6,0.0,0.6,40.0,0.0,0.0,0.0,0.0,0.0,0.0,0.0,0.0,0.0,0.0,0.0,0.0,0.0,0.0
W1765,3,0.0,4.707483727082119,0.0,0.0,1.1523933686155956,0.0,2.9744539835743327,0.0,0.0,2.5401286603546565,0.0,2.299320207989508,0.0230685283694436,0.7026569276305804,0.7868972489634483,1.3121968328298492,0.5640578688310527,2.1482639196505287,2.376343790440021,1.0826818844292954,1.1703421537417358,0.6282428169064777,0.2708383702269172,0.4711444981643995,1.3643774249377838,1.933960614693509,3.52901949898476
W1765,6,0.0,1.8662018151211053,0.0,0.0,0.5446082660535696,0.0,1.0104530967546537,0.0,0.0,1.617303523468702,0.0,0.8236447601969373,0.0974441000498583,0.0245315044599759,0.0309957805108038,0.0385653759098101,-0.0290031413482428,0.5296723096832787,0.1245470192798684,0.1331866107995937,0.4646769779667213,0.1680589100815289,0.0601219629433571,0.1841132978645608,2.1020581219661065,1.6640934878279623,4.283273485279661
W1781,0,0.375,0.375,0.375,0.0,0.375,0.0,0.375,0.375,0.375,0.0,0.0,0.375,40.0,0.0,0.0,0.0,0.0,0.0,0.0,0.0,0.0,0.0,0.0,0.0,0.0,0.0,0.0
W1781,3,3.891983341867895,2.273363408262965,3.221966889183059,0.0,0.9237116634379174,0.0,1.9157003349371995,0.975013646872676,1.219924286429064,0.0,0.0,1.1070282629789323,0.029125179210973,0.2223072846786244,0.1806022704355559,0.3006481736121503,0.4861248905699679,1.3097865809262328,1.3865444262695332,0.3598872184933595,0.8918601007272104,0.5765110070333276,0.559282183456175,0.9005174112470467,3.587334970350498,1.6964147883867804,2.661268294851737
W1781,6,1.311966496122018,0.472399203026819,1.1339855541589503,0.0,0.5183287333617527,0.0,0.5501935590231534,0.3178572378483486,0.3265673626699965,0.0,0.0,0.4060970296069192,0.0177790587945574,-0.0163427506151197,0.0535444237305789,-0.0016950514550804,0.0976247264585703,0.1428810883365603,0.0042308360716895,0.0560641617054423,0.5290696735490431,0.2277247534426089,0.1147367306084761,0.285302088927655,2.211437979506995,0.7888346702609181,6.210468243134844
W1795,0,0.75,0.0,0.0,0.0,0.0,0.0,0.75,0.0,0.0,0.0,0.75,0.75,40.0,0.0,0.0,0.0,0.0,0.0,0.0,0.0,0.0,0.0,0.0,0.0,0.0,0.0,0.0
W1795,3,4.9900470087874735,0.0,0.0,0.0,0.0,0.0,2.444435072429589,0.0,0.0,0.0,2.8254777462260985,2.6927732622860514,-0.0103122622609247,0.100971603008788,0.0439848691007659,0.1586009580523366,1.468064773935767,1.5333879407943136,1.942449827632144,0.3939401654669625,0.7590195807003699,0.4741596535057685,0.2399628115854131,0.909594823994215,7.1147174382370375,0.5715591070908496,2.288907971413666
W1795,6,2.383491127632161,0.0,0.0,0.0,0.0,0.0,0.979789961150991,0.0,0.0,0.0,1.0398222135424564,0.7475974029145641,0.0670232987208827,0.0726369426923695,0.0429926197728777,0.0345844240729155,0.310254224528792,0.3450774971150775,0.4095233195867299,0.0958968599374131,0.4810945102319868,0.290502209191442,-0.014602467486762,0.2722520961357907,7.769895041803655,0.3990800532889394,1.9579188707694628
W1837,0,0.0,0.0,0.4285714285714285,0.0,0.4285714285714285,0.4285714285714285,0.4285714285714285,0.4285714285714285,0.0,0.4285714285714285,0.0,0.4285714285714285,40.0,0.0,0.0,0.0,0.0,0.0,0.0,0.0,0.0,0.0,0.0,0.0,0.0,0.0,0.0
W1837,3,0.0,0.0,5.426290981903611,0.0,0.7253829843523997,0.7611995255801697,2.386311845350722,1.1557242530859324,0.0,1.856564158507538,0.0,1.7961832906157515,0.3310108970218475,0.7893389256165313,0.5102590295376009,1.2633373788059266,0.8802105188344173,2.068753609241507,2.6699815186413947,0.4716600528996022,0.758428525269607,0.3422458167415361,0.4267808558649814,0.6013354722171151,1.0670825208110517,3.55374429197762,4.073681472777213
W1837,6,0.0,0.0,2.782941645341764,0.0,0.3548472757514384,0.2031619375040854,0.6254300529254022,0.38837726647833,0.0,0.8287715179250331,0.0,0.5045102568180078,-0.0894876052104457,-0.0040393622129381,-0.0012943015215862,0.0891359287540808,0.0642187840952329,0.1043754985859148,0.0038621855879651,0.0063144332983844,0.3937681091815544,0.071840754920702,0.1282845720708383,0.1143992569164584,0.576864061130774,3.834297628314864,7.477872397024626
W1859,0,0.5,0.5,0.5,0.0,0.0,0.0,0.5,0.5,0.0,0.0,0.0,0.5,40.0,0.0,0.0,0.0,0.0,0.0,0.0,0.0,0.0,0.0,0.0,0.0,0.0,0.0,0.0
W1859,3,3.795935769189788,2.157417799754763,4.722073544596801,0.0,0.0,0.0,2.062746487692142,1.08304270660063,0.0,0.0,0.0,1.812804542467028,0.0205839637389343,0.1200098196389687,0.1192084959983925,0.2367936442669385,0.3901751061548583,1.3780454515384573,0.9495902979696476,0.1485030262562032,0.6891959445293285,0.6064321925829806,0.4249336480065738,1.0151183330464226,3.6030434148953128,2.068875025846454,3.7070806574263138
W1859,6,1.5259067253174692,0.6571445885626301,1.372371367957641,0.0,0.0,0.0,0.70533362151562,0.5439182140654047,0.0,0.0,0.0,0.5118693762840152,0.047448517374283,-0.0075304810633011,0.026134399465521,0.0386488965124984,0.0715466350552705,0.1410141239723814,0.0109399503723825,-6.546770339253827e-05,0.3406980025817511,0.347469884098721,0.1328118814207031,0.560681255319631,2.1537659461490937,0.9186862266747534,5.589970163140834
W1878,0,0.0,0.0,0.0,1.5,0.0,0.0,0.0,0.0,1.5,0.0,0.0,0.0,40.0,0.0,0.0,0.0,0.0,0.0,0.0,0.0,0.0,0.0,0.0,0.0,0.0,0.0,0.0
W1878,3,0.0,0.0,0.0,8.25572473659478,0.0,0.0,0.0,0.0,5.059391181555865,0.0,0.0,0.0,0.11656341309116,0.4795996995027838,0.6140692779398823,0.3690505011306707,2.0247590292485067,0.1741372903738736,0.4705366328597213,2.7859545667502337,0.5634773511928708,1.3462603719322075,1.976886917870396,0.7814781124971174,0.9227055156727166,2.8121060732521395,2.258141015329929
W1878,6,0.0,0.0,0.0,2.722477125377924,0.0,0.0,0.0,0.0,2.888252857847913,0.0,0.0,0.0,0.0055277151379772,0.0745995693803376,0.0561054942672284,0.094615821910293,0.2478838548334577,0.0995794356316623,0.0967782887525005,0.460059176017353,0.8153291020659013,1.3980698226068164,0.855466547584347,0.9960413625878451,2.4841539075962964,1.490133296642575,3.0599990964048014
W1898,0,0.0,0.5,0.0,0.0,0.5,0.0,0.5,0.5,0.0,0.5,0.5,0.0,40.0,0.0,0.0,0.0,0.0,0.0,0.0,0.0,0.0,0.0,0.0,0.0,0.0,0.0,0.0
W1898,3,0.0,4.373970879684211,0.0,0.0,0.9982197425272026,0.0,2.5431525196898206,1.8386744168590108,0.0,1.986853583434643,2.2305991551432074,0.0,-0.0229282943470777,0.5157266907882646,0.9554517233292296,1.8331748368652687,0.8025543362265256,1.819098338715628,2.0537880615426127,1.1160574930012512,0.9370339773413277,0.5737787174713426,0.2276856305783991,0.32093700219471,1.7689437826864838,1.7105427313378645,2.911917492079528
W1898,6,0.0,1.522708648920421,0.0,0.0,0.4682609489085146,0.0,0.9741534114951104,0.6597944657682402,0.0,1.0296550691578077,1.1558600162298036,0.0,-0.0308285140968189,-0.0323754365476712,0.0067110684922873,0.0429443267889199,0.0308158780141507,0.2086018694002298,0.1852611996239203,0.119784071118985,0.3835629169036507,0.2855919212857921,0.0372448862327335,0.0196665373691111,3.095047605979381,2.5566568632584943,3.737232472337873
W1907,0,0.0,0.4285714285714285,0.0,0.4285714285714285,0.0,0.4285714285714285,0.4285714285714285,0.0,0.4285714285714285,0.4285714285714285,0.0,0.4285714285714285,40.0,0.0,0.0,0.0,0.0,0.0,0.0,0.0,0.0,0.0,0.0,0.0,0.0,0.0,0.0
W1907,3,0.0,3.428434274463457,0.0,3.115031578730099,0.0,0.6444770641222692,2.351806357111949,0.0,1.6628550453586923,1.765629018785034,0.0,1.7038537654323682,0.033221866251905,0.589022301578254,0.5751247442258808,0.7689999680846339,0.7978722384319635,0.782049312502439,0.9118740642559204,1.9210288241716544,1.0961361098330578,0.7022852009381858,0.375210501229515,0.5163911365513333,1.319796506089869,2.4644715885302517,4.103465932988478
W1907,6,0.0,0.9769677801836096,0.0,1.1645202616782846,0.0,0.2133065429419279,0.9674076030903096,0.0,0.5003337773728515,0.8577843876690749,0.0,0.5661679058352072,0.0098023902728845,0.0619405927728442,0.0116545671444832,0.0280124390835361,0.0459935206612927,0.1441600162175441,0.0540509785487216,0.4912618291546369,0.5751523338632742,0.3557732228583648,0.1441291464693037,0.1817167380992165,2.3470736581719347,2.727523275532884,4.661629779498266
W1912,0,0.0,0.5,0.5,0.5,0.5,0.0,0.0,0.0,0.5,0.0,0.0,0.5,40.0,0.0,0.0,0.0,0.0,0.0,0.0,0.0,0.0,0.0,0.0,0.0,0.0,0.0,0.0
W1912,3,0.0,3.087595183726324,4.241665597258016,3.0010725762983674,1.408990323501497,0.0,0.0,0.0,1.284425929700495,0.0,0.0,1.8023234709524376,0.0699925541995198,0.5639815121529447,0.4145698121563037,0.6256470657604642,0.5375238664202835,0.6639273461495996,0.3554272152740342,0.8042248668063278,1.3457029790393609,0.4165558278068192,0.8074589609137031,1.0543857280589073,1.11002610810492,3.3173480532631734,2.7504625275638253
W1912,6,0.0,0.7895115716228964,1.292154917000912,0.9630203096055836,0.8155367820668052,0.0,0.0,0.0,0.41891642385449,0.0,0.0,0.5377574076475149,0.030701013253479,-0.0233030331052948,0.0414160224769003,0.0319433931824,0.0516599758894017,0.115136263908381,0.0484754171701219,0.1041999217817679,2.29276695345943,0.1229092439761962,0.1136654652177922,0.1358227733692158,0.9049435586156208,1.6671844849554622,5.520812639644196
W1925,0,0.4285714285714285,0.4285714285714285,0.0,0.0,0.0,0.4285714285714285,0.4285714285714285,0.4285714285714285,0.0,0.4285714285714285,0.0,0.4285714285714285,40.0,0.0,0.0,0.0,0.0,0.0,0.0,0.0,0.0,0.0,0.0,0.0,0.0,0.0,0.0
W1925,3,4.658710533809165,1.855792834402734,0.0,0.0,0.0,0.7496564917274686,2.423610347364372,0.8795294794640967,0.0,1.7048974704923758,0.0,1.346470409384345,-0.0181179831015538,0.2032851197721782,0.2145553687752913,0.3662006787386127,0.6478617636341791,1.9495057574698031,2.172917998357912,0.7835588992989515,0.7747493025694197,0.7428863261324736,0.5793338907612532,0.5380232613950293,5.2523323924916925,1.1315647041238015,2.796392504973102
W1925,6,1.3431408541758527,0.7777261969369671,0.0,0.0,0.0,0.21302517100208,0.7079836875243277,0.4648363052840902,0.0,0.7041232799651619,0.0,0.5225114768423995,0.0251343254884224,0.0788356361642681,0.0650277392426644,0.1113768685946789,0.0467933687427849,0.4519494801863244,0.1915561922458402,0.1009624079627963,0.2953018720889709,0.4142150506054038,0.0561818441269032,0.1893082144851296,6.836094868920926,0.4001723179823752,3.637068438799545
W1943,0,0.0,0.5,0.0,0.5,0.0,0.5,0.0,0.5,0.5,0.5,0.0,0.0,40.0,0.0,0.0,0.0,0.0,0.0,0.0,0.0,0.0,0.0,0.0,0.0,0.0,0.0,0.0
W1943,3,0.0,3.6129610772649,0.0,3.594767233792813,0.0,0.9863645563223056,0.0,1.9427779650769368,2.272078190950337,1.9965879332826029,0.0,0.0,0.2074646623375128,0.4357676241074411,0.8808760378327046,1.1694137089057637,0.8719710855321116,0.7607977857843483,0.7056240300215828,1.9589744526791204,0.923508643733558,0.900578320756969,1.212833924799443,0.3194287055851681,1.2505673751404958,3.1897478183051327,3.4683738302219664
W1943,6,0.0,1.4771591448417625,0.0,1.3847493340948769,0.0,0.2520783752510457,0.0,0.9849158065885036,0.8207622395119213,0.8745023506498437,0.0,0.0,-0.0033408929752161,0.0456687306838057,0.0880068586224749,0.1466250746039628,0.0936284331713376,0.0104172666470122,0.0927901421441584,0.4208473957994641,0.3749663438385259,0.5624688921876277,0.2383073376915142,0.0868433606484396,2.3697412721442155,2.4250191354782618,4.0039900309619565
W1983,0,0.5,0.0,0.0,0.5,0.0,0.5,0.0,0.0,0.5,0.5,0.0,0.5,40.0,0.0,0.0,0.0,0.0,0.0,0.0,0.0,0.0,0.0,0.0,0.0,0.0,0.0,0.0
W1983,3,4.3491375059253645,0.0,0.0,3.163476182867132,0.0,1.067685570813315,0.0,0.0,1.5641312522225437,2.2745579982587403,0.0,1.732083375212819,0.1161214240281397,0.1909720960840133,0.1140853738076478,0.2225702775186278,1.392390066510162,0.7216163390602907,1.2630687427398393,1.2958263714775258,0.9487974555775888,0.8113605456592484,0.8946799873734006,0.6828369924939925,5.051192948496356,1.4799865613953511,3.465806879835853
W1983,6,2.512511006097123,0.0,0.0,0.9345133539458024,0.0,0.2784495892157358,0.0,0.0,0.4384157718031907,0.7095857898682505,0.0,0.6959030208204721,0.1368963327723179,-0.0336146267362298,-0.0099192530629138,0.0380006753029678,0.1560592134300337,0.0254075729874644,0.2226652134365422,0.1967329984239205,0.2472765999578734,0.4429391530544692,0.2064001333277842,0.3062395236214269,6.213616620470037,0.388638746685281,3.413115279281912
W2057,0,0.375,0.0,0.375,0.375,0.375,0.0,0.375,0.0,0.375,0.0,0.375,0.375,40.0,0.0,0.0,0.0,0.0,0.0,0.0,0.0,0.0,0.0,0.0,0.0,0.0,0.0,0.0
W2057,3,3.61111616243043,0.0,3.546636336785296,1.790679946016705,0.9070039666974568,0.0,1.337771882696286,0.0,1.1385534911388082,0.0,1.5946912455796494,0.9130071914530156,0.0633515292990652,0.0996511581857965,0.2434784607535117,0.2707912313642351,1.0128014262688625,0.6907070316510507,0.6903105643755333,0.5264025999564337,0.9232656742762226,0.6176711052053283,0.3838212135158265,0.7952329181244067,3.237045905020614,2.030208125251837,3.8564088505761207
W2057,6,1.1482057693659742,0.0,1.231342420154337,0.5731243982938906,0.4842238069170271,0.0,0.4228628560210311,0.0,0.3774450617474406,0.0,0.6088897018544245,0.3118564475785215,-0.0614872420453252,0.0825573037218251,-0.027368434658783,0.0245064851269951,0.0474752832883684,0.0344944028118999,0.027397164617971,-0.0094537062551657,0.7014732326202406,0.1760484792714567,0.1828015167224253,0.2915108982633423,2.577288198599863,0.918856351968955,5.352121329030433
W2092,0,0.375,0.375,0.0,0.0,0.375,0.375,0.375,0.375,0.0,0.0,0.375,0.375,40.0,0.0,0.0,0.0,0.0,0.0,0.0,0.0,0.0,0.0,0.0,0.0,0.0,0.0,0.0
W2092,3,5.666152534636126,2.216861184739646,0.0,0.0,0.7985425136759757,0.6691613702802962,1.7134934315162915,0.8378812808059538,0.0,0.0,1.579576656177405,1.4028524307066743,-0.0772002398245536,0.0838487391001696,0.0747701983202531,0.1779128950046963,0.7914014368725264,1.7495937772490795,1.883637551525116,0.6877933283132291,1.376207312687808,0.6158940161467439,0.4734650570252151,0.6220456310178656,5.464479637590907,0.9944710524178672,1.644797977162204
W2092,6,1.986329670647657,0.8355011121675646,0.0,0.0,0.3706906431022041,0.2007815813269187,0.4872126810157308,0.3531020160033849,0.0,0.0,0.5722590856129431,0.3527125072679234,0.0773188969383265,0.0341010874432054,0.0131645211115498,0.0149576963517715,0.0982090192751277,0.4320741869791267,0.3143372388264329,0.0662731349891832,0.3643390622914467,0.2265550823050222,0.0909904742555783,0.1350086587682196,7.57776565493005,0.5353109865396837,2.547409846474836
W2099,0,0.3333333333333333,0.3333333333333333,0.3333333333333333,0.3333333333333333,0.3333333333333333,0.3333333333333333,0.0,0.3333333333333333,0.3333333333333333,0.0,0.0,0.3333333333333333,40.0,0.0,0.0,0.0,0.0,0.0,0.0,0.0,0.0,0.0,0.0,0.0,0.0,0.0,0.0
W2099,3,3.6168134859974432,2.158964100299661,3.027569555136677,1.997703995733208,0.8768210002195224,0.6409303588511626,0.0,0.8941388116543102,1.0797235518991006,0.0,0.0,1.035674602346048,0.029889267337907,0.2710655673729664,0.2367091797775997,0.3197318765664257,0.6475984110824446,0.9383568653320068,0.8111014260354089,0.7162729728161161,1.1416648404778158,0.5928871395315475,0.7240846864066478,0.7886815185419642,3.818813770230654,2.197886052041905,2.758992069367205
W2099,6,1.3771536181408768,0.5005142630016405,1.3045272606279752,0.6270678306589079,0.5040960529598276,0.2454201940679889,0.0,0.2985160258588237,0.3221462627412616,0.0,0.0,0.3330702508494779,3.4995451904344145e-05,-0.0271065411904168,0.0923209475652954,-0.0206998005531907,0.0205842172461158,0.1026926847779481,-0.0130179911599958,0.1166176628834205,0.4582724902103339,0.2123360952043193,0.2449846355188024,0.2227540412496211,2.224365339677392,0.8491037127447884,6.677039275432579
W2120,0,0.75,0.75,0.0,0.0,0.75,0.0,0.0,0.0,0.75,0.0,0.0,0.0,40.0,0.0,0.0,0.0,0.0,0.0,0.0,0.0,0.0,0.0,0.0,0.0,0.0,0.0,0.0
W2120,3,5.553635890642475,3.56502031245016,0.0,0.0,1.9809604302527224,0.0,0.0,0.0,2.331879148570692,0.0,0.0,0.0,0.0027325575670401,0.0363058827342434,0.1168604679180847,0.1647564580511076,0.465240916304225,0.8737465056370974,1.7702649936619737,0.4106645660752836,1.2278716678221917,1.0543847671803717,0.7872891851824815,0.7173711101570374,8.137845548662016,0.5995861423312634,1.4350509384104813
W2120,6,2.148629055448887,1.0469645656819029,0.0,0.0,1.1219339241390118,0.0,0.0,0.0,0.7183620904531003,0.0,0.0,0.0,0.0120206326809182,-0.0098281757894299,0.0351381408142006,-0.0148760783287605,0.0896978111666633,0.1707457387802397,0.1483422462044185,0.0180436071623665,0.7526122711491441,0.2272750057959823,0.1390319804174137,0.2193138546580506,8.177663371124906,0.0846453338116078,2.028034960770513
W2162,0,0.5,0.5,0.0,0.5,0.0,0.0,0.0,0.5,0.0,0.0,0.5,0.5,40.0,0.0,0.0,0.0,0.0,0.0,0.0,0.0,0.0,0.0,0.0,0.0,0.0,0.0,0.0
W2162,3,5.849966164263625,2.7906639776168376,0.0,2.1508167513437,0.0,0.0,0.0,1.4540143317410363,0.0,0.0,1.9847253253392876,1.426381858719321,0.0446691365422501,0.1239229808441854,0.16157184501687,0.1946452913518969,0.636843036059708,0.9005882671750035,0.7441430408746589,1.2684190324769171,0.5303597061720551,0.713404195458841,0.4923741480882698,0.9974705200621308,7.017191833612134,1.5418412523645402,2.115371276775116
W2162,6,1.8000573285237889,0.8317748875802339,0.0,0.7025087900967683,0.0,0.0,0.0,0.6310372799612141,0.0,0.0,0.6443972183262088,0.4777177635558648,-0.0168201086544999,0.0607226049757375,0.026711380261191,0.0670933028412783,0.0529230026027006,0.083549371865239,0.0638481908054974,0.0608952930984609,0.3702299787660517,0.4713384449460012,0.1240261047660146,0.3918647196705236,5.954398267275077,0.5534133542148332,2.6351693477947
W2176,0,0.0,0.0,0.0,0.5,0.5,0.5,0.0,0.0,0.0,0.5,0.5,0.5,40.0,0.0,0.0,0.0,0.0,0.0,0.0,0.0,0.0,0.0,0.0,0.0,0.0,0.0,0.0
W2176,3,0.0,0.0,0.0,3.672095844415363,1.037516473589447,0.8275535121965221,0.0,0.0,0.0,2.5654873898643515,3.02311841397352,2.1077449633309544,0.3644112668048569,0.6201912691492064,2.0195977293350444,0.8466580956929586,1.6688392946373674,1.0871254361295188,1.1111372212608055,2.889446086332511,1.338460392950201,0.2886376951462733,0.3215160843358168,0.2754346666797718,1.0263490732934586,2.2830885705335064,4.840248687847311
W2176,6,0.0,0.0,0.0,1.4626341196469592,0.6997662532933066,0.268691411486217,0.0,0.0,0.0,1.0166691756234316,1.2976924903110372,0.693357858545463,-0.0331593658646848,-0.0249726040214,0.2435724039866852,0.0927203506968087,0.3214369754623276,0.1648546207193313,0.0976971519637758,0.5581602261562402,1.028082080506619,0.1502713387709931,0.1089664130944893,-0.0392711252986931,2.917895922536071,1.565610836951023,4.32383981718747
W2208,0,0.0,0.0,1.5,1.5,0.0,0.0,0.0,0.0,0.0,0.0,0.0,0.0,40.0,0.0,0.0,0.0,0.0,0.0,0.0,0.0,0.0,0.0,0.0,0.0,0.0,0.0,0.0
W2208,3,0.0,0.0,7.913163524157322,6.113830257762965,0.0,0.0,0.0,0.0,0.0,0.0,0.0,0.0,0.0880245553583745,0.0913241648962715,0.1309762369499301,0.1869699366759205,0.1848868248942056,0.2434560166523339,-0.0296651214157803,0.3618123308925713,0.6079818492576351,0.3535751563107259,1.5772459481056624,1.3612808138407009,1.0785145453912526,5.410382276299574,4.169517093900535
W2208,6,0.0,0.0,1.9686053965785184,1.7047445628558235,0.0,0.0,0.0,0.0,0.0,0.0,0.0,0.0,0.0709429775480739,0.0222829939111505,0.0452923676454274,0.0892811976449903,0.0070466647349942,0.0553831203511709,-0.0427511576157546,0.0848430375428497,0.7794908209817057,0.3538423816588119,1.342859336138139,1.4571592674835163,0.5802311439798586,2.69956684167784,5.353869681508672
W2305,0,0.4285714285714285,0.4285714285714285,0.0,0.4285714285714285,0.4285714285714285,0.0,0.4285714285714285,0.0,0.4285714285714285,0.0,0.4285714285714285,0.0,40.0,0.0,0.0,0.0,0.0,0.0,0.0,0.0,0.0,0.0,0.0,0.0,0.0,0.0,0.0
W2305,3,4.118878435549123,2.499862996280344,0.0,2.232765729327203,0.911468174877044,0.0,2.1568733445101453,0.0,1.4246193356675,0.0,1.4316653721991843,0.0,0.0111032477057687,0.1181144794590698,0.2395208218552521,0.2280577548842771,0.8099145790187164,0.6912435290380005,0.7920050016298181,0.5827246023687409,1.2121751295692764,0.9321064286701416,0.3650502547574538,0.6202627325403642,5.189155741236979,1.2047951860445594,2.4036359447245177
W2305,6,1.400356475523083,0.7351647890037286,0.0,0.7061379807122282,0.4838620451598018,0.0,0.5104905566616919,0.0,0.4065738595384101,0.0,0.5365617477695505,0.0,-0.0404684173040817,-0.0209901397072598,-0.0595845197811524,0.1100507170770145,0.1021662109916143,0.0969571504399951,0.112479452817606,0.0715377840207664,0.5870602319434375,0.4519237571224825,0.202864341101461,0.2640101581248739,6.84294678379893,0.3660510092158849,2.540441839903244
W2343,0,0.0,0.0,0.375,0.375,0.375,0.375,0.375,0.375,0.0,0.375,0.375,0.0,40.0,0.0,0.0,0.0,0.0,0.0,0.0,0.0,0.0,0.0,0.0,0.0,0.0,0.0,0.0
W2343,3,0.0,0.0,4.932186119954803,2.9269660062242058,0.7147058536676331,0.6804828273877035,2.228446890429633,1.0737629584031534,0.0,1.463954636667316,2.0887837572363344,0.0,0.198799650254442,0.3272485430938528,0.747217521939102,1.0365326917077018,0.9469091502403606,0.8150676934362924,1.0103002382004602,0.7874258787901112,0.9950614690654824,0.4018207494565756,0.3872073134135195,0.4112937485879903,1.1854720012551008,3.695846127364577,3.860969087247119
W2343,6,0.0,0.0,1.933375537512535,1.158080164797587,0.3931441713366216,0.1748347116743976,0.6905657117702623,0.352627523877588,0.0,0.546575010892799,0.7769896938431672,0.0,-0.0077324494272658,0.0161569087785858,-0.0633787446331371,0.0470594712717581,0.0266740988567088,0.0448391286585205,0.0430659555400306,0.019985674512857,0.4436720609091382,0.1997375346117303,0.0565013416325803,0.1117385917287427,0.9794551037713178,2.376836719492668,6.266705961055664
W2363,0,0.5,0.5,0.0,0.0,0.0,0.0,0.0,0.5,0.5,0.5,0.5,0.0,40.0,0.0,0.0,0.0,0.0,0.0,0.0,0.0,0.0,0.0,0.0,0.0,0.0,0.0,0.0
W2363,3,4.6236082255532684,3.1654016019898186,0.0,0.0,0.0,0.0,0.0,1.5522681012688324,1.72809587673097,1.7153423956691454,2.167243484733861,0.0,0.0095189249289488,0.0679863019322312,0.1407241711979913,0.2968285541739026,0.674654654294959,1.271500693242213,1.3345372891995049,0.6121318633462115,0.6580460756749579,1.220610487282859,0.8445047118519916,0.4730723589995189,5.30419374670926,0.8228230631526527,2.3664061043887283
W2363,6,2.005417738681152,0.9357078640163776,0.0,0.0,0.0,0.0,0.0,0.4888889740210245,0.6535308440536364,0.6322065369817214,0.8374919897191269,0.0,0.051400768481155,0.0457688315265584,0.080664223610727,-0.007325703316921,0.0748828548399831,0.1237102877459508,0.2095771255682009,0.0189327771430614,0.2915864131218252,0.7447088499937817,0.2654918966819842,0.1255865841982326,5.886697225733869,0.5889667906423028,2.221959859073225
W2383,0,0.4285714285714285,0.4285714285714285,0.0,0.0,0.0,0.4285714285714285,0.4285714285714285,0.4285714285714285,0.0,0.4285714285714285,0.4285714285714285,0.0,40.0,0.0,0.0,0.0,0.0,0.0,0.0,0.0,0.0,0.0,0.0,0.0,0.0,0.0,0.0
W2383,3,4.541423344280118,2.994699937917096,0.0,0.0,0.0,0.737914952186072,2.2813792753195044,1.128657878735316,0.0,1.1790063471642418,1.8291133560027448,0.0,0.0168687893168772,0.2388070650436599,0.1445083872811819,0.3710844327691323,0.6972813923782899,1.512141129816973,2.236452249056536,0.7066062249819486,0.903198036947509,1.0452742858272197,0.4392958832884646,0.4629405263724948,5.139682209352763,1.0742470303760194,2.6202715035507933
W2383,6,1.694804451674964,0.9485385298133232,0.0,0.0,0.0,0.1973399403047273,0.754058629681926,0.4852090568676493,0.0,0.5870957884662625,0.7480132958771705,0.0,0.0259445637948076,0.0680195062307808,0.0040690214545346,0.0493348436448905,0.1289920606913583,0.3318638213707028,0.2521601388402095,0.1233459639504215,0.3000577035937518,0.5084427392155708,0.1367532747340014,0.1541042251491345,6.215352487227785,0.790757512126681,2.8366519319364403
W2473,0,0.0,0.0,0.0,0.4285714285714285,0.4285714285714285,0.4285714285714285,0.4285714285714285,0.4285714285714285,0.0,0.4285714285714285,0.4285714285714285,0.0,40.0,0.0,0.0,0.0,0.0,0.0,0.0,0.0,0.0,0.0,0.0,0.0,0.0,0.0,0.0
W2473,3,0.0,0.0,0.0,3.455894829097851,0.8848958609461495,0.661982727701258,2.454102192195537,1.6415886529136414,0.0,1.8537866488841812,2.592037879194732,0.0,0.3052516491550057,0.5645075346641528,1.531606949457892,1.3331918128641502,1.4566689187324326,0.909063587151449,1.3928846031201634,1.5540127411388052,1.0476315052920724,0.4519643351213862,0.3296681744249332,0.0605308562916653,1.0789915047946437,2.6957124600301614,3.683216681955244
W2473,6,0.0,0.0,0.0,1.676129211391482,0.6155988251545488,0.1513349754545249,0.901725937514028,0.7628217810581297,0.0,0.8823045673448586,1.187576507099358,0.0,-0.0224139559488536,0.0712137771539153,0.0891462831780521,0.0993509434839229,0.2274713897210765,0.0729393339523799,0.106981429555771,0.245490452914719,0.3572383545216213,0.2165206839981586,0.0585506243930246,0.0100737989195732,3.342872432430839,1.9715040918156184,4.470090164217769
W2503,0,0.0,0.75,0.0,0.0,0.0,0.75,0.75,0.0,0.75,0.0,0.0,0.0,40.0,0.0,0.0,0.0,0.0,0.0,0.0,0.0,0.0,0.0,0.0,0.0,0.0,0.0,0.0
W2503,3,0.0,5.717412338640492,0.0,0.0,0.0,0.9984673671477852,3.9085945480186544,0.0,2.763127336539378,0.0,0.0,0.0,0.0358457246528894,1.3023926231339942,0.4909376632454322,0.9706035380804532,0.74372142773396,1.2232195688364078,1.8329275314444995,0.9163248465970336,2.2428411069162264,0.9582593049076504,0.392812846148856,0.6535387232486938,1.7654570217163077,1.744377050673459,1.719099418533472
W2503,6,0.0,2.031915327140616,0.0,0.0,0.0,0.4993699358161324,1.9573559008522103,0.0,1.1709428346292696,0.0,0.0,0.0,0.0473598509531467,0.2228201316961935,0.0853890035362485,0.0630594313521157,0.0891510742118125,0.2218372084738511,0.0692907617389295,0.2012865619767826,1.2610860291840933,0.5236365266360776,0.2491434486907757,0.3072236725211069,2.2702192521578866,2.4678381335628146,3.037862259940513
W2504,0,0.6,0.6,0.0,0.0,0.0,0.6,0.6,0.0,0.0,0.6,0.0,0.0,40.0,0.0,0.0,0.0,0.0,0.0,0.0,0.0,0.0,0.0,0.0,0.0,0.0,0.0,0.0
W2504,3,5.30741702314909,2.894832793077326,0.0,0.0,0.0,0.9490243316879028,2.794376725456001,0.0,0.0,1.9677530428493653,0.0,0.0,0.0375961044831121,0.1323322118642191,0.1197661833807331,0.3250297001569763,0.5029003978159622,1.5263013525463534,2.56098634343525,0.5413161890848598,0.9118190110800088,1.1277546170986668,0.3730884454882699,0.5899358410534067,5.479166787137978,0.9985278328604638,3.0765454827334846
W2504,6,2.031798611534634,1.0965888188570971,0.0,0.0,0.0,0.2585474109796027,0.8452175394426241,0.0,0.0,0.836403119593177,0.0,0.0,-0.0686543901915821,0.0019179638763263,-0.0164137334361351,0.0216028706979663,0.0909077682686919,0.4678257432700179,0.173567968197739,0.0687876981446935,0.2930150755877884,0.957625831851865,0.1048106977383247,0.1087206549651038,6.717012363228384,0.3898324481507658,3.96129165811564
W2538,0,0.375,0.0,0.375,0.375,0.375,0.375,0.0,0.375,0.375,0.375,0.0,0.0,40.0,0.0,0.0,0.0,0.0,0.0,0.0,0.0,0.0,0.0,0.0,0.0,0.0,0.0,0.0
W2538,3,3.2272488325635336,0.0,3.2909364315227987,2.7853109633443194,0.9456437892535702,0.797197112464478,0.0,0.9269177785866392,1.2252121130454665,1.4851759432106613,0.0,0.0,0.2901219351930817,0.1833798060291821,0.2509360457675653,0.3121344706681721,1.042061249249155,1.038085429269884,1.2190974691813825,0.8345842658894066,0.7760835874369528,0.7968849377420965,1.0044132692275551,0.5033474415338888,3.645209522495573,2.039875382851549,4.158654491275031
W2538,6,1.2928926214962293,0.0,1.2232734677741484,0.7801551082909328,0.4751468773130849,0.2447882162719181,0.0,0.3226471213506174,0.3471951437762978,0.4764718009583082,0.0,0.0,-0.0093397661972705,0.0509466692466993,0.0888180526330131,-0.0178146141965631,0.0206530722335003,-0.0283434434902617,-0.0343129663965208,0.0712469060610836,0.3962486877298554,0.3614327327852089,0.2167875976648497,0.0747686290997519,2.262066618086748,0.9401422126751492,6.259668514433333
W2552,0,0.4285714285714285,0.0,0.4285714285714285,0.4285714285714285,0.0,0.4285714285714285,0.4285714285714285,0.0,0.0,0.0,0.4285714285714285,0.4285714285714285,40.0,0.0,0.0,0.0,0.0,0.0,0.0,0.0,0.0,0.0,0.0,0.0,0.0,0.0,0.0
W2552,3,3.995362647129087,0.0,3.374000068748232,2.5314541306574565,0.0,0.6304117847416566,1.6270025470227634,0.0,0.0,0.0,1.6083243212418652,1.2635144083757102,-0.0447829008125572,0.0733198809503623,0.2567801945224519,0.2774131322307032,0.7999679507684748,0.778604375701676,0.6553247762548767,0.637975897670892,1.1039990784702054,0.587771457080954,0.3550658156392034,0.8591487360988153,4.031213058569527,2.356821414611489,4.301374652018591
W2552,6,1.4408560799653107,0.0,1.668072383696896,0.7038499051085428,0.0,0.2387740620901596,0.5922551953336368,0.0,0.0,0.0,0.6234187042517593,0.4420232735066726,0.0264309476844637,-0.0641155914028112,0.038733473851783,-0.0208539589669971,-9.815276017612062e-05,-0.0016768874061357,0.020960831970932,0.0525977933030077,0.636763505481358,0.3862030820571849,0.1113768120996598,0.4515465801195024,1.7717249260713337,1.034476713131002,5.390746649741124
W2555,0,0.3333333333333333,0.0,0.3333333333333333,0.3333333333333333,0.0,0.0,0.3333333333333333,0.3333333333333333,0.3333333333333333,0.3333333333333333,0.3333333333333333,0.3333333333333333,40.0,0.0,0.0,0.0,0.0,0.0,0.0,0.0,0.0,0.0,0.0,0.0,0.0,0.0,0.0
W2555,3,3.217540222784783,0.0,3.048507573702418,1.921928877174755,0.0,0.0,1.631885534424457,0.7726143788026628,1.1839704806888467,0.910306266009196,1.6631830009619508,0.8751711887550166,-0.0013690455122182,0.1251854505194719,0.2773012082897795,0.3444149493476803,0.8211808110183271,0.7212147218009477,1.0679238238554325,0.6546107225120978,0.5194443970935514,0.6752448573943665,0.6430415915861745,0.6532929796216146,2.6489511844449467,1.779059342196303,4.304387781294753
W2555,6,1.1119187154154389,0.0,1.0927200067699212,0.6285890485428727,0.0,0.0,0.3558694022412328,0.3205932056181071,0.2740597384418213,0.4726130391545065,0.4415901518678435,0.4049735581323323,0.0182754682297559,-0.0119590401838702,-0.0418397109853565,0.0474994857577228,0.0597290240367521,0.0861534411943066,0.0544587380343795,-0.0062760838333902,0.2891579486997113,0.2992161359376512,0.1275829852004194,0.2255832018626298,2.3152261731648345,1.3698462765523671,7.179322428895806
W2600,0,0.0,0.0,0.6,0.0,0.0,0.6,0.6,0.0,0.0,0.0,0.6,0.6,40.0,0.0,0.0,0.0,0.0,0.0,0.0,0.0,0.0,0.0,0.0,0.0,0.0,0.0,0.0
W2600,3,0.0,0.0,6.222201473513751,0.0,0.0,0.9836779787640688,2.8813279536965752,0.0,0.0,0.0,2.334367158797376,2.2277576292134498,0.05969168640804,0.3277222098534648,0.4399642089800369,0.740147428961698,0.7441246543823778,1.0775959926660512,0.9622485062132344,0.3659897352712881,1.1846885012535484,0.2736111865541655,0.1891933299433956,0.5446319683800637,1.2103171903742358,4.687688379553117,3.722291561392873
W2600,6,0.0,0.0,2.2021897919767603,0.0,0.0,0.2667846838639394,0.8730243560585607,0.0,0.0,0.0,0.932170119581923,0.6403374232939872,0.030861817734011,-0.0363046566582619,-0.0322496909167356,-0.0028172180726839,0.0938142822748448,0.1553955921846199,0.0026759462703712,0.0965290147608526,1.4610194400523575,0.1131810039533427,0.0540674771807896,0.1954557946420139,0.5940804955916612,5.149040819503378,3.936415045788911
W2623,0,0.6,0.0,0.0,0.6,0.6,0.0,0.0,0.0,0.0,0.6,0.0,0.6,40.0,0.0,0.0,0.0,0.0,0.0,0.0,0.0,0.0,0.0,0.0,0.0,0.0,0.0,0.0
W2623,3,5.099868125611143,0.0,0.0,3.4827682595954617,1.3458137541794502,0.0,0.0,0.0,0.0,2.4217290735739727,0.0,1.3645390330953535,0.1394358219980235,0.1133600594531162,0.3560320570141288,0.2102750896888125,1.2075401345179315,1.01314304726347,1.238030344805544,1.095450481184706,0.7186800616727357,0.5666721048876399,0.5614424630204543,0.5224416077836191,6.185199407566912,1.23454020539854,3.643747011570973
W2623,6,2.019522254505544,0.0,0.0,1.3039114606192248,0.6693035922355905,0.0,0.0,0.0,0.0,0.6988245057300978,0.0,0.60143742164605,-0.1109855016096973,0.1188621689348175,0.1115138597613713,-0.043240283378987,0.0838333698437669,0.1196220793169723,0.117931286859683,0.0093655258147812,0.2094723750916839,0.2674605952614499,0.1852981495880327,0.0737422188185361,8.29874546951384,0.1878602852731513,4.746495492258193
W2631,0,0.375,0.375,0.375,0.375,0.0,0.375,0.375,0.375,0.0,0.0,0.0,0.375,40.0,0.0,0.0,0.0,0.0,0.0,0.0,0.0,0.0,0.0,0.0,0.0,0.0,0.0,0.0
W2631,3,4.330369782810799,1.8137254539012384,3.0046844367820302,1.8791585342474333,0.0,0.6775245142010464,1.3145464593471086,0.916255629148836,0.0,0.0,0.0,1.077135028201336,-0.0145529118700659,0.1722021352240465,0.178298290791432,0.2117980998506387,0.5274248712202156,0.8892738220864831,0.5322872157088036,0.7977578701099672,0.7614911819913941,0.4552376723263305,0.6848985437961168,1.0503735331273227,3.644177479010288,1.9458324249690304,3.3897908416493614
W2631,6,1.33532929476865,0.5222123204603423,1.264305566844418,0.7028081114332743,0.0,0.2154932606823505,0.5096069441728615,0.3874352587130913,0.0,0.0,0.0,0.3668137280687087,-0.0053285374344861,0.0037056903084176,0.0768551386675118,0.0003239874430102,0.0791798199230636,0.0934338701930601,0.0055999009865521,0.0387893949501149,0.457276510005422,0.3407038016432256,0.1409175245767086,0.4147602779152632,1.8639917183771009,0.8839119061218706,4.835287151966421
W2639,0,0.375,0.0,0.375,0.375,0.375,0.0,0.0,0.375,0.375,0.375,0.0,0.375,40.0,0.0,0.0,0.0,0.0,0.0,0.0,0.0,0.0,0.0,0.0,0.0,0.0,0.0,0.0
W2639,3,3.4767164002792725,0.0,2.909996022101986,2.0137996596755303,0.9444630124166984,0.0,0.0,0.9650910147641388,1.3512004660938777,1.5374702434436234,0.0,1.354486195001854,0.1131415397319112,0.2779385387244266,0.3717308943084609,0.3890685423819095,0.8466687654468954,0.9704885183325672,1.07533780327664,0.5811987879226578,0.3695271678427441,0.5981089714128243,0.9334060405608212,0.7212617068202092,3.783685701457338,2.1096246151376805,3.644204026742589
W2639,6,1.2089229378617492,0.0,1.632873473250827,0.732572213815938,0.5372998771215315,0.0,0.0,0.3233895780521311,0.3239715447893336,0.5534014882239447,0.0,0.4568609746079549,-0.0311359748515117,0.0530824072545776,0.0598610426030151,0.0255922743044167,-0.0280147441986847,0.125666658043848,0.0684529849453381,0.0695228415272614,0.2091257675481601,0.2297008673199924,0.2283936692368627,0.1562666136171989,2.043426573227106,0.6060896059904595,7.199612467156578
W2641,0,0.0,0.0,0.6,0.0,0.0,0.6,0.6,0.0,0.0,0.6,0.0,0.6,40.0,0.0,0.0,0.0,0.0,0.0,0.0,0.0,0.0,0.0,0.0,0.0,0.0,0.0,0.0
W2641,3,0.0,0.0,6.077035364062184,0.0,0.0,1.1389410908502358,2.7177650803178834,0.0,0.0,2.423700302436567,0.0,1.8069497922356983,0.0780567997372085,0.3799339555196979,0.5161127803351736,0.6966049451670766,0.5740840367609822,1.3445763660098895,1.808522341715976,0.2340078310587751,0.6733498116621381,0.3205403005792551,0.3100299774746241,0.4833161772266412,0.966421053691896,3.845606209896133,5.518773932663901
W2641,6,0.0,0.0,2.106584523847626,0.0,0.0,0.2379992468590863,0.7288412496067421,0.0,0.0,0.7889104271451841,0.0,0.5209675842562428,0.0243154254590841,-0.0345236283289008,0.0011516030547906,-0.0050563446629133,0.0325470588557626,0.0675790485954994,0.0539030999059644,0.0135774377959889,0.3368818670198196,0.16442846088986,0.1049343930700043,0.1835919844188446,0.3137180800222339,4.886696726976303,7.00032923021779
W2694,0,0.0,0.0,1.0,0.0,1.0,0.0,0.0,0.0,0.0,0.0,0.0,1.0,40.0,0.0,0.0,0.0,0.0,0.0,0.0,0.0,0.0,0.0,0.0,0.0,0.0,0.0,0.0
W2694,3,0.0,0.0,9.42330322524179,0.0,1.7362716570192076,0.0,0.0,0.0,0.0,0.0,0.0,3.3199300663328724,0.1180818906608807,0.4258789494236823,0.4132512180256139,0.7592414391233686,0.475586170026955,1.3990622167640854,0.960126971122368,0.2385833699363632,0.7642810839524782,0.1604581667290974,0.5844559695927568,0.774239959847158,1.108746183353278,4.017830027728855,3.81337590633895
W2694,6,0.0,0.0,2.9935732059304097,0.0,1.063337642554875,0.0,0.0,0.0,0.0,0.0,0.0,0.8808146150221788,-0.0276861406211943,-0.0145412606830804,0.0094261227127386,-0.0276384351463828,-0.1026933606004331,0.0243155099781943,0.0267096364818009,0.0447660189424774,1.1643548603259437,0.0222989294715002,0.0776018148952783,0.1481722418404987,0.1808011270760618,2.6461415426517827,6.27915403646953
W2811,0,0.5,0.0,0.0,0.0,0.5,0.5,0.0,0.5,0.5,0.5,0.0,0.0,40.0,0.0,0.0,0.0,0.0,0.0,0.0,0.0,0.0,0.0,0.0,0.0,0.0,0.0,0.0
W2811,3,5.369482364360694,0.0,0.0,0.0,1.0862399474129207,1.1221640452609558,0.0,1.3040710658546957,2.02926018531928,2.27029878615766,0.0,0.0,1.2096740411482592,0.3009902141873698,0.3492186198934348,0.452746899682429,1.2987590571830971,1.4788716118474636,3.151220272021948,0.4523205473953716,0.8870678851457497,0.747324296308866,1.0405628065579973,0.4884764862834334,5.466206979958396,0.6996695087143922,2.822835087811183
W2811,6,2.273870016230017,0.0,0.0,0.0,0.5796783083713856,0.3777688533014088,0.0,0.6503945258635018,0.6768483722197001,0.7942150707581661,0.0,0.0,-0.0459505829376971,0.1152308624922096,0.0854588545450673,0.0380420871205749,0.3836576580457689,0.1701076120450138,0.9456795608786152,0.1454479919612958,0.2817585777099448,0.2895741825035059,0.2019629893253208,0.0197334950647488,7.291069025097381,0.2015697980037932,3.315600319122517
W2833,0,0.6,0.6,0.0,0.6,0.0,0.6,0.0,0.0,0.6,0.0,0.0,0.0,40.0,0.0,0.0,0.0,0.0,0.0,0.0,0.0,0.0,0.0,0.0,0.0,0.0,0.0,0.0
W2833,3,6.350284761782662,2.7088535420713744,0.0,2.8001870187048845,0.0,1.0163495165932654,0.0,0.0,1.8753435366328084,0.0,0.0,0.0,0.0017648642004318,0.0949938193247633,0.1296508849040716,0.1196527034912963,0.5510750683126449,0.6420567853924344,0.7865352652166167,1.1242633115411271,1.2057466892926736,1.6941904719824017,0.9333173774122194,0.9515723232484684,5.073534106034503,1.1704091996815742,1.4776671246464488
W2833,6,1.516130746356014,0.7524105963712386,0.0,0.8903282239873117,0.0,0.6395574422980161,0.0,0.0,0.6184642758836346,0.0,0.0,0.0,0.0368849067206347,-0.0320490178050354,0.07710646766178,0.0129003197033238,0.1644232473179668,0.0785569442988615,0.1073725451090499,-0.0039298050451773,0.6172394344986513,1.2907287478302831,0.275381096479344,0.7705033303288111,6.742849577803362,0.3075131343554227,2.206175511260091
W2900,0,0.0,0.5,0.0,0.0,0.5,0.0,0.0,0.5,0.5,0.0,0.5,0.5,40.0,0.0,0.0,0.0,0.0,0.0,0.0,0.0,0.0,0.0,0.0,0.0,0.0,0.0,0.0
W2900,3,0.0,5.142530602836011,0.0,0.0,1.063018008516457,0.0,0.0,1.4790883837505509,1.9203714612696,0.0,3.2479398718773784,2.05328705934511,0.0586980169950694,1.0967515658011409,0.5471407232239545,1.594596436809241,1.0802929940172856,1.3549517158365765,1.1080365488220585,1.475539925926051,1.6299732108279257,0.4477820047099071,0.3297528053935999,0.5403642847045186,1.4128257863715543,1.914105760592148,1.8067369230442183
W2900,6,0.0,1.984852224369991,0.0,0.0,0.7925011739509669,0.0,0.0,0.503218423388611,0.7832211301508885,0.0,1.1635791416375694,0.7261538541933233,0.0317988945691527,0.0538261733079972,0.0798792773179612,0.2336743970363532,0.1030702929772038,0.1966718955760241,0.1958367555059094,0.2167873769943193,1.1914913170147443,0.1486728722387106,0.0885679710603137,0.098688346451823,2.188595997560358,2.406213000905677,2.3204255283264152
W2996,0,0.0,0.0,0.0,0.5,0.5,0.5,0.5,0.0,0.5,0.0,0.0,0.5,40.0,0.0,0.0,0.0,0.0,0.0,0.0,0.0,0.0,0.0,0.0,0.0,0.0,0.0,0.0
W2996,3,0.0,0.0,0.0,4.214302229931247,1.238017494085913,0.8846406027836464,3.172099240858045,0.0,2.041273624098328,0.0,0.0,2.375063631532432,0.2132781974331291,1.7129574445260851,0.9293743427704484,0.7875150023131421,2.057441763808446,0.5945053621872267,1.6578585546521245,1.4651265841431949,1.7938814268531658,0.4010531662166253,0.563258837767392,0.5702386929819343,1.082318052157058,2.4589610887980284,3.124179848460608
W2996,6,0.0,0.0,0.0,2.9526686401736777,0.7105938082467051,0.2348503503507393,1.1309184962582297,0.0,0.5107931606107304,0.0,0.0,0.8491290849116975,-0.0341082207100196,0.1184546172812936,-0.011703322643325,0.0956700792544247,0.4255691531640745,0.1370053280227729,0.1392664727744967,0.2399812784914354,1.222206909243323,0.1200316923059717,0.0756914829077789,0.1749189546181447,2.064937763768737,1.5670634014916065,5.327968404388534
W3010,0,0.4285714285714285,0.0,0.4285714285714285,0.4285714285714285,0.4285714285714285,0.0,0.0,0.4285714285714285,0.0,0.4285714285714285,0.4285714285714285,0.0,40.0,0.0,0.0,0.0,0.0,0.0,0.0,0.0,0.0,0.0,0.0,0.0,0.0,0.0,0.0
W3010,3,3.619983133033484,0.0,4.000621937106519,2.049803736657541,0.8646696714556094,0.0,0.0,1.0570730351928936,0.0,1.261226239657745,1.6778219779115435,0.0,0.04792165247902,0.0681128116741296,0.2345792826255601,0.3618800138863722,0.62914322390513,0.8716056619757688,0.7864027430159309,0.5392973498196414,0.426554138503234,0.5364953233613134,0.7061447162680152,0.349513482978935,3.0233418870221302,2.095878278849549,4.059861229855746
W3010,6,1.3987640120095346,0.0,1.4380170539087165,0.6810684960758884,0.439082477357952,0.0,0.0,0.3395311557587823,0.0,0.3694967984972177,0.6660029970598568,0.0,-0.0625177250838857,0.0247920438698533,0.1068091032186135,0.1013487997493032,0.0163873758765497,0.0882451283845007,0.0536580576769454,-0.0322348635007307,0.205686750941153,0.2247485911005529,0.1205462879676051,0.1410057465656076,2.470266566088108,0.8565106206754269,5.439682790714215
W3020,0,0.0,0.0,0.75,0.75,0.75,0.0,0.0,0.75,0.0,0.0,0.0,0.0,40.0,0.0,0.0,0.0,0.0,0.0,0.0,0.0,0.0,0.0,0.0,0.0,0.0,0.0,0.0
W3020,3,0.0,0.0,7.224539720783034,5.144827441775816,2.005939846987632,0.0,0.0,2.5743555901592114,0.0,0.0,0.0,0.0,0.2963480655908724,0.4143317364883948,0.4671214363782898,0.703541520690988,0.7097977203697846,0.6598869442719947,0.3926114153798641,0.7655708142575386,0.799499221859175,0.4530007262385948,1.2774189775403664,0.4268269668439802,1.1609625576306295,3.959247316162633,3.2994084100078065
W3020,6,0.0,0.0,1.749799185559235,1.8089337793212432,1.03710529993263,0.0,0.0,0.654553492775967,0.0,0.0,0.0,0.0,0.004113760801301,0.0659816854730396,-0.0288164141699961,0.0561096352905195,0.0992976673930292,-0.0520444113877459,-0.0046486603999884,0.0574704631221502,0.6966372688559549,0.2511560363505289,0.2410968713507513,0.0970620053520347,0.603673650783164,1.518303547758847,6.165431997966587
W3034,0,0.0,0.375,0.375,0.0,0.375,0.375,0.375,0.375,0.0,0.375,0.375,0.0,40.0,0.0,0.0,0.0,0.0,0.0,0.0,0.0,0.0,0.0,0.0,0.0,0.0,0.0,0.0
W3034,3,0.0,3.3726534125438925,4.185186990432003,0.0,0.6314416244555799,0.6477502714406903,2.1241563637846403,1.0211790018531728,0.0,1.3062176379501371,2.0774854714875866,0.0,0.1238787329541417,0.2799308442954711,0.664390948296265,1.6717777070210311,0.5703206729133261,1.6753156590593137,1.2864841568807626,0.6897399550818195,1.119476577493478,0.5043215729558406,0.3514435662691815,0.332913547964046,1.3796202366040455,2.7877911614244035,3.486044079538463
W3034,6,0.0,0.906746918820597,1.797238491937957,0.0,0.4567876359846587,0.1774359850198754,0.7182820270462649,0.3948551250479453,0.0,0.6247057134201884,0.7567374355041318,0.0,0.0377181772505577,0.0238600936344455,0.0045620530111382,0.043535739524221,0.0212424786063261,0.0291318854621036,0.0059328536259066,0.0002560949940436,0.3738350731957174,0.2165797779387223,0.0835456163113013,0.0668021266964706,1.0108826813270029,3.887330290485064,5.0064465131572815
W3098,0,0.4285714285714285,0.4285714285714285,0.0,0.0,0.4285714285714285,0.0,0.4285714285714285,0.4285714285714285,0.4285714285714285,0.0,0.4285714285714285,0.0,40.0,0.0,0.0,0.0,0.0,0.0,0.0,0.0,0.0,0.0,0.0,0.0,0.0,0.0,0.0
W3098,3,4.820921280532918,2.821725820027982,0.0,0.0,0.8913707490694952,0.0,2.525922800768468,1.2057004639205688,1.5517696950979307,0.0,1.9852150747513215,0.0,-0.0192942733333727,0.1842518055672503,0.1318567053061971,0.2765859592294174,0.8291612108389494,1.3412620248165004,1.6690111360755775,0.5331956029028426,0.9183500546442463,0.9229643317438356,0.4713122511774663,0.5125286920813688,6.034566955348156,1.218967118479595,1.5995210641380089
W3098,6,1.7190443602015446,0.957052730122491,0.0,0.0,0.432650986157841,0.0,0.6821195511426834,0.4202344377754848,0.5623717177684323,0.0,0.6716301186364048,0.0,0.0150754530889182,0.0823952237666365,0.0071715214807959,0.1047041346788448,0.131697577447134,0.1597980503547274,0.1841985609022774,-0.0124117489723509,0.3838995985013813,0.2367309440439252,0.1518119071975631,0.1754496019446991,6.62937147209454,0.4897469890983314,2.145438793613433
W3133,0,0.0,0.75,0.0,0.0,0.75,0.0,0.0,0.0,0.75,0.0,0.75,0.0,40.0,0.0,0.0,0.0,0.0,0.0,0.0,0.0,0.0,0.0,0.0,0.0,0.0,0.0,0.0
W3133,3,0.0,6.130917427918502,0.0,0.0,1.5688759965564247,0.0,0.0,0.0,2.881571097771924,0.0,4.115163507006061,0.0,0.0180623997534031,0.3863644472032334,0.6183002351679036,1.7117311456770448,0.9674527930883222,0.7410564719380381,0.695864321941099,1.640353600874653,2.247110499186129,0.4272405913587132,0.3454349064791642,0.3585139030539969,1.5036794403043714,1.717225569651051,2.043068925844868
W3133,6,0.0,2.0991488313571494,0.0,0.0,0.9257920064352306,0.0,0.0,0.0,1.2827750270543694,0.0,1.2928036545762185,0.0,-0.0303162847652824,0.0648936328955376,-0.1581331560111819,0.1406970955695277,0.0340773827508505,0.0050238706578215,0.1762708572793587,0.1813852720779476,3.141451278670669,0.0698153589413897,0.0553476455791629,0.0130404529090284,2.396294383721451,2.096357382597313,1.9581189644442525
W3139,0,0.0,0.6,0.6,0.0,0.6,0.6,0.0,0.0,0.6,0.0,0.0,0.0,40.0,0.0,0.0,0.0,0.0,0.0,0.0,0.0,0.0,0.0,0.0,0.0,0.0,0.0,0.0
W3139,3,0.0,4.022797942751386,6.515389852081396,0.0,1.2694046188199548,1.0774337775175105,0.0,0.0,2.391030838024989,0.0,0.0,0.0,0.1147638599155328,0.3807864857133339,0.590937158217967,1.5563866286230812,0.5915436345533358,1.1887317946524405,0.7351190630359262,0.2981031157890311,2.201164458874987,0.6676288576484845,0.6917786688091878,0.6212815862041631,1.214047285925624,2.95043518014901,2.528700497891664
W3139,6,0.0,1.0997190906368337,1.799841011770448,0.0,0.7250625141528086,0.3792899541593278,0.0,0.0,0.7813142924345643,0.0,0.0,0.0,-0.0181235043320846,-0.0109732432030771,0.0469626041644188,0.0795761263443516,0.0572326331970436,0.0556546454311355,-0.0818679299953159,0.0162421409283535,2.388387008191869,0.1952362025026024,0.3304336550578171,0.1532418868295905,0.363064456178402,2.735397541477876,4.0117413144726015
W3177,0,0.4285714285714285,0.0,0.0,0.0,0.4285714285714285,0.4285714285714285,0.4285714285714285,0.4285714285714285,0.4285714285714285,0.4285714285714285,0.0,0.0,40.0,0.0,0.0,0.0,0.0,0.0,0.0,0.0,0.0,0.0,0.0,0.0,0.0,0.0,0.0
W3177,3,4.843290174627422,0.0,0.0,0.0,0.8213274302692029,0.7278739356399738,2.259873563927046,1.3612164264483395,1.47353263648633,1.8137490577615472,0.0,0.0,0.3478795768516051,0.2584937986472562,0.2625011714242573,0.5757983552460904,1.495939424783893,1.674227918380242,3.390640233020285,0.5212439489062279,0.7314125844025195,0.7173190112104212,0.7147466619108448,0.3905502611386431,6.003702954809508,0.7026511935372092,2.3464622899114542
W3177,6,1.9896240352399936,0.0,0.0,0.0,0.3994688769950036,0.2427871267824258,0.9560218362308008,0.5290390562842654,0.6021907565768658,0.710898299919354,0.0,0.0,-0.0116266291270129,0.0356351066918413,0.0163310372826004,0.1145677808375639,0.1779126267941632,0.273817579213072,0.573631456198243,0.0288988965312891,0.1759606356958527,0.2449464642467251,0.1837621253181451,0.1358437874634563,7.48402511992071,0.2568964814489518,3.2990996424943626
W3183,0,0.0,0.0,0.0,0.0,0.5,0.0,0.5,0.0,0.5,0.5,0.5,0.5,40.0,0.0,0.0,0.0,0.0,0.0,0.0,0.0,0.0,0.0,0.0,0.0,0.0,0.0,0.0
W3183,3,0.0,0.0,0.0,0.0,0.8791717967299167,0.0,3.2092004873923736,0.0,2.527888635875311,2.5251902683533944,3.498494591027576,2.3725403684404167,0.2110194206754883,0.8210362643611087,0.7087267693950939,1.1020657803773648,1.9608994881643884,0.8669237304272294,3.1049592097290986,0.794563339057035,0.5787049868297136,0.4390094840271658,0.2447634523337693,0.2747073648124138,1.3870595543177966,1.437116316439754,3.2677635181165385
W3183,6,0.0,0.0,0.0,0.0,0.4769255843235358,0.0,1.315729631151152,0.0,0.8193579308339161,1.1171282849541917,1.6445162015482304,0.8461967504444229,0.0015437670568742,0.0746554281864271,0.0501462114596256,0.0619314144173359,0.8063133833027595,0.1582122369417478,0.423215561300209,0.218618497113736,0.480414558410407,0.1467060789001716,0.122247311093683,0.1167522922436475,2.773590113100505,2.149530544319592,3.588670455884144
W3188,0,0.0,0.0,1.0,0.0,0.0,0.0,0.0,0.0,1.0,0.0,1.0,0.0,40.0,0.0,0.0,0.0,0.0,0.0,0.0,0.0,0.0,0.0,0.0,0.0,0.0,0.0,0.0
W3188,3,0.0,0.0,9.13434971654054,0.0,0.0,0.0,0.0,0.0,3.290975350056201,0.0,4.941905172923786,0.0,0.0700330588715009,0.1303857407662904,0.2138581738353447,0.6490480870967383,0.852585387091589,0.4623913607746687,0.5011743663210988,0.2303119768264717,0.8345387033623164,0.7921383661919434,0.6891680582023993,0.7305686166477727,0.9629338102738272,5.0808470694656,2.7783327780327465
W3188,6,0.0,0.0,2.4602212263269587,0.0,0.0,0.0,0.0,0.0,0.9503624226371888,0.0,1.2902595112907629,0.0,-0.0679489415170794,-0.0482683389715787,0.0028329010320467,0.0733176925684496,-0.0005684060924083,0.0629239246625864,-0.0316226429075705,-0.0032125972075864,1.24812696659154,0.4749624608860003,0.1123097456556551,0.1279181894106359,0.5612533605208364,5.864253412041515,2.871474329763149
W3200,0,0.5,0.0,0.5,0.5,0.0,0.0,0.5,0.5,0.0,0.5,0.0,0.0,40.0,0.0,0.0,0.0,0.0,0.0,0.0,0.0,0.0,0.0,0.0,0.0,0.0,0.0,0.0
W3200,3,3.5670461265243683,0.0,4.40351208344825,2.545618615012027,0.0,0.0,2.11235910945072,1.0854553896360195,0.0,1.249269108514678,0.0,0.0,0.094559975153495,0.1450329718950727,0.2174413520979198,0.2119895845555538,0.6251061111466034,0.8019834303694209,0.6820888798664926,0.3918566756696129,0.4953247584144947,0.7923338744550565,0.6853796514767022,0.6637332452788417,3.736510105733153,2.1464257837550056,4.822506185813404
W3200,6,1.1717758743685072,0.0,1.8535002491073584,0.9358329020350932,0.0,0.0,0.5945354589758576,0.4012832633419529,0.0,0.4995731059078436,0.0,0.0,0.0626792819813135,-0.0558515070847142,0.0162200304722104,0.0530445255039915,-0.0209691496902564,-0.0310620894728772,0.0712561385794885,0.0851570109059585,0.178559668618964,0.7038984027208282,0.1177791524294091,0.1702918037108091,1.938497988794117,1.0748663237253528,8.8240892900297
W3228,0,0.4285714285714285,0.4285714285714285,0.4285714285714285,0.0,0.0,0.4285714285714285,0.0,0.4285714285714285,0.0,0.0,0.4285714285714285,0.4285714285714285,40.0,0.0,0.0,0.0,0.0,0.0,0.0,0.0,0.0,0.0,0.0,0.0,0.0,0.0,0.0
W3228,3,4.622155060086183,2.5033155800707134,4.333512824774431,0.0,0.0,0.6717934596858061,0.0,1.3365332512981567,0.0,0.0,1.6566235417927326,1.3987112586756485,-0.0252253916377345,0.1362412495381984,0.2562558166649452,0.2696392946049399,0.3255993439867338,1.3009274148689576,0.9274773130245476,0.4836655055158216,1.033932259234061,0.5639576116660857,0.5862054356124408,0.9816235971413798,4.020493356424293,2.408030934334998,3.496094141057494
W3228,6,1.7295964488169262,0.5432276239930127,1.6467704798315577,0.0,0.0,0.2667109220978961,0.0,0.4546936061953201,0.0,0.0,0.5623956120193393,0.446293245468699,-0.0048219851412496,-0.0270489440338733,0.0103394967091756,0.0272551028689425,0.067188757557791,0.0711785573376699,-0.0382352618414859,-0.0159206446244047,0.5246082587327804,0.3554067339626166,0.1543012073979765,0.3463532579013376,2.3643154045461867,1.3163483338963862,4.328993427051936
W3232,0,0.0,0.4285714285714285,0.4285714285714285,0.0,0.4285714285714285,0.0,0.0,0.4285714285714285,0.4285714285714285,0.4285714285714285,0.4285714285714285,0.0,40.0,0.0,0.0,0.0,0.0,0.0,0.0,0.0,0.0,0.0,0.0,0.0,0.0,0.0,0.0
W3232,3,0.0,3.3620778206856183,3.951960097592129,0.0,0.9284053252497646,0.0,0.0,1.3532115822695303,1.7402339761355194,1.7195113861348288,2.192624519938587,0.0,0.1815424552947311,0.3530156590621575,0.6521339295788906,1.3136140237954392,0.6884477645340374,0.9019705925873812,1.0378566297829508,0.4868666525311363,0.821742228090069,0.6838426193000507,0.6023689104680113,0.3695073044178784,1.223872923024215,2.804890423283892,2.834384563820835
W3232,6,0.0,0.92762411067377,1.7753318116485923,0.0,0.5106534285291003,0.0,0.0,0.483328514090565,0.6657624899644264,0.6310976911081978,0.8631556057784606,0.0,-0.0161803828363756,0.0291298989723569,0.033136386011741,-0.0206350186680372,0.0526069286208739,0.0327601155406425,0.0837684251805476,-0.0210748932074227,0.4308902618906198,0.2082185358474888,0.1839194528510436,0.0243533153900817,0.9499091312343164,3.45303763573182,4.081457328610917
W3234,0,0.6,0.6,0.0,0.0,0.0,0.0,0.0,0.6,0.0,0.6,0.6,0.0,40.0,0.0,0.0,0.0,0.0,0.0,0.0,0.0,0.0,0.0,0.0,0.0,0.0,0.0,0.0
W3234,3,4.895145533667595,3.6171604574985112,0.0,0.0,0.0,0.0,0.0,1.3490709026957384,0.0,1.6544914572008331,2.6603833014462714,0.0,-0.0524676878276642,0.2069811403884563,0.2012717161973432,0.4129499163973286,0.407565972488422,1.852290461477108,1.2548122374991766,0.7356681994204554,0.6336240754157276,1.0123743273468608,0.5083401126469638,0.4508196347236246,5.708594375158545,1.1649643477109142,2.363010566526536
W3234,6,1.7366992312763685,1.0785014773884742,0.0,0.0,0.0,0.0,0.0,0.5617437922891376,0.0,0.6775921269698717,0.9161504629003708,0.0,0.0245354926675991,0.0150434776604601,-0.0456293303513552,0.0502032728484103,0.0004964659060044,0.2172544498247742,0.2389174324696636,0.1332260606804586,0.2446423477304646,0.7346574505729995,0.2216545714059401,0.0535497974469787,6.670887059071717,0.3836305182654285,2.61481187990555
W3238,0,0.0,0.0,0.0,0.0,0.75,0.75,0.0,0.0,0.75,0.0,0.75,0.0,40.0,0.0,0.0,0.0,0.0,0.0,0.0,0.0,0.0,0.0,0.0,0.0,0.0,0.0,0.0
W3238,3,0.0,0.0,0.0,0.0,1.5266141088767882,1.359918897535048,0.0,0.0,4.472587172960158,0.0,5.179404965391091,0.0,1.7807325004342045,0.7280741966573395,1.8833404066613868,1.5596413784297358,2.6387720967023958,0.6851555557781844,2.137765726384112,1.152789471495065,2.5440436313634667,0.3406577563086999,0.3560882082392405,0.0776739445150973,0.741051110455522,1.048168313603082,1.8386809765883791
W3238,6,0.0,0.0,0.0,0.0,0.6364703312675923,0.4089111275354659,0.0,0.0,2.3026019262199164,0.0,2.9533714530546,0.0,0.0623192658318983,0.0291694067308602,0.1210456814884541,0.2878848234931395,1.5739706676195768,0.0149246210907907,0.5975786484944009,0.3035059460758359,2.3670576091624134,0.0673286732113269,0.0170583603117429,0.0698774991323496,2.5327242649957653,1.7339513494064154,1.6039233277033302
W3260,0,0.375,0.375,0.375,0.375,0.375,0.375,0.0,0.0,0.0,0.375,0.0,0.375,40.0,0.0,0.0,0.0,0.0,0.0,0.0,0.0,0.0,0.0,0.0,0.0,0.0,0.0,0.0
W3260,3,3.917616495086896,1.982141583603918,3.017103709293621,2.0004934024664096,0.8957047208698151,0.6221516330405871,0.0,0.0,0.0,1.3523357037365948,0.0,1.0807749665623398,0.0493545308063694,0.1333795123682258,0.2412680067764746,0.2493109476161912,0.431520330092947,1.020971003726726,0.7061522263964491,0.7695751115290463,1.0460737549201269,0.6512019229600123,0.5488600016328402,0.6337443449510958,3.660481162835786,2.185592401175984,3.4508911127173114
W3260,6,1.1963456111031456,0.5573783277595826,1.452026969113353,0.5485637351904197,0.3914480336106191,0.2377846532620102,0.0,0.0,0.0,0.4381885083704957,0.0,0.3156570619533043,0.0065392518600141,0.05083972763504,0.002910826665056,-0.0608819863709141,0.0321688851002977,0.0795449135553333,0.0254112859540231,0.0297880438867475,0.585622126015658,0.1933474507079818,0.1351743822629403,0.2319678456378759,1.6192698142656172,0.6380394817473765,6.180546321342558
W3280,0,0.6,0.0,0.0,0.0,0.6,0.0,0.6,0.0,0.6,0.0,0.6,0.0,40.0,0.0,0.0,0.0,0.0,0.0,0.0,0.0,0.0,0.0,0.0,0.0,0.0,0.0,0.0
W3280,3,5.782808420826517,0.0,0.0,0.0,1.162735864523142,0.0,2.593490578910397,0.0,1.530204012048932,0.0,2.4577117755899183,0.0,0.0747308832110945,0.0994724600447515,0.1607671964705221,0.1167659841533637,1.73044588745121,1.1795356279410676,2.8795851889041573,0.4255616321464273,0.6691326931528634,0.6768443300073519,0.2878839945003995,0.4796969368192874,6.631855801480824,0.6497531941298591,2.1648636857439145
W3280,6,1.9853575888383308,0.0,0.0,0.0,0.4133903514097093,0.0,0.8541589519055574,0.0,0.6096566811478189,0.0,1.0930661577863807,0.0,0.0082161708457715,0.0788962307085336,0.0970126490600697,0.0481634760182429,0.4453686961829224,0.0845576947605023,0.3649545754890526,0.0367510369237199,0.5330235288987891,0.2220090253534505,0.0172298109334842,0.1809855704095349,7.990161708313132,0.3589299875706351,2.6159791756108746
W3282,0,0.0,0.0,0.5,0.0,0.5,0.5,0.0,0.5,0.5,0.5,0.0,0.0,40.0,0.0,0.0,0.0,0.0,0.0,0.0,0.0,0.0,0.0,0.0,0.0,0.0,0.0,0.0
W3282,3,0.0,0.0,6.14963004455392,0.0,1.261603734039449,1.011352127021711,0.0,1.252460896182578,2.2419654145162897,2.274327211555332,0.0,0.0,1.8594951187077693,0.4599058130500992,0.6889476195700812,1.4207000529987126,0.8753576853821933,1.383477571900256,2.0813041981835534,0.4385330881448568,0.6487655405792702,0.7176752983542232,0.9228506937845096,0.3250200159225878,1.2437017660944871,3.066631891372654,3.8016092540705406
W3282,6,0.0,0.0,2.5278137272510954,0.0,0.7508633215903194,0.3740174981068233,0.0,0.6162311392646204,0.8078642355265072,1.0401616256842077,0.0,0.0,-0.0506641629710849,0.0584704058379803,0.0441303474451835,0.0781776533683621,-0.0075808662274129,0.0242315218268121,0.0240129448687713,0.0714462458098682,0.2698875523455444,0.2589021577129419,0.2189734427789862,0.032383996419416,0.5196968346355548,2.6613155852458603,8.005555293989184
W3296,0,0.75,0.0,0.0,0.0,0.0,0.0,0.75,0.75,0.0,0.0,0.75,0.0,40.0,0.0,0.0,0.0,0.0,0.0,0.0,0.0,0.0,0.0,0.0,0.0,0.0,0.0,0.0
W3296,3,5.356717585698808,0.0,0.0,0.0,0.0,0.0,3.046242640135459,1.8523104634082737,0.0,0.0,3.4678004617835456,0.0,0.0456275413553935,0.0543454094085413,0.1359041605498647,0.2153397127145927,1.443529082924659,1.384994794875254,2.6290063744354346,0.4596540444562678,0.5422571908946167,0.6185943472598759,0.3365261907555269,0.5565962097850312,6.852150040274209,0.8914845190698509,1.818825964274897
W3296,6,1.889628866793456,0.0,0.0,0.0,0.0,0.0,0.9184836646335156,0.6990306577951585,0.0,0.0,1.1967176829736128,0.0,0.0399223174524519,-0.0019485484715699,-0.0137129542282222,0.0877968689832707,0.3049825410013551,0.4639999875250445,0.2389711968459257,0.1197448062982311,0.1859415216687266,0.2887654894790192,0.1058940552600315,0.0783003597654288,9.374087155085313,0.3781490404248908,1.7123643437681673
W3315,0,0.0,0.375,0.0,0.375,0.375,0.0,0.375,0.0,0.375,0.375,0.375,0.375,40.0,0.0,0.0,0.0,0.0,0.0,0.0,0.0,0.0,0.0,0.0,0.0,0.0,0.0,0.0
W3315,3,0.0,3.096215227123249,0.0,2.5329925067437764,0.952407764215129,0.0,1.585961403447927,0.0,1.351267283304755,1.4109503518430258,1.7242764183491217,1.3603084478014684,0.0431844805571732,0.3770791945527369,0.748669733108684,0.935355107608048,1.08398993640136,0.7718957300751039,1.1353392477349022,1.8443641550061307,1.1614062274426007,0.4037779514622656,0.3436249165602031,0.4286061022999743,1.5979231507855096,2.976639510623375,3.602208330186632
W3315,6,0.0,0.9043747140235324,0.0,1.2387221513891629,0.5271878548298767,0.0,0.721565990008803,0.0,0.5357174160156077,0.5233876746552353,0.694824091106919,0.4333828349815578,0.09968197907298,0.0888925389339097,0.1021646266902372,0.0202889264566574,0.0960698767273754,0.1255178663026157,0.0554537567909441,0.1797735289295001,0.9665554148702984,0.243183732302368,0.1043294918671435,0.0381874093197246,2.702682722524885,1.7630893698566148,4.281747777649607
W3321,0,0.3333333333333333,0.0,0.0,0.0,0.3333333333333333,0.3333333333333333,0.3333333333333333,0.3333333333333333,0.3333333333333333,0.3333333333333333,0.3333333333333333,0.3333333333333333,40.0,0.0,0.0,0.0,0.0,0.0,0.0,0.0,0.0,0.0,0.0,0.0,0.0,0.0,0.0
W3321,3,4.552333701074902,0.0,0.0,0.0,0.5763722142781812,0.6066103415155168,1.5440408086974675,0.9959256981971104,1.3495164726532851,1.5322794032481106,1.7494125154653974,1.416068431431119,0.0600971034552179,0.2223560391361765,0.3129868766671613,0.3456531969280427,1.7439532180384032,1.392019993699406,3.008694847973956,0.7145269784285927,0.646221256969485,0.5880911187227883,0.5370383315288824,0.4432947683639153,5.358329122748176,0.8417116713605702,2.26898076224717
W3321,6,1.859075530682572,0.0,0.0,0.0,0.2947828550688095,0.1767896723790868,0.6068224847442154,0.4266406347546163,0.4211678058008076,0.6545765825329348,0.6439471990241684,0.3623677232691588,-0.0314744235566308,0.0173244778039264,0.0663158962490822,0.0626194903103288,0.3424118353824845,0.2733898806922004,0.5228035496206614,0.1150859837435069,0.2556630357141098,0.1663540525326809,0.1577356072571349,0.0105148377540017,7.426391651198206,0.539858592364009,3.2100748893747983
W3336,0,0.4285714285714285,0.0,0.4285714285714285,0.4285714285714285,0.4285714285714285,0.0,0.0,0.0,0.0,0.4285714285714285,0.4285714285714285,0.4285714285714285,40.0,0.0,0.0,0.0,0.0,0.0,0.0,0.0,0.0,0.0,0.0,0.0,0.0,0.0,0.0
W3336,3,3.343517304583919,0.0,3.920831273502501,2.2738574925110053,0.9259348667053106,0.0,0.0,0.0,0.0,1.433451130142222,1.5201776228427486,1.0422556305087154,0.1303210339583816,0.1191586960584829,0.2900023750775269,0.2459709146556335,0.7739634470910272,0.7005251041317058,0.8363813185945351,0.6689292494667386,0.8669644268388687,0.5057943934609173,0.4834786282484806,0.5969387367499681,3.738388379294786,1.9022160543281168,3.6002609419413987
W3336,6,1.473570474663034,0.0,1.555143006291793,0.6369863203109388,0.4349038412711586,0.0,0.0,0.0,0.0,0.4497908742808085,0.7354797293159373,0.4113288834218443,-0.0352075965812419,0.0154078486240139,-0.0153204726413082,0.0757284001199295,0.0967453968148392,0.0149916437764938,-0.0040900270669609,0.0512348608377264,0.4280395768148815,0.2753294903457092,0.1774274852260373,0.0592414312115911,2.2579082306876392,0.9420132085865796,5.2670332802868725
W3349,0,0.5,0.5,0.0,0.5,0.5,0.5,0.0,0.0,0.0,0.5,0.0,0.0,40.0,0.0,0.0,0.0,0.0,0.0,0.0,0.0,0.0,0.0,0.0,0.0,0.0,0.0,0.0
W3349,3,4.494759841922174,2.6789649941109968,0.0,3.0258545398435674,1.1989651642578156,0.9016098300078168,0.0,0.0,0.0,1.7410360030850347,0.0,0.0,-0.0194446318606003,0.0856678707278695,0.2833497614276573,0.2429780601851489,0.630068334258802,0.9707193754545874,0.9194631811068986,1.2182016358555054,0.9475504126134088,0.8193415883703797,0.6639596063063797,0.3102911315799972,5.961750670510751,1.1265132248569696,2.586459020089827
W3349,6,1.9365600689762363,0.7939272633068406,0.0,0.8360953004682677,0.7339849729012303,0.2701041447955636,0.0,0.0,0.0,0.5965769681175478,0.0,0.0,0.0118696682519055,-0.0264940341923691,0.0049215252020998,0.0288012278218835,0.0045306466341755,0.0947361975280062,0.1302358106677314,0.1217654770195,0.528825566666219,0.4127153524720469,0.107972250378092,0.1523438488887932,8.509904043849057,0.1545337049193088,3.9903434859754414
W3350,0,0.5,0.0,0.0,0.5,0.0,0.5,0.5,0.0,0.5,0.0,0.5,0.0,40.0,0.0,0.0,0.0,0.0,0.0,0.0,0.0,0.0,0.0,0.0,0.0,0.0,0.0,0.0
W3350,3,4.943853989508392,0.0,0.0,2.772675079017952,0.0,0.846129928201099,2.5648521300781577,0.0,1.5159211901594782,0.0,1.8171674696051685,0.0,-0.0357202378356302,0.0131999764546052,0.2755350774080625,0.3451382665187844,1.232566791847448,0.6354899604587163,1.6079001256096523,1.1634536198872154,1.2594638004594811,0.8909697462106413,0.4591006395666455,0.5039790972658816,5.754261076873318,1.514733127409198,2.14359074704471
W3350,6,2.2161448382181703,0.0,0.0,0.9520616145249744,0.0,0.2756005422068758,0.7681771576887944,0.0,0.5327739563778106,0.0,0.7475734702638396,0.0,0.0113885833972244,-0.0109231918806846,-0.0143520956704174,-0.0084114226613777,0.1613080731122195,0.149465685219156,0.1756320343233254,0.1136361967588809,0.5256276705811483,0.7579790857133173,0.0494213626070157,0.3003996215954742,6.535413037290474,0.462209930215231,2.8195238315779663
W3390,0,0.0,0.5,0.5,0.0,0.0,0.5,0.0,0.5,0.5,0.0,0.5,0.0,40.0,0.0,0.0,0.0,0.0,0.0,0.0,0.0,0.0,0.0,0.0,0.0,0.0,0.0,0.0
W3390,3,0.0,3.5500680472118544,4.120637802252265,0.0,0.0,0.8331564350044213,0.0,1.3942460180760976,2.2864583012146724,0.0,2.563605792282037,0.0,0.137228387359719,0.3425591232122865,0.4469741981758967,1.5559892095938697,0.7139069401580979,0.846612341854629,0.6931001456579868,0.7436356934587411,1.6794551521518477,0.7102126927640191,0.7178947340079265,0.6228247105177869,1.4834640567975432,3.753424292264031,2.342879980400836
W3390,6,0.0,1.0307380824605987,1.6378430025812931,0.0,0.0,0.2492068338543285,0.0,0.7491216194531699,0.5935764884260556,0.0,0.853601333793615,0.0,0.024510682442172,0.0116674601635869,0.0455910243191534,0.0699572932661502,0.0850373962665027,0.0451830071234187,-0.0891668763201612,-0.0184088408989167,0.8544557136672937,0.3325451951110503,0.1867898841074617,0.1207786170836097,0.5580934167259874,4.766261312095767,2.659413052415068
W3402,0,0.5,0.0,0.0,0.0,0.5,0.0,0.5,0.5,0.0,0.5,0.0,0.5,40.0,0.0,0.0,0.0,0.0,0.0,0.0,0.0,0.0,0.0,0.0,0.0,0.0,0.0,0.0
W3402,3,5.063744072828933,0.0,0.0,0.0,0.8533135997618035,0.0,2.390666979686049,1.0957718055825518,0.0,2.4813937167929723,0.0,1.3826836719570137,0.0824036845909085,0.2483100981909213,0.2276303707846847,0.2443127607343407,1.030632976313766,2.137002310124983,2.780587786573141,0.4192608444527627,0.4308634497112701,0.4777745353351278,0.4706337241683633,0.5262973929506806,5.93311796721024,0.8276651179297447,3.1499457238215776
W3402,6,1.8917291859636447,0.0,0.0,0.0,0.403161609479396,0.0,0.8066179237316708,0.4062924151238128,0.0,0.8626953948156797,0.0,0.5306276917425368,0.0249538464406143,0.0792202394327218,-0.0058518430149483,0.0433316259684535,0.2409709822031624,0.8494134824058873,0.4736485070884975,0.0938104328060683,0.1454955483688192,0.1482899713881996,0.0701148678212764,0.1126651037470552,6.1715538517639486,0.225200445094666,4.346786545100538
W3404,0,0.0,0.0,0.0,0.0,0.0,0.0,0.75,0.75,0.75,0.75,0.0,0.0,40.0,0.0,0.0,0.0,0.0,0.0,0.0,0.0,0.0,0.0,0.0,0.0,0.0,0.0,0.0
W3404,3,0.0,0.0,0.0,0.0,0.0,0.0,3.978320948435462,2.0476079992770235,3.0359538531958608,2.769194817249084,0.0,0.0,0.5033404466701002,0.5267564281955046,0.4950306547240704,1.5176605911496108,1.492931872857182,0.8357347885926381,4.089703639436005,0.5169439012637875,0.4447373567933668,0.7881923687019958,0.5290574967579487,0.3450875380462798,1.8514212822645773,1.6190918383491404,3.8768660031430975
W3404,6,0.0,0.0,0.0,0.0,0.0,0.0,2.131274570476609,0.8973360800825761,0.9504205040318214,1.4033170696562247,0.0,0.0,0.0770043809071099,0.1204228373971678,0.0325806198232564,0.0788533126979198,0.3866979789192571,0.0986004075201356,0.4332401760971222,0.1083629464199875,0.1561729384156983,0.243272427359501,0.1073509671751359,0.0801744719531923,2.9603160521673555,2.4202818638083348,5.696960299239994
W3441,0,0.0,0.75,0.0,0.75,0.0,0.0,0.0,0.0,0.75,0.0,0.0,0.75,40.0,0.0,0.0,0.0,0.0,0.0,0.0,0.0,0.0,0.0,0.0,0.0,0.0,0.0,0.0
W3441,3,0.0,4.60687192004331,0.0,4.2393142981294,0.0,0.0,0.0,0.0,2.2268124922515926,0.0,0.0,2.8343033217268783,0.0277267210705166,0.5785554613564886,0.2966785435419585,0.5414934947264752,0.6773679753674642,0.4937823316484923,0.3496927078508309,2.6274073674670944,1.436033858574432,0.5989078424663541,0.6543391461454603,1.5766183548405823,1.495446547620387,3.2468980645062566,2.4583679565274683
W3441,6,0.0,1.4857830111794053,0.0,1.6849243523602124,0.0,0.0,0.0,0.0,1.0556164947560196,0.0,0.0,0.9779801269662034,-0.0377103940349766,0.0673810035291071,-0.0153404439121557,0.0738760666479296,0.1177789387516187,0.0624482015360102,0.0912497713013906,1.0768025275295705,1.6623224940249413,0.3045486081725008,0.1274902184492742,0.9540004187285082,2.4625961427033576,2.765533110332141,3.150111820693059
W3462,0,0.0,0.5,0.5,0.5,0.0,0.0,0.5,0.0,0.0,0.0,0.5,0.5,40.0,0.0,0.0,0.0,0.0,0.0,0.0,0.0,0.0,0.0,0.0,0.0,0.0,0.0,0.0
W3462,3,0.0,3.036759686502139,5.089472937639685,3.3171346959495622,0.0,0.0,1.9497292942782696,0.0,0.0,0.0,1.7040827175535005,1.2978704586326235,0.0677853581482419,0.279194011969525,0.2547333997949956,0.441496763549624,0.3618055734269493,0.6185977293250141,0.3392711325951146,0.8362779876189887,1.1825113354321928,0.40526952636901,0.1738002050019809,1.1278846186477385,1.370741288082316,3.7345973990231247,3.491312911108071
W3462,6,0.0,0.8392302366603897,1.7139701996049077,0.8077167328275935,0.0,0.0,0.6982281751632049,0.0,0.0,0.0,0.6933211182283863,0.4214532805192361,0.0449134876480247,0.0160955817012872,-0.0887026834429924,0.0805854834240266,0.0333793913818571,-0.0225656496784587,-0.0193940002200783,0.0352358623927248,1.1545554544823795,0.3438760219279779,0.1770206749194267,0.4358425130755032,1.0587595216144243,3.894078369126247,3.9556135360309135
W3486,0,0.0,0.4285714285714285,0.4285714285714285,0.4285714285714285,0.0,0.0,0.4285714285714285,0.0,0.0,0.4285714285714285,0.4285714285714285,0.4285714285714285,40.0,0.0,0.0,0.0,0.0,0.0,0.0,0.0,0.0,0.0,0.0,0.0,0.0,0.0,0.0
W3486,3,0.0,2.288408032995973,3.9494432643365,2.996444240586845,0.0,0.0,1.530958461223327,0.0,0.0,1.161985874158778,1.3775647244272071,1.085408369537208,-0.0253298736885362,0.207945765303235,0.2809554764745764,0.4570703425862504,0.4772844884657131,0.5571339814731071,0.4545697516082707,1.212138381063572,0.9182613829458082,0.5585606499736415,0.402037072791481,0.5955900655089917,1.4105642370039602,3.0215814487276864,3.830420888725922
W3486,6,0.0,0.6384965088987848,1.3069431572647108,0.7889734002382162,0.0,0.0,0.5427133416390009,0.0,0.0,0.6004271617212807,0.6928076668726323,0.4672222129306199,0.0842319625046443,-0.0026947619054717,-0.0103070832498113,0.0724150262274789,0.0250683170401392,0.1076869667199818,0.0131621231705083,-0.0009621297291649,0.7318635394072415,0.4550248689330833,0.0726072552131823,0.1942638992975931,1.052040352971762,3.589412841685154,5.064268652992085
W3553,0,0.6,0.0,0.0,0.0,0.0,0.6,0.6,0.0,0.0,0.6,0.0,0.6,40.0,0.0,0.0,0.0,0.0,0.0,0.0,0.0,0.0,0.0,0.0,0.0,0.0,0.0,0.0
W3553,3,5.457259597559684,0.0,0.0,0.0,0.0,1.0440041211823683,1.861086968016143,0.0,0.0,2.124750659605307,0.0,1.690952933536763,0.0507287164416472,0.2152137650787214,0.1478955158085878,0.1881608668631526,1.1451359625958313,1.5871776703628842,3.1652719259824265,0.4834942369964769,0.5948345940109342,0.573420845403624,0.4321974591345391,0.598523785563913,6.405492863864868,0.8481210421230769,3.061322669893845
W3553,6,1.9555173139194664,0.0,0.0,0.0,0.0,0.3221099626627629,1.0895059280934305,0.0,0.0,0.9363901907292692,0.0,0.5723962483376325,-0.0600181643169244,0.1140578356090497,0.0794650308203567,0.0327558458990929,0.3022110497176259,0.6364633513925398,0.5812993994927995,0.0499863683200149,0.1935652975496945,0.2694614274512465,0.1511330380884537,0.1114634306957221,7.393834162835549,0.4198600669726314,4.343006583197644
W3576,0,0.5,0.0,0.0,0.0,0.0,0.5,0.5,0.5,0.0,0.0,0.5,0.5,40.0,0.0,0.0,0.0,0.0,0.0,0.0,0.0,0.0,0.0,0.0,0.0,0.0,0.0,0.0
W3576,3,4.79977303951939,0.0,0.0,0.0,0.0,0.7741786122403966,2.273979120254896,1.4694840094661723,0.0,0.0,2.1767557363581824,1.6386281330463168,-0.0261291339334071,0.1194383744199887,0.1238267275915072,0.2335908409625921,1.6084263156590302,1.7080456796076855,2.494806255759658,0.6138226306675003,0.9351020628020316,0.5824619707603519,0.3506721543106928,0.601348268975259,6.326315424340404,1.0384546231569378,1.7984251207468345
W3576,6,1.9794055123983785,0.0,0.0,0.0,0.0,0.2512556638318057,0.7666309114872464,0.5498114135454416,0.0,0.0,0.8073892557708279,0.4535280225010663,0.0139248096532118,0.0331188748660207,0.1122314964688968,0.0066811926666684,0.297346996360638,0.4946163856036921,0.3760920518479946,0.1401666328494163,0.1996415060864157,0.2299449532322396,0.0436028164669509,0.2193379214964751,8.11838603205199,0.4670203651572754,1.807673886696587
W3580,0,0.5,0.0,0.0,0.5,0.5,0.0,0.0,0.5,0.5,0.5,0.0,0.0,40.0,0.0,0.0,0.0,0.0,0.0,0.0,0.0,0.0,0.0,0.0,0.0,0.0,0.0,0.0
W3580,3,4.069325356261203,0.0,0.0,3.1639697939190925,1.2790538502448274,0.0,0.0,1.3076404254755252,2.025533649591774,1.7478155003840354,0.0,0.0,0.3106772534948727,0.1401765598871065,0.3418910966578443,0.3153171287726673,1.1647813345249305,0.7455307995770419,1.2982906619700665,0.6218693249072179,0.6304795567779193,0.8201666854224634,1.2446333779131873,0.4778210098874223,5.572234157049721,1.2907321586564957,3.4284780025031227
W3580,6,1.3346922136533912,0.0,0.0,1.122200534214213,0.5982590132741219,0.0,0.0,0.5547708774423475,0.5440098211986466,0.6715744226598017,0.0,0.0,-0.0321136140884473,-0.0234958877288576,0.0317785145108717,0.0191808972011109,0.078752266047891,0.1527191009639157,0.1174629059763829,0.0734399324738571,0.2603796919970919,0.2404321459960877,0.083813292823626,0.1241752663628312,6.867954424310108,0.2376109352203707,4.247790378171091
W3587,0,0.5,0.5,0.5,0.5,0.0,0.5,0.0,0.5,0.0,0.0,0.0,0.0,40.0,0.0,0.0,0.0,0.0,0.0,0.0,0.0,0.0,0.0,0.0,0.0,0.0,0.0,0.0
W3587,3,4.31684469758132,2.575904922122554,3.720818233628753,2.5529324908035047,0.0,0.8615468265627411,0.0,1.0605296896094003,0.0,0.0,0.0,0.0,-0.0246747761871487,0.1607542050651212,0.1391180880925907,0.2908255151204668,0.4094582257469423,0.753818603255416,0.4661398988366312,0.6639444139068453,0.8569833260616565,0.7076934187079142,0.8763565814344045,1.0084888179554157,3.551840704289656,1.981960314674425,3.5126586052375743
W3587,6,1.4526792966779425,0.6036730152083948,1.2951428273417966,0.7957877625948906,0.0,0.4029231498187586,0.0,0.4638606369967211,0.0,0.0,0.0,0.0,-0.0346478259433114,-0.0329407441121087,0.0031478747174274,-0.0450058955530478,0.0166352595361662,0.073382345087491,0.1106286919419948,0.0061273666523624,0.4703542214654047,0.754408651385751,0.2587633294381006,0.3726314029813276,2.138437600259277,0.902224138885824,6.271430654436015
W3610,0,0.6,0.6,0.6,0.0,0.6,0.0,0.6,0.0,0.0,0.0,0.0,0.0,40.0,0.0,0.0,0.0,0.0,0.0,0.0,0.0,0.0,0.0,0.0,0.0,0.0,0.0,0.0
W3610,3,4.897591870617353,2.784140013648276,5.126503998508114,0.0,1.1916884925401734,0.0,2.074158620903426,0.0,0.0,0.0,0.0,0.0,0.0502896875590994,0.1031108384646282,0.1629578408405222,0.1334597972664171,0.2789079862252135,1.3962545457484523,0.8635088186096008,0.0870678906124717,0.8605848808264571,0.6718195715675286,0.3987054597631229,0.9637212649545188,3.1559294446131205,1.5784902724172922,3.50026559903104
W3610,6,1.6363432808377942,0.7797503459268209,2.024699244145985,0.0,0.6942188230783524,0.0,0.7635373269178823,0.0,0.0,0.0,0.0,0.0,-0.049126700163447,-0.0011687782333083,0.0773144544143344,-0.0601543210460747,0.0423755681537799,0.1592244322316366,0.1014977718466148,0.0260995096867597,0.4066471569995949,0.2857149862971024,0.0895067525304923,0.258796631138421,1.5977810586632477,0.6423969794061077,6.108785464150111
W3631,0,0.5,0.0,0.0,0.0,0.0,0.0,0.5,0.5,0.5,0.0,0.5,0.5,40.0,0.0,0.0,0.0,0.0,0.0,0.0,0.0,0.0,0.0,0.0,0.0,0.0,0.0,0.0
W3631,3,3.9689950454083154,0.0,0.0,0.0,0.0,0.0,2.257031094888601,1.3805031818212106,1.7022392299914446,0.0,2.7597517910403697,1.722946063929042,-0.0297787980058835,0.245342421008342,0.1589530907616121,0.1981757829631167,1.9068178927456267,1.196800744502012,2.2647036783735413,0.4834615824825429,0.763832832332269,0.622599162360197,0.3768076568578429,0.8918297953597701,5.978632365716661,0.9648162178372168,2.3738950491478548
W3631,6,1.9726910489279983,0.0,0.0,0.0,0.0,0.0,0.7092197793596735,0.5970029856158209,0.5397352525220999,0.0,0.7324545674834152,0.6502391712051385,-0.0802280967936356,-0.0017456758311106,-0.0112098703436578,0.0376265344734192,0.3945348742677645,0.1498266460798306,0.323501047008555,0.1141528205963107,0.3337779388314501,0.2889248110404087,-0.0262800666620664,0.194613073623085,6.161356322404862,0.6341243960952563,2.925797208402636
W3634,0,0.0,0.0,0.0,0.5,0.5,0.0,0.5,0.5,0.5,0.0,0.0,0.5,40.0,0.0,0.0,0.0,0.0,0.0,0.0,0.0,0.0,0.0,0.0,0.0,0.0,0.0,0.0
W3634,3,0.0,0.0,0.0,4.6209914490704005,1.46591106434408,0.0,2.3366772616949825,1.4506821545338398,1.5546690587645031,0.0,0.0,2.0697388698571157,0.0619602273819834,1.8138556371183785,0.630359717918847,0.9462960195044297,2.47160031502718,0.5440533562496106,1.2360349558934565,1.2504595409981198,1.0219487314608204,0.2359301800732089,0.4794134133551112,0.5854369908168419,1.0596052648283851,2.3782734559461343,3.0675691429605374
W3634,6,0.0,0.0,0.0,2.4879062590127794,0.4903600346103537,0.0,0.9010418924367408,0.5762918988433733,0.7179809366557446,0.0,0.0,0.7140350728143048,-0.0452382119240283,0.1110939281777491,-0.0118881688413379,0.0697890878956047,0.4768635211267428,0.1003347995372962,0.0566448307890926,0.1440767284181437,0.5701519825598228,0.1356401555471792,0.1730611423374751,0.0247019090043514,2.9734045563892777,1.3736241059155945,5.144061511122804
W3636,0,0.375,0.375,0.0,0.375,0.0,0.375,0.375,0.375,0.375,0.0,0.375,0.0,40.0,0.0,0.0,0.0,0.0,0.0,0.0,0.0,0.0,0.0,0.0,0.0,0.0,0.0,0.0
W3636,3,4.537836846704369,1.8278223530368896,0.0,2.301957074409485,0.0,0.7017492863329092,2.0205108269106,1.100241393562049,1.1959870519691689,0.0,1.1516096808169558,0.0,-0.0186479533366569,0.1697779106972543,0.2159186679539843,0.355837680276457,0.880304761195875,0.8636646959676563,1.0054914120216698,0.9067552777678776,1.0351252418987509,1.0412256638325064,0.4840954336021791,0.5924923869193132,4.807538683965141,1.4003786905338906,2.199934163658302
W3636,6,1.565846773176095,0.6286621204269125,0.0,0.8596511460985532,0.0,0.2031888300618387,0.5573373509230162,0.428628167474025,0.3625840411749044,0.0,0.5145501404278844,0.0,0.0099701771815606,-0.0367956134314857,0.0028092828483624,0.0863176737769259,0.0350125075162914,0.1213629301748744,0.1303547826243993,0.0843577858349193,0.4087900456645222,0.4240739966653064,0.1813804836968336,0.1624437070328845,5.499041550166719,0.492196748878979,1.94770883152986
W3644,0,0.0,0.0,0.5,0.0,0.0,0.5,0.5,0.0,0.5,0.5,0.0,0.5,40.0,0.0,0.0,0.0,0.0,0.0,0.0,0.0,0.0,0.0,0.0,0.0,0.0,0.0,0.0
W3644,3,0.0,0.0,4.973817228553719,0.0,0.0,0.883915583742156,2.211765825823794,0.0,1.923905233928136,2.118851329633699,0.0,2.314948911437779,0.1341134978698777,0.6037895083854481,0.5894883817782465,0.9009701605078684,0.9499158240343278,1.1388931536141378,2.315673390699796,0.447743638546966,0.7629647927816948,0.3919804690855726,0.5695264864302108,0.6964561948592858,1.219483311713903,3.8837103756975777,4.175168543618874
W3644,6,0.0,0.0,1.9882093342745275,0.0,0.0,0.2158361893056065,0.9519819670608294,0.0,0.6139897424013393,0.829137755068943,0.0,0.4626374806717781,-0.0680924753004391,0.0159599741944281,-0.0006990613956303,0.1086200216519792,0.0340372144257374,0.0613947112558486,0.0511820369218133,0.1096680451969188,0.3952429956479963,0.3397615320881448,0.1464343171638682,0.1622855982178833,0.5678990990135727,4.2430560654058525,7.127047724904556
W3649,0,0.0,0.0,0.0,0.0,0.0,0.75,0.75,0.0,0.75,0.75,0.0,0.0,40.0,0.0,0.0,0.0,0.0,0.0,0.0,0.0,0.0,0.0,0.0,0.0,0.0,0.0,0.0
W3649,3,0.0,0.0,0.0,0.0,0.0,1.5222423273678083,3.9734741957121673,0.0,3.1122886722729017,3.1318814230492475,0.0,0.0,0.5330947527650371,0.6717103819304102,0.9976917905909176,1.4123345840034125,1.283774558683177,0.7661378587195575,5.325642808153162,0.6495419221002501,0.7561923926239373,0.8908984002214809,0.4334391271379231,0.2737950291257068,1.1356118197846663,1.5200406102011284,4.085921238700792
W3649,6,0.0,0.0,0.0,0.0,0.0,0.4039066404152175,2.3123465515818684,0.0,1.1376588456874943,1.7963468940694594,0.0,0.0,0.0124540305425099,0.1019960664865355,0.016355666061739,0.0526975016211364,0.4343301260985284,0.1558786862656198,0.4619636107729131,0.0636108745330201,0.2826914185661264,0.5117936487948472,0.0616439328780762,0.1142410834774947,2.246763174674793,2.064656590966782,6.171101879788337
W3650,0,0.5,0.5,0.0,0.5,0.5,0.0,0.0,0.5,0.0,0.0,0.5,0.0,40.0,0.0,0.0,0.0,0.0,0.0,0.0,0.0,0.0,0.0,0.0,0.0,0.0,0.0,0.0
W3650,3,6.077791234130872,2.807203774751473,0.0,2.089214554657272,1.0532346742000496,0.0,0.0,1.2332226216697078,0.0,0.0,1.6945340356305474,0.0,0.0479254289277802,0.1701118911073704,0.2449089842100069,0.2552440809153659,0.6061319485686513,1.4688967380515785,0.7311483979620664,0.8391755356517188,0.8971425208082047,0.7037822417213274,0.4921019999443248,0.4851960155410817,6.113311174908655,1.1209368485338864,2.313915794743579
W3650,6,1.7138210836081762,0.7652208394223955,0.0,0.8290510520251337,0.6475465020791527,0.0,0.0,0.3729389203402029,0.0,0.0,0.5956702317405893,0.0,-0.0468732768840483,-0.0067439263366452,-0.0246006715650882,0.051408306083956,0.0811654643233835,0.0838780155478338,0.0944359537714822,0.0510030733927087,0.3382758271084298,0.3283022600201543,0.1471086224178,0.1523354153961572,8.453757506196009,0.2578670451836062,2.631931350645631
W3665,0,0.0,0.0,0.375,0.375,0.375,0.0,0.375,0.0,0.375,0.375,0.375,0.375,40.0,0.0,0.0,0.0,0.0,0.0,0.0,0.0,0.0,0.0,0.0,0.0,0.0,0.0,0.0
W3665,3,0.0,0.0,3.929305326774728,2.690359108953458,0.9029689591655482,0.0,1.7504369479737876,0.0,1.55155794843439,1.4189282866185535,2.032581406815217,1.3208853932417837,0.0466153226095837,0.3414095262677032,0.4579867218455628,0.5382015594756343,1.2763432122332574,0.662602112663938,0.8365283525110703,0.8284439447101218,0.6544267770807978,0.3842260112584533,0.4559623780596144,0.5095477502099146,1.3201500513871811,3.379095682128888,4.415383960173311
W3665,6,0.0,0.0,1.536601150257579,0.8128096770193629,0.4403148802600473,0.0,0.5831690333044237,0.0,0.4500041471513847,0.5415759992271444,0.7515311264806012,0.4081447226828349,-0.0084289738874731,0.0392485375060135,0.0887672580675471,0.0186416504929049,-0.0104596410438478,0.0581100756060571,0.0432308123602001,0.0294971834167519,0.5475538431300011,0.1454607255090228,0.100848461621839,0.1015208511310212,1.0218846054138822,2.2486764336614584,5.538771968909931
W3683,0,0.4285714285714285,0.4285714285714285,0.4285714285714285,0.4285714285714285,0.0,0.4285714285714285,0.4285714285714285,0.0,0.4285714285714285,0.0,0.0,0.0,40.0,0.0,0.0,0.0,0.0,0.0,0.0,0.0,0.0,0.0,0.0,0.0,0.0,0.0,0.0
W3683,3,3.2830189548098123,2.307956724952757,3.199399536057394,2.2157720752066625,0.0,0.6641615365738053,1.9062030150163085,0.0,1.2508389201993129,0.0,0.0,0.0,0.0350769575803535,0.1011153530030333,0.0858769489047346,0.19409746598719,0.5347306948208486,0.5582962348463738,0.5469613557462647,0.5441970436090621,1.1414435829191931,1.023172905200879,0.6724419993216029,1.0557476572135651,3.220846309680453,2.616492174666426,3.806622202581426
W3683,6,1.4274804273463508,0.565691132906477,1.194141637359482,0.5298373686427457,0.0,0.3297812711941985,0.5771311870486362,0.0,0.3750481039504722,0.0,0.0,0.0,0.0154270276853822,0.014350697628421,-0.00302122732378,0.0016501073038158,-0.0486239363062718,0.1058040399139733,0.0028751974629709,0.0354036341966691,0.6015878351547724,0.7668034442098848,0.214048640368227,0.753758539707723,1.961612006579678,1.0666437560419386,5.899761571207045
W3707,0,0.0,0.5,0.5,0.5,0.0,0.0,0.0,0.0,0.5,0.5,0.0,0.5,40.0,0.0,0.0,0.0,0.0,0.0,0.0,0.0,0.0,0.0,0.0,0.0,0.0,0.0,0.0
W3707,3,0.0,2.6251479308464694,3.510973722682297,2.596795322837011,0.0,0.0,0.0,0.0,1.7397321509355343,1.8121596263292876,0.0,2.109109743584191,0.0166302345398991,0.2425012330215692,0.4122784515894689,0.5738816568718726,0.4591620024227229,0.4839537743606691,0.3719138450401079,0.968100851999375,0.7007179866669632,0.7103168037408943,0.7579907904089072,0.9536900369048604,1.213686354321852,3.8994537147626382,4.046009204460764
W3707,6,0.0,0.637154218822971,1.036377366292737,0.970687338649282,0.0,0.0,0.0,0.0,0.5597060548174221,0.7427757726590326,0.0,0.7558584195371177,0.0360709972186001,0.0653171025553813,0.0389444617554083,0.0723797836044505,0.0565102685376489,-0.0571051854473193,-0.0256507878198638,0.0103029366944063,0.5242213315259017,0.4098643622923412,0.3471596124018903,0.3454581955675376,0.8638741007537645,4.067284986311536,4.774307995586405
W3751,0,0.0,0.5,0.0,0.0,0.5,0.5,0.0,0.5,0.0,0.5,0.5,0.0,40.0,0.0,0.0,0.0,0.0,0.0,0.0,0.0,0.0,0.0,0.0,0.0,0.0,0.0,0.0
W3751,3,0.0,4.876536730483446,0.0,0.0,0.9468182418537192,0.7617042123639377,0.0,1.7733236911902686,0.0,2.030671283995775,3.327211137222906,0.0,0.3759628292026111,0.4209476749467604,1.5612228350369934,2.6894676955965804,0.700023311742204,2.015194904003364,1.1948953731876255,1.4306095623339932,1.3627490646025775,0.5465087860010293,0.393851794159419,0.2576362681834834,1.3009016001867189,1.5950196556355996,2.698700678442368
W3751,6,0.0,2.4085925689250165,0.0,0.0,0.745923411555126,0.2163499562540363,0.0,0.8924339020619939,0.0,1.223954383691574,1.2790468953703145,0.0,-0.0329797355009882,0.0156269365523092,0.0707601646764685,0.1177167928719675,0.0592268594950185,0.2539268704110906,0.2415071058192231,0.2752697809186982,0.5323654576401075,0.2525491838870309,0.0666843894541275,0.0971720879134799,2.2089628046670517,2.4724215860968908,3.459651010507968
W3766,0,0.0,0.4285714285714285,0.4285714285714285,0.4285714285714285,0.0,0.4285714285714285,0.4285714285714285,0.4285714285714285,0.4285714285714285,0.0,0.0,0.0,40.0,0.0,0.0,0.0,0.0,0.0,0.0,0.0,0.0,0.0,0.0,0.0,0.0,0.0,0.0
W3766,3,0.0,2.852403866483964,3.7025239037488,3.000932844082989,0.0,0.7872888188068388,2.41668728880652,1.1893396622880366,1.5007494700090434,0.0,0.0,0.0,0.0042434918099854,0.3890057809352849,0.417388618864572,1.1504554606662234,0.465600142085971,0.638890072546448,0.6465041385759489,0.8936929926517296,1.231648035905887,0.7826089002658175,0.668070297411194,0.7706332243751826,1.2282153252611807,3.918980089270628,2.4484561071546
W3766,6,0.0,0.8484747582437882,1.3739185300735215,1.111925147574081,0.0,0.1996984946873885,0.8804071540451774,0.665052020938342,0.4793273268090081,0.0,0.0,0.0,0.055427842166467,0.1103366518534665,0.0275980852093583,0.0691183619457739,-0.04303915030153,0.0842491076308165,0.0598634824445695,-0.0471543567077453,0.9578136232615728,0.3931198296628305,0.2603519044136241,0.2200226136620993,1.0736326040548485,3.079459416990873,4.893843031785059
W3772,0,0.5,0.5,0.0,0.5,0.0,0.0,0.0,0.5,0.0,0.5,0.5,0.0,40.0,0.0,0.0,0.0,0.0,0.0,0.0,0.0,0.0,0.0,0.0,0.0,0.0,0.0,0.0
W3772,3,5.663075825364751,2.5360630627777008,0.0,2.525791887139996,0.0,0.0,0.0,1.173522565989091,0.0,1.5144948639276,1.835919346542328,0.0,-0.0275086923739148,0.1100894407982136,0.1979826299247639,0.2004316880358422,0.6487765037673541,1.0995926055699186,0.9148419832258126,1.3265284017865346,0.5666676532410008,1.0992577685610838,0.6637788858453127,0.4148846817015778,5.620876408634881,1.562888708204337,2.833120924654953
W3772,6,1.3917983764675854,0.8342115738729896,0.0,0.6544576146302079,0.0,0.0,0.0,0.4898474462585446,0.0,0.6220240002275812,0.6620817091599445,0.0,0.0232173524690134,0.0285026628499682,0.0557716832123795,0.0546773292391876,0.0078486300288158,0.0693450368690629,0.1170131359277541,0.1680907913279227,0.1594162058482136,0.5678879899575586,0.1030840538346053,0.1326634854473552,6.6214764555007415,0.4438853042664046,2.886026551259616
W3788,0,0.375,0.375,0.375,0.0,0.0,0.375,0.375,0.0,0.375,0.375,0.0,0.375,40.0,0.0,0.0,0.0,0.0,0.0,0.0,0.0,0.0,0.0,0.0,0.0,0.0,0.0,0.0
W3788,3,3.304807986814732,2.0292224987050647,3.390616073748409,0.0,0.0,0.5089166979395601,1.5625587671303636,0.0,1.0502504692804562,1.5849255222716403,0.0,1.1559457048199948,0.0061054200876803,0.0846234221424153,0.1989793215430634,0.3503728703809748,0.6089788250648857,1.149527313188612,1.144325204135162,0.402455743384826,0.9994290617021102,0.6821649803966738,0.5181806771812948,0.7697305618649121,3.3588336648097594,2.1498592268839727,3.8415049112786015
W3788,6,1.16202971608899,0.5194886376238081,1.4471481588767314,0.0,0.0,0.2261272686676199,0.531354703464591,0.0,0.3855208227774548,0.5124002808068445,0.0,0.3391893329592547,0.0745582010782218,0.0609518692353168,0.0284502165786984,-0.0461966307328695,0.0079947139951295,0.0429706959478339,0.031130829585434,-0.0358460172930477,0.4859458087107067,0.3160081700512448,0.0857714165940355,0.3534883821581648,1.894611764571458,1.186877622838424,7.038641836352072
W3809,0,0.4285714285714285,0.4285714285714285,0.0,0.4285714285714285,0.0,0.4285714285714285,0.4285714285714285,0.0,0.4285714285714285,0.4285714285714285,0.0,0.0,40.0,0.0,0.0,0.0,0.0,0.0,0.0,0.0,0.0,0.0,0.0,0.0,0.0,0.0,0.0
W3809,3,4.439658378895749,2.6487257033010136,0.0,2.1724892250017067,0.0,0.766710923009525,2.1723067696540235,0.0,1.1235031321776274,1.422021099518907,0.0,0.0,0.0059513145325633,0.1443864740409396,0.3514095460104685,0.1428166394614168,0.6139117592053892,0.7993639582586374,1.206894445798428,1.319524167563394,0.8515376071762512,1.1069726912030071,0.5754224894429256,0.5855899731334995,4.938673342772056,1.2701809171044052,2.883194914626136
W3809,6,1.261717978088411,0.595437757528363,0.0,0.8946165343028945,0.0,0.251723093263223,0.7701862009545162,0.0,0.4565832874262072,0.5378279242131542,0.0,0.0,-0.0290725492037072,-0.0247414693553901,0.057806526520802,0.0161745887991632,0.0548816253609487,0.0561865589882912,-0.0047408285019353,0.0471622314256987,0.4261131336731807,0.998944704845975,0.1542310645012462,0.2714819639979687,6.1655428038501965,0.5294034626032088,3.711583497590607
W3819,0,0.4285714285714285,0.0,0.4285714285714285,0.0,0.4285714285714285,0.0,0.4285714285714285,0.4285714285714285,0.4285714285714285,0.4285714285714285,0.0,0.0,40.0,0.0,0.0,0.0,0.0,0.0,0.0,0.0,0.0,0.0,0.0,0.0,0.0,0.0,0.0
W3819,3,3.198102113245765,0.0,4.27285062396748,0.0,0.7412294161604731,0.0,2.0112410828270764,1.241672791900506,1.2715578311806184,1.483418558118966,0.0,0.0,0.1193585228539935,0.1301702029922355,0.253605841100042,0.4752221777868605,0.6979623710480063,1.2819242705992813,1.9379598524585095,0.2756297872880686,0.5389128640553227,0.5875456248740448,0.5773623787838936,0.5171054316536333,3.534680902113956,2.020875982451551,4.609316181931504
W3819,6,1.3303086156957171,0.0,2.112231908438421,0.0,0.3542468062221581,0.0,0.7014590046932271,0.2931508230945942,0.436168495441012,0.4044584670031472,0.0,0.0,0.1083606455733867,0.0464021378142577,0.0410711076192677,0.0079668439670621,0.0168351856740956,0.0737471619867101,0.0199705886308414,0.0207925120264501,0.2611416500214042,0.262762280222262,0.0008150178635626,0.0114017752985189,1.7026323649468398,0.932265690477312,8.659309230566597
W3820,0,0.3333333333333333,0.3333333333333333,0.0,0.0,0.3333333333333333,0.3333333333333333,0.0,0.3333333333333333,0.3333333333333333,0.3333333333333333,0.3333333333333333,0.3333333333333333,40.0,0.0,0.0,0.0,0.0,0.0,0.0,0.0,0.0,0.0,0.0,0.0,0.0,0.0,0.0
W3820,3,4.221381796435183,2.2344634802613763,0.0,0.0,0.9369477299939992,0.630499929655636,0.0,0.8952975846227798,1.1936044213326371,1.4580828607814125,1.5469400667372697,1.2273242241812985,0.060606870091032,0.1939416954552203,0.386501397054467,0.4892908191675383,0.9828740960415884,1.175755468613631,1.684467438524067,0.6634270479144735,0.999141997099591,0.6333655560050222,0.5114003847159618,0.5870538174404327,4.469021405906897,0.9982014312633998,2.692981484657735
W3820,6,1.7109863667179852,0.7930378563589949,0.0,0.0,0.4281193611377112,0.1844380418651838,0.0,0.269149308995171,0.5566778750218405,0.5769978802025109,0.6842132058350218,0.4518209183573267,-0.0054076804298886,0.0472954497970842,0.0050612317796908,0.0717306631495116,0.0325316079228343,0.1711603304967874,0.3732297347239957,0.0563987389093637,0.3247742675065608,0.20947194025258,0.0814287625275851,0.1436935271113148,7.680646771586033,0.6075651451922897,2.56181723048225
W3839,0,0.0,0.0,0.5,0.0,0.5,0.0,0.0,0.5,0.5,0.5,0.0,0.5,40.0,0.0,0.0,0.0,0.0,0.0,0.0,0.0,0.0,0.0,0.0,0.0,0.0,0.0,0.0
W3839,3,0.0,0.0,4.658969740778504,0.0,1.168329114703628,0.0,0.0,1.4091431174894606,2.1169898117132053,2.320499791040905,0.0,2.119354738449298,0.7200214620877242,0.5379010207612689,0.6159797763400965,0.9295930951530432,0.9771076017207386,1.0320624179623576,2.354489330780653,0.3819942142891011,0.4450524751658911,0.4284614858788016,0.666122834000313,0.6172942421583276,1.1388716508337666,2.7610638672426617,3.7399158121199
W3839,6,0.0,0.0,2.087176531464669,0.0,0.615939235049867,0.0,0.0,0.3734062053576631,0.5726349923999222,0.9743651455061686,0.0,0.8107586871516822,0.0321747418566744,-0.0562090189925754,0.005208783877519,0.2028659847217043,0.0746415419809791,0.0269188806374104,0.0568840414793853,0.1417374129055084,0.2502357323679223,0.0629392761281697,0.1615565584476733,-0.0236688959321399,0.5708178921053361,3.367767855855829,7.520863936748536
W3852,0,0.0,0.6,0.6,0.0,0.0,0.0,0.6,0.6,0.0,0.0,0.6,0.0,40.0,0.0,0.0,0.0,0.0,0.0,0.0,0.0,0.0,0.0,0.0,0.0,0.0,0.0,0.0
W3852,3,0.0,3.1605635981172586,5.51424244380612,0.0,0.0,0.0,2.530348196729663,1.5493497915032244,0.0,0.0,2.3775867162628965,0.0,0.0172790381498918,0.0835461534473321,0.1949115247871607,0.8765168527324709,0.3632727284569069,1.1756633972994133,0.4548136996367102,0.3994266224103986,0.9186994479207988,0.5187959073386105,0.2298211700083965,0.7191660332823386,1.0910905256985188,4.357829893462485,2.9468989716945115
W3852,6,0.0,0.8791592844775173,1.505209480399848,0.0,0.0,0.0,0.7892052917449264,0.5543661971273193,0.0,0.0,0.8069544134009523,0.0,-0.0653487075888535,0.050962215496529,-0.0343397320428688,0.0401816298023333,-0.0013441854556316,0.0133483079524057,-0.0324689195353451,-0.0481980260302461,0.6499288858331498,0.3624112865497779,0.1019833539900344,0.1871971639777925,0.6554817427150537,4.798160564389999,3.876100240444064
W3932,0,0.6,0.0,0.6,0.0,0.0,0.0,0.0,0.6,0.6,0.6,0.0,0.0,40.0,0.0,0.0,0.0,0.0,0.0,0.0,0.0,0.0,0.0,0.0,0.0,0.0,0.0,0.0
W3932,3,4.190054062789251,0.0,4.886941997469876,0.0,0.0,0.0,0.0,1.135191316672258,2.277529954949876,2.277072570698404,0.0,0.0,0.1557960438221259,0.1603783568616205,0.1839994352819867,0.2708924131998623,0.7518142754372594,1.181527365804536,1.3069621244362848,0.2862848338804682,0.3770936405618222,1.1271874980853311,1.1711680258912955,0.5828051703248113,3.599073581104281,1.9615918441502675,3.661762700159459
W3932,6,1.2649244440417504,0.0,1.851134138263692,0.0,0.0,0.0,0.0,0.5734233247861423,0.6601950245678557,0.819227218656933,0.0,0.0,0.0390095326664774,-0.0363835573822354,-0.0337666119842951,-0.0440197710660284,0.0503564558111028,0.0185631258399711,0.0330406840384703,-0.0813695244416117,0.1914734003965679,0.682721380171198,0.401528133149329,0.2564805655558663,1.6362957131680296,1.05758328527031,7.493641286711436
W3939,0,0.0,0.4285714285714285,0.4285714285714285,0.4285714285714285,0.0,0.4285714285714285,0.0,0.0,0.4285714285714285,0.0,0.4285714285714285,0.4285714285714285,40.0,0.0,0.0,0.0,0.0,0.0,0.0,0.0,0.0,0.0,0.0,0.0,0.0,0.0,0.0
W3939,3,0.0,2.3602715765944597,4.657207955993266,2.223150111637971,0.0,0.7244814442126235,0.0,0.0,1.4300234756865446,0.0,1.60049961744651,1.2882192703798834,0.1050700639630241,0.2664086700804174,0.2442139707724461,0.6091633281863518,0.5946079441287748,0.5704762693495729,0.438266808263057,1.2267311812268715,1.712460117372385,0.5384144232282722,0.520432730617761,1.1493509533703452,1.4121709287577655,3.878273950129601,2.838956397504465
W3939,6,0.0,0.7929713168520878,1.4023198756017874,0.9883671067776952,0.0,0.2685008120670188,0.0,0.0,0.5661181117500974,0.0,0.7217410507852758,0.4978564362284055,0.046661525899414,0.040457929895749,0.0276471629759387,0.0688925343585644,-0.0207654021436791,0.0486166114880644,0.0220159097670921,0.0905970880059272,2.077841927972403,0.2595120318560802,0.2281759429521569,0.3402005984607505,0.6774601639536282,3.8816599579437168,3.4181895785176843
W3952,0,0.0,0.0,0.0,0.6,0.6,0.0,0.6,0.6,0.0,0.0,0.6,0.0,40.0,0.0,0.0,0.0,0.0,0.0,0.0,0.0,0.0,0.0,0.0,0.0,0.0,0.0,0.0
W3952,3,0.0,0.0,0.0,4.775216842527475,1.306937196656757,0.0,3.580816624176347,2.187920860982351,0.0,0.0,3.7286843138633055,0.0,0.0248518798661375,0.6306505044585229,1.0135347868772016,1.1479984600469044,1.3909576395840078,0.6492886775861297,1.1159798070901297,1.345952355249269,0.8442562833630574,0.4394493819947063,0.3185176222139587,0.2030177572671513,1.7084480424519175,2.254419458619352,4.174396444723403
W3952,6,0.0,0.0,0.0,1.8589838870283195,0.6557428924366466,0.0,0.9835806485892415,0.6619603665360458,0.0,0.0,1.357396707950841,0.0,0.0096464349686866,0.0015278570933653,0.034622838673221,0.0754122419123519,0.1833880906328565,-0.0100260855340313,0.0418139987685958,0.1794813490568166,0.678442362469323,0.2503165955816537,0.0378334472841643,0.0445184550104935,3.1973605896627757,1.3254489190630865,4.079839095615764
W3956,0,0.0,0.0,0.0,0.4285714285714285,0.4285714285714285,0.4285714285714285,0.0,0.4285714285714285,0.4285714285714285,0.4285714285714285,0.4285714285714285,0.0,40.0,0.0,0.0,0.0,0.0,0.0,0.0,0.0,0.0,0.0,0.0,0.0,0.0,0.0,0.0
W3956,3,0.0,0.0,0.0,3.3820014342612392,1.1619029555567848,0.7124755159774308,0.0,1.8100492892164457,2.3637631263006718,1.9987413385128776,2.808535406738015,0.0,1.0105423300120142,0.4796582598311042,1.7204886823158856,1.0882524640095377,1.663165440307289,0.6011753181332113,0.9779274368477762,1.9307420907806483,1.06200804204677,0.5778621861575627,0.602653433840004,0.1825797209515256,1.5097987344792654,2.0306074206934093,3.801999678774659
W3956,6,0.0,0.0,0.0,1.6770987679772331,0.8230800504317314,0.196948582325888,0.0,0.7158337899062114,0.8966865772858424,1.0089499482418682,1.171120236799972,0.0,0.0333731887909381,0.0574919709216313,0.1022608724148076,0.1125841473883227,0.3478482182618105,0.0670897975350812,0.111846483780787,0.2661449635839143,0.4104755864833468,0.2769823993208459,0.1073013873561726,0.0003347609149205,2.7781252785275328,1.7434598513686672,3.053547858051634
W3964,0,0.4285714285714285,0.4285714285714285,0.4285714285714285,0.4285714285714285,0.0,0.0,0.4285714285714285,0.0,0.0,0.4285714285714285,0.0,0.4285714285714285,40.0,0.0,0.0,0.0,0.0,0.0,0.0,0.0,0.0,0.0,0.0,0.0,0.0,0.0,0.0
W3964,3,3.497053919455331,1.779908964677725,3.114106234794149,1.9231650935285816,0.0,0.0,1.3782029539303189,0.0,0.0,1.3494018268897958,0.0,1.1420008155408978,0.0289226298874631,0.1080733104987708,0.1109657059738334,0.1582039547017937,0.4222481877606022,0.6101023318185237,0.4766540991287524,0.7168495588462043,0.6128464855360067,0.6149154278369965,0.375277940823827,0.9437199201784008,3.455942336540393,2.006203697085133,4.232089870901539
W3964,6,1.0629203072221431,0.5809591215485166,1.29888468528327,0.6071593529458846,0.0,0.0,0.4895154866852925,0.0,0.0,0.4309663138376814,0.0,0.3097268109929991,0.0001981517182596,-0.0002049306725432,-0.048927046203319,0.0386539654878745,0.0143581799563073,0.1258332124735703,0.0768563848223781,0.089878358657257,0.3100223184327389,0.4576471871502752,0.1708114033955279,0.547216938605982,2.167111483438099,1.0703823850710852,6.202940538337285
W3982,0,0.75,0.0,0.0,0.75,0.0,0.75,0.0,0.0,0.0,0.75,0.0,0.0,40.0,0.0,0.0,0.0,0.0,0.0,0.0,0.0,0.0,0.0,0.0,0.0,0.0,0.0,0.0
W3982,3,4.48652114813622,0.0,0.0,3.702577532888075,0.0,1.2920385564190653,0.0,0.0,0.0,2.4079670514627702,0.0,0.0,0.0544557311135476,0.1926651505672768,0.2093113833931027,0.1802707069195186,1.0084342748749324,0.7309280571194005,1.068547605120544,1.4951031542481623,0.6933977088219496,1.261906696586862,0.9292231148626198,0.4577392998233109,5.038569845457748,1.2446248087891296,3.7195767326368094
W3982,6,2.077377687293147,0.0,0.0,1.3387070592721344,0.0,0.6064049281948202,0.0,0.0,0.0,0.9584143154278812,0.0,0.0,0.0009201388059439,-0.0299034741057829,-0.0214431924946291,-0.024600858387227,0.1936047072812095,0.1124877360630635,0.0623843256765287,0.120776270138386,0.1699692759329846,1.191219835457573,0.1910991672938442,0.1458290427126704,8.3381873563111,0.2456930638865999,3.939055388266105
W3993,0,1.0,0.0,0.0,1.0,0.0,0.0,0.0,0.0,0.0,0.0,0.0,1.0,40.0,0.0,0.0,0.0,0.0,0.0,0.0,0.0,0.0,0.0,0.0,0.0,0.0,0.0,0.0
W3993,3,6.490883141947487,0.0,0.0,3.3661174554191207,0.0,0.0,0.0,0.0,0.0,0.0,0.0,2.7954666073829264,0.0145063778877606,0.0524763352611061,0.1159826020885314,0.1301322365715003,1.0653655495677017,0.5792785011705983,0.7474433479084956,1.052691932946377,0.5858160170642535,0.7472571853422889,0.4724100029089016,2.2608625773026594,6.318761783466731,0.9872099428165294,2.1438138827744364
W3993,6,2.113127848241127,0.0,0.0,1.1504704661751777,0.0,0.0,0.0,0.0,0.0,0.0,0.0,1.2299247688833204,-0.0617830896413681,0.0510003609961908,0.0099488613442852,0.1059675018044463,0.1554839588673532,0.0105694864260489,0.1487654277299094,0.1250131090033057,0.417316197775904,0.4019828080882203,0.1472088226240445,1.8415482331290625,7.118113977876434,0.1768916429009082,2.859384270133687
