Treatments,Time,S01,S02,S03,S04,S05,S06,S07,S08,S09,S10,S11,S12,S13,S14,S15,S16,S17,S18,S19,S20,S21,S22,S23,S24,S25,S26,S27,S28,S29,S30,R01,R02,R03,R04,R05,R06,R07,R08,R09,R10,R11,R12,R13,R14,R15
W0001,0,0.1,0.1,0.1,0.1,0.1,0.1,0.1,0.1,0.1,0.1,0.1,0.1,0.1,0.1,0.1,0.1,0.1,0.1,0.1,0.1,0.1,0.1,0.1,0.1,0.1,0.1,0.1,0.1,0.1,0.1,80.0,0.0,0.0,0.0,0.0,0.0,0.0,0.0,0.0,0.0,0.0,0.0,0.0,0.0,0.0
W0001,1,0.1654384044088208,0.1703315567908014,0.1412664366383063,0.1280624227889907,0.1543906634421741,0.1634820122101153,0.1851080489975552,0.1798621527239479,0.1574229449225088,0.1612021373548472,0.144020105008711,0.1399421448435322,0.135588242237303,0.1930580592658963,0.1534669078117564,0.1522999460878893,0.1420881521884826,0.1811328231958054,0.1373825243141093,0.1630017860598466,0.1488361137933374,0.1719483048597596,0.1467916732707646,0.1467072678779264,0.1649802614840825,0.1714781235517853,0.1672868310317012,0.1680544143255881,0.154250747497168,0.1603058934340228,65.48285964400827,0.4578644223950187,0.843089718268555,0.4666911134120166,1.0826183559663949,0.690301203868098,0.90383954928473,0.7913488484138225,0.5539896931341906,0.1672059053368988,0.4841400011025342,0.5078289649209679,0.743137506920371,1.3204049414730603,1.1923770915990235
W0001,2,0.2429645541818923,0.2549335008873547,0.2151887042024235,0.2099164424692624,0.2546896562121381,0.2423867256836558,0.2218050128582988,0.2612546548810288,0.2406012275138224,0.2758807789515409,0.2752541081008272,0.2690255607582817,0.2988881797531142,0.2206751680960051,0.2683764183923347,0.2314954597166476,0.2394009257517875,0.2629508619349064,0.260457718560757,0.2770705841152888,0.2339650361043941,0.2948475079312219,0.2432431700373737,0.2341821008400598,0.3117072834974109,0.3168515188859176,0.3059986702022457,0.2565149095067487,0.2401593471086733,0.3044601735115699,38.59611712659254,1.1128844362537973,2.092509214587602,1.2831570686115472,2.795122414467904,1.7757112262086632,2.7513323102777134,2.4261460364335785,1.2549112591650564,0.4813043416472398,1.2003363033469665,1.01483878410364,2.5442815292290515,3.171599209139846,3.09074593358715
W0001,3,0.3644501293787935,0.4331108672518928,0.3035253039993866,0.3900010120144915,0.3497086479249445,0.3693508158239411,0.3935373046605536,0.3959229116532599,0.3940016125469756,0.4450543264406537,0.4370476508339521,0.3423450045475935,0.35385912459651,0.3865480227065939,0.3271133132301854,0.4111937389210851,0.3712702279402692,0.4152340858182182,0.4898048891265497,0.4975451775522029,0.4670203289556889,0.4478788660221987,0.2658334284273445,0.5265917834087863,0.406010289920943,0.4240723613856569,0.4620709195128665,0.3778180592251264,0.4350660061077938,0.4716369742512223,8.570135805456822,2.012126011496678,3.1736075747678942,2.1225382521366347,5.589123144918434,3.436539805882372,4.208717755782918,3.7003935332190174,2.5638344029183764,0.8914802475832436,2.1828911021872277,2.124697330584203,4.811019658765526,5.960326456419901,5.485277578099455
W0001,4,0.3290145768097648,0.3165149145402646,0.2297781480034935,0.3385689197617202,0.310845378944729,0.3499095479047254,0.3462243748894886,0.3412690071290123,0.415510699501808,0.4369566427584636,0.2647318832544837,0.3651952163109104,0.3334503333248488,0.2811714333659697,0.2740674328517994,0.2712180256468684,0.3379323065227109,0.4131820986593153,0.336834610036145,0.3509504699038683,0.3421282615936893,0.40298930088061,0.2611737538768154,0.4328390393254761,0.432427426720522,0.3951381934322447,0.3669572493207115,0.3267920325926187,0.3126001170870123,0.3702295353054876,0.5404125580029909,1.846588101567596,3.1141881156781626,3.097574329192025,3.7011831477860553,2.964451375265019,4.4880849647621215,2.7443119751107377,1.5739506198030395,1.5372941789367598,2.1235184456033167,2.436332271495647,6.165693816250706,9.146815568234386,7.28154809259034
W0001,5,0.2240806050439684,0.3524982038691943,0.13955358841895,0.2007532893707857,0.2912721992214031,0.3190320923034876,0.3339518036424093,0.1989000442280463,0.3017357737505861,0.3247238572232401,0.1909881500112695,0.3079789667466213,0.3025964979081353,0.2020794320246064,0.1790492892782056,0.1849659590652077,0.2038610396392328,0.2554441659315607,0.222908207064099,0.3043437339561626,0.3948174706451682,0.3159669833541724,0.2174239725840548,0.2489853755354432,0.2012520030903875,0.3099553090870613,0.3031904815528929,0.1805730851688994,0.2610944702227536,0.2930277558926657,0.3640230439619074,2.0812148204453176,1.91182551203874,2.905757582030948,2.968308144235411,2.0769727018689754,3.286110932089056,2.3104458216712134,1.3065918572702937,1.0720322275841807,2.05411826505871,2.010265861981788,8.221044793181802,8.640170370578426,8.313499642454222
W0001,6,0.1497535333126814,0.2066120841517372,0.0907073997676587,0.1143468177228437,0.2503440276465247,0.2570291140168304,0.2068260400709461,0.1658391983242493,0.2520897729642404,0.288486598886205,0.1183902385574244,0.1841179576995009,0.2031998374934336,0.1227405043289917,0.1459114402524412,0.1095011086580493,0.1668160049166487,0.228668397956182,0.1456317315140461,0.2394209026049261,0.2831806594665512,0.2190191592999759,0.1598810024128697,0.1775838892837657,0.1474676058768515,0.1816845061242284,0.2502832632888246,0.1162302229133458,0.2026022762682711,0.2115762371811985,0.2057426264646882,2.3001809152198494,1.2264152313251837,2.227958366417743,2.07125996901402,1.662179992931231,2.381938634275862,1.2478434081022374,1.316097705139912,0.9240134511066884,1.594962439542014,1.975001162284744,7.552897276983941,8.961734929677135,8.22414961030354
W0002,0,3.0,0.0,0.0,0.0,0.0,0.0,0.0,0.0,0.0,0.0,0.0,0.0,0.0,0.0,0.0,0.0,0.0,0.0,0.0,0.0,0.0,0.0,0.0,0.0,0.0,0.0,0.0,0.0,0.0,0.0,80.0,0.0,0.0,0.0,0.0,0.0,0.0,0.0,0.0,0.0,0.0,0.0,0.0,0.0,0.0
W0002,1,4.7478911503422925,0.0,0.0,0.0,0.0,0.0,0.0,0.0,0.0,0.0,0.0,0.0,0.0,0.0,0.0,0.0,0.0,0.0,0.0,0.0,0.0,0.0,0.0,0.0,0.0,0.0,0.0,0.0,0.0,0.0,66.50938124718103,-0.0259782184292957,0.136114744623979,0.0678988578238657,1.167815627098877,0.5885759371835153,0.2023364791874056,0.1339303329394113,3.748319809721209,-0.0282595791289082,1.2098319184214572,0.0043077757422639,0.5537697045124931,2.835141464886322,0.0080920276616233
W0002,2,8.213797757235627,0.0,0.0,0.0,0.0,0.0,0.0,0.0,0.0,0.0,0.0,0.0,0.0,0.0,0.0,0.0,0.0,0.0,0.0,0.0,0.0,0.0,0.0,0.0,0.0,0.0,0.0,0.0,0.0,0.0,46.78686912186177,-0.0340418704629271,0.3837150015250798,-0.0602682524741072,2.91478976053613,1.9514425983706496,0.3900242584529348,0.7090090838002425,7.1355106924543765,-0.0326025028798227,3.144505726566371,0.0158780351420735,1.3569446980806272,7.5630410769633345,0.1240829082962375
W0002,3,11.916772274396203,0.0,0.0,0.0,0.0,0.0,0.0,0.0,0.0,0.0,0.0,0.0,0.0,0.0,0.0,0.0,0.0,0.0,0.0,0.0,0.0,0.0,0.0,0.0,0.0,0.0,0.0,0.0,0.0,0.0,7.899932219399349,0.0541531727492082,0.7211338472052153,0.0359978266524072,6.273670192575922,2.9208355159561297,0.6679607352589537,1.1325138488812785,16.090805585074783,0.0508591853412323,4.655446801975076,-0.0278531268944036,2.115044238654914,15.3017782665857,0.1644035548641088
W0002,4,8.155249812775557,0.0,0.0,0.0,0.0,0.0,0.0,0.0,0.0,0.0,0.0,0.0,0.0,0.0,0.0,0.0,0.0,0.0,0.0,0.0,0.0,0.0,0.0,0.0,0.0,0.0,0.0,0.0,0.0,0.0,0.1759125032608339,0.3382722299236059,0.7103383132327321,0.0992982816335553,3.281471750124813,3.7612757500356895,0.870646901656417,0.3841996381095646,16.019617081258072,0.0829663187788659,6.706665578831913,0.1199402189827972,2.874010802061518,14.592917086244103,0.5570251384100114
W0002,5,5.581107968667408,0.0,0.0,0.0,0.0,0.0,0.0,0.0,0.0,0.0,0.0,0.0,0.0,0.0,0.0,0.0,0.0,0.0,0.0,0.0,0.0,0.0,0.0,0.0,0.0,0.0,0.0,0.0,0.0,0.0,0.042273319058517,0.4303203688464183,0.4581392536271047,0.1563508081760724,2.793367106670656,3.4967387870318425,0.8065937106426598,0.1653063385594188,18.199381839990288,0.1057211277288361,5.395391691119549,0.1309885401873784,3.3806276936282105,17.980171714247785,0.6945036671822412
W0002,6,2.474125707322837,0.0,0.0,0.0,0.0,0.0,0.0,0.0,0.0,0.0,0.0,0.0,0.0,0.0,0.0,0.0,0.0,0.0,0.0,0.0,0.0,0.0,0.0,0.0,0.0,0.0,0.0,0.0,0.0,0.0,0.1098726066681457,0.438170436022342,0.4679326476946641,0.2156384445776385,2.257615686573491,4.035241399652144,0.7634731147745478,0.1930670777677158,17.455541072152684,0.129180897248077,5.759816684776425,0.2241852633934826,3.858049446373081,16.580838681674255,0.7370020007831637
W0003,0,0.0,3.0,0.0,0.0,0.0,0.0,0.0,0.0,0.0,0.0,0.0,0.0,0.0,0.0,0.0,0.0,0.0,0.0,0.0,0.0,0.0,0.0,0.0,0.0,0.0,0.0,0.0,0.0,0.0,0.0,80.0,0.0,0.0,0.0,0.0,0.0,0.0,0.0,0.0,0.0,0.0,0.0,0.0,0.0,0.0
W0003,1,0.0,4.295736295376789,0.0,0.0,0.0,0.0,0.0,0.0,0.0,0.0,0.0,0.0,0.0,0.0,0.0,0.0,0.0,0.0,0.0,0.0,0.0,0.0,0.0,0.0,0.0,0.0,0.0,0.0,0.0,0.0,62.1458750307501,-0.0734704860343766,0.003538125228449,2.3464657419914654,0.0544396627816419,0.3275725701644316,0.0187864478065609,0.0126521516347115,0.0044486518404318,0.6122157835089183,1.628939104309599,2.912343581985763,0.100612408518465,0.899870234466291,1.2665891858542992
W0003,2,0.0,8.684633869821477,0.0,0.0,0.0,0.0,0.0,0.0,0.0,0.0,0.0,0.0,0.0,0.0,0.0,0.0,0.0,0.0,0.0,0.0,0.0,0.0,0.0,0.0,0.0,0.0,0.0,0.0,0.0,0.0,45.39148091902501,-0.0278990305682878,0.0456620877815792,5.823558095540656,0.1900110806097255,0.6074581143429928,0.0188188541786367,-0.0002610553256821,0.0023524260250053,1.2587617535934807,5.360563916467509,6.920029854052789,0.2285558182373746,2.689928135323908,2.7972849149650347
W0003,3,0.0,11.1242099463901,0.0,0.0,0.0,0.0,0.0,0.0,0.0,0.0,0.0,0.0,0.0,0.0,0.0,0.0,0.0,0.0,0.0,0.0,0.0,0.0,0.0,0.0,0.0,0.0,0.0,0.0,0.0,0.0,8.481411498423011,0.0616459808027473,0.0819985130327127,9.059091447456684,0.9594951475127744,1.1617549828460647,0.0742223288430555,0.4538108449142275,-0.002066163822032,2.412891782902844,10.276676226791764,12.658817167138595,0.3367679020070031,6.306990495313591,5.970188784515275
W0003,4,0.0,8.786429457679706,0.0,0.0,0.0,0.0,0.0,0.0,0.0,0.0,0.0,0.0,0.0,0.0,0.0,0.0,0.0,0.0,0.0,0.0,0.0,0.0,0.0,0.0,0.0,0.0,0.0,0.0,0.0,0.0,0.6637134450787191,0.6114759638004971,0.226334942982185,1.445214998068229,2.7048716804253754,1.1105511235839884,0.0824257537885912,0.8984603995058382,0.3536358578874269,4.52157502984151,7.993926032114604,11.870274442685616,0.9720268844052538,4.719949939095464,8.36177083090272
W0003,5,0.0,7.628884944385264,0.0,0.0,0.0,0.0,0.0,0.0,0.0,0.0,0.0,0.0,0.0,0.0,0.0,0.0,0.0,0.0,0.0,0.0,0.0,0.0,0.0,0.0,0.0,0.0,0.0,0.0,0.0,0.0,0.5192006452922249,1.0573423952390368,0.2945991058878903,0.7507994919823822,2.1350642609050783,0.5021390727666313,0.302926797198865,0.8178896877679115,0.8004792139566301,5.366247372194452,8.859158802113026,10.799578244130773,1.2391999581936155,6.75134957736091,11.694194909675511
W0003,6,0.0,5.094087689446782,0.0,0.0,0.0,0.0,0.0,0.0,0.0,0.0,0.0,0.0,0.0,0.0,0.0,0.0,0.0,0.0,0.0,0.0,0.0,0.0,0.0,0.0,0.0,0.0,0.0,0.0,0.0,0.0,0.4750654306286092,0.935053657614375,0.3710123101888168,0.4516718388298352,1.6948529823393688,0.4236012066429729,0.29011820455114,0.7164807787271017,0.9848187548496664,5.819489770688994,6.413256371284313,10.66903363693496,1.559145549600463,8.829613195964253,10.403939646632166
W0004,0,0.0,0.0,3.0,0.0,0.0,0.0,0.0,0.0,0.0,0.0,0.0,0.0,0.0,0.0,0.0,0.0,0.0,0.0,0.0,0.0,0.0,0.0,0.0,0.0,0.0,0.0,0.0,0.0,0.0,0.0,80.0,0.0,0.0,0.0,0.0,0.0,0.0,0.0,0.0,0.0,0.0,0.0,0.0,0.0,0.0
W0004,1,0.0,0.0,4.26685221015211,0.0,0.0,0.0,0.0,0.0,0.0,0.0,0.0,0.0,0.0,0.0,0.0,0.0,0.0,0.0,0.0,0.0,0.0,0.0,0.0,0.0,0.0,0.0,0.0,0.0,0.0,0.0,67.30877672044713,0.228100307226043,1.1825228986718628,1.0279457860756949,0.0815683557428656,0.2975474554143509,6.472169205463592,0.2905856249708679,0.0277680890074292,0.0445378871907537,0.085200734594773,0.2770006695954014,0.1848018199467386,-0.0158045068370414,-0.0568818517512078
W0004,2,0.0,0.0,5.774336661687746,0.0,0.0,0.0,0.0,0.0,0.0,0.0,0.0,0.0,0.0,0.0,0.0,0.0,0.0,0.0,0.0,0.0,0.0,0.0,0.0,0.0,0.0,0.0,0.0,0.0,0.0,0.0,44.44671014097253,0.7425250464389768,3.0009196809313106,2.852861487375048,-0.0140744499022026,0.72645893862516,17.117757374285073,0.6765949887446648,0.116391117825813,0.0708371266745776,0.0466017416483349,0.6927508526948564,0.4602630563413137,-0.0862012698802843,0.1187323669255723
W0004,3,0.0,0.0,10.377238261235515,0.0,0.0,0.0,0.0,0.0,0.0,0.0,0.0,0.0,0.0,0.0,0.0,0.0,0.0,0.0,0.0,0.0,0.0,0.0,0.0,0.0,0.0,0.0,0.0,0.0,0.0,0.0,17.860828587315506,0.9954194813249412,5.304781179710438,4.928089149237303,0.0511359235684628,1.1393923213237207,27.51431430902528,1.088720778481553,0.3382560785815112,0.2249823753373648,0.0288663222938792,1.2531545815554732,0.9710717839272112,0.1281925322522532,0.6198227541902859
W0004,4,0.0,0.0,10.324915176797989,0.0,0.0,0.0,0.0,0.0,0.0,0.0,0.0,0.0,0.0,0.0,0.0,0.0,0.0,0.0,0.0,0.0,0.0,0.0,0.0,0.0,0.0,0.0,0.0,0.0,0.0,0.0,6.122420619918939,1.6678041980126717,4.720994401382251,5.630677315455972,0.7192688372991439,1.6679616563264936,20.660638437509512,1.712203059054765,0.5222408495514976,1.420580443874404,0.0744242412535094,1.5236901445238398,1.7043027089092029,0.6145941104541639,4.271242855898453
W0004,5,0.0,0.0,8.87460759737171,0.0,0.0,0.0,0.0,0.0,0.0,0.0,0.0,0.0,0.0,0.0,0.0,0.0,0.0,0.0,0.0,0.0,0.0,0.0,0.0,0.0,0.0,0.0,0.0,0.0,0.0,0.0,2.9064042199024707,1.5924340422365393,2.698466171164114,8.80901318772614,1.289762138949452,1.459922954568651,13.213152432382978,1.3649149481728016,0.849445749968117,2.5699005994748707,0.1949916282265401,1.5635424014841266,2.645329798334962,1.4525986353856692,8.562362591475223
W0004,6,0.0,0.0,6.400015307391918,0.0,0.0,0.0,0.0,0.0,0.0,0.0,0.0,0.0,0.0,0.0,0.0,0.0,0.0,0.0,0.0,0.0,0.0,0.0,0.0,0.0,0.0,0.0,0.0,0.0,0.0,0.0,1.578022951235508,1.4005872935706585,1.7832829100250915,7.715671820398723,1.5419230810812623,1.6576070886345395,7.211975040696465,1.1911281672013168,1.2041240165331244,3.530570624688937,0.0647629740759923,1.1169076827323787,3.3324963703566115,1.719521386232188,9.937025100190304
W0005,0,0.0,0.0,0.0,3.0,0.0,0.0,0.0,0.0,0.0,0.0,0.0,0.0,0.0,0.0,0.0,0.0,0.0,0.0,0.0,0.0,0.0,0.0,0.0,0.0,0.0,0.0,0.0,0.0,0.0,0.0,80.0,0.0,0.0,0.0,0.0,0.0,0.0,0.0,0.0,0.0,0.0,0.0,0.0,0.0,0.0
W0005,1,0.0,0.0,0.0,4.375745572900312,0.0,0.0,0.0,0.0,0.0,0.0,0.0,0.0,0.0,0.0,0.0,0.0,0.0,0.0,0.0,0.0,0.0,0.0,0.0,0.0,0.0,0.0,0.0,0.0,0.0,0.0,65.65085081158576,0.0602866691286045,0.0745108886314018,0.1198811727883051,2.672033858122992,-0.0446696644633345,1.4821215935986742,0.016426676586463,0.0212887706917269,0.0291935729464228,1.0820132388133654,0.4061901397871876,0.9239965877980596,0.1780306211673787,3.14980847576459
W0005,2,0.0,0.0,0.0,7.602240414632491,0.0,0.0,0.0,0.0,0.0,0.0,0.0,0.0,0.0,0.0,0.0,0.0,0.0,0.0,0.0,0.0,0.0,0.0,0.0,0.0,0.0,0.0,0.0,0.0,0.0,0.0,42.34677927955005,-0.0054074564256976,0.1023133537687487,-0.0262057560711775,6.374232378139131,0.0245363887700429,4.165380337466188,0.117681351864589,0.0473611416208563,0.2763082475875114,2.2154207442052454,1.2287541886920217,2.0750987083546604,0.4998774269989353,8.859350048423897
W0005,3,0.0,0.0,0.0,13.52945343583062,0.0,0.0,0.0,0.0,0.0,0.0,0.0,0.0,0.0,0.0,0.0,0.0,0.0,0.0,0.0,0.0,0.0,0.0,0.0,0.0,0.0,0.0,0.0,0.0,0.0,0.0,10.973707837994931,0.0076530205918951,0.155813613706254,0.0118223135636663,12.369469427195444,0.0615368404937217,7.2013701275755375,0.2637131746583875,0.0802504496892965,0.621632811784757,5.461664597925389,1.9708268144536136,5.29087133377849,0.9225515895001016,15.294800976935443
W0005,4,0.0,0.0,0.0,11.282919736163128,0.0,0.0,0.0,0.0,0.0,0.0,0.0,0.0,0.0,0.0,0.0,0.0,0.0,0.0,0.0,0.0,0.0,0.0,0.0,0.0,0.0,0.0,0.0,0.0,0.0,0.0,1.023256445327214,0.1040539781750071,0.1382118336632699,0.2312817120416438,7.226080713827973,-0.0310805933818944,5.177622737575352,1.4336688788266987,0.0778583147446274,0.8090159008081268,5.636323348900204,2.3626110723918456,9.072611182096168,1.579664205928115,16.801256947134508
W0005,5,0.0,0.0,0.0,6.408944937365264,0.0,0.0,0.0,0.0,0.0,0.0,0.0,0.0,0.0,0.0,0.0,0.0,0.0,0.0,0.0,0.0,0.0,0.0,0.0,0.0,0.0,0.0,0.0,0.0,0.0,0.0,0.7207970800714777,0.1449780945788671,0.2159547231839061,0.4028035152431953,4.504515625492669,0.0625329118468306,3.9193787925412527,1.478303720555395,0.0263823404303806,0.942032798739182,6.117541931679072,2.5242545274006045,10.552051230850353,2.435138270402231,18.193475348369866
W0005,6,0.0,0.0,0.0,4.697415496709361,0.0,0.0,0.0,0.0,0.0,0.0,0.0,0.0,0.0,0.0,0.0,0.0,0.0,0.0,0.0,0.0,0.0,0.0,0.0,0.0,0.0,0.0,0.0,0.0,0.0,0.0,0.5571500434267259,0.1805158564639853,0.1638398772932788,0.618322470786858,2.729928703641121,0.071053470605354,2.7659721291397603,1.0286324611051534,0.0382213057849206,0.8652508957524718,4.813627298131274,2.6569173287383245,9.294923231689715,2.5258095829795546,21.48316930500192
W0006,0,0.0,0.0,0.0,0.0,3.0,0.0,0.0,0.0,0.0,0.0,0.0,0.0,0.0,0.0,0.0,0.0,0.0,0.0,0.0,0.0,0.0,0.0,0.0,0.0,0.0,0.0,0.0,0.0,0.0,0.0,80.0,0.0,0.0,0.0,0.0,0.0,0.0,0.0,0.0,0.0,0.0,0.0,0.0,0.0,0.0
W0006,1,0.0,0.0,0.0,0.0,4.097175178100786,0.0,0.0,0.0,0.0,0.0,0.0,0.0,0.0,0.0,0.0,0.0,0.0,0.0,0.0,0.0,0.0,0.0,0.0,0.0,0.0,0.0,0.0,0.0,0.0,0.0,70.81935274415265,1.258625910019591,0.8268722760902949,0.0654712794878924,0.133915876693778,0.1458329488256869,3.027160132122961,0.5642691748663411,-0.0162384654828689,0.6534522291891627,-0.0674187528242937,-0.0123073269970232,2.743247647870995,0.1245448971596895,0.3315328382807451
W0006,2,0.0,0.0,0.0,0.0,6.782683532738592,0.0,0.0,0.0,0.0,0.0,0.0,0.0,0.0,0.0,0.0,0.0,0.0,0.0,0.0,0.0,0.0,0.0,0.0,0.0,0.0,0.0,0.0,0.0,0.0,0.0,36.94032606042493,4.157587303052191,1.6251819433061387,-0.0539486521374663,0.3663017107439228,0.4215812664897815,8.803967602331305,1.60449031333673,-0.0125486797720511,1.3626196817552458,-0.0602919052473405,0.0056740985945003,6.356320197110928,0.5317611469493556,0.963835363771901
W0006,3,0.0,0.0,0.0,0.0,10.532687332503844,0.0,0.0,0.0,0.0,0.0,0.0,0.0,0.0,0.0,0.0,0.0,0.0,0.0,0.0,0.0,0.0,0.0,0.0,0.0,0.0,0.0,0.0,0.0,0.0,0.0,16.36790104362228,5.137119225472081,2.37007448908853,0.0666405918600878,1.1301199937561603,1.1416965459082542,13.292666312342645,2.955944583407793,0.00758221038832,2.142639119574809,0.1133410521632657,0.1131232558696533,10.073446602805223,1.5098459922734275,1.444695632864572
W0006,4,0.0,0.0,0.0,0.0,12.0474721000706,0.0,0.0,0.0,0.0,0.0,0.0,0.0,0.0,0.0,0.0,0.0,0.0,0.0,0.0,0.0,0.0,0.0,0.0,0.0,0.0,0.0,0.0,0.0,0.0,0.0,3.864893889511777,6.873395068676019,1.007485203652694,0.4511658633663798,3.375132503010068,2.4633186367148365,5.226673083688216,4.876918760632693,0.0953792933784815,3.008604424967112,0.3954896125074614,0.4690205465288871,13.960493247935418,3.637793179326703,2.290384722622747
W0006,5,0.0,0.0,0.0,0.0,8.570136860091235,0.0,0.0,0.0,0.0,0.0,0.0,0.0,0.0,0.0,0.0,0.0,0.0,0.0,0.0,0.0,0.0,0.0,0.0,0.0,0.0,0.0,0.0,0.0,0.0,0.0,1.4703457543296867,6.699933919682336,0.6276901281890648,0.7629838103817359,3.222770830061229,1.5576664535821596,2.460713615196633,3.6008639406259006,0.2077163685925836,2.5205328542266168,0.7956879430427037,0.5234339038572136,11.899725914067982,4.720320599511516,3.357133681273356
W0006,6,0.0,0.0,0.0,0.0,5.826810277448788,0.0,0.0,0.0,0.0,0.0,0.0,0.0,0.0,0.0,0.0,0.0,0.0,0.0,0.0,0.0,0.0,0.0,0.0,0.0,0.0,0.0,0.0,0.0,0.0,0.0,1.0014914287425332,6.8504593794771225,0.48264953047551,1.2682973215883289,2.622226188168168,1.1802066615254756,1.463596553410035,3.118049322009818,0.3987517508993944,2.1588416114853564,0.9968544833197078,0.493032433973819,12.894260774210023,6.698397677196333,4.489066807974177
W0007,0,0.0,0.0,0.0,0.0,0.0,3.0,0.0,0.0,0.0,0.0,0.0,0.0,0.0,0.0,0.0,0.0,0.0,0.0,0.0,0.0,0.0,0.0,0.0,0.0,0.0,0.0,0.0,0.0,0.0,0.0,80.0,0.0,0.0,0.0,0.0,0.0,0.0,0.0,0.0,0.0,0.0,0.0,0.0,0.0,0.0
W0007,1,0.0,0.0,0.0,0.0,0.0,5.404968719614878,0.0,0.0,0.0,0.0,0.0,0.0,0.0,0.0,0.0,0.0,0.0,0.0,0.0,0.0,0.0,0.0,0.0,0.0,0.0,0.0,0.0,0.0,0.0,0.0,58.35103456506935,0.0896284184174673,4.802525200305815,0.0767310425242661,0.9576911325063228,0.999456412696396,1.890567418356484,0.1940392207794131,-0.0563427855259553,-0.0534641642486842,0.065884839673187,-0.0029358183865846,0.1129753545848479,-0.0018087647713248,1.8777340149419608
W0007,2,0.0,0.0,0.0,0.0,0.0,7.574142071856181,0.0,0.0,0.0,0.0,0.0,0.0,0.0,0.0,0.0,0.0,0.0,0.0,0.0,0.0,0.0,0.0,0.0,0.0,0.0,0.0,0.0,0.0,0.0,0.0,40.76093719188622,0.2217086599219042,10.962349161953243,0.2271604632760444,2.192014664743751,2.0219341216031297,4.924116869341218,0.6112046710021817,0.0428316842681524,-0.009925724824367,0.1102741893094091,0.2061347625630092,0.267757453436908,-0.0030179159023359,3.464043928643576
W0007,3,0.0,0.0,0.0,0.0,0.0,9.280980705293564,0.0,0.0,0.0,0.0,0.0,0.0,0.0,0.0,0.0,0.0,0.0,0.0,0.0,0.0,0.0,0.0,0.0,0.0,0.0,0.0,0.0,0.0,0.0,0.0,18.47260773424973,0.4086813620727663,9.405540968945042,0.4997958129049629,3.42522216272862,3.090927461889515,7.551563601196272,1.0831018900603993,0.5191416414627948,0.0688306511374097,0.2208029851159113,1.116139688048147,0.7938304765869895,0.1742185576388156,7.66701384105327
W0007,4,0.0,0.0,0.0,0.0,0.0,12.524576323260538,0.0,0.0,0.0,0.0,0.0,0.0,0.0,0.0,0.0,0.0,0.0,0.0,0.0,0.0,0.0,0.0,0.0,0.0,0.0,0.0,0.0,0.0,0.0,0.0,5.0852165254486215,0.5709986410852254,2.470614266410844,0.7929470750034144,4.868285239078411,4.15338895405162,3.5514901707723627,2.6727797039702947,0.9932093481916724,0.2252389796408556,0.8923129723439043,3.46145775475017,2.2336124535789312,1.0328181235272698,16.059740897086353
W0007,5,0.0,0.0,0.0,0.0,0.0,10.93914274308093,0.0,0.0,0.0,0.0,0.0,0.0,0.0,0.0,0.0,0.0,0.0,0.0,0.0,0.0,0.0,0.0,0.0,0.0,0.0,0.0,0.0,0.0,0.0,0.0,1.5251010443378448,1.2232254697040803,0.5842221963275058,1.072515393752059,3.546482937373627,2.724898186240241,0.9205092197566632,1.682688312825653,1.1028958417763333,0.4134435238472965,1.3361927153047155,3.2863066767151103,2.760058155154721,1.728153866464837,18.293877858405875
W0007,6,0.0,0.0,0.0,0.0,0.0,7.506810778059364,0.0,0.0,0.0,0.0,0.0,0.0,0.0,0.0,0.0,0.0,0.0,0.0,0.0,0.0,0.0,0.0,0.0,0.0,0.0,0.0,0.0,0.0,0.0,0.0,0.7688734648510286,1.3280012099665863,0.3993194531627798,1.1432962612653876,1.7280208520969262,2.2228793276199674,0.4800232093342188,1.297329111534003,1.1071530850305054,0.6750964086040763,1.1521159957560123,3.3278711406081136,3.7153076968469017,2.2235480577371254,20.77266310270117
W0008,0,0.0,0.0,0.0,0.0,0.0,0.0,3.0,0.0,0.0,0.0,0.0,0.0,0.0,0.0,0.0,0.0,0.0,0.0,0.0,0.0,0.0,0.0,0.0,0.0,0.0,0.0,0.0,0.0,0.0,0.0,80.0,0.0,0.0,0.0,0.0,0.0,0.0,0.0,0.0,0.0,0.0,0.0,0.0,0.0,0.0
W0008,1,0.0,0.0,0.0,0.0,0.0,0.0,5.2145514049489305,0.0,0.0,0.0,0.0,0.0,0.0,0.0,0.0,0.0,0.0,0.0,0.0,0.0,0.0,0.0,0.0,0.0,0.0,0.0,0.0,0.0,0.0,0.0,65.67529188415766,-0.030174318818717,3.12922235234467,0.865683065035943,1.853475747666934,0.4133297459290053,0.6603659842320495,-0.048818467932816,0.0312451860672853,0.058103678599939,0.0222231006383439,-0.0297405303108955,0.6009403694582927,1.9282370351192823,0.3884017337142498
W0008,2,0.0,0.0,0.0,0.0,0.0,0.0,7.898871958929354,0.0,0.0,0.0,0.0,0.0,0.0,0.0,0.0,0.0,0.0,0.0,0.0,0.0,0.0,0.0,0.0,0.0,0.0,0.0,0.0,0.0,0.0,0.0,38.90366891820512,0.0429012402967257,9.00150948519061,2.2491513940531718,5.630479672137197,1.7401955709131032,2.116004361327765,0.0420729011871688,-0.0672978853810552,0.0590618705713181,-0.0244078351923012,0.0740126161862281,1.3276727138050464,5.060710177907182,1.0901736492677476
W0008,3,0.0,0.0,0.0,0.0,0.0,0.0,11.123755462559682,0.0,0.0,0.0,0.0,0.0,0.0,0.0,0.0,0.0,0.0,0.0,0.0,0.0,0.0,0.0,0.0,0.0,0.0,0.0,0.0,0.0,0.0,0.0,7.235072764401696,0.2445890720310546,16.672918060375952,3.5455862431567597,10.704604894881552,1.9656282966882883,3.1038192943064717,0.1773013722845156,-0.0484729157509741,0.1828259456236477,-0.0493253290876296,0.0034387733568328,2.0538707105700027,8.43241795139877,1.7018682098152345
W0008,4,0.0,0.0,0.0,0.0,0.0,0.0,11.505523603735629,0.0,0.0,0.0,0.0,0.0,0.0,0.0,0.0,0.0,0.0,0.0,0.0,0.0,0.0,0.0,0.0,0.0,0.0,0.0,0.0,0.0,0.0,0.0,1.1313842081009913,1.7335645083721107,7.195335008976754,4.495031110099342,9.682468962173612,1.581364819588979,3.5882138822172385,1.2538188974236404,0.0932998748423141,0.1221684095260113,0.0538429752853892,0.1804098144544744,3.521774313495689,13.514370427468398,3.255310710930279
W0008,5,0.0,0.0,0.0,0.0,0.0,0.0,7.666911082919476,0.0,0.0,0.0,0.0,0.0,0.0,0.0,0.0,0.0,0.0,0.0,0.0,0.0,0.0,0.0,0.0,0.0,0.0,0.0,0.0,0.0,0.0,0.0,0.742975379728633,1.6377630112714658,5.088249125438056,3.6583817925982167,8.48549222942892,1.222399944481564,2.483957317685608,1.9333536318047155,0.3715528586544671,0.1373624231592302,0.0659454676294406,0.3565819494788595,4.654033975546304,12.659020696256464,4.156260397512683
W0008,6,0.0,0.0,0.0,0.0,0.0,0.0,5.9238015843218585,0.0,0.0,0.0,0.0,0.0,0.0,0.0,0.0,0.0,0.0,0.0,0.0,0.0,0.0,0.0,0.0,0.0,0.0,0.0,0.0,0.0,0.0,0.0,0.4911896403406666,1.3743673995704633,2.3340147217217053,1.9516850350004007,7.354342991367421,0.8848872102707219,1.7590253351723917,1.7879544224736963,0.5161813096788943,0.1654767337364855,0.1274751162366423,0.3922594410398534,4.573244349562366,13.691985090958314,4.37322762819728
W0009,0,0.0,0.0,0.0,0.0,0.0,0.0,0.0,3.0,0.0,0.0,0.0,0.0,0.0,0.0,0.0,0.0,0.0,0.0,0.0,0.0,0.0,0.0,0.0,0.0,0.0,0.0,0.0,0.0,0.0,0.0,80.0,0.0,0.0,0.0,0.0,0.0,0.0,0.0,0.0,0.0,0.0,0.0,0.0,0.0,0.0
W0009,1,0.0,0.0,0.0,0.0,0.0,0.0,0.0,4.514869637212584,0.0,0.0,0.0,0.0,0.0,0.0,0.0,0.0,0.0,0.0,0.0,0.0,0.0,0.0,0.0,0.0,0.0,0.0,0.0,0.0,0.0,0.0,72.28475700730158,0.1007069021979134,-0.0441890272387743,-0.0098746058410364,-0.0902572910104847,2.011592787949352,0.0161962208594373,0.9314376913540002,-0.0151808533404451,-0.0025481808036092,-0.0177179486035094,0.798773649352009,1.6312746201669417,3.9276274617321874,0.9346012451233864
W0009,2,0.0,0.0,0.0,0.0,0.0,0.0,0.0,8.258971616366228,0.0,0.0,0.0,0.0,0.0,0.0,0.0,0.0,0.0,0.0,0.0,0.0,0.0,0.0,0.0,0.0,0.0,0.0,0.0,0.0,0.0,0.0,45.04154902724713,0.2121413081568783,-0.0239827287904834,0.0868057378885866,-0.0501855213666729,5.102200776173294,0.0102416820113441,1.9780342342430144,-0.0467251746302429,0.0353256229824846,0.0492958233070365,1.7378618733334077,4.6807915159661215,9.933947678210217,1.966420503759265
W0009,3,0.0,0.0,0.0,0.0,0.0,0.0,0.0,9.78599874105604,0.0,0.0,0.0,0.0,0.0,0.0,0.0,0.0,0.0,0.0,0.0,0.0,0.0,0.0,0.0,0.0,0.0,0.0,0.0,0.0,0.0,0.0,12.160227677709187,0.3648913825678166,0.0451877723839182,0.0853906717317158,0.0346523616692496,8.529637847938645,0.1732438706809062,4.273157269032902,0.014072402905666,-0.0333184462842596,0.0452859982657697,2.855891122084345,9.103429575087508,18.299792814167336,4.318957015851348
W0009,4,0.0,0.0,0.0,0.0,0.0,0.0,0.0,9.380225532697796,0.0,0.0,0.0,0.0,0.0,0.0,0.0,0.0,0.0,0.0,0.0,0.0,0.0,0.0,0.0,0.0,0.0,0.0,0.0,0.0,0.0,0.0,2.7913127830303166,0.7400956842931792,0.0355238065274193,0.0985214730940807,0.1070012653781693,5.984181048733205,0.5592303969109342,3.426506260520999,-0.0605354131545787,0.0264856669692802,-0.0422544285524822,3.2971926686001947,10.720547372915414,17.633957925552988,7.524216032167224
W0009,5,0.0,0.0,0.0,0.0,0.0,0.0,0.0,7.080630461594012,0.0,0.0,0.0,0.0,0.0,0.0,0.0,0.0,0.0,0.0,0.0,0.0,0.0,0.0,0.0,0.0,0.0,0.0,0.0,0.0,0.0,0.0,1.6393797934400114,0.7053705938621148,-0.0445008786080209,0.189511435113322,0.2616221499342435,3.625066731858087,1.102874346224484,1.879562294613968,0.0239536940158849,-0.0491599010919449,-0.0113694154303953,3.826058445328989,11.73913269184427,12.203273990316264,10.46200971736148
W0009,6,0.0,0.0,0.0,0.0,0.0,0.0,0.0,5.286010261728683,0.0,0.0,0.0,0.0,0.0,0.0,0.0,0.0,0.0,0.0,0.0,0.0,0.0,0.0,0.0,0.0,0.0,0.0,0.0,0.0,0.0,0.0,1.003541345012748,0.8976595812583301,0.0083639600422225,0.1892839407909133,0.2060898107623271,2.148422493020347,0.9743449168061418,1.4122345400881846,0.0655814465793208,0.0571286630051277,-0.0202809865477198,4.398308873361447,11.789743941948627,9.65889637053628,13.953256950974708
W0010,0,0.0,0.0,0.0,0.0,0.0,0.0,0.0,0.0,3.0,0.0,0.0,0.0,0.0,0.0,0.0,0.0,0.0,0.0,0.0,0.0,0.0,0.0,0.0,0.0,0.0,0.0,0.0,0.0,0.0,0.0,80.0,0.0,0.0,0.0,0.0,0.0,0.0,0.0,0.0,0.0,0.0,0.0,0.0,0.0,0.0
W0010,1,0.0,0.0,0.0,0.0,0.0,0.0,0.0,0.0,4.812101068404047,0.0,0.0,0.0,0.0,0.0,0.0,0.0,0.0,0.0,0.0,0.0,0.0,0.0,0.0,0.0,0.0,0.0,0.0,0.0,0.0,0.0,62.746851616378784,0.0169270132751936,0.9016099830957912,0.2179537546622288,-0.0729517027594227,5.553594168754698,0.699096934528345,0.7993826717693919,0.1278726177229534,0.0438492002575362,-0.0420666974467326,0.0400692781696412,0.0305035772149073,0.1841714055552995,1.8174990802433024
W0010,2,0.0,0.0,0.0,0.0,0.0,0.0,0.0,0.0,7.808411001287836,0.0,0.0,0.0,0.0,0.0,0.0,0.0,0.0,0.0,0.0,0.0,0.0,0.0,0.0,0.0,0.0,0.0,0.0,0.0,0.0,0.0,42.49464097255925,0.1249441981068009,3.237526585131837,0.8098393508395323,-0.0324662379718828,12.482278778114908,1.7961137702448997,2.7209265296152587,0.1477727512244069,0.2689471958364704,-0.0912097802380172,0.0740183373355748,0.4096668221526383,0.5276663779539089,5.83942543079881
W0010,3,0.0,0.0,0.0,0.0,0.0,0.0,0.0,0.0,11.599064350294062,0.0,0.0,0.0,0.0,0.0,0.0,0.0,0.0,0.0,0.0,0.0,0.0,0.0,0.0,0.0,0.0,0.0,0.0,0.0,0.0,0.0,12.189315547772518,0.2906398679088829,4.636905057122228,1.2372587826447183,0.1211528390670881,15.319960806590354,3.77233839450586,3.3858947857292883,1.20183139604126,0.4039381508246148,0.1026057554059556,0.1247356822783911,0.7670888390440026,0.9082380254492536,11.18151158930034
W0010,4,0.0,0.0,0.0,0.0,0.0,0.0,0.0,0.0,13.787879824499711,0.0,0.0,0.0,0.0,0.0,0.0,0.0,0.0,0.0,0.0,0.0,0.0,0.0,0.0,0.0,0.0,0.0,0.0,0.0,0.0,0.0,1.9036090566144075,0.4930742230229349,5.7182010788237605,1.9168930956864252,0.7270710541307285,3.816364711450474,4.049756057075695,2.2163141750433244,3.635005732420374,0.619257933918767,0.2336710154734789,0.219962481022085,1.8239285280052044,2.664574143206963,22.19319370513726
W0010,5,0.0,0.0,0.0,0.0,0.0,0.0,0.0,0.0,9.015306832898402,0.0,0.0,0.0,0.0,0.0,0.0,0.0,0.0,0.0,0.0,0.0,0.0,0.0,0.0,0.0,0.0,0.0,0.0,0.0,0.0,0.0,0.3321748969984924,0.5171726788414459,6.002945866481469,2.944513325048069,0.2834855395774809,0.6397186885172002,2.4841266775872946,0.4858434630109934,4.550197050288782,0.9769409451449232,0.4306074636399994,0.4179937045063114,1.948845614717361,2.0176945057276834,18.853161659475493
W0010,6,0.0,0.0,0.0,0.0,0.0,0.0,0.0,0.0,5.095177027664342,0.0,0.0,0.0,0.0,0.0,0.0,0.0,0.0,0.0,0.0,0.0,0.0,0.0,0.0,0.0,0.0,0.0,0.0,0.0,0.0,0.0,0.154022321689528,0.2706655613176605,5.032386064932363,3.553358317002849,0.2816912629550271,0.4320498014520982,1.9837892839170848,0.3387235795407018,3.815186836927373,1.2933636341073138,0.5366298629979225,0.4752278627751705,2.254245007519464,2.2493733295886997,17.877952631921872
W0011,0,0.0,0.0,0.0,0.0,0.0,0.0,0.0,0.0,0.0,3.0,0.0,0.0,0.0,0.0,0.0,0.0,0.0,0.0,0.0,0.0,0.0,0.0,0.0,0.0,0.0,0.0,0.0,0.0,0.0,0.0,80.0,0.0,0.0,0.0,0.0,0.0,0.0,0.0,0.0,0.0,0.0,0.0,0.0,0.0,0.0
W0011,1,0.0,0.0,0.0,0.0,0.0,0.0,0.0,0.0,0.0,6.067134303651847,0.0,0.0,0.0,0.0,0.0,0.0,0.0,0.0,0.0,0.0,0.0,0.0,0.0,0.0,0.0,0.0,0.0,0.0,0.0,0.0,59.35289422086704,-0.0408598779602189,1.476421775965516,-0.0149105373887321,0.1643608468394151,2.1524503479192494,6.293913001544861,0.1984425140534674,0.1580408472120241,-0.049169857690219,0.0266687278347452,0.0021155856843767,0.0819830849050408,-0.0437389396422746,1.0363332526570177
W0011,2,0.0,0.0,0.0,0.0,0.0,0.0,0.0,0.0,0.0,8.442789386203561,0.0,0.0,0.0,0.0,0.0,0.0,0.0,0.0,0.0,0.0,0.0,0.0,0.0,0.0,0.0,0.0,0.0,0.0,0.0,0.0,40.13472722439278,-0.0004561885055737,3.2569635308314435,0.0479735734208417,0.241656818677767,6.843710001612383,13.245435444346748,0.3163141217777818,0.3399104583130984,0.0042253753969545,-0.0258403886417569,-0.0254001131977277,0.1629452594241869,0.0571461832014763,3.318691801213175
W0011,3,0.0,0.0,0.0,0.0,0.0,0.0,0.0,0.0,0.0,14.374115571041628,0.0,0.0,0.0,0.0,0.0,0.0,0.0,0.0,0.0,0.0,0.0,0.0,0.0,0.0,0.0,0.0,0.0,0.0,0.0,0.0,4.622837382653763,0.0012199111031931,4.172938397686865,0.3172325342851186,0.5539197455073248,10.920303407771566,27.25935387555968,0.7576308966386601,0.7415468565538138,0.1097406743639749,0.0872938922340879,0.0308687088248378,0.3647175400274125,0.1650208262035243,6.617154852193119
W0011,4,0.0,0.0,0.0,0.0,0.0,0.0,0.0,0.0,0.0,12.487629775801071,0.0,0.0,0.0,0.0,0.0,0.0,0.0,0.0,0.0,0.0,0.0,0.0,0.0,0.0,0.0,0.0,0.0,0.0,0.0,0.0,0.2765148005376032,0.1032961786230232,1.1680483146493934,2.52199350868717,1.25032453120013,8.783221709640976,20.64963537646157,0.7567138362253596,1.6706839692767763,1.5052060230370925,0.087793483809593,0.0093469038215294,0.4524693538281388,2.02281119350348,9.771189763856208
W0011,5,0.0,0.0,0.0,0.0,0.0,0.0,0.0,0.0,0.0,9.004130671049131,0.0,0.0,0.0,0.0,0.0,0.0,0.0,0.0,0.0,0.0,0.0,0.0,0.0,0.0,0.0,0.0,0.0,0.0,0.0,0.0,0.2468343316473716,0.211746204026809,0.6361272982816087,3.787410076769843,1.4742388175468075,5.192928934648755,13.809969471316167,0.697761447838793,2.7231016624634004,2.266346412015607,0.0922614979068049,0.0723485338331006,1.0253243417228457,3.21814124339064,12.811035539400564
W0011,6,0.0,0.0,0.0,0.0,0.0,0.0,0.0,0.0,0.0,6.465671788433849,0.0,0.0,0.0,0.0,0.0,0.0,0.0,0.0,0.0,0.0,0.0,0.0,0.0,0.0,0.0,0.0,0.0,0.0,0.0,0.0,0.1853599857626726,0.2549809309316108,0.5749770769236069,3.726412068456664,1.271378179870288,4.867002417954785,9.27480787453992,0.6243504766553089,3.395717883425444,3.217214125313029,0.1266714868104259,0.0694278200219608,0.5485824574747205,3.695544431111265,12.771015609179749
W0012,0,0.0,0.0,0.0,0.0,0.0,0.0,0.0,0.0,0.0,0.0,3.0,0.0,0.0,0.0,0.0,0.0,0.0,0.0,0.0,0.0,0.0,0.0,0.0,0.0,0.0,0.0,0.0,0.0,0.0,0.0,80.0,0.0,0.0,0.0,0.0,0.0,0.0,0.0,0.0,0.0,0.0,0.0,0.0,0.0,0.0
W0012,1,0.0,0.0,0.0,0.0,0.0,0.0,0.0,0.0,0.0,0.0,5.052579156043758,0.0,0.0,0.0,0.0,0.0,0.0,0.0,0.0,0.0,0.0,0.0,0.0,0.0,0.0,0.0,0.0,0.0,0.0,0.0,82.2484844914642,2.0176013483184927,1.043268708868484,0.0597912090513587,0.5216122632393865,0.1395819911738922,1.0163056512817117,1.1242809703802574,-0.0360129904244378,0.0258713737178812,1.8711310963794596,0.133036802795065,1.449860114805,0.7366774407293967,0.4204615193160607
W0012,2,0.0,0.0,0.0,0.0,0.0,0.0,0.0,0.0,0.0,0.0,6.565323246469836,0.0,0.0,0.0,0.0,0.0,0.0,0.0,0.0,0.0,0.0,0.0,0.0,0.0,0.0,0.0,0.0,0.0,0.0,0.0,42.923705105766544,3.957620873128565,2.86766565510526,-0.0099354420324677,1.2779432051377997,0.4285149074965824,2.543026529489236,3.0619143663485118,0.0110194605854944,0.1475963742592569,4.766492734661403,0.1535289676196748,4.0406223854092085,2.137142956328987,1.2126909648823312
W0012,3,0.0,0.0,0.0,0.0,0.0,0.0,0.0,0.0,0.0,0.0,9.592913866533028,0.0,0.0,0.0,0.0,0.0,0.0,0.0,0.0,0.0,0.0,0.0,0.0,0.0,0.0,0.0,0.0,0.0,0.0,0.0,10.061576143786448,7.027064788115188,4.948682002899745,0.0734410118515237,2.1767077665961687,0.8228267587769615,4.139400520480665,6.514339675337297,0.0859124337529632,0.0359986739881187,7.384174343452571,0.2498051092049578,7.970096318107661,3.1810330083709526,1.9124208832912863
W0012,4,0.0,0.0,0.0,0.0,0.0,0.0,0.0,0.0,0.0,0.0,9.2961695076324,0.0,0.0,0.0,0.0,0.0,0.0,0.0,0.0,0.0,0.0,0.0,0.0,0.0,0.0,0.0,0.0,0.0,0.0,0.0,0.3487071155303485,8.980317287556662,6.129612897556382,0.1594661378300305,2.634631225410045,0.9048785906604556,5.544612899589621,7.383774113309869,-0.0637757464512957,0.0964244425061621,0.9323660251567424,0.3015246574980509,11.248948178316867,4.593842430150026,3.0201377655612363
W0012,5,0.0,0.0,0.0,0.0,0.0,0.0,0.0,0.0,0.0,0.0,5.199633055112013,0.0,0.0,0.0,0.0,0.0,0.0,0.0,0.0,0.0,0.0,0.0,0.0,0.0,0.0,0.0,0.0,0.0,0.0,0.0,0.0415381156138059,10.087216531054498,3.608114655209032,0.1578603741555436,2.8633399460300937,0.8568290828832024,5.356991040406768,7.034288337225766,0.066656216436932,0.0553211260763335,0.0385868529029369,0.2222698380208996,13.11965304208352,4.3564598154813385,2.5174558133627443
W0012,6,0.0,0.0,0.0,0.0,0.0,0.0,0.0,0.0,0.0,0.0,2.5913825021768035,0.0,0.0,0.0,0.0,0.0,0.0,0.0,0.0,0.0,0.0,0.0,0.0,0.0,0.0,0.0,0.0,0.0,0.0,0.0,-0.0184552036259675,9.86497926036916,6.082194430433472,0.1543419800068609,2.846154528612065,0.9558313568724311,4.979612937305843,7.829691395958647,0.0631812308873173,0.0763532989477845,0.0628667496854072,0.1192781894528651,14.495614927293689,3.871165088660753,2.5775162951490485
W0013,0,0.0,0.0,0.0,0.0,0.0,0.0,0.0,0.0,0.0,0.0,0.0,3.0,0.0,0.0,0.0,0.0,0.0,0.0,0.0,0.0,0.0,0.0,0.0,0.0,0.0,0.0,0.0,0.0,0.0,0.0,80.0,0.0,0.0,0.0,0.0,0.0,0.0,0.0,0.0,0.0,0.0,0.0,0.0,0.0,0.0
W0013,1,0.0,0.0,0.0,0.0,0.0,0.0,0.0,0.0,0.0,0.0,0.0,4.8173034668601264,0.0,0.0,0.0,0.0,0.0,0.0,0.0,0.0,0.0,0.0,0.0,0.0,0.0,0.0,0.0,0.0,0.0,0.0,69.55128037523336,0.2195604989669901,0.2956678055355686,0.7276470074664452,0.0471486188259543,0.1193055426233211,0.3476037532443225,0.4958453337071704,0.1467710450336095,0.861256858257388,0.1610648018682489,0.0079110173713614,-0.0486552897086519,1.74717260493769,5.658402550675871
W0013,2,0.0,0.0,0.0,0.0,0.0,0.0,0.0,0.0,0.0,0.0,0.0,10.00106392758035,0.0,0.0,0.0,0.0,0.0,0.0,0.0,0.0,0.0,0.0,0.0,0.0,0.0,0.0,0.0,0.0,0.0,0.0,33.24184725237674,0.5538759616151949,0.650370472431713,1.75226285753276,0.4318767854990002,0.4760527003573238,1.0720079529040976,1.1890648676248612,0.7399153895713358,2.330949667318814,0.3233894915936693,0.0702904308397646,0.0483556261475047,5.064356547171264,10.332938723954404
W0013,3,0.0,0.0,0.0,0.0,0.0,0.0,0.0,0.0,0.0,0.0,0.0,12.723780890106257,0.0,0.0,0.0,0.0,0.0,0.0,0.0,0.0,0.0,0.0,0.0,0.0,0.0,0.0,0.0,0.0,0.0,0.0,5.911858326609941,1.007696991533465,1.4386450311027374,3.5161452393674364,0.7789255098124345,0.7564466035208081,1.778808121283935,2.545226197093952,1.2100011576117369,3.895158202531437,0.6276055509057656,0.0337413270454594,0.0805891137239875,9.301376130437358,27.621928210594
W0013,4,0.0,0.0,0.0,0.0,0.0,0.0,0.0,0.0,0.0,0.0,0.0,8.159633388620433,0.0,0.0,0.0,0.0,0.0,0.0,0.0,0.0,0.0,0.0,0.0,0.0,0.0,0.0,0.0,0.0,0.0,0.0,0.1699668835577679,1.2878426442152289,1.354619634364192,3.3840730114257678,0.6266839301259948,0.7426509113275389,2.2491175370390293,2.3310880607728395,0.4650331849208065,1.3794257642022014,0.9755855858707828,0.1224338726614001,0.991857212748794,9.859930968195815,23.616558693720933
W0013,5,0.0,0.0,0.0,0.0,0.0,0.0,0.0,0.0,0.0,0.0,0.0,4.5268395162665005,0.0,0.0,0.0,0.0,0.0,0.0,0.0,0.0,0.0,0.0,0.0,0.0,0.0,0.0,0.0,0.0,0.0,0.0,0.1572756018465318,1.4335612973646608,1.37061722306847,3.483506686078323,0.4057166025631359,0.8072492878205599,1.9786762565254103,2.2368217506096717,0.2140576123045504,0.472603765734648,0.518887592320946,0.2127574559365214,0.9549712725562536,9.474398731480765,24.053628624424874
W0013,6,0.0,0.0,0.0,0.0,0.0,0.0,0.0,0.0,0.0,0.0,0.0,2.664276446044275,0.0,0.0,0.0,0.0,0.0,0.0,0.0,0.0,0.0,0.0,0.0,0.0,0.0,0.0,0.0,0.0,0.0,0.0,0.0436993395376095,1.4240510415873933,1.0485420402995722,2.655359277321447,0.223846471521372,0.9001811575733539,1.8862324626401616,2.6017201169026314,0.193054269373352,0.2928102622750763,0.2615078827103849,0.2516464068547837,1.2141495852130115,11.128077215356882,29.65814657981389
W0014,0,0.0,0.0,0.0,0.0,0.0,0.0,0.0,0.0,0.0,0.0,0.0,0.0,3.0,0.0,0.0,0.0,0.0,0.0,0.0,0.0,0.0,0.0,0.0,0.0,0.0,0.0,0.0,0.0,0.0,0.0,80.0,0.0,0.0,0.0,0.0,0.0,0.0,0.0,0.0,0.0,0.0,0.0,0.0,0.0,0.0
W0014,1,0.0,0.0,0.0,0.0,0.0,0.0,0.0,0.0,0.0,0.0,0.0,0.0,4.861820092034111,0.0,0.0,0.0,0.0,0.0,0.0,0.0,0.0,0.0,0.0,0.0,0.0,0.0,0.0,0.0,0.0,0.0,69.541100386089,0.0,0.8778134152663162,0.3322491647630519,6.722901211523557,0.120815424634259,0.175348362378855,0.6143782075735329,0.5898889062421175,0.1794199871162171,-0.007119880443446,0.1878198460685892,1.1014857273675775,0.0392538627089139,0.4106061533051744
W0014,2,0.0,0.0,0.0,0.0,0.0,0.0,0.0,0.0,0.0,0.0,0.0,0.0,9.247599693032804,0.0,0.0,0.0,0.0,0.0,0.0,0.0,0.0,0.0,0.0,0.0,0.0,0.0,0.0,0.0,0.0,0.0,44.729065074943286,0.0,1.5428180554065951,1.032694469426194,15.87005887861738,0.2113266934065182,0.2917537421031324,1.399699227049509,1.1703932060236284,0.6289076342629429,0.0438613851915471,0.4039393772111227,2.7992636874898333,0.1077778984701123,0.9373098479086795
W0014,3,0.0,0.0,0.0,0.0,0.0,0.0,0.0,0.0,0.0,0.0,0.0,0.0,12.273362775053474,0.0,0.0,0.0,0.0,0.0,0.0,0.0,0.0,0.0,0.0,0.0,0.0,0.0,0.0,0.0,0.0,0.0,5.130746957379139,0.0,4.007073656147352,1.8481530750926536,30.318481412314835,0.5136460230613259,0.4322227980142054,2.4824028022144304,2.7839299248825657,1.0337692658957822,-0.0257226416077498,0.8509155968148084,7.093425993946178,0.2268166377055853,1.9909785318822224
W0014,4,0.0,0.0,0.0,0.0,0.0,0.0,0.0,0.0,0.0,0.0,0.0,0.0,8.03320748604668,0.0,0.0,0.0,0.0,0.0,0.0,0.0,0.0,0.0,0.0,0.0,0.0,0.0,0.0,0.0,0.0,0.0,0.2642106205678924,0.0,5.115919592971347,1.7857876267976724,33.90752390604459,0.5664695524518794,0.6284489015154544,2.7783968770346577,0.299349813739291,0.0651043826525287,0.4034241384912059,0.9297735294638902,5.522047639183459,1.0691912250187223,2.1883655612922794
W0014,5,0.0,0.0,0.0,0.0,0.0,0.0,0.0,0.0,0.0,0.0,0.0,0.0,4.555381922863585,0.0,0.0,0.0,0.0,0.0,0.0,0.0,0.0,0.0,0.0,0.0,0.0,0.0,0.0,0.0,0.0,0.0,0.0762926205704536,0.0,5.166363624494048,2.1339237950210794,30.59309555465108,0.4329974215202997,0.5314340518251183,1.974835303510559,0.0827208627637094,0.0477333879148101,0.3355560835522332,0.2660241350259393,7.304867920484984,1.2904991124607317,2.4312098635030868
W0014,6,0.0,0.0,0.0,0.0,0.0,0.0,0.0,0.0,0.0,0.0,0.0,0.0,2.2207993747888803,0.0,0.0,0.0,0.0,0.0,0.0,0.0,0.0,0.0,0.0,0.0,0.0,0.0,0.0,0.0,0.0,0.0,0.019975245423508,0.0,3.4586161478032573,2.1676670831277294,36.89639123550025,0.5177951092670208,0.5654946220309458,2.821264629908346,0.018144668528056,-0.0122768919301352,0.443066203569638,0.1307728877267137,6.721962141317277,1.2112597344640172,2.433509447993595
W0015,0,0.0,0.0,0.0,0.0,0.0,0.0,0.0,0.0,0.0,0.0,0.0,0.0,0.0,3.0,0.0,0.0,0.0,0.0,0.0,0.0,0.0,0.0,0.0,0.0,0.0,0.0,0.0,0.0,0.0,0.0,80.0,0.0,0.0,0.0,0.0,0.0,0.0,0.0,0.0,0.0,0.0,0.0,0.0,0.0,0.0
W0015,1,0.0,0.0,0.0,0.0,0.0,0.0,0.0,0.0,0.0,0.0,0.0,0.0,0.0,4.79664811165977,0.0,0.0,0.0,0.0,0.0,0.0,0.0,0.0,0.0,0.0,0.0,0.0,0.0,0.0,0.0,0.0,70.68040414726046,1.9604950560596064,0.0113965275210068,0.0989829356115922,2.4122590252501874,0.1230367285761228,-0.0077615014687612,0.8434483812962326,0.567410820307444,-0.0130500817460409,0.3777381520471041,-0.0144043474166657,0.0235341586501392,4.068662533246338,0.1351059974053601
W0015,2,0.0,0.0,0.0,0.0,0.0,0.0,0.0,0.0,0.0,0.0,0.0,0.0,0.0,7.486653756633512,0.0,0.0,0.0,0.0,0.0,0.0,0.0,0.0,0.0,0.0,0.0,0.0,0.0,0.0,0.0,0.0,46.28403659885197,4.29234079443936,0.0428888463257208,0.2172446059745401,5.13942695279275,0.2886563312156572,0.0427897798079252,2.291997274658497,1.533303157476116,0.2272132636368636,0.8030308785570883,-0.0568645897906096,0.1964831246853198,10.762619566701463,0.4180231711925249
W0015,3,0.0,0.0,0.0,0.0,0.0,0.0,0.0,0.0,0.0,0.0,0.0,0.0,0.0,11.742158681876743,0.0,0.0,0.0,0.0,0.0,0.0,0.0,0.0,0.0,0.0,0.0,0.0,0.0,0.0,0.0,0.0,9.508671398826833,9.520566282342797,-0.022443893143353,0.2143241753151701,9.68481255029096,0.595053870600988,0.0254002511073147,3.872950255006155,2.21610120099793,0.2588695787991161,1.7187206567979278,0.1472241872346241,0.4843942894727283,18.539416030847686,0.914329832200388
W0015,4,0.0,0.0,0.0,0.0,0.0,0.0,0.0,0.0,0.0,0.0,0.0,0.0,0.0,8.790409910382452,0.0,0.0,0.0,0.0,0.0,0.0,0.0,0.0,0.0,0.0,0.0,0.0,0.0,0.0,0.0,0.0,0.7617077817704125,9.617971691935704,0.06042844320649,0.2287386364744991,11.366932078951349,0.7289080773218166,0.0043947550116265,4.207873484014796,0.5683246390296905,0.7810354102025964,1.6321347046246872,0.4739898570761515,1.8927901924034252,15.225364654720094,1.8287778403821189
W0015,5,0.0,0.0,0.0,0.0,0.0,0.0,0.0,0.0,0.0,0.0,0.0,0.0,0.0,5.329160378374973,0.0,0.0,0.0,0.0,0.0,0.0,0.0,0.0,0.0,0.0,0.0,0.0,0.0,0.0,0.0,0.0,0.4159938900656855,12.08935241071578,0.1307972161894399,0.3141166148224067,14.326998337981983,0.635332924216227,-0.0055578974922105,4.773880996213751,0.3137347819605591,1.014465569359252,1.297264275836772,0.4965434270513559,3.271572033226592,15.551886790395807,2.2567373456154165
W0015,6,0.0,0.0,0.0,0.0,0.0,0.0,0.0,0.0,0.0,0.0,0.0,0.0,0.0,3.627852726270007,0.0,0.0,0.0,0.0,0.0,0.0,0.0,0.0,0.0,0.0,0.0,0.0,0.0,0.0,0.0,0.0,0.1896652856259907,9.715059553554523,0.0903962660261639,0.1614424116781595,14.4127525830452,0.9891365287332852,0.0236774072690168,5.100333513714,0.2983342828433231,0.9619080242209864,0.9829574389720548,0.5435251692830713,3.3542277562931373,15.06416282166957,3.0942406990518814
W0016,0,0.0,0.0,0.0,0.0,0.0,0.0,0.0,0.0,0.0,0.0,0.0,0.0,0.0,0.0,3.0,0.0,0.0,0.0,0.0,0.0,0.0,0.0,0.0,0.0,0.0,0.0,0.0,0.0,0.0,0.0,80.0,0.0,0.0,0.0,0.0,0.0,0.0,0.0,0.0,0.0,0.0,0.0,0.0,0.0,0.0
W0016,1,0.0,0.0,0.0,0.0,0.0,0.0,0.0,0.0,0.0,0.0,0.0,0.0,0.0,0.0,4.732262070817821,0.0,0.0,0.0,0.0,0.0,0.0,0.0,0.0,0.0,0.0,0.0,0.0,0.0,0.0,0.0,72.81967174276474,0.221927425926377,0.0590383023985678,0.0139132481054131,0.2426169878350298,1.6894009773509973,0.0136406052678163,0.3489707973588553,1.841600166889536,0.3535511491796824,0.0192765019817271,-0.0300655214244247,1.3557094499243694,4.303466502336399,0.4118378130960577
W0016,2,0.0,0.0,0.0,0.0,0.0,0.0,0.0,0.0,0.0,0.0,0.0,0.0,0.0,0.0,7.485060214278939,0.0,0.0,0.0,0.0,0.0,0.0,0.0,0.0,0.0,0.0,0.0,0.0,0.0,0.0,0.0,44.47300391136,0.5420253052843709,0.0396358721693514,-0.0138438814152693,0.5487833921449526,3.55975546145777,0.2670490052965568,1.0595265819599635,4.798419216653854,0.7009161732859612,0.0784284632705123,-0.045634555073686,3.1506708314471936,10.117002855958358,1.181838406751999
W0016,3,0.0,0.0,0.0,0.0,0.0,0.0,0.0,0.0,0.0,0.0,0.0,0.0,0.0,0.0,11.048875845160405,0.0,0.0,0.0,0.0,0.0,0.0,0.0,0.0,0.0,0.0,0.0,0.0,0.0,0.0,0.0,8.718332730237341,0.8227185637354597,0.1105600709073035,-0.0251146601368017,1.2045116320113485,6.04979114206148,0.4936450838838694,1.8952871136201004,7.263430661318917,1.7457466082764943,0.0785498801886849,0.2973344405144887,5.545182119761534,18.886334243915066,1.9789207074954107
W0016,4,0.0,0.0,0.0,0.0,0.0,0.0,0.0,0.0,0.0,0.0,0.0,0.0,0.0,0.0,10.282929161195913,0.0,0.0,0.0,0.0,0.0,0.0,0.0,0.0,0.0,0.0,0.0,0.0,0.0,0.0,0.0,0.6878901051916727,1.0879615703634922,0.2421114893869848,0.0182687269695857,1.4226231501177624,8.813241567300059,0.3912058236996069,1.7132737665708977,1.2453687700596494,1.2986496586276963,0.9831158826995194,2.2888066788882773,7.315265103309271,22.84244153268905,3.247948997327045
W0016,5,0.0,0.0,0.0,0.0,0.0,0.0,0.0,0.0,0.0,0.0,0.0,0.0,0.0,0.0,5.568517628602698,0.0,0.0,0.0,0.0,0.0,0.0,0.0,0.0,0.0,0.0,0.0,0.0,0.0,0.0,0.0,0.3562289644064877,0.9456368851687624,0.2523898280141451,-0.0672282564356337,1.3145946035513456,8.158513647787215,0.5236917785842321,1.576527102384346,0.6788487893208544,0.7861171285617246,0.770327353319882,1.3354615792965605,5.535716665697955,17.995397810259156,3.681175519722785
W0016,6,0.0,0.0,0.0,0.0,0.0,0.0,0.0,0.0,0.0,0.0,0.0,0.0,0.0,0.0,2.7941175776948586,0.0,0.0,0.0,0.0,0.0,0.0,0.0,0.0,0.0,0.0,0.0,0.0,0.0,0.0,0.0,0.2617138951989259,1.034784569323723,0.3027138904964186,0.0449122618699017,1.5794442621418938,7.390257626766743,0.6303282792597568,1.530297371336503,0.3777398203291133,0.4151481859457213,0.5085530313086208,1.157189416049951,6.889860387295989,27.326664748070684,3.7298030692170414
W0017,0,0.0,0.0,0.0,0.0,0.0,0.0,0.0,0.0,0.0,0.0,0.0,0.0,0.0,0.0,0.0,3.0,0.0,0.0,0.0,0.0,0.0,0.0,0.0,0.0,0.0,0.0,0.0,0.0,0.0,0.0,80.0,0.0,0.0,0.0,0.0,0.0,0.0,0.0,0.0,0.0,0.0,0.0,0.0,0.0,0.0
W0017,1,0.0,0.0,0.0,0.0,0.0,0.0,0.0,0.0,0.0,0.0,0.0,0.0,0.0,0.0,0.0,4.135721820164611,0.0,0.0,0.0,0.0,0.0,0.0,0.0,0.0,0.0,0.0,0.0,0.0,0.0,0.0,63.932784002384444,0.3032704412373884,1.4622383748651753,-0.0027206892756895,4.452669077396517,0.0553633106980085,-0.0456159350538462,0.8088716668998405,0.0305789524344126,0.1063923240592217,-0.0356814263221522,0.0922991471295694,0.0456220861547826,2.348535666220883,0.8406029027444848
W0017,2,0.0,0.0,0.0,0.0,0.0,0.0,0.0,0.0,0.0,0.0,0.0,0.0,0.0,0.0,0.0,6.3542715589121626,0.0,0.0,0.0,0.0,0.0,0.0,0.0,0.0,0.0,0.0,0.0,0.0,0.0,0.0,47.057557884794456,0.7810979028053074,3.3769225993232768,0.0353543810079741,11.00919474702236,0.183138745530172,-0.0181275469773766,2.1167510843353514,-0.0023659576968266,0.2189457318568263,-0.0159312644212473,0.0313726029382992,0.0799633293052075,5.529624391028062,1.7404798051122246
W0017,3,0.0,0.0,0.0,0.0,0.0,0.0,0.0,0.0,0.0,0.0,0.0,0.0,0.0,0.0,0.0,11.290588236672834,0.0,0.0,0.0,0.0,0.0,0.0,0.0,0.0,0.0,0.0,0.0,0.0,0.0,0.0,11.324555591359925,1.5121804381136177,5.122631281525269,-0.0138891798727093,17.70175024831432,0.3693366122894712,0.1048333164253867,4.25902313038115,0.0124144749752413,0.3763480086325803,-0.0018525836958028,0.0746989193013073,0.1114081231144383,13.450697147282254,3.4644632358191667
W0017,4,0.0,0.0,0.0,0.0,0.0,0.0,0.0,0.0,0.0,0.0,0.0,0.0,0.0,0.0,0.0,7.77653596366912,0.0,0.0,0.0,0.0,0.0,0.0,0.0,0.0,0.0,0.0,0.0,0.0,0.0,0.0,0.0476242687406932,1.926602081848259,7.566169939668184,0.0021793162374951,23.486539838869465,0.4231578676602429,0.1081762258453877,5.611839701587194,0.1311665584814009,0.1947434654114702,0.0743234697644181,0.0345934272639994,0.2890967969172903,16.14427703702509,4.64443691032809
W0017,5,0.0,0.0,0.0,0.0,0.0,0.0,0.0,0.0,0.0,0.0,0.0,0.0,0.0,0.0,0.0,4.623237462445857,0.0,0.0,0.0,0.0,0.0,0.0,0.0,0.0,0.0,0.0,0.0,0.0,0.0,0.0,-0.0321822733853921,2.1138992989738554,7.312956167830096,-0.0742379700374661,25.813497166631564,0.1294330935939314,0.1796780688327818,4.468400130365832,0.0673439801999852,0.1236154757636638,0.1063363686544248,-0.0223745736955442,0.2441158850279423,12.821590853756044,4.2629168042086985
W0017,6,0.0,0.0,0.0,0.0,0.0,0.0,0.0,0.0,0.0,0.0,0.0,0.0,0.0,0.0,0.0,2.0563184890523774,0.0,0.0,0.0,0.0,0.0,0.0,0.0,0.0,0.0,0.0,0.0,0.0,0.0,0.0,-0.0279795516932255,1.8890204819176664,7.18617892639233,0.0987256195154305,18.40021552545821,0.149868192101171,0.0864398093207367,4.977558073078155,0.061857068661252,0.1078602403769866,0.1958668016047079,0.0226485466149507,0.229717294523453,15.81825621992812,3.83073830405794
W0018,0,0.0,0.0,0.0,0.0,0.0,0.0,0.0,0.0,0.0,0.0,0.0,0.0,0.0,0.0,0.0,0.0,3.0,0.0,0.0,0.0,0.0,0.0,0.0,0.0,0.0,0.0,0.0,0.0,0.0,0.0,80.0,0.0,0.0,0.0,0.0,0.0,0.0,0.0,0.0,0.0,0.0,0.0,0.0,0.0,0.0
W0018,1,0.0,0.0,0.0,0.0,0.0,0.0,0.0,0.0,0.0,0.0,0.0,0.0,0.0,0.0,0.0,0.0,5.169008729483866,0.0,0.0,0.0,0.0,0.0,0.0,0.0,0.0,0.0,0.0,0.0,0.0,0.0,59.59746483366473,0.4096781341863099,1.9179249557113645,0.0300047309588705,0.7750576518594081,0.0944930088254602,0.9317443577006636,0.0,0.0,0.0,0.0,-0.0241045547543066,3.3062714965817745,1.389353728609941,0.2966932890253156
W0018,2,0.0,0.0,0.0,0.0,0.0,0.0,0.0,0.0,0.0,0.0,0.0,0.0,0.0,0.0,0.0,0.0,8.074736588868403,0.0,0.0,0.0,0.0,0.0,0.0,0.0,0.0,0.0,0.0,0.0,0.0,0.0,43.696810321531146,0.8406533200966114,6.485482307765015,0.01901755030068,1.924872597824604,0.3199891671363966,2.921758168322232,0.0,0.0,0.0,0.0,0.0628757519721592,9.392952733599984,3.652372523086081,1.1586265307733985
W0018,3,0.0,0.0,0.0,0.0,0.0,0.0,0.0,0.0,0.0,0.0,0.0,0.0,0.0,0.0,0.0,0.0,12.190463414335415,0.0,0.0,0.0,0.0,0.0,0.0,0.0,0.0,0.0,0.0,0.0,0.0,0.0,6.7392730932263225,1.520927181980808,12.653575482457512,0.1566184944420555,3.668894243301346,0.6954869447066588,5.073867524038842,0.0,0.0,0.0,0.0,0.0831525779481823,18.79947971288124,7.503019520659698,1.8609354221975456
W0018,4,0.0,0.0,0.0,0.0,0.0,0.0,0.0,0.0,0.0,0.0,0.0,0.0,0.0,0.0,0.0,0.0,8.223090571473096,0.0,0.0,0.0,0.0,0.0,0.0,0.0,0.0,0.0,0.0,0.0,0.0,0.0,0.042173253752488,1.5224519877194354,11.8399992752232,0.1721802596990192,4.0204600947322096,0.7060544211017658,6.637401599403868,0.0,0.0,0.0,0.0,0.0736333452855721,20.15636287655552,7.207355820188378,1.6500729509538137
W0018,5,0.0,0.0,0.0,0.0,0.0,0.0,0.0,0.0,0.0,0.0,0.0,0.0,0.0,0.0,0.0,0.0,3.932305217853196,0.0,0.0,0.0,0.0,0.0,0.0,0.0,0.0,0.0,0.0,0.0,0.0,0.0,0.0249493584322106,1.585472446470762,12.63247713775371,0.1126889729966957,4.477030478427706,0.6053695767771912,5.986026881021862,0.0,0.0,0.0,0.0,0.1402433089552497,20.761819179293,8.986690024758216,1.1859699669628556
W0018,6,0.0,0.0,0.0,0.0,0.0,0.0,0.0,0.0,0.0,0.0,0.0,0.0,0.0,0.0,0.0,0.0,2.3414661791927074,0.0,0.0,0.0,0.0,0.0,0.0,0.0,0.0,0.0,0.0,0.0,0.0,0.0,0.0134984623497998,2.2050655355501405,10.481490471781772,0.1147760393092856,3.726930696443401,0.6791152321881828,6.041487023508576,0.0,0.0,0.0,0.0,0.0822242454431059,23.3573873480859,7.444013095606055,0.8771288266081643
W0019,0,0.0,0.0,0.0,0.0,0.0,0.0,0.0,0.0,0.0,0.0,0.0,0.0,0.0,0.0,0.0,0.0,0.0,3.0,0.0,0.0,0.0,0.0,0.0,0.0,0.0,0.0,0.0,0.0,0.0,0.0,80.0,0.0,0.0,0.0,0.0,0.0,0.0,0.0,0.0,0.0,0.0,0.0,0.0,0.0,0.0
W0019,1,0.0,0.0,0.0,0.0,0.0,0.0,0.0,0.0,0.0,0.0,0.0,0.0,0.0,0.0,0.0,0.0,0.0,5.032579523492711,0.0,0.0,0.0,0.0,0.0,0.0,0.0,0.0,0.0,0.0,0.0,0.0,60.72245215010408,0.1144942091472921,1.2505816443986482,0.0589046749337524,2.7730846304220025,0.010439244408938,0.1201392487684873,0.3397165395671779,0.0584795119547376,-0.0170837956473602,3.3821213102013687,-0.0325518943417151,0.40319402822262,2.01657997926534,0.1881181404463622
W0019,2,0.0,0.0,0.0,0.0,0.0,0.0,0.0,0.0,0.0,0.0,0.0,0.0,0.0,0.0,0.0,0.0,0.0,7.620135521643672,0.0,0.0,0.0,0.0,0.0,0.0,0.0,0.0,0.0,0.0,0.0,0.0,40.22099329455949,0.210133297459535,3.9525789476581386,0.0823341064298013,8.114864788473787,0.136040010915993,0.3251352345973536,0.7103372988350738,0.1567756478670689,-0.0165568230910514,9.238856991775313,0.0022370368795176,1.0499506428715315,5.65280368545927,0.5870300560331718
W0019,3,0.0,0.0,0.0,0.0,0.0,0.0,0.0,0.0,0.0,0.0,0.0,0.0,0.0,0.0,0.0,0.0,0.0,11.52738867758471,0.0,0.0,0.0,0.0,0.0,0.0,0.0,0.0,0.0,0.0,0.0,0.0,1.2350244885510773,0.2870655694576912,6.590821236364639,0.3576515528914308,13.183438978244808,0.2871926612540158,0.6489585755465884,1.4790604978318616,0.2688058068050639,0.0815620196955966,16.267489680792067,0.1220472576141397,2.04582804629823,10.45814661914299,0.9803741650433058
W0019,4,0.0,0.0,0.0,0.0,0.0,0.0,0.0,0.0,0.0,0.0,0.0,0.0,0.0,0.0,0.0,0.0,0.0,11.186071085599457,0.0,0.0,0.0,0.0,0.0,0.0,0.0,0.0,0.0,0.0,0.0,0.0,0.2622965890963994,0.4900745883914412,6.198390869950824,0.319837327871793,8.873791910010244,2.941132206482719,0.7940342830094487,1.7983611884458204,0.2806485964413357,1.2839550648013045,7.505835020966271,0.3567619923158443,3.3470003974474696,14.731415006879656,2.689586134446865
W0019,5,0.0,0.0,0.0,0.0,0.0,0.0,0.0,0.0,0.0,0.0,0.0,0.0,0.0,0.0,0.0,0.0,0.0,6.8430769634696444,0.0,0.0,0.0,0.0,0.0,0.0,0.0,0.0,0.0,0.0,0.0,0.0,0.177002274477606,0.663095769942393,6.090936866814218,0.3890029109686119,7.596088257000531,3.1845281614433296,0.7178225045720545,1.414560196730435,0.4279566446107009,1.107326989598479,5.361966428403572,0.5129051156351234,4.441045969755709,13.254662437760237,3.913930403884331
W0019,6,0.0,0.0,0.0,0.0,0.0,0.0,0.0,0.0,0.0,0.0,0.0,0.0,0.0,0.0,0.0,0.0,0.0,4.847514348033589,0.0,0.0,0.0,0.0,0.0,0.0,0.0,0.0,0.0,0.0,0.0,0.0,0.2649849321581821,0.620228027130954,6.414658040457555,0.3318491249540202,4.759023631023156,2.647855876756632,0.8675567149092828,1.243707246691398,0.5105025800475689,0.8963231983364691,3.954384478766738,0.7634750228868409,3.808471828849084,10.590041026133862,4.258297160547201
W0020,0,0.0,0.0,0.0,0.0,0.0,0.0,0.0,0.0,0.0,0.0,0.0,0.0,0.0,0.0,0.0,0.0,0.0,0.0,3.0,0.0,0.0,0.0,0.0,0.0,0.0,0.0,0.0,0.0,0.0,0.0,80.0,0.0,0.0,0.0,0.0,0.0,0.0,0.0,0.0,0.0,0.0,0.0,0.0,0.0,0.0
W0020,1,0.0,0.0,0.0,0.0,0.0,0.0,0.0,0.0,0.0,0.0,0.0,0.0,0.0,0.0,0.0,0.0,0.0,0.0,4.462051729040771,0.0,0.0,0.0,0.0,0.0,0.0,0.0,0.0,0.0,0.0,0.0,52.21323553023038,-0.0152495847871945,0.0102650107552145,0.0327962268807039,0.3206303812118398,0.4911564145707664,0.3421423433872313,6.69103958574104,0.6679544869668739,-0.0195340855491103,0.0249223333163765,0.0816582722580555,0.2322909289838158,0.8016482411114806,0.4153516321992273
W0020,2,0.0,0.0,0.0,0.0,0.0,0.0,0.0,0.0,0.0,0.0,0.0,0.0,0.0,0.0,0.0,0.0,0.0,0.0,8.258784975687526,0.0,0.0,0.0,0.0,0.0,0.0,0.0,0.0,0.0,0.0,0.0,43.39336236629505,0.0968649271141457,0.0461402747872824,0.0485320874211132,0.7202521362909879,1.530397984192691,0.6928545296266857,19.87022690186972,1.8385029827583947,0.0558968175379889,0.0218475837458525,0.0103013222708018,0.7206823806792908,2.0255424861575198,0.7718632286070033
W0020,3,0.0,0.0,0.0,0.0,0.0,0.0,0.0,0.0,0.0,0.0,0.0,0.0,0.0,0.0,0.0,0.0,0.0,0.0,13.56880614445781,0.0,0.0,0.0,0.0,0.0,0.0,0.0,0.0,0.0,0.0,0.0,4.196407059657807,0.0496206956433893,0.1876552937427174,0.0486200584808233,1.3354055625284338,2.7395359248413067,1.561198539857791,30.605287580490028,3.2159283035735324,-0.0490430633760918,0.0609885430498567,0.0371450010124766,2.0090099294149275,3.834884708266413,1.6216145806423206
W0020,4,0.0,0.0,0.0,0.0,0.0,0.0,0.0,0.0,0.0,0.0,0.0,0.0,0.0,0.0,0.0,0.0,0.0,0.0,6.580412333758289,0.0,0.0,0.0,0.0,0.0,0.0,0.0,0.0,0.0,0.0,0.0,0.1535004969780357,0.0510556573343621,0.1538022108469848,-0.0449576071595439,1.5658467840118744,2.079105774157112,1.6548117885600748,43.93743958876512,0.9313687725382276,-0.0730178975551269,0.1077434116338646,0.4260587109781572,2.046752270749152,4.52084634204508,2.132319537963323
W0020,5,0.0,0.0,0.0,0.0,0.0,0.0,0.0,0.0,0.0,0.0,0.0,0.0,0.0,0.0,0.0,0.0,0.0,0.0,4.643703830495767,0.0,0.0,0.0,0.0,0.0,0.0,0.0,0.0,0.0,0.0,0.0,0.0557365610424764,0.1618969256277255,0.1677359441441447,0.0397801953701045,1.2431190595006154,1.320912455270979,1.6751605082336938,34.41910581169498,0.5325995686850203,0.1156414948118764,0.218197581636403,0.6680850584502988,1.9012678719962248,5.963953359465729,2.342480926277599
W0020,6,0.0,0.0,0.0,0.0,0.0,0.0,0.0,0.0,0.0,0.0,0.0,0.0,0.0,0.0,0.0,0.0,0.0,0.0,2.2249871009897992,0.0,0.0,0.0,0.0,0.0,0.0,0.0,0.0,0.0,0.0,0.0,0.0521941962302415,0.2199085712808106,0.1726551326473819,0.0086873212764574,1.077160218187268,1.417162554294484,1.47680051994608,34.89440495871231,0.4766840052569749,0.0625886603542044,0.1766563272175961,0.6543472782400563,2.482471720584289,5.082941692062306,2.352241259477045
W0021,0,0.0,0.0,0.0,0.0,0.0,0.0,0.0,0.0,0.0,0.0,0.0,0.0,0.0,0.0,0.0,0.0,0.0,0.0,0.0,3.0,0.0,0.0,0.0,0.0,0.0,0.0,0.0,0.0,0.0,0.0,80.0,0.0,0.0,0.0,0.0,0.0,0.0,0.0,0.0,0.0,0.0,0.0,0.0,0.0,0.0
W0021,1,0.0,0.0,0.0,0.0,0.0,0.0,0.0,0.0,0.0,0.0,0.0,0.0,0.0,0.0,0.0,0.0,0.0,0.0,0.0,5.101198087269629,0.0,0.0,0.0,0.0,0.0,0.0,0.0,0.0,0.0,0.0,63.58308855390827,1.7779855467803636,0.3165263994245523,0.1578744257518183,0.4474961968700079,0.4778150388976964,-0.0151356206168755,1.4522024146097547,0.0400322986824475,0.6921573169881059,0.0356152281649263,1.5701279569097757,0.4759015407150799,0.0585873169379548,3.0900014851590902
W0021,2,0.0,0.0,0.0,0.0,0.0,0.0,0.0,0.0,0.0,0.0,0.0,0.0,0.0,0.0,0.0,0.0,0.0,0.0,0.0,9.41873119082014,0.0,0.0,0.0,0.0,0.0,0.0,0.0,0.0,0.0,0.0,40.89446999204776,4.782317470141398,0.7316561878508915,0.1170213439568152,1.4897132104387434,1.8253767133749703,0.149880747548689,4.160438889525323,0.008418072691938,1.6328696716689628,-0.0678280960185653,4.3235495862869175,1.2061946574055182,0.0336728059816739,6.5560373745661416
W0021,3,0.0,0.0,0.0,0.0,0.0,0.0,0.0,0.0,0.0,0.0,0.0,0.0,0.0,0.0,0.0,0.0,0.0,0.0,0.0,11.327643364919108,0.0,0.0,0.0,0.0,0.0,0.0,0.0,0.0,0.0,0.0,2.879458558277564,8.751777336401496,1.2293544552800404,0.3189872395300815,2.39499121497704,3.0212516020747247,0.119249173508707,9.380903860372818,-0.0134328884462743,2.706827577801169,0.0027268286172495,6.290006210314644,2.6537723153525152,0.0525330787692159,19.93244147605668
W0021,4,0.0,0.0,0.0,0.0,0.0,0.0,0.0,0.0,0.0,0.0,0.0,0.0,0.0,0.0,0.0,0.0,0.0,0.0,0.0,10.044884677164244,0.0,0.0,0.0,0.0,0.0,0.0,0.0,0.0,0.0,0.0,0.2592802647027983,9.058479830021342,1.6671561577179834,0.6022324715213047,2.09122863699869,0.9464378408380848,0.3261571084979291,9.011659496633754,0.0586869110823238,2.37393076066945,0.1940792345182692,0.7499485239723261,7.373842200588285,0.3844132567249605,19.254867605107982
W0021,5,0.0,0.0,0.0,0.0,0.0,0.0,0.0,0.0,0.0,0.0,0.0,0.0,0.0,0.0,0.0,0.0,0.0,0.0,0.0,6.239233722113378,0.0,0.0,0.0,0.0,0.0,0.0,0.0,0.0,0.0,0.0,0.0728245642419769,9.099274577741774,2.228423953339743,0.7539251643059152,1.7221346202241992,0.729499409847658,0.3135508819644237,7.466228550230857,0.054338755469745,1.725079947772853,0.1192702280860929,0.7466563317176611,6.690909086182233,0.8646813232298747,15.926457066483287
W0021,6,0.0,0.0,0.0,0.0,0.0,0.0,0.0,0.0,0.0,0.0,0.0,0.0,0.0,0.0,0.0,0.0,0.0,0.0,0.0,3.128869066485751,0.0,0.0,0.0,0.0,0.0,0.0,0.0,0.0,0.0,0.0,0.2050968825891044,8.783962365531544,1.604128853647793,0.7800005548029418,1.236888429273174,0.3613639420159853,0.2622839847883212,8.202848060755288,-0.0019259955217615,1.4709574900380498,0.1509285853659249,0.5983933617467961,7.780569051156718,0.8085338216836062,16.677317677961558
W0022,0,0.0,0.0,0.0,0.0,0.0,0.0,0.0,0.0,0.0,0.0,0.0,0.0,0.0,0.0,0.0,0.0,0.0,0.0,0.0,0.0,3.0,0.0,0.0,0.0,0.0,0.0,0.0,0.0,0.0,0.0,80.0,0.0,0.0,0.0,0.0,0.0,0.0,0.0,0.0,0.0,0.0,0.0,0.0,0.0,0.0
W0022,1,0.0,0.0,0.0,0.0,0.0,0.0,0.0,0.0,0.0,0.0,0.0,0.0,0.0,0.0,0.0,0.0,0.0,0.0,0.0,0.0,5.596367175078602,0.0,0.0,0.0,0.0,0.0,0.0,0.0,0.0,0.0,65.82720349273947,0.4878916947212924,2.6104090102820643,0.0071682977841141,0.0092664266332297,2.9930395610682647,-0.0022859608426477,0.5487209493224612,-0.0051049896272604,0.0391194046244834,2.348028186467431,0.0616478805636025,0.2484512663097288,0.8239271000153686,0.4135964196890129
W0022,2,0.0,0.0,0.0,0.0,0.0,0.0,0.0,0.0,0.0,0.0,0.0,0.0,0.0,0.0,0.0,0.0,0.0,0.0,0.0,0.0,7.140773119762769,0.0,0.0,0.0,0.0,0.0,0.0,0.0,0.0,0.0,45.17668860204713,1.5185836166863265,7.009898523774101,-0.0085950182751667,-0.0019144788662,6.858968053531407,0.0906455785318402,1.4899107365752862,0.1004988197737645,0.0221610514532405,7.425011491649454,0.1105246154818367,0.9773408291126188,2.209488246542772,0.941311249176488
W0022,3,0.0,0.0,0.0,0.0,0.0,0.0,0.0,0.0,0.0,0.0,0.0,0.0,0.0,0.0,0.0,0.0,0.0,0.0,0.0,0.0,13.496665697243987,0.0,0.0,0.0,0.0,0.0,0.0,0.0,0.0,0.0,6.918337816158138,2.563246771900213,12.236058959296193,0.0463367230242442,-0.0136762415245534,11.955386725308792,0.1686391888512358,2.4580489723915,0.1707856797304152,0.2170666597148575,10.417528309535069,0.2833533701234424,1.6222549088534468,4.140571803616777,1.7028350704002464
W0022,4,0.0,0.0,0.0,0.0,0.0,0.0,0.0,0.0,0.0,0.0,0.0,0.0,0.0,0.0,0.0,0.0,0.0,0.0,0.0,0.0,10.70451212929729,0.0,0.0,0.0,0.0,0.0,0.0,0.0,0.0,0.0,0.542304733909396,1.043078257434161,12.426889413640732,0.0987241910184171,0.4218980598068359,10.04260778696996,0.3048590711716131,2.628856218086645,0.7602126018078873,4.890330072105994,8.923630076650305,0.4333982905980842,2.0143793814438284,4.351315071962654,3.7946755970618495
W0022,5,0.0,0.0,0.0,0.0,0.0,0.0,0.0,0.0,0.0,0.0,0.0,0.0,0.0,0.0,0.0,0.0,0.0,0.0,0.0,0.0,6.827554192087264,0.0,0.0,0.0,0.0,0.0,0.0,0.0,0.0,0.0,0.3075230028073795,0.6481463581122477,12.24173964679996,0.0941603468520078,0.364702898233287,6.507957616601249,0.3942759986409175,2.4770581241708576,0.8302667376886657,8.105732500321412,5.680544590749647,0.7214179466513188,2.1232245296230925,4.949660948753143,4.430980704931372
W0022,6,0.0,0.0,0.0,0.0,0.0,0.0,0.0,0.0,0.0,0.0,0.0,0.0,0.0,0.0,0.0,0.0,0.0,0.0,0.0,0.0,3.972301026403785,0.0,0.0,0.0,0.0,0.0,0.0,0.0,0.0,0.0,0.2881550687005802,0.5345431377568262,11.618277347008934,0.1724077671982948,0.3857283229128091,5.148699698900075,0.4395662988463198,2.961467858417994,0.9119500860759092,9.236211172651211,4.0707753176436485,0.7304819003037623,2.486820271801597,5.308818532581178,5.784021861113152
W0023,0,0.0,0.0,0.0,0.0,0.0,0.0,0.0,0.0,0.0,0.0,0.0,0.0,0.0,0.0,0.0,0.0,0.0,0.0,0.0,0.0,0.0,3.0,0.0,0.0,0.0,0.0,0.0,0.0,0.0,0.0,80.0,0.0,0.0,0.0,0.0,0.0,0.0,0.0,0.0,0.0,0.0,0.0,0.0,0.0,0.0
W0023,1,0.0,0.0,0.0,0.0,0.0,0.0,0.0,0.0,0.0,0.0,0.0,0.0,0.0,0.0,0.0,0.0,0.0,0.0,0.0,0.0,0.0,5.604047058064366,0.0,0.0,0.0,0.0,0.0,0.0,0.0,0.0,67.93086721995361,0.1466771860798434,0.1341283225059263,-0.0354546860565847,1.0368128000883643,3.0266281673579964,-0.0519288145454875,0.0249652855508087,-0.0535026562733839,0.0952048515526505,-0.0242770111449992,4.369637504798045,-0.0078477199060311,1.100188884997764,0.257191049054019
W0023,2,0.0,0.0,0.0,0.0,0.0,0.0,0.0,0.0,0.0,0.0,0.0,0.0,0.0,0.0,0.0,0.0,0.0,0.0,0.0,0.0,0.0,8.730130676117865,0.0,0.0,0.0,0.0,0.0,0.0,0.0,0.0,42.79309018502558,0.3900360556380343,0.3812359973309872,0.0280393802261886,2.643032992031892,8.736324789266515,-0.0226284782616965,-0.0478667667073679,0.0059028924697404,0.0938148418650727,-0.0696532606173625,12.960654291742168,0.2160799479417486,3.5935526397326902,0.400885266592623
W0023,3,0.0,0.0,0.0,0.0,0.0,0.0,0.0,0.0,0.0,0.0,0.0,0.0,0.0,0.0,0.0,0.0,0.0,0.0,0.0,0.0,0.0,12.006469214084351,0.0,0.0,0.0,0.0,0.0,0.0,0.0,0.0,5.736931053543056,0.7406748404771769,0.7974536344307487,0.0055382300269863,4.574763185824708,13.50702646299214,0.0156005345884236,0.1191519670953121,0.0133809145541667,0.2719079837898693,0.0035347280833966,24.308955583559797,0.5609145503780574,5.824394954534371,0.8608185282957079
W0023,4,0.0,0.0,0.0,0.0,0.0,0.0,0.0,0.0,0.0,0.0,0.0,0.0,0.0,0.0,0.0,0.0,0.0,0.0,0.0,0.0,0.0,9.80536615573106,0.0,0.0,0.0,0.0,0.0,0.0,0.0,0.0,0.8264834817277709,1.81351279833541,0.9623744790164452,0.0442920198419231,1.3633305354737273,5.8349946695001815,0.5537958384426607,1.093413609210235,0.1822934928985755,1.2681453122797446,0.0472342339580493,23.931932951772897,1.6921661821336575,6.243762321168934,3.4530241620393274
W0023,5,0.0,0.0,0.0,0.0,0.0,0.0,0.0,0.0,0.0,0.0,0.0,0.0,0.0,0.0,0.0,0.0,0.0,0.0,0.0,0.0,0.0,5.339378766906717,0.0,0.0,0.0,0.0,0.0,0.0,0.0,0.0,0.2815616152414129,1.117409242452256,0.4798083530557617,0.0010165948370857,0.4301629860415638,1.8441257450470816,0.7610085324352933,1.7231639216812642,0.2875774028462743,1.167595159644055,0.0656051823422426,24.80448307031437,2.4483080951886294,7.056642280627602,3.316531094305649
W0023,6,0.0,0.0,0.0,0.0,0.0,0.0,0.0,0.0,0.0,0.0,0.0,0.0,0.0,0.0,0.0,0.0,0.0,0.0,0.0,0.0,0.0,4.305850966551672,0.0,0.0,0.0,0.0,0.0,0.0,0.0,0.0,0.269401453547939,0.7956859416699846,0.4756568504104259,0.1893618893009031,0.3817885269950375,1.522912063297714,0.874505198819056,1.351271365353758,0.4571849986980546,0.9637705839103436,0.1184032027141421,27.08512235328081,4.018239026852729,7.380182746545983,2.789233571414249
W0024,0,0.0,0.0,0.0,0.0,0.0,0.0,0.0,0.0,0.0,0.0,0.0,0.0,0.0,0.0,0.0,0.0,0.0,0.0,0.0,0.0,0.0,0.0,3.0,0.0,0.0,0.0,0.0,0.0,0.0,0.0,80.0,0.0,0.0,0.0,0.0,0.0,0.0,0.0,0.0,0.0,0.0,0.0,0.0,0.0,0.0
W0024,1,0.0,0.0,0.0,0.0,0.0,0.0,0.0,0.0,0.0,0.0,0.0,0.0,0.0,0.0,0.0,0.0,0.0,0.0,0.0,0.0,0.0,0.0,4.104648649827191,0.0,0.0,0.0,0.0,0.0,0.0,0.0,65.86605696084537,0.0043617087500631,0.8291898237329856,0.0082767137233529,1.1630076390736286,0.2532597646338318,0.0185638029960392,2.557217492962797,0.01122578939107,0.0709535271689293,0.0027344728244519,1.3053344620010097,0.978557364213998,0.9709063964723446,0.95225524194813
W0024,2,0.0,0.0,0.0,0.0,0.0,0.0,0.0,0.0,0.0,0.0,0.0,0.0,0.0,0.0,0.0,0.0,0.0,0.0,0.0,0.0,0.0,0.0,7.181954547224705,0.0,0.0,0.0,0.0,0.0,0.0,0.0,52.30282478436811,0.1113734436089127,2.278643387517977,0.1169632910015692,2.750320152671596,0.633826566672709,-0.0099122162515405,7.264014204345105,0.1774508900240647,0.0109890191590887,0.0170056596175303,3.908683274090751,2.741900563959695,2.7497413831694737,2.4294799456389664
W0024,3,0.0,0.0,0.0,0.0,0.0,0.0,0.0,0.0,0.0,0.0,0.0,0.0,0.0,0.0,0.0,0.0,0.0,0.0,0.0,0.0,0.0,0.0,9.928192826174184,0.0,0.0,0.0,0.0,0.0,0.0,0.0,22.745331936774328,0.1511553701225483,4.125797271640369,0.1012509201111692,4.403009776447156,1.2697368003391465,0.0325282011345092,7.322331542631894,0.3466373968187324,-0.0162785010931703,-0.0738838171341703,5.250844129736785,3.779102158391389,6.152995247664525,4.8490721594703325
W0024,4,0.0,0.0,0.0,0.0,0.0,0.0,0.0,0.0,0.0,0.0,0.0,0.0,0.0,0.0,0.0,0.0,0.0,0.0,0.0,0.0,0.0,0.0,13.569629215953544,0.0,0.0,0.0,0.0,0.0,0.0,0.0,7.613228366620079,0.2736446263824155,5.044570512084068,0.2651148298955872,7.513676678123404,2.5150572856814306,-0.0414047868094019,3.25855451665779,0.7472654007867964,-0.0406222185311574,0.0335941943979916,4.951258481658035,7.742994562523105,10.188391112911562,4.777382717695037
W0024,5,0.0,0.0,0.0,0.0,0.0,0.0,0.0,0.0,0.0,0.0,0.0,0.0,0.0,0.0,0.0,0.0,0.0,0.0,0.0,0.0,0.0,0.0,7.889026326710051,0.0,0.0,0.0,0.0,0.0,0.0,0.0,2.522292896008504,0.4124718476904179,4.598830120524629,0.4446421544008925,8.15134739308119,2.351407285814544,0.2465693412836181,1.1336240240062423,1.4381991543189034,0.006569403297423,0.1455235442987383,3.030444039825279,6.665734172316943,12.64507682551456,5.280034047713372
W0024,6,0.0,0.0,0.0,0.0,0.0,0.0,0.0,0.0,0.0,0.0,0.0,0.0,0.0,0.0,0.0,0.0,0.0,0.0,0.0,0.0,0.0,0.0,6.397958857941971,0.0,0.0,0.0,0.0,0.0,0.0,0.0,1.1494257241666022,0.4311779320843329,3.314748679418395,0.7614013242555141,9.292885082180833,1.351584638082106,0.3196627313840536,0.6082274559581914,1.836919702143768,0.0654047153739832,0.3602280818195815,2.198300276750482,7.282469321283783,12.045217265288851,6.2587011074262
W0025,0,0.0,0.0,0.0,0.0,0.0,0.0,0.0,0.0,0.0,0.0,0.0,0.0,0.0,0.0,0.0,0.0,0.0,0.0,0.0,0.0,0.0,0.0,0.0,3.0,0.0,0.0,0.0,0.0,0.0,0.0,80.0,0.0,0.0,0.0,0.0,0.0,0.0,0.0,0.0,0.0,0.0,0.0,0.0,0.0,0.0
W0025,1,0.0,0.0,0.0,0.0,0.0,0.0,0.0,0.0,0.0,0.0,0.0,0.0,0.0,0.0,0.0,0.0,0.0,0.0,0.0,0.0,0.0,0.0,0.0,4.734902543336792,0.0,0.0,0.0,0.0,0.0,0.0,60.73575979544856,0.5427340281261044,0.3910377186917869,0.6337275937104871,0.8470328457212929,0.039752773104002,0.1582974962238031,0.4719194016622851,0.0114344624047369,0.0342219031446409,0.0072954903785304,-0.0111742334492721,5.771708542220559,0.5900331321301223,0.0908876821516888
W0025,2,0.0,0.0,0.0,0.0,0.0,0.0,0.0,0.0,0.0,0.0,0.0,0.0,0.0,0.0,0.0,0.0,0.0,0.0,0.0,0.0,0.0,0.0,0.0,8.419822831176663,0.0,0.0,0.0,0.0,0.0,0.0,39.57073960144076,1.790149343735902,0.9464256959126062,1.4012555786858485,2.6080019139153165,0.095192777817197,0.2395335462362322,1.2383275232388338,-0.1024777327549039,-0.0368705664820594,0.0181844954226281,0.0274909743458455,17.093088961181692,2.157935491768155,0.1839982108827678
W0025,3,0.0,0.0,0.0,0.0,0.0,0.0,0.0,0.0,0.0,0.0,0.0,0.0,0.0,0.0,0.0,0.0,0.0,0.0,0.0,0.0,0.0,0.0,0.0,11.676200829202052,0.0,0.0,0.0,0.0,0.0,0.0,1.0586363408186008,2.8600508938705183,1.7816252941507822,2.87000964979977,4.903691131621681,-0.0667500556386194,0.5561863672759556,2.144217959419402,-0.0478324558991612,0.0312621147353888,0.0177879633569863,0.0556304927601646,33.49912820922532,5.071684355570551,0.3178090181312586
W0025,4,0.0,0.0,0.0,0.0,0.0,0.0,0.0,0.0,0.0,0.0,0.0,0.0,0.0,0.0,0.0,0.0,0.0,0.0,0.0,0.0,0.0,0.0,0.0,7.2825294661453155,0.0,0.0,0.0,0.0,0.0,0.0,0.0511357460322063,2.5023648809842207,2.1283692943108647,3.359251283993967,2.045114407721053,0.0023038118331647,0.6601533095072255,2.730358009285553,-0.0086873472453593,0.0608991149954496,0.053732042634342,0.0008444572140865,32.122579893488776,5.926446252865648,0.341626331631738
W0025,5,0.0,0.0,0.0,0.0,0.0,0.0,0.0,0.0,0.0,0.0,0.0,0.0,0.0,0.0,0.0,0.0,0.0,0.0,0.0,0.0,0.0,0.0,0.0,4.218780327099068,0.0,0.0,0.0,0.0,0.0,0.0,0.0322594432491274,2.6104404187586603,2.286296037669212,3.4974739040348783,1.188412093878359,-0.0197835415373883,0.7360543290003915,2.700410323181924,-0.0016507191325473,-0.058068778140994,0.0577006559467528,0.0248742662785776,33.747141079103464,5.652534317273036,0.4051681306117256
W0025,6,0.0,0.0,0.0,0.0,0.0,0.0,0.0,0.0,0.0,0.0,0.0,0.0,0.0,0.0,0.0,0.0,0.0,0.0,0.0,0.0,0.0,0.0,0.0,2.256847456528768,0.0,0.0,0.0,0.0,0.0,0.0,0.0429483320425608,2.418456062684826,1.88638883957452,2.951977495156036,1.015531968482543,0.0583653078849286,0.7843525273571466,2.90404838265125,0.0402521083245751,0.0576177665544275,0.0717025868050455,0.058123033243484,35.472884206868784,6.641965745575614,0.4538547910801273
W0026,0,0.0,0.0,0.0,0.0,0.0,0.0,0.0,0.0,0.0,0.0,0.0,0.0,0.0,0.0,0.0,0.0,0.0,0.0,0.0,0.0,0.0,0.0,0.0,0.0,3.0,0.0,0.0,0.0,0.0,0.0,80.0,0.0,0.0,0.0,0.0,0.0,0.0,0.0,0.0,0.0,0.0,0.0,0.0,0.0,0.0
W0026,1,0.0,0.0,0.0,0.0,0.0,0.0,0.0,0.0,0.0,0.0,0.0,0.0,0.0,0.0,0.0,0.0,0.0,0.0,0.0,0.0,0.0,0.0,0.0,0.0,5.034888093022754,0.0,0.0,0.0,0.0,0.0,66.74303899518657,0.0767073063448167,0.0618688637696384,0.0559669662335172,0.8387878920517011,-0.015066296097756,1.853887242166074,2.5720409883274864,0.7050973208529226,-0.0030437442077944,0.0124028344060674,-0.0781275249932669,2.115934322615989,1.861175657296059,0.5285667898204783
W0026,2,0.0,0.0,0.0,0.0,0.0,0.0,0.0,0.0,0.0,0.0,0.0,0.0,0.0,0.0,0.0,0.0,0.0,0.0,0.0,0.0,0.0,0.0,0.0,0.0,8.234322903607437,0.0,0.0,0.0,0.0,0.0,40.52361002121832,0.3435480405133652,0.0542802880335585,0.1296322673705225,2.848423690599655,0.0863061628496095,4.54015105309558,7.920665722439467,1.7576140845401746,0.0101844397508733,0.1816123229768504,-0.0067817943683835,5.768972726384331,4.830757470454203,1.291427431442007
W0026,3,0.0,0.0,0.0,0.0,0.0,0.0,0.0,0.0,0.0,0.0,0.0,0.0,0.0,0.0,0.0,0.0,0.0,0.0,0.0,0.0,0.0,0.0,0.0,0.0,12.18197307452871,0.0,0.0,0.0,0.0,0.0,4.123297626263262,0.4553408761305513,-0.0088041299862405,0.4061094509116455,4.662255704252092,-0.0232035823068847,8.9541597764712,9.924197029980387,3.295971436030954,0.001432728368597,0.2579973326736401,-0.02071292017802,9.883751065025807,10.203356798064975,2.070585506814855
W0026,4,0.0,0.0,0.0,0.0,0.0,0.0,0.0,0.0,0.0,0.0,0.0,0.0,0.0,0.0,0.0,0.0,0.0,0.0,0.0,0.0,0.0,0.0,0.0,0.0,8.956919987679365,0.0,0.0,0.0,0.0,0.0,0.2353813360221263,0.5550714453330213,-0.0323608879035237,2.413430876041638,7.726955165509526,-0.0138053913155584,11.33082464935322,1.4350596709370358,3.455919601726149,0.0159972179367733,0.3045754335030257,0.0890995209957671,12.42416799680431,9.446225151087363,2.6401908622661363
W0026,5,0.0,0.0,0.0,0.0,0.0,0.0,0.0,0.0,0.0,0.0,0.0,0.0,0.0,0.0,0.0,0.0,0.0,0.0,0.0,0.0,0.0,0.0,0.0,0.0,5.662850806194319,0.0,0.0,0.0,0.0,0.0,0.1131340335821831,0.4813954383545457,-0.0291608475355858,1.6542614429726137,8.623693931691877,0.0566874050398377,9.185135221850828,0.5403804899760484,4.429832340006916,-0.0385822554923028,0.3198784303964084,-0.011058651392846,11.038428125538225,9.953746510579698,2.4240714257732754
W0026,6,0.0,0.0,0.0,0.0,0.0,0.0,0.0,0.0,0.0,0.0,0.0,0.0,0.0,0.0,0.0,0.0,0.0,0.0,0.0,0.0,0.0,0.0,0.0,0.0,2.890317461521426,0.0,0.0,0.0,0.0,0.0,-0.0598886261337751,0.5122660240599962,-0.0083130962179397,0.893508374641116,7.657781219004978,0.1667535548781565,11.185495085545435,0.2804553675464362,3.80948054508976,0.0312549876520364,0.4208083049712304,0.0707353819862732,12.371480773873428,10.704036771991335,3.032110404464923
W0027,0,0.0,0.0,0.0,0.0,0.0,0.0,0.0,0.0,0.0,0.0,0.0,0.0,0.0,0.0,0.0,0.0,0.0,0.0,0.0,0.0,0.0,0.0,0.0,0.0,0.0,3.0,0.0,0.0,0.0,0.0,80.0,0.0,0.0,0.0,0.0,0.0,0.0,0.0,0.0,0.0,0.0,0.0,0.0,0.0,0.0
W0027,1,0.0,0.0,0.0,0.0,0.0,0.0,0.0,0.0,0.0,0.0,0.0,0.0,0.0,0.0,0.0,0.0,0.0,0.0,0.0,0.0,0.0,0.0,0.0,0.0,0.0,5.199840185374178,0.0,0.0,0.0,0.0,57.26631673407461,2.722730482481816,0.3682849223623153,0.0066463130022656,-0.0044826990288186,1.056007635568893,1.5638330567283103,0.0566986273061415,-0.0130772288284915,-0.0826632788491728,0.218560721625585,0.0868735752141706,0.5384916210453502,0.4331723253633663,2.7211621619259456
W0027,2,0.0,0.0,0.0,0.0,0.0,0.0,0.0,0.0,0.0,0.0,0.0,0.0,0.0,0.0,0.0,0.0,0.0,0.0,0.0,0.0,0.0,0.0,0.0,0.0,0.0,6.816652965431672,0.0,0.0,0.0,0.0,33.829616349295144,7.969672611469654,1.063022354337757,0.0434147482317527,0.0470615058130193,3.06468771326688,4.320545220947128,0.1852097663428185,-0.0142413256956385,-0.083299285549656,0.5946643804456916,0.3344574642765744,1.5004459063801858,1.0325936678686638,7.124549101368128
W0027,3,0.0,0.0,0.0,0.0,0.0,0.0,0.0,0.0,0.0,0.0,0.0,0.0,0.0,0.0,0.0,0.0,0.0,0.0,0.0,0.0,0.0,0.0,0.0,0.0,0.0,14.2841856433729,0.0,0.0,0.0,0.0,8.573413872090814,17.131646704911685,2.0126195490213785,0.1456645713487639,0.1223411747410801,4.915547118415652,7.056797825976668,0.3772798360363958,-0.0395638642891293,0.0442614850487228,1.0643072183045688,0.61953653214743,2.124377867895409,1.7795959735458031,9.651950032270047
W0027,4,0.0,0.0,0.0,0.0,0.0,0.0,0.0,0.0,0.0,0.0,0.0,0.0,0.0,0.0,0.0,0.0,0.0,0.0,0.0,0.0,0.0,0.0,0.0,0.0,0.0,12.40427962702898,0.0,0.0,0.0,0.0,1.022312051724113,7.252346791607865,3.006735199051954,1.070177001739257,0.2326809385114453,1.8462040761396652,5.684800264432394,0.4762202315302263,-0.0806261984971569,0.8405095661272224,0.9399218528161828,1.2018721754993984,5.628206603661201,3.2828603393782654,13.906626524207695
W0027,5,0.0,0.0,0.0,0.0,0.0,0.0,0.0,0.0,0.0,0.0,0.0,0.0,0.0,0.0,0.0,0.0,0.0,0.0,0.0,0.0,0.0,0.0,0.0,0.0,0.0,7.454133128776321,0.0,0.0,0.0,0.0,0.3779852481513888,3.93802171131694,2.958852953391607,1.1710251853219469,0.3920763241806139,0.8725662906618894,2.97660001996162,0.4542031968345594,-0.0007174008651865,1.7997334179335422,0.6611678853658753,1.7795943381193833,6.949171320910085,6.466633594295015,16.825370422949288
W0027,6,0.0,0.0,0.0,0.0,0.0,0.0,0.0,0.0,0.0,0.0,0.0,0.0,0.0,0.0,0.0,0.0,0.0,0.0,0.0,0.0,0.0,0.0,0.0,0.0,0.0,4.698762830291527,0.0,0.0,0.0,0.0,0.3179393582193723,2.074654418946735,3.777308919877121,1.068341968955185,0.3211532204445981,0.4705619258339941,2.055437178139453,0.3557963123801909,-0.0406041942334963,2.104268790352927,0.4870901055247725,1.9902352161047507,7.75491572286009,6.184045444147775,17.683823282635267
W0028,0,0.0,0.0,0.0,0.0,0.0,0.0,0.0,0.0,0.0,0.0,0.0,0.0,0.0,0.0,0.0,0.0,0.0,0.0,0.0,0.0,0.0,0.0,0.0,0.0,0.0,0.0,3.0,0.0,0.0,0.0,80.0,0.0,0.0,0.0,0.0,0.0,0.0,0.0,0.0,0.0,0.0,0.0,0.0,0.0,0.0
W0028,1,0.0,0.0,0.0,0.0,0.0,0.0,0.0,0.0,0.0,0.0,0.0,0.0,0.0,0.0,0.0,0.0,0.0,0.0,0.0,0.0,0.0,0.0,0.0,0.0,0.0,0.0,4.507046172369227,0.0,0.0,0.0,65.13201718897659,0.0169050448802354,0.1568901035250243,4.169800354453991,1.240076558425548,0.0424955409347411,0.1112444792383561,1.129995891714764,2.940532602944401,-0.0226341039864502,-0.0223544292057914,0.0033640549652807,0.3260383675156039,0.6347901840670448,0.0393797592803798
W0028,2,0.0,0.0,0.0,0.0,0.0,0.0,0.0,0.0,0.0,0.0,0.0,0.0,0.0,0.0,0.0,0.0,0.0,0.0,0.0,0.0,0.0,0.0,0.0,0.0,0.0,0.0,9.612341293389864,0.0,0.0,0.0,40.53516985960106,-0.0017064439555547,0.3345088004985231,11.389962277360732,3.609205503992401,0.0737725974356594,0.137894627083666,2.501460056995896,8.674113880758195,-0.0175977576286549,0.0564188608249273,-0.0763155642225337,0.7835824604709322,1.555204537245528,0.0506919419643863
W0028,3,0.0,0.0,0.0,0.0,0.0,0.0,0.0,0.0,0.0,0.0,0.0,0.0,0.0,0.0,0.0,0.0,0.0,0.0,0.0,0.0,0.0,0.0,0.0,0.0,0.0,0.0,12.384767020383288,0.0,0.0,0.0,5.878374826409027,-0.013521001914119,0.5200937961926464,20.96499869038757,6.311717002494868,0.124520132231067,0.3385028091135155,4.675784081064805,10.391873211027535,0.0373357184247314,0.1626161897563095,0.0483727068919442,1.5371532618976045,2.98316573905016,1.5742933037152862
W0028,4,0.0,0.0,0.0,0.0,0.0,0.0,0.0,0.0,0.0,0.0,0.0,0.0,0.0,0.0,0.0,0.0,0.0,0.0,0.0,0.0,0.0,0.0,0.0,0.0,0.0,0.0,13.427931746500269,0.0,0.0,0.0,0.7201557737660218,0.2995331184898831,0.6474855304947301,16.387514079222377,5.679665528662026,1.474614716836968,0.7459126405573092,2.2320044586134644,2.095606862445458,0.1645637793912175,0.3389226573952381,0.4659220320566619,3.2479331973937766,4.485103361622675,9.516947521428982
W0028,5,0.0,0.0,0.0,0.0,0.0,0.0,0.0,0.0,0.0,0.0,0.0,0.0,0.0,0.0,0.0,0.0,0.0,0.0,0.0,0.0,0.0,0.0,0.0,0.0,0.0,0.0,11.248571820739048,0.0,0.0,0.0,0.3472295134337369,0.5258748941820461,0.66956857440963,8.419645661480955,4.498731331208872,1.3050736668795468,1.953980934616516,0.9502422490317972,0.7973793565262299,0.243102108476088,0.3815959345156203,0.4367085580159346,5.434246333401085,6.927986026059803,8.142483458248089
W0028,6,0.0,0.0,0.0,0.0,0.0,0.0,0.0,0.0,0.0,0.0,0.0,0.0,0.0,0.0,0.0,0.0,0.0,0.0,0.0,0.0,0.0,0.0,0.0,0.0,0.0,0.0,7.6744758816306495,0.0,0.0,0.0,0.1244031238008121,0.5889753161596007,0.8430826651170027,5.993478116660833,3.4912720152184606,0.6130317224155226,2.5267333627976503,0.5018910344801727,0.4701678369568061,0.2442487141978267,0.4963746599961564,0.4044986414670255,6.521058083119441,6.799828421124472,11.796469362544022
W0029,0,0.0,0.0,0.0,0.0,0.0,0.0,0.0,0.0,0.0,0.0,0.0,0.0,0.0,0.0,0.0,0.0,0.0,0.0,0.0,0.0,0.0,0.0,0.0,0.0,0.0,0.0,0.0,3.0,0.0,0.0,80.0,0.0,0.0,0.0,0.0,0.0,0.0,0.0,0.0,0.0,0.0,0.0,0.0,0.0,0.0
W0029,1,0.0,0.0,0.0,0.0,0.0,0.0,0.0,0.0,0.0,0.0,0.0,0.0,0.0,0.0,0.0,0.0,0.0,0.0,0.0,0.0,0.0,0.0,0.0,0.0,0.0,0.0,0.0,4.13198559082684,0.0,0.0,74.55228501890355,0.2072852552238706,0.5281831899970904,2.577404134466968,-0.0480970507450455,0.903592804904209,0.0256875838874099,0.4531128067129317,-0.0334323960502857,0.0937063322962824,0.3437910558112216,-0.0580214727553637,0.6183444916271191,0.0116618573217695,4.467863701791638
W0029,2,0.0,0.0,0.0,0.0,0.0,0.0,0.0,0.0,0.0,0.0,0.0,0.0,0.0,0.0,0.0,0.0,0.0,0.0,0.0,0.0,0.0,0.0,0.0,0.0,0.0,0.0,0.0,6.598211888619575,0.0,0.0,42.14963330351116,0.6738118106269876,1.6026171641710254,6.657159986252906,0.1714815553648239,1.61972324032308,0.0213283986481527,0.699774964907515,0.0118885512976143,0.0101780858268293,1.2756882036593546,0.0695646697581248,1.5161526189889072,0.1845255284021838,11.953237298737264
W0029,3,0.0,0.0,0.0,0.0,0.0,0.0,0.0,0.0,0.0,0.0,0.0,0.0,0.0,0.0,0.0,0.0,0.0,0.0,0.0,0.0,0.0,0.0,0.0,0.0,0.0,0.0,0.0,10.1855487426005,0.0,0.0,8.313596215573968,1.104402913847378,2.747025184353022,14.089519511501308,0.4730374604325656,4.042820221792764,0.1642921176489041,1.8927900093649817,-0.0097120213179848,0.0310255773157643,1.8506478722864077,-0.036444868976776,2.060533982866379,0.3521177730169559,22.921660765896984
W0029,4,0.0,0.0,0.0,0.0,0.0,0.0,0.0,0.0,0.0,0.0,0.0,0.0,0.0,0.0,0.0,0.0,0.0,0.0,0.0,0.0,0.0,0.0,0.0,0.0,0.0,0.0,0.0,11.220132956767351,0.0,0.0,0.6094444181612679,1.4387386880586477,4.668516149734645,2.4326964290773403,1.664166819208422,5.369877776717649,1.397095131403839,2.170999755438268,0.1055601599403173,0.0785951762901466,3.4849101302690246,0.0396074737421956,2.642963904342268,1.1282443801664142,28.719749908974435
W0029,5,0.0,0.0,0.0,0.0,0.0,0.0,0.0,0.0,0.0,0.0,0.0,0.0,0.0,0.0,0.0,0.0,0.0,0.0,0.0,0.0,0.0,0.0,0.0,0.0,0.0,0.0,0.0,5.482709038374935,0.0,0.0,0.2648802826157806,1.0419401954397838,4.343245015912268,0.9787007330925588,1.7840151360325205,4.236102588512665,2.342619714827327,1.2464083010741354,0.1457109580228443,0.2665000503923587,2.603958439315374,-0.0253036142783804,3.708804973349895,1.2547035118218854,28.43313230525667
W0029,6,0.0,0.0,0.0,0.0,0.0,0.0,0.0,0.0,0.0,0.0,0.0,0.0,0.0,0.0,0.0,0.0,0.0,0.0,0.0,0.0,0.0,0.0,0.0,0.0,0.0,0.0,0.0,3.133039517490242,0.0,0.0,0.1610235161567613,1.0718236840538231,4.040920691329397,0.7372984022222364,1.5560679319716682,4.942480291744349,2.52378950389544,1.0783577399785715,0.366153774886591,0.3342519789932703,2.2746342222713123,0.0449422982049173,4.044970276887426,1.5000430407229126,30.2236544557846
W0030,0,0.0,0.0,0.0,0.0,0.0,0.0,0.0,0.0,0.0,0.0,0.0,0.0,0.0,0.0,0.0,0.0,0.0,0.0,0.0,0.0,0.0,0.0,0.0,0.0,0.0,0.0,0.0,0.0,3.0,0.0,80.0,0.0,0.0,0.0,0.0,0.0,0.0,0.0,0.0,0.0,0.0,0.0,0.0,0.0,0.0
W0030,1,0.0,0.0,0.0,0.0,0.0,0.0,0.0,0.0,0.0,0.0,0.0,0.0,0.0,0.0,0.0,0.0,0.0,0.0,0.0,0.0,0.0,0.0,0.0,0.0,0.0,0.0,0.0,0.0,6.1898556339973005,0.0,58.89967084989132,-0.0261149613708274,-0.0065684941706891,0.0408085072240708,2.826560876235888,0.4548060428538043,0.2280804185933594,0.4536751669464978,4.445952961338676,0.0479699160683435,0.0419370435368047,-0.0144633579814516,0.1516917580715684,0.5102595644133415,1.3277784433588895
W0030,2,0.0,0.0,0.0,0.0,0.0,0.0,0.0,0.0,0.0,0.0,0.0,0.0,0.0,0.0,0.0,0.0,0.0,0.0,0.0,0.0,0.0,0.0,0.0,0.0,0.0,0.0,0.0,0.0,8.737741733896204,0.0,34.66782182987522,-0.0067642654127512,0.0205313782583009,-0.0336957878000093,6.904643869478177,1.071193752965276,0.6347731949024351,1.1790682431180934,13.187912754163076,0.0284868581287095,-0.005085656246149,0.0602585269295135,0.5739712653402971,1.272602528810176,3.145167600654143
W0030,3,0.0,0.0,0.0,0.0,0.0,0.0,0.0,0.0,0.0,0.0,0.0,0.0,0.0,0.0,0.0,0.0,0.0,0.0,0.0,0.0,0.0,0.0,0.0,0.0,0.0,0.0,0.0,0.0,9.438799180251651,0.0,4.5399054376196215,-0.0193554875847674,-0.0027777906370782,0.0120943844123622,12.441709068622876,2.4836439250572804,1.3112943024148491,2.083894416711859,22.76058757153006,0.0527302606469108,0.0749022590399708,0.0630375295221487,1.5408140506214798,2.4893848162829206,7.312439013970491
W0030,4,0.0,0.0,0.0,0.0,0.0,0.0,0.0,0.0,0.0,0.0,0.0,0.0,0.0,0.0,0.0,0.0,0.0,0.0,0.0,0.0,0.0,0.0,0.0,0.0,0.0,0.0,0.0,0.0,10.528274052713874,0.0,0.4986604952788289,-0.0306543940158517,-0.0806665701347959,-0.0042456040803032,15.373514925644573,2.1559031567121467,0.7669536374994094,2.1698747847185595,11.464193757681029,2.177909372868024,1.0647905616360764,2.2502172970658805,2.9323762194978404,4.390125904317337,6.394098365723859
W0030,5,0.0,0.0,0.0,0.0,0.0,0.0,0.0,0.0,0.0,0.0,0.0,0.0,0.0,0.0,0.0,0.0,0.0,0.0,0.0,0.0,0.0,0.0,0.0,0.0,0.0,0.0,0.0,0.0,7.320170939225103,0.0,0.3346712988796433,-0.0224464049329231,0.0332775232054334,-0.0201598160225956,16.131654837629004,2.721783392018526,0.5381965923153228,2.3130267155084816,7.607170161362771,2.112575896104554,1.6836148135389977,2.7569582925845246,3.949283989651884,5.604124504048448,5.565389919253005
W0030,6,0.0,0.0,0.0,0.0,0.0,0.0,0.0,0.0,0.0,0.0,0.0,0.0,0.0,0.0,0.0,0.0,0.0,0.0,0.0,0.0,0.0,0.0,0.0,0.0,0.0,0.0,0.0,0.0,3.841713313603128,0.0,0.255278788480985,-0.0123066605384623,0.0062190748136854,-0.0329789479275955,16.660522606765166,2.588520501088844,0.4756447008087124,2.118767416315724,5.718900951193264,2.4331049418995594,1.9669020103366817,3.766769203953853,3.6171412188127503,5.882826811759254,3.550544443276271
W0031,0,0.0,0.0,0.0,0.0,0.0,0.0,0.0,0.0,0.0,0.0,0.0,0.0,0.0,0.0,0.0,0.0,0.0,0.0,0.0,0.0,0.0,0.0,0.0,0.0,0.0,0.0,0.0,0.0,0.0,3.0,80.0,0.0,0.0,0.0,0.0,0.0,0.0,0.0,0.0,0.0,0.0,0.0,0.0,0.0,0.0
W0031,1,0.0,0.0,0.0,0.0,0.0,0.0,0.0,0.0,0.0,0.0,0.0,0.0,0.0,0.0,0.0,0.0,0.0,0.0,0.0,0.0,0.0,0.0,0.0,0.0,0.0,0.0,0.0,0.0,0.0,4.233596725079777,75.440989178547,-0.0045312695819224,0.0659201282215349,1.424942670818074,-0.0520202266190625,0.2542608555807802,1.3999996981639655,0.0089746942638186,0.0705038840334234,3.4236546861066506,0.0217684912056635,0.1500354555175907,1.055911698666443,2.730085504669248,0.6727023986887862
W0031,2,0.0,0.0,0.0,0.0,0.0,0.0,0.0,0.0,0.0,0.0,0.0,0.0,0.0,0.0,0.0,0.0,0.0,0.0,0.0,0.0,0.0,0.0,0.0,0.0,0.0,0.0,0.0,0.0,0.0,7.144145895459619,40.76960234034701,0.0346355345024362,0.034207581132221,3.5088037640945284,-0.0674619862775378,0.6696687135524969,3.3373126025226787,0.0055548426627378,-0.0396421811147476,7.451553116143065,-0.0024705661807595,0.3921226402715334,2.8517963871947205,9.032829651336003,1.645854579455724
W0031,3,0.0,0.0,0.0,0.0,0.0,0.0,0.0,0.0,0.0,0.0,0.0,0.0,0.0,0.0,0.0,0.0,0.0,0.0,0.0,0.0,0.0,0.0,0.0,0.0,0.0,0.0,0.0,0.0,0.0,12.966020979982238,2.875982536840189,-0.020192990751002,0.1565609406039056,8.039209917795672,0.057195629168486,1.2194315317061712,6.665130030326417,0.0767994296084469,0.0781304923319198,15.31717513466432,-0.0494921070281877,0.7350817384366809,5.150663885993299,13.17777825054745,3.654114765217662
W0031,4,0.0,0.0,0.0,0.0,0.0,0.0,0.0,0.0,0.0,0.0,0.0,0.0,0.0,0.0,0.0,0.0,0.0,0.0,0.0,0.0,0.0,0.0,0.0,0.0,0.0,0.0,0.0,0.0,0.0,10.55656571499326,0.3361065297244249,0.056898006838079,0.1409524066389842,11.545468818032244,0.0065510248589119,1.4115667340571396,3.1543673150909552,0.2365804344779918,2.265311474410141,7.583191849345396,0.0048975678768884,0.6748846153780114,6.55965679365289,12.915310987064746,6.518528354735601
W0031,5,0.0,0.0,0.0,0.0,0.0,0.0,0.0,0.0,0.0,0.0,0.0,0.0,0.0,0.0,0.0,0.0,0.0,0.0,0.0,0.0,0.0,0.0,0.0,0.0,0.0,0.0,0.0,0.0,0.0,8.821483154893235,0.1628795249345968,0.0218099310831307,0.1638935709639698,8.26946145003441,0.029734352580429,1.240778764938362,2.317709179731468,0.3206327634683537,2.718833876169082,5.144770770324847,-0.0353579007034518,0.6603099455494555,9.510072898781509,7.587193636962811,6.8297987634731685
W0031,6,0.0,0.0,0.0,0.0,0.0,0.0,0.0,0.0,0.0,0.0,0.0,0.0,0.0,0.0,0.0,0.0,0.0,0.0,0.0,0.0,0.0,0.0,0.0,0.0,0.0,0.0,0.0,0.0,0.0,4.572021699036927,0.157343430593996,0.0615739424485643,0.159382126601689,8.580905917656514,0.0669636175934876,1.489925587972425,1.2807658826445474,0.4215015823928876,3.8893134553131983,3.654823267868444,0.0406527850526051,0.6837507698752339,9.641607947952988,7.305311657891551,7.1346569368153006
W0032,0,0.0,0.1034482758620689,0.1034482758620689,0.1034482758620689,0.1034482758620689,0.1034482758620689,0.1034482758620689,0.1034482758620689,0.1034482758620689,0.1034482758620689,0.1034482758620689,0.1034482758620689,0.1034482758620689,0.1034482758620689,0.1034482758620689,0.1034482758620689,0.1034482758620689,0.1034482758620689,0.1034482758620689,0.1034482758620689,0.1034482758620689,0.1034482758620689,0.1034482758620689,0.1034482758620689,0.1034482758620689,0.1034482758620689,0.1034482758620689,0.1034482758620689,0.1034482758620689,0.1034482758620689,80.0,0.0,0.0,0.0,0.0,0.0,0.0,0.0,0.0,0.0,0.0,0.0,0.0,0.0,0.0
W0032,1,0.0,0.1612503618729354,0.1772554909518003,0.1508909419103423,0.1770808531505171,0.1641161474726297,0.1423254895686117,0.1354482556389099,0.1499657343493378,0.1863526817577888,0.1656497615864614,0.1659286786208137,0.1768651140688778,0.1288686197196925,0.1949773300317457,0.1656306269438725,0.1581818063898331,0.1866840960572697,0.1834655319584001,0.1576101741451796,0.1812320001926723,0.1656703797114948,0.1373098269760199,0.1743966174209543,0.1553981985820099,0.1423099032778546,0.1606331299029954,0.1664812192272739,0.1757946063158792,0.1760277540615456,63.43687748861214,0.4004980843271077,0.891757109994607,0.6715968421586922,1.22494991402084,0.6600248709344312,0.9882119105427905,0.9132579699651416,0.4258832946715397,0.2983042325674493,0.3971421502165018,0.3791142948021003,1.1657879833681826,1.2308939628201616,1.1263683311843145
W0032,2,0.0,0.3033822792933693,0.2705945536609767,0.2799413959598439,0.2897135481259802,0.2232796616041541,0.2612273748919439,0.2613784582456346,0.2849773912762102,0.2899280432282085,0.2248178753082901,0.2897902603869542,0.2443038185726229,0.2933250593803411,0.2856622256832093,0.2905343126278328,0.2743739833956887,0.2919544903573693,0.3233809208684008,0.2945182912729141,0.2485532436821902,0.2433248253525136,0.2786424031653053,0.3079875176277561,0.2022852734588928,0.3381187450173499,0.2711824711069722,0.3190806759515617,0.3323592996147918,0.2752872387412764,36.7453357721423,1.3244076431298983,2.499540172078136,1.335131438033085,2.6946335656798555,2.073327596167094,2.184447601247088,2.538426100961286,1.120898438236667,0.6101390673110838,1.2474414255740156,1.026311813832704,2.4467664592437828,3.093393864014834,3.290000497308337
W0032,3,0.0,0.4046269217541102,0.2619351111679281,0.3115315424230352,0.3185650627539829,0.3641858572896558,0.4610800552281194,0.4038202173873354,0.468295903326274,0.4229113983062769,0.3278202420902017,0.3503046744131208,0.4635508456097318,0.3948462837921742,0.3219369913482534,0.3821286830307391,0.385774412539001,0.4913546849049847,0.3801064466037745,0.3703098491681094,0.4043753288720727,0.4768461899625769,0.3498956614053917,0.4763811487203755,0.4067591073604515,0.395091029410243,0.461600140261848,0.386458461497838,0.3908530867139944,0.4407548792348321,9.227586786938724,2.4515735499398126,4.054939072401169,2.761606027492937,3.772569168213976,3.775789635171927,4.228837947723935,4.55868562038992,2.0051921487795856,1.4198825882310784,1.9434483909631517,1.890139139886739,5.55561964479277,5.985516300064349,5.77024315232759
W0032,4,0.0,0.3874731401761639,0.266913806743878,0.3114459908754804,0.3618474672144844,0.3501068300639579,0.4238396901744609,0.2466189168269381,0.3871276463373326,0.4515699408678921,0.24677605649768,0.3477839083059513,0.368626771618474,0.3537695080866668,0.3282187610851239,0.2371793409678788,0.4193295449493733,0.3574370932784937,0.3524371920801317,0.5075463920437556,0.4166259951186855,0.3426944276099242,0.2853115343853795,0.4524422317613003,0.3529504564972564,0.4170429945608276,0.45704440879849,0.3074280256908164,0.4089122422333596,0.4366886703479209,0.5750555327929627,2.543191632670684,2.4623551001060853,3.28746643985446,3.781658178888521,2.932882322569601,4.053980098179415,2.94715708961224,1.6672325890197803,1.3292577950358206,2.013786065361852,2.242116315777231,5.8079082798562665,8.291840369484255,7.747403667766564
W0032,5,0.0,0.291908094478771,0.1394467019558948,0.2170166539653543,0.3435716649497922,0.3957965338278406,0.326339213929039,0.2438892034694348,0.4008026772043442,0.3485214542858237,0.214244425247657,0.2993062265730812,0.2671511156671221,0.2157270074788373,0.2311865304978571,0.1783820421497442,0.2038960014403157,0.2960659832724173,0.2073185506859925,0.3115113995130665,0.3997900870414343,0.3178484670147044,0.203582940206861,0.3431793663292021,0.2601749739913859,0.3254344990242573,0.366148926731836,0.1919069987699572,0.2334022958454893,0.2942771991789307,0.3692293572476881,2.6815335199264263,1.788398840755134,2.930469445329513,2.677897509486166,2.0985006132738597,3.4365977776750247,1.974838732294239,1.518070161575822,0.9336756984990484,1.4349232136538292,2.114770795298157,8.471410901805472,8.3642163830079,7.090576201017615
W0032,6,0.0,0.2512752935560504,0.115063025770904,0.1318633730768861,0.2568354447295744,0.3011229876789759,0.2712656873052098,0.1738762573190198,0.3376288713898147,0.2660868186143518,0.1557794761803662,0.1711749007235328,0.2216507142574086,0.1591653657567776,0.1239581553062301,0.1053691197779658,0.1581002218965003,0.2024763855453437,0.1165954830726306,0.2013563668857981,0.2619827079292539,0.2310479329781528,0.1580990593963798,0.1556012895914134,0.1427315215165387,0.1951108920046654,0.2356315423301811,0.1193560617469789,0.1995106762710591,0.2046585698640457,0.2127437201673899,2.125946950178893,1.258371434354247,2.7075403555818256,1.781591089133819,1.668171663959464,2.6111543772828503,1.5856190605262777,1.3063617152296163,0.966090535018236,1.844322856506792,1.6966979905828876,9.616678834038453,9.523699564812398,7.23381930195451
W0033,0,0.1034482758620689,0.0,0.1034482758620689,0.1034482758620689,0.1034482758620689,0.1034482758620689,0.1034482758620689,0.1034482758620689,0.1034482758620689,0.1034482758620689,0.1034482758620689,0.1034482758620689,0.1034482758620689,0.1034482758620689,0.1034482758620689,0.1034482758620689,0.1034482758620689,0.1034482758620689,0.1034482758620689,0.1034482758620689,0.1034482758620689,0.1034482758620689,0.1034482758620689,0.1034482758620689,0.1034482758620689,0.1034482758620689,0.1034482758620689,0.1034482758620689,0.1034482758620689,0.1034482758620689,80.0,0.0,0.0,0.0,0.0,0.0,0.0,0.0,0.0,0.0,0.0,0.0,0.0,0.0,0.0
W0033,1,0.1613854415820509,0.0,0.1356297800110695,0.1584037180094024,0.1762535615825921,0.1805741707242115,0.17205925518465,0.1752684276917923,0.2066173540185075,0.1880591494605279,0.1535529370781354,0.1452245924023796,0.1761555533848703,0.1797510356647515,0.1604041333155661,0.1772253752436975,0.1682222773478868,0.1428974962014902,0.1809547010210348,0.1544727371524057,0.1824483136700192,0.1877579970659699,0.1688153059702637,0.2022738179262575,0.1802466675448828,0.1755767513485664,0.1810443974963367,0.1713871636984774,0.2045908369541406,0.1845031827646495,65.15346986723722,0.4276385780373319,1.0269825451016452,0.4964612422451968,1.1765732512607736,0.9248846820569456,0.8609756911480362,1.0309804587870803,0.703652952398859,0.2033878385230695,0.4207333405706292,0.3181697365277077,0.9337188565781808,1.3479508386468375,1.249050850311903
W0033,2,0.3427874803581389,0.0,0.2442393105711321,0.246937328946907,0.2773052282105016,0.2574031555857823,0.2838436107247812,0.2491357114290049,0.2837033932346601,0.2704368874553376,0.2729892113153669,0.2876514691044089,0.2806894691181922,0.2758587027468588,0.2851027159895923,0.2468306445405215,0.2900803138396856,0.3033984547980679,0.3126342495440342,0.2879972240811485,0.2938492199491179,0.2605355796857508,0.208669740930682,0.2925608719596095,0.2857034444118442,0.2561241540456923,0.2255996938870706,0.3362103031136021,0.2961897900583122,0.2954326499828512,48.19544107618034,1.443551244307909,1.925269560559635,1.1049798347050106,2.9519905473843955,2.199055644769489,1.9689701322420268,2.2565623633726326,1.684668112880901,0.4303294920651879,0.9941160770236506,0.8263218393584233,2.691291698611188,3.202685803683172,2.660548719234704
W0033,3,0.4543207764527736,0.0,0.3185753716625211,0.3665027840777045,0.3912440403106539,0.3415138691213002,0.3372827989521356,0.3757830619130589,0.3304625018345312,0.3953183102741707,0.4085359519043763,0.4575356253412816,0.4317847847714594,0.3502434427085564,0.307307192530476,0.3402080631663589,0.3630009805819332,0.4495658815889549,0.3852743536634814,0.4242944770217566,0.4746405265126089,0.3166848313537488,0.232257970363242,0.4810064423125076,0.4152066580499933,0.3621961019202968,0.3794630200766244,0.4043990473182902,0.4352946527969843,0.4812967426644323,8.510725818618019,2.2425065472657204,4.275106802647814,2.3478746758032494,5.8693098590552015,4.493535574488631,3.818206228481536,4.374501886591707,2.7103406245824573,0.9479950860202618,1.8577065686137664,1.4641530152076814,4.641081698359115,6.050244766645759,5.211386630386475
W0033,4,0.3738770068616892,0.0,0.2343168074796413,0.3075788841636149,0.3464715738179215,0.3618705308836714,0.3310454908058127,0.3050231372239368,0.4148456698808707,0.4400582516679894,0.3214606824894214,0.3834515729385481,0.3024012433941193,0.2619582817494618,0.3319903852211285,0.2479497596375716,0.3387281989624334,0.4204886130812831,0.3760248224057764,0.4137064177176934,0.422716832675954,0.3409666385983923,0.2241948419034163,0.4017226851233934,0.394894756483821,0.3464698618069964,0.4816339167656077,0.284220924258728,0.3912780738982906,0.3801617421194184,0.6101581007627342,2.54717301975949,2.595537625856587,2.587413249634262,4.313702208254028,3.3762884206184296,4.191625485721345,2.532666421405623,1.901195066132208,1.112604738245392,2.099134817417611,1.5459391666819509,6.402988431093927,9.46850505960143,7.470018505008483
W0033,5,0.2464317135973959,0.0,0.1742448350695731,0.268666687896767,0.2862897732668604,0.3202606208610238,0.2775684122465531,0.2265898049010793,0.3096273770578071,0.321147958563376,0.1863814234057603,0.3529947656914137,0.2879795194350782,0.2049720835288788,0.1942042944423653,0.1516843177888243,0.2322360776421152,0.2769204679010089,0.1713721705262388,0.2527656515736668,0.4414454121558364,0.2976993814636156,0.1749501418703444,0.2626562985981892,0.249731464420209,0.3026225019598422,0.3063260710831863,0.1980089152462172,0.2717276625573588,0.3308416647360402,0.2516998038862507,2.373775704366051,1.8775263932571968,2.9897949137217306,2.3557755741924686,2.521323125174104,3.458464945072634,1.6224615453643112,1.548228733717119,1.013163270522481,1.6904524815280215,1.7652686075720811,7.96629459919418,9.370694071642475,7.1161038546824855
W0033,6,0.1866543576788268,0.0,0.0819261799142093,0.1532085225913709,0.2511751947449727,0.3111309346309057,0.2366952637775179,0.1785149630274391,0.3009998275965698,0.2910731654542128,0.124985178697759,0.1790200834521752,0.2025417522883103,0.1476041192994569,0.1460866882943826,0.1115426313305833,0.1474890070986746,0.2343089899427641,0.1349380256226931,0.2500818036309379,0.335582520189896,0.1796237022211466,0.1397349434182227,0.1688607761388046,0.1465316792248671,0.1970994512504793,0.2447358215467847,0.1279729702018157,0.2209116135944812,0.2041309066169283,0.2266146222187889,1.857110353233636,1.4594489807818225,2.266370818822481,2.029533843130908,2.049647533540905,2.6686769773296155,1.447741297917467,1.0467224266590442,0.8744167975561057,1.4397998352637478,1.800860993870398,8.00847340284388,9.670999119885437,10.07982379570938
W0034,0,0.1034482758620689,0.1034482758620689,0.0,0.1034482758620689,0.1034482758620689,0.1034482758620689,0.1034482758620689,0.1034482758620689,0.1034482758620689,0.1034482758620689,0.1034482758620689,0.1034482758620689,0.1034482758620689,0.1034482758620689,0.1034482758620689,0.1034482758620689,0.1034482758620689,0.1034482758620689,0.1034482758620689,0.1034482758620689,0.1034482758620689,0.1034482758620689,0.1034482758620689,0.1034482758620689,0.1034482758620689,0.1034482758620689,0.1034482758620689,0.1034482758620689,0.1034482758620689,0.1034482758620689,80.0,0.0,0.0,0.0,0.0,0.0,0.0,0.0,0.0,0.0,0.0,0.0,0.0,0.0,0.0
W0034,1,0.1721726362849591,0.1751145938130797,0.0,0.1834065920548505,0.2022633991743038,0.1532701617947714,0.2013685677340011,0.1594364539121909,0.1628892733964618,0.1771737405014136,0.1483016729789978,0.1741036779713685,0.1650860461832409,0.173796684253763,0.184189869488854,0.1899725154509344,0.1576060230009172,0.166772298155219,0.1885935645060643,0.1938108558285953,0.1886762420916835,0.1640543018377333,0.158678106438871,0.1305155359102629,0.1649333324014537,0.1510352612457681,0.1817335739852547,0.1387561070507112,0.15866090979597,0.1734147334947238,58.07308421369063,0.476075258318455,1.0225351852074849,0.5964453016683748,1.2637655446518206,0.8817616757499404,0.8373217843513576,0.8895200750137827,0.5456866218767753,0.219138597193295,0.4490147985565408,0.3548153433946754,1.0206853858347935,1.1969007368396585,1.0803255821856357
W0034,2,0.2708332399742915,0.2858104476286741,0.0,0.2979924293900797,0.2892487832920504,0.2747153597188886,0.2812346218163899,0.242094458223924,0.2234216234432281,0.2826158919342844,0.3309047257355756,0.3006435871529253,0.2728515223703098,0.2621177631968953,0.3049157030101099,0.2869091089727897,0.2472901125418473,0.2753756106678398,0.3018786073386829,0.2810605407679845,0.2954245434331028,0.3076332807233444,0.2019919377933265,0.2771320360293251,0.2874993217541783,0.2916683080248932,0.2878592179222331,0.2901795267926516,0.3082862701246912,0.2741166725964281,41.32864771021914,1.2036277984763568,2.4531084767683806,1.4107701621080058,2.949916531707512,2.2815586056587374,2.0801821905994853,2.2264756514430912,1.1998748484400634,0.5002432598026297,1.0436970311230551,0.9682178789975456,2.320463659708816,3.733719286180959,3.6418359375664338
W0034,3,0.4184892927040949,0.3789116700125124,0.0,0.3811457555534577,0.3584913181890514,0.3835853848590032,0.4227276609915498,0.3411328381460658,0.4449964426665635,0.4054327464407886,0.4341227751285905,0.4531630641053819,0.4087772498327382,0.3022927354196084,0.4255185083213225,0.3926625335571204,0.3842341451679814,0.454678196076986,0.3641261675227521,0.4443711480935604,0.4009427697451142,0.4073694204354532,0.2732045068134154,0.418384388322284,0.4937834208834581,0.3375693312711709,0.3231368028241324,0.3511914291606678,0.4381304953672151,0.4897226980647776,7.549663639199459,2.114034135774405,3.3573893416370377,2.3871970985218423,6.369043126366912,4.161378338005114,3.5683329518639564,3.795185376486318,2.296358428133076,1.1563939590702956,2.1341442898011853,2.1761545985558466,4.95226326343209,7.380334752201587,6.498308649427719
W0034,4,0.3004726228636454,0.4355171264066629,0.0,0.3100437586511478,0.3327373524432438,0.3735281050606032,0.39383264849296,0.2803441060535734,0.4045468420772591,0.3538329584796955,0.2931568660928098,0.4274120944429121,0.4255899414447398,0.3297930401361538,0.2826671059178667,0.2282825418018077,0.3053053992005036,0.3967481531690839,0.3382949395994559,0.3685217640527256,0.3479378000778046,0.4690255230217003,0.27567604070237,0.4795208520888499,0.3041339622179311,0.4034398778010252,0.3654281621210349,0.289310676462295,0.3341186144387287,0.370117915071998,0.548799569881455,2.64340309735246,2.201060782480188,2.7912906672985414,3.841169968086759,2.920862055141158,4.130415319519519,3.009345584122442,2.174293901211704,1.5023449502536623,2.485000987980861,1.65258699225605,7.048479307441256,8.143536185541963,6.980127053816865
W0034,5,0.2723468915327069,0.2852523965464574,0.0,0.2434073092095852,0.2681476143519838,0.2854414910098181,0.3249604674945836,0.2169803259331491,0.3344805730045127,0.350342915592462,0.1959320535701484,0.2321937156472926,0.3051134710997362,0.2075547842365502,0.2112700794818782,0.1951880841963041,0.2513438437006923,0.3239264038800785,0.2274775528282067,0.3647066435216567,0.2800140888164192,0.3011094259302154,0.2279524461305115,0.2496320899217434,0.2311609523421168,0.315199297825473,0.3247923969224608,0.200718903598832,0.254036241177621,0.2841991614691967,0.4192843436017288,2.4469228786167783,1.6093429812336988,2.2349568007066294,2.762873206531525,2.276849449607833,3.943385972467389,1.9536874206742227,1.4011872561399696,0.8790381034351339,1.6134396296493163,1.985306615538289,7.851974543141244,10.286270641675868,8.320463608034945
W0034,6,0.1619525404037372,0.2478953641661129,0.0,0.1437720855945037,0.2365237484169777,0.2811514846715876,0.2363984759063349,0.1518497717813305,0.2572796253962838,0.2588392404762332,0.1325505660791736,0.1541028278014887,0.1998973609642742,0.1501793308876663,0.1381790663627874,0.0944061967187573,0.1634671412748453,0.1616281317290417,0.1233463586278012,0.2097991490245446,0.3132863149763796,0.2522702180955832,0.1478101969537705,0.1749349811117663,0.1348098288759109,0.2065692547948474,0.2820097092706204,0.1150989428437611,0.1817970115947818,0.2437524567976653,0.2131276792758888,1.6850834671753123,1.23868421290012,2.2553533247942488,1.759504947014031,2.0214955445880936,2.732713552301471,1.548557336783304,1.489718481878132,0.9358249786937464,1.4880003897657392,1.9492710217046787,8.159638511264191,10.60496070960377,6.930253385945471
W0035,0,0.1034482758620689,0.1034482758620689,0.1034482758620689,0.0,0.1034482758620689,0.1034482758620689,0.1034482758620689,0.1034482758620689,0.1034482758620689,0.1034482758620689,0.1034482758620689,0.1034482758620689,0.1034482758620689,0.1034482758620689,0.1034482758620689,0.1034482758620689,0.1034482758620689,0.1034482758620689,0.1034482758620689,0.1034482758620689,0.1034482758620689,0.1034482758620689,0.1034482758620689,0.1034482758620689,0.1034482758620689,0.1034482758620689,0.1034482758620689,0.1034482758620689,0.1034482758620689,0.1034482758620689,80.0,0.0,0.0,0.0,0.0,0.0,0.0,0.0,0.0,0.0,0.0,0.0,0.0,0.0,0.0
W0035,1,0.1643177522212339,0.1419787042766677,0.1601205681406843,0.0,0.1698084595600685,0.1511949952619619,0.1749615786987657,0.1697449107663463,0.193393552281359,0.1753558736844841,0.1505833447483771,0.166555245255219,0.2242428827229606,0.1921705457599616,0.1500535723677718,0.162120358773734,0.1760584303993579,0.1765651134803627,0.1768808975886673,0.1676236669036638,0.1555923502683152,0.1718366827188714,0.1590475955209373,0.1920445959302713,0.1516567596114876,0.1592396221404657,0.2332682753132727,0.1601098811315229,0.1586089492595982,0.191485337931631,54.23337076075524,0.3265072671017169,0.9727634745464038,0.4572380475098176,1.071851050586182,0.7837580618928262,0.8146747083438977,0.7586750565526914,0.4869620650868229,0.3054699256539589,0.550695423183296,0.4631372915024279,1.1292645171562568,1.3229497607576035,0.88690711107508
W0035,2,0.2735947879115482,0.2608398837775085,0.2470382594334444,0.0,0.2381137035233336,0.2379614278576106,0.2998949466868024,0.2491581263425939,0.2862733418951318,0.2603432981720344,0.285905171158571,0.2844938443744643,0.3435433947835112,0.2242277526023183,0.2563819617412773,0.2747242337506,0.2482445299695275,0.3126095157816239,0.2757200630821824,0.2629070127277901,0.2858550588578776,0.272163865002222,0.2384453052019766,0.2782028018538548,0.2843687014823194,0.2741677343717563,0.3288731880294177,0.2461414125448635,0.2793888698608565,0.2755047583006357,48.56735962447959,1.294127642459531,2.147882791680296,1.305165847963868,2.8224473862632227,1.9316333663020748,2.4945215009845354,2.336980116841306,1.4929498068496527,0.5326624748547256,0.94051747627228,1.1558305430840126,2.6455515879778053,2.8795902569088474,2.6284023455836474
W0035,3,0.3330135060890765,0.3783200369447215,0.3385520905890782,0.0,0.3617440132108502,0.385002467294404,0.4557712791738579,0.3237354867770543,0.4164607166636799,0.4532255630509561,0.3691326240061375,0.4336659130935226,0.5164457706849527,0.4105394336385795,0.4234072495257692,0.3830749921218741,0.4448625489155857,0.4592898284764337,0.4327368676525835,0.4564857445130659,0.3903434878994098,0.4738698080567689,0.3434890844681809,0.5542620688816325,0.3517542807848242,0.3561939295389994,0.3779430159735486,0.4135066504011364,0.4706252091880324,0.4871274140862547,7.492682086065772,2.1142156508136924,3.885721925472401,2.8727954963669817,6.178168296411387,4.527220274501968,4.580171533328561,4.067423618496949,2.3701373641516783,1.1577366729729806,2.02071658190626,2.385476191474292,5.250599990640965,6.272423092705249,5.455402236842082
W0035,4,0.3773263375104549,0.3379675435326353,0.2552010784001908,0.0,0.2971445366678471,0.3405887289498174,0.3524286982406641,0.3116224839292786,0.3875886767395714,0.4307621492628956,0.2716119483444278,0.3342893385030886,0.3673914790632027,0.2934916621644095,0.3118376446284546,0.2246814831908508,0.349645643140548,0.4424934829733291,0.2870328284473012,0.4344603205033714,0.3177262067858272,0.3677386459883089,0.258656152025001,0.3855250174470301,0.3333778253606583,0.4780933712837718,0.4004754924971263,0.2865004887478246,0.3904247389026809,0.400586692655028,0.4366437945384728,2.1436098890054422,2.7768280991971146,3.3052450222883896,3.1684084842211035,3.5698491614407977,4.171923077101326,3.072134435649011,1.9463428522652613,1.5165096640100848,2.0986177771053067,2.0280309978701885,6.932273619832718,8.19054005975765,6.4372873517430085
W0035,5,0.2527162114344897,0.3379529124725929,0.1551244245927173,0.0,0.2940245357764116,0.3329380095158372,0.3160120888778806,0.2157243912365515,0.3598213164437523,0.3813223532060451,0.1706789759112567,0.2718253547010559,0.2583996794249406,0.2218872700802176,0.1989965407718502,0.2006441098315699,0.2415918176524443,0.3262548818093734,0.2069468047819853,0.277986882934997,0.3735104373890138,0.2745322928820898,0.1716155216685077,0.2896951059896546,0.2093505674263561,0.3102137340504159,0.3617550296338044,0.2118745381737686,0.2581338920068037,0.3121412435148603,0.2794945389619441,2.524270863004728,1.77242978919221,3.0297500052866395,2.5970102540934508,2.291730726116717,3.417368852081509,1.999699912108848,1.557238893266299,1.0801011325815282,1.9244834105427449,2.2933986561076085,6.730094116893212,9.434897528422477,7.24715803991836
W0035,6,0.1412394613742568,0.287546711237181,0.0757219557784749,0.0,0.2454279252062227,0.2805653380082243,0.2357484175729441,0.1702670096247896,0.2565411837823532,0.2840637653657761,0.1432216803727977,0.1740830056448279,0.2125332014905847,0.1343211080348788,0.1797281410899142,0.1430118042494062,0.1865952176222769,0.2339607377283394,0.1001894057730886,0.1829394561730691,0.3251831299719389,0.2247853400227758,0.1606878350139591,0.1837477038582912,0.1348128940357064,0.222645484936389,0.3211374692729634,0.1253565564464648,0.2311083281549575,0.2151788567915045,0.2241528837390129,1.543392542686953,1.353096609016729,2.3336145827728254,1.881347518390817,1.8707839973551776,2.897638674935478,1.4777659312945468,1.505793788777575,0.891533965081765,1.5223436377626625,1.8125483915149747,7.561770502610038,9.010891004399715,8.300002662189748
W0036,0,0.1034482758620689,0.1034482758620689,0.1034482758620689,0.1034482758620689,0.0,0.1034482758620689,0.1034482758620689,0.1034482758620689,0.1034482758620689,0.1034482758620689,0.1034482758620689,0.1034482758620689,0.1034482758620689,0.1034482758620689,0.1034482758620689,0.1034482758620689,0.1034482758620689,0.1034482758620689,0.1034482758620689,0.1034482758620689,0.1034482758620689,0.1034482758620689,0.1034482758620689,0.1034482758620689,0.1034482758620689,0.1034482758620689,0.1034482758620689,0.1034482758620689,0.1034482758620689,0.1034482758620689,80.0,0.0,0.0,0.0,0.0,0.0,0.0,0.0,0.0,0.0,0.0,0.0,0.0,0.0,0.0
W0036,1,0.1569870348774767,0.1983504264464655,0.1637554341803457,0.1665280842561323,0.0,0.1503152330257935,0.1533152818676636,0.1495853304330137,0.1810741734082147,0.1740073468712845,0.1884039736485328,0.1658728596058413,0.1661891059821323,0.1454160490771605,0.1583977611519885,0.1680569864664678,0.18097654336183,0.1776249194412216,0.1787821799600419,0.1616865086957823,0.1555673062196746,0.1609579555001435,0.1298711351386696,0.1647018611775735,0.1633154715282518,0.1941121145467547,0.1591437405345425,0.1455323938072157,0.20078334498203,0.1551969456654933,64.8573277780465,0.4788136096804794,0.7334306819150143,0.4928154472871529,1.2322460472251469,0.6365239746551152,0.858209068073234,0.8563491944498792,0.6310415002147938,0.2412028306142795,0.5407480823909968,0.4907262839502734,0.939271842257747,1.3327622727773405,1.1597048208210567
W0036,2,0.2899745132576086,0.2902512639074167,0.1932942703819993,0.3035467784084556,0.0,0.2745402023212817,0.2646198074459933,0.2479427829115467,0.3080873757110974,0.2932666878594537,0.2893025647189962,0.3356448247712325,0.3128325173622512,0.3191225414752434,0.272554006160984,0.2164487473057167,0.2108596883959987,0.2909557749731194,0.2343109762114639,0.2560396429183884,0.236344718948117,0.2842779021049196,0.2178714498799484,0.3187224965652707,0.2745848562934929,0.2505098696228002,0.2677565405121297,0.2815226635537006,0.2827788954033159,0.2630902150359515,38.428360788311664,1.045333922030977,2.032686715317505,1.3519716315032233,2.8125173685489173,2.137552218716892,2.359111821848142,1.987012938406452,1.180939463396861,0.5962994350595343,1.1677036428197656,1.0472794049638343,2.278861363516205,3.2096900256209384,3.218920950193854
W0036,3,0.401491247765602,0.4455348994585584,0.3112051183239209,0.3134374824262961,0.0,0.3242312806547456,0.3121734076262454,0.3470916070420995,0.3814129487501062,0.3773063479041798,0.4473516127195407,0.3541957584848003,0.3396165570344504,0.355158885158804,0.4109647557067891,0.381868452920287,0.459331706367005,0.4618829163631066,0.4005420397519874,0.3931103527522669,0.4509144754171811,0.4316482382872102,0.3034194613090576,0.4842522635168758,0.3628857442354856,0.3081194527203439,0.445600253491674,0.4129430246345804,0.3353560889148537,0.4491812703724868,7.058748597750432,1.2929414144046265,3.363026958381996,2.527864125376861,5.451418184817856,4.814238827363152,4.278694077042454,3.69169576277725,2.487344777111238,1.1567279865452569,1.8198151963244316,2.1036834301747187,4.03195600462208,5.7936019330316295,5.43966357188881
W0036,4,0.2967448313346345,0.3575904714027644,0.2370629677347592,0.3072506707874231,0.0,0.3428591362139177,0.3391103183725605,0.3184036522497194,0.3911306076668807,0.5294037897685555,0.3711645946400029,0.3524055602575116,0.3808124872735132,0.3296036883200536,0.2927915250687438,0.247653960529094,0.332967520745948,0.4353182539030227,0.3651950341677901,0.4639318218251766,0.3938797961043505,0.397921330837942,0.238735295422216,0.3429115187415767,0.3768862166696063,0.426343864148062,0.4680386926110455,0.3019639905147516,0.3988446600128222,0.4039509349882045,0.4202355099684552,2.28961153873649,2.893451758786895,3.233076704618025,4.076085582361178,2.761191116040673,3.7569265221222015,2.6699698724510235,1.8197500422806596,1.144471080856049,2.240593111964432,2.400520636774597,7.034751347393847,7.151596917427015,6.942108907816436
W0036,5,0.1975588786466323,0.3326220281669004,0.1489423929609965,0.1963312687446148,0.0,0.3850463049093495,0.298019555135344,0.2091904970434751,0.3403527969514356,0.3727526546542464,0.2149872321032093,0.3100212868141862,0.2629295463195642,0.2402939262985836,0.2188920139641994,0.1554368912086824,0.2296895830479191,0.327669094399041,0.2600484401159815,0.3096145460094762,0.4489206447129423,0.3088453867283455,0.1733571286211235,0.2584217551570427,0.2172679477771091,0.3250185143084898,0.3248689984540845,0.1915630785292689,0.2798822425410757,0.3036206920593621,0.3139811155466868,1.661145071900203,1.8647566955272237,2.489923700201537,2.7684840446235306,2.625944263054925,3.1306629197203053,2.0495419567791484,1.6944859265471557,1.161873450023477,1.887309048268044,1.8954598846039856,6.535244931120671,9.313700672402666,7.773965163761972
W0036,6,0.1761169254321093,0.2829747561609735,0.1122757458154574,0.1331573026651745,0.0,0.3208512941236884,0.2540679593796794,0.1334013578302908,0.2824519816350254,0.3364520554175855,0.1430117498287027,0.1889507475364173,0.2195055058998256,0.1353695890595753,0.1403105320270549,0.0907325738057518,0.1475194493590993,0.2189614672342578,0.1037135413714322,0.2566841582762819,0.2807266818650083,0.2242546931367108,0.1418189603554588,0.1572220942980168,0.1321262008595393,0.2230545273894014,0.2294191276285281,0.1375682340281354,0.1949175758663549,0.2160315798902077,0.2659458276354962,1.9632025401468904,1.4243900352542262,2.252643908892927,1.5817164290096193,1.5927200864335689,3.4473083772337945,1.5208114667482493,1.1910209900306248,0.7757728939542508,1.5835994337798671,1.8676518253436287,9.281868416017057,9.270004003859508,9.208844297333243
W0037,0,0.1034482758620689,0.1034482758620689,0.1034482758620689,0.1034482758620689,0.1034482758620689,0.0,0.1034482758620689,0.1034482758620689,0.1034482758620689,0.1034482758620689,0.1034482758620689,0.1034482758620689,0.1034482758620689,0.1034482758620689,0.1034482758620689,0.1034482758620689,0.1034482758620689,0.1034482758620689,0.1034482758620689,0.1034482758620689,0.1034482758620689,0.1034482758620689,0.1034482758620689,0.1034482758620689,0.1034482758620689,0.1034482758620689,0.1034482758620689,0.1034482758620689,0.1034482758620689,0.1034482758620689,80.0,0.0,0.0,0.0,0.0,0.0,0.0,0.0,0.0,0.0,0.0,0.0,0.0,0.0,0.0
W0037,1,0.1599560007715451,0.1620691008013621,0.1589987488542086,0.1667589624470188,0.1535094314186074,0.0,0.1919364885622478,0.1498226184885988,0.1777439389201278,0.1561999664237115,0.1542161428180795,0.1896411529637809,0.166006570528354,0.1669173540763842,0.1848100878176139,0.1944649366178346,0.1888317182430383,0.1806775489318428,0.1833538248211661,0.1722500421723935,0.1383896437159056,0.1759856473213928,0.1655623787612353,0.1654875946909847,0.1620673187097072,0.2108980716126265,0.155854484482299,0.1678074204449834,0.1819066821128286,0.1505605748672547,66.73656107695803,0.3825829478908944,0.6206460526723334,0.4658617202219984,1.2556327795645514,0.8961313417783004,1.050874192348643,0.7124960923923742,0.5929963516366591,0.2472320575181699,0.5887706599007634,0.4964994458713228,0.98894519968734,1.2891060102705931,1.1312559662598096
W0037,2,0.2602226581099424,0.2874059763292967,0.2219077527436952,0.2341616855850551,0.2887000964632308,0.0,0.2192240111066507,0.2446776681407894,0.3176254004018724,0.2412192293535335,0.2965589147158204,0.2794672913399904,0.2729594639309758,0.2155365301590599,0.2723408537268372,0.2499634168951567,0.2903873286734764,0.2942133065148639,0.2691064174909599,0.3204397607798348,0.2675137749058605,0.293514930570352,0.2715700126126348,0.2806453822428138,0.2357654244416668,0.3045492545497329,0.2699793946643283,0.2874280463467436,0.2659402072629448,0.2645105555927318,35.53184136728656,1.0118501239066202,1.7717565691653832,1.4544899934091675,3.0276616827672846,2.203479900436683,2.346492075400415,2.457154122739032,1.399244705855604,0.5483978734127819,1.016109650448269,1.0623333367223236,2.27894622583471,3.102337110399488,2.43065312623682
W0037,3,0.3765786924444667,0.3685404272100138,0.275588784374503,0.3754634614619267,0.3303229536419056,0.0,0.3660467523741592,0.4047216342980605,0.350570607332223,0.4495151272755704,0.4010923675319428,0.4427996927458385,0.3889018470532424,0.3363540046049261,0.3615869462756471,0.3395472302774023,0.3458093214174403,0.4748706858677078,0.3737566784706649,0.4386995991106306,0.3780639793910301,0.4295255005307645,0.2852615486860273,0.5043308728976682,0.4310204057007706,0.3665811027986778,0.4380551745066036,0.433916910039634,0.4842034443678469,0.4776367589004882,8.567994342791588,2.029362946199501,3.103943524866136,2.7399337489912914,4.524076714873921,3.475310441594755,5.167789039922599,3.671123266314093,2.7936632991180232,1.407465403203392,2.3411440209509786,2.163452006532343,6.005422481824989,5.828514195457472,4.366440239125093
W0037,4,0.323998572408077,0.3669783075853339,0.227364446867917,0.316467358554316,0.3796560021687291,0.0,0.3950686895178136,0.2399575303496334,0.3887688469126115,0.4050440611578767,0.2554534625966321,0.3563800469523441,0.3713150096633225,0.3231413376644898,0.3017450566149149,0.2754028590236655,0.3057615250877044,0.4145276051686132,0.3303103198087204,0.3914695828209265,0.3662904084096496,0.4079748317370045,0.2346587955504047,0.3508409861602929,0.3959455314062633,0.3067144796794364,0.4215733991678825,0.4072297512395205,0.4011509678961271,0.3730501040519972,0.4568190227629553,2.395223541404764,2.5828864997514147,2.812070893622655,4.276887543522573,3.236591481002093,3.84270250194832,2.9476640936107343,1.9595669456390312,0.9467157595699696,2.306256218313939,1.8357022523989877,7.725738491979207,8.083166003416515,6.682635126592142
W0037,5,0.2157172071462862,0.3192107504548823,0.1570570507298435,0.2331291937588083,0.3244127086655601,0.0,0.3071922654264857,0.2149783198010499,0.3435759995548161,0.3201879577139592,0.2107274017545893,0.2580763918456867,0.314906326723571,0.1900441001644891,0.1772729769086728,0.1807809673099426,0.2415980828249809,0.3505910320758986,0.2183455581880018,0.264564869680883,0.3846619365978844,0.3173152162380648,0.2241888966711896,0.3052581499873336,0.2534456473658456,0.2753455181811173,0.3505614142166289,0.1749644006472031,0.2393757352271597,0.3215908310537648,0.3734017047566338,2.364933592773981,2.0053418240566807,2.870546447593313,2.496908978490161,2.5590094110561514,2.9680274977457524,1.6921264555264526,1.2962378223135216,1.0493809708683337,1.8432863638200936,1.9624605508559811,8.859828050009487,9.275332422600382,8.294514294917393
W0037,6,0.1511792427571681,0.3096744800910219,0.0896901026622972,0.1962755587922681,0.2690378454262095,0.0,0.2691199301065279,0.1805873592768505,0.2276150934385561,0.266344140727749,0.1308098824105336,0.143975169078856,0.2029259350255267,0.1332501889092917,0.1401247517425236,0.1047110318539319,0.1649445504807258,0.1818101806923883,0.1168060345154251,0.2217884938084874,0.2712603519553369,0.2227132702908706,0.0995489084912553,0.1470506281998537,0.1447829069214886,0.2218485407865703,0.2547020562866594,0.1288429759461196,0.1899216553979613,0.236025196755996,0.2404121868320061,1.8335218127982609,1.4157112137854495,2.387259706963948,2.155746612345768,1.6480378855435995,3.5686654860874683,1.424098630117294,1.3721785256342234,0.9270916730604448,1.5898155020739446,1.9376098718376644,7.393311064180514,10.392285813606872,7.864513143174167
W0038,0,0.1034482758620689,0.1034482758620689,0.1034482758620689,0.1034482758620689,0.1034482758620689,0.1034482758620689,0.0,0.1034482758620689,0.1034482758620689,0.1034482758620689,0.1034482758620689,0.1034482758620689,0.1034482758620689,0.1034482758620689,0.1034482758620689,0.1034482758620689,0.1034482758620689,0.1034482758620689,0.1034482758620689,0.1034482758620689,0.1034482758620689,0.1034482758620689,0.1034482758620689,0.1034482758620689,0.1034482758620689,0.1034482758620689,0.1034482758620689,0.1034482758620689,0.1034482758620689,0.1034482758620689,80.0,0.0,0.0,0.0,0.0,0.0,0.0,0.0,0.0,0.0,0.0,0.0,0.0,0.0,0.0
W0038,1,0.1916230283477017,0.2178517261540814,0.14206282363705,0.1358582645308128,0.167087412141573,0.1707695681077599,0.0,0.1767759075241469,0.1741264212506199,0.1690024856157383,0.1766241459919962,0.16681013786037,0.1817250465915227,0.1872157538940649,0.1277276749723629,0.1600557701070893,0.1801913279848969,0.1553931127702205,0.2003566972405528,0.1901106650431024,0.1780217095039737,0.150813523431937,0.1479970033491712,0.1683250536658621,0.1878781225728392,0.183746007403095,0.2009012280909683,0.1662914102041626,0.1526282423357703,0.17245736196061,67.97595858491478,0.4537700381401187,0.7101458255368204,0.521588527780986,0.9814497048561794,0.7784476375410918,1.1474086408202036,0.8036562676885205,0.523798620901419,0.1799798788988996,0.5337025123915669,0.4480527792691297,1.0539471541136238,1.2064593471877372,1.1283857456847208
W0038,2,0.2332969414143548,0.3063792478544268,0.219272208631719,0.2813772351960372,0.2853613619399403,0.2396183968452906,0.0,0.2081412092104791,0.2755061236134355,0.2908934035273576,0.2676242003348381,0.2795736527676602,0.268919174533523,0.2121782002911368,0.2489810760735041,0.221470730696169,0.2635277765790945,0.2716730617146102,0.2500583784785889,0.254848141662487,0.2515730169238724,0.2425086773187637,0.2512601133328087,0.3205541715002191,0.2652327346394889,0.2864573385999568,0.3108453590530552,0.3191943283662333,0.2500622885952654,0.3010133144052058,40.9802707948041,1.1031595849830746,1.5316458240874231,1.4763394921230295,3.0627124618278128,2.4550824577491617,2.141372444067581,2.2686141082438183,1.4684778154413705,0.6535532252482467,1.3450887731098096,1.116805588886745,2.9752473841825644,2.5967087128049564,3.103896527768963
W0038,3,0.3693792855165294,0.4192782812913438,0.3059061171383427,0.3959615052207351,0.3025729905641335,0.341144470789557,0.0,0.3456990603465851,0.3870942495693473,0.3759494782348229,0.3823420219051991,0.4355422045242632,0.4547899784729368,0.3756788613438401,0.3852182772667667,0.2853260533615905,0.461351174900493,0.3721605212240677,0.3996367793432923,0.4788233366878685,0.43175976816669,0.3693187147439466,0.3090848010053716,0.498952217383206,0.4508208092095683,0.4581758016889645,0.4408638820587746,0.4455873647008754,0.4004447055005295,0.424086103988036,7.191400196994476,2.3866873190496545,3.788036198808743,2.312662197691947,5.859240056176821,3.98859610611744,5.309574532807423,4.335099021335853,2.543024069444715,1.1771576978811278,2.0554606282608465,2.240848323255688,4.484183594632271,5.819750142498782,3.981779464355271
W0038,4,0.3497119590973797,0.383686504871874,0.2564811483465862,0.35440570409418,0.2589457351739031,0.385007727753459,0.0,0.2540568898865933,0.3539044341087543,0.408074748616767,0.2889201739055773,0.3179935558618743,0.4177915548398148,0.2951457505732877,0.2609215493896279,0.2410428259866496,0.3221598089836577,0.500511709616878,0.3068859315361005,0.3649083586387862,0.5114258074695426,0.3790434012922751,0.2542659268361775,0.4127839392726384,0.3368232147589594,0.3862916955007058,0.4204689853785139,0.2998214517027391,0.3770727319572289,0.4163080406222725,0.4444308207256429,2.375481316926216,2.719915501694376,3.1840826151681694,3.9541513299982807,3.3511336725275283,4.701748263614661,2.7689667191408414,2.3312744472714626,1.3457077643714728,2.0763990088391155,2.450859360571274,6.706151935875611,8.646598486834199,8.21128788211016
W0038,5,0.174656217298752,0.2663377536760341,0.1626504356468648,0.2436494935439103,0.2503543596919483,0.3933311135614065,0.0,0.2056588375786429,0.3247519869916902,0.3080705516143984,0.211379537126445,0.3128387063094807,0.2783200539160588,0.1748283233445021,0.2297461544252173,0.1758655856930998,0.2533747183301331,0.2840948325723543,0.2136074180119357,0.287506328841757,0.347119513598772,0.2876206015211816,0.2120747036740125,0.2233041811371213,0.1971957114839387,0.2899512040535072,0.3314374357881058,0.2045801035995068,0.2237136606820133,0.3500099196134281,0.2330942643051661,2.365693597657052,1.7805164749633278,2.259822414357639,2.45219909404667,2.1864687351006564,3.790537493834002,1.6577988463137965,1.4497661918533913,0.9614992373195198,2.088454414705592,2.092804798867874,7.692336549585175,7.519470896185381,8.176179088609784
W0038,6,0.1751989477015982,0.2421791056755851,0.1143855791915048,0.1751103223839886,0.1855820290922655,0.3251785679877219,0.0,0.1659358519795537,0.2741766321042313,0.2324782682885414,0.1497329014154443,0.1856170900750559,0.2082169863704526,0.1666946348837945,0.1366895063360113,0.1056460202352992,0.1919179771929609,0.2130426169732777,0.1169377121293189,0.2345517880217931,0.3022382074811848,0.1954644806483222,0.1674903835188221,0.1731787505140927,0.1435375072665646,0.2366316817840791,0.2439638917866452,0.1261896922264337,0.212906913640333,0.2354418771587907,0.3028453461890223,2.0195754080542057,1.246181291932922,2.4487338732624875,1.5345860405801248,1.6421623165659538,2.5289584697432206,1.525731490645004,1.246448950134074,0.8712443039797795,1.387245233239938,1.916961525032888,8.413035479165176,6.988874273641946,7.528645183165576
W0039,0,0.1034482758620689,0.1034482758620689,0.1034482758620689,0.1034482758620689,0.1034482758620689,0.1034482758620689,0.1034482758620689,0.0,0.1034482758620689,0.1034482758620689,0.1034482758620689,0.1034482758620689,0.1034482758620689,0.1034482758620689,0.1034482758620689,0.1034482758620689,0.1034482758620689,0.1034482758620689,0.1034482758620689,0.1034482758620689,0.1034482758620689,0.1034482758620689,0.1034482758620689,0.1034482758620689,0.1034482758620689,0.1034482758620689,0.1034482758620689,0.1034482758620689,0.1034482758620689,0.1034482758620689,80.0,0.0,0.0,0.0,0.0,0.0,0.0,0.0,0.0,0.0,0.0,0.0,0.0,0.0,0.0
W0039,1,0.1849135929770413,0.1769743047929083,0.1413627670717062,0.1632196537522015,0.1821137037477974,0.1937479958357577,0.1837317311585723,0.0,0.1578769000975268,0.1597550864211026,0.1430128354937919,0.1599199579559075,0.1761082539705102,0.1902923656727428,0.1662353592868195,0.1693620406095937,0.1775095742759795,0.179268006909008,0.1967212235326805,0.1911363231288355,0.1608992215219576,0.1253661890553271,0.1371299709706912,0.1799300533284081,0.1735110956339183,0.1805505345569121,0.1604954830959488,0.1872396626579885,0.1880585278462489,0.1891546164037414,60.19082042025765,0.4235604551604854,0.6062633728519087,0.6059704030925106,1.0638661821725388,0.7831981834537926,0.925537850680016,0.9333959093141716,0.5700740516300792,0.2057802678916123,0.3876243714299422,0.401239711325196,0.7297711628646631,1.1842044132687235,1.1211339994509764
W0039,2,0.2448938935554072,0.2446311589509369,0.2393656410822299,0.2376453247853584,0.2528614829229026,0.2244033265910903,0.3217044778331393,0.0,0.2621182924948311,0.2472747058330748,0.2767333064627617,0.3075516906375035,0.3474289644908714,0.2302991071026329,0.3339259725863955,0.2913243239945257,0.2666490332524982,0.2755960663303947,0.2798600625625725,0.2990931280191758,0.3275697809989591,0.2678607091806333,0.2576379459558938,0.2903785274011906,0.3001947138706683,0.2787660787727475,0.316922150814466,0.2655111092373039,0.3048771991778067,0.2615587164403087,42.71991609897727,1.196274366230703,1.900422034871336,1.6194176339963673,3.2404153016321726,1.9410278040602,2.458281891666789,2.293057422446079,1.0041792400607514,0.5801551944062617,1.1302242763726271,1.1110755846975835,2.3944971107068285,2.709249555344185,2.38154952204878
W0039,3,0.3669948678555131,0.4447355990987132,0.2739754668151463,0.3945736982889974,0.3437484199253971,0.3068901432260269,0.5264188440096432,0.0,0.3983829244154026,0.4209659244945757,0.3477788900141328,0.4461239855387527,0.4108779684500798,0.338734618547267,0.4261351152856741,0.3634447405038839,0.358720697584212,0.4548129158174977,0.3294700265193644,0.4567710697979895,0.4080345225124067,0.4809859828689934,0.3152691408540854,0.4239223390757666,0.3880031710170959,0.429958858126651,0.3560117694684774,0.4060547600946707,0.4332105805230272,0.5593497431752886,7.494979426578939,2.341514343469042,3.9702044353022647,2.6779097710045385,5.509808626918474,3.886443736484865,4.233118323074762,4.428613767739217,1.950480488580265,0.9722987022580376,1.923602090539126,2.28612023980664,5.418510603882039,6.386590761593175,6.042386263866704
W0039,4,0.2791075510655855,0.3529762456174207,0.2680195771911913,0.3138378866951822,0.369119637926728,0.3840252191190981,0.362212333877307,0.0,0.4012042238125865,0.4801929766963299,0.2878461273593765,0.3378953816613198,0.3395683098463319,0.2405459293881059,0.2757878116441279,0.2690103507755218,0.2970255973275646,0.4348911952825352,0.3149309794039038,0.3585864526965948,0.4270847314341408,0.5195730022748984,0.2018199361965856,0.3606010245540901,0.3392421808453427,0.3636465044152838,0.4134871930669411,0.3804146143546301,0.4383034325305133,0.3955384673268089,0.503447251356481,2.509989000238027,2.9081441867590643,3.307665472484984,4.000256042777853,3.22247716077948,3.982150178055146,2.703621559201116,2.1652548306810946,1.2640192399067105,1.951732756713932,2.0022933928188413,6.706297154323978,6.657122821337927,5.225023240306346
W0039,5,0.2395900757926731,0.3780638987115652,0.1483847593934231,0.2280107195491593,0.2973636658253822,0.3092985025755393,0.2508555673750252,0.0,0.3883545412089244,0.3611937811368456,0.2480789721672195,0.2900510343389718,0.3078791896863267,0.2052411515250357,0.2058269997189706,0.1754921312008578,0.242864962300481,0.3012799418999409,0.2087612722911219,0.2902727474418445,0.3875977162854516,0.2958611535214287,0.2168208362160558,0.3094164836062605,0.2147673237557386,0.3211994808300539,0.3256911858314895,0.20758331401333,0.3007401263579964,0.3160381058195338,0.3915696582767676,2.276076947252141,1.5588961625618492,2.635712924795326,2.249565571918245,2.1118011457902512,3.365031109658855,1.894834385347538,1.2159450618744438,0.9958625697867391,2.0197727714788885,1.8798734982237424,6.547578093838212,7.552729368341682,7.3600090934380304
W0039,6,0.1675551131263849,0.2298364509471564,0.1056223382591448,0.1393140055699289,0.2126942518493543,0.2941944988319731,0.2312869320729065,0.0,0.2129185569212671,0.262464066136007,0.1421212118468031,0.2122547528165387,0.1979469883425042,0.1615689956808517,0.158458854050484,0.110463904843007,0.1627260538898962,0.201735310611982,0.1222759086453797,0.1937233427086208,0.3765997841668147,0.1859116894822603,0.1521898954559671,0.1911011458154878,0.1157343816745809,0.2413595327848078,0.2284010015419217,0.1176705304730487,0.2173327913853438,0.2330721761229566,0.3302614230813407,1.9324602747705264,1.2006606387777816,2.2033692474212137,1.7832624992495056,2.0550443529533613,2.9081220267992687,1.4354965809498887,1.3771445189187366,0.91977588229066,1.634427334874026,1.7113609387628952,8.103949679437529,9.176876323294684,9.625494717626522
W0040,0,0.1034482758620689,0.1034482758620689,0.1034482758620689,0.1034482758620689,0.1034482758620689,0.1034482758620689,0.1034482758620689,0.1034482758620689,0.0,0.1034482758620689,0.1034482758620689,0.1034482758620689,0.1034482758620689,0.1034482758620689,0.1034482758620689,0.1034482758620689,0.1034482758620689,0.1034482758620689,0.1034482758620689,0.1034482758620689,0.1034482758620689,0.1034482758620689,0.1034482758620689,0.1034482758620689,0.1034482758620689,0.1034482758620689,0.1034482758620689,0.1034482758620689,0.1034482758620689,0.1034482758620689,80.0,0.0,0.0,0.0,0.0,0.0,0.0,0.0,0.0,0.0,0.0,0.0,0.0,0.0,0.0
W0040,1,0.1706287904975174,0.18016017938408,0.1439964710089732,0.1627852324108836,0.1837557613773529,0.1702300562949092,0.1328855298594729,0.173581196990913,0.0,0.1596265093421503,0.1435413208973217,0.1536230197938673,0.1724008673959029,0.1649974926440136,0.1837297352851332,0.1255297274433439,0.1310051112030533,0.1847843374874943,0.142405746252341,0.1685833825173724,0.1965317981461694,0.1590503295098494,0.1924739664975663,0.1869358799847874,0.1664757427854144,0.1542480703934683,0.1758740159174541,0.1592288376642156,0.1608705200586837,0.1825234717044589,60.13061129177699,0.3862473827316605,0.9441572841463296,0.4210145652105079,1.0970559983538863,0.7122008246724834,1.0150593660904947,0.7166687862698797,0.5142276412325586,0.3159458539974278,0.4211497030878857,0.5441552151146354,1.0254317749331294,1.3706842657946674,0.815694009920186
W0040,2,0.2782560946200106,0.3160956404634747,0.2329217400989406,0.2579124533223477,0.294041847466279,0.2721913567789278,0.2455439220168302,0.2305974727622823,0.0,0.2373025530763993,0.2351136536460039,0.2595863204071341,0.2297833649468411,0.3178739587075461,0.2522866540529626,0.2267437079096153,0.2794383543620477,0.309333655119354,0.2682150443798842,0.2468999889557811,0.3157244704506363,0.3218164845684702,0.2382322386725167,0.2534795823805795,0.2877902452212211,0.2214874529783802,0.3210779741826846,0.2985771091525868,0.2908114295823306,0.2529509740832493,39.44898539053046,1.3623673576400863,2.009151981312177,1.231506554165349,2.8531908290629917,1.8529473614361356,2.241232133657933,2.07590946721209,1.2733470644624263,0.5174385664118264,1.378667669190507,0.963674597018754,2.769690014367676,3.41253768234117,3.1485193340574678
W0040,3,0.4373615567412023,0.3942247177516179,0.295214685166371,0.3889894181896277,0.3234931150634129,0.3576953527778896,0.4000027539226434,0.3258616411053018,0.0,0.4025504413068913,0.4181907100338436,0.3840555082967636,0.5552315339624951,0.4264480285346511,0.376469654254587,0.3695998124645681,0.5166535188218014,0.4488575751940225,0.4086196092120582,0.4430689118485246,0.4139672428375819,0.4000370337093807,0.285578108046982,0.5230108543686687,0.4335163823882138,0.3809838484921683,0.4543325818771115,0.4110634069848053,0.3980608203721499,0.4210846541031195,8.4865022160858,2.221043493958788,4.004179169830752,2.4461538770012026,5.4745858384476325,2.993429262742355,4.223751660926649,4.128488821478831,2.2952975180656283,1.326805978748246,2.305808660442658,2.413660308847783,4.911700490559213,6.039529540394748,5.857346630874144
W0040,4,0.3307726710088825,0.3706064390089356,0.267203990773774,0.27612769616377,0.3233764697251717,0.3793653590346875,0.382763575434769,0.2425536375553649,0.0,0.3940972455115581,0.3213756444974094,0.3312534397795976,0.3608776177356723,0.2945897846287942,0.3121602099087577,0.2572638814743216,0.3183872193453092,0.3917760698610258,0.3127488390555479,0.3476554309955608,0.4902426158938077,0.4089286375027419,0.2240257585008107,0.4435107272224274,0.3015221042668512,0.3365354315928444,0.4109585367447727,0.2711137804453694,0.3611012038167999,0.4196878677250472,0.5833556173690359,2.400681172606372,2.5720475376038365,2.912876080581846,4.2534063891306175,2.522057613403895,3.680437204095671,3.4714326201894017,2.2354963256102143,1.4931695578292914,1.8124069831175529,1.7030473397895944,7.61512939375873,7.275234719054844,7.600513447785334
W0040,5,0.1894321565723426,0.3527317985876692,0.1682589825835258,0.208324423430014,0.3599501313414963,0.3103868521270134,0.3327609996466436,0.2285976223950216,0.0,0.3583079758413803,0.2045092599758625,0.2681462118533101,0.2829912660183594,0.2040043086556787,0.2049617981878085,0.168405505793521,0.2200150955958807,0.3062769900755722,0.2103356812264087,0.3196108749042098,0.4034767198641524,0.3287040081552282,0.1983835659345862,0.2786474648782719,0.2340529563215037,0.2842784944234397,0.3695520460402222,0.2119764270579897,0.2601403839097275,0.2782426347100706,0.3636954009117509,2.592080664702261,1.6350284062551543,2.7975296482994603,3.0594173817891805,2.06984812172052,3.2133170003975176,1.664105908156462,1.4346678946500793,1.146752830435673,2.053049386878312,1.9214940472460988,7.468688998356725,8.407818946517127,7.642883110992109
W0040,6,0.1511894474489268,0.2427662305279803,0.092703636687992,0.1479656063195725,0.2483804656827321,0.3008633990188368,0.2385849121265353,0.1661150962017773,0.0,0.2618132795846125,0.115900921902642,0.2401342019821138,0.1891946011141282,0.1326151353079362,0.1386611625558059,0.1070343711152091,0.1487993871563075,0.2165156787253004,0.1199069705680346,0.2042764379842079,0.2841789671212782,0.2238935232909281,0.1516126349182868,0.1728470763238749,0.1205336533975348,0.2173191167137685,0.1910258849035926,0.1323686534616564,0.1906928118271993,0.2433958845257346,0.2359290715750309,2.0922029450639457,1.1836726845863703,2.6419082491277277,2.175175537961008,2.0689539454289605,2.515549070203112,1.4685395725445214,1.1855797416319536,0.9134465775187344,1.407496989520025,1.6864530469849763,8.89009952249852,10.130817326001493,8.695931364489715
W0041,0,0.1034482758620689,0.1034482758620689,0.1034482758620689,0.1034482758620689,0.1034482758620689,0.1034482758620689,0.1034482758620689,0.1034482758620689,0.1034482758620689,0.0,0.1034482758620689,0.1034482758620689,0.1034482758620689,0.1034482758620689,0.1034482758620689,0.1034482758620689,0.1034482758620689,0.1034482758620689,0.1034482758620689,0.1034482758620689,0.1034482758620689,0.1034482758620689,0.1034482758620689,0.1034482758620689,0.1034482758620689,0.1034482758620689,0.1034482758620689,0.1034482758620689,0.1034482758620689,0.1034482758620689,80.0,0.0,0.0,0.0,0.0,0.0,0.0,0.0,0.0,0.0,0.0,0.0,0.0,0.0,0.0
W0041,1,0.1585003445896362,0.1594424671468908,0.1545121871439591,0.1819933100807799,0.1480127386753723,0.1548909651725184,0.177659330074523,0.1588696669859159,0.1427490121848757,0.0,0.1856058613010689,0.1567360824708694,0.1672209736510182,0.1606929765086218,0.1681954603730837,0.1799711286671207,0.1747330926510217,0.1635801549627233,0.1594495142313128,0.1810644378039579,0.1454004828563085,0.153050074906955,0.1657175379379668,0.1805670906842059,0.1572680292830289,0.1665027442268421,0.197114553746942,0.1442416667832415,0.170932581641203,0.1531509802642543,64.62872148034988,0.4280578926066589,0.7383812211301058,0.5299429303326691,1.0731087409605276,0.594364658015389,0.7527252265392778,0.8576487123060622,0.4523792254069031,0.2778208991488706,0.5006639932273231,0.4799369209783363,1.0120690869360187,1.4187811540030564,1.0694952571312597
W0041,2,0.3030665084387879,0.241040668566201,0.233659814794395,0.260066193383334,0.2412138400379836,0.2527989125500388,0.273845951124936,0.2736440945568712,0.2269707201382067,0.0,0.2543609986103201,0.2636880198091485,0.3218616039502199,0.2455305858409226,0.2921515444400652,0.2703973332012714,0.2587047378804951,0.3033093856347103,0.2805939421000638,0.296336031918631,0.2581903116019124,0.3096831207886305,0.2284619559814037,0.2803415961660169,0.3147000107718627,0.2704780464966094,0.2799687683474225,0.2849690213557146,0.325819235948986,0.2686782813898563,36.84774537017475,1.3141444739611958,2.3048701997927683,1.1821555038172948,2.87473602699714,2.022058089572277,2.3964493893727914,2.4801014866652555,1.5187662731434872,0.5581719603025836,1.1690995198962804,1.097472963101125,2.430645965678739,3.1681297648279187,3.416983277063676
W0041,3,0.3989891435143757,0.4154058642828536,0.2980565259244025,0.3477590835513703,0.3867764271209202,0.3435537236856319,0.4657341707491281,0.3015504460552879,0.4148288340026421,0.0,0.397741909532709,0.3738643691741377,0.3636444428094176,0.3345967800023328,0.4247078346503297,0.4018994636012697,0.3773661481404847,0.5587826314291616,0.4160475635942404,0.4848039574313233,0.4067581210197707,0.4158049513616619,0.3308118788935788,0.5157816245186018,0.4816064372506387,0.4069597527022282,0.4510527128565545,0.4118296993959516,0.5132730081844237,0.4102610487730193,7.910116434055733,2.427198781706767,3.744487373035358,2.626969908383163,4.911493204299226,4.08528004041856,3.6083678829325594,4.312359507512458,2.9506119395242023,1.1074378158692693,2.425562786623065,2.1617173106346925,5.232830872471983,6.900377038686703,7.232398300435836
W0041,4,0.3286167741149179,0.3328915216793163,0.2313855367980296,0.2962785498776363,0.3713530022453903,0.3225269330276075,0.4401688640433894,0.3193607896844049,0.3457617151697527,0.0,0.2810181394292774,0.3032087791643634,0.4246177011089798,0.2709615820809399,0.2886347622511991,0.2345406354159313,0.3347919482541819,0.4299551637436865,0.3405212372069535,0.4320391330533194,0.3976898780215327,0.3913598899785816,0.242230644006114,0.3198736983476729,0.3582011460225006,0.3189123448495305,0.4598175942521587,0.311723953822351,0.3804949659234708,0.3889682039820419,0.4797764222684424,2.0007145280179133,3.099746508416097,2.9561663757440697,4.221615456708582,2.593179717233903,4.681551518606326,3.200935905779073,2.4438056124163365,1.129079489602539,1.912972517366897,2.6695746182060924,5.376492479442874,8.448312447452956,7.4889480409695395
W0041,5,0.2038856190105105,0.3372996083509996,0.164137765644013,0.2047985530528198,0.3439787989407388,0.3141907246218893,0.3303482818785263,0.2490007553882547,0.3519136800019355,0.0,0.2241071607422486,0.2187413697657146,0.3155053881208732,0.2575728593637482,0.2355744854586385,0.179691843061182,0.2391129286499899,0.2947199123208313,0.1962727011070678,0.3015741267782527,0.3544537839351641,0.321811979420891,0.2529456297462955,0.2514355393123916,0.2622327772513771,0.2959986512713488,0.3383358540605921,0.1997015041372206,0.3181683364435759,0.2891654088049691,0.2847835852525127,2.316591823644394,2.2407623876888945,2.516601637137456,2.8307257863960635,2.62048596288741,3.3774817346145585,2.01238758364506,1.6156458273101173,1.0720785984495669,2.00769243714593,1.9455208888139055,8.3843562815716,10.68181296293445,8.180325324928555
W0041,6,0.1808369219859567,0.2727644174214057,0.0905807360009331,0.1652210619192199,0.2626254213978903,0.3089794598423382,0.2149009447675197,0.1767121863119321,0.282084640455207,0.0,0.1319824370822712,0.1744165797293196,0.2267031044286596,0.1737130179036726,0.1435953688279964,0.1006208112044196,0.1513833949400125,0.217996562891541,0.1152449480962501,0.2262285542469323,0.2992670658216843,0.2073646523665122,0.1712448200115767,0.1859880404303779,0.1434152488522513,0.2289515942745242,0.2602190210119365,0.1338497651818272,0.1703650579457795,0.2498054960736703,0.2083635719102245,2.3653871249746468,1.4362245905132052,2.3086339023634737,1.7610809943549666,1.4687591437420062,2.678725316002925,1.3958520027738817,1.1454646814877825,0.6695936125207927,1.607046258022682,1.6123470297450662,9.622621084925086,9.437596033115351,9.48750313602941
W0042,0,0.1034482758620689,0.1034482758620689,0.1034482758620689,0.1034482758620689,0.1034482758620689,0.1034482758620689,0.1034482758620689,0.1034482758620689,0.1034482758620689,0.1034482758620689,0.0,0.1034482758620689,0.1034482758620689,0.1034482758620689,0.1034482758620689,0.1034482758620689,0.1034482758620689,0.1034482758620689,0.1034482758620689,0.1034482758620689,0.1034482758620689,0.1034482758620689,0.1034482758620689,0.1034482758620689,0.1034482758620689,0.1034482758620689,0.1034482758620689,0.1034482758620689,0.1034482758620689,0.1034482758620689,80.0,0.0,0.0,0.0,0.0,0.0,0.0,0.0,0.0,0.0,0.0,0.0,0.0,0.0,0.0
W0042,1,0.183379632008752,0.2079085379473689,0.1261863524048654,0.1643208640901438,0.1619103884174473,0.1723754102779197,0.2009589415497411,0.1690180848002085,0.1680172387773725,0.1598059744977873,0.0,0.1446191545288531,0.1941232052747431,0.1862398755739652,0.1693562358311426,0.1222599056072937,0.1787174102663768,0.1422392344979921,0.1825873746947842,0.1931591584276128,0.1716715888239665,0.1892003818417136,0.144025635771648,0.1452996222768545,0.1566160959354108,0.1585379238271251,0.1706076480233208,0.2026604508468557,0.1654782449077566,0.1334901754830221,72.28892856072878,0.4014766078176433,0.7889564926032074,0.6844696260953859,1.1497181600494213,0.7409866954871042,0.9188668918440026,0.7330090708080322,0.4558668603619736,0.2159273934975994,0.3707446810689025,0.4672025899894576,1.1051744257203004,1.1982479144698377,0.9325323349526338
W0042,2,0.2583702688886741,0.2679134509967029,0.2435023295503529,0.282974444630929,0.2537069948369204,0.261990489864859,0.2576279261355982,0.2257381572836977,0.2750163818211721,0.2786810059607027,0.0,0.2401941838824933,0.3534242715302025,0.2836657011290797,0.2675468821343775,0.2466000663596585,0.318463957461319,0.2564284678292562,0.2807820937346097,0.28062243115841,0.2688612490503244,0.2546361717832173,0.2438700793057108,0.2837580459367679,0.2036177046677079,0.2568114854039362,0.2432037246799028,0.3074094160008562,0.2845638799733155,0.3138213805147075,42.91887025272678,0.8560626307756082,2.0509356225722777,1.264579041524343,2.8949077266253225,2.104352921236277,2.4660295366497063,2.2459213985790187,1.2367805248249537,0.4025299906980945,1.036464593211442,1.1729760598001924,2.4097378908190046,3.0657955378324973,2.84277966857707
W0042,3,0.3786026865554973,0.4401848357455512,0.3314826750923532,0.3127879739477154,0.3662947027070104,0.3742336024110678,0.3764377294169502,0.3676426707065772,0.3643174535041152,0.4588913158264346,0.0,0.4942884147244162,0.4963815545068256,0.3396919653089978,0.4216566629702862,0.4210925701365305,0.3319127298211831,0.4630756221185246,0.3934362768119905,0.4237840478738865,0.3963743097283203,0.4637311934989488,0.3344842163931529,0.521221155488371,0.4110403685988536,0.4375797931307206,0.4234749106520415,0.410889156421603,0.3081447915277316,0.461363579036678,8.751690163929602,2.373490317434134,3.6982081057681047,2.7030782145271823,5.965085918951786,3.817006688433218,4.085339668836184,4.382668379465518,2.682346522927332,0.9745203300309002,1.8818473901531427,1.8049489201066784,4.605439553982418,6.36422466916708,5.673950828910689
W0042,4,0.3123604500995938,0.4164711991008237,0.2573436323638201,0.3351280573677468,0.3560367926470183,0.3810784018578331,0.3548670659316272,0.3355887042610807,0.4537224168508991,0.4220038688038445,0.0,0.3334059117339997,0.4114579146932601,0.3203504055475702,0.2932118045324738,0.3280280118690279,0.3251608431515539,0.384425364110551,0.3860109686063774,0.4200881206759997,0.4634755866226426,0.4417252229306503,0.2897055405021344,0.3545209048642223,0.3462326637196387,0.3364270885641638,0.4871004363330653,0.2837388399838449,0.442794692247794,0.4310415006640898,0.5194838768242671,2.287058085118875,2.5958615230389075,2.963228686087209,3.661932584853085,2.713616222129383,4.125421277110181,2.2729272582991,2.212180971928988,1.1536619004868671,2.3306504856885595,2.060103605930953,6.536885032081297,7.8285126446244675,7.547060113206019
W0042,5,0.1963709239884693,0.3169758790963869,0.1481627209567447,0.2172398263918054,0.3134732502274876,0.3345632490690429,0.2608451801375622,0.2471538583349248,0.343091756516181,0.3080501991720745,0.0,0.2610063770564563,0.275250754139488,0.2149523079374623,0.1965981962089691,0.1908757242921577,0.2306337186788165,0.2796389392202237,0.1762707338558705,0.2954285935976165,0.3562597572062256,0.3404639167241265,0.2074178731874285,0.2957563251666432,0.2248903259880394,0.3388720184274585,0.3457805380971258,0.2100425028633172,0.2575808119708286,0.3161941507504202,0.3128403781771292,2.2623475095830328,1.5311423582996404,2.718140942041324,2.4373087589953726,2.000684033195629,3.321354978340556,1.5653046651863989,1.406970431854116,1.1723238230316333,1.6845599800296869,2.4962100386823174,8.274449496623419,10.332258734604684,8.018141926629431
W0042,6,0.1337578396215779,0.2375069902603347,0.089835767834481,0.1770347251775737,0.2314238252745044,0.3207519724867621,0.2564898989144954,0.1594427254635169,0.2256857769254766,0.2798704219279481,0.0,0.2081530675833621,0.2275118919844178,0.136574502452394,0.1365432367110074,0.1069716972235213,0.1626184936887451,0.2049361189929053,0.129905705216719,0.2275079425632901,0.2759653991333735,0.2143795729526364,0.1311477766265025,0.1793132949123067,0.181702330290166,0.2261274938280482,0.2712586453295694,0.1253409321468162,0.1679509493686931,0.195707411007851,0.2590882142312271,1.758723085945339,1.0544946862011026,2.558590847437195,1.6368314113227396,1.5445433907748072,2.34845256273706,1.1024468211204028,1.155911003177356,0.8886942154002054,1.9317263815124917,2.053722566409748,8.758699035592453,10.14060363295214,9.228471809045889
W0043,0,0.1034482758620689,0.1034482758620689,0.1034482758620689,0.1034482758620689,0.1034482758620689,0.1034482758620689,0.1034482758620689,0.1034482758620689,0.1034482758620689,0.1034482758620689,0.1034482758620689,0.0,0.1034482758620689,0.1034482758620689,0.1034482758620689,0.1034482758620689,0.1034482758620689,0.1034482758620689,0.1034482758620689,0.1034482758620689,0.1034482758620689,0.1034482758620689,0.1034482758620689,0.1034482758620689,0.1034482758620689,0.1034482758620689,0.1034482758620689,0.1034482758620689,0.1034482758620689,0.1034482758620689,80.0,0.0,0.0,0.0,0.0,0.0,0.0,0.0,0.0,0.0,0.0,0.0,0.0,0.0,0.0
W0043,1,0.1816184967960947,0.1888873616801702,0.1770523170430881,0.1733609512146444,0.1613862446729573,0.200567408119105,0.1668325634439592,0.2087513170982488,0.1683879403688802,0.1873190971412022,0.163423693482779,0.0,0.1842389961661473,0.1630480496456991,0.1768382202759098,0.1542237943515778,0.1778315799398159,0.1611735082579942,0.1808587334704753,0.2010023582851848,0.1839936388962597,0.1583415585334809,0.154085328690324,0.1965388192042309,0.1621241208810502,0.1700290932295538,0.1669425706952091,0.1586913467527342,0.1896489181974932,0.1755420163995089,56.39343575635056,0.4426614772015674,0.9487671737345108,0.4679373422033783,1.1380677785668207,0.7523915345427373,0.866461531203979,0.9148121217766794,0.5500723592823298,0.2427511880277185,0.4961263853193035,0.3373934757259077,0.9457845825297884,1.12381741197658,0.8617333222010423
W0043,2,0.2703253019932937,0.2812670905155414,0.2658196627519913,0.2481831049753497,0.1804641078000696,0.2419872193649968,0.2570867015994511,0.266310034908201,0.3125819198124206,0.2343917771508341,0.2603456424033081,0.0,0.3500703210301515,0.2061532219266818,0.2514361856963916,0.2538638651516393,0.2524320793156263,0.2899802727557299,0.309948381120501,0.242390278576233,0.2595401330533163,0.2726882676305905,0.211466616248458,0.2903751134412327,0.2732467572564124,0.2895281020292343,0.3352421109132563,0.2323696811498108,0.2783792644859632,0.2830143414614754,39.245294874918976,1.3677080166014206,2.3816282022415387,1.3314052132477392,2.948865152501815,2.315948347296871,2.515447335583251,2.0087298855909728,1.1336276606301443,0.3930031586401762,1.1828258496665662,1.095448626294428,2.4215814572708183,3.675477126238251,2.51932682029531
W0043,3,0.3906371385208588,0.4061547959323112,0.2769952722822937,0.3790340421872562,0.3428705942978072,0.3921532616344986,0.3590966690564802,0.3493791285588106,0.4081189907549487,0.4931827983446145,0.3626977635507444,0.0,0.3835926452122682,0.3671141694936445,0.3036207083159861,0.3905419175477608,0.4107259741664208,0.5018665118491126,0.3942139646303519,0.4273977290012872,0.4507713472480619,0.4575372718456666,0.3330330360188061,0.4035357605473673,0.430944150225423,0.4178250223135942,0.4037089391313971,0.356177277473952,0.4722824277362069,0.4178194910239155,7.608141220214868,2.2352560140159587,4.430728209231634,2.7975455180627304,5.4287940493088485,4.174617087780329,5.013809985926772,3.6826123680926632,2.6694280596948623,1.0869811905620073,2.269752189612513,2.258034799312948,4.720601687706967,5.817403858914373,5.093876035263593
W0043,4,0.3452773693650537,0.3861712597048091,0.2254776323176838,0.3328261429154366,0.3130626430569297,0.3636154796433001,0.3987377943578826,0.3116309394378984,0.3372186695645333,0.3952156588374909,0.2865674705617163,0.0,0.2854248280955198,0.3181655466933721,0.2893147068848613,0.2396648875123745,0.3057277839720663,0.4551466828147146,0.3363299729484775,0.3855536997968047,0.3539751794068191,0.3780660437722958,0.2434470127934692,0.4374451724182587,0.2906364856396165,0.3921578738473115,0.4539863216127813,0.2655783342068816,0.2965990025222802,0.4236746956344695,0.5509710153217753,2.906437996591085,2.220783969873499,2.752859898963309,4.362560787924984,2.693641428299263,4.409653222522291,2.350406992052993,2.574698755879924,1.251219997167052,2.0089418539126647,2.3154820395801754,6.550664167333513,7.0852696193281215,6.602557405166185
W0043,5,0.2854900720046294,0.3079886327717419,0.1549872709014663,0.2453054440465964,0.2659363077548528,0.3312542955802814,0.3143571240431431,0.1897050575867987,0.3613787366408807,0.4323878906962159,0.2041273346748588,0.0,0.3017682103829707,0.2185608223604821,0.2098890668921347,0.191929773350355,0.1990233189651514,0.3652592811978373,0.1808027856644854,0.3001570563490509,0.320713831126777,0.3355137226024055,0.212017212044521,0.2276149901714423,0.2574152107847906,0.3311520475124829,0.3003060153758631,0.2187110974275642,0.3347103025774317,0.3197417382791722,0.2692781238844757,1.9317943991819588,1.7466784251053842,2.782104585906261,2.699981008510926,1.9252850756976017,3.2168820564392155,2.003112878513651,1.9137405199227415,1.1598972408776802,1.8416929350489888,1.8151479673279407,8.894196326889846,9.211820129692118,6.486641975366621
W0043,6,0.1736385567204362,0.2492168816094828,0.102293951995065,0.1558655171950136,0.2251610987818456,0.3208168054846569,0.2265052886167797,0.1614769159612683,0.2729637955657463,0.2604420567862321,0.1389904419656368,0.0,0.2238713155444589,0.1502015648979349,0.1350441431467197,0.1196155466195833,0.1903835398229637,0.2534483136875388,0.1202608141075706,0.2311160655714158,0.2574078737374744,0.2456746932717773,0.1570554488345471,0.1597705918628252,0.1549546898926123,0.2392414857370683,0.2661236794473879,0.1090028369322509,0.2275199794063256,0.2203376082243096,0.3158937663711619,1.9114025109531487,1.082572073344277,2.4504875343541777,1.803869368673887,2.028467235650147,3.187633130928265,1.698557270973564,1.4061939188519963,0.8657373229322849,1.8077201091131228,1.5216484343982393,9.499140866895242,9.49082439265415,8.120997429458178
W0044,0,0.1034482758620689,0.1034482758620689,0.1034482758620689,0.1034482758620689,0.1034482758620689,0.1034482758620689,0.1034482758620689,0.1034482758620689,0.1034482758620689,0.1034482758620689,0.1034482758620689,0.1034482758620689,0.0,0.1034482758620689,0.1034482758620689,0.1034482758620689,0.1034482758620689,0.1034482758620689,0.1034482758620689,0.1034482758620689,0.1034482758620689,0.1034482758620689,0.1034482758620689,0.1034482758620689,0.1034482758620689,0.1034482758620689,0.1034482758620689,0.1034482758620689,0.1034482758620689,0.1034482758620689,80.0,0.0,0.0,0.0,0.0,0.0,0.0,0.0,0.0,0.0,0.0,0.0,0.0,0.0,0.0
W0044,1,0.1845953237175265,0.1610640871484946,0.1571381869856202,0.1781528173649146,0.1362640056636564,0.1797003170351185,0.1700452577046247,0.1808980314005678,0.1663894896750663,0.1733329467306101,0.1817857081590098,0.1689000391261564,0.0,0.1609914609387418,0.1650219912641403,0.1581796200540187,0.1472719840626223,0.2014762521947471,0.1524779841886163,0.1430888334695909,0.1542605891389393,0.1514909718342261,0.1526555965734347,0.1457146161041388,0.1753007526840871,0.2186853251294067,0.1728303842599639,0.184495767314437,0.1536858030411358,0.1703543685760496,70.56821295229733,0.5788620403751747,0.7865646932953005,0.5314314726916916,1.006167382452109,0.8666449037280359,1.014411081584326,0.7410731206370115,0.5295872781799348,0.2076933393393915,0.3166102379244337,0.3740426149280498,1.0319610656239,1.3997622198706992,0.9488553907676904
W0044,2,0.2751078600748886,0.3223212103568313,0.2811930287319594,0.3047382377791553,0.2818560665656954,0.2141014581584388,0.2700701412534065,0.2416761012924595,0.2851587562387233,0.3525290671370225,0.2644047882889432,0.2899778727183391,0.0,0.3188708316726878,0.2521897221951118,0.2436656277436006,0.2876752298558547,0.2682604858743672,0.3159096010794146,0.3082604926278623,0.2281844777576561,0.2649844743584665,0.2574947568539966,0.3109983700768985,0.2684713965148864,0.2692896773901663,0.2659409316916731,0.2484038115830821,0.2488162152707492,0.260860239812181,41.69310168317611,1.017996504703965,2.233472652894192,1.4954455815126826,2.361209688702405,2.4712907859813527,2.54394235768861,2.25086168753631,1.5296503476839098,0.5771216812555063,1.3246749530221176,1.1927502939111647,2.443539765003552,3.594528119920525,2.736097767240436
W0044,3,0.4077457935484341,0.3528113906799724,0.3061378214665855,0.4190044912107024,0.3717162561036402,0.3995520137193346,0.406225300414431,0.3750621721198794,0.3315950038853151,0.3605959065842161,0.3615081439557324,0.3581699886109121,0.0,0.3693022344022665,0.382117617328899,0.3103449446135424,0.4213736369200137,0.4735862981386314,0.4070443890095437,0.4164555664176144,0.4697424864134745,0.4699496199351867,0.3100093697263759,0.4452142343396864,0.4476475555151822,0.4276404686798364,0.374120076646361,0.3622121317324215,0.4508109844394917,0.4429476357908763,9.14570267909496,2.1394538145622253,3.627915287171127,2.0399784517291915,4.45784574021036,3.654153474569634,4.253756851706866,3.753762472316572,2.7824875990288644,1.035702648839256,1.9643572635048976,2.057301817819176,5.086374450883205,6.33833929548778,4.687262329075361
W0044,4,0.3490832531082417,0.3483879501476125,0.2349241748190824,0.2982832339889868,0.3122473342340485,0.3585887058628161,0.435510626799133,0.2922620184229378,0.366551180658235,0.4534278223201322,0.3038658645739344,0.2802542733431649,0.0,0.2817772118550552,0.3467036210509566,0.2647284150483612,0.3371988823996762,0.4426935327791604,0.3290037110251309,0.4322139622065784,0.4320769060124183,0.4635634151775855,0.2457982176540667,0.423603156966241,0.2928943891133821,0.3203059674613689,0.3611180060106287,0.3042530200532504,0.3377076824886277,0.4146248292356592,0.2569596136431243,2.661938641732732,2.948728695931118,2.9991593739926645,3.790526686926654,2.733993239494616,3.729818780451607,2.631170525810079,2.0936265474348,1.1977605671616516,2.106530114713312,2.0465183162427127,6.647332642234275,9.50367899023144,8.24086724778598
W0044,5,0.1998200427761751,0.2815541303218216,0.14701982768429,0.2392905940601233,0.3327955024009804,0.3629876717862899,0.3395452088530785,0.218318982384684,0.292702417725402,0.3220865580101023,0.2200039083845687,0.2920888170870903,0.0,0.2226696371006248,0.225419844349395,0.1802077174237358,0.2308052773674012,0.322351096275553,0.2117817010041208,0.2906716689841385,0.3182571174615212,0.2464941664133495,0.2071789099015471,0.2964655359476479,0.2174785729180139,0.3029666866365815,0.3443623491759577,0.1961502842254308,0.365796633478591,0.3286437456546046,0.3155425529766191,2.42967887661322,1.6982221948883536,2.523232332179037,2.524735512501371,2.237278946009328,3.637480803019712,1.9481970151251975,1.79663286069622,1.2704696863041478,1.8996861777034908,2.09038073309094,8.225171138796933,8.233035076920702,8.084943723117012
W0044,6,0.1284226691278418,0.2666301383288689,0.0949149096704239,0.1239566724738038,0.2303797501122002,0.3413327237618639,0.2686362551638012,0.1773375161283361,0.2499509684081733,0.2536621185846668,0.1542078069028941,0.1875224226761724,0.0,0.1476827457971805,0.1377195878370775,0.1193588893907437,0.1366193373490433,0.1996585936085867,0.1297163546434906,0.2118655909115782,0.2878995236753023,0.2476544520575445,0.1753409454532594,0.1660432444207691,0.1390983433463809,0.2385247862236806,0.2645471012574966,0.1442586466034366,0.1643856506514103,0.2283135450936642,0.2359172288260819,1.8412111166296132,1.2224102260737626,2.2932138535656352,1.9366138766711527,1.6576929540653784,2.671424507898089,1.2713386100723068,1.32275191403897,1.3453300769641774,1.6952755408876474,1.6857947797279422,8.21223666447032,12.524878634120656,8.683477306997581
W0045,0,0.1034482758620689,0.1034482758620689,0.1034482758620689,0.1034482758620689,0.1034482758620689,0.1034482758620689,0.1034482758620689,0.1034482758620689,0.1034482758620689,0.1034482758620689,0.1034482758620689,0.1034482758620689,0.1034482758620689,0.0,0.1034482758620689,0.1034482758620689,0.1034482758620689,0.1034482758620689,0.1034482758620689,0.1034482758620689,0.1034482758620689,0.1034482758620689,0.1034482758620689,0.1034482758620689,0.1034482758620689,0.1034482758620689,0.1034482758620689,0.1034482758620689,0.1034482758620689,0.1034482758620689,80.0,0.0,0.0,0.0,0.0,0.0,0.0,0.0,0.0,0.0,0.0,0.0,0.0,0.0,0.0
W0045,1,0.1947409614708751,0.1596067494673138,0.1564608839181029,0.1866885288393357,0.1815437432167977,0.1971680371593116,0.1504004140598175,0.1806610085331426,0.1907021234520952,0.1784410012805773,0.2026845358529606,0.1776160520795178,0.1269562117787511,0.0,0.1397664682212187,0.156166051768527,0.1781903191154747,0.2136783190625201,0.1581158881846167,0.1712074316115795,0.1935419332303358,0.1375351565715945,0.1708551924303532,0.1537671363347399,0.1371994726927302,0.1696829751219611,0.1707836254848047,0.175032663215871,0.1872433787473781,0.1764416790713138,73.17056845957535,0.3545095217432098,0.8839487283841164,0.4729985655112941,1.3048847214312371,0.9035630235682524,0.7588350017319918,0.8005513483674082,0.5643624661121756,0.225318387215987,0.4222540180923536,0.3942597048215399,1.1493765523208066,1.020203409736696,1.3506534066600562
W0045,2,0.3133954851605542,0.3095825660666754,0.2232745496178788,0.2606183771261506,0.2523632781437931,0.2115134610840146,0.319973082940708,0.2461762590690038,0.3041293998838218,0.2724611429916572,0.2917633197962874,0.2613163830172414,0.3086331059638301,0.0,0.2853038623454631,0.2756889469736643,0.2799775021573435,0.2723767794657385,0.2550587126872952,0.3468716438016032,0.3166801452456882,0.2885605625065597,0.2704648052715158,0.2692623773272565,0.2858416959203887,0.2303442973978869,0.2609945785998817,0.2661545643274472,0.2744012233617154,0.2884269500734593,41.59439851318852,1.1636180750108749,2.317508297335073,1.3395228822854122,2.876210086805847,2.2788922633655035,2.090601702575376,2.045902100675422,1.4947952159067528,0.600110654935607,1.1626014281739776,1.0434855696308385,2.2580291808027426,2.7746094890487227,2.5568462097363205
W0045,3,0.3385186836448086,0.4004108279597789,0.3095837909727397,0.3759993752263239,0.3751186578232883,0.3359780571337061,0.345330410768885,0.3624778121670094,0.4169507279465744,0.4551505914009598,0.4345127869616399,0.4181112712536924,0.4521828563932908,0.0,0.3880635947713396,0.3342894668796075,0.3991075894257781,0.4737767622829671,0.4384888615493268,0.5074756175324131,0.4650849002655579,0.4932188563392591,0.292923632498886,0.4609386440450339,0.4779882832342494,0.4079848173934635,0.4969573040531492,0.3045294259015774,0.4913274645659686,0.4152608520943291,9.254328717853776,2.059234657320688,3.710180482660801,2.490396037204526,5.946223485869163,4.006057862710474,4.28763104791958,4.052612880608691,2.808343256937361,1.199022428741641,2.3062085826543908,2.0113551944302195,4.851044432426946,5.834078151431506,5.8879658532876
W0045,4,0.3240901747046641,0.3573211961922319,0.2493217057062868,0.3031253588446976,0.417376300252924,0.3907253693858096,0.3668245023164944,0.3233947113950399,0.4241024918434417,0.4264472228738574,0.3339195932577545,0.3878157040730096,0.4154024924916872,0.0,0.2940842587264086,0.2518499289992703,0.3593652577950605,0.4789258034691314,0.367434033495699,0.3930678884145289,0.3822839194501773,0.383323886819247,0.3037566501730925,0.494505686514547,0.3756383425861214,0.3586440814349871,0.4053284157505499,0.3139604023115543,0.2723635474451636,0.4156149579373513,0.595728411946055,2.510927258486904,2.195066664957827,2.541553747028709,4.231922819832049,2.951985616415426,5.307180702515178,3.1421526957976065,1.9433877293510764,1.1121731980008307,2.1757011726593825,2.303864697841962,6.534730094566189,6.725513202656684,7.244572352574477
W0045,5,0.2230885285752463,0.2871188582033097,0.1548503194522678,0.2056431412033162,0.322609956819969,0.353175042491848,0.3393297114694295,0.1815784275219435,0.357370160568937,0.2953425483198465,0.1956292397419322,0.301393841868635,0.2725609935393043,0.0,0.2571186246402068,0.1896252479924208,0.2511390157421447,0.2590729127883476,0.2021596723525456,0.3302007227162127,0.4722305565914971,0.2936331096565847,0.2162888579842314,0.2664709981892477,0.2281649858018252,0.331254663253533,0.3469974859928671,0.1769921691245821,0.23786395300694,0.3377333637673168,0.3144312377477293,2.281834858626838,1.58595929381011,3.5734111923877725,2.453279351513066,2.1592426390628687,3.940115310322176,2.083758234609668,2.0739477045616304,1.3371873101073684,2.117807617489876,1.9590314135576428,6.452619452505525,8.754771534829594,7.910685239571441
W0045,6,0.1883538857104805,0.2029461852260428,0.0960637030415475,0.155190678547181,0.2342503625224904,0.3190506833519851,0.2432011524022264,0.1849902542495911,0.2661451688188996,0.3267478970904897,0.1485985486517999,0.179089736114826,0.2218759818952188,0.0,0.1323890834688408,0.1162945250013617,0.1771162128895056,0.228138622201782,0.1159984021036964,0.2348018241620126,0.2892623327460897,0.2347071844230138,0.1430900092595111,0.1505544981497122,0.1410745661361898,0.2276177393278569,0.3160234095993112,0.1634505458028729,0.215670730279935,0.191944431524955,0.2522470670145286,1.9651931835797527,1.1831720570181443,2.398872280203008,1.8232062260884312,1.5262724216821684,2.676862705012948,1.6369726793466266,1.3422829802015972,0.919079427483408,1.5129964320038194,1.8537773836093905,9.336886138141256,9.5944518472476,7.864804785672728
W0046,0,0.1034482758620689,0.1034482758620689,0.1034482758620689,0.1034482758620689,0.1034482758620689,0.1034482758620689,0.1034482758620689,0.1034482758620689,0.1034482758620689,0.1034482758620689,0.1034482758620689,0.1034482758620689,0.1034482758620689,0.1034482758620689,0.0,0.1034482758620689,0.1034482758620689,0.1034482758620689,0.1034482758620689,0.1034482758620689,0.1034482758620689,0.1034482758620689,0.1034482758620689,0.1034482758620689,0.1034482758620689,0.1034482758620689,0.1034482758620689,0.1034482758620689,0.1034482758620689,0.1034482758620689,80.0,0.0,0.0,0.0,0.0,0.0,0.0,0.0,0.0,0.0,0.0,0.0,0.0,0.0,0.0
W0046,1,0.1890238088031,0.1876259179430145,0.1682439912822,0.1784955548593931,0.1689566293155689,0.1753212504815532,0.1935247671299316,0.1485453621298895,0.1521678645984456,0.1798206597858012,0.1929575302645698,0.1744637040418583,0.1552271563047608,0.1925498225230839,0.0,0.1670826951239061,0.1345926720106321,0.175725868380024,0.1832901349496284,0.1730653086775371,0.1864543779727617,0.1543468968170569,0.1446094400166587,0.1802644618740696,0.1991345979452859,0.1588713217400553,0.1733624233167996,0.1457022998402163,0.1857025478791487,0.1555072786296354,65.13899027225365,0.3346213591045785,0.691008819533992,0.4565934820721029,1.0902137030587116,0.7702477001394933,0.9351141944498208,0.8301182198123178,0.4456186316866368,0.2964251796392068,0.4504002089287781,0.4719954832414404,0.9868995415937938,1.186959772201437,1.1994262489311405
W0046,2,0.2764768851986262,0.277855127125556,0.2200527161578512,0.286152490708447,0.2124086396537351,0.2898013716897746,0.243955261324146,0.3178093271948255,0.3015653257511925,0.3068739168964357,0.2447281711803268,0.2892706352962084,0.2606331705040662,0.2478887936383317,0.0,0.2316480474342555,0.2873653822142547,0.2554388397520618,0.278329555503843,0.2963429724894979,0.2917357610598466,0.2981553626543876,0.2607368791672403,0.2920752346335147,0.2684262087890353,0.2717308170101594,0.3234231355721301,0.2827324504528161,0.3082887294894802,0.2890866166180814,42.43576956630188,1.146959294360849,2.5491780878530896,1.3427390009345574,2.738479102404942,2.5981008401316936,2.9073746150425004,1.923015923437197,1.0498573451812363,0.5699672108167322,1.1920532979164702,1.1445039942287774,2.1714268733820714,2.6293085411123607,2.948878575670316
W0046,3,0.4596140172570256,0.407136076293517,0.3259092067927325,0.3359083810599916,0.3780593686181796,0.3923298475628838,0.4482981461040048,0.3698490449591127,0.3611353435674356,0.4124523089149118,0.3406783606147748,0.4401643733439888,0.4453720072874693,0.380239098235553,0.0,0.3612217640766054,0.3937447920153891,0.4450081118405343,0.4005894279797967,0.4196972988588359,0.4506580618234446,0.4467144756890869,0.3377996236707229,0.5837405568005967,0.4725828019979896,0.4257457749155726,0.449618210899166,0.3826213304106221,0.4871379676700808,0.4946948719229822,7.581015851235318,1.8789116186984811,4.481044658041444,2.827773104817332,5.2671840231398255,3.82712590569989,4.183162961688107,3.565855741667405,2.051686558311105,1.193260841226136,2.171618292645765,2.125736658780764,4.427440808705376,6.447115216633115,5.755435161004534
W0046,4,0.3593048399127549,0.4197124348484052,0.2018392282318704,0.2802737881081888,0.3704615964080518,0.4139011172621146,0.3784097536125028,0.3334175249671882,0.4323797873317391,0.4033071302405936,0.2766560553229798,0.3824432052366633,0.388686578847833,0.2535241751328541,0.0,0.2436019556447143,0.2725959427960171,0.4480239710949856,0.3666345284301813,0.3608353047257148,0.433711914025141,0.3727817657449008,0.2891656337371768,0.4436590166494848,0.405128992526418,0.3928557067819322,0.4024134541705733,0.3575964600146311,0.3976391741946206,0.4091208561882525,0.6770142495222101,2.838689066402276,2.7526701847471475,3.192450846639405,4.234603413749272,3.464001703314366,3.9547989345081103,2.899184700465445,1.9147839909142648,1.0960207670778987,2.0920669327554755,2.1826521497211893,6.830566395099637,6.726424861409989,6.304187556694743
W0046,5,0.2334081386203365,0.2768934330765111,0.174620372752921,0.233917224000741,0.2986944487776297,0.3213775227084898,0.316808812210092,0.2119365046430784,0.3431666863771023,0.3021023285034547,0.2128750893290997,0.2667678996391963,0.2948219826510166,0.2279698623875587,0.0,0.1792056692687611,0.2276562242258521,0.2960030316453932,0.1968726756843173,0.3135961501705127,0.3281501234192417,0.3139970379096356,0.2290135821745476,0.2257118803946742,0.2268306604606619,0.3082313337187271,0.3350023356068572,0.2260965576058085,0.2584445242605493,0.2787809844343264,0.2202234791359246,2.3029562537441364,1.6396358608337998,2.4571773315177943,2.452958716180349,2.673560509401066,3.702386110740999,1.7982040628165152,1.3472277543345508,1.0758362583450467,1.9557028584828624,2.2526363726345253,7.738611152768916,7.873540328379524,6.598285634039188
W0046,6,0.1454756962542831,0.256709863458133,0.1112104670354193,0.1726263725422041,0.2363104843790627,0.3015258757538226,0.2455167455332456,0.1832908083431183,0.241730001454742,0.2530739535981764,0.1597917452981533,0.1927148718855143,0.2122903634102852,0.1614982187004213,0.0,0.1267920338494455,0.1523793490115723,0.2354002560183855,0.1272305778682112,0.2019499739679389,0.2830369970722806,0.2266437295492453,0.1250646039182263,0.1667260046457641,0.1541109733747835,0.239638763614348,0.234174914457554,0.1265414113655741,0.1993519357230609,0.2320412758868972,0.1900894454880624,2.0920813062723025,1.2579000130528322,2.1301438659268257,2.0576853972053915,1.6462913014315106,2.591014018697301,1.0419500468600853,1.3079334098931978,0.9134037696131594,1.5626180942742045,1.828833193236791,8.507070241747924,9.073936749493363,7.6535491748387425
W0047,0,0.1034482758620689,0.1034482758620689,0.1034482758620689,0.1034482758620689,0.1034482758620689,0.1034482758620689,0.1034482758620689,0.1034482758620689,0.1034482758620689,0.1034482758620689,0.1034482758620689,0.1034482758620689,0.1034482758620689,0.1034482758620689,0.1034482758620689,0.0,0.1034482758620689,0.1034482758620689,0.1034482758620689,0.1034482758620689,0.1034482758620689,0.1034482758620689,0.1034482758620689,0.1034482758620689,0.1034482758620689,0.1034482758620689,0.1034482758620689,0.1034482758620689,0.1034482758620689,0.1034482758620689,80.0,0.0,0.0,0.0,0.0,0.0,0.0,0.0,0.0,0.0,0.0,0.0,0.0,0.0,0.0
W0047,1,0.1990351141814459,0.1937036411787064,0.1525414066503327,0.1623713085913237,0.1677069474393216,0.1906997111461603,0.1662133891769194,0.1588566533948973,0.1709688777278592,0.1531160222548476,0.1717883838924334,0.1700320134874896,0.1513616523497432,0.1712759154284539,0.1481531942388528,0.0,0.1764479577686723,0.1878055231666938,0.177383580652621,0.1631971984404707,0.1596378880726399,0.1495742114743128,0.1776265866014534,0.1536563113231534,0.1524478125189865,0.1572136449919416,0.185921815235051,0.1747965211363334,0.1791515055736523,0.1967922804150858,68.79173039103523,0.42829611163422,0.7158708180311718,0.5660924448983649,0.8280001960762429,0.8905286026947289,0.8170815964569101,0.7927353184738,0.4563552527324833,0.2960233097119392,0.4337079427814244,0.4867861384395733,0.9305528458701444,1.3375443158132776,1.1716697473450557
W0047,2,0.2604017224803342,0.2536744720018513,0.277631323819702,0.2348310302196337,0.2436753832589434,0.2599232994270748,0.2590677292672003,0.2856297028318199,0.2589669026416697,0.2838955178852859,0.2620540074384632,0.2694085526786163,0.3083877969460064,0.2619492820726546,0.2526484016749957,0.0,0.2845005183524233,0.2950243388531723,0.2633705034640278,0.2441493770255534,0.3000915653968337,0.2442540876414385,0.2479659403332834,0.3264751834485602,0.2611883666111159,0.2602150765402197,0.2861057286103328,0.2664009018301834,0.3094505547903595,0.2398870051946456,42.64498667741736,1.0601669777224587,2.224839528840349,1.294872696428779,2.506565324078185,2.490151435560394,2.0782311330501795,2.428323058131345,1.3324583571173485,0.676529661918256,1.2990715432310362,1.3308763961392516,2.5481925652167665,3.186075317518411,2.746365234647913
W0047,3,0.4259167774022546,0.4493141335474048,0.3337977207435593,0.3416652453944486,0.3155300814434163,0.3274024576017851,0.4581921198774377,0.2963493795237097,0.4282668438014481,0.4500545103540606,0.4024198651359719,0.3834874283189733,0.4278401540410695,0.3303201069775601,0.2948709495545963,0.0,0.3852668238224844,0.4475768256656693,0.4962516482192535,0.493771262359192,0.4591044405418809,0.3625395457199207,0.3135894519877176,0.4920551217587292,0.4835918751463542,0.4970390019910706,0.3752091583413164,0.3948454001605588,0.4450521624653261,0.4398026077769925,8.36968278341598,1.8859614199583623,3.917246419770271,2.646059436906982,4.474700276946671,3.7192827945281737,4.578318476057947,4.161894691680164,2.8317974659002734,1.0316008706591566,1.6893401283922702,2.0606925997548147,4.550922524896365,7.01311953913422,5.270506419900942
W0047,4,0.2626810786621985,0.3654149343993145,0.2533157382910778,0.2856672735789126,0.3984050925509586,0.3480916320242081,0.3912605867968832,0.3294052035880624,0.4242837584724062,0.4328336971718267,0.3047417570785977,0.3533446805710589,0.3591485514719198,0.2943545281842767,0.3368224114104174,0.0,0.3400043350528636,0.4324208971103311,0.3578226262745463,0.4185430594934449,0.4389621742585882,0.3521497662351807,0.2281145858696946,0.4767399485943646,0.3440093994173241,0.367145146236054,0.4250893520288308,0.2985928992680837,0.4207807943383133,0.3444625977263088,0.5825375566624719,2.3807474314502763,2.7539223165372952,2.6363335021112757,3.440412221168298,2.733144573638376,4.140502527369954,2.099030822413128,1.628145192152182,1.1511467291697235,2.197896877484269,2.3581083557272637,6.044648482207652,8.93318280067478,7.647067898673083
W0047,5,0.2703970778639871,0.2646249502647775,0.1580712014696687,0.2421506876762649,0.2516627620812361,0.3801444153013344,0.3330598885308555,0.2468842769471806,0.3052319996694443,0.349775605458365,0.2098243729247271,0.2473858722713831,0.3040881850499585,0.1911334619756371,0.1955048043171436,0.0,0.2081052658338482,0.3352057549974593,0.2439935400977322,0.2797227837233382,0.3247641836567085,0.3295102702742928,0.1885197989957378,0.2729676626435847,0.244966572218987,0.3305976013851727,0.3412948752314907,0.2359328422341297,0.2571467265887847,0.2981940655365624,0.4160690781268223,2.2484476945320493,1.3919355679111898,2.439959445992285,1.9075396735464785,2.173792737958641,3.227283316903421,1.853925659087584,1.4393396605204118,1.1151038548642327,1.8761456362551605,2.400030848045672,8.424486793155461,6.854800284995755,8.030379805425392
W0047,6,0.2023520008525123,0.2528547991229474,0.1048964681512848,0.1480129898694266,0.2807918855193664,0.3601645085861702,0.2478115990739328,0.1724067094832919,0.2913138632352217,0.2724009515072414,0.1613301680803685,0.1917590628824872,0.2457578344989795,0.1470268653533733,0.1306304692311501,0.0,0.1608309760506731,0.206031807453684,0.1217928902287085,0.2047171764349601,0.2822366787692183,0.230886298408651,0.145545177209159,0.1700514977055604,0.1135438307508531,0.2076654154675054,0.2925268600287289,0.1349785003426614,0.1822967208751541,0.2424625807394224,0.2771717889656345,1.882842956868641,1.1514601278040215,2.651651945475817,1.671519192894017,1.5054215442549743,2.58815897161895,1.30833434712787,1.1514734068738115,1.1026911853783523,1.4840269238322683,1.814349224705476,8.064231801318854,10.43421087758765,9.29986514375212
W0048,0,0.1034482758620689,0.1034482758620689,0.1034482758620689,0.1034482758620689,0.1034482758620689,0.1034482758620689,0.1034482758620689,0.1034482758620689,0.1034482758620689,0.1034482758620689,0.1034482758620689,0.1034482758620689,0.1034482758620689,0.1034482758620689,0.1034482758620689,0.1034482758620689,0.0,0.1034482758620689,0.1034482758620689,0.1034482758620689,0.1034482758620689,0.1034482758620689,0.1034482758620689,0.1034482758620689,0.1034482758620689,0.1034482758620689,0.1034482758620689,0.1034482758620689,0.1034482758620689,0.1034482758620689,80.0,0.0,0.0,0.0,0.0,0.0,0.0,0.0,0.0,0.0,0.0,0.0,0.0,0.0,0.0
W0048,1,0.1782095819450008,0.1630434626597154,0.1395874216042616,0.1695427032752867,0.1782036742045788,0.1819614573329503,0.1615816632398529,0.1783020043905166,0.1704929754377827,0.1462422264357831,0.1721471053812241,0.1804689546025733,0.2110594895009686,0.1585515528101417,0.1951373233081979,0.1635178265725028,0.0,0.2032716828500844,0.1655831083479027,0.1612564613740477,0.1500629541979596,0.1689424403262288,0.1439212604719333,0.1746808127403144,0.1656772642376468,0.1990777286279447,0.2039221137886023,0.1983471116310842,0.1655930642567653,0.1981815158377342,69.39929364364417,0.510728766192053,0.7057287201320309,0.5758674762832745,1.3596702179680265,1.0572283378151537,1.0947680742018535,0.9034463688596762,0.4466063324151532,0.2055832030382913,0.3663446535734963,0.4278384776982772,0.7216612962126091,1.001095737016981,1.190166748563226
W0048,2,0.2450202278945622,0.2314023509273599,0.2120585991149014,0.288717197489793,0.3025662014777206,0.2857192239726486,0.2897871949054775,0.2588354904522977,0.2627184323270448,0.2697548908830014,0.2509115730318423,0.2950970839130725,0.2594274234349276,0.2574049211532224,0.3149296448603531,0.2466633693292888,0.0,0.3011675358434837,0.2940514524672407,0.2814193383287229,0.2669168986120184,0.3031018482541204,0.2306432564233685,0.310232980902538,0.2925255629342157,0.2839775997403455,0.2515250351006898,0.2399799595179776,0.2504007328984245,0.2845165036122392,35.63417061841492,0.9097390705870152,1.6541067131122549,1.2511554726446297,3.115564805776545,2.283608942399776,2.715417660660948,2.351803417928905,1.6242237234278114,0.4645473209471885,0.9793341568261932,1.162519894960801,2.291520519031039,3.104444533764057,2.496774094782896
W0048,3,0.4189600187678058,0.4461163436976427,0.3025987404623482,0.3764148224304537,0.334272160191822,0.3321024340689524,0.3433982655040759,0.3316135661035038,0.4371319785891674,0.4679353496661995,0.3994292857835761,0.437405376861659,0.4314456027130166,0.4012206978658955,0.4057487136704629,0.3726870990145385,0.0,0.4291800489702241,0.370058932792176,0.491527754750884,0.4359818857363773,0.4517261965170926,0.290509735033668,0.4442418996271704,0.4717551815695781,0.4116371629152712,0.4739703795382057,0.4204707875792093,0.4377883739069866,0.3968525195170076,8.234761865302595,1.9098690127320992,3.187566947116295,2.3403918098313348,5.042365842422821,4.784794831140232,4.980857397892181,3.911825708894155,2.7593517649386303,1.253934363537221,2.010275605371922,2.2771536854485657,3.708490452224279,6.26739314477657,5.89825587946911
W0048,4,0.3337683361206215,0.3744490315972305,0.2660348774802349,0.3091973131706634,0.3747307345914889,0.354002934459346,0.2994259748165627,0.289858808306406,0.4375672628807353,0.3884512425053972,0.3002114406523625,0.3666299395556146,0.4072505016886136,0.3004238390864792,0.2605648896329985,0.2315998719445122,0.0,0.4062701702900273,0.3326918551205349,0.4277893613000442,0.4814706654874118,0.4415393717319164,0.3010343309966369,0.3540550717205302,0.3547948371781941,0.3326078956786075,0.4175876015406364,0.3161713716716254,0.3901705817127274,0.4220247236264526,0.5513864669096231,3.120686796163649,2.607015313267085,3.168723683089323,4.413311265928432,2.872462119819517,4.57006284061783,3.1068467137512448,2.045443975955452,1.1841418061950535,2.347461181702573,2.606182395402893,6.323908577121227,6.812515758271731,7.667467648091121
W0048,5,0.2728339086864962,0.3267582567627651,0.1520884236410954,0.2469680144619604,0.2633528538052551,0.3389805911692397,0.3698094027007744,0.2606075742144986,0.3251439991718829,0.4236079352167757,0.1982846899599362,0.2899215271382922,0.3531884452973604,0.2063047340757995,0.1609843804046369,0.1925635013914416,0.0,0.2882505906882593,0.2018791309905965,0.3080892673020363,0.340674303634906,0.2590232281799987,0.2081478193056282,0.312089165381544,0.2716336265062624,0.3203338953511572,0.3391573810145387,0.1769123716373374,0.310665558089753,0.3288589231844019,0.3041661179897669,2.4827893204045197,2.0944002627543705,3.234711371177393,2.962724748045447,2.2944502261594497,3.5773968691310585,1.792194993928499,1.499943244037489,1.3149217235952666,1.7946376743640096,2.174720287574648,6.789109202171317,9.609122821523504,7.925656244188192
W0048,6,0.1775429350266623,0.2338526395501783,0.0938658478739122,0.165141530111591,0.2564814082662227,0.3327980219597296,0.2880052548250474,0.1486684698550122,0.2848685929451849,0.2827604242629326,0.1547085611222245,0.227190254569973,0.2422441388431375,0.1397517555313987,0.1445806693610574,0.1481178708029083,0.0,0.2108011633620707,0.1291685452707565,0.2320446548150801,0.3399923339148535,0.2067683328219593,0.1411042653683065,0.1778388561673219,0.1333461591811372,0.2495732580301581,0.2434918732940568,0.1184674242760832,0.1869938165028702,0.2640171106038506,0.2092075457726822,1.8768440476266677,1.1974856894484636,2.790600442432578,1.991857259894783,1.605888245267981,2.523305803626545,1.4510702614580504,1.2483125315192374,1.115486134790544,1.5058328404175012,1.8823829807584584,8.052081880579737,9.72679956622374,9.5277708586141
W0049,0,0.1034482758620689,0.1034482758620689,0.1034482758620689,0.1034482758620689,0.1034482758620689,0.1034482758620689,0.1034482758620689,0.1034482758620689,0.1034482758620689,0.1034482758620689,0.1034482758620689,0.1034482758620689,0.1034482758620689,0.1034482758620689,0.1034482758620689,0.1034482758620689,0.1034482758620689,0.0,0.1034482758620689,0.1034482758620689,0.1034482758620689,0.1034482758620689,0.1034482758620689,0.1034482758620689,0.1034482758620689,0.1034482758620689,0.1034482758620689,0.1034482758620689,0.1034482758620689,0.1034482758620689,80.0,0.0,0.0,0.0,0.0,0.0,0.0,0.0,0.0,0.0,0.0,0.0,0.0,0.0,0.0
W0049,1,0.1751634221914496,0.2072042685612105,0.1362479802791866,0.1649552354989534,0.1660930095042,0.143591291545174,0.1690273289712777,0.161645541902151,0.175320808111176,0.138879877877589,0.162226914160786,0.1940413737554208,0.1717227915347712,0.1794983135767082,0.1881901667211526,0.1835215257559084,0.195708794504362,0.0,0.1832036542888693,0.1955339357122432,0.1796046785857394,0.2003651345556538,0.1552885674280547,0.19076355539266,0.1754141079276835,0.2050448790601452,0.1536277101718449,0.1635094311673963,0.176793114043267,0.1624508496938227,61.648760635381656,0.424905703950277,0.9113338542101144,0.581362015297823,0.9652025093409718,0.9935561581146578,0.94176153842853,0.7766475812081994,0.5885876322793461,0.1649886258509718,0.3953037842127799,0.5874299797084828,1.1518246012242108,1.2056140451945443,1.288187781256266
W0049,2,0.2748397774990594,0.2512857022486568,0.2046352999027539,0.263306790129117,0.287421119170502,0.2795847942289565,0.2235889916077363,0.2741623961283623,0.3122872381736908,0.2534408245014263,0.2974130379720139,0.2406879518372515,0.3085935599480152,0.2441256063795209,0.2965368349841627,0.2090759954189167,0.3260686651856029,0.0,0.3036702316295392,0.3042413064174069,0.259453604238311,0.2472820040038064,0.2614193992347792,0.2657932556406107,0.2643893187519827,0.2842308147293539,0.2897045503872332,0.274028098825393,0.2804916765874291,0.2991797697581524,47.039941843193525,1.2507070755196603,2.2956313070939,1.31560075105741,2.715651912141094,2.3671843408489,2.3321444918883496,2.4754264560016277,1.2981276443920269,0.6471039474126729,0.8070888929784094,1.194692701930239,2.4166906002137027,3.182964851479088,2.7803349061032367
W0049,3,0.3857746893689717,0.3929873645056779,0.4028753458964388,0.344656527057066,0.3404480140256353,0.3130945993356532,0.3645837944023639,0.3379459186919888,0.4370682414311783,0.3790708816341539,0.3653069516221395,0.4034971511315274,0.3218081810924735,0.343951058154497,0.4027945824053763,0.3525660360346108,0.4382846126553343,0.0,0.4844440206413856,0.4803752695153679,0.342253550881148,0.4336680531299972,0.3280396248476827,0.4728505885541378,0.4516856268477344,0.4334868964334596,0.4335000597792771,0.3749799132646306,0.4117724239789547,0.3932615127824203,8.49775117789557,2.070151082624019,4.212550017816293,2.2425157323932146,4.88376355134274,3.8079050172351727,4.668162927613256,4.0506272303221325,2.8010506057128466,1.2179636991401634,1.4284314583902782,2.445631774447991,4.80873534901713,5.638347017925396,5.673022830024935
W0049,4,0.3679434771877092,0.3551838567017614,0.2539810017743992,0.3122991003203798,0.3752222922837231,0.3583403320610078,0.4267373539996539,0.2945744476040296,0.3497633850793199,0.4156748762524975,0.3172210771599492,0.3844004101899844,0.364578684901654,0.2464828534124611,0.3294627749426515,0.2165088586158562,0.3129640285187162,0.0,0.3854248137247241,0.3929563440133484,0.3790389775417345,0.4162459255275766,0.3057557894122221,0.4158973748903307,0.3553138602919945,0.3717119457301296,0.4080633667188705,0.2910473591785011,0.3612585514541653,0.3536666902325862,0.686863533307981,2.4089541270993786,2.579584317192296,3.2747034415896787,3.271970561439397,2.8531452359829164,4.412567852036217,2.7027671166762857,2.309901791869036,1.1160288239960696,1.7023142474564317,2.3370872360173567,6.115011526538736,7.398898110168653,7.182118302704364
W0049,5,0.2301762587325323,0.258604784810774,0.1765277742849709,0.2056194948147617,0.3301675826745545,0.4155250684997151,0.2694883020699482,0.2344092441646759,0.3216847727601031,0.3359224445945292,0.1890146552953964,0.2383219064323539,0.3013021630965975,0.1849525750326404,0.2071314970217373,0.1593392506210869,0.2936505149019887,0.0,0.2332609299832784,0.2930501934446612,0.3586705589753896,0.3412504603171802,0.1786719373333843,0.2791974063021407,0.2597621324884142,0.3162717052889128,0.3578875417398569,0.2110934640964866,0.3022879604910916,0.2946829393881258,0.3295762877043389,2.6296056654001148,1.5710595307611817,3.0692645882037306,2.399950122639794,1.8337426692212373,2.607584224842549,1.9449500984907704,1.4495330459496998,1.1678072555728545,1.6020441475562943,2.2298425515995484,7.397494478454242,9.656723374346884,6.873478802282378
W0049,6,0.1750017932462528,0.2371801618302684,0.1002807735279904,0.1420732577942403,0.2199297758131083,0.323179353831187,0.2301771592759158,0.1994313579675162,0.3367848559723045,0.2874515864717262,0.1478471898349982,0.1940780074343551,0.2238791164048328,0.1267724465984379,0.1078439199291494,0.1132078819087778,0.157162045837392,0.0,0.1132895860186744,0.275252725249102,0.2647083563857398,0.2290066500648392,0.1245769087901396,0.2101730028509776,0.1430202995891684,0.1936813011622574,0.3090923888012406,0.1104933574039823,0.2215365488876138,0.195882353846117,0.3163767978866027,1.7848519258121542,1.078271563502546,2.7649245267614053,1.5671008160963575,1.9551527856889412,3.1352105318516488,1.5535694416064272,1.1355449705077,1.0205731712910142,1.0804669234692803,1.6612062071871614,8.68025733486783,9.579622714235372,8.94256466675738
W0050,0,0.1034482758620689,0.1034482758620689,0.1034482758620689,0.1034482758620689,0.1034482758620689,0.1034482758620689,0.1034482758620689,0.1034482758620689,0.1034482758620689,0.1034482758620689,0.1034482758620689,0.1034482758620689,0.1034482758620689,0.1034482758620689,0.1034482758620689,0.1034482758620689,0.1034482758620689,0.1034482758620689,0.0,0.1034482758620689,0.1034482758620689,0.1034482758620689,0.1034482758620689,0.1034482758620689,0.1034482758620689,0.1034482758620689,0.1034482758620689,0.1034482758620689,0.1034482758620689,0.1034482758620689,80.0,0.0,0.0,0.0,0.0,0.0,0.0,0.0,0.0,0.0,0.0,0.0,0.0,0.0,0.0
W0050,1,0.1813611013998795,0.1724292766148771,0.1675535221898869,0.1487914226171008,0.1931020152497666,0.1959847697323957,0.1536894449208607,0.156579003207649,0.1764479855636223,0.178379551958025,0.1775796972675589,0.1649616560456857,0.1881966651401758,0.1598779523848618,0.1513959480019872,0.1652563753745193,0.1499224826640867,0.1518685163556538,0.0,0.1739606955386345,0.1572564325137211,0.1719615695552132,0.1484514879251058,0.1711968020858515,0.1781137270744682,0.1516056477261727,0.192546862921088,0.1767273047539538,0.193211338914045,0.1827300316539306,78.49104149188187,0.3898154524309717,0.7843139578554524,0.5537826578243837,1.1079504257665234,0.8208402783062729,1.0981887385183706,0.6323218793752005,0.5112906618475134,0.1980675016425008,0.4814712101493281,0.4672355691498683,0.9102812781473744,1.1722026872746247,0.978194230176996
W0050,2,0.2918158539000907,0.2888821390252865,0.2423014701149677,0.2611955458065779,0.240326024499706,0.2525790352618675,0.2993095537963515,0.2495741918010559,0.2716564858446215,0.2614829201292609,0.3080836197105644,0.2723574701030203,0.2536489405788017,0.2952364198321299,0.2770299620331974,0.2852162222931808,0.2581234998403942,0.3000637217664384,0.0,0.2488990080078696,0.2983042855887615,0.2807744515164429,0.2184675807195145,0.292183053145533,0.2689008964412826,0.2631419499177872,0.2964247936195784,0.2560668365204587,0.3043315091958682,0.27714964858731,43.97742153175915,1.351213795328082,2.047089460823943,1.24754069980045,3.037773307665542,1.8910608848311283,2.4005857173628846,1.697462631376213,1.3762472455134904,0.7060113665653709,1.1754897877773114,1.0672931616419583,3.0744224631662145,3.431745045917082,3.016868260873053
W0050,3,0.4204866830994339,0.4581158022285636,0.3302883131720204,0.3530682334220658,0.3650759089643823,0.3521404816825291,0.3773724607999504,0.2809195293679755,0.4109428224450333,0.5380674175594867,0.437950876945341,0.4697458298693097,0.3506275095726628,0.3059572921800615,0.3572135444325537,0.3242783564263545,0.3682997197852688,0.446804568673755,0.0,0.4606908105760254,0.4283399923459583,0.3235522991536121,0.3178098822038092,0.4613122094541744,0.4592046810656583,0.3763921307217259,0.4514627085352233,0.366372576321785,0.3170745457036815,0.4681052835997777,8.306473962581126,2.1919909804216786,3.348332186294629,2.6150844120645185,5.0893537281853085,3.931506833396775,4.426034245535876,3.001824671291096,2.4652786920128023,0.956950057807879,2.46708486007875,2.338435120166338,5.288133353666571,5.4716453814466135,6.06760040979348
W0050,4,0.286478250206761,0.3660824954313503,0.2463250467467091,0.3188647819216872,0.3813654158788634,0.3597487740096399,0.2618725864723677,0.3357524496284313,0.3553248777840979,0.3876920197229131,0.3195355743764317,0.377005394406011,0.3545585926470707,0.2420732626827301,0.3535347482648157,0.2627115701687061,0.2978514552633087,0.3977740704845846,0.0,0.3988003011916242,0.4282159997611556,0.3765442135525717,0.2711078988421979,0.4132166195397503,0.4238103717296246,0.3721475669068699,0.4784759227618719,0.2996926929005982,0.350434575707846,0.3321244070308948,0.5512783569030242,2.919558219427464,2.700286082847464,2.8253095679354114,3.667877064207699,2.772372156199888,5.319249511682553,2.412645829114926,1.98012791922098,1.356533994305494,2.1027841205475597,2.615881762362387,7.373209921883031,7.8914059721281955,8.316393052271765
W0050,5,0.2068409385371641,0.2750647162288588,0.1517584796004024,0.2352361086087495,0.2981620140572261,0.355493700393672,0.315516774273117,0.2083262267692544,0.2617063787120476,0.2425650058725733,0.2233642346210022,0.293849466949748,0.3166710981876273,0.250955133483361,0.2232328072044708,0.191751756136517,0.2292068940544634,0.3234395851487655,0.0,0.3159534068971272,0.3604803094925686,0.3767176117585419,0.2347498525321678,0.320565847917561,0.2485227282105983,0.2743281201769316,0.2720686727595184,0.2289316182727653,0.2415539633719945,0.2901065220989614,0.3276473290789949,2.3989512450525203,1.7252098991304408,2.634306268100908,2.774762922626268,2.138778745375913,2.877662428671014,1.744882130718876,1.388472967736062,0.955511205171411,2.0454178336431283,1.8042315385004224,8.444853949785681,8.647509979642866,8.051975280756304
W0050,6,0.1488066354303672,0.2399643654278516,0.1046784612746478,0.1522627835595311,0.244532011699783,0.2990662575539869,0.2429541114041995,0.1788983817732538,0.3027343961170462,0.2519198286472062,0.1299545523263567,0.1926109133044869,0.2104760620562711,0.1384028232766264,0.1719358415591709,0.1131869583523908,0.1382893125496245,0.2135105509953937,0.0,0.1983515917161045,0.2775791827307712,0.2025229913129884,0.1061046745383877,0.1629213763909716,0.1353445178508527,0.2238041171938211,0.2305988393162024,0.1289535345270729,0.2110331460930279,0.2128872972087357,0.2992690174957352,2.207344547536477,1.1902271082511555,2.193274636047084,1.8634001343509177,1.9314784957344813,3.419038523984949,1.137694993884846,1.1425857859514337,0.9635804182306869,1.3466619688733334,1.361417625831112,8.55650070280645,9.272471442687811,9.804066024217938
W0051,0,0.1034482758620689,0.1034482758620689,0.1034482758620689,0.1034482758620689,0.1034482758620689,0.1034482758620689,0.1034482758620689,0.1034482758620689,0.1034482758620689,0.1034482758620689,0.1034482758620689,0.1034482758620689,0.1034482758620689,0.1034482758620689,0.1034482758620689,0.1034482758620689,0.1034482758620689,0.1034482758620689,0.1034482758620689,0.0,0.1034482758620689,0.1034482758620689,0.1034482758620689,0.1034482758620689,0.1034482758620689,0.1034482758620689,0.1034482758620689,0.1034482758620689,0.1034482758620689,0.1034482758620689,80.0,0.0,0.0,0.0,0.0,0.0,0.0,0.0,0.0,0.0,0.0,0.0,0.0,0.0,0.0
W0051,1,0.1654560200223286,0.1822606070112817,0.1579002877490635,0.1529389560861836,0.1686778650058084,0.1262200158625761,0.1886796444172774,0.1653212680861756,0.1575457309597308,0.1756178560426824,0.1871232931856059,0.1807730285929385,0.1630476331814362,0.1575084013251402,0.1599622914268325,0.1732018953692621,0.1514649787278534,0.1724272921722309,0.1549459357894448,0.0,0.1626799645328299,0.1620001436678551,0.1544242748692579,0.1570444917700919,0.1689393751926906,0.1911058850998629,0.1774898987530443,0.1706113325010161,0.1522767360351557,0.1865582816416546,65.27798511193922,0.3564592948336331,0.8478896809287246,0.4222502236586428,1.2661747640047902,0.6662699680156556,0.954117944138305,0.8566720547330614,0.5470672021017416,0.1282945271233627,0.4213762020001341,0.2961226564670537,1.0165032357828392,1.0018722081697424,1.0116279382265054
W0051,2,0.2921722283126496,0.2342358848985729,0.2440436699651018,0.2858040416165088,0.1962591001466391,0.2696834459286683,0.3314959768894542,0.2546478879477586,0.3007098754558875,0.2928322952744451,0.2643883919768467,0.2794422741334166,0.2591211524576582,0.2999272102488547,0.2889938524555141,0.2711350082188852,0.2457445201382886,0.2962761374703434,0.2379201183918479,0.0,0.2372315716940394,0.2178219515022464,0.2242562163230579,0.3359956382008651,0.2509070878334072,0.2752322296987204,0.2705753740309058,0.275170588607621,0.3097899855484482,0.2485476832768148,47.58656872553018,0.9499434339553088,2.198449907193293,1.2252156464483,2.7045002558845983,1.9083865752495937,3.090770764162172,2.398280525935524,1.530864312749079,0.5451587600473358,0.9290017642031738,0.8965077731460815,3.072215976586665,3.162370831917418,2.979375261797828
W0051,3,0.4727623645080241,0.3692573260762595,0.2943380210607718,0.3632040022341612,0.3173764232098657,0.3379128775480698,0.4238921647253806,0.2885146610637353,0.3584809313032376,0.4564121962318052,0.4417794003243117,0.3519579135183776,0.5326865931992444,0.4054812192096209,0.3935209435059585,0.3728178658419833,0.3939619475289068,0.3755484667542674,0.4120851143371491,0.0,0.4141723098258574,0.4413537327310445,0.3013197150572631,0.4626773929233787,0.455454356726661,0.4077110129014863,0.4036895820321828,0.4858547745507086,0.4569074433650338,0.5103361424987282,7.551341276372378,2.1209272792347824,3.931645879713389,2.916109579954366,5.213076209934489,4.583949644312947,4.56790855615983,4.431379659791464,2.99128409002755,1.02271075664514,2.122921106090096,1.6571679080098063,5.331588286960249,6.527259616336723,6.092742528848033
W0051,4,0.3061351197811557,0.3995540250872977,0.245691004419392,0.3148225514528574,0.4230890742928961,0.3535528268660688,0.363463171683355,0.2740569951839474,0.4248437703977717,0.4179532353171351,0.3604673658869272,0.394210511513056,0.3553995156133961,0.2791386614176567,0.3243221986344196,0.2577350348015665,0.3356496309140675,0.3953583385921635,0.3678447868932089,0.0,0.2926432179775406,0.4375632296315427,0.2557391180129884,0.4833133142948018,0.3932000018639209,0.3601039759102191,0.3785820075081783,0.3470855155041842,0.3991294471973137,0.3978695908876039,0.5549683841515701,2.6253038726985767,2.119093012219645,3.1944048392289184,3.791232980560154,3.578813904904889,4.6759425334850775,2.6782685530258807,2.157568471447557,1.0731815172188257,2.106665434694175,2.1677883785759158,6.373058449417704,9.83591767025793,7.679151306432749
W0051,5,0.242451126027811,0.3668123269539811,0.1400083678800739,0.2036911899949901,0.3252016170814669,0.3497915743577512,0.3522849480221358,0.2379898726238598,0.3824879417413654,0.3292411749568002,0.2108796569770248,0.2665472211623363,0.2767160527787092,0.2218826188045445,0.2437998544061269,0.1741179408758433,0.2368804135021943,0.3961472455444969,0.2152267296666869,0.0,0.3752989074455485,0.3096569746916404,0.2285138182547771,0.2774520406642687,0.2192619263248325,0.3150856980136703,0.3108888433126893,0.2014783013463669,0.2865738879292965,0.3259475446651155,0.4108222598416006,2.249235853804464,2.0421561092881038,3.0289482697421546,2.789422023106749,2.270087071569314,3.4191492558314853,1.7994199025164106,1.498726322659576,1.0225038246545406,2.1424492311394494,1.9433286565951304,7.65503222296474,9.301179482986653,8.06288102018472
W0051,6,0.1342314376889592,0.260071214908464,0.0968874391767048,0.1461542721722112,0.250059124678165,0.3482793743416243,0.2687420894441112,0.1400932189042294,0.2729820349075249,0.2839260544599543,0.1502565687037611,0.2097549167735276,0.2012037699288298,0.1474666412810096,0.1583320378728907,0.1190627512927637,0.169992454825562,0.2310905043195934,0.0998242177376002,0.0,0.3076657879433991,0.2513767197532747,0.1472373771287279,0.1755343108701378,0.1540497760711545,0.2117325118972189,0.2820751410738118,0.1235386182016068,0.217687932022506,0.2804878474670049,0.3178697960587546,1.9374790239185489,1.163463221333115,2.6527451681156005,1.6862079383701634,1.8279205455616692,2.275814757183774,1.553310613694427,1.2486306874997704,0.9519167213168992,1.6340622099069315,1.8824593969098184,9.17332575950772,11.644632684176385,7.950104860559039
W0052,0,0.1034482758620689,0.1034482758620689,0.1034482758620689,0.1034482758620689,0.1034482758620689,0.1034482758620689,0.1034482758620689,0.1034482758620689,0.1034482758620689,0.1034482758620689,0.1034482758620689,0.1034482758620689,0.1034482758620689,0.1034482758620689,0.1034482758620689,0.1034482758620689,0.1034482758620689,0.1034482758620689,0.1034482758620689,0.1034482758620689,0.0,0.1034482758620689,0.1034482758620689,0.1034482758620689,0.1034482758620689,0.1034482758620689,0.1034482758620689,0.1034482758620689,0.1034482758620689,0.1034482758620689,80.0,0.0,0.0,0.0,0.0,0.0,0.0,0.0,0.0,0.0,0.0,0.0,0.0,0.0,0.0
W0052,1,0.1809952690513263,0.2108793872593379,0.1741810076419697,0.1648515152581967,0.1639523849181838,0.1835299984376967,0.184617600437176,0.1617979948120917,0.1707058219549069,0.1751995969199163,0.1840232881478484,0.1652995144906753,0.1614214611447366,0.169680850224898,0.1607648576985986,0.1765782548212964,0.2012463361845767,0.1831060648667278,0.2088792446322649,0.1652647424112101,0.0,0.1614595279883,0.1582568432307322,0.1574421697598814,0.1580077216059654,0.200065199419239,0.1656007393314132,0.1918699897151691,0.1595729501394789,0.1914458091270398,58.092832880415045,0.5985978899224996,0.7190843472248548,0.4615950030282999,1.2801751748169687,0.8145004055254391,0.8674466523506159,0.8896130748808527,0.6255350857420333,0.2854544237468215,0.3530990175423175,0.4482140890255575,1.153426997038971,1.2346931987740153,1.1778204665742482
W0052,2,0.2739995435618518,0.2972894222549221,0.249820935435155,0.3002799385728515,0.287435527519452,0.2106623592293958,0.2569601099522314,0.2411681217924451,0.2904141784731265,0.2800849603992198,0.2741582494241552,0.2451065371853889,0.3098112858909105,0.255487426238619,0.2937018641902794,0.2696934026992939,0.2499356148634098,0.2626282243761248,0.2345318217640842,0.2507186005803536,0.0,0.2725721736888919,0.2481744870762789,0.3037885827065975,0.2798630613530244,0.3278798461679141,0.3259996250322678,0.2994064624672402,0.2030429550374413,0.2415600761576483,38.09185472694157,1.2003339202352132,1.8496189775256917,1.821129222025928,2.9660997422074886,2.028256062455478,2.774051346718465,1.8979321041391253,1.108543509836953,0.7625874426007444,1.0038017617271433,1.1417483131157886,2.446871827300626,3.070857068660769,2.9307333945228744
W0052,3,0.5017708350148729,0.4622927330303719,0.311462354517318,0.377810590355015,0.3267916303038548,0.2965843978376355,0.3793689013642886,0.3842826478802033,0.3350586353546475,0.4883950227598898,0.4117386581695683,0.3961860520744591,0.3959115936876344,0.333092866504713,0.3364884158124294,0.3313080180919666,0.438419222981024,0.4604607341460561,0.3986596314978771,0.4224337373401763,0.0,0.3526285154377794,0.3270292712260372,0.5262327602478757,0.5143653817687974,0.4642423521961262,0.4659578511539989,0.3884242284831796,0.4154816987334301,0.485337235440745,8.220213662989476,2.1427691935083355,3.697490263374346,2.572025291226058,5.172444065080358,3.713788626017415,4.739246583225876,4.681226536490935,2.762559900583482,1.2010231049852569,1.5207895389275827,2.105532106704398,4.319086494918322,5.143663216072097,4.9366896145637575
W0052,4,0.3194045978580629,0.3397164002429547,0.2509466995936759,0.3379711651712554,0.3050190706795639,0.3476346794314139,0.370432964186329,0.3073699571496419,0.444081795632112,0.4641159017296841,0.267938586368395,0.3558472816547876,0.4067976828212551,0.2381359312488547,0.2868887934920435,0.2950669654302008,0.3648635447908364,0.4432229445292881,0.302203758077647,0.4068876660475882,0.0,0.3612671574639963,0.2373808415464104,0.3462813615418967,0.3665612070145362,0.4194293895848882,0.4182378334157852,0.3509930005662313,0.3741684503106213,0.4122141810194403,0.4425270014640756,2.86423537070391,2.5822489971316576,2.971572409634386,4.723898933393649,3.129404451358492,4.066085039689616,3.0071960174359185,1.967477886648928,1.3210537141268417,1.916074554101746,2.6330965016319925,6.909816903435586,8.853515217859623,5.659155270175443
W0052,5,0.2227810605980569,0.3098796925480881,0.1605813619913709,0.224453194329302,0.2970303514607032,0.3758584433673464,0.3460741195165818,0.2295578113791028,0.3592293848848054,0.3877916708676996,0.2213391288538567,0.2948259711639015,0.3063651291638525,0.170984044228501,0.2373690108322755,0.1914837122525773,0.2194229522653585,0.2805763209495335,0.1969845370617441,0.2766254121161267,0.0,0.3370808411468806,0.2109871615471626,0.2572669573058274,0.2523799663942896,0.2850620110287232,0.263389430163472,0.2221637046599828,0.2354147501235088,0.2896486966180122,0.3345017286180027,2.537318806335625,1.6913831493411589,3.0621680115681045,3.4517917907415825,2.023364036138985,2.9680752172729528,1.5489308062180458,1.2608343534007025,0.9620165311500012,1.7431734392128464,1.757550859771778,10.646383904396233,9.653879022002082,8.3485885135771
W0052,6,0.150234964864971,0.2681372833190404,0.1242354933057136,0.1452810253889123,0.2261182348266687,0.3195397024653099,0.195366682165734,0.1960621139482937,0.3236643272248585,0.2535142875192614,0.107025047543663,0.1868811700986,0.2031350246612095,0.156182380859288,0.1457230345131476,0.1157848219863128,0.173158194470938,0.2208043918150995,0.1294760358505231,0.2201539195009945,0.0,0.2746583547976118,0.1360448459762027,0.165606011180133,0.1463353508371711,0.2121461303297954,0.2781012607657466,0.1303184768813035,0.2130866188566472,0.2178097003392049,0.3145219250190476,1.935299253743868,1.2529068859593238,2.7719496908875456,1.9370864598473472,1.7459572091336533,2.7606994863895298,1.4251521313258768,1.2178105339027585,0.8909279422208086,1.6932815940429944,1.926377622631953,7.67535903859369,11.54844528632323,8.13373440442144
W0053,0,0.1034482758620689,0.1034482758620689,0.1034482758620689,0.1034482758620689,0.1034482758620689,0.1034482758620689,0.1034482758620689,0.1034482758620689,0.1034482758620689,0.1034482758620689,0.1034482758620689,0.1034482758620689,0.1034482758620689,0.1034482758620689,0.1034482758620689,0.1034482758620689,0.1034482758620689,0.1034482758620689,0.1034482758620689,0.1034482758620689,0.1034482758620689,0.0,0.1034482758620689,0.1034482758620689,0.1034482758620689,0.1034482758620689,0.1034482758620689,0.1034482758620689,0.1034482758620689,0.1034482758620689,80.0,0.0,0.0,0.0,0.0,0.0,0.0,0.0,0.0,0.0,0.0,0.0,0.0,0.0,0.0
W0053,1,0.1564790261873131,0.1524628196049018,0.1719726664580079,0.163242705948277,0.1558865438927483,0.1709903955157498,0.175534379824846,0.164788698934776,0.2019376909645714,0.1575529536446873,0.176875363312123,0.1762599226991467,0.1546263895842491,0.1641924161562842,0.1846691975525188,0.1327064780631803,0.1835328457572868,0.1947597331258908,0.1390900637694701,0.1870013115257257,0.19019468245943,0.0,0.1843003451356582,0.2068128280178801,0.1967885141435803,0.1792548290005288,0.170069644490552,0.1726045155702839,0.1699294791512815,0.1772688222306918,63.67273874585796,0.4492665220041517,0.7528272309167817,0.4299040353376475,1.2587628032544045,0.8035004769316215,0.9925553744365662,1.0185770930097393,0.6363507698366284,0.1930089741723859,0.3857978692960085,0.2344245927439159,1.1321219670652731,1.2663760892650289,1.2775886507071976
W0053,2,0.2600958689546818,0.293148266972961,0.2630578686152656,0.2778628404390312,0.2524964807959621,0.2554703380922866,0.2935243721420131,0.2340576140586943,0.2723914798484601,0.2935163385522965,0.2647526784389458,0.2487939039342304,0.2732227120542548,0.2563191045764221,0.2263162564242911,0.2352343957692858,0.2551018846364314,0.2554141406270844,0.2486633210754327,0.3111275510808005,0.2507520277665305,0.0,0.2203067545545302,0.3508191295314716,0.2969745262243851,0.2966060016106308,0.2573511027062815,0.2324393203573782,0.2458549829957,0.3218340672719386,46.30847713968485,1.287591304715055,2.2711183887303408,1.6287022826467448,2.789264844364383,2.0952197953559635,2.180905162964984,2.235169097892925,1.6116240016231096,0.62533775465829,1.2956072578272446,0.665198654075774,2.490548436173075,3.3132679173680355,3.2393141623767048
W0053,3,0.4077769627600655,0.4044409519546069,0.3607678344951506,0.3632066957121085,0.4215102583213624,0.3656141129346573,0.4314543954186539,0.3703758078628005,0.4535348100504753,0.4816667763901493,0.383553756486593,0.4767848249986228,0.4287300507084588,0.3340391866328069,0.3979863318159226,0.3304319837065163,0.4767532506517725,0.4074026220493169,0.4558609072269728,0.5138184318859591,0.3426049411408121,0.0,0.2967518219379357,0.4839411502137007,0.3837460635854965,0.4499558329388604,0.5137214787793176,0.3947224931792433,0.4118910558722323,0.4522404956880801,7.961670302831588,2.348907316179318,3.740929048016004,2.523794687812071,6.29995540620576,3.648188554816465,4.338654604151977,3.793731277331637,2.5368713897060635,1.2732752376940617,2.7733604649145853,1.2768975069950497,5.7330522448216295,5.458956305603639,5.680977628794878
W0053,4,0.3874831110389132,0.3160227473281148,0.2639833776476835,0.2539455657157851,0.3282900277074815,0.4397615024233263,0.4274688365277855,0.3698645390904703,0.4315615431814817,0.4627930826889887,0.2979765540469848,0.308498042989525,0.3604959843005106,0.3130649100927817,0.3030682771253844,0.2620333818176767,0.3063832955281922,0.3946828633361332,0.3838348490016151,0.488251828304954,0.389229156588941,0.0,0.2414860900081495,0.4686214870858017,0.4358366406693198,0.3875311052989911,0.3958468800160225,0.3321638245839535,0.4577329772231097,0.3884545951087522,0.5109970113829548,2.6665050820628906,2.637383634423039,3.147282523744239,3.995120771441545,2.8388592989920576,4.847248035007083,2.5042917722111646,1.8569853822026785,1.3742252318253068,2.3759174969694183,1.71255476583272,6.680910184936014,8.625501235336923,7.291186632681957
W0053,5,0.2608315962476095,0.3231050644159731,0.1531602164360568,0.2244453548901385,0.3199019290850123,0.352247682528005,0.2703752991917274,0.2374290395170795,0.3030024537825305,0.316550448108953,0.196946895896323,0.2956853764592516,0.2591608030113386,0.2547010741882781,0.1712939246119308,0.1473431096725683,0.1972715362004176,0.3449610305287385,0.137495688511385,0.3118568299942493,0.3715930414139486,0.0,0.2157857372079314,0.268771031011253,0.2516040049880534,0.2699424102393039,0.333740249839716,0.1841254494404032,0.2383249956095894,0.3609157209482875,0.3735599614828336,1.9564630570552544,1.5821795065212867,3.4078758918005314,2.540280293604821,2.1720530786921226,3.168228432589106,1.7881986684290752,1.4522397220840826,1.0706647814707877,1.9751039663447163,1.6282755738827668,6.671325143721802,9.158836435422586,9.37632279317096
W0053,6,0.1682211610648867,0.2669282620938648,0.1052354632029593,0.1618953247075886,0.2579990508785064,0.3106119215041473,0.2204917391322191,0.1727118764099964,0.2810837583492112,0.2368092632562347,0.1467123416771712,0.166052923282807,0.1925905736517079,0.1305645425702121,0.1312040905844953,0.1088702632569564,0.1443937766987354,0.2395737400911702,0.114236873488366,0.2098166696184519,0.3279943908094802,0.0,0.1540200225625175,0.1602641656099701,0.1315820440267683,0.2359339876433294,0.3072884725375108,0.1293963307576925,0.1967573083853434,0.2488365327008509,0.2244043465035383,1.9268858540354052,1.5992249494864588,2.439366458126905,2.1285370193350337,1.6954927744010448,2.6509827027548547,1.539468706118759,1.311447698438577,0.9184057691474914,1.5331245401855076,1.592201880609645,8.39892779010966,8.278797875789076,7.684644082975815
W0054,0,0.1034482758620689,0.1034482758620689,0.1034482758620689,0.1034482758620689,0.1034482758620689,0.1034482758620689,0.1034482758620689,0.1034482758620689,0.1034482758620689,0.1034482758620689,0.1034482758620689,0.1034482758620689,0.1034482758620689,0.1034482758620689,0.1034482758620689,0.1034482758620689,0.1034482758620689,0.1034482758620689,0.1034482758620689,0.1034482758620689,0.1034482758620689,0.1034482758620689,0.0,0.1034482758620689,0.1034482758620689,0.1034482758620689,0.1034482758620689,0.1034482758620689,0.1034482758620689,0.1034482758620689,80.0,0.0,0.0,0.0,0.0,0.0,0.0,0.0,0.0,0.0,0.0,0.0,0.0,0.0,0.0
W0054,1,0.1266293495592943,0.1546906131383199,0.1641821580763474,0.1793077281074822,0.1973652740972716,0.1413977098419379,0.1667512346724004,0.1346155691330793,0.1640314099595831,0.1676391519112751,0.1464206078483789,0.1515527148520444,0.1638356510068609,0.1448642250165956,0.1446247031783052,0.1841327186756406,0.1585557781929495,0.151295885378267,0.1784058150619381,0.2026858831929142,0.1981593621508432,0.170590234268409,0.0,0.1906902072090845,0.1805806970048239,0.1892604339349626,0.1654650229543535,0.1769483100634266,0.1598393917745871,0.1833843271664308,66.28648628319601,0.3912635968753929,0.8496354895736719,0.5109167693916489,1.191709146458891,0.9313325664145023,1.0061007948403784,0.7326389570347381,0.5163762616035307,0.2302324473274456,0.5132546288589745,0.4615289274215863,1.026584544459024,1.1166920049910671,0.9817961222999478
W0054,2,0.2428263384601474,0.2447662071427804,0.2631158671012944,0.2811420256966548,0.2451818232043454,0.2646185920956994,0.2599184768827372,0.2470117842633435,0.2865846474358133,0.2861902653125533,0.2739223122826416,0.2341798905999106,0.2756183909632476,0.2714375959743224,0.2903650920162449,0.2777697443343064,0.2511434644525523,0.2772986130492811,0.280373999121622,0.2906518131019242,0.3020075269964676,0.250044124533624,0.0,0.2941436066531572,0.3030081346750241,0.2746033101050673,0.3002382178978018,0.240160248232109,0.2364495332236398,0.3006456611163628,42.64907806929033,1.339178602247922,2.19477122003664,1.433373176200585,3.1108578228954458,2.1932009097924734,2.783963241787085,1.903969881594849,1.294825104214066,0.5711577771808141,1.0745730975978738,1.1079432831678258,2.6607721700387543,2.670989687363666,2.6326710717743764
W0054,3,0.3723429516339521,0.3977259632033437,0.2081170345742012,0.34745967535562,0.3048798793642783,0.3879834887398821,0.391807056436409,0.3569101046102172,0.387154599568811,0.3597423538947419,0.3880414478183887,0.3726959926475173,0.4419883277825844,0.3253621415283755,0.3444976616976692,0.317462419630191,0.3871453184939482,0.4497914217045342,0.4632274422156816,0.3949128720103915,0.4676458959324427,0.443083980183661,0.0,0.4912217798272362,0.4857963552003309,0.3887647685105313,0.3698878701187669,0.3372741525920556,0.3917217020062095,0.4340707627866672,7.278736127258302,1.9177232173987768,3.852247246085185,2.8848065308791977,5.002423044706795,4.649865595714624,4.248377378288391,5.035574108480086,2.829146748543229,1.2174182471305306,2.204224276939423,2.0503698851768477,4.141077607770237,6.54624707799634,6.744421172814773
W0054,4,0.352170505016726,0.3942123252012252,0.2437158224432674,0.2800924328301103,0.3536268043521205,0.3942780649086684,0.3434985241963514,0.3184491141506838,0.4474024615116737,0.3878203624531462,0.2661881529639155,0.3482252066073665,0.3772624099094165,0.2413872394888905,0.2772329885319783,0.2603239985045035,0.3430921108749715,0.4915736756101551,0.3333045038292799,0.4541921908428583,0.3888313484870128,0.4120636230146964,0.0,0.3961241471895981,0.3387348022234305,0.3760369508214881,0.4118360941725844,0.3194871318946971,0.3489666286757337,0.3894314700873675,0.5864525486541794,2.2368125251773123,2.464205918554014,2.6994397739551657,3.9569003259154822,3.239677758100518,4.421017191726176,2.9108851986812354,1.8058571715721567,1.2322579550590158,1.7058635756760092,2.317776931267628,6.870009346038252,6.502053133001047,7.475438475506944
W0054,5,0.2207293044058962,0.2516655815060893,0.1542388193888306,0.2235051026287508,0.2968264787457996,0.4165711581184439,0.3536470837529819,0.2394325099978765,0.3480915016806794,0.3749317146669559,0.2027455692910841,0.2736808510889056,0.2476240778873103,0.1932031416718526,0.2370766923372051,0.1577625760769234,0.1864919511983683,0.2905093240047565,0.2069898474316328,0.3325042012635678,0.3515625011612313,0.2977416423423523,0.0,0.2901263752740971,0.2549027361471703,0.3373719029788453,0.3382392459712408,0.1797795224468189,0.2734923708333649,0.2971012406096007,0.3763495574336399,2.7536197589613365,1.58162410753846,2.4929630267293628,2.578416563626789,2.105741830531991,3.504134576486372,1.9722841709343053,1.531427042691705,1.172260683041643,1.6093248529604305,2.0111449402265658,7.921400097925574,9.771230019516311,7.578821966385458
W0054,6,0.1608454717773904,0.2680547518495128,0.1175413758926197,0.159770382135642,0.2041449396155099,0.3314639490284242,0.2723800958057086,0.1526835273654632,0.2650633619237023,0.2743600364018357,0.1684374074679898,0.1829296165534495,0.2466718368252209,0.1394891867251439,0.1602218726298567,0.1140613603940942,0.1334802503536791,0.1980537943092965,0.1218771153965034,0.2260034427366246,0.2525204693017615,0.2593624261951595,0.0,0.13548078272208,0.1192151205376506,0.2076304200897298,0.3200198581583335,0.1487609094992238,0.1972413020605863,0.2530940354162295,0.3485845279811594,1.79249454787408,1.440816880705927,1.968262775957396,2.136931042018099,1.6505067515697625,2.113164341155891,1.6473108018729978,1.0724741672475866,0.9982398322099992,1.5284267481249918,1.3950858903405197,9.671811446622646,11.204369850686753,8.071101760822778
W0055,0,0.1034482758620689,0.1034482758620689,0.1034482758620689,0.1034482758620689,0.1034482758620689,0.1034482758620689,0.1034482758620689,0.1034482758620689,0.1034482758620689,0.1034482758620689,0.1034482758620689,0.1034482758620689,0.1034482758620689,0.1034482758620689,0.1034482758620689,0.1034482758620689,0.1034482758620689,0.1034482758620689,0.1034482758620689,0.1034482758620689,0.1034482758620689,0.1034482758620689,0.1034482758620689,0.0,0.1034482758620689,0.1034482758620689,0.1034482758620689,0.1034482758620689,0.1034482758620689,0.1034482758620689,80.0,0.0,0.0,0.0,0.0,0.0,0.0,0.0,0.0,0.0,0.0,0.0,0.0,0.0,0.0
W0055,1,0.1802271938194302,0.1521382647910045,0.1731343067065422,0.2132325761738054,0.1563363575182832,0.1733861751739141,0.1758269375359582,0.1588079129441326,0.1990417776943722,0.1821400192109095,0.1932514315926014,0.1746459106135981,0.1858566381545951,0.1342026681120953,0.144862669003154,0.1402407558812265,0.1624836457904467,0.1625558049391958,0.1296122041240585,0.1682800301171118,0.1872769614141874,0.1601326672399755,0.1606650772892508,0.0,0.205939345616715,0.1652853324436575,0.1491874604852335,0.1761319411900606,0.1585620129210577,0.154408784976339,70.15271198176642,0.5191535554921931,0.7489319941727717,0.4733678472887411,0.974757133837104,0.8755459137051956,1.0974845498775048,0.7367332369531607,0.5923837383255883,0.1443956658920452,0.4093677945184678,0.4007025309444363,0.7288750791725407,1.0053327490760684,1.1787153081431023
W0055,2,0.2645745706464381,0.2928055911765107,0.1953968656617566,0.2764694689044309,0.2727042284921712,0.2688988627661934,0.340589447180398,0.260797036465574,0.2793998660881228,0.2730039943334345,0.2712270512931751,0.2715243170486967,0.2414756432927676,0.2751316708879905,0.2626672446601509,0.2291948515125111,0.2777514489307528,0.2411562039937583,0.2987795705007049,0.2823400793655268,0.3096654772330149,0.2576940788243099,0.2493805247964539,0.0,0.2610881896845453,0.2546431104761397,0.2793604324530409,0.2916149848558072,0.2911844249588846,0.3241497582114364,35.89297440069331,1.2487288382136,2.2837157279782763,1.52413568894618,3.201094886747864,2.393153495486352,2.419803647947356,1.964993497390786,1.4997588492642058,0.5220837522486529,1.215717055487246,0.8309935511029178,1.7694230690151738,3.464877097290165,2.616075542826501
W0055,3,0.3774342350531137,0.3916542559380031,0.3234601746204229,0.3383392905925413,0.2948913288567907,0.3790817217161432,0.4547323915539333,0.3337636002322032,0.3959991486164746,0.533926938083616,0.4160108912939284,0.4552519272411485,0.4135302974985132,0.329551073517097,0.3256006235180946,0.3560710563544655,0.4760050231363046,0.561090207457127,0.3456412823687032,0.5066139507243672,0.3631096669198831,0.4387050013973541,0.2587350775488423,0.0,0.4272640328062758,0.4321483723011121,0.4902079768628631,0.4092441149398618,0.4583519247206145,0.4626487159786753,8.427565937190757,1.957393564747789,3.269406859375142,2.1575873409639943,5.759010489003317,3.633302315457229,3.987322233639336,4.384829181245703,2.608972847236781,1.1021993203985314,1.8446550395682,2.008546508244028,3.3404121343639024,6.3913309920572585,6.359213165921158
W0055,4,0.2945678295794524,0.4475520487433231,0.255920414549017,0.3295686974667496,0.3699290928564355,0.3901091157463884,0.3481097986215026,0.319119546713407,0.3304593439828963,0.4088197561280413,0.3119645359290027,0.362922300412884,0.4078476213889101,0.2357303745794318,0.2866311679914918,0.2878943895323157,0.3265303356879077,0.4529188789316182,0.350281178354875,0.3865034692262282,0.3350983804814552,0.4253819538455961,0.2508573887855394,0.0,0.36116823277026,0.4159827102682878,0.3891048555223254,0.2733347927178512,0.3793480128569697,0.4520724359199867,0.7214912774830143,2.5887233509455982,2.7149684768276705,2.85155983398377,4.202701529068804,2.7606420693453013,4.448018552119763,2.559967747046838,2.2278449685896,1.2421681911156002,1.99199090424054,2.068816482262062,4.604907780856227,7.58612043816775,8.071496794194267
W0055,5,0.2426166996935363,0.3513563868332781,0.1320710603171445,0.2211601441702385,0.3039881488142266,0.2748888963101898,0.3487168357693775,0.2719748681460198,0.2953031229516587,0.3100205360153968,0.2359477541009443,0.33437792174596,0.2989274645610593,0.2003964431470046,0.2415224195763266,0.1881447494817344,0.2471442444112077,0.3119866960627783,0.2336169618588701,0.2980831732798611,0.3368992727405808,0.346424886551979,0.1982360487091056,0.0,0.2027194463209199,0.2915704490813497,0.3086407374478082,0.2097270338792103,0.2698857784453949,0.2754423182988103,0.4187887369959368,2.537698332054981,1.838794353937208,2.3804017973306517,2.944644784806877,2.258798094225969,3.717960635984433,1.7772384016676546,1.6896145122289503,1.2503510687589665,1.3816550796296598,2.2299901723026005,6.513345616065858,9.920950968083652,9.105074515464302
W0055,6,0.1689218917668013,0.2489831241913935,0.1037084040946838,0.1708646361380487,0.2417847397104806,0.3252614028940536,0.2340250435973627,0.1742154395723108,0.2741607524189161,0.240429441580572,0.1460589139358631,0.18467630410216,0.2172277241623393,0.1433809456226492,0.1405481344500326,0.1262904751165006,0.1856989125070062,0.1807209222096967,0.1368252085205333,0.230331438588744,0.3127737226057871,0.2353860348263182,0.1487715977290033,0.0,0.1208761895118557,0.2062267106750669,0.2283883695879521,0.1574010989781351,0.2221357446540995,0.2258524404100411,0.2659146828970533,2.043663820979545,1.2133368206357131,2.347791732307671,2.08381855753951,1.7341923775780184,2.680359372172534,1.6424983207536188,1.1694153389887856,1.0331540416367997,1.7354971162508128,1.7800706610795074,8.342933165046063,9.579586772899749,9.095062059858044
W0056,0,0.1034482758620689,0.1034482758620689,0.1034482758620689,0.1034482758620689,0.1034482758620689,0.1034482758620689,0.1034482758620689,0.1034482758620689,0.1034482758620689,0.1034482758620689,0.1034482758620689,0.1034482758620689,0.1034482758620689,0.1034482758620689,0.1034482758620689,0.1034482758620689,0.1034482758620689,0.1034482758620689,0.1034482758620689,0.1034482758620689,0.1034482758620689,0.1034482758620689,0.1034482758620689,0.1034482758620689,0.0,0.1034482758620689,0.1034482758620689,0.1034482758620689,0.1034482758620689,0.1034482758620689,80.0,0.0,0.0,0.0,0.0,0.0,0.0,0.0,0.0,0.0,0.0,0.0,0.0,0.0,0.0
W0056,1,0.174217866433169,0.1475268226182081,0.1407885917201536,0.1354896540927513,0.1603476852687983,0.1543667111721176,0.1425302922842529,0.2032327003135614,0.1606050845013629,0.1966570627243428,0.1535063900824098,0.1737896119732324,0.1730107309502439,0.1522851959602296,0.1773819589237877,0.1508535147144075,0.147578835166383,0.1872491274003579,0.2002831117744335,0.1838396814584591,0.179466793851882,0.1588844212051475,0.1209463206450968,0.1623093015982367,0.0,0.1252567225991127,0.1942266739891357,0.1770999535492271,0.1726278730038365,0.1814022763235515,60.36105653201009,0.5187430677857282,0.8010560714279356,0.5600627727149063,1.1610080866518884,0.778570379451988,0.8246107218978584,0.8883235360300122,0.5302201815390465,0.2024777051159079,0.4972442763781983,0.4683972501398662,0.9081770801953332,1.3410734324852736,1.0666566260005457
W0056,2,0.2790111904576432,0.2946517364856275,0.245875807660446,0.2816567153521405,0.2911655547480122,0.243207614265369,0.2515380154986926,0.234813344292364,0.25107955160181,0.3027880028252389,0.2422837110415582,0.2212868707971701,0.2801979116368826,0.2872731252402408,0.2959941521426208,0.2912468821193315,0.292344086649728,0.306567274231305,0.2458567824683038,0.3033324255846905,0.275021915603439,0.3058829088586433,0.2059943068005689,0.2695621602527667,0.0,0.2710601068994862,0.282706150041165,0.2372121189227322,0.2615485258333281,0.2800722644941197,35.27434949242538,1.2283451767363365,2.272958368126077,1.370349957681376,3.656804198736902,2.0087362135209377,2.509735079360229,2.054439666772677,1.7418562930391357,0.7098031094371623,1.212191970133489,1.1991459651185103,2.4483939917905504,2.7309041918261303,3.1338378042231074
W0056,3,0.444684688116591,0.3741139784589712,0.2902413031572894,0.3660623658942315,0.4295526268712016,0.3967897510216953,0.4142819867054588,0.3313621464533122,0.3425817331185566,0.4222528626579008,0.4868771104330692,0.3747309549496693,0.3847107693541357,0.3834908091058702,0.3189436474094467,0.4168806817352415,0.4184065534270674,0.4957056886617914,0.3805513518486872,0.4107026912332506,0.4160799970833601,0.4464297501102884,0.2866222618412678,0.4518806283883355,0.0,0.456249551096508,0.444630066140964,0.4400207667297471,0.4368991479552545,0.4204003467657311,6.813682387538727,1.942570100831236,4.201886741136796,2.940407479591788,5.448294663060686,3.9608159701774586,4.518426876842567,3.652692195275853,2.616126178130841,1.2813874569191246,2.273735076746126,1.9709988751750716,4.939016411676643,6.859611628483059,5.9985951958080905
W0056,4,0.3010845497344661,0.3497482013781384,0.23627521473219,0.3383635569448956,0.3777274705162199,0.3521052556884157,0.3707390075735345,0.2933604306059518,0.4569711149106235,0.3723344157571376,0.237840783106088,0.3541642204420174,0.41511691721089,0.278566527663037,0.3448800418430395,0.2585269730943026,0.3111503954738506,0.4074979369880794,0.3654248815068762,0.4001990347391468,0.3867619670618568,0.3369766741723294,0.2751961260138418,0.4846676431085594,0.0,0.3859550821968054,0.4054756926420514,0.2701472168445157,0.3419102733562283,0.4090529023001759,0.4521538537661619,2.776891434122459,2.400976427524572,2.5015554166613296,4.077147013144244,3.862429284805037,4.532220712079872,2.5667230841673487,2.027942955539169,1.3836281117399152,2.057335639790938,2.207540340844274,6.497185794733319,6.657598221194836,7.15267798193401
W0056,5,0.2099387392232556,0.3112784619401487,0.1452366702175746,0.2419535363049998,0.3276463145870869,0.3494374430408746,0.2842051626359271,0.2408025909912208,0.3779715333271557,0.3604418769698206,0.2231474110207142,0.2739431296803357,0.3314513229149059,0.2071437854300076,0.1923109820014428,0.1312878328794407,0.2693856400964706,0.3075563376757848,0.17356891724619,0.2472347906279565,0.3807562733635558,0.3107805696707285,0.2175715398674269,0.3206420557746148,0.0,0.2823682875840237,0.3493338349462829,0.1932572121105882,0.3144523004159333,0.3617708472642887,0.3372998045677444,2.053159504889132,1.5377323334046913,2.642054108032259,2.348567754025759,2.102268693598285,3.155144745692776,1.9997488811394704,1.4808037618206071,0.9380945875954584,1.4942957046131993,1.9936096927771416,8.279667173137094,7.210691708299938,7.5957281825048835
W0056,6,0.1851198948861069,0.3128468659948558,0.0955896891430696,0.1510404999131432,0.2298975918678353,0.3740275366909886,0.2558226497515167,0.1796437600670521,0.2986573934792758,0.2395520993734266,0.1575413721556256,0.2056606562184912,0.1810856562763874,0.1425178449196658,0.1458939205045953,0.1188936935856959,0.188363708187643,0.2226857545291243,0.1334314632472893,0.2488840301434441,0.3098053268726679,0.2784663678007507,0.1623910770299936,0.1816549944550776,0.0,0.2233064841180892,0.3097181870833872,0.1445430524703737,0.2121518854436766,0.2000512282251588,0.2325017744802975,1.476446503817633,1.1786366491571263,2.652007451572249,1.502412176750824,1.7309745602665254,2.506268263156376,1.5309480495979997,1.1796064354049118,1.0534368171806705,1.54446016971765,1.59506034395485,9.828904781222882,8.926354076569279,8.585299937195277
W0057,0,0.1034482758620689,0.1034482758620689,0.1034482758620689,0.1034482758620689,0.1034482758620689,0.1034482758620689,0.1034482758620689,0.1034482758620689,0.1034482758620689,0.1034482758620689,0.1034482758620689,0.1034482758620689,0.1034482758620689,0.1034482758620689,0.1034482758620689,0.1034482758620689,0.1034482758620689,0.1034482758620689,0.1034482758620689,0.1034482758620689,0.1034482758620689,0.1034482758620689,0.1034482758620689,0.1034482758620689,0.1034482758620689,0.0,0.1034482758620689,0.1034482758620689,0.1034482758620689,0.1034482758620689,80.0,0.0,0.0,0.0,0.0,0.0,0.0,0.0,0.0,0.0,0.0,0.0,0.0,0.0,0.0
W0057,1,0.1669935382692003,0.1793574031037591,0.1581672343172587,0.1711835669330133,0.1735540793673388,0.1561887480620883,0.1686652176122525,0.1440006190555607,0.1385026426643829,0.1534675266787178,0.1918303227234929,0.1766234939115329,0.1717302684464046,0.1709715750542645,0.1780977225617834,0.1871759162989402,0.1642330398148318,0.1856724340627453,0.1691326634007065,0.1751313266707043,0.1318246254417354,0.1771174244196304,0.1534804714750436,0.1785336860828176,0.1739023127177049,0.0,0.1707413952058114,0.1798939272263453,0.1803238383357714,0.1678234667965567,62.9702441455595,0.4192213787909787,0.9055671342939248,0.5349972525544063,1.096620815435757,0.8899726158741732,1.079288212817131,0.8820793973506861,0.5758013459994014,0.1889912434164114,0.4411076588220156,0.357199318958676,0.9904944796608915,1.3274968158820932,0.8622105835204589
W0057,2,0.2424893431571952,0.2804454561349349,0.2014740188198736,0.2746701814284311,0.2698354552662834,0.305560576360403,0.2703521202670698,0.2316719549645473,0.2532845630133094,0.2950772371417897,0.2563056684220816,0.2766079614591727,0.2707358481387277,0.2611709187701611,0.2320240776824959,0.2189334727296925,0.3001517087837232,0.2845986966433156,0.285367386198771,0.2511086424707434,0.2884489936247256,0.2719464900091094,0.2589790979790687,0.3025540177520041,0.2834389952373275,0.0,0.2223654580376029,0.2674600740993967,0.2835906111135311,0.2695639598149315,39.19125653962715,1.032279798076619,2.028672301449636,1.4561504250218924,3.206877555669597,2.0620100431430424,2.157916247747225,2.307447302135312,1.469529229233021,0.4576069305019178,1.2366115810015628,1.1206691585025788,2.5619216864511,3.906171627000819,3.072946292758444
W0057,3,0.3321490287540549,0.4110876363081197,0.290606130600912,0.3819862810922671,0.3294154782407137,0.3360575346517265,0.3880177140757381,0.3500825678658126,0.4205056442796399,0.4398281013059918,0.4068673627317152,0.4363578150521628,0.4107195412847431,0.3984775120971792,0.3459080172620003,0.3706977759559502,0.3728758070961745,0.5014283522742798,0.3753313276998402,0.4479258349220051,0.4404256165596477,0.3331200401488863,0.2795992537385374,0.4512171383637347,0.4710609177782103,0.0,0.3731471377252243,0.3763581808457376,0.4542813479727763,0.5279388645753351,9.315098400420917,1.9991917762921765,3.767745551250212,2.5935581846034954,5.730619159653443,3.1268161055461894,5.08087820240463,3.42970200672129,2.334605584390972,1.142253345796773,1.5801470904117128,2.0999263768195635,5.125946190247311,6.337490812826892,6.415460914930114
W0057,4,0.2914926315931485,0.4252606036366839,0.2013010602065096,0.3632913985261771,0.2842795387571897,0.3778636766189432,0.3156549938717325,0.2782654056861609,0.3645494876668226,0.4548545788917866,0.3494678037968179,0.4219640837463579,0.3931147189471983,0.3125288430767337,0.3065677384132684,0.2540280084793554,0.3152364146434269,0.467636716710823,0.3799219525683572,0.4200390360780117,0.4469972999864629,0.3625653118342975,0.2607245146290581,0.3626310835992898,0.38681436031624,0.0,0.3783954848928734,0.2613861894317373,0.3643057013759134,0.4050111329340562,0.4981843655016703,2.1268848366627475,2.500068231982861,3.1406687944677114,3.730308421375825,3.2096133826785147,4.267236643931627,3.3265350494276884,2.286147175127237,1.2287031347446278,2.093314550900701,2.541931948986413,5.724527709140375,7.695956790678299,7.494490875442276
W0057,5,0.2351768781076456,0.3290485676278071,0.1690939431869486,0.2122551840996697,0.2617200016701927,0.3025686682390086,0.2927639198888475,0.225136573865689,0.3836348520621008,0.4060417720642894,0.2100781794523409,0.2542669603266714,0.306114369745097,0.2094736163705601,0.2205184202707528,0.1881071984129296,0.2247018885451272,0.3320550270130627,0.2193645444466037,0.2592304221721,0.3276704219805988,0.3585776824341981,0.2268583112577694,0.2875441590897643,0.243067359322343,0.0,0.3312196104701914,0.2091015899504134,0.2385169797370509,0.343206284591712,0.2689375059656241,2.0912134971630363,1.7307940990887576,2.669875408159537,2.626252782226673,2.47852353481279,3.2451654187264114,1.8229772709401624,1.402437985817485,1.121982839587477,2.0832873389083137,2.299024997465263,7.954833690672934,8.548857627498492,6.214550790830509
W0057,6,0.1513331498347878,0.2377661995193567,0.1053729447389366,0.167153156646807,0.263437143422433,0.362878052955262,0.2033139553667095,0.1488998480104443,0.2572393942274769,0.2246298329733536,0.1437972206344576,0.2224794067791412,0.2055693329262274,0.1491662244925617,0.109151207203067,0.1149419271996783,0.1570995941076371,0.2019558761788226,0.1339605834940291,0.2497707660631234,0.29996477419572,0.290479877524091,0.1564414601624456,0.157105827043666,0.1530751762890861,0.0,0.2805710541741482,0.1230946840892902,0.1585015370751683,0.2468715153953161,0.2504923734948898,1.6436032789120387,1.3513010683222737,2.4731290769168157,1.4435583674388963,1.919060632347156,2.601779983105604,1.7930895883242313,1.076897310818456,0.7183574949066258,1.670051106492419,1.9747117161190944,8.011609692343955,11.58243143051639,7.77021301206175
W0058,0,0.1034482758620689,0.1034482758620689,0.1034482758620689,0.1034482758620689,0.1034482758620689,0.1034482758620689,0.1034482758620689,0.1034482758620689,0.1034482758620689,0.1034482758620689,0.1034482758620689,0.1034482758620689,0.1034482758620689,0.1034482758620689,0.1034482758620689,0.1034482758620689,0.1034482758620689,0.1034482758620689,0.1034482758620689,0.1034482758620689,0.1034482758620689,0.1034482758620689,0.1034482758620689,0.1034482758620689,0.1034482758620689,0.1034482758620689,0.0,0.1034482758620689,0.1034482758620689,0.1034482758620689,80.0,0.0,0.0,0.0,0.0,0.0,0.0,0.0,0.0,0.0,0.0,0.0,0.0,0.0,0.0
W0058,1,0.1640380258777189,0.1695745793600796,0.1545746121139859,0.171233191094682,0.1610953755065078,0.1393240142770461,0.1756672255030605,0.2202595672074141,0.180464074242673,0.1864207137328138,0.169236235152978,0.1718236313277996,0.1701556755561508,0.1635692890988635,0.1685920739710219,0.1651659386720074,0.1820867936133929,0.1775867984899541,0.1810920696096526,0.1542314440687853,0.1722987616738637,0.1886083578284023,0.1584615744772307,0.1335386662358937,0.1646863467313162,0.1844309048573729,0.0,0.1474493983586797,0.1754938642516537,0.1963481325209531,70.27292362072879,0.4615271678507252,0.8278043275450816,0.3653247862801319,1.0356727559411156,0.8954145232771074,1.0372496016510997,0.9684915628808674,0.455840966802039,0.3369187419135476,0.4184388517431042,0.5714601394007394,1.0746467814977725,1.3379133544886646,1.165534582688509
W0058,2,0.3227938239243538,0.268386196712462,0.2283977964039031,0.2929213536658635,0.2437385252714258,0.2773461370989784,0.32352137540199,0.2384064287144771,0.2835506947335752,0.231702447472129,0.2777808335128856,0.2291935595960254,0.2917389663801461,0.2692078925366977,0.2566950829857315,0.3040210562682585,0.320632023709512,0.3101804089210577,0.2628240710888253,0.2528445232090337,0.2410749359373304,0.2768561998981978,0.2281328599083549,0.2806419329156638,0.2054359571353763,0.2542723441374506,0.0,0.2176733633295824,0.2651647522786873,0.2467183104219698,38.18854761180954,1.1137161573703758,1.8474731911142692,0.8986139424680464,2.773557796851769,2.1553004369633864,2.7345108365859643,2.310877915050559,1.2716574110513674,0.5825423463088382,1.179271296069229,1.1420068235904566,2.012797221376013,3.3165293305291863,2.936616035997637
W0058,3,0.3684626339240773,0.3648449071853359,0.2603422664211272,0.4123597078804359,0.3972102793740194,0.3199743330690591,0.4173364540470729,0.3063112489563276,0.3510668527550112,0.436877187525275,0.3806124147393678,0.362630730228218,0.4276773892336518,0.3346227100135342,0.3801181730917906,0.3397304330756724,0.354264620366708,0.5705520299756008,0.4437787365501626,0.4874026808371418,0.3810653896697568,0.4682123656204081,0.317871030444005,0.5169403094397296,0.4173467342122564,0.4368934390908355,0.0,0.4189754788444661,0.491505321751663,0.411188348980414,9.457597500453836,2.336920576723755,3.4471930725065145,1.9243564555624628,5.747481501832113,3.866270497808222,4.924007153333897,3.5230168830804027,2.116529128754898,0.930188604867045,2.516591930546552,2.0253092329186937,5.083219711064157,5.83899405927505,5.3255916770727225
W0058,4,0.2493965455489207,0.3663610685854312,0.2422438774228513,0.304949686702078,0.3198328812830661,0.3276638611260661,0.36420912078387,0.2912231474876513,0.3392340552012062,0.4679562022137764,0.2864115314153826,0.3629795909585242,0.3303973385893679,0.2631327212921839,0.2917265068346541,0.2785878363425191,0.2835696937079819,0.4538268591600322,0.3783279890877007,0.3560695185631554,0.5116889866719435,0.3204950972196061,0.2632632134454749,0.5078172003260508,0.3878908806310514,0.3325533421398918,0.0,0.3182573201842914,0.3947996872576218,0.3832791913625209,0.3740104014674036,2.6371198079941536,2.49427828781685,2.8183185748965736,4.276083277304843,2.96229724387513,4.113603256074437,2.517298537914687,2.0057880078717054,1.0539926640697268,2.248974612864376,2.4052150539641044,6.4761693096114135,6.709085318513349,7.766801792054983
W0058,5,0.2553683003413827,0.3353317343399826,0.1744219508049858,0.2553275142641391,0.2910936478447616,0.4147814307432038,0.3583532045822658,0.2003098095254321,0.3281061415535405,0.3442173917176291,0.216806838417734,0.2515934541983776,0.2811229961562394,0.1979731892932165,0.2007537299221868,0.2033094907106112,0.2353347277941079,0.3029691499027665,0.1859572065434459,0.3249436678308822,0.3687811003808719,0.2839395299637638,0.180864880449854,0.2505611065283123,0.2552018787851119,0.2739541769457095,0.0,0.2037878007178389,0.2625244266989238,0.3608278167116072,0.4233512977990094,2.39156274791055,1.752081757237926,2.1015657337885347,2.564265210020135,2.6787598733751183,2.640692667570921,1.9094757770059936,1.3263574573641637,1.2150884150070156,1.7745635066115242,2.0870003468687752,9.119483598927358,9.043537882727808,9.125007158094604
W0058,6,0.1371174916187181,0.2473789049845794,0.0990112880297528,0.1663120090020848,0.2091718268251002,0.3391000593957027,0.2297170357465972,0.1728518964701855,0.2947990869345446,0.2755572344577618,0.1254722559345222,0.1804548960482373,0.2042706924965924,0.1307852169609998,0.1707276155835055,0.0920911718496813,0.1476431563936566,0.1918029823541962,0.0950594679397606,0.219933137918182,0.3029352456934266,0.2515109011650021,0.1607415998075928,0.1799228566320165,0.1590603040023714,0.2204163316029769,0.0,0.1348289900543038,0.1965838592586234,0.2405353323024537,0.2790095538559388,2.1769676006897765,1.392743826738685,2.1303584629655767,1.8289126376262383,2.1076500623381524,2.409243908952216,1.2535852282516904,1.2375728646255308,1.0830515914125596,1.8298663747141708,1.8829374068779048,9.296751497016723,8.225126488448481,6.726626333342235
W0059,0,0.1034482758620689,0.1034482758620689,0.1034482758620689,0.1034482758620689,0.1034482758620689,0.1034482758620689,0.1034482758620689,0.1034482758620689,0.1034482758620689,0.1034482758620689,0.1034482758620689,0.1034482758620689,0.1034482758620689,0.1034482758620689,0.1034482758620689,0.1034482758620689,0.1034482758620689,0.1034482758620689,0.1034482758620689,0.1034482758620689,0.1034482758620689,0.1034482758620689,0.1034482758620689,0.1034482758620689,0.1034482758620689,0.1034482758620689,0.1034482758620689,0.0,0.1034482758620689,0.1034482758620689,80.0,0.0,0.0,0.0,0.0,0.0,0.0,0.0,0.0,0.0,0.0,0.0,0.0,0.0,0.0
W0059,1,0.154739243410029,0.1623677042071938,0.1632652065201862,0.156185420071815,0.157422893617599,0.1662210060005717,0.1587611176455159,0.1543639346235703,0.1864850697215709,0.2092472486954263,0.1954888270119853,0.1683310219169012,0.1777447984288254,0.1756739296697724,0.1876547711445895,0.1495190865723432,0.1456502639772575,0.160898291903816,0.1854475850772534,0.1723192614030559,0.1714106798201923,0.1349495090176246,0.150889458335533,0.1766638343885331,0.1742801841219473,0.1678610571134426,0.1694050808836333,0.0,0.1515007549721439,0.1806092726880927,58.52039920078447,0.4333695320292615,0.8496301812878786,0.5569764717945562,1.2749524480311811,0.7360315623622967,1.0036242836702662,0.7159500884432235,0.5582434358841075,0.2011696410997754,0.4645157177420672,0.5078381959175998,0.8388906240055053,1.2389153234299144,0.9902951993921562
W0059,2,0.3065306831718015,0.3004474953264552,0.2469643234350244,0.2470961646590007,0.2105302772573482,0.2639969895534269,0.2453848618536847,0.2123180939045816,0.3125533570574452,0.2841368962302814,0.2740231396207215,0.2682167555319438,0.264981303452429,0.2505030210894416,0.2456599236225057,0.2876504227274117,0.2499791846080701,0.2503165548944195,0.2931544998735457,0.2704536805547083,0.2299200201460455,0.2977003284575814,0.2130781772440251,0.3168763723103775,0.2809094912169493,0.2600834991729442,0.262467726961963,0.0,0.2878499449963595,0.29702441531972,35.55790004957333,1.2249513904436915,2.0980650570500075,0.980044490044532,2.862647384082144,2.049014181578727,2.329932751016798,2.172562125083,1.3414372806056494,0.5436247077645532,0.8634099063117917,1.1050360092703149,2.312579093957837,3.440767206306917,2.555682689012824
W0059,3,0.3972471966179417,0.4391092506385504,0.2585960507354645,0.4009523443438803,0.342451801305385,0.3591246115022687,0.3996763006818357,0.3018562602123611,0.4089159695315247,0.4849037586881029,0.4123604301253245,0.4518376479877318,0.4547126168208119,0.3723013720884705,0.3388408895601688,0.3778292800235551,0.4326557706899039,0.4111032683016765,0.4179667237163677,0.4572490245610577,0.4037448330976481,0.4915280218719661,0.2817516457318216,0.4846012339662509,0.4438862253134784,0.4455545873329118,0.4977545382941596,0.0,0.378749784580447,0.4775182616454693,7.685185862682035,2.1644593386500897,3.120012096986577,2.3260773094263585,5.233015373647157,3.694759754641321,4.354411612390623,4.095916196031054,2.442215821743324,1.0557853277595424,1.778622788567187,2.3767271393238985,5.515739494635117,6.271138133561795,5.182883351203733
W0059,4,0.3305312638695113,0.3894593227222702,0.1850677251852892,0.2851604996278553,0.3585157587425737,0.3986259677379173,0.3733076490096801,0.3001519357385581,0.434714202515789,0.4463842059871291,0.2498543359100005,0.3726893354247419,0.3441991343872566,0.2525515485361105,0.3197221238470809,0.2818884982075413,0.3607812209131446,0.5154596319286961,0.3534949728524501,0.435121998393575,0.4178085763237808,0.4052099067129394,0.2634137146124432,0.3807007469538228,0.4134202347004073,0.3942629851933525,0.4225910499522013,0.0,0.3508531934360577,0.4288118757668731,0.4049297711615532,2.85759018402515,2.4068959025224523,3.012189617649681,3.61240639202328,3.3754584996366868,3.7954096292141,2.861997466510245,1.710009155973297,1.2198861849107387,1.6883620648104405,1.6652280286394872,7.2789167840937266,8.355855545066039,7.057262658229193
W0059,5,0.2268878889920202,0.2862431734788595,0.1245739558177277,0.2264799862709847,0.2903097304496853,0.3419715421174061,0.3034961138560305,0.2269840797265439,0.4403671962420607,0.3517708272598076,0.2032082389008866,0.2684759590104406,0.2809430687315541,0.2128574245185794,0.2042129573657876,0.1563277253497159,0.2771971705088897,0.3294377159819647,0.2017946075391026,0.302189240684863,0.4134052611941266,0.2969413230050803,0.1851078324148738,0.262840412899956,0.2319640273074253,0.3285295073801358,0.3784973311102828,0.0,0.2853668227666515,0.349533087169489,0.2718633769592873,1.9479121592093325,1.6938300338566967,2.325091138983897,2.827316658594308,2.1815613723556697,3.722321699804699,1.7069619887143177,1.4374971530794949,1.0779605634860163,1.8002022565961322,1.816653147640079,7.535481480995019,9.446785051161386,7.661666684237343
W0059,6,0.1344300833804377,0.2673632413200476,0.0927940678970111,0.1425772245533398,0.2624473878057695,0.3181002449881502,0.2594185352801856,0.1827711388431195,0.2552225819405016,0.2701918441999214,0.1409917409023235,0.191463606694619,0.2299339083261921,0.1583803933906848,0.1440352329161286,0.1175068099050429,0.1735257434603579,0.1907450888555704,0.1247122074026951,0.1869551053778488,0.276896602446384,0.2471954700649813,0.1881130692237812,0.1642936461458986,0.1349782884017728,0.2320206942736695,0.2564642018494354,0.0,0.2272317462107175,0.2359593847308016,0.3029657010560773,1.898085714459464,1.2741940322147471,2.5038241920577344,1.849893245735927,1.6985146314797732,2.608304407774178,1.250222111184354,1.166385975172085,0.8869044085550691,1.4324018950943498,1.7998059770186583,9.502424961117669,10.674247843981473,7.363442338140658
W0060,0,0.1034482758620689,0.1034482758620689,0.1034482758620689,0.1034482758620689,0.1034482758620689,0.1034482758620689,0.1034482758620689,0.1034482758620689,0.1034482758620689,0.1034482758620689,0.1034482758620689,0.1034482758620689,0.1034482758620689,0.1034482758620689,0.1034482758620689,0.1034482758620689,0.1034482758620689,0.1034482758620689,0.1034482758620689,0.1034482758620689,0.1034482758620689,0.1034482758620689,0.1034482758620689,0.1034482758620689,0.1034482758620689,0.1034482758620689,0.1034482758620689,0.1034482758620689,0.0,0.1034482758620689,80.0,0.0,0.0,0.0,0.0,0.0,0.0,0.0,0.0,0.0,0.0,0.0,0.0,0.0,0.0
W0060,1,0.1504545529391392,0.1818739524542564,0.1176685966524089,0.1828966063836326,0.1650009794110788,0.1649658035111039,0.2082219429795853,0.1793327993882781,0.1668606969158144,0.1493882688224839,0.123356343912662,0.1524854464087351,0.1639051994197894,0.1913203584554607,0.1224056063070881,0.1674797125224124,0.1886316053401287,0.1677940859610818,0.1758968597886711,0.1546169470907748,0.1764629742449505,0.1559250310603286,0.162483720359624,0.1887458428171971,0.229933488626981,0.1690877942129551,0.1676054896700456,0.1383319130155333,0.0,0.1730097127814834,69.65693491998587,0.5160807276815174,1.126760594512109,0.53455693044032,1.229516311431557,0.7539780421397722,1.006606016312398,0.6974553542121127,0.3231135339803152,0.2282416880565655,0.3070237010627327,0.4465640862678355,0.912883367346868,1.2494634332788068,1.1560618178793252
W0060,2,0.2782908535532712,0.3157340237825557,0.2469172762820359,0.2742080038938767,0.2534698989397585,0.3025481276584747,0.2615200742535076,0.3025936372316231,0.3142911774704681,0.2902855846610093,0.2284671532626918,0.2873329860240984,0.2730206470676909,0.2244821383322029,0.2746774777965713,0.2187000361376033,0.272943715024852,0.2909644467505254,0.3026315741163971,0.2707980524035894,0.2845455174997606,0.2862529066003216,0.2278587384056198,0.3153434607943243,0.2713802113521002,0.3142214260240943,0.3246453607118696,0.2771248702221415,0.0,0.2644512421656254,44.00355152717162,1.3610875990660731,2.2460186435579472,1.11584002423688,2.787049052281139,2.035532658804216,2.882626929889308,2.174957465526611,1.062185800236629,0.5396047660804189,1.0314309484257915,1.051357314410179,2.0085146350332543,2.8254371490519468,2.626162477563385
W0060,3,0.4328942547086316,0.4391116960669337,0.3201561844138048,0.3478632286156517,0.3156683540576166,0.3843784539301239,0.4512351248867081,0.4328276687935069,0.4230522343776359,0.4690565162137345,0.4627384469027423,0.3988772381243088,0.3899408829959685,0.3735908112375137,0.3853283010030267,0.3652534445753075,0.3776924908023247,0.4842186267521569,0.4468979649150829,0.3461831557036011,0.3532346857121479,0.428383582278422,0.3515574182469396,0.3800167318644055,0.3972991625174574,0.3819981099103373,0.4161297168107656,0.4529985278990829,0.0,0.3826450024789044,9.287676901464414,2.587065841134654,3.795868297578256,2.605470414024401,5.381752046550458,4.0708891279817525,4.513253688686007,3.803867792820093,1.7524741931967598,1.325007893257515,2.047544558125144,2.208108401422206,5.093847720999033,5.801421571733832,6.077644744760198
W0060,4,0.3498586803275354,0.3127447448693704,0.2314372974705819,0.3804866064804996,0.3153303335643465,0.3173877515572147,0.4057682578620225,0.2725928973543131,0.3981434802776522,0.4339033080513446,0.2832306992052885,0.378811166570434,0.3671887015305585,0.2117259363250209,0.367426763441444,0.2344330502236785,0.3696174178086517,0.4243072754237144,0.2714755986702572,0.3881490425061682,0.4088495370410514,0.3662229931287189,0.2360185947070893,0.3872689749412368,0.341796184139873,0.3776355604872848,0.4458148896537066,0.3415462267608417,0.0,0.4279082705277584,0.5530843582653329,2.9828168067059364,2.9093055225279447,3.5016947734432637,3.95491276668158,3.576245963157224,4.50633642974645,2.555325646783034,1.808729622557174,1.396410798702565,1.9641368739731824,2.515118023930589,6.486909875077018,8.225421505397922,7.799958560124345
W0060,5,0.2235875245643115,0.3110033689224232,0.1408653637161275,0.2410826808708688,0.3175314261163767,0.3571494506901623,0.3221868487844755,0.2303281082135664,0.3642404493570592,0.33210179654284,0.2416238939437964,0.2497641713528361,0.2750357637249267,0.1979724594405968,0.175130293067963,0.1924560868630326,0.1941216381497825,0.3188644258910836,0.2107884427529062,0.2856889543632151,0.3352002169038121,0.2994781117150581,0.196153586747537,0.2852145746297669,0.2392318788896612,0.3264161128947374,0.381339409518317,0.2011189554599338,0.0,0.2709841295073424,0.2833361225381677,2.43734809177357,1.6166316137948995,2.7964237274687505,2.633962801535859,2.378148808319758,4.307721434047141,2.055169050089244,1.257945021897751,1.2170943307905049,2.116480516084773,1.80485799452261,8.787917939880098,9.325585522664104,8.650893552371501
W0060,6,0.1507980536307268,0.2134194477905145,0.1041138341916331,0.1354160274871651,0.309168064200492,0.3228077796267026,0.2547599140358244,0.1712809688702001,0.2788177069461863,0.2727938894854853,0.1433897153581299,0.1974639176140664,0.180904539226374,0.1352953850183934,0.1322794563668707,0.1229725992346963,0.1516857243929449,0.2122030997356427,0.1243866746449043,0.2045305444424581,0.3042214353483937,0.2392639915371792,0.1558486558598782,0.1548389284321099,0.1479457678752902,0.2079423778625414,0.2760602196699756,0.1458522038776963,0.0,0.2097981521785753,0.2965954820675001,2.0065245809170085,1.1575871093782355,2.292805496868688,1.6659789486645613,1.6983343990495237,3.029193704809917,1.354037501707576,1.135887756197121,0.8781823828880473,1.6023111895411968,1.646307584717333,7.521906056645098,9.660270894297076,8.243130207275453
W0061,0,0.1034482758620689,0.1034482758620689,0.1034482758620689,0.1034482758620689,0.1034482758620689,0.1034482758620689,0.1034482758620689,0.1034482758620689,0.1034482758620689,0.1034482758620689,0.1034482758620689,0.1034482758620689,0.1034482758620689,0.1034482758620689,0.1034482758620689,0.1034482758620689,0.1034482758620689,0.1034482758620689,0.1034482758620689,0.1034482758620689,0.1034482758620689,0.1034482758620689,0.1034482758620689,0.1034482758620689,0.1034482758620689,0.1034482758620689,0.1034482758620689,0.1034482758620689,0.1034482758620689,0.0,80.0,0.0,0.0,0.0,0.0,0.0,0.0,0.0,0.0,0.0,0.0,0.0,0.0,0.0,0.0
W0061,1,0.1632559165246565,0.1889367688122142,0.1823926042214674,0.1413730515566379,0.1571233781295459,0.1468772677580073,0.1789487256023159,0.1919074291613978,0.181650770949205,0.1540405463789252,0.1355407443358236,0.1707545315617926,0.1751227570203903,0.144847119687752,0.1781462334141391,0.1796505403953972,0.1751678116139288,0.1670741314457073,0.1765808979216268,0.1524314709411588,0.1725540780178313,0.1484826142920206,0.1629001430268326,0.1837057788070093,0.1700271355203304,0.1760114820696084,0.1652224716606705,0.1201532033249669,0.1508670658041792,0.0,55.76660320243856,0.3148303589627296,0.8675995522009542,0.4747107334870071,1.348909398658633,0.7100449821188181,1.047377285250601,0.9211104728028866,0.3907432679205501,0.1449856554711315,0.4168181997264846,0.4445575484463877,1.035815290484004,1.1393305533729368,1.1685636565749815
W0061,2,0.3079805065732827,0.2732192767159081,0.2382762860450994,0.2500868782977195,0.2473670001635803,0.286875375048121,0.2476038377623705,0.24077547672221,0.2733749657029001,0.3325769592603156,0.2627513069598027,0.2717545577352891,0.2590702496184002,0.2445830804473847,0.2001354541540114,0.2712518330327555,0.2406309965779661,0.2924794352697151,0.2994821606949465,0.2368458074334512,0.2979096208203952,0.2615334399014234,0.2536877890080573,0.2379883607880703,0.2691399817294068,0.2699108065082267,0.2727457495791258,0.2921568734809231,0.2989856269816491,0.0,36.26284225264352,1.3336373932306695,2.2069773452693986,1.4227934990795308,2.6894561367320926,2.4089767533481874,2.362445913454166,2.368357944071612,1.3240617707428477,0.2930985492618981,1.1418022754272945,1.211307241654216,2.438436433648115,3.173888872217132,2.8363057821746223
W0061,3,0.3888369758398893,0.4362908734828271,0.2421472596620237,0.3862592122320838,0.3353957266096289,0.3112371843240235,0.4885743576202239,0.3947075833117557,0.412300529667776,0.4722736955407116,0.4322376955931971,0.3605316430654947,0.374113025939157,0.3546594710931433,0.3625002708331313,0.3727001746605511,0.4190425792379342,0.4812499534896664,0.4560512820113705,0.5114301419760564,0.3660705744906834,0.429152137633962,0.3297970727437539,0.4729920923128635,0.3997912485798561,0.3650760033285514,0.4989895531826605,0.460092854537796,0.4451093404457049,0.0,7.807518165929248,2.344615723612076,3.6899059806717296,2.6884788110501607,5.671048820611174,3.632853265392009,4.831656204945582,4.121249424012145,2.395081263313384,0.5150837780071389,1.440498137089415,1.6169946657929184,5.554381456985044,5.902251356557949,5.371352591366253
W0061,4,0.2811386569682197,0.4027120070083013,0.2325935391712077,0.3058077807222094,0.2859112986090331,0.415134334548968,0.3681217925515482,0.3047323556880656,0.4129663384320113,0.4330266379628048,0.299160150564591,0.3920078203383607,0.4330533356066258,0.3081901846141719,0.351068211013131,0.2548843788626379,0.3714145890544965,0.4465254821740815,0.3797405128620453,0.4481421825705963,0.3341152247515322,0.389182982743991,0.2348210923074459,0.4159321330726073,0.3787344832447869,0.5029751795309455,0.4077823917387989,0.3363121115617189,0.4059444939757141,0.0,0.5558039446603269,3.0406856470692207,2.502991143681005,3.1923615124482287,4.069786767191781,3.2484886881698407,3.712457748105438,2.886992612070723,1.5761579862298976,0.935186139162243,2.419149845910752,2.200954738988076,6.758314033409143,7.809066848523676,6.06929748875834
W0061,5,0.2490224614470267,0.2957069645100858,0.164281981218075,0.240643029693868,0.3347569730643671,0.3568567466436985,0.3080606251768418,0.207580262955245,0.3399360782368199,0.4079105651545343,0.2380616478780005,0.2636379830941554,0.2806841519326985,0.2362515687900884,0.2055981358165534,0.1776865288588567,0.2362025998097115,0.3055590765770439,0.1860224492417903,0.3157181863172555,0.3837138644261112,0.3154736040724858,0.2198614565605,0.276560801186226,0.2496847810819617,0.3533302976516002,0.3693138891936419,0.214560073811773,0.2931808110176921,0.0,0.2837585125846841,2.4775906517413158,1.8490637278873217,2.61970101297775,2.2759847513271634,2.380957219028137,4.48821931929354,1.7682905855798317,1.227851014254156,1.0728140348772026,2.0850030127412174,1.9858236208709152,7.74081570625852,9.93945356866089,7.978165181434626
W0061,6,0.1557449537130771,0.2777862479402876,0.1122884579431772,0.1596822583881149,0.2845771382733595,0.3618184353576251,0.2269665963488508,0.1719939395033568,0.2988757226657804,0.2952504699363187,0.1580020005164661,0.1942974416818956,0.207682294462848,0.1314442106771993,0.1518028015458961,0.1153825949123994,0.1466935994631293,0.2043988500025057,0.1370582983140722,0.1952842165326282,0.2947810781098058,0.2703659154087463,0.1643915610285466,0.19037916858504,0.1474783745508202,0.2189297021065662,0.2706870692009133,0.1488370249660311,0.1136037402444174,0.0,0.2165840181869798,1.8607801850405643,1.25621299675681,2.3481510574814743,1.92174399719891,1.7939513269302436,2.9246699270014505,1.511870104007533,1.155029595851019,0.6763019300026492,1.8918213720111337,1.706384041540034,7.993300379881369,10.275997182049284,8.405936716787945
W0206,0,0.0,0.0,0.0,0.0,0.0,0.3333333333333333,0.3333333333333333,0.0,0.0,0.3333333333333333,0.0,0.0,0.0,0.3333333333333333,0.0,0.0,0.0,0.0,0.0,0.0,0.3333333333333333,0.3333333333333333,0.0,0.0,0.0,0.3333333333333333,0.0,0.3333333333333333,0.3333333333333333,0.0,80.0,0.0,0.0,0.0,0.0,0.0,0.0,0.0,0.0,0.0,0.0,0.0,0.0,0.0,0.0
W0206,1,0.0,0.0,0.0,0.0,0.0,0.4863244142563719,0.4985381651574642,0.0,0.0,0.4734798642811014,0.0,0.0,0.0,0.6234490303226956,0.0,0.0,0.0,0.0,0.0,0.0,0.6594054471523103,0.6144209815772537,0.0,0.0,0.0,0.592237144072018,0.0,0.5469450022834293,0.572805434685193,0.0,49.23667855104775,0.6247056200437254,1.587361667624276,0.361488334827037,1.142467419995152,1.392446103333632,1.1802152917652156,0.2736756723714401,0.5820106873057822,0.1188175809178407,0.482494252826373,0.4110647113742314,0.2039626791155576,0.8229043617830601,1.2990863114597475
W0206,2,0.0,0.0,0.0,0.0,0.0,0.9358618425236448,0.8858408364187218,0.0,0.0,0.8633183311533983,0.0,0.0,0.0,0.9213385054785924,0.0,0.0,0.0,0.0,0.0,0.0,0.9997343085898898,0.9698853139637188,0.0,0.0,0.0,0.9237232696189592,0.0,0.9254896300312234,0.9740846709009306,0.0,31.16586740534999,1.686676905812829,3.368302825670335,1.0464066018593623,2.8426468442420023,3.0573476612418986,3.530055619934974,0.6358824689571045,1.472035333447698,0.0628559781459606,0.967390559528104,1.344016316966076,0.8542231228594296,2.325289750266304,3.543233346274741
W0206,3,0.0,0.0,0.0,0.0,0.0,1.1598186233665984,1.382464720433926,0.0,0.0,1.3066527536600117,0.0,0.0,0.0,1.063106214069654,0.0,0.0,0.0,0.0,0.0,0.0,1.500300538528331,1.376534381878222,0.0,0.0,0.0,1.4413399904294752,0.0,1.4022998587236328,1.3293065229323069,0.0,8.554700165777447,3.322250540433488,6.062470673557391,2.202317063368126,4.733989709249113,5.950751820594001,5.125179251234097,1.1744270389805842,3.120694085417936,0.1127039643286303,2.0484946323621163,2.7594758253608607,1.4502423326902192,4.575958887554171,7.309545138771952
W0206,4,0.0,0.0,0.0,0.0,0.0,1.443001652836287,1.3573844426849186,0.0,0.0,1.6105834878578094,0.0,0.0,0.0,1.12301108049944,0.0,0.0,0.0,0.0,0.0,0.0,1.3132747939361924,1.3835788656978691,0.0,0.0,0.0,1.3984414689734148,0.0,0.989755127398864,1.2801909075303253,0.0,0.7049024737507208,2.6904637445588016,2.0468949281069264,2.576184078073499,3.565188714843329,3.8898341709723407,4.6084380532514,1.831264139099402,2.4410176689740903,0.3343291741619878,2.343853942604625,3.4858658707378805,3.238274502533304,6.099449398380927,9.433058410489313
W0206,5,0.0,0.0,0.0,0.0,0.0,1.046121817353509,1.2504013661222717,0.0,0.0,0.9856528311308184,0.0,0.0,0.0,0.8550724411574513,0.0,0.0,0.0,0.0,0.0,0.0,0.8542996439382381,0.891398855318833,0.0,0.0,0.0,1.046628509882212,0.0,0.7727148281161251,0.8678698823964145,0.0,0.5392806878140359,2.6375511929592017,1.448081928682497,2.8057484420844183,2.2966296199252345,2.6424049316352307,2.4190138381511934,1.7667490489557631,2.4820213996017118,0.6382489050806432,1.575342103787384,3.380522350178702,4.952086666481915,6.20574513764195,10.842804407362912
W0206,6,0.0,0.0,0.0,0.0,0.0,0.907131748415584,0.8818534116809132,0.0,0.0,0.6768155719604443,0.0,0.0,0.0,0.4990523417410619,0.0,0.0,0.0,0.0,0.0,0.0,0.9188346745374234,0.712149769974804,0.0,0.0,0.0,0.7247317624160283,0.0,0.3731828292751941,0.6017297365993814,0.0,0.3632142129239944,1.889144560438304,0.628676995098824,2.3471938950316136,1.4666430103622712,1.5014343887877577,1.3670778479821557,1.5939451911475393,1.772060862221297,0.7091095743476447,1.68508923309301,3.2637411605416,5.027903743064493,8.98148978454198,11.115899628659
W0282,0,0.0,0.0,0.0,0.0,0.2307692307692307,0.0,0.0,0.2307692307692307,0.2307692307692307,0.0,0.0,0.2307692307692307,0.0,0.0,0.2307692307692307,0.2307692307692307,0.2307692307692307,0.2307692307692307,0.0,0.0,0.2307692307692307,0.2307692307692307,0.0,0.2307692307692307,0.2307692307692307,0.0,0.0,0.0,0.0,0.2307692307692307,80.0,0.0,0.0,0.0,0.0,0.0,0.0,0.0,0.0,0.0,0.0,0.0,0.0,0.0,0.0
W0282,1,0.0,0.0,0.0,0.0,0.3789324946572278,0.0,0.0,0.3652993141270696,0.3198269414965701,0.0,0.0,0.3510189208059647,0.0,0.0,0.3606444579858446,0.3336573745454308,0.3470541848578257,0.4484586743155536,0.0,0.0,0.4049196116188593,0.4281629700432724,0.0,0.3558614541641478,0.3776175213565345,0.0,0.0,0.0,0.0,0.3738003682351771,54.72323382976224,0.4090650467231632,0.7287616020654546,0.2788691343243428,1.0316224129253009,1.3044695421382508,0.6387757754046111,0.5644671416682527,0.1694054940151955,0.3477547640913991,0.4289418534871386,0.5052472200265314,1.6985109120628803,1.7009641763450891,0.8977350832168493
W0282,2,0.0,0.0,0.0,0.0,0.5646700514302039,0.0,0.0,0.5435905788243485,0.6256437940014251,0.0,0.0,0.5830714435269028,0.0,0.0,0.6095013201736706,0.5646213465427596,0.5983340116673352,0.6618224379735894,0.0,0.0,0.6561335805278169,0.4841494804502502,0.0,0.729575568072686,0.6399943603861589,0.0,0.0,0.0,0.0,0.6566750871898824,44.94314873646538,0.9367611318762764,1.5454124303929926,0.6943460120344779,2.599580383045872,2.8104007170356757,1.9959073165050356,1.313730715303373,0.6045597102770333,1.1197658638682677,1.1983107770117474,1.093266466215064,4.013852101055537,4.838199774951836,2.434907073028833
W0282,3,0.0,0.0,0.0,0.0,0.7938046554564053,0.0,0.0,0.8268808548897,0.9924735038330728,0.0,0.0,0.9304313989518664,0.0,0.0,0.8570345106107834,0.7894603500141393,0.8869065723702458,1.1132779954659622,0.0,0.0,0.7718406003861734,0.9392214315090064,0.0,0.9353498859168689,0.9311730241519344,0.0,0.0,0.0,0.0,0.9033175003219044,7.241396069228618,1.329713784203949,3.110882704396172,1.2045283285739754,4.073222194328872,5.824360199371219,2.7993122476408905,2.805247320267084,1.164387480768255,1.670102781539222,2.300917968492992,1.9803222029238192,8.053143268533418,11.731671417920971,5.089161516767014
W0282,4,0.0,0.0,0.0,0.0,0.7148423585982573,0.0,0.0,0.6752400583981669,0.8725581227182359,0.0,0.0,0.727110645555426,0.0,0.0,0.7341968778728161,0.5597932612923482,0.5870785977828626,1.0098465149774345,0.0,0.0,0.7808566137086305,0.774342341096657,0.0,0.7275024777284195,0.7070222402921608,0.0,0.0,0.0,0.0,0.9328421727242489,0.3210978446940343,1.645634775036081,2.6450040450079872,2.078458847647148,1.8394416976982757,4.654788630354357,3.604801656484659,2.4761196636422835,1.222645169456454,1.4486448550274478,1.7532704003197792,2.111059960195355,8.842797581850943,10.193339751242808,6.081691103366741
W0282,5,0.0,0.0,0.0,0.0,0.5841196195176109,0.0,0.0,0.4063570981752169,0.6454499504242664,0.0,0.0,0.4761095914209291,0.0,0.0,0.4503327417536152,0.3804752148059449,0.5090876196422088,0.6873613517049265,0.0,0.0,0.4778684956756155,0.6346550350299616,0.0,0.4899850556714797,0.4059872953604998,0.0,0.0,0.0,0.0,0.6564524871124383,0.2088816386408746,1.5842744483320736,1.6788160388061537,1.7037618503850631,1.31228434474667,2.8004218822404683,3.487163031498617,2.045135950691487,1.1105528609700204,1.2538621334789837,1.8681985393401843,1.4891510157936114,11.91729448899934,11.638942409245749,5.898714559266222
W0282,6,0.0,0.0,0.0,0.0,0.5318879319211423,0.0,0.0,0.3470314270709407,0.5196658446061917,0.0,0.0,0.3151022360297452,0.0,0.0,0.2687791121948966,0.2825204125799164,0.3736290965221488,0.3612694342832636,0.0,0.0,0.3465173013676831,0.4058823763901767,0.0,0.2717080374469263,0.2985973981924876,0.0,0.0,0.0,0.0,0.5085328903346372,0.2066312752782985,1.4875080353215455,1.2216723002140355,2.141385045993225,0.9556495652660572,2.046382473314413,2.769578934774551,1.5897239371755578,0.8187122603139453,0.9874555469234054,1.4880791170722691,1.7540500804115005,12.147815061880088,12.330205191296358,7.234748192244824
W0814,0,0.0,0.0,0.0,0.1764705882352941,0.1764705882352941,0.1764705882352941,0.1764705882352941,0.1764705882352941,0.1764705882352941,0.0,0.1764705882352941,0.0,0.1764705882352941,0.1764705882352941,0.1764705882352941,0.0,0.0,0.1764705882352941,0.1764705882352941,0.1764705882352941,0.0,0.0,0.0,0.0,0.0,0.1764705882352941,0.1764705882352941,0.1764705882352941,0.1764705882352941,0.0,80.0,0.0,0.0,0.0,0.0,0.0,0.0,0.0,0.0,0.0,0.0,0.0,0.0,0.0,0.0
W0814,1,0.0,0.0,0.0,0.3069314682344526,0.2329547390958518,0.2672827507021133,0.2561974546176063,0.302214071606358,0.2616582515640476,0.0,0.3199017567367986,0.0,0.2965463944867642,0.2511454432337821,0.2594323939187425,0.0,0.0,0.2663270264477692,0.2818616304746139,0.2214726527661428,0.0,0.0,0.0,0.0,0.0,0.2660529812964943,0.3272468157264118,0.2870343590602791,0.2832373034921155,0.0,79.71418704033505,0.4986877396926888,0.6739876038990691,0.5069177229277656,1.2336970496549908,0.6971644033842185,0.8032340436254526,1.0043284245671331,0.5215114689097813,0.1623176245206958,0.2882849929717141,0.0423178873070496,0.6982938286349478,1.3442327643122636,1.2244919137041426
W0814,2,0.0,0.0,0.0,0.4106726682094537,0.4025751183547924,0.4767473497787283,0.4220887615460923,0.4437624067111391,0.4134426822680542,0.0,0.4643158320328405,0.0,0.4779709685606962,0.3534951157094912,0.4832110853464655,0.0,0.0,0.4767593409046406,0.4011639142020884,0.4392324606777325,0.0,0.0,0.0,0.0,0.0,0.3960279795316951,0.3936481437180391,0.504455387799584,0.5919682592917219,0.0,44.18477868237399,1.1815868137239798,2.2340425650595197,1.4304230795213413,3.523478638610826,2.653975190583722,1.73597867528216,2.600428155095102,1.5417917355686024,0.3471160673365883,1.0781840125958302,0.4033991219050905,1.828388135328126,2.811805007458809,3.362112028604634
W0814,3,0.0,0.0,0.0,0.5911629011098551,0.6340312082081629,0.6368935666598547,0.7390025465824166,0.6170867075376307,0.6236020302228082,0.0,0.6593026431682409,0.0,0.7385540527622003,0.5994319600519548,0.5239776768564444,0.0,0.0,0.851494554012256,0.6684884468478335,0.7008436594465615,0.0,0.0,0.0,0.0,0.0,0.8107237605252198,0.5620602488903932,0.6294274291023048,0.7449230137614571,0.0,8.016320287862504,3.697882972612636,4.205456444203724,2.5440415880263063,5.638130889506988,4.329388117987466,2.896656325813716,4.284681757287332,3.7378026245815,0.485655209289224,2.3489016432442003,0.7861088978952125,4.145476078745912,5.402649335459215,5.993124773426943
W0814,4,0.0,0.0,0.0,0.4849517457596424,0.5501713553060851,0.6685519719765101,0.6860340908003129,0.5013145821697819,0.6959194317671901,0.0,0.5747402426111673,0.0,0.6589018885614972,0.5200520849233373,0.6281831635459045,0.0,0.0,0.7977598429398829,0.6554048810948797,0.7371475280735964,0.0,0.0,0.0,0.0,0.0,0.7074324882689015,0.7239524138682518,0.3604443769413122,0.6039015998579431,0.0,0.6472325428019446,3.1695289808668563,2.65321044528722,3.113394986504595,5.327923027327405,2.716266064216088,3.5841857698355386,3.787529494644432,2.258576043846173,0.7883566690273415,2.067645335879075,1.4825168473674053,4.969191070135565,6.380028795455345,9.304305731199069
W0814,5,0.0,0.0,0.0,0.4483820290559816,0.4985704417981264,0.489726729433545,0.5092776600882387,0.465644512333054,0.7140667283515862,0.0,0.3342576694090574,0.0,0.4673507841113076,0.2959140218854966,0.3314112049992754,0.0,0.0,0.5286958346399362,0.3136776015626105,0.5599928224267872,0.0,0.0,0.0,0.0,0.0,0.5220789239061249,0.6947821524525365,0.3467737788861847,0.4329887671725217,0.0,0.3634350514535979,2.129323838398987,1.909847525658481,3.1245007372302918,3.4669280868269747,1.9762385890486345,3.017742612306789,2.547563147298141,1.4968483761485876,0.7399122782628481,1.6928055630571557,1.8203990322815848,7.15469450850034,9.22079463810072,8.516304497730637
W0814,6,0.0,0.0,0.0,0.3071930725029644,0.5271648411025386,0.5708478998696613,0.4305247776554897,0.3422089787838205,0.5789487443307196,0.0,0.2152169878704427,0.0,0.2540684891490066,0.2417204135763941,0.249797847434434,0.0,0.0,0.4486510897728452,0.2459781128755366,0.3019627068407904,0.0,0.0,0.0,0.0,0.0,0.3670146225176317,0.4530958679765526,0.2258922001272789,0.3265187673629132,0.0,0.3332152903283004,2.118655895035598,1.420790570251361,2.595549224242872,2.649429573341136,1.4062109686994952,2.603973420327629,1.7227653202088735,1.137005067519462,0.5893097693259862,1.1705035485176687,1.808533087312627,7.957624644135653,9.319765818871028,9.451629837962148
W1012,0,0.0,0.0,0.25,0.0,0.25,0.0,0.0,0.0,0.25,0.0,0.25,0.0,0.25,0.0,0.0,0.25,0.0,0.25,0.25,0.0,0.0,0.0,0.0,0.25,0.0,0.0,0.25,0.0,0.25,0.25,80.0,0.0,0.0,0.0,0.0,0.0,0.0,0.0,0.0,0.0,0.0,0.0,0.0,0.0,0.0
W1012,1,0.0,0.0,0.3633998802363635,0.0,0.3737309109433582,0.0,0.0,0.0,0.4212326462667251,0.0,0.3759166585880137,0.0,0.5137789417829504,0.0,0.0,0.3523516261072001,0.0,0.4451575958391849,0.4649417554203101,0.0,0.0,0.0,0.0,0.3758278450486415,0.0,0.0,0.3546882842423777,0.0,0.4496473884416845,0.3703396320485544,61.62805068688466,0.2907890255487756,0.5902970044786681,0.6943192043377742,1.845987065892317,0.6445573280319319,1.193949749141228,1.0636370874376182,0.7804597803951361,0.3053909648290097,0.4612797835683597,0.0211922659512641,1.194316958390684,1.0326988147397518,0.5707202513590376
W1012,2,0.0,0.0,0.5117056563909236,0.0,0.6149988951074159,0.0,0.0,0.0,0.6779582353485432,0.0,0.7705349948505732,0.0,0.6575243893969849,0.0,0.0,0.5167122398280465,0.0,0.8369738873838011,0.6993748482431533,0.0,0.0,0.0,0.0,0.8203095084409943,0.0,0.0,0.7549829106641723,0.0,0.7335936250905275,0.5930728428986183,46.131449869005074,1.165813380379084,1.8209876006158576,1.8431904958713576,4.434746284936747,1.4599047496237303,2.996503309225826,2.985459020190464,2.1112510923783736,0.8579382467714399,1.079753962585824,0.1222599571946221,2.976212138053849,2.799357934499787,1.3779646986615115
W1012,3,0.0,0.0,0.755024293609351,0.0,0.8861800097563529,0.0,0.0,0.0,0.9160502698460544,0.0,0.9039025469616416,0.0,1.0138737188645357,0.0,0.0,0.9958401960195024,0.0,1.1968372529230002,1.0212056745365343,0.0,0.0,0.0,0.0,0.983433962326408,0.0,0.0,0.8814096791498732,0.0,1.1534089542672672,0.9670386935746784,7.047474307473625,1.9774849611554075,2.6816299695182635,3.7206246823310978,7.251445963638267,2.7656790340686705,4.25303173677515,5.136941712724625,3.40983698367265,1.8310974372795965,2.5405095563139417,0.2295320397694579,6.670364219123953,4.726061383286545,2.4679241466070563
W1012,4,0.0,0.0,0.5753665297135615,0.0,0.8531770199094394,0.0,0.0,0.0,0.9841626140907024,0.0,0.5198254118834761,0.0,1.0748654585809925,0.0,0.0,0.7234651958516295,0.0,1.0983625051519803,0.7215918213421132,0.0,0.0,0.0,0.0,0.8530593103251157,0.0,0.0,1.143151343002363,0.0,0.9093670854710156,0.9129266984614894,0.3871911809282847,1.6060230275722551,2.5216897759882566,4.174541841668265,7.116863887753404,2.6339981586329357,4.908993366705474,3.796253233246752,2.8259554602590278,1.302408993466401,2.3304276922208005,1.1066946553013344,9.485839421229068,6.697803612689492,3.6957392858705607
W1012,5,0.0,0.0,0.3558804673802355,0.0,0.7298771159374453,0.0,0.0,0.0,1.0937889324888967,0.0,0.4197145897652304,0.0,0.8537729211814482,0.0,0.0,0.4073410347844222,0.0,0.8050908540006219,0.5300405358706851,0.0,0.0,0.0,0.0,0.5560901059866661,0.0,0.0,0.8564815223493525,0.0,0.8081939988836261,0.859677422245744,0.2472045127805372,1.8824528902821236,2.0474191793421928,3.7820782246120697,3.688010095933929,2.333420862173858,3.664055412707885,2.2097061989581857,1.8636958672970183,0.7944391255401423,1.5837140801928675,1.2537691294702369,10.260119406757273,9.629219810212884,4.523977395942358
W1012,6,0.0,0.0,0.2712210142509922,0.0,0.5728685054053101,0.0,0.0,0.0,0.8135444694562946,0.0,0.3028029359858433,0.0,0.5195711282067375,0.0,0.0,0.2402097166629604,0.0,0.6104638346088938,0.2579880071493575,0.0,0.0,0.0,0.0,0.4297897775716698,0.0,0.0,0.6778607351357834,0.0,0.5629399216272105,0.4780929095827224,0.1792660201644614,1.780512251512535,1.7158479711898658,3.319186075991908,2.747852650250153,1.5464627719709512,3.890133000030403,1.9350372816258987,1.1881929880953963,0.6924737353765724,1.4715929723898509,1.4212535132515711,8.941898600079885,9.08891989989152,5.026067157063526
W1268,0,0.0,0.0,0.1764705882352941,0.1764705882352941,0.0,0.0,0.1764705882352941,0.1764705882352941,0.1764705882352941,0.0,0.0,0.0,0.1764705882352941,0.1764705882352941,0.1764705882352941,0.1764705882352941,0.0,0.0,0.1764705882352941,0.1764705882352941,0.0,0.0,0.0,0.1764705882352941,0.1764705882352941,0.1764705882352941,0.1764705882352941,0.1764705882352941,0.0,0.1764705882352941,80.0,0.0,0.0,0.0,0.0,0.0,0.0,0.0,0.0,0.0,0.0,0.0,0.0,0.0,0.0
W1268,1,0.0,0.0,0.2576756932786467,0.2692394855905245,0.0,0.0,0.2760020201719041,0.245520046091864,0.2888709634763581,0.0,0.0,0.0,0.2602444216911126,0.2574834395628148,0.2965217454330955,0.2990444262489481,0.0,0.0,0.3145749918178761,0.3094283979134044,0.0,0.0,0.0,0.2644600284957467,0.2797625522003078,0.2795100024549656,0.3553992400883538,0.2890001250823839,0.0,0.2917693911200916,72.04491725136923,0.5173171851929499,0.5775728455922768,0.53666176894013,1.4193832512512514,0.7487769760124344,0.7401423835430362,0.9507567675308928,0.4139361421831928,0.3743213668436582,0.0839009204372122,0.2297806308528067,1.238012290479818,1.4064367103605315,1.0795617159944693
W1268,2,0.0,0.0,0.4709008036769959,0.3968454618712861,0.0,0.0,0.4611503335374073,0.4488358952789706,0.5093256291293083,0.0,0.0,0.0,0.5038516366622264,0.4540135971954995,0.3230341807442647,0.4215810057528424,0.0,0.0,0.543388758348887,0.418682805194054,0.0,0.0,0.0,0.4377929058728862,0.4180752676041035,0.5228029246425074,0.4840546485052316,0.4107191363994178,0.0,0.3855610941869805,42.40613653766129,1.2807011151134462,1.5176086738523078,2.1946470914288057,3.8176490394718,1.7466700503360295,2.0535950121577398,2.6455511231912383,1.0237347070748473,0.710568396391922,0.2867534409940821,0.4356900604982456,2.592759842116952,3.1679986479994526,2.5789969639294306
W1268,3,0.0,0.0,0.5067222671956122,0.7000483357991244,0.0,0.0,0.6965334750905969,0.6140525563579086,0.7485215817422611,0.0,0.0,0.0,0.7116397057789111,0.5502597595760813,0.7519913731699739,0.5990652833936104,0.0,0.0,0.7424760499271063,0.8200505936164431,0.0,0.0,0.0,0.6527489920833823,0.772833215465304,0.6511326639096127,0.7455158569735046,0.607947919711148,0.0,0.8393331388633153,7.492146352207154,2.6944501545100765,2.845963810416492,3.742191863788803,4.850077394651825,3.701012027716663,3.705441938098143,4.7126158949836885,2.3022607850909047,1.40079323700206,0.5600049651749759,1.048942419819805,4.603737144883252,7.425632923199998,6.779135702510281
W1268,4,0.0,0.0,0.4828290718280078,0.5359610950829596,0.0,0.0,0.6049695929806979,0.4341238544001723,0.7593692480593296,0.0,0.0,0.0,0.7211255715222518,0.5585690308812217,0.5491662893963829,0.3829231934447162,0.0,0.0,0.6302541875855298,0.6045906931675684,0.0,0.0,0.0,0.6236020449260995,0.5754557230717277,0.6657607014367872,0.745274466416256,0.5379985160747688,0.0,0.697800422743788,0.4172496682026335,2.718825947952872,3.287302337783563,4.34089569081951,4.803489112250032,2.307254304441693,3.8480829935045353,3.0062422964454614,1.7807948143011478,1.2888922453439893,0.8529377435810787,1.0965756577541763,7.119375023147308,8.144560707193792,8.413880773142969
W1268,5,0.0,0.0,0.2913073797223002,0.4145017885791977,0.0,0.0,0.4599453441519899,0.4616340875973505,0.6538259150578072,0.0,0.0,0.0,0.4694366475158605,0.3493637056010624,0.3706183092371529,0.2325813451591488,0.0,0.0,0.3460014001787631,0.4183904957237531,0.0,0.0,0.0,0.4211393061492687,0.379965003631527,0.6333917976581169,0.600023287785111,0.3742641744861048,0.0,0.4775957104700223,0.3764958273706105,2.6335660066109776,2.1437997549285424,3.8381249536781032,3.3015143596090883,1.780488067679986,4.241622119113247,1.8911653806694924,1.0831111435505767,0.9748942269422658,0.8047286465031266,1.2495411139627546,7.375753124047754,9.835485364878055,6.65150308930864
W1268,6,0.0,0.0,0.193934435917893,0.3247841384050545,0.0,0.0,0.3861872013840964,0.3624586020249457,0.621843445240895,0.0,0.0,0.0,0.3189355460868159,0.2347338071788406,0.1822207373683398,0.1433765386712791,0.0,0.0,0.243152196255228,0.3131295128878558,0.0,0.0,0.0,0.287146759425156,0.2233137615926305,0.3236967762169901,0.4107033248367038,0.2805794041283805,0.0,0.3940595564508054,0.1888754507707722,2.5086408732840244,2.337094006148205,3.058348569312063,2.402532195759422,1.381146910961596,3.7381027264009736,1.289845978931155,0.9864664609785884,0.7478654868325937,1.2303981596298434,1.170579399798755,7.741221036766706,9.150886319320088,7.733239547710511
W1351,0,0.0,0.0,0.1666666666666666,0.1666666666666666,0.0,0.1666666666666666,0.1666666666666666,0.1666666666666666,0.0,0.1666666666666666,0.1666666666666666,0.1666666666666666,0.0,0.1666666666666666,0.1666666666666666,0.0,0.1666666666666666,0.1666666666666666,0.0,0.0,0.0,0.0,0.1666666666666666,0.0,0.1666666666666666,0.1666666666666666,0.1666666666666666,0.0,0.1666666666666666,0.1666666666666666,80.0,0.0,0.0,0.0,0.0,0.0,0.0,0.0,0.0,0.0,0.0,0.0,0.0,0.0,0.0
W1351,1,0.0,0.0,0.2723615385184937,0.2457736432341661,0.0,0.2317999386837242,0.2385894833984861,0.2716977334188568,0.0,0.2844399841996218,0.2860615335737972,0.2735671657827587,0.0,0.2355253111024708,0.2478124565553604,0.0,0.2407243881383859,0.2911752296290677,0.0,0.0,0.0,0.0,0.2719596902735343,0.0,0.3106705824857236,0.2968256696134037,0.2936964796614149,0.0,0.3012045313328465,0.2521213523312415,76.82320455439813,0.4644789070571117,0.8403495553084606,0.4448523672054931,1.114875730189031,0.5365414796243967,0.9598909079826644,0.6553581783194884,0.6966810884269874,0.1618983278929517,0.3021118219454607,0.1566807765634447,0.7817396010219372,1.6080806344913154,1.2210864939809007
W1351,2,0.0,0.0,0.3984954945458656,0.4731098135035795,0.0,0.4474722631780413,0.4418752510664425,0.3905655818978373,0.0,0.3308670698607019,0.415029127265377,0.3875243136565228,0.0,0.4395564734190804,0.469397465729796,0.0,0.4667950146642485,0.5174964637895163,0.0,0.0,0.0,0.0,0.3304934075096015,0.0,0.3785009213803601,0.5056758383645938,0.4416302445350154,0.0,0.4433739869295601,0.5020213049702903,44.21971714350552,1.2165681762910268,2.2907333993205423,1.2945757205153532,2.828880400563541,1.4979768436557177,3.4128460572781214,1.7641234331036204,1.6151664086001365,0.701075383660466,1.174052516809617,0.4603195915608468,1.8762943697041905,4.066533264657675,3.239330788719946
W1351,3,0.0,0.0,0.4261607751202538,0.5305462293792321,0.0,0.6761998743725618,0.4865089582854277,0.4992858330325771,0.0,0.7401820494413021,0.6853570376266391,0.6178257213206391,0.0,0.5632815494577383,0.5938835757034326,0.0,0.6852226308073004,0.7462728252000046,0.0,0.0,0.0,0.0,0.4314590633041345,0.0,0.6245287467240314,0.6118591039188837,0.6039506076678717,0.0,0.703856155017988,0.7318264978764968,9.102998937731313,2.320799261781834,4.213329484497995,2.102305113301106,4.802885550265746,2.8250149583602,6.786954676010739,2.94832830894963,2.9219291639265084,1.2882344116645144,1.995524016321522,0.979876333183632,4.386940030002055,7.794875396384869,5.6878800649158165
W1351,4,0.0,0.0,0.3435200476961129,0.5279638772347236,0.0,0.6139342689167324,0.5730221986009844,0.5767777920536156,0.0,0.8620727198403596,0.4851482588019124,0.6273141828963913,0.0,0.4706367595257115,0.4926672892052106,0.0,0.555004263940309,0.7793465451969128,0.0,0.0,0.0,0.0,0.4639372831146713,0.0,0.6483764523152962,0.5875414476249567,0.6500038080756048,0.0,0.6854491558742097,0.6130493001989417,0.4855582952524575,2.697728757205587,2.4803394788761435,2.713127611800444,4.544518506279524,2.4232663624653563,4.208729772956943,2.066014102193601,1.8996644635337736,1.670970465789554,1.8975093948946231,1.2133828909585789,5.044556154766104,8.022421929413156,7.116147675321847
W1351,5,0.0,0.0,0.2220367417588398,0.3366578324149038,0.0,0.6324800828592847,0.4738072037789808,0.4429390640915523,0.0,0.581372795131995,0.2826868404822037,0.5014397129577869,0.0,0.3827195921901877,0.4037764838598225,0.0,0.4099384420065062,0.5500986805513483,0.0,0.0,0.0,0.0,0.2852224036091955,0.0,0.3188407662664019,0.4465132826932821,0.4750907403153954,0.0,0.4930538990478015,0.4311512989274825,0.3948988709130741,2.629225532987334,1.6534485258955978,2.312563569326092,3.735820712165532,1.4151731462238968,3.168952092024324,1.3639490570424504,1.3709931128012007,1.3154439212990447,1.3937224847627,1.41129313427917,7.660792332240701,10.7031100171885,8.434539611172045
W1351,6,0.0,0.0,0.1595046664329447,0.2192461498156193,0.0,0.6496403976751394,0.350960029401694,0.3230036537792133,0.0,0.4189110521057176,0.2164924142945288,0.3898190253156713,0.0,0.2322949718799555,0.1821054111621592,0.0,0.3167171100525341,0.348096666328053,0.0,0.0,0.0,0.0,0.2055013056631714,0.0,0.2146659075329758,0.3089867587908437,0.3589181239280523,0.0,0.3433806693121728,0.3678151134179688,0.2719693107562191,2.191932763638775,1.2006542688264283,2.1688333787895484,3.3339657462403776,1.4546148489744857,2.318554272448703,1.4222046702166833,1.198697311178177,1.3680848470051283,1.3751492744324658,1.4439585708257432,8.757684495364886,12.251603534497338,8.574494966044679
W1370,0,0.0,0.0,0.2142857142857142,0.2142857142857142,0.2142857142857142,0.0,0.0,0.0,0.0,0.2142857142857142,0.0,0.2142857142857142,0.0,0.0,0.0,0.2142857142857142,0.2142857142857142,0.2142857142857142,0.0,0.2142857142857142,0.0,0.2142857142857142,0.2142857142857142,0.0,0.0,0.2142857142857142,0.0,0.2142857142857142,0.2142857142857142,0.0,80.0,0.0,0.0,0.0,0.0,0.0,0.0,0.0,0.0,0.0,0.0,0.0,0.0,0.0,0.0
W1370,1,0.0,0.0,0.3824208876558885,0.3620749795459537,0.3059952261409474,0.0,0.0,0.0,0.0,0.3750983245282447,0.0,0.3940428149542816,0.0,0.0,0.0,0.3267402632180095,0.3476627794233179,0.3506670072587849,0.0,0.3045072294997397,0.0,0.3356361151561279,0.369309820190254,0.0,0.0,0.3404751503964075,0.0,0.3905572688660825,0.3286461448662122,0.0,70.27596917006633,0.5525039479441352,0.8429204739416997,0.2257845262351161,1.20149730388077,0.6606853729042383,1.33271405691736,0.5884743278647663,0.3892925539235538,0.2148160826657633,0.3363342295658717,0.5532737666625417,0.8468382375148474,0.877787141404856,1.3571430071172492
W1370,2,0.0,0.0,0.4990641215840403,0.5128073062685081,0.5614642861903545,0.0,0.0,0.0,0.0,0.6973076213250358,0.0,0.5683731842172276,0.0,0.0,0.0,0.6170370031904313,0.5619354346143729,0.5771552597717857,0.0,0.5295950408336174,0.0,0.4661901079708729,0.4397437777724899,0.0,0.0,0.6182764782749635,0.0,0.5592478791252952,0.5291788753326606,0.0,43.41374678029999,1.536115841280573,1.9025837368900849,0.9193951453396484,2.9580638532327344,1.735388455859228,3.5868996272132705,1.6049119636689406,1.1127327630202704,0.5466518918565391,1.0421927943057674,1.6513505054586757,1.6576815238689784,2.0239794388996404,4.468201830979671
W1370,3,0.0,0.0,0.6258169827510404,0.6520393480896259,0.7501461185837701,0.0,0.0,0.0,0.0,0.9682059063011992,0.0,0.8553264552430405,0.0,0.0,0.0,0.7429412632942262,0.8659601058362518,1.106964952611479,0.0,0.8457898844449335,0.0,1.0011496436827765,0.5595632443727578,0.0,0.0,0.9607967494819838,0.0,0.894167537175901,0.8809695027083339,0.0,8.318929712080758,2.6655551913579707,3.801714371100329,1.3882779343446805,5.616086679505256,2.7262433217366437,6.788591887770918,2.156349561382515,1.7124099135860065,0.7537820362573965,1.638435321422243,3.197734437149414,3.456731040578659,3.934048600555815,7.59686394865993
W1370,4,0.0,0.0,0.3912169952680377,0.5516605324692734,0.6879830543397236,0.0,0.0,0.0,0.0,0.7391400262690553,0.0,0.7277034197529695,0.0,0.0,0.0,0.5623410716145467,0.5907305746975651,0.7363177886692267,0.0,0.6718885747371524,0.0,0.9320877461326806,0.4749309615392865,0.0,0.0,0.828543376973522,0.0,0.7574138197012554,0.997567062651556,0.0,0.4539844513021601,3.804862363558833,1.7480980758122684,2.198189077642127,4.849700321248944,2.7091959195698854,7.226926229585847,1.8430545270056864,1.6248197288615878,1.0792049080447792,2.057699525587463,2.865249715981326,5.846187248480713,5.720388508508118,10.56646270817398
W1370,5,0.0,0.0,0.3300895766776533,0.4603429391111762,0.6968974340820207,0.0,0.0,0.0,0.0,0.5824787158463645,0.0,0.5371401368504848,0.0,0.0,0.0,0.423856739567046,0.3978059849500471,0.6427248847383377,0.0,0.6793137733649733,0.0,0.648455011011497,0.3581253398031592,0.0,0.0,0.6246023897378892,0.0,0.3983047810430718,0.7147346236266883,0.0,0.2955127383319348,3.221297350753667,1.2305309397640127,2.0556691214285765,3.238569071501092,1.9804864283353745,4.973732651179109,1.4469119933823786,1.3079264933706285,1.1855936388315846,2.1410320287455,2.0556081525448278,6.598040229161702,6.821765011433608,10.896120035987035
W1370,6,0.0,0.0,0.228944936462478,0.3338427511355966,0.5285691802259423,0.0,0.0,0.0,0.0,0.4131381356157255,0.0,0.389091728703721,0.0,0.0,0.0,0.2676769251350789,0.329320258124932,0.4309639951420519,0.0,0.5143281684902183,0.0,0.4997740174585257,0.2901064815956837,0.0,0.0,0.3997965745424853,0.0,0.2533785871703925,0.5107056070846295,0.0,0.2472803274398562,2.7048478872325665,1.0828557647048576,2.061717131975243,2.6738483430451123,1.3131684121692404,3.713253779516708,1.248097004990566,1.136922136922168,1.0541162729897384,1.7307793766107122,1.5281029350459934,8.76159266930883,8.596897778108213,9.72021486222751
W1425,0,0.0,0.0,0.1764705882352941,0.1764705882352941,0.1764705882352941,0.0,0.1764705882352941,0.0,0.1764705882352941,0.1764705882352941,0.1764705882352941,0.0,0.0,0.1764705882352941,0.1764705882352941,0.1764705882352941,0.0,0.0,0.1764705882352941,0.0,0.1764705882352941,0.1764705882352941,0.0,0.0,0.1764705882352941,0.1764705882352941,0.1764705882352941,0.1764705882352941,0.0,0.0,80.0,0.0,0.0,0.0,0.0,0.0,0.0,0.0,0.0,0.0,0.0,0.0,0.0,0.0,0.0
W1425,1,0.0,0.0,0.268371707920488,0.2991694274963673,0.2730524681643282,0.0,0.2395080555307149,0.0,0.2898659101691802,0.2488475653904879,0.2307493499285303,0.0,0.0,0.2706214812975707,0.2387326540618617,0.2790297263198217,0.0,0.0,0.2558086338122318,0.0,0.2949932002024207,0.320404746774713,0.0,0.0,0.310224997654408,0.2206182354541119,0.2908329816679058,0.2486014714337051,0.0,0.0,74.34256327806344,0.5853140883069387,0.7963947204166428,0.6422248890661333,1.0096781782522086,1.0357375675304832,1.2093737485661191,1.0590850727925536,0.426300487141525,0.0327496803465887,0.4293508063316424,0.3250966103711031,0.6409298773978769,1.2166808356161547,1.0046427103213231
W1425,2,0.0,0.0,0.4093626314403389,0.394511291322297,0.4684955164389746,0.0,0.4735846441989919,0.0,0.3912186796982893,0.5256034309182969,0.4440693616388243,0.0,0.0,0.5222528755016133,0.4766071976438126,0.3889247369231464,0.0,0.0,0.3991621416845236,0.0,0.4747881940126029,0.4931700384402572,0.0,0.0,0.4914906728416032,0.4139472618478185,0.4691219111092135,0.3781162303733485,0.0,0.0,40.42976522454583,1.5374422024842904,2.271030631823454,1.35616635288307,1.7343599149606377,3.2718974369802005,3.845219401609686,2.4300422745383097,1.022010744948784,0.1814697105859779,1.0664690373613404,0.8033867279318653,1.8160266261614344,2.7990304104317074,2.8403401024667287
W1425,3,0.0,0.0,0.5408462620261809,0.6255763660863393,0.6129462743481231,0.0,0.7075377225272285,0.0,0.7767311295500341,0.6641774382678606,0.6563738374698299,0.0,0.0,0.5673149070148592,0.6929916494307565,0.6100424533544657,0.0,0.0,0.7509831519070789,0.0,0.646841953889319,0.7489666414376186,0.0,0.0,0.6868920473435961,0.6989420839150623,0.8084436222039397,0.6164280495858395,0.0,0.0,9.105364883903288,2.498800604271381,3.27412266334442,2.4262742648181934,4.651026462964893,5.453422050528557,5.760736281902107,4.942519837508441,1.6866260669179427,0.2931874876203914,1.5622197737335335,1.4606670335658207,3.4492155980319392,5.930191174711204,4.881428841425384
W1425,4,0.0,0.0,0.2721462779148597,0.645688112744935,0.6036571280650558,0.0,0.7630649496922907,0.0,0.6617925392390969,0.7959931940121994,0.506670126711294,0.0,0.0,0.49728736277095,0.5862910092910246,0.4912336322244819,0.0,0.0,0.7045296174807741,0.0,0.689412043375718,0.5975707563833492,0.0,0.0,0.6806205909557869,0.6526148370900607,0.7412617429645288,0.4892114188116219,0.0,0.0,0.8690121835169791,2.802877935551072,2.594883983616103,3.529176060586769,3.531259266431638,3.2047484825446544,6.725739579428871,4.200508409315919,1.918707190412008,0.6362400834071033,1.633769910355126,1.9659961564780628,5.256974672274144,6.6992970896658965,6.597765722679255
W1425,5,0.0,0.0,0.2781674448227564,0.3994825692912667,0.6238490842213338,0.0,0.5310227845449375,0.0,0.5723324110361258,0.6697032087710056,0.3757287572815711,0.0,0.0,0.3340979148718043,0.2780819143471724,0.3478564592699441,0.0,0.0,0.3151577946832195,0.0,0.5812265226058384,0.4808036983913296,0.0,0.0,0.4161576006461885,0.5553363303815716,0.5504561127780194,0.3437773771083431,0.0,0.0,0.5009999733678772,2.3346608458502605,2.100045560450028,3.0795274960657344,2.29847200763175,1.9703844988523016,6.392415002828168,2.111976671679598,1.671981222116107,0.8475131687377647,1.4397761974757262,1.6130344324216903,6.08352600987626,6.042529831718463,7.591523455757893
W1425,6,0.0,0.0,0.1812914811293658,0.3012760529461978,0.4310669337579226,0.0,0.4953548269969361,0.0,0.5453302248360219,0.5402036399248688,0.2443936138983717,0.0,0.0,0.3067506786241709,0.2167995126901338,0.1631589187942001,0.0,0.0,0.3039948594607052,0.0,0.528896421964983,0.4018984758341992,0.0,0.0,0.3146243174382,0.4981880298586871,0.4138075513540169,0.2913421603268195,0.0,0.0,0.3799229934994322,2.139180321299216,1.1981259303894989,3.527298057802585,1.7606760716738332,1.6845543947364066,3.9705436259671454,1.8454246030336037,1.647809353105166,0.7725386348713176,1.4937111166015256,1.3538893779853034,6.686825696478557,9.627056891993789,8.710170413470303
W1498,0,0.0,0.0,0.15,0.15,0.15,0.15,0.15,0.0,0.0,0.15,0.15,0.0,0.0,0.15,0.15,0.0,0.15,0.0,0.15,0.15,0.15,0.15,0.15,0.0,0.15,0.15,0.15,0.15,0.0,0.15,80.0,0.0,0.0,0.0,0.0,0.0,0.0,0.0,0.0,0.0,0.0,0.0,0.0,0.0,0.0
W1498,1,0.0,0.0,0.2015621304418305,0.2524146466763736,0.2349376794166468,0.258418466028135,0.2855741594693573,0.0,0.0,0.2462127036364462,0.2311583455817972,0.0,0.0,0.233052868344867,0.2671795525125638,0.0,0.2585109457735359,0.0,0.2428868197743864,0.2501357310489006,0.2140973157854072,0.2370498080146245,0.2801197073674699,0.0,0.2530146548968583,0.2616638285317136,0.2483767795434024,0.2769367396830832,0.0,0.2949192949030613,64.01542982984047,0.6417883617499571,0.8492593892476754,0.4752755917940684,0.6740412638419666,1.0341292320767437,1.5864825362330304,0.9779532821847104,0.3720170664482859,0.2420870665299024,0.2717176503716,0.506980765031513,0.969219891424168,1.2534079077183544,0.9223500649107486
W1498,2,0.0,0.0,0.2969634976855141,0.3592098114661438,0.3103864461222408,0.3981336191963415,0.3323427023663527,0.0,0.0,0.3641790168735617,0.4000163443108917,0.0,0.0,0.385014451383796,0.3578087325654279,0.0,0.3998241431420818,0.0,0.4665592115900416,0.405868032395631,0.4065198483153857,0.4037956473922957,0.3306467830699867,0.0,0.3574924055150443,0.3401030231586277,0.4867788765601223,0.368215173310187,0.0,0.4238386928526615,41.68792525486225,1.2933889191211376,3.0530376708840654,1.1543623894522064,1.9323133455980688,2.046980039901141,3.621625730894075,2.824947681628413,0.9308043421794,0.6216634628410853,1.0689340220004588,1.181307378386972,2.482443814587276,3.2078042343694384,2.841841676045663
W1498,3,0.0,0.0,0.4254596616073197,0.5689472140959381,0.5050805133251354,0.4752659741265811,0.6582993246832066,0.0,0.0,0.6552317267228295,0.47590112984674,0.0,0.0,0.661585377650701,0.5606874073486522,0.0,0.6037618620444405,0.0,0.6396099547150785,0.5968848567936436,0.6170467262947472,0.7167308520843616,0.4846939313360879,0.0,0.6629179952222708,0.6037129214274773,0.6037975498639634,0.6894971620035182,0.0,0.6830419791388593,7.6760854203533615,3.262033781675966,5.187998153279786,2.6814408198548354,3.562400559358473,3.1545437927539064,5.616428378817163,4.346825494582062,1.6430647210749143,1.167661866015044,1.6791492976286386,1.8946177607589856,5.0570597338779,5.312585746645049,4.954452925884515
W1498,4,0.0,0.0,0.3831019141098651,0.4772043174799391,0.5383353135260975,0.5156434416110346,0.5769442204050683,0.0,0.0,0.64950006507602,0.5030058467713292,0.0,0.0,0.3583323745245598,0.4670120158194442,0.0,0.4541772173584389,0.0,0.6257719197209108,0.5757658748597875,0.4592796253700063,0.5545177066828487,0.3918084452255076,0.0,0.4051155132611224,0.6157051131016198,0.680896964023682,0.4285320162455069,0.0,0.6056097873147839,0.7769656838772638,2.895051950337868,2.112057999490037,3.212379267916158,2.271818411433995,2.76052963140309,5.443369537395518,3.365859875665268,1.3960124721881997,1.3188845122459312,1.4237155249160411,1.8404577109936733,6.772429851241656,7.111723454474395,5.46990268790817
W1498,5,0.0,0.0,0.2601906713330612,0.3404732863090317,0.5102996656747101,0.5675090429569217,0.4894942024406024,0.0,0.0,0.5094075994804844,0.3406771575599582,0.0,0.0,0.2693772414430668,0.3070633077864039,0.0,0.3221390754751351,0.0,0.2844525064429557,0.4409805985553218,0.480040250973089,0.435671677615022,0.2771154043911501,0.0,0.3651592614619944,0.3613730956943745,0.5328920379296315,0.3816024869885162,0.0,0.4344383824389252,0.2952550267827378,2.352884675254332,1.792905162660435,2.943251601947982,2.411603181916171,2.3790938201704783,3.811853976946916,1.5817852052687684,1.3356382626974892,1.262658449158518,1.3300308412867632,1.3847511590340664,7.177192563680792,8.752399831617971,9.413713375212897
W1498,6,0.0,0.0,0.1638579128481957,0.190959051353017,0.2856946660321283,0.4303333818309461,0.3163411502956927,0.0,0.0,0.421153294604277,0.1842785336340341,0.0,0.0,0.2197538281250361,0.2031243697777793,0.0,0.2130476941498915,0.0,0.1816056980845095,0.3124177471583011,0.4386666629507803,0.3473852087559861,0.2391659154607655,0.0,0.213718385315695,0.3584426167803471,0.3565195388572525,0.1842200671496567,0.0,0.3660916758765669,0.3194614194252255,2.4607418650236563,1.2849616941290156,3.182278215971389,1.9628046335120677,1.7817029185432092,2.548725333004368,1.3575194584542776,1.2878498247041348,1.015128148590747,1.3389197219975133,1.735197911832796,7.471891102397125,9.407675159222734,8.051367260999896
W1622,0,0.0,0.2142857142857142,0.0,0.0,0.0,0.0,0.2142857142857142,0.2142857142857142,0.2142857142857142,0.0,0.0,0.2142857142857142,0.0,0.0,0.2142857142857142,0.0,0.0,0.0,0.0,0.2142857142857142,0.2142857142857142,0.2142857142857142,0.2142857142857142,0.0,0.0,0.2142857142857142,0.2142857142857142,0.2142857142857142,0.0,0.2142857142857142,80.0,0.0,0.0,0.0,0.0,0.0,0.0,0.0,0.0,0.0,0.0,0.0,0.0,0.0,0.0
W1622,1,0.0,0.2919401813714891,0.0,0.0,0.0,0.0,0.3932883361084492,0.2693472012431479,0.2884445045932075,0.0,0.0,0.4055970761850814,0.0,0.0,0.380335812097987,0.0,0.0,0.0,0.0,0.3935595981787562,0.3283499611080449,0.4212315960290659,0.3282329918709617,0.0,0.0,0.3553552557552091,0.3376469203953393,0.3133693413579044,0.0,0.3339207463786957,63.11292520603188,0.4549338913171218,0.8225087944512806,1.0481713990033537,0.3029328334810748,1.3884625076924886,0.4783898998411541,0.6400805543616164,0.4013291021816413,0.5148265836387677,0.4327169239937705,0.6876156573501518,0.5642764169472604,1.2702614255616664,1.4536036979328624
W1622,2,0.0,0.6150168000600912,0.0,0.0,0.0,0.0,0.6744184374689141,0.5302707074482381,0.6174438222781259,0.0,0.0,0.5132645857064912,0.0,0.0,0.5093850776450322,0.0,0.0,0.0,0.0,0.6779890396874393,0.6245723559763764,0.5171819100562896,0.4660326388149453,0.0,0.0,0.5972958119964561,0.4739738436805388,0.5577446561329701,0.0,0.5757895729535042,44.22467444690602,1.3489255277484324,1.7287392984774932,2.416245056547817,1.11186838110441,2.9985039211638886,0.8155103182803244,1.6653858558986785,0.8603290917729867,1.1374006046834393,0.9896686532501844,2.072177784765158,1.301825625766256,3.592406856694333,4.44800090312128
W1622,3,0.0,0.8169384620450287,0.0,0.0,0.0,0.0,0.8732222813614084,0.7952480819201411,0.8701727128351813,0.0,0.0,0.93218476069858,0.0,0.0,0.6847483537814848,0.0,0.0,0.0,0.0,1.0154785237778363,0.7757958758491547,0.9063407269398762,0.5518716974099767,0.0,0.0,0.8103213635005319,1.053827598841888,0.7455630460806365,0.0,0.9727011599563044,7.684569624294228,2.432930150081537,3.292888825708495,3.9259745136666,2.299895425868925,5.815304060487919,1.9732763472948984,3.253492220173018,1.988736604385912,1.7843651638194475,1.8118387378188732,3.2127415197179063,3.120604184377714,6.730020241301268,7.728640094550934
W1622,4,0.0,0.8655045272344243,0.0,0.0,0.0,0.0,0.8093127102691614,0.4841116647247079,0.8142946452704626,0.0,0.0,0.6899549872645576,0.0,0.0,0.5260321859983316,0.0,0.0,0.0,0.0,1.021713041196582,0.7515505098179814,0.7072151722775861,0.5573607498081158,0.0,0.0,0.6611802549371846,0.8645397481930397,0.6821661891462779,0.0,0.855887375038329,0.5068398798732741,2.1526547719093974,3.15501785869784,3.1610101531295505,1.8238469657779768,2.9684234777847265,2.2535361386000456,2.2377762590399155,1.7193335657782034,2.2086100308406964,2.028480050271792,3.342681493511232,3.974370856372941,10.301211710644312,10.272145031372055
W1622,5,0.0,0.7760670388642262,0.0,0.0,0.0,0.0,0.754265397990049,0.4668688949658072,0.6076185424384913,0.0,0.0,0.5007884085605029,0.0,0.0,0.347381564792633,0.0,0.0,0.0,0.0,0.6888567008207741,0.4787605979637346,0.6764822775487134,0.3603896655562492,0.0,0.0,0.4101076262196327,0.7159557288743513,0.47260972484281,0.0,0.6625546255136436,0.4139299572952961,1.6052843064067397,2.818696157817042,2.479651724200621,1.3193221447025607,1.485752958262566,2.3951887190681567,1.6594620142688794,1.4780077339444295,2.546712897179228,1.2292957928184438,2.273511354516822,5.636526634083344,8.695530504081109,10.89557313640958
W1622,6,0.0,0.4759497617959332,0.0,0.0,0.0,0.0,0.4004539837719622,0.3781560330654359,0.4619615400601283,0.0,0.0,0.3213973268209628,0.0,0.0,0.2710720358469902,0.0,0.0,0.0,0.0,0.4576151230439856,0.4386961233490638,0.4284024368634702,0.262964023223073,0.0,0.0,0.3528651812298105,0.5408380858389972,0.26776277212965,0.0,0.5247020657065922,0.2765720193563464,1.265283267979915,1.777952899493115,2.3855351244221343,1.1911306479863633,1.188505025311866,2.247983462316458,0.9812652559796918,1.463987524903406,2.264655962759114,1.4025373830620695,1.9549483464038464,7.151386169564373,9.624160320855884,12.191403793813343
W1655,0,0.0,0.1875,0.0,0.0,0.0,0.1875,0.0,0.1875,0.0,0.0,0.1875,0.1875,0.1875,0.1875,0.0,0.1875,0.1875,0.0,0.0,0.0,0.0,0.1875,0.1875,0.1875,0.0,0.0,0.1875,0.1875,0.1875,0.1875,80.0,0.0,0.0,0.0,0.0,0.0,0.0,0.0,0.0,0.0,0.0,0.0,0.0,0.0,0.0
W1655,1,0.0,0.3071441169338366,0.0,0.0,0.0,0.2612127571564197,0.0,0.3255451698699713,0.0,0.0,0.2596506714049835,0.2708708319886339,0.3267194882469936,0.2768845948908653,0.0,0.283525901891351,0.3313678980095138,0.0,0.0,0.0,0.0,0.3152857750253668,0.2932698008055139,0.3423901286466543,0.0,0.0,0.3145443631261095,0.2780599704667436,0.29401786819092,0.2977910408084426,52.069709914116885,0.2167363542306632,0.8925224186013614,0.7578291256586387,1.4811439967553015,0.4463577228515015,0.3752382218801847,0.7233681113889292,0.426092800126447,0.2508508883330272,0.273468601598984,0.7348453361131331,0.9398066714716684,1.448240017187869,1.3558207293678444
W1655,2,0.0,0.5087766106475983,0.0,0.0,0.0,0.455454703394249,0.0,0.5082432933598722,0.0,0.0,0.4801057670877932,0.4385877022268089,0.5015259768860192,0.4237452626477013,0.0,0.4605496553001549,0.4279832835405241,0.0,0.0,0.0,0.0,0.4472319331706559,0.4057311461597237,0.5122814937597979,0.0,0.0,0.5354096789183574,0.4085373402834673,0.5009324505945527,0.4850623371739577,42.08710282958652,0.8285702184858871,2.039351919892884,2.218348352054186,3.749601552795093,1.5569040708937572,0.9510509369902644,1.58194423122732,1.4108867493855977,0.8802534328587909,0.6704452743801758,1.3558562999113837,2.926822106202727,3.834665062856533,2.960294785478584
W1655,3,0.0,0.7406207478428044,0.0,0.0,0.0,0.7828608532254068,0.0,0.6327273934692904,0.0,0.0,0.7243483963541707,0.6464245055362292,0.825071463867395,0.6648338166432485,0.0,0.62357724709492,0.7522457379658216,0.0,0.0,0.0,0.0,0.636250425745377,0.5202426584868184,0.9596996208101568,0.0,0.0,0.7961611685844219,0.7047657773851752,0.8461675088651913,0.8164907969585549,7.182959771649054,1.5831362099764377,3.211503004318436,4.249983477616159,6.574581056572875,2.9514317401043644,1.9638652827796976,2.9988292020202305,2.830700651501958,1.759174391565216,1.5335623118906685,3.774526507034258,5.985048288891544,6.982713756331308,5.9793208499499935
W1655,4,0.0,0.6385252971860819,0.0,0.0,0.0,0.6113958051133543,0.0,0.5828402982360686,0.0,0.0,0.5230724847471616,0.627668000763174,0.7036204646553218,0.5383371826169469,0.0,0.4996844067732593,0.503797339531522,0.0,0.0,0.0,0.0,0.6119499223974556,0.4786989330801987,0.8215401419263161,0.0,0.0,0.8710446186711093,0.5766216288569964,0.7002212474097019,0.7254365005021638,0.6063822546048578,2.0693231476729093,2.463027375172581,3.5010743654333294,4.759253695402217,2.3598542682466133,2.2622968230571274,2.7523014432782285,2.4064952025516693,1.453691896360396,1.7149205261345284,2.345337619418774,8.510379661755394,7.18752976646052,7.376119706694341
W1655,5,0.0,0.5923541691933549,0.0,0.0,0.0,0.5638691133112678,0.0,0.468123903921645,0.0,0.0,0.359638387150189,0.5645320219935097,0.5895125604795273,0.3411302394273177,0.0,0.3508524951044012,0.333050746987472,0.0,0.0,0.0,0.0,0.6910290060750621,0.31895438678484,0.4825801002909513,0.0,0.0,0.582384258327513,0.3961571520280675,0.3665535887848887,0.4937969402297393,0.3987463482952013,2.1618850023277907,1.854919292409046,2.7332926593862137,3.8179667326181135,1.9970475111752808,2.497843337755296,1.8430449010477177,1.6071080921144971,0.8966420433693367,1.450836811578163,2.1311231116909166,8.25811258457869,8.347660066756514,7.502240943734301
W1655,6,0.0,0.4312696972236878,0.0,0.0,0.0,0.4447051830267883,0.0,0.3739568764579716,0.0,0.0,0.250294135086632,0.3545313050779739,0.3442428429991617,0.2903522913133125,0.0,0.2209311831794115,0.306071089824431,0.0,0.0,0.0,0.0,0.59382260761828,0.2464787089231943,0.3028698572507588,0.0,0.0,0.4549904533557227,0.2180264544069904,0.3121791115744872,0.3764190807626,0.2658546021015789,2.0732421613534413,1.5201654449886628,2.569090184869585,2.6864595209301783,1.5409990058046246,2.2616618189216195,1.1931020652085584,0.929163112031749,0.6967133011970835,1.481003720975696,1.6882609907035202,9.424858028796256,10.1728777052279,9.247833760860404
W1974,0,0.0,0.2,0.0,0.2,0.0,0.0,0.2,0.2,0.0,0.0,0.2,0.2,0.0,0.0,0.2,0.2,0.2,0.2,0.2,0.0,0.0,0.0,0.0,0.0,0.2,0.2,0.2,0.0,0.2,0.0,80.0,0.0,0.0,0.0,0.0,0.0,0.0,0.0,0.0,0.0,0.0,0.0,0.0,0.0,0.0
W1974,1,0.0,0.3087520831296611,0.0,0.2642001810049902,0.0,0.0,0.3290294500028939,0.3471437463522114,0.0,0.0,0.2930317767169704,0.3798930585595593,0.0,0.0,0.3375067854794548,0.3190975794614926,0.3553382734584004,0.2825930833046765,0.3245476892605454,0.0,0.0,0.0,0.0,0.0,0.2684064149462805,0.3473938925876009,0.3053002340758224,0.0,0.3803500127561015,0.0,57.4104943334255,0.3527048312781139,0.5915233207333181,0.6026404927210305,0.9123484549422292,0.4182957722076365,0.6807816876462839,1.043597601351641,0.685257033962477,0.140003770913056,0.6919001837494659,0.2888243377304519,0.9571577311795034,1.4616981906400603,1.1346348650669282
W1974,2,0.0,0.4591805180625208,0.0,0.4837036632851399,0.0,0.0,0.6196766370125194,0.4982192961348788,0.0,0.0,0.5382176024727647,0.5340388813788468,0.0,0.0,0.5580090239382529,0.4703618583280595,0.3859478169235822,0.5782581936691209,0.4990979837269326,0.0,0.0,0.0,0.0,0.0,0.5780295621692502,0.5546120781479076,0.4821413355904665,0.0,0.5616553676890915,0.0,38.13820952176431,0.9483325327415232,1.8124110763301875,1.3754205270910014,2.951462060750403,1.1396299432087933,1.8538813770392792,2.400261078448564,1.807967937969848,0.4101002346790173,1.5536778819873964,0.8173777928338396,1.8175462149330064,4.760523087235954,3.494416436742234
W1974,3,0.0,0.7038034977607746,0.0,0.6530550473020886,0.0,0.0,0.823276281758403,0.6086933993768248,0.0,0.0,0.6000462662606454,0.7810280506400005,0.0,0.0,0.6494543738131224,0.7492695881087799,0.7751562035277749,0.8835156173890021,0.8808060899540825,0.0,0.0,0.0,0.0,0.0,0.8226057969901811,0.786703905689761,0.8795524749085923,0.0,0.8111638911836816,0.0,8.291917829440564,2.176119363381375,3.0947165165791413,2.358737316578586,6.407708235673893,2.339055276059633,3.326708230349724,5.173868051785095,3.003634968907749,0.7272385940191517,3.166926989535421,1.3457218580526271,4.308310267009952,8.275017230554532,5.551826495393192
W1974,4,0.0,0.6428935589865576,0.0,0.6041655200246174,0.0,0.0,0.7153387036996308,0.6479007476561487,0.0,0.0,0.6898104827745963,0.6574677031805327,0.0,0.0,0.6350193187259147,0.5438107256041937,0.5462538246521337,0.8184964082084611,0.6675489708782942,0.0,0.0,0.0,0.0,0.0,0.6115330579425553,0.7818001908723812,0.7505345591744162,0.0,0.6713289553192631,0.0,0.613368225221614,2.3027208392178315,2.9506619742328555,2.631492395597757,5.3020576905180725,1.6492421046872074,3.0272773752697617,3.0361719347150533,2.3203433260674484,1.1068560445892226,2.313031685469956,1.8759790640996208,6.376676569365033,9.071132551473749,7.154332542630718
W1974,5,0.0,0.4258035130470464,0.0,0.4483618695899015,0.0,0.0,0.4991992321223267,0.4555832170884034,0.0,0.0,0.371284814206685,0.6019369150737387,0.0,0.0,0.4731426606540254,0.3503241500156848,0.4424496933484215,0.6446681633618403,0.3785723177215698,0.0,0.0,0.0,0.0,0.0,0.5276293986658444,0.6448508066496944,0.7075010359899279,0.0,0.4821573308257821,0.0,0.4703040906659506,2.006316722015686,2.4033652654061184,2.526149942374848,4.489614785990943,1.5861454132058137,3.270444005783063,2.332154836000092,1.4350931650228578,1.023766942435576,1.7958887028628232,1.368963303893804,7.693453766825023,11.288881718189277,7.431625222452118
W1974,6,0.0,0.4564906404769701,0.0,0.357696855898044,0.0,0.0,0.4554683825007117,0.3994113448553334,0.0,0.0,0.2694057122167072,0.3791235096864435,0.0,0.0,0.273822301984556,0.2058820118214027,0.3229091209040023,0.4123336245169737,0.2490133988037868,0.0,0.0,0.0,0.0,0.0,0.2935882778581221,0.4834182222426196,0.5148073507619336,0.0,0.3393808497263684,0.0,0.2122820882753049,2.224216430033219,2.2320785015302023,1.908227538053996,3.484725712616708,1.2482589404768172,2.2904028996653216,1.2651249535868248,1.0350211390311308,1.287900478242808,1.4896940573899426,1.4112449627741397,7.701738061585551,12.352823500644712,8.28887378535993
W2383,0,0.0,0.1666666666666666,0.1666666666666666,0.0,0.0,0.1666666666666666,0.0,0.1666666666666666,0.1666666666666666,0.1666666666666666,0.1666666666666666,0.0,0.0,0.0,0.1666666666666666,0.0,0.1666666666666666,0.0,0.1666666666666666,0.1666666666666666,0.1666666666666666,0.1666666666666666,0.1666666666666666,0.0,0.1666666666666666,0.1666666666666666,0.1666666666666666,0.0,0.1666666666666666,0.0,80.0,0.0,0.0,0.0,0.0,0.0,0.0,0.0,0.0,0.0,0.0,0.0,0.0,0.0,0.0
W2383,1,0.0,0.3167872262177337,0.2270617901855591,0.0,0.0,0.2790407366194721,0.0,0.2737594792510425,0.2798102517549954,0.2582630419491186,0.2801860393224968,0.0,0.0,0.0,0.3038766672146697,0.0,0.3443959547653659,0.0,0.2595235156771509,0.2430145645093392,0.2425799331750463,0.2641627544028288,0.2670740637850557,0.0,0.264574854261536,0.2450810352665045,0.2946249474076322,0.0,0.2988319979126107,0.0,62.16756605863191,0.6859646358138939,0.8243255321434338,0.4603078203855096,0.5481503117530344,1.095677347226906,1.1654601752724203,1.1694690480256489,0.5439010524043024,0.0852430842689887,0.3031973011538799,0.656232233292623,0.8653661412751371,1.2411422522760045,1.0377127780962423
W2383,2,0.0,0.4070970736261348,0.3863381796360756,0.0,0.0,0.4716109715226925,0.0,0.4308344836704136,0.423546035470738,0.3591039902104316,0.3707672727488773,0.0,0.0,0.0,0.4869033217706256,0.0,0.4343401186829839,0.0,0.4045593114038951,0.4750860097004429,0.4710028528275373,0.4625704523709074,0.4969751930694199,0.0,0.4598798147052828,0.3824711898644161,0.4570315114462498,0.0,0.4535499483426496,0.0,42.080994293713296,1.308244491171647,2.320105723660464,1.315459550872229,1.462982693941557,3.717850208140602,3.064556549837744,3.472192813260004,1.6011195493207058,0.1902100227640302,1.0335396943080042,1.668266684170736,1.8644126463975736,2.386166056939925,2.299898893863087
W2383,3,0.0,0.5180745149979469,0.5045575172476895,0.0,0.0,0.5424463993880054,0.0,0.5539555972482187,0.6863927552471618,0.5757345961650876,0.6976914536549438,0.0,0.0,0.0,0.7132879323047735,0.0,0.6545778888766264,0.0,0.6752897929124547,0.7487467049775767,0.593071085661144,0.6877893802984371,0.4492753731072737,0.0,0.7633006365766916,0.5668765002115109,0.7144924488967463,0.0,0.7634651651394124,0.0,8.23387916933207,2.269134967571546,3.49164755196376,2.0847992044189305,2.9691282836365445,4.842470069797499,5.751973040158063,5.318766737325317,3.282341817708989,0.439615236958954,1.957808644647355,3.3717793138132937,3.843804610111873,4.990830179972582,4.658806504320729
W2383,4,0.0,0.5854903218200235,0.4088557367963717,0.0,0.0,0.6313853522515783,0.0,0.5281573416190202,0.6180694854411258,0.8195044312599582,0.5124727810659013,0.0,0.0,0.0,0.5358648166819039,0.0,0.6085454112378998,0.0,0.5116187187972332,0.6646764269554606,0.5712052733319901,0.6849220053228894,0.4532062263344873,0.0,0.491934576398388,0.7303468106790364,0.7866921381614005,0.0,0.5505794313927393,0.0,0.6334103961280186,2.910643395927425,2.621072378072438,2.811653416363438,2.293368762180357,3.484040232681381,4.712841422321024,3.9042990612037114,2.792845885873053,0.9027272377609326,1.9537736161478536,2.684673792042181,5.465728788334986,7.8741241884982625,6.0512370147307735
W2383,5,0.0,0.4824675286173304,0.323368736173995,0.0,0.0,0.6567996509214373,0.0,0.3788619549958339,0.4450804122474072,0.5500027177998622,0.3707384161267817,0.0,0.0,0.0,0.3277428910089791,0.0,0.4030613728529505,0.0,0.3757052669289065,0.6219024611474675,0.4111787154626581,0.4439594264459152,0.377788485664358,0.0,0.4723993477976101,0.578706387552931,0.6430348444675427,0.0,0.4750769336144346,0.0,0.432101797009226,1.9743527566109715,1.706479442042838,2.455195659916031,1.7786656970635073,2.806047433610587,2.824554458803334,1.848200837513164,1.9710840996376529,1.0024960524824749,1.4561905018369916,2.103763716066005,6.819052502614492,8.424648689253612,8.860419894715552
W2383,6,0.0,0.3892661322517258,0.173619142527978,0.0,0.0,0.616140365089894,0.0,0.2526511912817502,0.3785091995971997,0.4240324548346561,0.2233858846952532,0.0,0.0,0.0,0.2263296723698147,0.0,0.2895567463473026,0.0,0.1565903434148123,0.4449277290929055,0.4009135935881594,0.3785612723651521,0.2366556424967402,0.0,0.2363652350934827,0.4055126622194137,0.4713657689992325,0.0,0.2975757021589734,0.0,0.3020808302604651,1.8966564825137795,1.2149201743480205,2.3292622578094484,1.493599352241583,1.458351209177244,2.50806065550534,1.3851826323848957,1.4823810489380087,1.090217648947487,1.384157298151339,2.1806203266954,7.669854250021581,7.277342928144001,9.781110194127866
W2422,0,0.0,0.1875,0.1875,0.0,0.0,0.1875,0.1875,0.1875,0.1875,0.1875,0.1875,0.0,0.0,0.0,0.1875,0.1875,0.0,0.0,0.0,0.1875,0.0,0.1875,0.0,0.1875,0.0,0.0,0.1875,0.0,0.1875,0.1875,80.0,0.0,0.0,0.0,0.0,0.0,0.0,0.0,0.0,0.0,0.0,0.0,0.0,0.0,0.0
W2422,1,0.0,0.300010779234921,0.2553237926582909,0.0,0.0,0.3489611168841651,0.3640336678160221,0.2415441369971421,0.375953691272227,0.3489027687615159,0.3231771575128815,0.0,0.0,0.0,0.3261654353827971,0.3087333560003185,0.0,0.0,0.0,0.2994961787201765,0.0,0.3661258186853862,0.0,0.3412596197998071,0.0,0.0,0.2517201707906193,0.0,0.3218756958065004,0.2565672178609045,72.46381149706234,0.358559872750757,1.0007160135522837,0.8042542710765184,0.963927499339556,0.978792013438058,1.2098352250290338,0.5480223134899812,0.6571642383041736,0.2015749145218919,0.251933879943608,0.7092174376046486,0.7623230531770828,1.2540833641061346,0.9567244991554912
W2422,2,0.0,0.4680301382621961,0.4237761383579088,0.0,0.0,0.4870294552967734,0.5086737884120207,0.5034817718516212,0.5642716935244989,0.4868537194624345,0.5377128995453913,0.0,0.0,0.0,0.4996318781343002,0.4341752417206188,0.0,0.0,0.0,0.4816545706435243,0.0,0.4911007588320266,0.0,0.5655550151842899,0.0,0.0,0.5158949743987131,0.0,0.4655188304840181,0.4619502257295512,43.632291564636105,0.7561343403439706,2.262927276912728,1.9273766668107208,2.232739334522521,2.7401605470062083,2.6683047896942096,1.6588004332971118,1.7989645625818549,0.8834941836951348,0.5467115594691226,1.638535505455579,2.4222915514867,3.112281136050983,2.472402611220775
W2422,3,0.0,0.7430855713183457,0.4420035845394059,0.0,0.0,0.6784168945136996,0.7126239190901722,0.694349329806793,0.7050570123179626,0.8235620305205837,0.6342443184667614,0.0,0.0,0.0,0.69582903348389,0.6519721634763165,0.0,0.0,0.0,0.8266216394145673,0.0,0.718861145973877,0.0,0.8093914801801445,0.0,0.0,0.7346389415381486,0.0,0.7842322433735096,0.7538074866026853,8.06784564366747,1.6783366069529146,3.704068609128789,3.2943682256624256,3.9792869263790025,4.615644909168539,4.856594028470892,2.583208852080959,2.6156557240492244,1.5138139013017209,1.0291823474817985,3.43481211901127,4.651547673623986,6.642998007608991,4.049095513432748
W2422,4,0.0,0.799848043494658,0.358741668523524,0.0,0.0,0.7114901274861236,0.6478814942736193,0.4191135567315804,0.7771172793622908,0.8650512455977226,0.5592022460130076,0.0,0.0,0.0,0.5458631023528722,0.4187120978302636,0.0,0.0,0.0,0.7519663591945881,0.0,0.6556563630738323,0.0,0.8165551168740498,0.0,0.0,0.8041378381481581,0.0,0.7486710696119604,0.766678241077392,0.5978886377073118,2.22558195193521,2.150435216984324,3.494227104967611,4.021272884985715,3.4340783994896174,3.984488640363277,2.3077953943384037,2.894161095766433,1.7119940744067723,1.5488174777314805,2.944067658647364,7.158744922488472,8.599114971282301,8.117092707551134
W2422,5,0.0,0.5843285171473322,0.2794188363443985,0.0,0.0,0.6536908959719058,0.564474562236781,0.4356320394441534,0.6387244652079015,0.5568187503839518,0.4086466666078894,0.0,0.0,0.0,0.3598203416052628,0.3446279370374887,0.0,0.0,0.0,0.4657177201651075,0.0,0.6589917229721342,0.0,0.4691277228475139,0.0,0.0,0.631557726056648,0.0,0.5455080619510455,0.5141587650616258,0.3037536752393163,2.3024699142442864,1.40971454500806,3.667128962969549,2.6778558864020847,1.7454432342384831,2.503412229406807,2.1021294290358066,1.9399095114185052,1.5800013294342483,1.450436875417494,1.778880493696952,9.015430591610384,8.260887253055513,7.905544436535137
W2422,6,0.0,0.4898494290919724,0.1947717721638538,0.0,0.0,0.574123784686905,0.4333238815419781,0.3551619324663477,0.5078765972543059,0.4890238089305888,0.2929349128216149,0.0,0.0,0.0,0.2554166890897801,0.2304154156542251,0.0,0.0,0.0,0.3787343244833941,0.0,0.4551761992771988,0.0,0.3577451054784566,0.0,0.0,0.4935657982334863,0.0,0.3608422976671075,0.4272580716113963,0.2301462529518164,1.511608515969555,1.0163178402290904,2.759853669215675,1.8758244730010427,1.2902214071412748,2.070541324186857,1.3104953196927394,1.47083098480918,1.4713723737822144,1.4502529209131692,1.8346121745875923,7.841501377932469,8.349045288453677,6.600738042213254
W2653,0,0.0,0.2142857142857142,0.2142857142857142,0.2142857142857142,0.0,0.0,0.2142857142857142,0.0,0.2142857142857142,0.2142857142857142,0.0,0.2142857142857142,0.0,0.2142857142857142,0.0,0.2142857142857142,0.0,0.2142857142857142,0.0,0.0,0.0,0.0,0.0,0.0,0.2142857142857142,0.0,0.2142857142857142,0.2142857142857142,0.0,0.2142857142857142,80.0,0.0,0.0,0.0,0.0,0.0,0.0,0.0,0.0,0.0,0.0,0.0,0.0,0.0,0.0
W2653,1,0.0,0.2518289879804741,0.3480443665356117,0.3830061876661735,0.0,0.0,0.3444838837291429,0.0,0.4169472083675368,0.3109608209276041,0.0,0.4230376582720048,0.0,0.3545967678690228,0.0,0.3185306226407036,0.0,0.3718699633318379,0.0,0.0,0.0,0.0,0.0,0.0,0.3570713550455257,0.0,0.3767568987764845,0.3861143218223573,0.0,0.3408783303253693,58.7335626170194,0.2233864436862057,0.6743872777966151,1.117909021056283,1.1642774436210748,0.5741174375696242,1.33321667493799,0.4822160559642457,0.3325638265396385,0.3017103414528642,0.5678499936490006,0.2433784041583035,0.3618885675399916,1.292624141759529,1.3452888676375132
W2653,2,0.0,0.5142222529983221,0.4292578682842781,0.5672714679015675,0.0,0.0,0.5331444612445873,0.0,0.4875476917582639,0.5628634440778362,0.0,0.5404163910657,0.0,0.5302725045443538,0.0,0.5263449970520743,0.0,0.5253774848797332,0.0,0.0,0.0,0.0,0.0,0.0,0.6217277735213235,0.0,0.6128027020695532,0.6309791016794661,0.0,0.6359861968322071,40.82342019132057,0.4705975050760047,1.7996890712093452,2.6232451826555776,3.175955586430813,2.079991325641638,3.654918117987909,1.4790985462275446,0.8644373652561379,0.8051604000702097,1.2014842795878944,0.8646686453715121,1.3047832291004189,4.171645844654217,3.9441443816439943
W2653,3,0.0,0.8312979274124287,0.5194350807389976,0.7259269688269036,0.0,0.0,0.7641083746516899,0.0,0.7379613712962336,0.8147193927532052,0.0,0.8846705268548937,0.0,0.7368247443784247,0.0,0.5773511375634413,0.0,0.9374008693727696,0.0,0.0,0.0,0.0,0.0,0.0,0.8443727797487429,0.0,0.7875562945943287,0.7625803367779327,0.0,0.9683139943870788,7.611070904233888,1.1858273629069225,4.079739561273421,4.018891305048514,5.626753649508127,3.751397920292417,6.286218554792198,2.361048394129845,2.0415670973086977,2.1511574828710787,2.4241167365639624,1.3223438267716163,2.5099565826595494,7.290982989674386,8.338050498149057
W2653,4,0.0,0.8233579774472413,0.5477296163143188,0.5441371453763311,0.0,0.0,0.7104646001812452,0.0,0.7222880405597686,0.879221810706463,0.0,0.863846373432126,0.0,0.4105196285052894,0.0,0.6166348643408975,0.0,0.9428558203925892,0.0,0.0,0.0,0.0,0.0,0.0,0.7920274840264994,0.0,0.9363559149716096,0.7115985836217819,0.0,0.8902162247999097,0.5186543031482984,1.7279979081147747,2.429534267426256,4.311999102353189,3.929829217173487,2.494494383117606,5.780225320300856,2.420476116167765,1.6436156507789894,2.085309291029972,2.4324380847597964,1.5252500845313763,3.290688436542031,7.920214244099434,7.412288867108902
W2653,5,0.0,0.6285440121222191,0.3641197655486815,0.4916672612438961,0.0,0.0,0.6091069812963691,0.0,0.691845730569499,0.6809571592805542,0.0,0.5155315437699595,0.0,0.4024663414924797,0.0,0.2900456461280473,0.0,0.7141059339729217,0.0,0.0,0.0,0.0,0.0,0.0,0.396478183140965,0.0,0.499521845033625,0.3998724187852262,0.0,0.6763957085587946,0.4353965797221056,2.04630177303559,2.058167888020407,2.866607816547656,3.534689568559871,1.6717251349409037,4.0387720018214655,1.8179340130553805,1.430323282765904,2.2381594099386697,2.3771900168441857,1.5996744122100848,4.625132194458083,8.604518867545835,9.050253696844894
W2653,6,0.0,0.6284511523706919,0.1884056594870579,0.3171170320805953,0.0,0.0,0.4232304627062176,0.0,0.6010998835745025,0.510833207733836,0.0,0.3758901494863239,0.0,0.2990875438511291,0.0,0.2128257142790008,0.0,0.5246034989139271,0.0,0.0,0.0,0.0,0.0,0.0,0.2894264210063371,0.0,0.4236601273798894,0.334388546810035,0.0,0.6235648324394149,0.3565439677503403,1.6489716740646716,1.346297714809377,2.3240935538746483,2.7631051207306547,1.3849774039568092,3.4226421689167483,1.3262008097376845,1.3692995728710755,2.106678084331402,1.6487384271482146,1.4357474765500082,5.027751515260998,10.706678247742351,10.713779676868455
W2907,0,0.0,0.1363636363636363,0.1363636363636363,0.1363636363636363,0.1363636363636363,0.1363636363636363,0.0,0.1363636363636363,0.1363636363636363,0.0,0.0,0.1363636363636363,0.1363636363636363,0.0,0.1363636363636363,0.0,0.1363636363636363,0.1363636363636363,0.1363636363636363,0.1363636363636363,0.1363636363636363,0.1363636363636363,0.1363636363636363,0.0,0.1363636363636363,0.1363636363636363,0.1363636363636363,0.1363636363636363,0.0,0.1363636363636363,80.0,0.0,0.0,0.0,0.0,0.0,0.0,0.0,0.0,0.0,0.0,0.0,0.0,0.0,0.0
W2907,1,0.0,0.2153233993554058,0.2036990788435622,0.193819857681376,0.2384690859457789,0.1968642987143959,0.0,0.1983870704279882,0.2148409463722979,0.0,0.0,0.1866760646313223,0.2416044527783191,0.0,0.2149396198097319,0.0,0.2582918414614817,0.2111823444013479,0.2113963420615032,0.2343670726329554,0.238511251574157,0.2231430661446313,0.2182046247555658,0.0,0.2392279894045623,0.2725027185077717,0.2104394368312546,0.2385649546891536,0.0,0.2028204806009495,59.611125725465456,0.4311944506029283,0.6652240710909045,0.7571789996300449,0.7476108256338698,0.9673702850120828,0.8028216652965227,0.9201942204163308,0.4033164957797132,0.2319984226592294,0.3636309991407654,0.6028467497072612,0.848592671233732,1.1166507896543596,1.3077649168491787
W2907,2,0.0,0.3820394892062858,0.3026359842943685,0.3731405032561896,0.3521279446977612,0.349320619506017,0.0,0.2868092380143893,0.3620415728321695,0.0,0.0,0.3184601958670917,0.361304384388676,0.0,0.3466097946532128,0.0,0.355680793800048,0.4895712854862639,0.3780105603623411,0.432171566663148,0.34702085935625,0.3581091162507489,0.2980385535137499,0.0,0.3344442111567525,0.399096276487097,0.3497546400360226,0.4020398056814106,0.0,0.3328866606857643,44.04906224194042,1.0543226352677106,2.1658208604161766,1.499885427187976,2.4695608498739667,2.279436053001812,1.7818365032808132,2.590725971909499,0.9667165216618432,0.8508224490756338,1.2034459639095114,1.5180641965893338,2.388403128828023,3.090264587890835,3.2073312743044897
W2907,3,0.0,0.5610749500472437,0.4665366834815411,0.4790347249769408,0.4515026598151572,0.4602040469759066,0.0,0.5063150259505036,0.518374223934493,0.0,0.0,0.5832063449214578,0.4828365208554772,0.0,0.5678618193337328,0.0,0.6080401649786238,0.5703545856399038,0.6188789137717661,0.6277159611936836,0.4122166126508926,0.6690083715759764,0.3302368402132906,0.0,0.592808836596892,0.6452430623998566,0.6716094611940084,0.5158159979660837,0.0,0.5355285352697963,9.312806773101618,1.6286809940890912,3.031821819000037,2.925683938896277,4.559292993004348,3.9101251341806345,4.5124665953413565,4.500237190671524,1.7288941388446928,1.6558215741408524,2.0965488143863045,2.9985488852920605,4.78320979173759,6.274351231494501,6.649900056037641
W2907,4,0.0,0.4563668291370344,0.2772384563470556,0.400000574039556,0.4673337588976248,0.510061731086981,0.0,0.3333685425534942,0.5248577006343291,0.0,0.0,0.4750650849201213,0.4651999560961101,0.0,0.366178458264917,0.0,0.4884981585742204,0.601918416586971,0.4484229896761987,0.5474082253479037,0.5616255755133799,0.5169103969601205,0.3234980187889968,0.0,0.4383119920487938,0.6134951988945103,0.5655591105389525,0.3704848579612308,0.0,0.6332899854148294,0.5935744011873206,2.336120898465222,2.780403583307612,3.452375956540185,3.0181049054159765,3.493625221342489,3.630316667357676,3.417714876364922,1.7456213101178777,1.4386050745141998,2.100836516599462,2.6555175209083783,6.394909718268249,6.918928357129487,6.389472016145694
W2907,5,0.0,0.481816392144372,0.2160148974602966,0.2848012694078913,0.4101490600257406,0.4699148626772246,0.0,0.3321482882568685,0.3740197235634341,0.0,0.0,0.3006124695562087,0.3662530482958195,0.0,0.2431142374255497,0.0,0.3281634286168543,0.4473326371962648,0.2382624695848823,0.4081956613830836,0.3844254948638612,0.3646119850089229,0.270790111260437,0.0,0.3016867393484775,0.4210595077824199,0.5155057302343038,0.2597386929151224,0.0,0.423537785129943,0.3485627491305725,2.042540665137061,1.7420648028186432,2.648495151370497,2.2631439992831623,2.1671259681862702,3.458131796786519,1.8417154572884529,1.300263997061806,1.0653159383724051,2.1959037143997024,2.5066751825066227,8.178370178514957,7.527623462415504,9.873679852100247
W2907,6,0.0,0.3794074239231307,0.1638015088450601,0.1964333078972183,0.3707833595665775,0.4537415022271281,0.0,0.2232201751684494,0.32861789188281,0.0,0.0,0.2261389022609223,0.2496744511802706,0.0,0.2018928136446572,0.0,0.1868587283376819,0.2627346112874369,0.146219239998248,0.359421811597012,0.351739423602944,0.275753470795433,0.1882630864200021,0.0,0.2032526123987979,0.3269506860301089,0.3430542553906388,0.1788714069706039,0.0,0.3146875170011435,0.2752739642041042,1.5263223745879682,1.3306048581228902,2.459135253089166,1.866651670042914,1.7287738207654246,2.5371545684157764,1.4913486697753986,1.4550897662800786,0.7383912196752663,1.6850370356961075,2.281529299099427,8.851769887406268,9.600639416315946,8.01286039180858
W2923,0,0.0,0.15,0.15,0.15,0.15,0.15,0.15,0.0,0.0,0.0,0.15,0.0,0.15,0.15,0.15,0.15,0.0,0.0,0.15,0.15,0.15,0.15,0.0,0.15,0.15,0.15,0.0,0.15,0.0,0.15,80.0,0.0,0.0,0.0,0.0,0.0,0.0,0.0,0.0,0.0,0.0,0.0,0.0,0.0,0.0
W2923,1,0.0,0.3017146245846553,0.2365882298773028,0.2607404875347916,0.2431796369092494,0.2190208098332618,0.2523931105830987,0.0,0.0,0.0,0.255172643819341,0.0,0.219028213506656,0.2407834734453255,0.2531675705908389,0.2406122057000436,0.0,0.0,0.2952340350750182,0.290143815726812,0.2376184031376507,0.2291392636725468,0.0,0.2309653667782571,0.2659902538008462,0.2724152855549087,0.0,0.2315667104628626,0.0,0.2475329806493787,59.16434730154985,0.5707449135974734,0.7314383056443337,0.5233507660399237,1.3559756179094913,0.6577537002170503,1.01402090021097,0.7582031411376046,0.1911899942003457,0.3014873275416966,0.3209099189524261,0.5124829140901878,1.0542742536222596,1.1637009618887442,1.2284538532803582
W2923,2,0.0,0.3638290194831048,0.3881645120776026,0.4211648350493165,0.3947387319192553,0.3745397176278838,0.3972364851778096,0.0,0.0,0.0,0.3767768050869676,0.0,0.4818903619907084,0.3634445164360378,0.3148453227743483,0.2971569379907697,0.0,0.0,0.3016125127555445,0.4420129867705712,0.4379245221961613,0.3933281899603779,0.0,0.4206334917657356,0.4248889209973205,0.4065985462151737,0.0,0.3707478216345401,0.0,0.3807518080220816,41.348252571030535,1.5219069736882869,2.333400817417409,1.1521080959530274,3.1006599270901143,1.5440672979374477,1.947015240990534,2.495002944217992,0.5127618727815099,0.7003378745903551,1.2013011879890394,1.4529023712593654,3.058264811477754,3.610296714192033,2.860629958216708
W2923,3,0.0,0.5462798583965502,0.5170110260627162,0.6011181344797434,0.4834320582256455,0.5338742307515995,0.5244543799862587,0.0,0.0,0.0,0.4044068805603841,0.0,0.6351260956375453,0.5832732393027122,0.6877669342185693,0.4686342358731028,0.0,0.0,0.66873518178883,0.7198960173204193,0.5349093914360231,0.6505971710056633,0.0,0.73231259636326,0.6666806873183136,0.6795172853881319,0.0,0.5929752437327386,0.0,0.6334968048845097,8.017759351905708,3.267691649659642,4.11901456302768,2.501351687242481,6.258637191891577,3.34463436846036,4.492094332715768,4.571429823127583,1.0786861593444157,1.5140142101366312,1.8149195620945768,2.501506940759975,4.547094074083741,5.619512380771181,4.8670620716575375
W2923,4,0.0,0.5964421763431963,0.3275535603468666,0.4412498877899412,0.4362526523343862,0.5120043922226459,0.5604151741364177,0.0,0.0,0.0,0.4210168505021577,0.0,0.5280205411718225,0.4244072664932736,0.4618879831914544,0.3558771611906815,0.0,0.0,0.4771414924581347,0.6752717202599824,0.6079291626256446,0.6231417743899058,0.0,0.6072596327934834,0.4660983852088842,0.57638617429806,0.0,0.4533781997485868,0.0,0.5331616501290886,0.5844674264708358,2.97727132747955,2.9541457467007386,2.673601998072917,4.103647989315672,3.0561002869637752,4.34898923633066,2.875969460617809,1.3373416056827394,1.2458589311172548,1.9685368254131392,2.208033697072441,6.211566110147557,7.114166397041942,6.925471348933204
W2923,5,0.0,0.4958090631512376,0.2848540074755216,0.3152951180933843,0.4307376938156342,0.3670272503614051,0.4905711681133681,0.0,0.0,0.0,0.2431082834095431,0.0,0.3754176606139714,0.231029786029259,0.2731529170214266,0.3032277896695221,0.0,0.0,0.3152828362748969,0.5178583061110491,0.5818139659521118,0.4602405198193945,0.0,0.3724615772078503,0.3658174922357324,0.5524238964344693,0.0,0.2835065151154863,0.0,0.4557445674346251,0.3043484094308146,2.924765536975248,1.6043837613834726,2.50181243058752,3.084709768380199,2.5606404709517245,3.045162951921512,2.7407952969457487,1.4018870290572611,1.0633863765158134,1.5010552499129526,1.737278234150233,9.350489242213945,8.255895515259793,7.113863479419192
W2923,6,0.0,0.4043479344601481,0.1775870408269766,0.2045839388593525,0.3382964241284011,0.4545467561316931,0.3380780212383412,0.0,0.0,0.0,0.2003780528453983,0.0,0.2321231932530562,0.1893026608110134,0.1767860264437012,0.1736232089259211,0.0,0.0,0.170869840940441,0.3061305280018384,0.4954898770958275,0.3300525514684832,0.0,0.2710287889590847,0.2667788768236266,0.3739945542316584,0.0,0.2159199438662854,0.0,0.3220526316325274,0.2933397642763523,2.269507802586842,1.2895768613052627,3.093129409174653,2.24185799163222,1.8326399687625128,2.601505256163822,1.963084558771108,1.075399534845883,0.8164014491963558,1.3669542570671624,1.7208943648085369,10.070065048565043,9.663906302458594,7.951185732184758
W2933,0,0.0,0.1666666666666666,0.1666666666666666,0.1666666666666666,0.1666666666666666,0.1666666666666666,0.1666666666666666,0.0,0.1666666666666666,0.1666666666666666,0.0,0.0,0.0,0.0,0.1666666666666666,0.1666666666666666,0.0,0.1666666666666666,0.1666666666666666,0.1666666666666666,0.1666666666666666,0.0,0.0,0.0,0.1666666666666666,0.1666666666666666,0.1666666666666666,0.0,0.1666666666666666,0.0,80.0,0.0,0.0,0.0,0.0,0.0,0.0,0.0,0.0,0.0,0.0,0.0,0.0,0.0,0.0
W2933,1,0.0,0.2534644936353027,0.2650380780755769,0.2103154616700907,0.2299891430619421,0.2531354759708751,0.2381671918266753,0.0,0.2404480552468569,0.3624950534932364,0.0,0.0,0.0,0.0,0.3083051948452902,0.2260229788322607,0.0,0.2731059615071581,0.2975211846171977,0.3034765150290801,0.267020334087961,0.0,0.0,0.0,0.2872882211299128,0.2671406943854393,0.2519529076411622,0.0,0.227551255618757,0.0,70.7098676774071,0.5234109610633692,1.0242890810315854,0.4088653979076744,1.2678818425760203,0.8994729643448055,1.309066570254802,0.9071338574150986,0.4817805644777312,0.1451296168255972,0.4289274423680293,0.3285070657779303,0.5837677357979307,0.925510528957176,1.1549097886377673
W2933,2,0.0,0.4693101593610664,0.3446387692145561,0.4147071365224126,0.4214526312543882,0.4647735614957188,0.5031267271255894,0.0,0.4022514384157721,0.4864434965544055,0.0,0.0,0.0,0.0,0.4335860755112687,0.3542691582140147,0.0,0.4392220524739172,0.4786455370014734,0.4982129963760039,0.4650727125591303,0.0,0.0,0.0,0.4695419733270862,0.4782062151359095,0.4633495879156786,0.0,0.5044126518362707,0.0,45.78946551380084,1.1725103999163633,2.328414383302611,1.4684708086824805,3.1954563890751606,2.3242645802529145,3.41866791839374,2.0350484108971063,1.500275052007941,0.2797346645760858,1.4620278847514732,0.6148237072914446,1.7836373304885649,2.99718181739395,2.5315864338216234
W2933,3,0.0,0.5648530592666526,0.5684456149948619,0.5580513448063364,0.6063763389743478,0.4921928336877327,0.6290057751969046,0.0,0.6658839901166663,0.8110114490688755,0.0,0.0,0.0,0.0,0.4543995704227412,0.6150537420887006,0.0,0.7541525468575606,0.549143892440636,0.6076014421049862,0.7321392092099159,0.0,0.0,0.0,0.6642226098433168,0.5567598974589961,0.7413442156495254,0.0,0.6365486738088989,0.0,8.603455872918266,2.2649006724895604,3.9303599921324697,2.15499328130509,5.758308634679839,4.6551230227434015,6.56842864231765,4.633249622076334,2.933435364031809,0.5267638957686054,3.209400233923825,1.716086140148785,3.0023338195706337,4.900546968157872,5.160530665393783
W2933,4,0.0,0.671531746653828,0.4127672417345676,0.5541503103081398,0.589243821173078,0.7770279944505798,0.5871963825071606,0.0,0.5514707891423127,0.7687070453964264,0.0,0.0,0.0,0.0,0.5326107080283778,0.506473914423413,0.0,0.7480447826910933,0.5381935252409876,0.7053068500327451,0.6970242974455413,0.0,0.0,0.0,0.5825379765767016,0.5453607654012644,0.8149930837216754,0.0,0.5864618353472543,0.0,0.6647394121849491,3.0005169660695765,2.3618420735447314,3.2544145509189923,3.982097939262016,2.5294672047442117,5.276098678927689,3.679047562423568,2.7935111491901004,0.8620763877045792,3.315031992960667,1.980060542684919,5.224495414489297,7.32150043953828,7.522040481354309
W2933,5,0.0,0.5091831399864198,0.2945888225823236,0.338418012682648,0.5460870080186959,0.6658581261388453,0.4525769542541905,0.0,0.6411002631347695,0.5370191404038338,0.0,0.0,0.0,0.0,0.3536998748945171,0.2594026732960706,0.0,0.5226905218776189,0.3566980535001999,0.5217207249555872,0.6575952330704987,0.0,0.0,0.0,0.4690064738782051,0.4479669133164744,0.5819261245896308,0.0,0.3737012425977261,0.0,0.3902932398187858,2.5976947244570536,1.6053576228148565,3.138918756388848,2.405038551911323,2.129707791676392,3.0362797287176786,2.038438565503606,2.383695484391568,1.131497036050973,2.3166544454074702,2.1289073847975164,5.740168820804017,7.0799269356850845,8.503131838458184
W2933,6,0.0,0.3683611397178831,0.1509262899754453,0.2606317144739588,0.3780521538268139,0.6033291572586186,0.3201598857950186,0.0,0.4535561697945648,0.3756159746142052,0.0,0.0,0.0,0.0,0.3127792350990611,0.1938257617791853,0.0,0.3324772240282665,0.2243365499100767,0.3721829011591397,0.5054171725309418,0.0,0.0,0.0,0.2646999958523411,0.3408424187307745,0.4957487949764755,0.0,0.3868454748539753,0.0,0.3146014828143202,1.6401143605001691,1.0446840444434673,2.549207228754294,1.668280740429374,1.6338915656319517,2.2147120865433343,1.50955253163035,1.4678664864361428,1.1616115796317774,1.9921917379767,1.803771717750063,7.561031019507061,8.589973984995881,9.397929607173593
W3225,0,0.1875,0.0,0.0,0.0,0.1875,0.0,0.1875,0.0,0.1875,0.1875,0.1875,0.0,0.0,0.1875,0.0,0.0,0.0,0.1875,0.0,0.0,0.0,0.1875,0.0,0.1875,0.1875,0.1875,0.1875,0.1875,0.1875,0.1875,80.0,0.0,0.0,0.0,0.0,0.0,0.0,0.0,0.0,0.0,0.0,0.0,0.0,0.0,0.0
W3225,1,0.3462501531940036,0.0,0.0,0.0,0.2763765774494438,0.0,0.32372121672549,0.0,0.3184293348921587,0.3404521551094652,0.2693680303481892,0.0,0.0,0.2887955583714183,0.0,0.0,0.0,0.3184258397523998,0.0,0.0,0.0,0.4043233255241214,0.0,0.3061961394077824,0.297698916962699,0.3249324560428598,0.390691580260274,0.2819824165466575,0.3481744210508304,0.3141343113780891,66.00574061242288,0.5813693165346407,0.6106639468144985,0.7449924394068957,0.8163612042532595,0.8679763194093171,0.8103214158878016,0.4716879553362673,0.670175040080475,0.3071462162996626,0.4611237897904205,0.3411117331449265,1.042402195459402,1.282717132212028,0.97524825215286
W3225,2,0.4741869015468761,0.0,0.0,0.0,0.4351719956717508,0.0,0.5598792863355225,0.0,0.570150259418962,0.5292723166699177,0.5532224864385988,0.0,0.0,0.5232955160927265,0.0,0.0,0.0,0.5351567886762374,0.0,0.0,0.0,0.4799658883348534,0.0,0.4800051480122187,0.4609483427867254,0.5514846801902158,0.5495533181425394,0.4725150357860199,0.5432926003175105,0.5390756132947387,42.293141142652274,1.6013826736762755,1.769025061706396,1.894561812433728,2.6299641448544517,2.1043058450900465,2.7285925741535637,1.812104179861258,2.2189507220502653,0.6704546996165047,1.434127482716454,0.9612589406068064,2.766868324374021,2.9298405778802974,2.546460286104007
W3225,3,0.5918436531273671,0.0,0.0,0.0,0.5542634277092092,0.0,0.7476555286986554,0.0,0.6540571537524831,0.7850293684956955,0.6717822584380647,0.0,0.0,0.5743977381592018,0.0,0.0,0.0,0.9613006446404568,0.0,0.0,0.0,0.6912804462477564,0.0,0.7668549473092479,0.6947895886946055,0.5839042877000697,0.749409334483202,0.6224907237370416,0.6651978239628463,0.6529406022011485,6.014348520033964,3.0104033216802915,3.189169313588923,3.2593210321883554,5.273339428982896,4.57127084183884,4.858613305474781,2.955057804343827,3.893295071273415,1.1781992731791324,2.417718363771208,1.4992044325533087,4.832653410651977,6.197754687427701,5.132551115154669
W3225,4,0.4238841194517052,0.0,0.0,0.0,0.5823532419013707,0.0,0.8054930708584278,0.0,0.5562913673285705,0.6958737863798381,0.5423179575476635,0.0,0.0,0.5656836888937361,0.0,0.0,0.0,0.6815631122044462,0.0,0.0,0.0,0.6230188180330082,0.0,0.6148428281241584,0.5628014500096885,0.7285559873369047,0.7580683643113428,0.490162899157446,0.701547661263216,0.7004753863040245,0.4800023002099903,2.5292547701665216,1.666430790421196,3.693484060878665,3.565250591645535,2.8007151529503487,5.434342429674272,2.3124553100184007,2.8733168166970966,1.5516293090088655,1.9252346259657231,1.9829657234812368,7.271052784820464,7.778395578086312,6.639011723744618
W3225,5,0.3132186080041074,0.0,0.0,0.0,0.3736940259882822,0.0,0.5426545815615778,0.0,0.5410888105627446,0.5506537139618602,0.4087087459260229,0.0,0.0,0.3368833474969052,0.0,0.0,0.0,0.4616267670162016,0.0,0.0,0.0,0.5240010862880374,0.0,0.4549827745418061,0.3492080614118588,0.5574081842517269,0.6314247045282055,0.3452318966003471,0.5270035664505934,0.5049311230143481,0.3094191256025977,2.3875153073005984,1.326747093773022,3.177889806324001,3.0300106615760654,1.804940704320356,3.0968389244395182,1.3517218677020462,2.07412373935704,1.217454063719868,1.7352936858924726,2.159235311872889,7.045306462805844,9.476667085125362,6.993020739521705
W3225,6,0.1452706595790764,0.0,0.0,0.0,0.4277252277510727,0.0,0.3999015991713879,0.0,0.541996500973155,0.3927029866981612,0.2410777975289029,0.0,0.0,0.2924266565488164,0.0,0.0,0.0,0.3560068366817677,0.0,0.0,0.0,0.3892319751018056,0.0,0.297697840314784,0.2230864322822206,0.2952119228685447,0.4666033399908584,0.2572931940306305,0.3700253512443348,0.3783923508182465,0.184028093586731,1.802325714075235,1.0595933165403542,2.408021644922069,2.220805117219552,1.44454624483032,2.9830724300050004,1.3165220725373523,1.5655543397549705,1.471220237548463,1.5696785760430365,1.3550049826968946,7.585837846985356,9.412375530253373,7.17583072546413
W3559,0,0.1666666666666666,0.0,0.0,0.1666666666666666,0.1666666666666666,0.0,0.0,0.1666666666666666,0.0,0.1666666666666666,0.0,0.0,0.0,0.0,0.1666666666666666,0.1666666666666666,0.1666666666666666,0.1666666666666666,0.1666666666666666,0.1666666666666666,0.1666666666666666,0.0,0.1666666666666666,0.0,0.1666666666666666,0.1666666666666666,0.1666666666666666,0.0,0.1666666666666666,0.1666666666666666,80.0,0.0,0.0,0.0,0.0,0.0,0.0,0.0,0.0,0.0,0.0,0.0,0.0,0.0,0.0
W3559,1,0.2857221763753339,0.0,0.0,0.2774608812666119,0.3003982731353061,0.0,0.0,0.2639518001297566,0.0,0.2752623610627132,0.0,0.0,0.0,0.0,0.273249405512053,0.2826789706246916,0.2475151127258403,0.261838005775135,0.2586563117243379,0.3079521955566751,0.2359821327042875,0.0,0.2864188260490102,0.0,0.2927087377828875,0.2070773792914181,0.1991926781652202,0.0,0.2712314805654607,0.3048544448579331,60.78194851386567,0.520520846613484,0.6708200919454761,0.2867654494809163,1.1618601141616798,0.8181826017511462,1.102939893823598,0.9775220165128504,0.7909756725074861,0.3416510263108158,0.4776686906358107,0.182337448864693,1.0193349142614825,1.5224073321464937,0.6792069932624225
W3559,2,0.4584924284861413,0.0,0.0,0.4585654599205497,0.3899965891494057,0.0,0.0,0.4218254933951264,0.0,0.5098127405485271,0.0,0.0,0.0,0.0,0.4413108214888369,0.3959957672510034,0.4348619684794872,0.4235265318715669,0.4028185950672507,0.4565557541047621,0.3863873690125814,0.0,0.3891319511777497,0.0,0.4335622985872549,0.4762299328392261,0.4865736866589907,0.0,0.6176657471923506,0.4997572065480904,41.34611986986702,1.0674098085733068,1.6357684837454256,0.7753181661027295,2.365878484080054,1.672855051408937,2.306865201709341,2.8510004646912948,2.2016872107905674,0.7243156083935441,1.1184926305255047,0.6841426270373034,2.7839271485192616,3.8838327891418767,2.589486674310764
W3559,3,0.6463010922832116,0.0,0.0,0.450818461404568,0.477491239026428,0.0,0.0,0.5333834744750239,0.0,0.7081674319602257,0.0,0.0,0.0,0.0,0.5647727116895782,0.5990183128480676,0.6708933783669643,0.8576633769283097,0.7406107076369604,0.7405900551892075,0.6196302486137704,0.0,0.4169591736108125,0.0,0.7668336718103748,0.6798868209321127,0.6938689189041327,0.0,0.7119323214264625,0.719484384987721,7.5932581232441265,2.2130529449193026,3.095606079248748,1.8799041228969544,5.063512841921815,3.781566058647045,4.310702742838158,4.545129204087571,3.527177011221605,1.343722291190396,2.287793424686182,1.1705955718299643,5.204177537812086,7.049631791026045,4.808385765521196
W3559,4,0.4382381445679996,0.0,0.0,0.4645331393709863,0.6079618598917089,0.0,0.0,0.4676787583565092,0.0,0.8064260473298034,0.0,0.0,0.0,0.0,0.541207399051478,0.4000465403842691,0.5614268737733533,0.7061435540867321,0.5419122496204338,0.5363804397129164,0.6593764199005535,0.0,0.3904344709920156,0.0,0.5324196669651979,0.5176260311573886,0.6333967956248883,0.0,0.682154587977091,0.7012226199571729,0.4401151190865112,2.8848684739532984,2.4075179044586665,2.445249384525491,4.098609419332287,2.0253440571773087,4.713420861948115,2.457456749643688,2.6828083897472306,1.967218089419798,2.375537365617926,1.3961292095318285,5.83821065851772,8.911727837544115,6.252431092642373
W3559,5,0.3699139900866481,0.0,0.0,0.3413723635666678,0.3883301534215724,0.0,0.0,0.3857465541621426,0.0,0.4473675797061011,0.0,0.0,0.0,0.0,0.3907797806920251,0.2610843128359728,0.4951572605255511,0.5177191121071952,0.3345311163810268,0.4752882716134302,0.5743304543453928,0.0,0.399848643333955,0.0,0.4019525711683827,0.5000767246516828,0.5189838985912562,0.0,0.4546443100946826,0.5113591156085485,0.2325195552736094,2.1077839483377705,1.6815007149460512,2.23893027348644,2.9504488371118724,2.147589942161116,3.304915363093011,1.380919139888472,1.9877011191803344,1.5440413510147797,1.883435528766227,1.700979401299314,6.623963424738837,10.357489050521792,7.093944736604102
W3559,6,0.2475165619593284,0.0,0.0,0.2898183397487243,0.4366215772366487,0.0,0.0,0.2416137958119396,0.0,0.381681645568204,0.0,0.0,0.0,0.0,0.2139567019266161,0.1758024749785278,0.2926588538591576,0.2953504885380932,0.2208984432358411,0.385271303751359,0.4692886739464159,0.0,0.2040059995506444,0.0,0.2523421006761716,0.3225339357132132,0.5056840268205847,0.0,0.3856609044312877,0.3573067014067752,0.2205574334347187,2.1071741734876417,1.1080927351374892,2.002339330103425,2.333128474476298,1.6617462588168297,2.9458494452745034,1.323576865443152,1.1935145527994848,1.176071181365415,1.7929849501167228,1.7068973684372817,7.776325183656271,11.541560372924115,7.151397132627577
W3674,0,0.1764705882352941,0.0,0.0,0.1764705882352941,0.1764705882352941,0.1764705882352941,0.1764705882352941,0.0,0.0,0.1764705882352941,0.1764705882352941,0.1764705882352941,0.0,0.0,0.0,0.0,0.1764705882352941,0.1764705882352941,0.0,0.1764705882352941,0.1764705882352941,0.0,0.1764705882352941,0.1764705882352941,0.0,0.0,0.1764705882352941,0.1764705882352941,0.0,0.1764705882352941,80.0,0.0,0.0,0.0,0.0,0.0,0.0,0.0,0.0,0.0,0.0,0.0,0.0,0.0,0.0
W3674,1,0.3004771089735528,0.0,0.0,0.2842664365665035,0.2670415104494409,0.3087917170261841,0.3162918866791975,0.0,0.0,0.3095667975635252,0.3365953587326175,0.3302466086649198,0.0,0.0,0.0,0.0,0.2663928159950001,0.2765763189684995,0.0,0.2963010354246328,0.2886827655837541,0.0,0.3022796592091527,0.2653576586743152,0.0,0.0,0.3516608117971714,0.3376868690899419,0.0,0.2930403448183163,62.28417243487204,0.3502804162407776,1.026597887651872,0.781511814070928,0.682588728212602,0.6246845201468681,0.9157698634454252,0.6194077602924023,0.4324495081108312,0.2731375382707423,0.5644725937426959,0.1891765906466312,1.2029312992205388,0.9930407607878152,1.2565641513596597
W3674,2,0.4900526941795657,0.0,0.0,0.4328284688397629,0.4700027435942954,0.4250016375720772,0.4406918922170294,0.0,0.0,0.520626751717553,0.4838210080043252,0.5137868562512186,0.0,0.0,0.0,0.0,0.4788120178258856,0.4871571970012143,0.0,0.5441905359979331,0.4217608501454731,0.0,0.423651117686983,0.5025662292142984,0.0,0.0,0.5039292713869573,0.5636465412225525,0.0,0.4878000040102521,39.52957647177018,1.2044941780727083,2.821359548548337,1.8764095152822704,1.9400569888276,1.225723376971757,2.4499942858999346,1.2792363557654245,1.1424059152639352,0.7564054760089659,1.7078534004789168,0.4955340899708662,2.857003710559785,2.6254447826949217,3.985734431309538
W3674,3,0.6003021730433902,0.0,0.0,0.6312355295261051,0.5701715898813712,0.7116718908002799,0.8001561893158713,0.0,0.0,0.6480229004500383,0.6390951790166165,0.6584636088910915,0.0,0.0,0.0,0.0,0.7895476305552951,0.7471670306440432,0.0,0.844346896222245,0.7085539649595836,0.0,0.6100633516717273,0.8301518787563974,0.0,0.0,0.7578134737165678,0.7425509616822736,0.0,0.7920667217054527,5.360506262072328,1.899096458419092,4.82849097228558,3.3574117124849394,4.374645640717976,2.5933779286082443,5.120011787129306,2.829367403003194,1.9709416503400343,1.719958441737789,3.161271693800631,1.1591730846771997,6.057435106901284,3.983507265903781,7.147339858197381
W3674,4,0.5611953665632422,0.0,0.0,0.4128560141503962,0.5334106166318251,0.5422665082461638,0.691908912063102,0.0,0.0,0.7512272509203537,0.6782458372685257,0.5958020498104992,0.0,0.0,0.0,0.0,0.5993728495466062,0.8295879668719658,0.0,0.6984353235608712,0.6998625538243244,0.0,0.4340713011264387,0.5824931021689892,0.0,0.0,0.4663916284793146,0.5433047019078643,0.0,0.7247430048042776,0.5010313051504298,2.44186507220549,1.5842482526351125,3.5031404427733497,3.457498994136715,2.849629138854892,5.2728674931291,2.281149699227361,1.905315807424426,1.4328275659209742,2.57042966216992,1.209297541283764,8.8020237997202,7.18278699285769,7.301877614903339
W3674,5,0.413387531424729,0.0,0.0,0.4327419685549744,0.4580560606912928,0.5805476007069067,0.4735258253519405,0.0,0.0,0.5743656360031685,0.2968029104385616,0.3708084565454289,0.0,0.0,0.0,0.0,0.4408198737316392,0.4987592790673389,0.0,0.43159867641004,0.5286681652608376,0.0,0.3485357203032039,0.4207567473119729,0.0,0.0,0.5247725788125834,0.3460480785980899,0.0,0.4858298240249155,0.2455750269911443,2.499879272360552,1.2387103808227222,2.5226050906453867,2.2601149541726944,2.1905791946530524,3.5119034088704217,1.3870997388450466,1.5667342561577728,1.1936187234559692,1.768011054196896,1.2294051571937177,10.695945678464112,7.53238676351755,9.73709983974396
W3674,6,0.2599996375346229,0.0,0.0,0.2182602535578227,0.3529818665492406,0.4934298235739419,0.410469885910639,0.0,0.0,0.372006831128936,0.2850443537842131,0.3269444193688779,0.0,0.0,0.0,0.0,0.2417849422523746,0.3800013479565307,0.0,0.2881311850678834,0.4836447943517827,0.0,0.2132434322405517,0.2243511803449628,0.0,0.0,0.4033754210003059,0.2304168408219288,0.0,0.354228011604485,0.2270245660380845,2.042535623064354,0.9345391030718112,2.445147766426582,2.197516378751721,1.4798264016311165,2.3956012166079925,1.3567689906781937,1.085654572115506,1.0903679969408255,1.7396469604258702,1.0932092587169424,9.568235348500888,8.95424015452178,9.993445511276256
W3945,0,0.2,0.0,0.2,0.0,0.2,0.0,0.0,0.0,0.2,0.2,0.0,0.0,0.2,0.2,0.2,0.2,0.0,0.0,0.2,0.2,0.0,0.0,0.2,0.0,0.0,0.2,0.2,0.0,0.2,0.0,80.0,0.0,0.0,0.0,0.0,0.0,0.0,0.0,0.0,0.0,0.0,0.0,0.0,0.0,0.0
W3945,1,0.352017506764491,0.0,0.3137095707941285,0.0,0.3549690203859357,0.0,0.0,0.0,0.3231125605886993,0.3461274112975251,0.0,0.0,0.3517715558216541,0.3093202839555792,0.291714160629824,0.3136288873060978,0.0,0.0,0.2848459615025389,0.3413644738731138,0.0,0.0,0.3436419655016798,0.0,0.0,0.3534013725961571,0.3084882960525213,0.0,0.3497381112007001,0.0,73.55045188844562,0.5682576954007241,0.6267853363609888,0.3871820538823047,1.781963106810145,0.9547102078916484,1.290496369804755,1.2121294053860037,1.0135861407792337,0.1733964350170417,0.142855730010783,0.2445354209859986,0.6088628261972943,1.0937808690952264,0.8980631047087438
W3945,2,0.5227423593951824,0.0,0.4938103161866393,0.0,0.5248286528932451,0.0,0.0,0.0,0.4977762054331743,0.5472553365784623,0.0,0.0,0.6286585733453113,0.5208988236260423,0.4742147959969087,0.5131242016969756,0.0,0.0,0.4938420829112903,0.5989776903702877,0.0,0.0,0.4409895145426138,0.0,0.0,0.4833391294294321,0.513314279753004,0.0,0.5585366279591518,0.0,34.10668536047221,1.6951423738701104,1.2577776486004737,0.8310140094402483,3.751395892578316,2.194300683771518,2.984046358774476,3.3719106035329056,2.231047642134471,0.3947291981134792,0.2907874984678549,0.6101129953891504,1.588573482789257,2.752092162250623,2.235839691833517
W3945,3,0.7620050182096166,0.0,0.5784447529272913,0.0,0.7252120996893899,0.0,0.0,0.0,0.8563169920860381,0.8324409762850182,0.0,0.0,0.7202944237708936,0.7014526983991765,0.7309120212377241,0.6190703032251499,0.0,0.0,0.9087750272762738,0.9922329581824396,0.0,0.0,0.4505556617608394,0.0,0.0,0.785896103974366,0.8124908943340652,0.0,0.8605865146744048,0.0,11.359007713262113,2.5204446122867235,2.7519997965808187,1.8512400002467808,6.255427168940956,3.622963818722858,5.235053036504088,5.923094276644036,4.714957459697902,0.7182766593923862,0.5796115473950753,1.066240630955239,2.6913898236473512,5.358367165401969,4.507134564804341
W3945,4,0.7645038002301071,0.0,0.4794215584700211,0.0,0.7007824364051839,0.0,0.0,0.0,1.043328829828033,0.8850391145769088,0.0,0.0,0.7053899526426216,0.5777077408759592,0.5768285540929727,0.4969838781997945,0.0,0.0,0.8426301230834214,0.8816481495050033,0.0,0.0,0.554745110095393,0.0,0.0,0.5872368007301351,1.049010682216606,0.0,0.7407108887626618,0.0,0.750214999571232,3.462628004920789,2.00505322029332,3.2738346014410893,5.795504834367988,3.587335127496548,5.799421005815434,2.5395108046157966,2.395667930197041,1.0207131320445688,1.030561661235294,2.388627857915273,4.433118790747344,6.830162321319142,5.953820223909681
W3945,5,0.4231875055846323,0.0,0.2952740493585749,0.0,0.5257360009981777,0.0,0.0,0.0,0.8260766967833661,0.665047327895353,0.0,0.0,0.6952095598094794,0.4503265498626985,0.3818077042106542,0.3664673971071333,0.0,0.0,0.4180113996137117,0.6117888879542235,0.0,0.0,0.4694066406894175,0.0,0.0,0.5145254191760744,0.6462085452216056,0.0,0.743945765571305,0.0,0.4646226058268168,3.426897582265972,1.6621676186007988,3.813193824842414,5.162362612087921,2.0839079364085493,4.718091242650512,1.4555338348735725,1.5254508840424468,0.8725892313785034,1.116856744052514,1.970277272021574,5.738391204441964,9.166673956656606,6.824107706259296
W3945,6,0.3428943121675021,0.0,0.2183257770770903,0.0,0.5383363880130978,0.0,0.0,0.0,0.7812781447122686,0.4604228872345337,0.0,0.0,0.4141624145684344,0.3057725936552641,0.3516140153074421,0.2076505699382391,0.0,0.0,0.3338765139043586,0.4629468898252142,0.0,0.0,0.2491132285089643,0.0,0.0,0.4724962823314612,0.4789793948632759,0.0,0.6027679836394557,0.0,0.2637712699396926,2.3230426730880844,1.251703054659712,3.7118202915616574,3.4575163270940648,1.3718757726663222,3.909366024977028,1.1038499814295029,1.20598854798445,0.8235905020125733,1.1061090550169692,1.5136707450411542,5.794701012517163,7.756904968758187,8.03911321916259
W4011,0,0.15,0.0,0.15,0.0,0.15,0.0,0.15,0.15,0.0,0.15,0.15,0.0,0.0,0.0,0.15,0.0,0.15,0.0,0.15,0.15,0.15,0.15,0.15,0.15,0.15,0.15,0.15,0.15,0.15,0.0,80.0,0.0,0.0,0.0,0.0,0.0,0.0,0.0,0.0,0.0,0.0,0.0,0.0,0.0,0.0
W4011,1,0.2693509557475367,0.0,0.1933534621155881,0.0,0.2585365627548552,0.0,0.2549556606367849,0.2326146502777941,0.0,0.2781334303148649,0.2168833840598968,0.0,0.0,0.0,0.2962909709042385,0.0,0.2316285331042761,0.0,0.281912141492613,0.2494606431405234,0.2556732582605019,0.1751160861742954,0.2519723492442016,0.2241989306499529,0.2344049192301143,0.2578935989198428,0.2439137300866472,0.2185851294712444,0.2663174187343774,0.0,63.85732996492512,0.4527070407961968,0.59875598498454,0.5734359878792108,0.7102870992184837,0.9269852458436594,1.1239100586003596,1.0414042752796837,0.6952556846345529,0.1172909839032452,0.2347613561504988,0.2631280196737976,1.1215126538292195,1.0871795430430784,0.6263989253062502
W4011,2,0.3494895084779763,0.0,0.3606300285122619,0.0,0.4054399064025494,0.0,0.4409392654318681,0.4028313614846787,0.0,0.3437481795990768,0.3701780954757681,0.0,0.0,0.0,0.4044829540137182,0.0,0.4125148988939205,0.0,0.440220243759751,0.4183792113957879,0.4353981260340123,0.4476372283864441,0.3789209285833429,0.4139997996614341,0.3553925175578247,0.3747536529241024,0.4993898213219575,0.3386900614056667,0.4053417181985102,0.0,44.49628252589184,1.5267057053459938,2.45525347781878,1.0271998469758772,1.837868457596776,1.9909313897340304,2.7498942391693,2.4211128364799013,1.819303473403138,0.1304778161937927,0.9315218777699942,1.0186214789852726,3.085977216690164,2.9746748039030715,2.1200731747316004
W4011,3,0.6318025288592155,0.0,0.5196770650508084,0.0,0.4154199068962798,0.0,0.5540977948456868,0.611414811684504,0.0,0.501141957748969,0.553023452737549,0.0,0.0,0.0,0.6359189730402839,0.0,0.6896717649332041,0.0,0.65262758643444,0.6421321267871241,0.69970620202015,0.6117820645717895,0.3853587251166561,0.7240222249831875,0.6149924773085781,0.5924907770237089,0.6056916941909307,0.5651366080752154,0.5871934374364276,0.0,8.529069702873263,2.6031398680443667,3.813512298710918,2.413558930902272,2.8411346855252395,4.193569062703403,5.470636862632404,5.083709290173323,3.2950915716782943,0.3384497781801876,1.6711129406900205,2.2012434956717724,6.650471330617419,6.479981340626196,5.103570017597903
W4011,4,0.5056264278788802,0.0,0.3190008080714149,0.0,0.5442164102449858,0.0,0.5715970571893194,0.4499836629835211,0.0,0.6281551679105026,0.3705509984403838,0.0,0.0,0.0,0.3807854563624678,0.0,0.5049214227662528,0.0,0.4170718816742141,0.4987628032919717,0.6193893716282505,0.6038871006502575,0.41056099861262,0.6166981208516169,0.4409526395163984,0.6010125064115773,0.6854829596025693,0.4068741778138739,0.5397727828558623,0.0,0.5282031222838816,3.009205939413123,2.904679304775994,2.407633265661976,2.7061546457412677,2.856327646969211,5.325531732956033,3.139002094370464,2.2259642185837483,0.8246401942747787,1.8769798604211532,2.0338438854754184,8.71083134678758,8.457999894752561,7.250586385997034
W4011,5,0.3174616938964918,0.0,0.2569458161997734,0.0,0.5601600429047179,0.0,0.5088549656945913,0.2997680995085567,0.0,0.4987874025919173,0.2949473375517191,0.0,0.0,0.0,0.3659293829945743,0.0,0.3618501303860228,0.0,0.2901235234334584,0.4916525232685161,0.4925444922819174,0.3793820571807593,0.2661237843658445,0.3753569884724262,0.3406339929759441,0.4289681964535873,0.3915101218518552,0.2728491059709939,0.4121253841913574,0.0,0.2379472973305623,2.154573402716733,1.290938472445057,2.3359460856927656,2.2028703742692537,1.872775218662976,3.869769872336241,1.590278718238356,1.767653209825226,0.9861444459156156,1.317486908173418,1.997596273720334,6.836348732350675,9.502008677874205,8.747273785440454
W4011,6,0.2418905233240814,0.0,0.1362340365488241,0.0,0.4260178402734946,0.0,0.3514535812201222,0.264026508786436,0.0,0.2952494531374928,0.1846248934027273,0.0,0.0,0.0,0.2175593447579829,0.0,0.2295967368617777,0.0,0.1602401873079406,0.3181675089637548,0.3562620621968598,0.268937664696326,0.1781774680916108,0.2628683312653312,0.1862152961256636,0.3215539284889426,0.401733066075246,0.1681090187411749,0.415386279610595,0.0,0.2226829401658805,1.9467821055413292,1.4133096932229097,2.450538006979561,2.0516536667159664,1.5920479763796258,3.385596493130289,1.2543392393965151,1.2602656420677942,1.0164994376673515,1.2324145123112185,1.57111867692747,9.445392561209928,8.622856793037535,6.759467108810305
W4060,0,0.1875,0.0,0.1875,0.0,0.1875,0.1875,0.0,0.1875,0.1875,0.1875,0.0,0.0,0.1875,0.0,0.1875,0.0,0.0,0.1875,0.0,0.1875,0.0,0.0,0.1875,0.1875,0.0,0.1875,0.0,0.1875,0.1875,0.0,80.0,0.0,0.0,0.0,0.0,0.0,0.0,0.0,0.0,0.0,0.0,0.0,0.0,0.0,0.0
W4060,1,0.3011085612621511,0.0,0.291866966667666,0.0,0.311318475003896,0.2848944333493088,0.0,0.3098753659400589,0.250834349023201,0.3718698652405227,0.0,0.0,0.3010783875630062,0.0,0.379809991891942,0.0,0.0,0.3044336746629607,0.0,0.3107334848105696,0.0,0.0,0.2950188346336809,0.2723517276330599,0.0,0.3184525983682047,0.0,0.3084148441064626,0.2820043302376116,0.0,67.39351281051759,0.611845021384513,0.7135484290533307,0.3488985168603156,1.105320733699814,0.9755125777603384,1.3320989273178363,0.6834602235151495,0.5184802748784784,0.114002664227711,0.2237234846144919,0.2969335997187637,1.205854159812053,1.1176933467915402,1.2454738771049847
W4060,2,0.4335326598296484,0.0,0.4315662075589261,0.0,0.4437059025450451,0.5032407279303037,0.0,0.3375982038803051,0.473265790779842,0.5745232302199328,0.0,0.0,0.5075079339884759,0.0,0.5051107583105072,0.0,0.0,0.6139684658731084,0.0,0.5806389113738188,0.0,0.0,0.445234988292826,0.4678784266203362,0.0,0.6500363334368351,0.0,0.5648152904385801,0.412624459040659,0.0,44.15954327990882,1.384167641995235,1.9755135398168853,0.8056707952271857,3.278232561643957,2.8228149702639773,3.67049657112469,1.8615449969725564,1.552878372455848,0.2549432830731046,0.8899559524759187,0.5878142954232043,3.1109742928830872,2.6481952458658773,3.480873557899275
W4060,3,0.7570649506726489,0.0,0.6324152914301314,0.0,0.5316800121432518,0.7449437468396195,0.0,0.5490425498608134,0.65356218061514,0.9068987005942336,0.0,0.0,0.7346684003668685,0.0,0.7589776068503135,0.0,0.0,0.9982888824532526,0.0,0.8086581515583581,0.0,0.0,0.6268072847714026,0.9296594867936132,0.0,0.7058102433660026,0.0,0.6791052755765242,0.8234243109670195,0.0,8.094605805622722,2.504395380653874,3.888892850906332,1.7403674093466002,4.8328583559528,4.672134907545608,5.162677970110275,3.1525513546586743,3.208706757575965,0.4448034239978056,1.6226713958694496,1.3956642137729791,5.881965304923261,5.600059263486008,5.364681674916785
W4060,4,0.4816477940702193,0.0,0.4074377574041138,0.0,0.6360374510676888,0.6220486072820698,0.0,0.5270491461832326,0.7194967096761836,0.7901369612919495,0.0,0.0,0.755870138907803,0.0,0.4997304177287475,0.0,0.0,0.7935255973063,0.0,0.7080675589030994,0.0,0.0,0.530435330434939,0.8347757528049967,0.0,0.6426248728864761,0.0,0.5438525493298688,0.653068538261413,0.0,0.4882976336446105,2.320422845220321,2.1488938632335493,2.392766608140894,3.661555836555168,3.6650895370212178,4.829680867350043,2.0318327133618865,2.312886077467487,0.7835472198650251,2.02854480803671,1.6563603684487438,8.851198533364174,6.443085776626695,7.676980244043595
W4060,5,0.46027680577397,0.0,0.2708677315151148,0.0,0.5481850468091225,0.6707973624811832,0.0,0.3799885298499257,0.7031698042010841,0.6161234757011702,0.0,0.0,0.435331358265165,0.0,0.3320926777814992,0.0,0.0,0.5867284509301036,0.0,0.6301057939725875,0.0,0.0,0.3898296073170571,0.5473653434208583,0.0,0.6267157696700126,0.0,0.3931520676277597,0.4895485464478107,0.0,0.3834357738721069,2.218451000054345,1.3940316633001133,2.528592727608609,2.685773545286525,2.324537936285437,3.1074672106862127,1.7504016559788618,1.2730788384681029,0.7706106855506165,2.052651896339787,2.0014280384393515,9.124476058444548,8.337874839777555,10.353398771613488
W4060,6,0.2504400517392183,0.0,0.1697255663160381,0.0,0.3877266503463581,0.5597402178332822,0.0,0.3281157923759756,0.5959498076079915,0.3813538699195711,0.0,0.0,0.3425381148522809,0.0,0.3118432716837936,0.0,0.0,0.3606786971013188,0.0,0.3945814446143734,0.0,0.0,0.2163097238183534,0.2181114310407001,0.0,0.4414787534374675,0.0,0.1779282245306709,0.3600634979323371,0.0,0.2030754523182272,2.076855115482639,0.9829087192198958,2.108205137683107,2.49397192203859,1.8206871415410388,2.21772803387082,1.290443242379026,1.282062234687783,0.6026080030051674,1.684241238166179,2.270826088586406,9.44306407641052,9.753528584398502,8.816733774854361
W4095,0,0.1666666666666666,0.0,0.1666666666666666,0.0,0.1666666666666666,0.1666666666666666,0.1666666666666666,0.1666666666666666,0.1666666666666666,0.1666666666666666,0.0,0.0,0.1666666666666666,0.1666666666666666,0.1666666666666666,0.1666666666666666,0.1666666666666666,0.0,0.0,0.0,0.0,0.1666666666666666,0.1666666666666666,0.0,0.1666666666666666,0.1666666666666666,0.0,0.1666666666666666,0.0,0.0,80.0,0.0,0.0,0.0,0.0,0.0,0.0,0.0,0.0,0.0,0.0,0.0,0.0,0.0,0.0
W4095,1,0.2887772600450671,0.0,0.2314376805914095,0.0,0.2451349940639015,0.2517961299840239,0.2501117130642482,0.2256749799094733,0.2953088648661734,0.2830537764206932,0.0,0.0,0.2655398664127624,0.296939052344101,0.2013089104178566,0.2948603687110758,0.2435451537586355,0.0,0.0,0.0,0.0,0.2203442953639953,0.3016832194660099,0.0,0.2866148890774689,0.2604476640075915,0.0,0.2621909316028255,0.0,0.0,66.99500837301758,0.3940580489911187,1.0368061562357702,0.2811446612629267,1.0958798679523507,1.0407850098754134,1.3122318495839684,0.5677276928037192,0.268001210217336,0.1380533093373773,0.1040255488882554,0.3918720278606862,0.9427117619873716,1.5340012967037933,1.0828859695073136
W4095,2,0.4581322873370164,0.0,0.4269134242862988,0.0,0.4282014752427045,0.4266718346950149,0.4645977913985795,0.3106495815769089,0.3768039572765151,0.4750745096499762,0.0,0.0,0.5322178977596561,0.3587003628771851,0.510905130674491,0.3713592392382097,0.5460899057640805,0.0,0.0,0.0,0.0,0.458231216384832,0.434009794916091,0.0,0.4965663989894029,0.4602176911456663,0.0,0.44935567942411,0.0,0.0,37.12908121014355,1.367567534301279,2.44539699846772,0.7402069106985206,3.326148083328896,3.037486778140801,3.686019773809718,1.7031919326494436,1.0616286353972153,0.1585127425332919,0.4142709947447636,0.936482710150196,2.626173468862969,3.728876330030405,2.1865261867992274
W4095,3,0.6362296736260328,0.0,0.5239444872652661,0.0,0.5972045917291301,0.5278077439621361,0.5871566541229545,0.690281156279276,0.7331214141394523,0.795677739311424,0.0,0.0,0.5863882585500994,0.5281511301331967,0.5593700433306357,0.5924115865597416,0.5381366022578273,0.0,0.0,0.0,0.0,0.6298558628120267,0.5563027679104886,0.0,0.6823365708640557,0.7815628018836734,0.0,0.6698504268384544,0.0,0.0,10.441483672081691,2.3573022033471887,4.2249054422424575,1.4572434416980573,4.337431896803281,4.8112750492321466,5.839685262490591,3.029577859799605,1.717816999519083,0.3751408214747046,0.6888939464441123,1.8938360695404624,4.358043596769791,6.976790746791319,5.31747169169173
W4095,4,0.5420279644176118,0.0,0.3015701127447107,0.0,0.5896910022491247,0.8105661109302932,0.6308424477853245,0.4628499650859894,0.6354185966213666,0.6237499866718632,0.0,0.0,0.6256516815269838,0.4731075244369927,0.5791845858978298,0.4483888057579709,0.6176776176444319,0.0,0.0,0.0,0.0,0.8260899194214538,0.4911576941046691,0.0,0.8923668987392537,0.6300428281195207,0.0,0.4864392104511529,0.0,0.0,1.0487645693672445,2.804599887065322,3.0626553864214032,2.7401754855770277,4.835999735649367,3.696020184089478,5.8144844686497645,1.870537803440404,1.4706015475814336,0.5724161140890043,1.0790302756603571,2.22338491927376,7.0856616344170735,8.568413349684176,6.21085589137041
W4095,5,0.4092349779326899,0.0,0.3173176532817148,0.0,0.4847848952151099,0.590259609842855,0.6047245175635825,0.3848771575720213,0.5458414212133575,0.5473838348633453,0.0,0.0,0.4653529970554862,0.3149904168143694,0.2769659313186055,0.277349626753847,0.3790667731408753,0.0,0.0,0.0,0.0,0.5695753203365568,0.2797930774061648,0.0,0.460385999144502,0.5563493068445691,0.0,0.3485091119125225,0.0,0.0,0.4460231445172667,2.896527323938142,1.6560268799746607,2.8132261253253943,3.098441971495269,2.0432124802559297,3.691541854603728,1.687621294746242,1.46764362260831,0.6297325013714724,1.1122791430296737,1.970783577026768,7.913065890915931,10.022892493445548,7.942480150963225
W4095,6,0.2765793501148803,0.0,0.1620674426095114,0.0,0.4452201174803848,0.6842186489518927,0.3806365428439246,0.302397667236054,0.4646222658601244,0.4431540464314462,0.0,0.0,0.302771096957832,0.2106839347473176,0.1986197676092928,0.2345554362009508,0.2584582868852612,0.0,0.0,0.0,0.0,0.4415838053188549,0.2197007743299356,0.0,0.2356406182925401,0.3635570433115566,0.0,0.2115208822168311,0.0,0.0,0.3706040048768858,2.035170919163073,1.1388399874224486,2.7133772200141277,2.2558259146435926,2.100231122759147,2.945807588848703,1.5640970968928058,1.0121189565217763,0.7940279874895768,1.2825590088892729,2.1796437789974505,8.047039955497251,10.82694501089018,9.786915065732266
W4218,0,0.2142857142857142,0.0,0.2142857142857142,0.2142857142857142,0.0,0.2142857142857142,0.0,0.2142857142857142,0.0,0.2142857142857142,0.2142857142857142,0.2142857142857142,0.2142857142857142,0.0,0.0,0.2142857142857142,0.0,0.0,0.0,0.0,0.0,0.0,0.2142857142857142,0.0,0.2142857142857142,0.0,0.0,0.2142857142857142,0.0,0.2142857142857142,80.0,0.0,0.0,0.0,0.0,0.0,0.0,0.0,0.0,0.0,0.0,0.0,0.0,0.0,0.0
W4218,1,0.3365526858380817,0.0,0.3443492825137119,0.3533061663514165,0.0,0.3031160022487172,0.0,0.3380199179016712,0.0,0.3709713900361291,0.3510448717353641,0.3338245565931449,0.3609302895755472,0.0,0.0,0.3395482821634124,0.0,0.0,0.0,0.0,0.0,0.0,0.3231665154952667,0.0,0.3188466959338169,0.0,0.0,0.3225110287291007,0.0,0.3486648343032381,63.97501734633696,0.2411786083404045,0.8551938016174855,0.5117225431791504,1.2840347569658108,0.5673571235179748,1.3321979020206347,0.6658020905658217,0.2246196747980853,0.2410421788576243,0.3599868159547216,0.2579408394908755,0.7295443533622259,1.2385810400626367,1.3554016315774915
W4218,2,0.6072383756201228,0.0,0.5105632107042501,0.621644037948072,0.0,0.5411814845814337,0.0,0.5005446832695627,0.0,0.5538309376175087,0.5816061923607609,0.5269321101189561,0.5136308705711161,0.0,0.0,0.519098286739668,0.0,0.0,0.0,0.0,0.0,0.0,0.5047948304075235,0.0,0.5433823386000759,0.0,0.0,0.5726691361885166,0.0,0.5457525916612641,41.73445891036155,0.5010124174472065,2.220610702910486,1.1200240496136176,3.448956918846238,1.4954474959941084,4.365753615344142,1.9404109843620496,1.0174833741211586,0.8979177395623653,0.940443321337437,0.5058991502940474,1.9704320172368663,2.8097681376645207,4.309639129215633
W4218,3,0.7393424385558003,0.0,0.6530226882721659,0.60654169685801,0.0,0.7749029289449919,0.0,0.6491693138389031,0.0,1.027528855389696,0.8233481477970265,0.9624672695016204,0.8645126413032457,0.0,0.0,0.7752751408363194,0.0,0.0,0.0,0.0,0.0,0.0,0.5795325623504645,0.0,0.9041950958719543,0.0,0.0,0.8489233176179074,0.0,0.9501945787936475,11.005140965012934,1.1152854974044604,3.2021895876272017,2.370686801082523,6.407302384862369,2.885606205161209,5.908585379565452,3.8006251464720897,1.9565521003382007,1.6817503677678285,1.6332737957897965,0.8670979716947708,3.8805516263640536,7.829940136921252,5.870575765909381
W4218,4,0.6754850435126762,0.0,0.5248212553959973,0.6773384050521294,0.0,0.6669138756440735,0.0,0.6797529901742727,0.0,0.9824060351598628,0.7049276003461565,0.7241867812935247,0.997750535421173,0.0,0.0,0.4703106553681059,0.0,0.0,0.0,0.0,0.0,0.0,0.6216722517490114,0.0,0.9628778575701616,0.0,0.0,0.8476177022350971,0.0,0.6771696354791544,0.6033413609838161,1.561458007825179,2.44824166617082,2.899943146710973,6.038227417220652,2.875714909311005,6.194813808074927,2.5952738729963323,1.811833378948953,1.4159132633909632,1.7429046927437393,1.1958966592804146,4.645372111495817,7.068212547213769,8.942454216323535
W4218,5,0.4819548574851673,0.0,0.3984204607031399,0.557664853428864,0.0,0.9208669293847346,0.0,0.5212776125578229,0.0,0.6837062395769669,0.3839465764604496,0.6913424215515568,0.6437522767704337,0.0,0.0,0.3824126244412772,0.0,0.0,0.0,0.0,0.0,0.0,0.3918894593186918,0.0,0.4225355567915229,0.0,0.0,0.3987374583976906,0.0,0.7980791351599592,0.464885906430759,2.0520795420523794,1.3108490898730238,2.7853575013250693,3.5552248893608045,2.3208770192462285,4.193507974082426,1.852886437327298,1.3963836300654535,0.8356997052536623,1.6474581542892517,1.198064468912162,6.259917890747273,9.520861207902206,11.723512098869028
W4218,6,0.4012022585748319,0.0,0.1967181769497301,0.3182691614781447,0.0,0.7618893165155982,0.0,0.524137597061533,0.0,0.593748491563205,0.306980591461627,0.5307086737387524,0.4864705524960982,0.0,0.0,0.2613181906917324,0.0,0.0,0.0,0.0,0.0,0.0,0.2354725115818506,0.0,0.3535305107519647,0.0,0.0,0.2714350734294442,0.0,0.4694523082356228,0.3017902077457902,1.95488260968864,1.0943822387263422,2.280526006806449,3.157056136806269,2.1736680450055217,3.192407261315517,1.364069133649456,1.2968968171377744,0.7203179615447666,1.744020517012631,1.4202469008158896,5.9909960047050745,8.353034493447923,9.94972108557876
W4292,0,0.1764705882352941,0.0,0.1764705882352941,0.1764705882352941,0.1764705882352941,0.0,0.0,0.0,0.0,0.0,0.1764705882352941,0.1764705882352941,0.0,0.1764705882352941,0.1764705882352941,0.1764705882352941,0.1764705882352941,0.0,0.1764705882352941,0.0,0.0,0.1764705882352941,0.1764705882352941,0.1764705882352941,0.1764705882352941,0.1764705882352941,0.0,0.0,0.0,0.1764705882352941,80.0,0.0,0.0,0.0,0.0,0.0,0.0,0.0,0.0,0.0,0.0,0.0,0.0,0.0,0.0
W4292,1,0.2669071470688469,0.0,0.276358691883512,0.3266095045164681,0.3287397953173238,0.0,0.0,0.0,0.0,0.0,0.2813350339505232,0.2847020719040959,0.0,0.3234140861068439,0.2922407135766143,0.3047713202674111,0.2618608004312681,0.0,0.286364576168721,0.0,0.0,0.3124718861204764,0.3006768037707335,0.3102128897041797,0.2504949143536361,0.2790494003388402,0.0,0.0,0.0,0.2830154467628806,67.37243117101796,0.6331225198455243,0.5481922931374694,0.2840073647771337,1.1457062871342416,0.3797488160874528,0.895707345511369,1.28238729316486,0.3677620314098559,0.3327052012293369,0.3155640448902055,0.5486757183345254,1.2107441436723805,1.6572889537192794,0.821366791878408
W4292,2,0.4688975706681553,0.0,0.3476730768032114,0.4039493296243553,0.4819068091787838,0.0,0.0,0.0,0.0,0.0,0.4389172694668184,0.5080446284459027,0.0,0.4930112060747703,0.4867536567628338,0.4492895564144791,0.4424475960863036,0.0,0.4248737700028532,0.0,0.0,0.5695244383955242,0.3708267858994382,0.4746622681291191,0.4566650453464175,0.5397147528930335,0.0,0.0,0.0,0.445271331746052,32.71923229610195,1.701532632943202,1.3772524973039295,0.5836440308658297,2.5247411953049648,1.4361637543314028,3.159566508324726,2.5986767940019933,1.1510157077276697,0.8248866205386624,0.7639902516869265,0.8835434946045465,3.62917716625498,4.267038761435783,2.3315358165875786
W4292,3,0.695334946819705,0.0,0.466642957011425,0.5732567127493962,0.5383065972488998,0.0,0.0,0.0,0.0,0.0,0.6867014805260149,0.7401123748608978,0.0,0.5330876485523467,0.7328821696679702,0.5306064063135323,0.5963734982741175,0.0,0.8572251693718562,0.0,0.0,0.6767471514708082,0.5355070943581417,0.8443335444520425,0.7604462977258223,0.6622840322597365,0.0,0.0,0.0,0.753587578997043,7.98873075997469,2.980380574496164,2.16830972902004,0.9767085176677768,4.25145697460393,2.252671976879879,4.325478164555541,4.597924997121105,1.6438789317879077,1.2461655465518306,1.430701608673547,2.102457355732272,6.361020680709041,6.9999015837024405,4.188627566751828
W4292,4,0.6282738867683519,0.0,0.3919764197291132,0.4809184190783375,0.5945393844856327,0.0,0.0,0.0,0.0,0.0,0.5381385698294787,0.5557488014930173,0.0,0.5250444468982264,0.520909840847024,0.4721496452497415,0.5377096961800114,0.0,0.4749762894751413,0.0,0.0,0.7674541542296328,0.4066550923057878,0.6960262083487625,0.645464059894738,0.629640219791,0.0,0.0,0.0,0.6590673962717416,0.3595194613537795,3.4561811741043917,2.590413190946617,1.7599543840772385,4.308053504789521,2.802063938981638,4.739750788277474,2.991892938304062,1.6847442030295712,1.4400600073660283,1.4599369866295575,1.9196777631547004,7.691659796419783,8.853638398123467,6.812382355624602
W4292,5,0.4007020335164817,0.0,0.3277072884573058,0.3521972850154525,0.5422395365884484,0.0,0.0,0.0,0.0,0.0,0.3168743880170102,0.4900917337855652,0.0,0.3330733161170056,0.2840755366594797,0.3019620219620529,0.4369952659093442,0.0,0.2586346518657563,0.0,0.0,0.5705299734481306,0.4134480857366464,0.4160920845648956,0.4164648476272648,0.5328413421691502,0.0,0.0,0.0,0.532620270663649,0.2718362787427438,3.607244747735156,1.337654232968743,2.183194404525696,2.555330304257548,2.1688286072422818,4.641731724662872,1.6494272702672437,1.2242364411715112,1.363103393758872,1.2339209847381365,1.9586219648669132,6.940775961926752,9.844073945165528,6.491169999533775
W4292,6,0.2640881465999837,0.0,0.2166270905503947,0.3358977362136804,0.4343468595602284,0.0,0.0,0.0,0.0,0.0,0.2062781224246981,0.2717831534531272,0.0,0.2186338202948219,0.2036794597756172,0.1985652228642573,0.2996374363209475,0.0,0.247440934654774,0.0,0.0,0.4656393893792456,0.2881523415367821,0.3512394149584418,0.2481971452349582,0.3922014273055275,0.0,0.0,0.0,0.4730813014152052,0.2245140113135633,3.394625785802441,0.9851365529769038,1.9975104544043485,2.500389606312917,1.7709346885130657,4.894091297720542,1.1166547013992727,1.1425885875537491,1.039364373927438,0.9899443185601696,1.5929958094020646,8.930384591363127,9.705227845216216,6.854464177669015
W4398,0,0.25,0.0,0.25,0.25,0.25,0.25,0.0,0.0,0.0,0.0,0.0,0.0,0.25,0.0,0.25,0.25,0.0,0.0,0.25,0.25,0.25,0.0,0.0,0.0,0.0,0.0,0.25,0.0,0.0,0.0,80.0,0.0,0.0,0.0,0.0,0.0,0.0,0.0,0.0,0.0,0.0,0.0,0.0,0.0,0.0
W4398,1,0.4973178524856921,0.0,0.3750287837771729,0.3662628979810365,0.3902298283095599,0.4237299009090133,0.0,0.0,0.0,0.0,0.0,0.0,0.3337197150656376,0.0,0.3817297355832822,0.3296178627473428,0.0,0.0,0.4982966698396226,0.4139407207739778,0.3644403737010973,0.0,0.0,0.0,0.0,0.0,0.4297044724569106,0.0,0.0,0.0,64.61511214472938,0.4470100619201257,0.948274012789365,0.5819733993049825,1.4354816716292824,0.6602874156107409,1.0542736448255672,1.3062792299301584,0.8032062181189794,0.14671455622461,0.3711686202823013,0.1662037154532951,0.6646441361134966,1.1191482233958514,0.7168140808740621
W4398,2,0.6753369080133645,0.0,0.542687348375032,0.6519006789170492,0.7073665770399298,0.6083937114822467,0.0,0.0,0.0,0.0,0.0,0.0,0.6345769060977784,0.0,0.6518073559920231,0.7276152643992635,0.0,0.0,0.6942792742097713,0.7527675598584768,0.5844896087352754,0.0,0.0,0.0,0.0,0.0,0.5763130099373142,0.0,0.0,0.0,42.86157855485579,0.943448561070399,2.322367467347634,1.204892848377184,3.724455401746881,1.6940715289434476,2.948812545097571,2.907717249606312,2.0740879433617763,0.4882515831093427,0.9315859580310712,0.5266161299337444,1.785616038378181,2.2982307824768564,2.238977472085528
W4398,3,0.9467356076627976,0.0,0.7721976030917772,0.8717906755006758,0.8543992486216868,0.9259746038516934,0.0,0.0,0.0,0.0,0.0,0.0,0.946846335918727,0.0,0.9364782150274544,0.8537279534842189,0.0,0.0,1.0945099275148764,1.1898658680606973,1.1877847574079483,0.0,0.0,0.0,0.0,0.0,1.23791196293163,0.0,0.0,0.0,9.251198049016446,2.0971926997329304,3.565998940465758,2.332801760358976,6.889118454543282,2.5672028802454783,4.989221621202539,4.874620344028215,4.101767414903244,0.7016306155016463,2.12084767872396,0.997918056254085,4.0414063320451366,5.911002830108749,4.826075190663175
W4398,4,0.8518089402535629,0.0,0.5536373764820204,0.7988489328025484,0.8953182318614322,0.953603137880035,0.0,0.0,0.0,0.0,0.0,0.0,0.9145979343723648,0.0,0.7685469627781065,0.6131598878101125,0.0,0.0,0.9092877063743274,1.1128829731334058,1.0499333277913077,0.0,0.0,0.0,0.0,0.0,1.302313386586531,0.0,0.0,0.0,0.8648159627711605,3.2112390085146174,2.388288541583953,3.047814280121181,5.641911910374547,3.2228866642796064,4.841248128713406,3.670693944114596,2.885131628960591,1.0330200676377048,1.987248822230008,2.0545318177638463,4.835267747813615,6.586270258996628,7.290137233472375
W4398,5,0.7005799113418821,0.0,0.4918530669611492,0.5213312934488781,0.735853777783117,0.8173324138258793,0.0,0.0,0.0,0.0,0.0,0.0,0.8267745973246814,0.0,0.637849288689966,0.4809446995514596,0.0,0.0,0.5106358780109806,0.739484440404428,1.1176773345152111,0.0,0.0,0.0,0.0,0.0,0.8261835233729286,0.0,0.0,0.0,0.4716752903443791,2.5714437479848287,1.6759599246786197,4.326678608524132,3.063657561079332,2.3962795056886184,3.501965703846964,3.0607590203176893,1.575356473113236,0.8443212755936006,2.196023788390895,1.893206240490444,6.396850610842662,8.195703108740918,7.929857232296364
W4398,6,0.4210511000421169,0.0,0.2859398628521163,0.3853354260906359,0.4716053250897196,0.8114382453859592,0.0,0.0,0.0,0.0,0.0,0.0,0.4407239627007068,0.0,0.3864750274319384,0.2354192450404624,0.0,0.0,0.3437704271107899,0.6075888307829883,1.0233873676097556,0.0,0.0,0.0,0.0,0.0,0.8024111266812521,0.0,0.0,0.0,0.3312955057127267,2.199749252703366,1.042030450149224,3.268230222843336,1.9554353048893616,2.3135998796582258,2.5218613450649774,1.889532524736647,0.9746970416941552,0.7516275119631864,2.016907803384346,1.6348155047076194,7.687766916751814,6.930983025139914,10.088393149841371
W4449,0,0.1764705882352941,0.0,0.1764705882352941,0.1764705882352941,0.1764705882352941,0.1764705882352941,0.1764705882352941,0.0,0.0,0.1764705882352941,0.1764705882352941,0.0,0.1764705882352941,0.1764705882352941,0.0,0.0,0.1764705882352941,0.1764705882352941,0.0,0.1764705882352941,0.0,0.0,0.1764705882352941,0.0,0.0,0.0,0.0,0.1764705882352941,0.1764705882352941,0.1764705882352941,80.0,0.0,0.0,0.0,0.0,0.0,0.0,0.0,0.0,0.0,0.0,0.0,0.0,0.0,0.0
W4449,1,0.2611260240452319,0.0,0.3147798354851728,0.284541899080864,0.2976673381006093,0.2453724244782784,0.3013728529371633,0.0,0.0,0.284017145650732,0.317119471958979,0.0,0.2719902803693582,0.3117532708602487,0.0,0.0,0.266451885014565,0.2870238678555176,0.0,0.3257734637192035,0.0,0.0,0.2150352461298356,0.0,0.0,0.0,0.0,0.3025213647076146,0.2914379309309124,0.2591338266008024,62.82902797400657,0.4215620216005052,0.8902120815633623,0.331208350840011,1.638806557828353,0.4649139905225452,1.4378972968800527,0.4879834941860442,0.606364828280277,0.3267480368191573,0.5575579065308452,0.2604533775294533,0.8046067772981532,1.272515055884852,1.1107358642018546
W4449,2,0.5324102892477156,0.0,0.3777221629991516,0.4846681301283202,0.4218439704802286,0.3993381058333822,0.5017371795366405,0.0,0.0,0.4809422774842912,0.4678542423654345,0.0,0.3785961688170335,0.4549647594457058,0.0,0.0,0.4550401529821369,0.5000895445219823,0.0,0.453826465570984,0.0,0.0,0.3635750285541592,0.0,0.0,0.0,0.0,0.4896683501174543,0.5397305030059684,0.4333724762055781,40.60866952272457,1.2312556820601546,3.228473283936883,1.0791215625208914,4.214552399475549,1.0908458544018862,3.31113455126974,1.5867136036533542,1.6161994647722062,0.7098121614281001,1.327732276622322,0.5599936160515461,2.3379106416458364,2.797745892329866,3.076584984047701
W4449,3,0.6862086651669175,0.0,0.4276747196946903,0.6082904109280853,0.7149123981622145,0.5520724364223136,0.6641695901841188,0.0,0.0,0.6966846488913438,0.5660507797861947,0.0,0.8117576628764697,0.6305729692177685,0.0,0.0,0.5989876179777828,0.9579169857671735,0.0,0.7429303714649877,0.0,0.0,0.4251545048997002,0.0,0.0,0.0,0.0,0.6381209809556354,0.7117504143113754,0.7324987086131787,8.18529254146796,2.262951209394164,3.976649555312931,2.126958865964317,7.160273127974411,2.3449376446287493,6.3086668298469615,3.238201932788592,3.161362549007115,1.415541094556077,2.699466961211354,1.2144226277009411,4.5487005774642775,5.442387142872351,4.594734774816366
W4449,4,0.5350846164566283,0.0,0.3916234866610112,0.5200143682911672,0.6399077005327387,0.5551779731725126,0.5845337613088619,0.0,0.0,0.6969880847813327,0.6314231322668905,0.0,0.5713088187088967,0.5847926728998958,0.0,0.0,0.6253560597872205,0.728302914805633,0.0,0.601508610410035,0.0,0.0,0.410278205398317,0.0,0.0,0.0,0.0,0.5303734232908088,0.6055754903221089,0.7109106452361627,0.3874284521363617,3.1293004812336447,1.8267875184289688,2.5406013304467225,6.656618022177743,2.764834124360215,4.565676229041894,1.9913529247732151,2.372124640645932,1.1898356924382258,2.1976928863664646,1.6390238425622563,6.683380303453643,7.648005839621876,6.283886233593228
W4449,5,0.3234066045001861,0.0,0.2503064216478526,0.3744124030553666,0.5312809588503703,0.5809248892754146,0.5514826987127315,0.0,0.0,0.6694631491101108,0.3843267477936915,0.0,0.383554084658521,0.3083947646073479,0.0,0.0,0.3853674977270666,0.5106537060338829,0.0,0.543382765142276,0.0,0.0,0.3179557977665947,0.0,0.0,0.0,0.0,0.3980512551518341,0.4635781535602227,0.5321035170326104,0.2854045942411686,2.6793860386884147,1.262531933644908,2.286560665937224,4.894802490189145,2.315266359414035,3.501015732546547,1.664192364297305,1.6624027416078035,0.8356384123866262,1.8678603876939663,1.781300640621565,6.022098390016445,8.323283553336257,7.9803586903078365
W4449,6,0.2565853509095642,0.0,0.2024903789609846,0.2548776745902442,0.4385637861054027,0.4514498428112248,0.4651518586860929,0.0,0.0,0.3905846897022871,0.2057454481726511,0.0,0.3614942945757611,0.268564566742796,0.0,0.0,0.2766662390300304,0.4004257959251551,0.0,0.4411941049552802,0.0,0.0,0.2189468463432829,0.0,0.0,0.0,0.0,0.2473717540548036,0.3836881127725216,0.3717934157573924,0.3557947373547151,2.8529818855514453,0.953227967490217,1.9045959323751864,4.950479328520588,1.561657089894881,2.6963433696507884,1.5137116559202148,1.0746768206334778,0.59157423670317,1.8794479536835025,1.379787479076529,6.192352681336045,8.811577057050332,10.088743042902117
W4543,0,0.1666666666666666,0.1666666666666666,0.0,0.0,0.0,0.0,0.1666666666666666,0.0,0.0,0.0,0.1666666666666666,0.1666666666666666,0.1666666666666666,0.1666666666666666,0.1666666666666666,0.1666666666666666,0.1666666666666666,0.0,0.1666666666666666,0.1666666666666666,0.0,0.1666666666666666,0.1666666666666666,0.0,0.0,0.0,0.1666666666666666,0.1666666666666666,0.1666666666666666,0.1666666666666666,80.0,0.0,0.0,0.0,0.0,0.0,0.0,0.0,0.0,0.0,0.0,0.0,0.0,0.0,0.0
W4543,1,0.2731071385322487,0.2690598894841939,0.0,0.0,0.0,0.0,0.2606212164420801,0.0,0.0,0.0,0.2510336184427298,0.2286931847765405,0.2961371426888647,0.2638763686070686,0.2799542919552899,0.275102626502344,0.2594851846617251,0.0,0.2993027207294287,0.2976752679426179,0.0,0.3039466356485208,0.247404034461242,0.0,0.0,0.0,0.2670436990318731,0.2621348337195477,0.2469051472066848,0.276577202739723,68.42434037727119,0.4036113028256189,0.7609698547645425,0.705207397563774,1.3375798094764044,0.4988836146072391,0.3525644940943596,1.1550572606773275,0.7441285495608888,0.3354594730523252,0.2324619026938157,0.5852226970857857,0.7382535437052795,1.4462986973299052,0.9560560460179156
W4543,2,0.3910665083749127,0.4330712115139243,0.0,0.0,0.0,0.0,0.4349912247862796,0.0,0.0,0.0,0.364532362265943,0.5161510313789242,0.4713641017596727,0.4671671492679871,0.4856007571760028,0.377948411054423,0.3707298921993944,0.0,0.3998007037065315,0.3954728145810484,0.0,0.4776716899902549,0.4022461490843315,0.0,0.0,0.0,0.5321030602289378,0.4541411599805019,0.5054316738649696,0.4021764285482723,39.04354080379269,1.1320276780919094,1.6199291456911324,2.001605323070652,4.465100537923258,1.1322694468693515,0.774085704655415,2.909145594956086,1.9810477147060728,0.8526630565565337,0.8346488105050107,1.5295268396249813,1.6723919793636153,3.7463631184093846,3.073995647595528
W4543,3,0.6229509973588804,0.5926644456742788,0.0,0.0,0.0,0.0,0.6996730378008137,0.0,0.0,0.0,0.4690983731366154,0.6173016021948013,0.6182869944265735,0.5215946174041122,0.553640143560445,0.5436395804683548,0.6476782656582626,0.0,0.6697225660066537,0.6894817810694268,0.0,0.821626957978953,0.4656268415020514,0.0,0.0,0.0,0.7921757595559438,0.6031902089309139,0.769638923448057,0.7334648539379541,7.590655284412689,1.905529569012553,3.477442241505706,3.1049977232341224,6.851445527055773,3.000681965158406,1.236286290841038,5.129084411118861,4.085555269405991,1.3911423377123258,1.7863374913762309,3.5021642613027586,3.693857168338364,6.849409217750204,5.16734157308551
W4543,4,0.4942041758272116,0.6192471326968161,0.0,0.0,0.0,0.0,0.5014621047358878,0.0,0.0,0.0,0.5208369979249858,0.5570859851819937,0.6442704612637922,0.4343348545364524,0.4292082563764968,0.4505481240384907,0.6389106224201548,0.0,0.5802365244966866,0.5772819030597854,0.0,0.6406287344978759,0.474055696997571,0.0,0.0,0.0,0.6349512175833254,0.4321374387891843,0.544692572477108,0.6712987283182187,0.5928048199398259,2.6646853391334244,2.3888509646611324,3.637518728552529,4.693754745905144,2.5033552764471847,2.290618834685996,3.701586455070272,2.271400508233332,1.5699848288325786,1.7376928315401827,2.425306952240224,4.815748462769976,8.831084467115367,7.931271797540242
W4543,5,0.3584023646173733,0.5245296342320176,0.0,0.0,0.0,0.0,0.3735500658302969,0.0,0.0,0.0,0.3602122373202844,0.4822162294294478,0.3830908594258991,0.3559189769739718,0.2925054875562448,0.3034503399634522,0.4240997160641388,0.0,0.437736278713249,0.571727210495392,0.0,0.6676195621785319,0.3723259755588967,0.0,0.0,0.0,0.4980385494046333,0.311734593857942,0.3890047900572963,0.4805897088244,0.5660503566216237,2.5178561562331336,2.013168813656152,2.7448802028718027,4.457405473171644,1.7984717015063785,2.337995479486424,2.394980447264801,1.615988363815466,1.0203965771534025,1.7555231188513816,2.242133511387161,6.819732583651026,9.533666960197593,7.774820026903876
W4543,6,0.2671060315192414,0.3949615896226141,0.0,0.0,0.0,0.0,0.3109297713107588,0.0,0.0,0.0,0.2383807265452282,0.3304788327707128,0.3247589192260816,0.2558683632266658,0.2423787673561615,0.194093188020207,0.2435576362957474,0.0,0.2352632529545434,0.2802119524584013,0.0,0.4950929552229853,0.2527652720358866,0.0,0.0,0.0,0.3363707107592713,0.2050532560341136,0.2787486866484449,0.2916904752416854,0.3957243996802482,2.3109331152907164,2.1339081583806934,2.8653394657242424,3.130801487623934,1.785890950761868,2.2304653131944705,1.7872649802062135,1.248062853929591,0.743234945097919,1.6345573955644848,1.6339978420006671,6.621726902377529,10.264786171128147,9.068264676108305
W4901,0,0.2142857142857142,0.2142857142857142,0.0,0.2142857142857142,0.0,0.0,0.0,0.0,0.2142857142857142,0.0,0.0,0.2142857142857142,0.0,0.0,0.0,0.2142857142857142,0.2142857142857142,0.0,0.0,0.2142857142857142,0.0,0.2142857142857142,0.0,0.2142857142857142,0.2142857142857142,0.2142857142857142,0.2142857142857142,0.2142857142857142,0.0,0.0,80.0,0.0,0.0,0.0,0.0,0.0,0.0,0.0,0.0,0.0,0.0,0.0,0.0,0.0,0.0
W4901,1,0.2671669949813513,0.3192397712436871,0.0,0.3879756397534909,0.0,0.0,0.0,0.0,0.4066256957617232,0.0,0.0,0.4006928878046076,0.0,0.0,0.0,0.3612050935939104,0.3882086089185996,0.0,0.0,0.3950073881509708,0.0,0.3523947019036024,0.0,0.418631652258797,0.3756452075049468,0.2922602047443672,0.3662538273712443,0.3756912572731226,0.0,0.0,53.96847905461296,0.5938438318884669,0.556406820748908,0.8052624039872728,0.9758119726236012,0.8500817938402676,0.4167717930015114,0.5824388677343308,0.5716670238751944,0.1560559106298032,0.3306560033746964,0.7105201188935404,1.2598220985100836,1.1325115570410864,1.785901868805302
W4901,2,0.5290544891355023,0.4753905192390663,0.0,0.6013667912853105,0.0,0.0,0.0,0.0,0.6399469323180953,0.0,0.0,0.5157310414644422,0.0,0.0,0.0,0.5316339064797966,0.607715963549019,0.0,0.0,0.6000687413309589,0.0,0.5372693967003987,0.0,0.5467735576547945,0.4276213494749308,0.6659012279763424,0.6683989714053067,0.551126778034229,0.0,0.0,38.08238176811621,1.220060204376919,1.3158537506224883,2.105172523219749,3.0728612665398725,2.5169249671591394,1.5903494156405364,1.7320561754159527,1.3327155248388003,0.5747693865104743,0.8497280245735761,1.782183675607823,3.3249603972733475,2.867243977901176,3.821026477494569
W4901,3,0.8454175474241632,0.7540678684943636,0.0,0.7330377369503974,0.0,0.0,0.0,0.0,0.6993804617099779,0.0,0.0,0.7546043243425522,0.0,0.0,0.0,0.7065828172698103,0.777727220675071,0.0,0.0,1.096827929327807,0.0,0.8896314851608244,0.0,0.8654764874206633,0.8062977598505432,0.9794422532622564,0.8986619080011069,0.6952289087146514,0.0,0.0,7.699227588395697,2.994183488224048,2.4943721281367752,3.67467205462144,3.735556622745384,4.256189476550995,2.3944377661341973,3.04875412510379,2.5559496043123966,0.9077558649877028,1.85898974670329,3.328555098467866,5.859223126488592,6.071750676156671,7.365239247715637
W4901,4,0.5829714036520486,0.741937777174942,0.0,0.63841390176871,0.0,0.0,0.0,0.0,0.7018601820055691,0.0,0.0,0.6478694383924096,0.0,0.0,0.0,0.5346311315377906,0.7137670771058667,0.0,0.0,0.7890812566686153,0.0,0.6250302016928411,0.0,0.7383236071326363,0.7207010716406046,0.5457157803001027,0.6734078111912413,0.5889156360531457,0.0,0.0,0.4237913525057774,3.217667554458313,2.7274364421956894,3.7655557973115625,2.869131424229668,2.1181491001742447,3.427340945106615,2.090989545850756,2.042909203925981,1.1456555870869278,1.9871685094242963,2.8124891710220323,7.980312213546409,5.943163396060737,8.546957588117621
W4901,5,0.3542846092117413,0.5775504270698164,0.0,0.443058879837709,0.0,0.0,0.0,0.0,0.6731866594925908,0.0,0.0,0.5637815700619012,0.0,0.0,0.0,0.3592259418886717,0.4098368052103373,0.0,0.0,0.6028297992561552,0.0,0.5879930366758549,0.0,0.5956038555335947,0.4081236145996427,0.534777788940902,0.5537837190440853,0.3587464309696814,0.0,0.0,0.4122894742902734,2.642685912187931,1.671933673890555,2.839493545210405,1.9381716046514652,1.4270451930910946,3.370389707511904,1.5239557150203942,1.1063984659490762,1.2695175381831405,1.9930811662372687,1.907816916192311,9.761669519749407,6.732080938030184,11.28154286517155
W4901,6,0.2614604959986782,0.5510404731192826,0.0,0.2726629966645391,0.0,0.0,0.0,0.0,0.4935484571457899,0.0,0.0,0.371736079947482,0.0,0.0,0.0,0.257987300041839,0.3171094831298827,0.0,0.0,0.3824580654012894,0.0,0.3726293598499555,0.0,0.2748424357940733,0.2677653360869848,0.3855798275955994,0.4270736975261634,0.2491215435025136,0.0,0.0,0.2712950011313684,2.256768684970966,1.961580732785739,2.6942812348532,1.7696613198873206,1.5594031071434196,3.397857876338247,1.1820047710893151,0.9559267374274678,1.244006248709932,1.545614697909715,1.5816753770808156,10.477322416806212,8.840045869166097,9.71002059848443
W5135,0,0.2,0.2,0.0,0.2,0.2,0.0,0.0,0.2,0.2,0.2,0.2,0.2,0.2,0.2,0.0,0.2,0.2,0.0,0.0,0.0,0.2,0.0,0.0,0.2,0.0,0.0,0.0,0.0,0.0,0.0,80.0,0.0,0.0,0.0,0.0,0.0,0.0,0.0,0.0,0.0,0.0,0.0,0.0,0.0,0.0
W5135,1,0.2931244874470585,0.3782019360114294,0.0,0.3358988617340286,0.3338395691636207,0.0,0.0,0.3088667382891633,0.3384328669043344,0.2908455196110023,0.3089624171151526,0.3206375368092784,0.3818428298609963,0.3243749051562838,0.0,0.3187647592613157,0.3143647822050174,0.0,0.0,0.0,0.2845982863362128,0.0,0.0,0.4158863906037148,0.0,0.0,0.0,0.0,0.0,0.0,62.161494995408766,0.4899977918920137,0.7561300545286586,0.2564800462137077,0.9964664504494872,1.0687385526975477,0.9255937160377796,0.4191488807249441,0.3981435692925782,0.1459177181644226,0.8222449888438033,0.2327516745869256,1.4082811845582184,1.2280502204100834,0.967647021524981
W5135,2,0.5134355714480902,0.5745114522993426,0.0,0.5438780889750362,0.5588977600727466,0.0,0.0,0.4294745889560125,0.6387383706231562,0.5470535255190877,0.5019249002895954,0.5487454289332602,0.4791055690637783,0.5606902621150041,0.0,0.5126895890519579,0.5144717627370972,0.0,0.0,0.0,0.5067623143669885,0.0,0.0,0.5446535843872596,0.0,0.0,0.0,0.0,0.0,0.0,35.41291975553789,1.0312056290808165,2.1432822755274645,0.828755622128501,3.306222831161865,2.4546600766329085,2.6680002549528896,1.3876803346239883,0.916248808459842,0.6472067949861451,1.6032490679084923,0.7275056210708783,3.5453411837141147,3.529242253426541,3.157096036331117
W5135,3,0.8122892000149005,0.8817758259201653,0.0,0.6765119847564912,0.7208032240956321,0.0,0.0,0.7223279525566287,0.7210607685224159,0.8563427278006873,0.7725286607556389,0.8727508398963973,0.7260373908884401,0.6551822199761449,0.0,0.7131854885489294,0.7058578971573723,0.0,0.0,0.0,0.6158809696445127,0.0,0.0,1.009301863163079,0.0,0.0,0.0,0.0,0.0,0.0,9.463764972020629,2.286824787558406,3.600920355325543,1.6331857373214995,6.00099755012426,4.128574878613321,5.315006339219463,2.410655369276792,1.5669327272798332,0.8917028922296064,3.062851072299855,1.5023933484927736,4.397311402218845,7.228482684613801,4.792371894942158
W5135,4,0.6757399434515314,0.8921924911147947,0.0,0.5913404890527543,0.6279345317840299,0.0,0.0,0.6162462101023461,0.7435756168588481,0.9379553383524204,0.5409179562636321,0.8325024340454843,0.8464054580143824,0.5530186467266581,0.0,0.559964197391927,0.539923143031583,0.0,0.0,0.0,0.7332687282181619,0.0,0.0,0.9005456085136032,0.0,0.0,0.0,0.0,0.0,0.0,0.4985506111714658,2.408610980952392,2.2765584108186805,2.40873141025743,2.848935993745088,3.551007324562208,5.57481715621557,2.3241418393743944,1.2964485678968345,0.7296858214524997,2.2958227827668907,1.5563899138002786,8.455134883944732,8.371511630601386,6.676854063222875
W5135,5,0.4557794705182578,0.6393565294185695,0.0,0.484566245114558,0.6043438571240288,0.0,0.0,0.4308888701042705,0.5270664372845719,0.6831951926215121,0.3827499761820044,0.4500429881838899,0.4413372947516398,0.2794641960607505,0.0,0.3522666678183052,0.3777788553503473,0.0,0.0,0.0,0.5630394814930678,0.0,0.0,0.632157255897614,0.0,0.0,0.0,0.0,0.0,0.0,0.1499383483591633,2.6018580799710613,1.397656350011888,1.9520238443080655,2.2382896695116856,3.2604552850871413,5.0724159439169405,1.609843968923274,0.8279650840017333,0.603154213692271,2.338542660923817,1.4348540795873572,10.239114447660778,9.159789613519568,8.62035587543139
W5135,6,0.3136740365592563,0.5320418624198242,0.0,0.3240519603862472,0.5002733065517536,0.0,0.0,0.3284273787768095,0.5173460859874297,0.39310206603546,0.3052995028768601,0.337639321571023,0.2942882143735253,0.2857275913106227,0.0,0.200323202217848,0.2506380310779228,0.0,0.0,0.0,0.5575026620320771,0.0,0.0,0.3435079864499833,0.0,0.0,0.0,0.0,0.0,0.0,0.3259555016443595,1.7815582609605631,0.9222431101390371,2.240106583869147,1.485762068523456,1.8486227720209245,3.205940230838061,1.3394388832998407,0.7228226142389091,0.5247788310831177,1.616798247277364,1.5981643685770734,9.505707110346798,8.406144532550325,8.61231140909714
W5223,0,0.1666666666666666,0.1666666666666666,0.0,0.1666666666666666,0.1666666666666666,0.1666666666666666,0.0,0.1666666666666666,0.1666666666666666,0.1666666666666666,0.1666666666666666,0.1666666666666666,0.0,0.1666666666666666,0.1666666666666666,0.1666666666666666,0.0,0.0,0.0,0.0,0.1666666666666666,0.1666666666666666,0.0,0.0,0.0,0.1666666666666666,0.0,0.1666666666666666,0.0,0.1666666666666666,80.0,0.0,0.0,0.0,0.0,0.0,0.0,0.0,0.0,0.0,0.0,0.0,0.0,0.0,0.0
W5223,1,0.2672389950100628,0.262604857005551,0.0,0.3205461272773269,0.2466136688918659,0.215143936875563,0.0,0.2600455070959867,0.2475678846934817,0.2880025102476478,0.2591160222986642,0.2409062472244529,0.0,0.2873018304997083,0.2743140852510369,0.2403919721151691,0.0,0.0,0.0,0.0,0.2903103559440687,0.2768619923987475,0.0,0.0,0.0,0.2059075221155457,0.0,0.2763571935947863,0.0,0.3221486439472454,62.42670875960215,0.5100695652972131,0.6593304841679578,0.381656209667263,0.8276975156870854,1.2859879399192091,1.0666685337252997,0.4061802610501782,0.3519810975775166,0.4127190253906893,0.4541888542081316,0.4847107996777743,0.6782229412671624,1.0207610985132616,1.603319076427853
W5223,2,0.3936781157301987,0.3570004799064779,0.0,0.4382629422760219,0.4265246332200701,0.4093217658503479,0.0,0.4032765897458685,0.4090871746522794,0.5272304365285934,0.4106700648267368,0.4535646246347881,0.0,0.4865387590840608,0.4422103965866579,0.4504583539142223,0.0,0.0,0.0,0.0,0.5300501680201357,0.4770122631105423,0.0,0.0,0.0,0.4857779151075507,0.0,0.4709564667402376,0.0,0.3655802249753705,44.78045242998715,1.5644076576929649,1.7417386175720515,1.2369740961486044,1.9227165004144795,2.30830369188665,2.7123701754241583,1.2389796491691976,0.7809613064764812,0.8534098494117541,1.426622148137455,1.1200816638061788,1.5626511344397218,3.321616131851869,3.987925538047356
W5223,3,0.6722007319603269,0.5622315162597612,0.0,0.6216062182585861,0.5935364154390405,0.5093059091394972,0.0,0.5130805910676149,0.6677465895652743,0.779145862094145,0.7037790431992024,0.681796866656122,0.0,0.5884865388349535,0.5655326536348925,0.5326035633045716,0.0,0.0,0.0,0.0,0.6229737849630381,0.744500577598501,0.0,0.0,0.0,0.480044263349618,0.0,0.6744383578544728,0.0,0.5855456441541931,9.837593013399458,2.4483031641502704,3.767496497926994,2.233662239711421,3.4282437348006733,6.206642044520359,4.601727377903067,1.788104530965419,1.7958235184316946,1.858251714364288,2.57253749612601,2.759966984956752,2.992484948804791,7.905256424675758,8.139134250653422
W5223,4,0.5345959761714555,0.6771383921484163,0.0,0.5127073214601157,0.5343558513927016,0.5399895923447681,0.0,0.516683769500922,0.6155385155898327,0.8410177822109497,0.5157363262951102,0.6233809797487572,0.0,0.5184168956763717,0.3937117441431156,0.4629633815247625,0.0,0.0,0.0,0.0,0.6004484197524923,0.5923732574026704,0.0,0.0,0.0,0.5676373898725642,0.0,0.5695466676957108,0.0,0.7491509893128414,0.889854280238368,2.2740824718155883,2.109469366435432,2.845196437608138,2.4774351806451467,4.046891071747451,3.738039281097119,2.255220480519729,1.7214261606864,1.8207340448998235,2.390440737257252,2.425643149327056,4.423939460151062,8.29451186968132,7.733661150002098
W5223,5,0.3783144282863862,0.5045298653062463,0.0,0.4319734692186315,0.5099007983937855,0.5465979621214765,0.0,0.4028618167635681,0.5104702995233896,0.5463954611195455,0.3504698582656463,0.4312631830960683,0.0,0.3723340116756009,0.4072348126539075,0.3095380362177574,0.0,0.0,0.0,0.0,0.4667399397967826,0.352468556994121,0.0,0.0,0.0,0.5344791251261912,0.0,0.2934477747294935,0.0,0.4593248957692085,0.5754471248660067,2.1813368157861555,1.1905223215271252,2.602086218199387,2.046440744627948,2.533096327306725,2.9428540611725835,1.4884086983084217,1.4696257213844468,2.0387331182239308,1.5963608991227507,2.318130910441734,5.730138689795378,9.66106333189112,10.34556157512749
W5223,6,0.2332639769465121,0.4281546743303507,0.0,0.2758225736024644,0.3770115658603,0.4323364736338727,0.0,0.2788049121398638,0.3622274331441722,0.3698969988366101,0.2666699553579136,0.2490275346997776,0.0,0.2288880563590235,0.2191471650318178,0.2560531360920578,0.0,0.0,0.0,0.0,0.3424303844619688,0.3416653024399068,0.0,0.0,0.0,0.372822453548001,0.0,0.1843035410369488,0.0,0.4318237158616126,0.3868734165263822,1.9827702788157149,0.7963456972866725,2.2438707217833307,1.3719425204559246,1.8366584621502453,2.4606400294372235,1.192001529863197,1.316726966956257,1.5691736231227358,1.3721813973351211,2.0281445413357324,7.086092220613036,11.25735742419118,10.685893209262188
W5314,0,0.1875,0.1875,0.1875,0.0,0.0,0.0,0.0,0.1875,0.1875,0.0,0.1875,0.1875,0.1875,0.0,0.0,0.0,0.1875,0.1875,0.1875,0.1875,0.1875,0.1875,0.0,0.0,0.0,0.0,0.1875,0.0,0.1875,0.0,80.0,0.0,0.0,0.0,0.0,0.0,0.0,0.0,0.0,0.0,0.0,0.0,0.0,0.0,0.0
W5314,1,0.2815271857592581,0.2484379567554826,0.3007119538567853,0.0,0.0,0.0,0.0,0.2870609451441394,0.2994520801406247,0.0,0.3130118686013949,0.2760291634192116,0.2724446771308829,0.0,0.0,0.0,0.3306486775215519,0.2992728787524021,0.3069838731825611,0.2927269362704927,0.3319011702971655,0.254683662815334,0.0,0.0,0.0,0.0,0.3298496302067392,0.0,0.2744308920991633,0.0,68.32475563223834,0.290992902933035,0.7198169098059664,0.4831282588906117,1.003507246440193,0.9160106147782257,0.8264432646439289,1.046341892073304,0.749695410435017,0.1081833963463327,0.6345697397496072,0.6459585473767966,0.6221257159751926,1.1551605196909691,0.8180772453715112
W5314,2,0.4790038239631154,0.4148347792646438,0.4152379500853433,0.0,0.0,0.0,0.0,0.4774693160155841,0.4519184269275738,0.0,0.5093726273807647,0.4938055844528394,0.5802312819068706,0.0,0.0,0.0,0.5577447563991249,0.5199650447237752,0.5355139186224119,0.5324596022235493,0.4775751422894237,0.4993013267340169,0.0,0.0,0.0,0.0,0.5236948474291182,0.0,0.5067292138473141,0.0,46.00087656497857,0.7212203454454194,1.7848201365492953,1.8664418631639432,2.881669571701841,2.4480052269208725,1.6476658283242105,2.6788755305479315,2.006770189982974,0.4039624148870786,2.0809233264225524,1.3537927031408237,1.6464646608768745,2.9632607285312487,2.6616137001275746
W5314,3,0.5978482407792484,0.7312394780681202,0.548667692986693,0.0,0.0,0.0,0.0,0.6905463442840191,0.6838532687401818,0.0,0.5540541280696964,0.7203384989675015,0.809373765570951,0.0,0.0,0.0,0.7135996275955062,0.7182246439562225,0.7303969291447479,0.831835243305777,0.794003623008291,0.6110756110372648,0.0,0.0,0.0,0.0,0.7424852095137144,0.0,0.8674123425373516,0.0,7.829178575434053,1.8424362499751892,3.4363415375867588,2.935228140945055,5.142859768320507,5.145618030347951,3.0109883316072588,4.200167574446929,3.6443315540398,0.9146580366178704,3.4577806048505204,3.01223521516397,3.763966153836488,4.468268562709136,5.323760499729187
W5314,4,0.5651109712711283,0.6147139109235444,0.4093375408366108,0.0,0.0,0.0,0.0,0.5506817536122116,0.7840770404554271,0.0,0.5102859431024234,0.740685609525606,0.5921789349791348,0.0,0.0,0.0,0.6167902538328177,0.7275702682713284,0.598004386427391,0.6964836443619677,0.7464373812232106,0.7837956775734662,0.0,0.0,0.0,0.0,0.7344972145653459,0.0,0.7057979669739929,0.0,0.6343370239872197,2.034183409367609,3.389190645641021,3.035743739885762,3.048933731269917,4.045864422650271,3.4245331059940107,3.590357263209903,2.7709662594775537,1.0842820077327482,2.6623502367241705,3.1382797238841724,5.324526247978243,7.201152748052992,7.447655584528197
W5314,5,0.4671153391348158,0.54806432537527,0.3292457117166567,0.0,0.0,0.0,0.0,0.4495021084118298,0.6295501159105928,0.0,0.4659196173481736,0.4643578516846926,0.5282544666592318,0.0,0.0,0.0,0.4280788393492122,0.6135375676195651,0.4466790743323617,0.5040994220038155,0.5926433330133393,0.6238864574095291,0.0,0.0,0.0,0.0,0.7534071737684395,0.0,0.353473961488302,0.0,0.4390830225231462,1.8396302105137583,2.5019498761723185,2.7567393735812167,2.033008252151003,2.7870718674525348,3.0776333160672014,1.88766039517962,1.8031901787117457,1.1222846976805552,2.480396715984009,2.485458415418429,6.73131800415726,10.074165490140857,8.541137890526622
W5314,6,0.3349019466103243,0.5650461952759086,0.2267693048603103,0.0,0.0,0.0,0.0,0.2967277496205944,0.4556745047601602,0.0,0.3055170493978759,0.3227221598135178,0.4019323871581623,0.0,0.0,0.0,0.3139280180530978,0.3922107991948818,0.2358038772562414,0.4157821892150127,0.4960936149141389,0.4200350275920532,0.0,0.0,0.0,0.0,0.5183924254017185,0.0,0.3201921766858319,0.0,0.3487345142486829,1.6018101056394842,2.007385483708349,2.1576328302556305,1.5164315304657872,2.056004548212443,2.784791106416228,1.5878239394356248,1.1487824845273735,0.7324289878397147,2.165783905725087,2.070411356075547,7.772555079630852,8.857794241453071,7.09113985225053
W5331,0,0.2,0.2,0.2,0.0,0.0,0.0,0.2,0.0,0.2,0.0,0.2,0.0,0.0,0.0,0.2,0.2,0.2,0.0,0.0,0.2,0.0,0.2,0.2,0.0,0.0,0.2,0.0,0.2,0.0,0.2,80.0,0.0,0.0,0.0,0.0,0.0,0.0,0.0,0.0,0.0,0.0,0.0,0.0,0.0,0.0
W5331,1,0.3563170364002346,0.3697190865724598,0.3437405817990081,0.0,0.0,0.0,0.3462022468658766,0.0,0.3296548350481143,0.0,0.315703530053564,0.0,0.0,0.0,0.2955384710202181,0.3108085081011114,0.3076480315888497,0.0,0.0,0.3788549677575722,0.0,0.4217151917974242,0.2736062934239032,0.0,0.0,0.2885623870104492,0.0,0.2923303854673647,0.0,0.3307213054901849,69.51847136114122,0.6752412013853003,0.7877677006932944,0.6100672229647982,0.8566172135677772,0.9534570157521336,0.8059165573128246,0.5283876246360655,0.4073696010055815,0.303297481084583,0.2491073636709682,0.5961049904268347,0.6779692918109674,1.4059819896604036,1.1239541113400715
W5331,2,0.570074768206614,0.5097901172159798,0.5008741553091771,0.0,0.0,0.0,0.5601782151210738,0.0,0.5712316303927271,0.0,0.5439279860954632,0.0,0.0,0.0,0.5219293337464733,0.4867829549728196,0.3936229334472149,0.0,0.0,0.6353017403920772,0.0,0.5590407240685574,0.4137944319730448,0.0,0.0,0.5552003252587305,0.0,0.4370178934064132,0.0,0.587230848393154,40.14677851048205,1.2738616499635484,1.97407424595282,1.671484395169039,1.6381895756663782,2.277406585803567,2.032954562858882,1.7241848203951564,0.8936184048026196,0.7751824029604801,0.9093257642392274,2.2158668131327888,1.9334626297061464,3.026148045403302,2.913079657843856
W5331,3,0.7559730207519059,0.8048590371539035,0.6434025240091368,0.0,0.0,0.0,0.802352357551463,0.0,0.7686639743749577,0.0,0.7123537233887577,0.0,0.0,0.0,0.7019004579294248,0.7343096692016265,0.6289048507470189,0.0,0.0,0.8642176386410967,0.0,0.8350990703509523,0.5919626883020156,0.0,0.0,0.9805586603944104,0.0,0.707195431909872,0.0,0.8968444632742758,9.10972733403178,2.4755718384734617,3.883897775424405,3.208977875036734,3.193446918461317,4.30812282669492,3.282388099443237,2.452007931286656,1.5791415643413511,1.261334680927226,1.753499161022894,4.306801392861315,3.653235229911077,6.592333228406697,5.36641080692
W5331,4,0.6277198221686768,0.576042698268889,0.453217449795552,0.0,0.0,0.0,0.8941976732234452,0.0,0.7534675431999537,0.0,0.6009060098668078,0.0,0.0,0.0,0.5141003404402751,0.5182277315626791,0.6598144047401393,0.0,0.0,0.7688441278982843,0.0,0.6445106277834702,0.4285891658960304,0.0,0.0,0.6689905263372358,0.0,0.7317414949729593,0.0,0.7689255668232631,0.8887765585635247,2.954138371343316,3.95433466522396,3.9078182968825375,3.658276075002128,2.674096299399865,4.076645792398055,1.9005278394778773,1.9998442005831345,1.5331455631101456,2.3142105987322754,2.7638797337432077,5.594691318561192,6.445537075259155,6.085480682166222
W5331,5,0.4630910320911077,0.5790797635689953,0.3221616301975489,0.0,0.0,0.0,0.5578102534480971,0.0,0.6363502956751552,0.0,0.3889222872002047,0.0,0.0,0.0,0.3544368018515531,0.3937344825167035,0.3818187609515139,0.0,0.0,0.6532315454286232,0.0,0.5566992022871474,0.2925385056748771,0.0,0.0,0.529650097467721,0.0,0.3860399076786271,0.0,0.6075928354642083,0.4830499887370892,2.2391783704149417,2.769097917072166,2.7691014639572185,2.623651956395107,1.9513207597840947,4.193140134215226,1.395968524573841,1.66600096091943,1.2410362928287586,1.524466687823134,2.185955666842766,5.9981020026118825,7.799323280765698,7.532666561963612
W5331,6,0.2350062829687691,0.4002117884817543,0.2101366458079699,0.0,0.0,0.0,0.4594762792099993,0.0,0.4553133175165197,0.0,0.2152095546498548,0.0,0.0,0.0,0.2779798786442458,0.2598914682385022,0.331315949953654,0.0,0.0,0.3957190954936814,0.0,0.4118461889177384,0.2670382829203828,0.0,0.0,0.3593429263042664,0.0,0.2911910067992794,0.0,0.481438987348734,0.4036611653717771,2.0728433293899724,2.6909544106430827,2.085154403189473,1.7278245054853187,1.5101707866553398,4.215189889510666,1.2425485013895654,1.5794049816565647,1.4644213605496812,1.3483931651314405,1.5416951509722552,8.320646330477128,9.35426623106655,9.94982280596892
W5381,0,0.2307692307692307,0.2307692307692307,0.2307692307692307,0.0,0.0,0.2307692307692307,0.0,0.0,0.0,0.2307692307692307,0.2307692307692307,0.2307692307692307,0.2307692307692307,0.0,0.2307692307692307,0.2307692307692307,0.2307692307692307,0.0,0.0,0.0,0.0,0.0,0.0,0.2307692307692307,0.0,0.0,0.0,0.0,0.2307692307692307,0.0,80.0,0.0,0.0,0.0,0.0,0.0,0.0,0.0,0.0,0.0,0.0,0.0,0.0,0.0,0.0
W5381,1,0.4425781268876709,0.3637525683648487,0.3994279562245987,0.0,0.0,0.3797264251183835,0.0,0.0,0.0,0.4522652802307203,0.3594347046381542,0.3827050743275708,0.3914418940304495,0.0,0.3385635189536906,0.3116537229734284,0.3963980250828454,0.0,0.0,0.0,0.0,0.0,0.0,0.452141898879611,0.0,0.0,0.0,0.0,0.4395240256450847,0.0,51.48720750277096,0.2754898043641567,1.050769879180702,0.4596483869817904,1.564234384396383,0.4795279012339632,1.4133332961388692,0.4608797287307803,0.7944824369656448,0.2289788019972427,0.3751823005198569,0.1952679764238918,1.1709958996872405,1.380046464061493,0.9507988642811068
W5381,2,0.4984179337440957,0.6790413901076002,0.5572959789470042,0.0,0.0,0.571075759958466,0.0,0.0,0.0,0.609773757484706,0.5122462174498976,0.7755843713759599,0.6941051647754944,0.0,0.6488724229616571,0.5318301040154496,0.556866122435772,0.0,0.0,0.0,0.0,0.0,0.0,0.6071835788117066,0.0,0.0,0.0,0.0,0.5222454951435987,0.0,36.10220187503391,0.6098406222638781,2.5350126812488325,1.035465442766586,3.513672229645379,1.481569911324892,3.941718927826901,1.0494447760064818,1.7920889452510675,0.4250998794168914,1.0032399515269863,0.6967538254082313,2.952315276938544,2.6755623810863804,2.830652881873384
W5381,3,0.957863272913352,1.019539379575186,0.615192591981507,0.0,0.0,0.8015522636910886,0.0,0.0,0.0,0.9719045354011314,0.9195435584775502,0.9188179986803175,1.0203503737994808,0.0,0.8219309891106219,0.6637957401735421,0.865611278578039,0.0,0.0,0.0,0.0,0.0,0.0,1.0068466167200247,0.0,0.0,0.0,0.0,0.7966493265286755,0.0,8.958457499114077,1.2980799365414468,4.161684687497898,1.856149583068444,6.64154398282501,2.7161859622629736,6.100785937540224,1.9567244887995177,4.013460035968911,0.7960642314676765,1.929855070091894,1.4163866057281675,6.049946169116194,5.994440042804598,4.761219914796372
W5381,4,0.6930040598897849,0.6457615771226592,0.3943650569020234,0.0,0.0,0.8644677043044496,0.0,0.0,0.0,1.098538788661913,0.6303122606043648,0.8923400681020353,0.8685003575709459,0.0,0.7783837807663366,0.5918007859243908,0.7509255537037302,0.0,0.0,0.0,0.0,0.0,0.0,1.1247473752851755,0.0,0.0,0.0,0.0,0.8103667004875832,0.0,0.5855729798134128,1.841772934350184,2.563574382889087,2.3439623839424244,6.176070155819838,2.652146213884468,4.582504196479674,2.324907448909706,2.1299699887736905,1.0785958034368683,1.9337654552035928,2.070540075229453,8.539208588644566,8.281899903448691,6.438903583135024
W5381,5,0.4857557028396167,0.564723416802898,0.3699842344344763,0.0,0.0,0.8082438403216099,0.0,0.0,0.0,0.7390460736359808,0.4612535887956435,0.7256666688800023,0.6000367448783311,0.0,0.5048212824680404,0.419760352443244,0.456641676997249,0.0,0.0,0.0,0.0,0.0,0.0,0.6071683053383408,0.0,0.0,0.0,0.0,0.648503948870165,0.0,0.2406063985839105,2.225274217745157,1.3494783682138551,2.183756749152744,4.16749058635398,2.321764833109063,2.7004569735772885,1.9641160573606145,0.951746528391886,0.8355545906417269,1.4307229366409986,1.678916461463283,9.9776214247776,7.982816619492103,7.91230697444417
W5381,6,0.3119035962915636,0.5418286422120858,0.228335358879414,0.0,0.0,0.6254719491440284,0.0,0.0,0.0,0.5324745374711383,0.2721753325242781,0.4517482421256389,0.4124902700336524,0.0,0.2588839277629532,0.2309621846282242,0.3673195807915152,0.0,0.0,0.0,0.0,0.0,0.0,0.4034775186298783,0.0,0.0,0.0,0.0,0.4595476250749923,0.0,0.3101618035200517,2.0392539800118112,1.1253945621823431,2.8072354505421138,3.0024875229095764,2.3733749667478974,2.044112067830898,1.5358032176048608,0.8733375074897601,0.6257246366984803,1.561950492099018,1.5879420046211514,10.177046976316795,10.995472204151811,7.596499052030035
W5420,0,0.2,0.2,0.2,0.0,0.0,0.2,0.2,0.0,0.0,0.0,0.0,0.0,0.0,0.2,0.0,0.0,0.2,0.2,0.2,0.2,0.0,0.2,0.2,0.2,0.0,0.0,0.2,0.2,0.0,0.0,80.0,0.0,0.0,0.0,0.0,0.0,0.0,0.0,0.0,0.0,0.0,0.0,0.0,0.0,0.0
W5420,1,0.348823181458068,0.3533724983193303,0.2140766067841025,0.0,0.0,0.2950046616451822,0.3314916974796592,0.0,0.0,0.0,0.0,0.0,0.0,0.3138128480433375,0.0,0.0,0.3630934121177721,0.2654215571157078,0.3471901214941676,0.2739083729243708,0.0,0.3431379528998442,0.3442697076453323,0.2887176829489893,0.0,0.0,0.2959378762503047,0.3613871765886651,0.0,0.0,66.75390028404134,0.4378146105735557,0.865224575545851,0.8313345648522444,1.1379225946955256,0.5244356798811016,0.6816155688963687,1.022875488101919,0.4804253273515079,0.0991218828898952,0.50119357894428,0.6271800390294584,1.061543880443893,1.1604274276808788,0.9768419944258414
W5420,2,0.4101615653402479,0.6047356811153234,0.4441283582914118,0.0,0.0,0.4895018113870055,0.5047436200474031,0.0,0.0,0.0,0.0,0.0,0.0,0.616396428644366,0.0,0.0,0.4479893292745845,0.5122546967531663,0.4887136107183375,0.5596533810398456,0.0,0.5305085230804358,0.5076165310886921,0.5543568733662186,0.0,0.0,0.3900157892854934,0.550372497468406,0.0,0.0,40.88944811564721,0.8324618197683923,2.445240724247284,2.6207744594619955,2.8696315113041457,1.423089768327845,1.5230562940565044,2.5335276476909385,1.2465865544764083,0.2120990686805991,1.5280911975375389,1.875006821955829,2.603281200738776,3.652480124185346,2.43871115332278
W5420,3,0.7803095609874823,0.7718512835567921,0.6184302924187751,0.0,0.0,0.6485319634333291,0.831956200918739,0.0,0.0,0.0,0.0,0.0,0.0,0.6494035994736385,0.0,0.0,0.8462242335869969,0.7249218092758533,0.9582924969463632,0.9105149811197466,0.0,0.7709813853171209,0.6122456472476846,1.0058297992250016,0.0,0.0,0.8376515159787751,0.8387166953857499,0.0,0.0,6.695092112657939,1.922277416795204,4.315823524737641,3.6735763479305192,3.677974480860189,2.681295551950807,3.7689676024519496,4.426097678132782,2.8254439717040865,0.4734744256434234,2.6139107479583323,3.071918261463811,5.122203697958563,4.984488917295461,4.957099867265033
W5420,4,0.6840069386931318,0.6815161086218778,0.5199066454100784,0.0,0.0,0.8172853225533162,0.7598416231971205,0.0,0.0,0.0,0.0,0.0,0.0,0.5484396806685962,0.0,0.0,0.632099950650805,0.7676494862685463,0.6158298613514782,0.842270512243152,0.0,0.6468812120721618,0.6572149675984302,0.808191629114275,0.0,0.0,0.7663123950809883,0.5874399921697844,0.0,0.0,0.3471904068301876,2.4528215526507817,3.536473554478392,2.825166467917104,3.862182520189784,2.3250429764233,3.169808283169873,3.012153250696103,1.7881889774343724,0.7781447988129117,3.000627003728223,2.8632653329088678,7.232037567596753,7.431584003205478,6.333005595503277
W5420,5,0.4593866186075557,0.6238457276478231,0.348317402479609,0.0,0.0,0.7325538503458929,0.5611898334051647,0.0,0.0,0.0,0.0,0.0,0.0,0.3746399613059723,0.0,0.0,0.4014683553577046,0.5473911448478921,0.4497221379535464,0.577288929859467,0.0,0.6516282983661106,0.4075155327891128,0.5261428713026084,0.0,0.0,0.7201605405412774,0.417165132256621,0.0,0.0,0.2867814097351251,2.2189644027534783,2.1611049257965504,2.055725587863823,2.8343707374164024,1.9272021189290616,2.5573365184506707,1.8362689325368555,1.4157894572084344,0.9264530971071498,2.2289780076100776,2.4518656948328266,8.825845373768304,7.640031625655074,7.565627925001856
W5420,6,0.2568325317145991,0.3922241782600593,0.2435264860327467,0.0,0.0,0.5207977622185452,0.373165967108847,0.0,0.0,0.0,0.0,0.0,0.0,0.2249255352317034,0.0,0.0,0.3543501621369347,0.3074537956235211,0.1986651454798977,0.4717978086438839,0.0,0.4954242572876601,0.3139501026450481,0.3072296371369318,0.0,0.0,0.484643513727793,0.2359032310909355,0.0,0.0,0.1366597484108782,1.6225343298597503,1.7347979353599905,1.5140476302493753,2.536821876635548,1.640880636918539,1.95941781760958,1.5239764867283818,1.0144763267123809,1.019896408377093,2.37029140171984,2.223333461793581,9.888275522221424,9.8036352228549,7.924173744804831
W5437,0,0.2,0.2,0.2,0.0,0.0,0.2,0.2,0.0,0.2,0.0,0.0,0.0,0.0,0.2,0.2,0.0,0.0,0.2,0.0,0.2,0.0,0.0,0.2,0.2,0.2,0.2,0.2,0.0,0.0,0.0,80.0,0.0,0.0,0.0,0.0,0.0,0.0,0.0,0.0,0.0,0.0,0.0,0.0,0.0,0.0
W5437,1,0.3224723333040978,0.3248807066601691,0.2611866953129458,0.0,0.0,0.3264158050564278,0.3620853489663939,0.0,0.302591642880991,0.0,0.0,0.0,0.0,0.3019171991853249,0.3073107405522833,0.0,0.0,0.2821521567312952,0.0,0.320951857172488,0.0,0.0,0.2660803639353867,0.3350819045264901,0.3065892919328326,0.3720238322877443,0.3334435554179303,0.0,0.0,0.0,69.92019800885652,0.5174813616992155,0.8744127900862433,0.5864231940654927,0.9314321021915054,0.6771533247063125,0.8705366131018742,0.6036280472617875,0.6255796225830328,0.1106262595374173,0.3859234639920532,0.3141086789782417,0.904632773213746,1.188026976964463,1.0288234322471494
W5437,2,0.5709063081424978,0.5145936137426173,0.4455052393093574,0.0,0.0,0.5553217915841648,0.4263843900859728,0.0,0.5745468469240016,0.0,0.0,0.0,0.0,0.4277393523916926,0.5367601623184506,0.0,0.0,0.4415596946231082,0.0,0.5749014980472693,0.0,0.0,0.4322787920036604,0.5833462467837308,0.5850664036777531,0.5361329367786741,0.5720454942026726,0.0,0.0,0.0,43.11678767958063,1.2719305351455434,2.155396406078487,1.607741143573718,2.6368598685698146,1.666905479506951,1.9503251149996288,1.5955549041138646,1.5062917796447397,0.3136341329163879,1.5149704357579306,1.089407174366852,2.6251315039486856,4.104963605484644,1.9387801017530804
W5437,3,0.8452617829279255,0.7261950069030195,0.6289175018712574,0.0,0.0,0.7075349863094156,0.8031941173735252,0.0,0.789287300223243,0.0,0.0,0.0,0.0,0.7435616690569963,0.7783438527496814,0.0,0.0,0.9439381439148736,0.0,0.8806541788791111,0.0,0.0,0.620437742285596,0.9342357657792084,0.942801341730416,0.7689417257852456,0.6226888419062139,0.0,0.0,0.0,8.726954741769784,2.168211945205638,4.183072535314327,3.291937927868321,5.048997591685476,3.808852932446567,4.298204736592275,3.368192276277446,3.37696068685985,0.5785557244767497,2.738353883614542,2.0295318462186183,5.607457338329496,6.811775466441504,4.761872853776263
W5437,4,0.6524029183313764,0.7200077829668159,0.4401371107083369,0.0,0.0,0.67362250195657,0.6129830690266717,0.0,0.7290269367064934,0.0,0.0,0.0,0.0,0.5092945124986179,0.5211324727208861,0.0,0.0,0.837300427828385,0.0,0.7735513260510252,0.0,0.0,0.4770801612007627,0.7704848252737738,0.7545261757431962,0.7628641017609266,0.7738341510917502,0.0,0.0,0.0,0.3294674483652518,2.8397279184675304,3.6861468095462473,3.8037923955509583,3.7858746670124246,2.5037783501630444,4.146486499815675,2.4559157203717947,2.551035596603751,1.0012476487333102,2.0807267135097027,2.1221773654162064,5.7585817944430095,9.15069074691094,6.065430243612505
W5437,5,0.3976138338876853,0.5026876483212066,0.278302226064664,0.0,0.0,0.6862494471425005,0.5751789508186869,0.0,0.7668881342189452,0.0,0.0,0.0,0.0,0.3452777271624489,0.4003390197516823,0.0,0.0,0.5633398038533939,0.0,0.5767407278010042,0.0,0.0,0.3249614307723883,0.590295397435687,0.3843824210756835,0.5359368677571529,0.59353194150786,0.0,0.0,0.0,0.2931322277966195,2.668793478519377,2.867031841392534,2.391912699177085,3.3565395558476663,1.1417411931637995,3.1250148976671155,1.5055560104726222,1.760860075110977,0.8058931547655357,1.8043261886587203,2.000233077993645,8.255092593437304,8.424907826843324,7.191624114667066
W5437,6,0.2665773801117773,0.4262354384005953,0.1884820862743608,0.0,0.0,0.7216766804670833,0.4001243243358091,0.0,0.6225968787317678,0.0,0.0,0.0,0.0,0.3598436352072337,0.3185332100038345,0.0,0.0,0.4293272189888603,0.0,0.439374082693453,0.0,0.0,0.18825699434656,0.3725965851244503,0.2329226903946753,0.3993897801682561,0.4282351615191825,0.0,0.0,0.0,0.1290291012310657,1.622444045999862,1.7844118107508216,2.074848518318239,2.3501973181104394,1.076593070976911,2.825674810083708,1.415360647061963,1.456955532497576,0.9629022326228291,1.678714215148539,1.963586273952255,9.058401603390566,10.975040508774896,7.305510527637821
W5774,0,0.2,0.2,0.2,0.2,0.0,0.2,0.2,0.0,0.0,0.0,0.0,0.0,0.2,0.0,0.2,0.0,0.2,0.0,0.2,0.2,0.0,0.0,0.0,0.2,0.2,0.0,0.2,0.0,0.2,0.0,80.0,0.0,0.0,0.0,0.0,0.0,0.0,0.0,0.0,0.0,0.0,0.0,0.0,0.0,0.0
W5774,1,0.3395751320741665,0.332952555605934,0.2394933871570193,0.3419810859324217,0.0,0.3319433250121911,0.3478473896280845,0.0,0.0,0.0,0.0,0.0,0.3066912377243901,0.0,0.3371450661385736,0.0,0.2743830444536725,0.0,0.2748160797828035,0.3134319876997593,0.0,0.0,0.0,0.3334430465549644,0.3392856600996687,0.0,0.3348059501963585,0.0,0.3166733744133273,0.0,68.68409043580417,0.2579420717413608,0.6824041886162606,0.7012567731998772,1.6617239372252486,0.4638636862176451,0.9254812334952732,0.9973018224621838,0.9310537384574518,0.082889153421513,0.3526142888542767,0.3311985873160721,1.3002274385933943,1.1585659901190375,0.8998984332556955
W5774,2,0.554379226669582,0.5832528728241403,0.4876327513630674,0.5712552026343624,0.0,0.5355956623319523,0.5381994521871922,0.0,0.0,0.0,0.0,0.0,0.5920183276447782,0.0,0.5309090267454815,0.0,0.5262429235837583,0.0,0.545084510520487,0.4581553669773625,0.0,0.0,0.0,0.5709724651267745,0.6176691653537164,0.0,0.5772085724535596,0.0,0.5571021471077656,0.0,36.12204507684898,0.5972294750179018,2.334854432019853,1.5010770886426563,3.828115363232828,1.2763544249382146,2.5761041682619967,2.682433286229269,2.682504411345728,0.4264607633687573,0.8275607475468518,0.8349260761706087,3.0408281669809285,2.7286711273129347,2.359171796575422
W5774,3,0.5603178237298664,0.790586839061465,0.6484331788819064,0.6689874396569435,0.0,0.7670709186970145,0.847017943198958,0.0,0.0,0.0,0.0,0.0,0.8705716880889717,0.0,0.8593162704523473,0.0,0.8606931679355359,0.0,0.7569007248211232,0.7562451586598203,0.0,0.0,0.0,0.8137404020633996,0.8045942107041397,0.0,0.9125907459224284,0.0,0.8660425640723961,0.0,7.547919414615629,1.2675033738062873,4.497859049790625,3.058049512657276,8.019346554662045,1.8113964859966107,4.110712839634914,4.904637029158848,4.168294423705063,0.6085420706653811,1.2781223005439195,2.0258370879216,6.889165334556138,4.76841292961983,4.592149726786343
W5774,4,0.7094291859135482,0.7607656765542832,0.3907126558943141,0.5602875462448542,0.0,0.6946856838102629,0.5974862765426999,0.0,0.0,0.0,0.0,0.0,0.6978670946321975,0.0,0.6265864726631724,0.0,0.5833566294589092,0.0,0.7169225334256506,0.6634066801102949,0.0,0.0,0.0,0.825751184567818,0.6843411657717496,0.0,0.7515864939888859,0.0,0.7004434144068159,0.0,0.5154968256102554,2.067043112558438,2.933405730847252,3.4335372259806904,6.660765908333711,1.8205813274856852,3.082594499291443,2.955672197952208,2.3939801181045324,1.0971107230181176,1.568598519453159,2.1923082808832555,6.864481254687878,7.405629434136871,6.595306294610893
W5774,5,0.4416246208260238,0.5924009689938363,0.3807462424968268,0.3673485183639716,0.0,0.6809033463700148,0.4854639112538162,0.0,0.0,0.0,0.0,0.0,0.4671036559861511,0.0,0.4013506356926842,0.0,0.4875390425950996,0.0,0.3523469950857603,0.5490938508824849,0.0,0.0,0.0,0.6127089834323259,0.4833663885348225,0.0,0.6609028291672036,0.0,0.5282916702431495,0.0,0.4124521136004013,1.739368706996726,1.7814974626936957,2.6367065375784717,4.963373337047456,1.6761958389066671,2.276858457426964,1.937906637482237,1.3359358006849158,0.6475400774942148,1.25467929794193,2.191295957040532,9.910363617060431,7.414854097407239,7.490876118794364
W5774,6,0.3713801164528771,0.5484138127080536,0.1837353932876993,0.337284898005047,0.0,0.457012355688452,0.3459867160507848,0.0,0.0,0.0,0.0,0.0,0.3555209989275226,0.0,0.2819686423041409,0.0,0.3086229546866934,0.0,0.246849600596484,0.4572019894599408,0.0,0.0,0.0,0.3681395289032746,0.276725621140011,0.0,0.3830529065272371,0.0,0.3524306674014179,0.0,0.2758866322769248,1.8495078616378704,1.1812564355669142,2.4892548117580398,4.647646145327978,1.4235654063266412,2.1955039780431984,1.4519595575190594,0.8347691609930579,0.6484993251287251,1.595199014356619,2.027978618209278,10.636789202405666,7.909984554674979,7.191173471885885
