Treatments,Time,S01,S02,S03,S04,S05,S06,S07,S08,S09,S10,S11,S12,R01,R02,R03,R04,R05,R06,R07,R08,R09,R10,R11,R12,R13,R14,R15
W0001,0,0.25,0.25,0.25,0.25,0.25,0.25,0.25,0.25,0.25,0.25,0.25,0.25,35.0,0.0,0.0,0.0,0.0,0.0,0.0,0.0,0.0,0.0,0.0,0.0,0.0,0.0,0.0
W0001,1,0.4075422391879106,0.7065414102082083,1.3203952871970828,1.0796093646015688,2.2460875677512524,1.4180417149185531,1.0520392423202949,0.744372010928713,1.053712785419995,1.2639235584558617,1.2818475252029775,0.6075615744718011,1.2535889546464,2.4709462924004404,2.7784094183650287,1.819967874581692,2.8311447673112307,2.8011940086469016,1.028267045835633,2.4354510213833414,-0.0552358170926973,-0.3051739169942263,-0.1166960675187257,0.8769354096718603,2.236887046096093,1.8853258031894249,-0.3278967715808941
W0001,2,1.0721840262592144,1.3421402508127247,2.7173388387114468,0.7304003800825298,1.6057091649043291,1.5857243251382571,1.3894217758230825,0.4859698332501334,1.327903480148154,1.1746405151992925,2.01201002556733,0.2839332090247782,0.81056136736905,0.7864081343246219,0.9493990114206232,1.5300502100725613,1.8944763928473365,1.079214290989881,0.670532551770858,1.461238357102629,-0.1215670305871456,0.2122079562645856,0.6107729975265714,0.1958788803335426,2.906271263591183,3.103890687923526,2.548078955789895
W0001,3,1.3151149336916197,0.7672397612897321,1.5925803564726912,0.4690501459650738,1.804009436449585,1.0489180563668314,0.3811148602829123,0.5652818787723393,1.214123845500696,1.5651782312227915,1.2177094384586322,0.3251676139940975,0.5279706065442062,1.4159674554473098,0.6537736507954238,-0.2839950626282466,1.6609219626249714,1.099855108052321,0.4651850258277498,0.079870726389614,-0.2528784014221982,-0.2723005495481439,0.643823486643707,0.261912415826368,3.120480757265094,1.707680108751136,2.445185161645317
W0001,4,1.2405983001244496,0.8165797431190955,0.855465014406437,0.8523178350373173,1.2463355037756645,0.229968361300382,0.7716751082941503,0.6544165989609368,1.2925353369073684,0.4174117600532114,1.0362817648750102,0.4322404330570747,0.7846313330439474,0.8801848018474556,-0.3068389373735372,0.3386761114924259,0.0051893401175857,0.0642959573575909,0.6878283483231475,0.3375562781491925,0.2266129273476018,0.4271810795646588,-0.4674992861434937,0.201538288261999,5.220083440481685,3.14691525069191,2.102294324479556
W0001,5,0.970120675529289,0.5833783675929227,1.5998219166357903,0.3539974312475233,0.8293099570826518,0.5530707058981961,0.4946222732346266,0.4694003422553284,0.8617109593746424,0.5102189255888171,0.595712834938656,0.2951696208496372,0.4972397878024442,0.8881121499631941,0.6139125647466095,0.059476882101149,-0.1262708898017983,-0.0202481690950538,0.4866583275529079,-0.4220652511842652,0.5057476768107165,0.1059727448001848,0.203532500995738,0.2907676545625195,2.975082092163887,2.975189319197255,1.874892186039466
W0001,6,0.7419733566279055,0.5550933982938726,0.4636656512709516,0.0002418249440416,0.9113860682786916,0.5048707454226413,0.7564811462055683,0.3299365980152386,0.5496635587572329,0.5345575616662083,0.7619381444670261,0.1133352498364442,-0.8638519192534898,1.2018346164317366,-0.276278941638978,-0.0199489161999652,-0.112500232037803,0.0122292743661003,0.4671081418138435,0.2785185284033254,0.313722747392449,-0.3849866801481546,-0.3835963057290851,0.8096946165061099,4.482167743691204,2.162254803722112,3.9393655998738697
W0002,0,3.0,0.0,0.0,0.0,0.0,0.0,0.0,0.0,0.0,0.0,0.0,0.0,35.0,0.0,0.0,0.0,0.0,0.0,0.0,0.0,0.0,0.0,0.0,0.0,0.0,0.0,0.0
W0002,1,8.718835921494811,0.0,0.0,0.0,0.0,0.0,0.0,0.0,0.0,0.0,0.0,0.0,9.914623174194684,6.240394869853405,0.3219450297240476,0.1157366734000648,1.3491924570592424,0.0285368214371159,2.07078037715992,0.2180849985980401,-0.0347162236676395,-0.4537372827723691,0.8443737931014668,0.0805555125290566,0.0033790059211217,1.0752378057129468,2.3466693592651406
W0002,2,14.463270892495329,0.0,0.0,0.0,0.0,0.0,0.0,0.0,0.0,0.0,0.0,0.0,1.940309894940698,5.663675958269685,0.8150282998958814,0.9355660113359971,1.0424230808887085,0.2870410289499293,5.486696412301475,-0.237665976835381,-0.4371370576696687,-0.2069903070003547,2.2586062618647755,-0.0469381803167751,1.6471775034031837,1.260337107253331,3.9296809889658806
W0002,3,9.871149676344102,0.0,0.0,0.0,0.0,0.0,0.0,0.0,0.0,0.0,0.0,0.0,0.546129420426218,2.8912662998308982,0.2858163815116043,1.1238612323825512,0.8581336778713298,-0.3717657490342251,0.9801497434204078,0.1227051341168722,-0.3644466339356063,0.8339857878689816,1.99066472541108,0.236105240900314,1.8220318566693403,1.381320600757326,3.3706159183723177
W0002,4,6.029065321239902,0.0,0.0,0.0,0.0,0.0,0.0,0.0,0.0,0.0,0.0,0.0,0.690786313153035,2.1807236065608877,0.206323859247521,1.6297606410003154,-0.0406849424080138,1.2244256140643133,3.696098117638624,0.3479156815597061,0.0864439338912566,-0.0036086218719183,2.912116341179813,-0.7332137049821117,1.078491419232182,0.8539545496238987,6.116220135838436
W0002,5,8.01302499137471,0.0,0.0,0.0,0.0,0.0,0.0,0.0,0.0,0.0,0.0,0.0,-0.1650729739323176,0.7629788228695158,-0.2690047893319245,0.723052713275802,0.2199159462501066,-0.7542409790142177,4.495371912052372,-0.6067625328233163,0.5426924286727302,0.2659808999985327,0.6720512171494193,0.3775139287011745,2.044612457208414,0.9489515197312344,4.81139451905452
W0002,6,4.416590518975996,0.0,0.0,0.0,0.0,0.0,0.0,0.0,0.0,0.0,0.0,0.0,-0.853455722568951,1.1925321332517655,0.9141995388755892,1.6165814683947082,0.1858707754388377,0.1620845576601021,6.07304071997268,0.2594819507731792,0.4565246677209135,-0.0033889678495611,2.21094505164793,0.5838960684920826,1.5927791828157836,1.4754680798179458,5.432718968542885
W0003,0,0.0,3.0,0.0,0.0,0.0,0.0,0.0,0.0,0.0,0.0,0.0,0.0,35.0,0.0,0.0,0.0,0.0,0.0,0.0,0.0,0.0,0.0,0.0,0.0,0.0,0.0,0.0
W0003,1,0.0,5.942708779790396,0.0,0.0,0.0,0.0,0.0,0.0,0.0,0.0,0.0,0.0,7.822638862864757,1.181071644057126,0.136005509251465,0.4745175302680588,6.03074055494177,0.3991020110821441,0.6468371431703431,0.2096020549839979,0.2882564099026341,0.4423004341063749,0.4120616799560694,1.5870168663546915,3.283598187182311,2.284386231738874,0.4226512387082317
W0003,2,0.0,14.50052171652026,0.0,0.0,0.0,0.0,0.0,0.0,0.0,0.0,0.0,0.0,0.99943432461478,-0.3991529309457549,0.2110330266651264,0.2331321174514177,6.496068491025584,0.702300348593296,0.0179485764218355,-0.6768686214642188,0.3950960393289658,0.6997391658596662,0.3285634745260306,1.033111564056425,4.821034166563868,2.258534095285377,0.9479335006133204
W0003,3,0.0,9.051057488667045,0.0,0.0,0.0,0.0,0.0,0.0,0.0,0.0,0.0,0.0,-0.0933842112674963,0.0203191883134839,-0.2664500782649772,0.0511793267867055,12.05699290136388,0.5705228939242578,-0.1786896720075463,-0.4172205380028215,1.3269722245924989,1.5138148274890737,0.6276091914106209,1.2271118956716034,6.646164058560075,1.469462663010226,0.1008964164139551
W0003,4,0.0,6.398918844669896,0.0,0.0,0.0,0.0,0.0,0.0,0.0,0.0,0.0,0.0,-0.1508897757667003,0.1541990701506332,-0.0720443056213736,0.0141732424832654,7.596995299229681,-0.1741384845977853,0.2917682773536942,0.2944718274634468,0.9064359346570297,1.0749906137556322,0.8640786857184447,1.7922619991199866,3.4255399026796027,0.1345279407243412,0.7194243579490489
W0003,5,0.0,6.271675244458124,0.0,0.0,0.0,0.0,0.0,0.0,0.0,0.0,0.0,0.0,0.1533622123984183,0.1205158526795691,-0.5997320063312478,0.216150286986768,9.931655690933866,0.1444656634775651,0.1285366671931778,0.5413364469253817,1.634125185808903,-0.0762631721336778,0.2592090902761556,1.2897775920924324,5.430213721927704,1.0542535267459234,1.133548657059121
W0003,6,0.0,1.9004709825794317,0.0,0.0,0.0,0.0,0.0,0.0,0.0,0.0,0.0,0.0,0.5349976852786732,0.1902284894446887,-1.5193329367965984,-0.1127696583186989,5.941432946101228,-0.474445754025615,-0.3339392789382152,0.1351105756402952,1.007391635523395,0.8128182966666736,0.3343179024356378,1.941765858761316,9.397927010609289,0.9291432205879386,0.031435046386826
W0004,0,0.0,0.0,3.0,0.0,0.0,0.0,0.0,0.0,0.0,0.0,0.0,0.0,35.0,0.0,0.0,0.0,0.0,0.0,0.0,0.0,0.0,0.0,0.0,0.0,0.0,0.0,0.0
W0004,1,0.0,0.0,17.961653988421872,0.0,0.0,0.0,0.0,0.0,0.0,0.0,0.0,0.0,1.1859992516749402,0.4751051695123606,-0.3658313620351217,0.2289331191978959,2.007620628861569,3.241720810934134,0.6158836719217392,1.667942987406259,2.9533737304238694,-0.2274867271658218,0.202390398377414,-0.0828824352356253,0.8229185775448618,5.2592208952497055,0.0019595614660415
W0004,2,0.0,0.0,5.4802168495473165,0.0,0.0,0.0,0.0,0.0,0.0,0.0,0.0,0.0,0.6466435955272007,-0.0879905284041036,-0.2410998078687313,0.1224752783303906,0.1610976769629583,-0.2150300472160198,-0.268441526273898,0.8226039796155363,4.881659375438716,0.2661203008063038,0.8686175425103703,0.4110853010471686,1.1278509868638764,5.205617627733772,2.072061454912708
W0004,3,0.0,0.0,13.330243960760512,0.0,0.0,0.0,0.0,0.0,0.0,0.0,0.0,0.0,0.6614564445406012,-0.1053912752928473,-0.2836457850987684,-0.5391387426579972,0.2996556003123708,0.4867972344787679,-0.4412346232968419,0.0872042563938123,7.7158805023338655,-0.3410319882966436,-0.714388713030154,1.8217205433608687,1.4058347392128927,4.448883389118125,0.9497380902535832
W0004,4,0.0,0.0,7.933502929253548,0.0,0.0,0.0,0.0,0.0,0.0,0.0,0.0,0.0,0.4040918563865709,-0.348926225603962,-0.1054851466734914,0.4776226866439419,0.741742926701174,0.478029062488086,-0.4161484887869227,0.2073234502175205,5.624858298430028,-0.5110975894433242,0.7110862810613167,0.1044370654374019,1.8479823711806072,2.733236709007815,1.312255153592877
W0004,5,0.0,0.0,8.658270706802849,0.0,0.0,0.0,0.0,0.0,0.0,0.0,0.0,0.0,-0.003110113969473,0.285904393356414,0.0351652161659749,-0.0697531206112355,-0.1154413536174252,-0.4367657206440843,0.3482075638906164,0.4483269217661267,5.857047956443551,0.0211919191379393,-0.4741638042592085,0.3721864558018308,0.9664450018325024,5.164013165866408,1.0130091252470337
W0004,6,0.0,0.0,3.1524214228314458,0.0,0.0,0.0,0.0,0.0,0.0,0.0,0.0,0.0,0.0391281342472201,-0.3487326699017674,0.2454661260081619,0.2649415183508175,-0.1745229225751465,-0.8703785004254193,-0.3694377812788239,0.6177878060459345,5.854646576446788,-0.3809708328650819,0.439937356574537,1.5766328293450975,1.8210274098552277,3.656971775641791,0.9477338857714996
W0005,0,0.0,0.0,0.0,3.0,0.0,0.0,0.0,0.0,0.0,0.0,0.0,0.0,35.0,0.0,0.0,0.0,0.0,0.0,0.0,0.0,0.0,0.0,0.0,0.0,0.0,0.0,0.0
W0005,1,0.0,0.0,0.0,14.642014849588278,0.0,0.0,0.0,0.0,0.0,0.0,0.0,0.0,1.0196063818340353,1.004243091596437,0.7670951117366049,0.3623841142328262,0.5209348618458364,12.044729199690876,0.6810784768789545,1.5441487403116594,-0.0068785096950365,-0.1168891482697895,0.1728804861710723,0.545429490728889,2.326451198447802,0.313500431584875,2.368066610923318
W0005,2,0.0,0.0,0.0,10.876454548616897,0.0,0.0,0.0,0.0,0.0,0.0,0.0,0.0,0.1682152893794679,0.018776658421124,0.8770503690308593,0.355314098405136,1.1930406335529429,7.20165774411743,0.549037913179087,0.4415047404598024,0.8001957060530132,1.106669028921776,0.3243545236262739,0.3992931477152539,3.159522306550156,0.7730375985500383,1.9959043595369907
W0005,3,0.0,0.0,0.0,6.5852012437792045,0.0,0.0,0.0,0.0,0.0,0.0,0.0,0.0,-0.3292152990398198,0.2430816552382258,0.7816239071896341,0.57045423478352,1.5990539158761066,5.513992475211979,0.4745719359393107,1.0457534834834448,1.1906283797795347,0.3888418499233917,-0.2702454750970869,0.3257103730474954,3.5634015661078897,0.7629321778327669,1.7611275967287503
W0005,4,0.0,0.0,0.0,8.939511439758963,0.0,0.0,0.0,0.0,0.0,0.0,0.0,0.0,0.5589442473093811,0.5990222966410863,2.080815890724786,0.8725886944621023,2.8365858873454544,4.643880549587236,-0.0770394334953263,0.8099673060288355,0.0959257684304548,1.9454163045440185,-0.2333859818408218,0.7040685888221527,3.0713651206425547,0.917555738126284,2.121472833575832
W0005,5,0.0,0.0,0.0,5.040608309458062,0.0,0.0,0.0,0.0,0.0,0.0,0.0,0.0,-0.5380855351834755,0.9110061404956924,1.8965817825478997,-0.1139689517385739,2.1139924514196538,3.055064908008288,0.5566251290558442,1.0094596339525097,0.703926650797084,1.5093447832779092,-0.3472611800259824,0.6397172910661133,2.1968277113904877,0.3384988035884897,1.833111337511293
W0005,6,0.0,0.0,0.0,5.405740595794662,0.0,0.0,0.0,0.0,0.0,0.0,0.0,0.0,0.4630442728763825,1.0936728951561745,2.175233336397432,-0.1015104082063987,2.7032527296195528,2.96968671407118,-0.0127611265494235,0.1742192044949289,0.7169267979241214,1.075684559863289,-0.1035428494142633,0.272128965514345,4.139731584093697,0.7335015050803113,1.8249095262702373
W0006,0,0.0,0.0,0.0,0.0,3.0,0.0,0.0,0.0,0.0,0.0,0.0,0.0,35.0,0.0,0.0,0.0,0.0,0.0,0.0,0.0,0.0,0.0,0.0,0.0,0.0,0.0,0.0
W0006,1,0.0,0.0,0.0,0.0,12.629471521479466,0.0,0.0,0.0,0.0,0.0,0.0,0.0,0.4335056096479108,5.256828932930905,2.261111042988616,8.68887946686744,1.1073515939699363,-0.1154578422800585,0.4963328598071821,1.7197768019654398,-0.0800556323369966,0.2111288766820042,0.2052706034313771,0.5453516663447506,3.780050104486188,-0.6797059901512288,-0.6875923249487098
W0006,2,0.0,0.0,0.0,0.0,10.72064273103346,0.0,0.0,0.0,0.0,0.0,0.0,0.0,0.1047511409617408,5.86413995395088,2.967158559266088,5.915872512134399,1.9368837720649497,-0.0993168828373233,1.880105695219504,1.4459784203106825,-0.2346105367369222,0.1816007072113605,-0.4086659794709458,-0.0893490607380828,4.146898662845814,0.0544248362280226,-0.4354108290596242
W0006,3,0.0,0.0,0.0,0.0,3.3111066241050517,0.0,0.0,0.0,0.0,0.0,0.0,0.0,0.4461170961711573,4.665250297921229,3.1300762160269224,6.803266255720375,0.92279610473839,0.2396116513382447,1.3431729584487364,0.5393363015939173,0.4599634947296229,-0.2437202270428732,-0.8654256420663285,0.039572605299616,4.820303239464916,-0.7096151964902223,0.8673210606526709
W0006,4,0.0,0.0,0.0,0.0,5.348444766905335,0.0,0.0,0.0,0.0,0.0,0.0,0.0,-0.1282646844809754,5.821267446563296,4.53245552579559,9.394827917261551,1.6609205054357572,0.0464506146532391,0.9908138821686744,1.4970660486882874,0.5036835840932453,0.9217104608977468,0.3038784339809072,0.2197615562496921,4.489891618531943,0.1498725766774552,0.5808011786660638
W0006,5,0.0,0.0,0.0,0.0,3.913433437521461,0.0,0.0,0.0,0.0,0.0,0.0,0.0,0.1859649742243238,5.591912178764273,3.0431537880703066,9.271308031365471,1.023624468990132,0.4317455113018952,1.456166975538283,0.9587197680931422,0.6893936496287111,0.5137310067463883,-0.5858735908984652,1.175021172409167,3.0333025333654144,0.512322963324698,0.5227486451654907
W0006,6,0.0,0.0,0.0,0.0,2.486383925872816,0.0,0.0,0.0,0.0,0.0,0.0,0.0,-0.0775824180204161,5.626919120638636,1.8012837585713108,10.75889563281999,1.3652868897062436,-0.0741470543369786,1.5020103129528326,1.0756667284000556,-0.3342210306909968,-0.1833499300777575,0.0347501125288687,-0.1899776024672721,3.307111137074518,0.398786905558752,0.8538412828150316
W0007,0,0.0,0.0,0.0,0.0,0.0,3.0,0.0,0.0,0.0,0.0,0.0,0.0,35.0,0.0,0.0,0.0,0.0,0.0,0.0,0.0,0.0,0.0,0.0,0.0,0.0,0.0,0.0
W0007,1,0.0,0.0,0.0,0.0,0.0,14.882778966115424,0.0,0.0,0.0,0.0,0.0,0.0,-0.4673712060000676,1.3321344137116409,2.2591983328275025,2.986971279854588,4.8012362620642834,3.556069109773895,2.4768407947969564,2.8102399342481634,0.0438346356661101,-0.5906978696618885,-0.2642852072438171,5.4084737671569885,0.6865768595958153,0.0150550932178115,0.1257943752384378
W0007,2,0.0,0.0,0.0,0.0,0.0,5.011662795709095,0.0,0.0,0.0,0.0,0.0,0.0,0.2257361880089399,-0.0592178616937091,1.4949239329011876,4.237444488929343,2.3992430387348405,4.116522412261964,2.296301567042721,3.802678878550709,0.4524651313041453,0.1374238872797166,-0.0823926517258172,4.988986939175433,1.5479777986566856,0.7577451790916276,0.401890436732137
W0007,3,0.0,0.0,0.0,0.0,0.0,6.902037363361598,0.0,0.0,0.0,0.0,0.0,0.0,0.161795543619193,0.4041396790716033,1.479629031848007,3.854301228999201,2.363781683725949,3.8335715384208457,2.093561893642487,2.098176314302149,-0.5111944945819559,0.616875137052309,0.2861574263062933,4.166611181062702,1.4832321690663024,-0.1374321054392345,1.1979442161848004
W0007,4,0.0,0.0,0.0,0.0,0.0,1.7821066131043133,0.0,0.0,0.0,0.0,0.0,0.0,0.2388165335534389,0.7109247764144409,2.034196573298282,3.118645931571298,2.955224583942073,2.0889190185304694,1.4281602967653848,2.660296723088028,0.2829904281063545,0.5227879826801229,-0.0458315668416319,6.0265045077029145,0.4636248144176987,-0.0956766816354523,-0.9292631004609888
W0007,5,0.0,0.0,0.0,0.0,0.0,4.065325016267007,0.0,0.0,0.0,0.0,0.0,0.0,-0.0683010755568935,1.0829622116122146,0.351908951970769,2.906724082931193,2.58795650735013,2.5440626301292637,1.633166236353996,3.417832137443739,-0.8123783501213258,-0.0535240160109635,-0.5021462038046792,6.96753644437138,1.246509959752094,0.3218849621823784,0.6700371794353759
W0007,6,0.0,0.0,0.0,0.0,0.0,1.972343058257191,0.0,0.0,0.0,0.0,0.0,0.0,-0.4593102578145391,0.1540699299577922,1.877306423497376,2.588457803422034,2.130030004170309,3.5816682981643773,2.176922613964719,2.2007301223771867,0.0915474973402597,-0.3906538809280412,-0.0341519531160754,4.6087521485506615,0.5133985096041368,0.203636746658765,0.7184736905128289
W0008,0,0.0,0.0,0.0,0.0,0.0,0.0,3.0,0.0,0.0,0.0,0.0,0.0,35.0,0.0,0.0,0.0,0.0,0.0,0.0,0.0,0.0,0.0,0.0,0.0,0.0,0.0,0.0
W0008,1,0.0,0.0,0.0,0.0,0.0,0.0,9.4758031784407,0.0,0.0,0.0,0.0,0.0,0.570979345121392,0.2916383449822699,-0.5986035130708356,-0.6812726519181933,6.417413213202062,2.412258266891248,1.393635697408098,13.248269491644992,-0.5530195252017432,-0.0514682261833194,-0.1144791739874505,-0.2290302535586294,0.2456257685215271,0.0566184298373557,0.8582044305583588
W0008,2,0.0,0.0,0.0,0.0,0.0,0.0,9.485657327326184,0.0,0.0,0.0,0.0,0.0,-0.2827478551850171,-0.1082172370992139,0.2221936263793526,0.3626264087718852,5.333678262799454,0.8303558549665562,0.8755987719462743,16.36300633605936,0.3046791728623322,-0.7996855792300114,-0.7462570194847525,-0.0729144791489734,0.519807909535909,0.3289541577749355,1.286589020424468
W0008,3,0.0,0.0,0.0,0.0,0.0,0.0,8.962494797265188,0.0,0.0,0.0,0.0,0.0,0.0767411697130952,0.434517555298859,-0.0043465330474764,0.1174399241823014,6.510019140205751,0.0467315140351912,1.0781181976518848,15.49401785574791,0.3109592997978387,0.4215448232269331,-0.2284658334188906,-0.1763428688112192,0.9024100867122886,-0.104797999107094,-0.0100641768668344
W0008,4,0.0,0.0,0.0,0.0,0.0,0.0,2.8942562435239,0.0,0.0,0.0,0.0,0.0,0.1811286867814491,0.543523160131048,0.4036023992612831,0.2941652756964849,5.938863286101625,1.116349540489893,0.7805552692347826,13.461229863517367,-0.5722728183098138,-0.0768345596350571,-0.4512355729436407,-0.0539253927325176,0.5139396927883412,-0.0048223072534648,0.8269627099184534
W0008,5,0.0,0.0,0.0,0.0,0.0,0.0,4.106878609520925,0.0,0.0,0.0,0.0,0.0,-0.0852247821523992,-0.2740736347362151,0.2365883364726496,0.1610219078230946,5.56580839411514,0.8343203706844222,1.0368213339829158,14.205254931829158,0.2609624713568525,0.8190658517312779,0.0388794361649259,-0.0180763752653614,-0.0929434260717114,0.4866567406465725,0.688604322538157
W0008,6,0.0,0.0,0.0,0.0,0.0,0.0,2.217165922754208,0.0,0.0,0.0,0.0,0.0,0.0521425025834231,-0.2715484896167666,0.3498366140589834,1.2322284836152284,5.393149708679651,0.4875799541598371,0.87474318286125,15.946956124979186,0.0631686012322165,-0.1295046951678404,-0.2205235104448817,0.4782276300754938,1.038565228602215,0.3985631373633397,0.402536223500005
W0009,0,0.0,0.0,0.0,0.0,0.0,0.0,0.0,3.0,0.0,0.0,0.0,0.0,35.0,0.0,0.0,0.0,0.0,0.0,0.0,0.0,0.0,0.0,0.0,0.0,0.0,0.0,0.0
W0009,1,0.0,0.0,0.0,0.0,0.0,0.0,0.0,6.776108547253999,0.0,0.0,0.0,0.0,3.8282978677709423,0.6948498253022743,-0.0945313866000681,2.3698908803578185,2.869451950848322,2.038514833001189,-0.1892657971465465,6.491982763890397,0.2797043822343827,0.2723236397910985,1.0553169034354677,0.0667119950951005,7.345575230606073,0.4095775479768709,0.5288170532038425
W0009,2,0.0,0.0,0.0,0.0,0.0,0.0,0.0,8.933740535420615,0.0,0.0,0.0,0.0,0.3811433880240656,0.7838494654079251,0.4065659900499491,0.4583054258718233,3.977884364881868,0.4978423436237125,0.6101420148054101,5.4453354077699085,-0.2241051670068181,1.1986439829503843,0.1435133218015523,0.3331891992726384,5.247572579552719,1.2440515985490106,1.2609370373835869
W0009,3,0.0,0.0,0.0,0.0,0.0,0.0,0.0,8.334926100075144,0.0,0.0,0.0,0.0,0.2177915295896166,0.7583221624423105,0.5522755629603652,0.5048967416750432,6.248992259161723,-0.2334399736517939,0.3936917388268488,4.885377104107674,-0.1881046082342859,1.573744892580914,-0.8337194446058203,-0.1668811585441976,4.026256363245452,0.474794613548175,0.3034063043652969
W0009,4,0.0,0.0,0.0,0.0,0.0,0.0,0.0,6.927364173415785,0.0,0.0,0.0,0.0,-0.4249301332731995,0.3691628451783736,-0.4635698496781814,0.3244432686226761,5.492890372657359,0.2461910416709925,0.4092761665430858,4.691230704283948,0.5938589841822873,1.0652288742087532,0.251186591908793,0.033090748765008,4.633665619997698,1.7683892037738902,1.1934874063397332
W0009,5,0.0,0.0,0.0,0.0,0.0,0.0,0.0,5.212752509977876,0.0,0.0,0.0,0.0,0.2525098269768255,-0.4804805230853264,0.111142021857483,0.7098138688443164,4.52197291800793,0.2979182596218906,0.4541477214027922,1.2969964632171451,0.096683331623491,0.8514599856579632,0.9557831606378376,0.1936963139158375,5.179460562386152,1.449320940922043,1.334511698842508
W0009,6,0.0,0.0,0.0,0.0,0.0,0.0,0.0,3.16900650910067,0.0,0.0,0.0,0.0,0.2413308998417306,0.6642707813315736,0.5184984446615191,0.4822663951511916,6.791065149703019,-0.4274490157515159,0.7994611520603958,1.176591845983885,0.4676275281458502,1.4303545652840313,-0.1854896485981559,0.7023856423680604,5.0148839789175845,1.306501933618045,1.418416655004325
W0010,0,0.0,0.0,0.0,0.0,0.0,0.0,0.0,0.0,3.0,0.0,0.0,0.0,35.0,0.0,0.0,0.0,0.0,0.0,0.0,0.0,0.0,0.0,0.0,0.0,0.0,0.0,0.0
W0010,1,0.0,0.0,0.0,0.0,0.0,0.0,0.0,0.0,18.91039372170304,0.0,0.0,0.0,2.02418356782566,0.9420628708175516,0.8980895934808965,0.1958047942210186,1.0381247400810227,6.724014178676105,0.5359758724807642,0.1288579025824379,-0.7970595308789881,0.649460238334419,-0.2760270885884545,0.3145228309420415,0.2360082597798501,13.704849806677432,-0.3137352458760895
W0010,2,0.0,0.0,0.0,0.0,0.0,0.0,0.0,0.0,9.83965929848637,0.0,0.0,0.0,-0.1009701094815456,1.3784024021407824,-0.7954452124393473,0.1721582108076765,0.77831464374638,1.3058249203600312,0.609064711770271,0.2528214883745567,-0.4821323175358207,0.9845579794605028,0.63214913565987,-0.8718547665078162,0.1711922970440754,12.56748163491311,0.9801889173392534
W0010,3,0.0,0.0,0.0,0.0,0.0,0.0,0.0,0.0,10.051199209692667,0.0,0.0,0.0,-0.0495802944073336,1.6667654853342146,-0.2035910100682522,-0.1441412308646247,0.2184091049378793,0.7508597666719377,-0.4249578031312907,-0.3562402739990298,0.2039920120108683,0.6074216518752342,0.480751743441725,0.6473303266338621,0.3919186832971806,11.337611005855443,1.1385987499904309
W0010,4,0.0,0.0,0.0,0.0,0.0,0.0,0.0,0.0,3.9414231298248392,0.0,0.0,0.0,-0.1565536147103013,0.8175131961697905,0.1263430352591783,0.296662443558449,0.7635341587173419,0.3526757406923825,0.3894515689241675,0.188387466508787,0.3188590570026464,0.7682941773081557,1.1131327326767997,0.2069971981614907,0.9032104679490104,7.402099166478381,1.1280142658776335
W0010,5,0.0,0.0,0.0,0.0,0.0,0.0,0.0,0.0,3.9226844827790743,0.0,0.0,0.0,0.2190673039139936,0.6771098820040751,0.8262344764130475,-0.4728742789365735,0.5532562233215936,0.1123249239405506,0.0820853022317376,-0.0119685483348697,0.2899824943412802,1.2349834478704784,0.8767080605322953,0.3985662380972972,0.979038991591577,7.653105309827794,2.0274333788793264
W0010,6,0.0,0.0,0.0,0.0,0.0,0.0,0.0,0.0,4.162667532477709,0.0,0.0,0.0,0.1498386954586954,1.132076277530367,-0.0704432375851921,0.0632134643006356,0.473825703999331,0.010248825422665,-0.1135797869688647,-0.2185047841295962,-0.4104523610177686,0.4313720360218441,1.3718823132678128,-0.0241378520275403,-0.0204642758768334,9.411439604726624,1.7507795603716247
W0011,0,0.0,0.0,0.0,0.0,0.0,0.0,0.0,0.0,0.0,3.0,0.0,0.0,35.0,0.0,0.0,0.0,0.0,0.0,0.0,0.0,0.0,0.0,0.0,0.0,0.0,0.0,0.0
W0011,1,0.0,0.0,0.0,0.0,0.0,0.0,0.0,0.0,0.0,16.22492193154742,0.0,0.0,0.5413029968696736,0.9660317125842944,15.768441289041595,0.4828549808598577,1.2803659488695986,0.3814006206586213,0.7025588019795351,-0.1064035149175152,-0.6005777562262745,0.3206027857434362,0.1460503755340074,-0.5709341334876845,0.3549437944349092,-0.1894648086576317,-0.5085460079371199
W0011,2,0.0,0.0,0.0,0.0,0.0,0.0,0.0,0.0,0.0,7.625679010410506,0.0,0.0,-0.8021596947356692,2.074622176956857,20.14338657793712,0.5217239872751233,0.9706565641042182,-0.1049107721824612,1.7519141812078884,-0.0386782843525349,0.1432569839619039,-0.2395325165966314,0.5748828942591494,0.0604857571495375,0.432150325084366,0.5958738678882384,0.561827818914503
W0011,3,0.0,0.0,0.0,0.0,0.0,0.0,0.0,0.0,0.0,9.202058405803609,0.0,0.0,-0.6535570428166385,1.349977855310764,24.209643825622575,-0.0872984608652515,1.020296279057695,-0.3123833606045647,1.186437273302675,0.1463636654258736,-0.6888896809819193,0.7461544350147351,-0.6870682671282009,0.0183812370746158,0.7881060065581507,0.6142896965077922,0.4742002822421697
W0011,4,0.0,0.0,0.0,0.0,0.0,0.0,0.0,0.0,0.0,3.4568459592382865,0.0,0.0,-0.178395020933362,1.836568743739176,24.697523733241315,0.3548746011355707,0.7864133613762866,-0.4216036816175914,0.5046601863508857,-0.1146817017740204,-0.0039013545053766,-0.0739886020252425,0.2161312648111885,0.151757085529219,1.5834453966959945,0.1889999289877877,-0.2692579023214412
W0011,5,0.0,0.0,0.0,0.0,0.0,0.0,0.0,0.0,0.0,4.68469055922374,0.0,0.0,0.4307220767433042,1.6886210239428965,13.010931646580758,-0.2334905713554521,0.0102325310772676,0.2037278802646165,0.6022612274204627,0.231836284965279,0.5269922028040287,-0.439000002849109,0.3528944204128411,0.3503407043347797,0.9143325838296092,-0.155845760643623,0.2110612938318987
W0011,6,0.0,0.0,0.0,0.0,0.0,0.0,0.0,0.0,0.0,1.4549710728697174,0.0,0.0,-0.3488577395548996,1.318277088676956,16.237363615310844,-0.0431786209411521,0.3963264350306346,0.1545318645723097,1.6318059037371464,0.4749188063741026,-0.1788400721904644,-0.4110102456090046,-0.1179193336120129,-0.4697321777938708,0.8823264387827627,0.6696774956752798,-0.1549140503704016
W0012,0,0.0,0.0,0.0,0.0,0.0,0.0,0.0,0.0,0.0,0.0,3.0,0.0,35.0,0.0,0.0,0.0,0.0,0.0,0.0,0.0,0.0,0.0,0.0,0.0,0.0,0.0,0.0
W0012,1,0.0,0.0,0.0,0.0,0.0,0.0,0.0,0.0,0.0,0.0,14.13533507716468,0.0,0.853326495559894,2.187193402828965,3.040798360238691,2.6368937542143245,1.139464455070932,2.1422643949690823,1.9527912339491005,0.9296907746843586,4.832136922849767,-0.5111966003648657,-0.3872590121660417,0.123842957113488,0.716527962857947,2.5735921120502776,0.4170474444286446
W0012,2,0.0,0.0,0.0,0.0,0.0,0.0,0.0,0.0,0.0,0.0,15.420519708313725,0.0,-0.1532885755744057,1.402226878205572,3.2760425363032404,1.078780994314816,0.4177013830339544,1.2389109619364842,1.165116368724321,1.777818807422984,3.46092754257706,0.3123961035523265,0.0154796175430091,0.5981623970646256,1.1045771252044614,1.793423003474865,-0.0899500356821086
W0012,3,0.0,0.0,0.0,0.0,0.0,0.0,0.0,0.0,0.0,0.0,12.549508120833636,0.0,0.0494350104838491,1.6681017349672909,2.8887663094143994,-0.0231352118434937,0.3889932464986839,0.9985589923291334,0.5358926820829809,-0.0307839508017863,4.659755991245626,0.3022695910514743,-0.4278623649118874,0.1480811995443743,1.7403839415342288,3.2844938947210998,0.932561503544481
W0012,4,0.0,0.0,0.0,0.0,0.0,0.0,0.0,0.0,0.0,0.0,9.856460469475246,0.0,-0.1562925273890289,0.675103001478067,1.4871286799961527,0.7280663235347116,-0.0168690365911499,-0.121902585428848,-1.116064885066516,0.257410715866689,5.355585893508126,-0.4611366677664206,0.3730905626023721,-0.2315949228676635,2.146009539192544,2.214322054651683,1.060811378422338
W0012,5,0.0,0.0,0.0,0.0,0.0,0.0,0.0,0.0,0.0,0.0,8.10384922485903,0.0,0.3602988900829015,1.182988549086438,1.7810433423110157,0.4240965097347584,-0.5694114527643257,0.7908547862351349,0.4010339614456999,-0.1037695559439029,4.361712917937909,0.2977645570470136,-0.3479075071246587,0.5359358985297941,1.7610748073666502,2.1102348972950518,0.8108045147733751
W0012,6,0.0,0.0,0.0,0.0,0.0,0.0,0.0,0.0,0.0,0.0,3.879752482010692,0.0,-0.3696368974643888,1.1989861424864612,0.772879042033752,0.5435201645857594,-0.1692897316816812,0.7940936673570846,0.1287290671604785,-0.7854312543293678,5.83367436216162,-0.0569987128791152,0.3919010435968364,0.5545046571520941,1.4113757551830206,0.0846412719145235,0.9838541283510256
W0013,0,0.0,0.0,0.0,0.0,0.0,0.0,0.0,0.0,0.0,0.0,0.0,3.0,35.0,0.0,0.0,0.0,0.0,0.0,0.0,0.0,0.0,0.0,0.0,0.0,0.0,0.0,0.0
W0013,1,0.0,0.0,0.0,0.0,0.0,0.0,0.0,0.0,0.0,0.0,0.0,7.270773597747113,17.90935280999122,0.5849622995877269,0.5400352907495503,-0.2156843899931298,0.3233208163543003,1.4232615077681992,0.1460099584496401,3.372862913999151,0.2925579877983699,0.0797098454650075,0.2945566327087991,3.290781299437115,0.8537765305556853,-0.1050472269059087,1.5695506136894193
W0013,2,0.0,0.0,0.0,0.0,0.0,0.0,0.0,0.0,0.0,0.0,0.0,11.772476054604118,2.3835274331432337,0.8533301489958757,1.9853790732296412,0.2135472035864888,0.3247892289707785,7.816956056411797,0.6074907628993593,1.44010741556011,-0.5668672554546959,0.6418123661753133,0.3903547951086155,3.6175399175056446,1.6383313597958875,1.8382411070802391,2.2185955097100494
W0013,3,0.0,0.0,0.0,0.0,0.0,0.0,0.0,0.0,0.0,0.0,0.0,11.07996875806972,0.1464829238650768,0.2293097383595068,2.0756833598246462,-0.5356367066465783,0.9559370308880542,8.33926892162324,0.2504574099074677,1.3031191567788245,-0.2222772581371547,-1.1340968422079416,0.1001658617546924,1.7836578485315933,2.239210584698448,1.786674762721551,2.5912877376945738
W0013,4,0.0,0.0,0.0,0.0,0.0,0.0,0.0,0.0,0.0,0.0,0.0,5.548202519046248,0.3849759783344432,0.7920198400503874,0.8133507177333058,-0.1690733754037907,1.8978556280732384,5.918182816524914,0.1106878056313025,0.5597976677089171,-0.4490235735940938,0.8130086724314781,0.6696610780227696,0.8557191958177025,2.7722986206607643,1.5899087531800138,1.5425506168601522
W0013,5,0.0,0.0,0.0,0.0,0.0,0.0,0.0,0.0,0.0,0.0,0.0,9.49856898869868,-0.0720581523829245,0.4881304860594282,1.3630985597656715,0.1436932657262968,1.226707611135125,6.714082925264369,-0.2989687261996341,0.5255895235101008,0.1598440068534512,-0.6689741314525753,-0.0846091462158909,1.137801022734466,1.9074058801390772,0.8454758923037393,2.61622841008273
W0013,6,0.0,0.0,0.0,0.0,0.0,0.0,0.0,0.0,0.0,0.0,0.0,3.53416410068801,-0.5033025607177424,-0.0940008207308924,0.7987942558115985,-0.7494899418198189,1.668646326035666,3.955131599206072,0.5526195803190423,0.6874102711103921,-0.834900065722685,0.0214001416456924,0.6968348518287174,1.1355684136981807,2.298882519639853,1.2702091672761018,4.04869570937641
W0014,0,0.0,0.2727272727272727,0.2727272727272727,0.2727272727272727,0.2727272727272727,0.2727272727272727,0.2727272727272727,0.2727272727272727,0.2727272727272727,0.2727272727272727,0.2727272727272727,0.2727272727272727,35.0,0.0,0.0,0.0,0.0,0.0,0.0,0.0,0.0,0.0,0.0,0.0,0.0,0.0,0.0
W0014,1,0.0,0.4841442053495228,1.323907377477944,1.3257107334892058,1.7783013558276892,1.4106943859282302,1.4423166831551293,0.9358098365425128,0.8324146835693378,1.0169848658549918,0.8712371427063081,0.7579898429724217,0.7260391201827291,1.8966078797218249,2.8429944428391933,1.9224860019293837,3.271413753948836,3.33048006605889,0.6988819497933672,2.918733743119428,-0.0192004406562468,-0.0730286627758366,0.1436062829480094,0.595664027157695,1.4519828017934286,1.2844744932035153,0.0417262666121823
W0014,2,0.0,0.8553645507470308,1.7174906300118953,0.7569219890414582,1.7298682581800326,1.306216248978299,1.5362869219558133,0.9113856464173792,0.5890704985686218,1.2273361135676957,1.2990368697419703,0.4721091222624058,0.2985810340677222,1.0205091701104203,1.3311789857716771,-0.1982739215747896,1.8038295603085104,1.5699195963813508,0.8940770629803753,0.5455232239634953,0.0196523517177054,-0.0530621389288576,0.7554403024084572,-0.0521887618264556,2.1744143166258536,1.729365476973808,1.3571063463264053
W0014,3,0.0,1.1402344285363848,2.065768616175478,0.4022436061725074,2.127494058218598,1.1350947233330972,0.8483227755388372,0.1138919334023526,1.3410796517986214,0.4838903424790202,1.208515883574112,0.4171533920058241,-0.5698116103891337,0.7687104204487506,0.7416468173962096,0.734471067173633,1.4772321607831669,1.037214574767763,0.9243716062958002,0.4743242075445332,0.2202019240271645,0.0366259113408194,0.7941893180868052,0.1387390834569304,3.7583277363213634,1.6881614506391036,1.936161162827001
W0014,4,0.0,0.4366403304847647,2.238523679473447,0.7169554587204227,1.1716833009093488,0.8945106883431182,1.1986820431597585,0.7038664543224381,0.7871673513593292,1.0605099478834323,1.0965730742479909,0.5080385066512995,0.326998523810432,-0.1607468890040552,-0.3871546124699604,0.0897598711895159,0.8737100907673278,0.7332297218582577,0.6932765658913287,0.4027296673188439,0.4426903143368604,0.4082489341379538,0.2579032862030702,0.0367819216210006,3.9828495874094783,3.749485507711154,2.6056869401740936
W0014,5,0.0,0.792050373933526,1.9085474098241368,0.4649886095958698,0.7069452949067061,0.5153309324918388,0.5737751746638251,0.4105310910257361,0.9629027255400352,0.5076808394936067,0.3962498569562661,0.3890362271048044,-0.0283791088285314,0.9307022066507118,0.5297601177322525,-0.2102587967822486,0.9267226646641252,-0.0145616630505683,0.0073049380016073,0.3561273986111392,0.3545647319763526,0.1838359242252751,-0.0574036775821863,0.1956435965491282,4.019170234910013,1.0957995634197677,1.5239348019226462
W0014,6,0.0,0.5025171436287558,1.0668284570908242,0.2506582725130718,0.723126028412121,0.5455097050422554,0.6938684003542389,0.3781906225910941,0.8571652545813763,0.4453458820117469,0.7881129602557745,0.1962937554601535,-0.0369256300741624,0.2861832073418296,0.2396986154148635,-0.2204563692867863,1.463912248499567,0.2628896861131277,0.739366867982806,-0.177549789422028,-0.044178650579686,0.2071689400382702,0.6672277491703484,0.064486670139262,4.172439167288673,2.6523525294453703,2.490965800719628
W0015,0,0.2727272727272727,0.0,0.2727272727272727,0.2727272727272727,0.2727272727272727,0.2727272727272727,0.2727272727272727,0.2727272727272727,0.2727272727272727,0.2727272727272727,0.2727272727272727,0.2727272727272727,35.0,0.0,0.0,0.0,0.0,0.0,0.0,0.0,0.0,0.0,0.0,0.0,0.0,0.0,0.0
W0015,1,0.8348496805717593,0.0,1.6383567167451418,0.6374165547055797,1.0357017093804828,0.9484504589658486,1.0268099590618718,0.8615194391814351,1.2132612308589956,1.5874533818879375,1.357293372646842,0.4516508066520612,0.6437611696155305,1.3598813213408796,3.510787699878329,2.5596959605827254,2.176396629669209,3.831765099282606,1.0104528160750428,3.0930667536972454,0.7958926293162278,0.3195164013791536,0.2152636290467883,0.5446484685242133,1.457319991544145,1.5992710465841664,1.0814076835737785
W0015,2,1.7275086070842494,0.0,1.1063857327757067,0.6085086713372161,1.7692878985867235,0.9837244338688702,1.4334813473325092,0.661369375238498,1.0259943696474856,1.8238604853348344,1.2344111145418242,0.3223743908707994,-0.7118171911327049,1.3406361050825095,1.4373078896327964,0.9712380504517716,1.3401957035435317,0.9018657482609054,0.7292040016373885,0.7068360312910673,0.1116398777153061,0.3167946774774445,0.0710612620169243,0.1817474652451812,1.4237132997015514,1.9613614391332463,2.4031280664615124
W0015,3,1.2827920598055074,0.0,2.8762050947345355,0.9783971839568408,1.1024032122592606,1.2606505989944174,0.8132730487133224,0.3861493546052305,1.3288463149048697,1.4871796869828218,0.7621170770794442,0.4086622270713337,-0.0718621456246264,0.7727649228302143,1.3951147249522386,0.9036385455819856,1.7851107500460548,0.441228700418486,-0.5286871431251797,0.2245054330158407,-0.417691401888318,0.5090742614531393,0.3906266443478008,0.3626741447746698,3.290333532735946,3.633168997062092,2.070557363618911
W0015,4,1.2639741072603514,0.0,2.016768780982612,0.5170562838180809,1.5577409590888736,0.4529246422199652,0.9902731073200174,0.4535731603838542,1.0545340931035363,0.5546449907421402,1.0478499922155802,0.411724257527889,0.3644808984108312,0.7206809841345437,0.0680975821707056,0.1617698825747918,1.627744422680117,-0.7782189702797506,-0.6014768173985992,0.9045358860627226,0.029520146137531,-0.2774645938845209,-0.1173444785739735,0.0824154505452179,3.2435702595863045,2.8295645793256665,1.9287414808688323
W0015,5,0.9143781459804212,0.0,1.2235978957647171,0.537113671340606,1.2241982232202684,0.7077252200614942,0.8557776939270286,0.5967112455969374,1.081197636036873,0.6700216660888032,0.8200975730495992,0.3844817730444034,0.3734376362824718,0.2954776634412913,0.3117202404465066,0.5602538184636463,0.431070514892107,-0.2065509350216154,-0.1721571852032327,-0.1369633405262542,-0.0204395853651996,0.231546668756231,1.1489740511593212,0.8284324870251205,2.4742703274911504,3.3131032753207834,2.498312577827397
W0015,6,0.5442545923609081,0.0,0.8168985482831868,0.2914149009032079,0.8170660971143682,0.3950426566222786,0.6418409754151633,0.2873068993669302,0.4667085114813843,0.3084366498346169,0.2961779211687019,0.3003270026216796,-0.1746567601358463,0.1646971420641454,-0.3505016884029476,-0.3809206873853562,0.4262767451375782,0.3680871406067282,0.0512436371799869,0.1120929456255894,-0.2609528664401496,-0.046047054826693,0.0947027582464262,-0.1151869474229867,4.159371327861328,3.135341769276451,2.9470302545078253
W0016,0,0.2727272727272727,0.2727272727272727,0.0,0.2727272727272727,0.2727272727272727,0.2727272727272727,0.2727272727272727,0.2727272727272727,0.2727272727272727,0.2727272727272727,0.2727272727272727,0.2727272727272727,35.0,0.0,0.0,0.0,0.0,0.0,0.0,0.0,0.0,0.0,0.0,0.0,0.0,0.0,0.0
W0016,1,0.583193245904054,0.8649186291041737,0.0,0.6738169515152832,1.973327024891404,0.499191533725895,1.3976101030520476,1.0293316625326812,1.122637761148524,1.6161304707253406,1.0840154812857925,0.7232191821685459,-0.1920203455451957,0.9660149444268784,3.388995888560199,1.6054930216252383,2.88682471216342,1.21622680099191,1.2115706925840248,2.011316041186585,-0.4359326665537005,0.4171205223712942,0.1060696480093609,1.4882076073667494,2.940478515930653,1.353457429340318,1.466532532132506
W0016,2,0.9157491298601644,1.0891597904444317,0.0,0.5271371902872836,1.649154485716635,1.6217624291322532,0.7645942113575106,0.6815204899501769,1.2607476017077597,0.4149660955846687,0.8189799170362422,0.6209947414980945,0.2377945105957908,0.8401121531201994,1.4435151716965298,1.0584599628886986,2.694610668814983,0.8087894409760101,2.137288316762793,0.4828976443614732,0.0296757615460177,-0.0853817415734577,1.1666396916181845,0.0916735785563527,2.650029018320489,2.973273828574557,2.232327192771879
W0016,3,1.09801141158442,1.0706199802320675,0.0,0.6815006964742932,1.180286298037573,0.991005686630906,0.7956144256781792,0.7942706456808868,2.228436973606744,0.9133956295031734,1.556975404494004,0.5315060508037104,-0.2245276649057687,1.332808316233176,0.4758606014778087,0.968397291394792,2.624282075952441,0.2343225220555503,0.4258952847378672,0.3235397904875545,0.3039050482700466,-0.0281669185647046,-0.2359796428192934,0.0617914645129743,3.3904455685071158,4.521723845894264,1.4837956743273475
W0016,4,1.0408903637772675,0.7568972162897668,0.0,0.57467362651892,1.0026097663777225,0.897337246890402,1.007595986366675,0.4432840001943125,0.7335123349113454,0.5294748849245363,1.2001745874175902,0.4447573252673723,-0.8816293311987055,1.5124960161580383,0.777431388693905,0.2310167737654818,1.423753806771253,0.3759053392153901,0.5875892519146856,0.1810341947549102,-0.0244615954808787,-0.3018645644404958,0.015287899013217,0.4766549732369367,3.2635250157782334,3.4391229170832167,1.6605550395212854
W0016,5,0.972917843543091,0.6048491835878234,0.0,0.3978873397230217,0.2897025624357003,0.5652700464941213,0.6618242999653735,0.5247709527686801,1.121443736140343,0.7007845878120158,1.416488281547102,0.4254950784432436,-0.1471826020041753,0.9889173972604413,0.6376710913803594,-0.3092510713991973,-0.0544883288490509,0.0599287378147113,1.0884705804585693,0.1107642040097194,-0.1819729539408073,-0.1117653086928522,0.0228597553967855,-0.0514412207648334,3.914470249490946,2.3025248308477453,1.142514169782687
W0016,6,0.7284668887875412,0.8231690033657311,0.0,0.2348873746332458,0.6363623805623547,0.4018043240528591,0.4418259351022406,0.3754282833872079,1.0263149976583077,0.55486405405342,0.636572873205056,0.2907707137775041,-0.2554936553535571,0.8995015611284157,0.278610196879807,0.5135445803929505,1.544586570235162,0.5755659890511515,0.7783201087310567,0.944113190198898,-0.1308352871380787,-0.5545188356867057,0.5914421860255875,-0.0196294195984122,2.451295235686856,1.8127625589749168,2.948615967814048
W0017,0,0.2727272727272727,0.2727272727272727,0.2727272727272727,0.0,0.2727272727272727,0.2727272727272727,0.2727272727272727,0.2727272727272727,0.2727272727272727,0.2727272727272727,0.2727272727272727,0.2727272727272727,35.0,0.0,0.0,0.0,0.0,0.0,0.0,0.0,0.0,0.0,0.0,0.0,0.0,0.0,0.0
W0017,1,0.7869853645820521,0.6471736014946459,1.420502271414054,0.0,2.755060132908229,1.94301501760691,2.630033827562106,0.9739242497843634,1.1570302249269158,1.0766364962599018,0.4300461194627054,0.4361365230996569,1.8971827989520829,1.885323975124646,1.638594231447934,2.420409285619322,2.620565654829492,1.243985438461193,1.1277322436153134,1.7038620121643646,0.4038923117779974,0.420195017051611,0.724022543112086,1.2609677599714415,1.2262957437952862,2.5491543069183216,1.1985637630861672
W0017,2,1.1128782154858838,1.3607785423250305,1.8117846761369043,0.0,1.597452545856273,1.245299887593989,1.993775590839034,0.7204764146940021,1.2223640307229648,1.710287105658702,0.7098013785706448,0.4232734644770212,0.45977662011717,1.396013870588516,0.3327423428175201,1.8212612668047576,2.025230079726869,0.6350699216590145,1.1044968167956395,0.6611670098658735,0.2098622945324079,0.232313010299237,0.071670071777249,0.6381456432779656,2.352902205339146,2.431413378579002,2.043174692575109
W0017,3,1.6124083217900946,0.941192062507586,2.2485908759884614,0.0,0.8035131155102055,0.6178041129165062,1.2858669613059517,0.4706460532998876,1.3232131194848085,0.7107724106136084,1.2951693674277784,0.5362039139409682,0.0338621560910175,0.597641385342845,-0.5906660593431,0.1783125108228134,1.206784116354019,0.4192739830710099,0.7359869653310831,0.2982650487200837,0.5836248081778563,-0.1960496104427432,-0.3161937364322135,-0.035734668765419,4.717217136520728,3.66540447960972,2.357680334284918
W0017,4,1.0800588768856785,0.846767842605535,1.833110405255292,0.0,1.5001094396055512,0.7071932373716542,1.0468261265203618,0.5827134635809285,1.1451250864871692,0.6985052390826322,0.6928974087893556,0.4264892551821685,0.25588747967283,0.0125677583502797,0.1015729555900072,0.6048077910679301,0.9176942836073264,0.1776213688230027,0.2575856827525062,-0.672524211921832,-0.0275747740362665,-0.337977206527033,0.5416647554364555,0.2272750822745118,3.606358844948249,2.25845816362624,2.835114177951562
W0017,5,0.8961792031089172,0.8488282951761444,1.4395769662143625,0.0,0.5887015002391663,0.6238813438909261,0.2435357375238834,0.5220408270530253,1.0227765573785164,0.6213172855439326,0.9619398815762,0.4213177860762779,-0.2185228482951355,0.6082415504647505,-0.0959544783224969,-0.5763837475484704,1.5799163189888308,-0.250384157498062,0.2530366290703125,-0.0508459463138802,0.5538526206924812,-0.9563025005555466,-0.0898263236296575,0.0930560124151231,2.4820104774495237,4.528265994852728,2.008007689739737
W0017,6,0.5703164194848704,0.5008113891021698,0.5226328452149943,0.0,0.4949794789285039,0.2843259689179327,0.4115064104905161,0.3417875905490329,0.4443000765676616,0.4570827215431117,0.7422216507795828,0.1890244693136431,0.0211026732721646,0.0956877727496637,0.1145960546082155,0.6348336290050114,0.1514457190028777,-0.368953743857801,-0.5129285804377519,0.0315657023104608,0.5145337137060655,0.123099691745046,-0.025356524478447,-0.0937615572732892,1.94267557180634,2.543916307975709,2.796538954422676
W0018,0,0.2727272727272727,0.2727272727272727,0.2727272727272727,0.2727272727272727,0.0,0.2727272727272727,0.2727272727272727,0.2727272727272727,0.2727272727272727,0.2727272727272727,0.2727272727272727,0.2727272727272727,35.0,0.0,0.0,0.0,0.0,0.0,0.0,0.0,0.0,0.0,0.0,0.0,0.0,0.0,0.0
W0018,1,0.5377935390964836,0.7293753980504362,1.0048404942571834,0.7913388279891185,0.0,1.5223764563064983,2.1889291561668265,0.7372338026625151,0.656634814911074,2.035953671957096,0.9770651416467158,0.5230037084675608,0.6946777467831279,0.4865693440471929,3.2492851477907854,1.4172087527483337,1.6755281836211486,3.463914499782093,1.3413439418851314,1.8867277275921208,0.4206553470807266,0.9751953548280164,0.7984766780788326,1.5774083136945825,0.4280226515661478,2.361679057701306,0.3312933213264211
W0018,2,1.33263328098348,0.7217967393112126,2.137427238606604,0.9665375073776752,0.0,1.5099197883052753,1.4613546364257508,0.6931852325442975,1.5816761574379743,2.215443620529866,1.2954280852966729,0.328455042120195,-0.2271301962697423,0.836453784073502,1.073029326130521,0.3906024804996909,2.72435933173019,0.5894031152760304,1.0936251081137156,0.1685166681327796,0.5997600851869797,-0.1879966246466011,0.4867689542821506,0.5072683042594874,3.3288866423684067,4.076213205198759,2.508243108313716
W0018,3,1.4671761574061597,0.7084517872864393,2.122716968345717,0.7717412593538557,0.0,1.633740914098993,1.0176982037042916,0.7808609166361657,0.8487898548998072,0.735504587173899,0.8702362439336464,0.5675648107090462,0.7474379718491417,0.5395610288510935,0.2055434602977261,-0.1547440452292177,1.0550717606759896,0.4402465726995707,-0.2251405347394445,0.6245692076970384,0.7085003619565324,-0.4068521826064729,-0.0362947228226587,0.6894114075481786,3.256066176911118,2.959607950698604,2.890581008823028
W0018,4,0.3588316437569044,0.9917190868431922,1.6990308647844676,0.5904353704586585,0.0,1.0570897435409825,0.8249327856433132,0.5208424874827877,1.1268598544786208,0.5717480069862795,1.1247962976666666,0.2823411200910625,0.5930486062792645,0.4451561279996324,-0.1099821470448909,-0.1331415702192905,0.99922642847098,0.0047268190962248,-0.0261563101207196,0.7109997125393976,-0.1814837876512148,-0.0785398981684553,-0.0197582674171817,-0.1586144944557824,3.16771506196204,4.230727452867859,3.05393232206609
W0018,5,1.157431264142458,0.4311882854100479,1.0902930870411092,0.439526347515357,0.0,0.8498767552181472,0.4428416812245993,0.4436257052461999,0.7740145591953274,0.7870138669367293,0.8712153619542419,0.3118894931028564,0.1950832815086177,0.3020786259227847,0.4633036286588719,0.0190622128585936,-0.1594538348989753,0.1859602249683458,0.532292007435174,0.7156898338213453,0.6516812218255206,0.5547058999207917,0.3800566154854553,0.4368467793662437,2.8063242429022126,1.041491094639979,3.559826148324317
W0018,6,0.8500846371417266,0.4850281318889879,0.7345226559285074,0.1843918803991922,0.0,0.593155613024182,0.4242939188074504,0.4110609020402047,0.4554656440791887,0.5096456685684811,0.6078053375020821,0.3735253547071818,-0.0706444186628058,-0.0267640762755282,-0.1226934958240403,-0.6142392232533982,-0.054049233826886,0.1431603590301421,0.7168378160234441,-0.1886488798947089,0.214250652513099,0.6624689106691403,0.5862396602425106,0.3451044146721218,2.0702304780089524,1.7468175086352336,1.29895587191785
W0019,0,0.2727272727272727,0.2727272727272727,0.2727272727272727,0.2727272727272727,0.2727272727272727,0.0,0.2727272727272727,0.2727272727272727,0.2727272727272727,0.2727272727272727,0.2727272727272727,0.2727272727272727,35.0,0.0,0.0,0.0,0.0,0.0,0.0,0.0,0.0,0.0,0.0,0.0,0.0,0.0,0.0
W0019,1,1.1794608439391112,0.677885806077833,1.700742032107205,0.7604293175719596,2.975205874825336,0.0,1.4414498829391875,0.82456766549602,1.075190310690935,2.105360868760366,0.5853801524886046,0.4118177362630911,0.6390314023849799,1.741759930594999,3.2591608799583875,1.0371727200123166,0.6704048573446162,2.319148949294118,0.6340393509569252,2.362057770104798,1.01859490239465,1.2815997967751,0.3353863860352054,0.2127604268967901,2.608144274508017,1.3728354242641414,1.3681563428371002
W0019,2,0.4833582214571739,0.9024538470595788,2.871375977918817,1.089177051573084,1.772905821319549,0.0,1.162673028957435,0.9450895981103,0.9101357177848524,1.1191945959296656,0.6991858786703562,0.5657479692760007,-0.1492517744820662,1.705919012877992,1.443189269838773,0.197924822328675,2.484240141256777,1.2345534377884977,1.819736923854212,0.619361838349469,0.6862091530189292,0.5391947024245419,0.4721121875988563,-0.1095309140064817,2.1864711152096343,3.5214982767266223,2.628213706937488
W0019,3,0.9808360548358837,0.8493082632538614,2.807226919786043,0.4914479123838444,1.2043592980620517,0.0,0.8637263241615954,0.6698123240924685,1.6257335476464956,1.4571038038459097,0.7914987861792695,0.4355297810148564,0.5323763334839511,1.2944481180750544,0.7280042528083923,0.5251493020012555,1.2435730420388624,0.3126387172362479,1.1516083499887015,0.2368767887783427,0.002631726531471,-0.1140718322038086,0.4656163015818663,-0.0105256987446477,2.6635485442051925,3.8111033590747727,2.841114323890208
W0019,4,0.260030289996633,0.7597935263499211,1.780326771202572,0.3616215749467246,0.4576673779923806,0.0,0.79633969819905,0.3954591421261695,0.6973923035922773,0.5883800097741362,1.0624811101077658,0.5985069777593646,-0.0007417295979727,0.2760101758525858,0.0913457071940535,0.5531018417089277,-0.1983750508504713,-0.0549491586439599,0.2748273453327615,-0.085197780271406,-0.0239881237754102,0.5919895060345408,-0.8045769383757522,0.5493715990364211,4.545204339206967,4.742299790764449,2.507270234766134
W0019,5,0.7372762031715908,0.2689377143225004,0.8082242416470159,0.345010913615792,1.1090908849357275,0.0,0.485667280928768,0.2499842837590642,1.2107676457204275,0.4091452316087354,0.7839759500969625,0.2865811255766564,0.3856769282874027,0.5188428625863607,-0.8506156884679624,-0.1368137972600944,0.4323529373285947,0.1375731666525526,0.2573822050374215,0.2732255835111827,0.7659686353685109,0.8729577440837494,0.1455593165580622,-0.2141461072604896,3.919587833102225,2.722855368097548,2.187972644871447
W0019,6,0.6036937515423296,0.6960139324993906,0.4962389066116246,0.1654748252236081,0.7027355062602898,0.0,0.242399606637853,0.3159134751367064,0.8644661997180412,0.2611754296914788,0.3283050571973583,0.3605473060129293,0.0049165481990097,-0.0059306688571911,0.0748744132697196,0.5398947413106863,0.8653043726426052,1.2607142381587524,-0.5227021530410226,0.6249716548879223,0.2529735623975845,-0.3235602776643531,0.5512939719442034,-0.5840034061387145,4.6693772064302665,3.6470672321120894,2.456256953065066
W0020,0,0.2727272727272727,0.2727272727272727,0.2727272727272727,0.2727272727272727,0.2727272727272727,0.2727272727272727,0.0,0.2727272727272727,0.2727272727272727,0.2727272727272727,0.2727272727272727,0.2727272727272727,35.0,0.0,0.0,0.0,0.0,0.0,0.0,0.0,0.0,0.0,0.0,0.0,0.0,0.0,0.0
W0020,1,0.4854201982834666,1.0921153858974415,1.1299388224098807,0.8697615334644081,2.032786678038434,1.5835401351813798,0.0,1.0753036223663033,1.7154616026788267,1.3171128735436042,0.9482534179081684,0.4358919553801218,1.0086562973500168,1.1749829222421675,1.4460794346382744,0.951604591174845,2.1593497360998253,2.367244672876961,0.3415004377824776,1.8449666009026155,0.7502664719481045,-0.1072990187083657,0.8036026155750289,0.522063085336315,1.8847298651675728,1.2562697700818393,0.9244291756369626
W0020,2,1.3915323793825891,1.1035219932994291,2.422362743941455,0.9984453999472112,2.816505519452564,1.1339107712903456,0.0,0.9554940480769732,1.5479703661171849,1.365265093391223,1.0178366276158235,0.5576430497510118,-0.4630624721895959,1.7527510345140127,0.7774054599499958,0.6171886454191821,0.1643934162072147,1.2912383773064744,0.8017523447168057,0.7056417079804573,0.5907136238673929,0.6789341108431557,0.6580872760178231,0.1860132994545509,3.489529525728737,2.2593412352502105,2.5589614195288557
W0020,3,1.5964660223694482,1.0438281101447546,1.0502371286348684,0.5878347127597209,2.10341857797558,1.565797393578101,0.0,0.3281575787053741,0.342383039079677,1.1552967260341758,1.2217423710422035,0.4094339319965338,-0.404734350530045,0.6202756342236949,0.331799284138936,-0.7264312365886099,0.9616698871738658,1.2881652296655126,0.4008111348938941,1.050477709275895,0.9768683714381629,-0.2771374158423357,-0.0817280129093206,0.0326084940610304,2.2192476919513213,2.2298235137249427,1.832818596781646
W0020,4,1.2257958761460863,0.7323729924683737,0.7375475634633315,0.4293654356832012,0.5725279766234038,1.2068410298950725,0.0,0.4183368335854068,1.4253625534646737,0.5208453014061178,1.363802258642609,0.1974098461195152,-0.1057671303132804,1.576468402408428,0.263804763294614,1.086960510845426,-0.0033465839674409,0.5369533774952623,0.1556998312088788,0.1557202062894445,0.8610619946904692,0.2732670185556016,-0.0056228456897375,-0.5976835396360428,4.326820217504828,2.642124501655484,2.400118768145004
W0020,5,0.9022354301980045,0.6930969627026394,1.5025801570123778,0.3800204360224719,0.8137994394445948,0.7929276792605436,0.0,0.2503941848857096,0.4569258882548063,0.4851616241045119,0.7834094708838327,0.2757094987163963,-0.3172190434131078,-0.0825136332618227,-0.4483572026517755,0.4890771258407391,0.3383995312682724,0.016977460522467,0.6860271484920724,-0.1633093458205444,0.0006145038101136,-0.226491040142366,-0.3648542107362537,1.3902854367577682,4.407070111251204,3.27054029871468,1.8693111348051383
W0020,6,0.992462974927504,0.4851895233673556,1.1645677713601883,0.313535106002724,1.104761192162691,0.4089442551136596,0.0,0.174793393522887,0.4243717349107307,0.2818386209593582,0.4466068184750883,0.3638503065237525,0.4514187326442293,0.2545498309190635,-1.1390013464558637,0.9433662891279893,0.8611442045430981,-0.8937014943255766,-0.2289972885881765,-0.3849066373273045,0.7389151506711777,0.591509094795013,0.4883903516498478,-0.6770630969886593,3.618090741600061,3.2518706162720705,2.2160838550289537
W0021,0,0.2727272727272727,0.2727272727272727,0.2727272727272727,0.2727272727272727,0.2727272727272727,0.2727272727272727,0.2727272727272727,0.0,0.2727272727272727,0.2727272727272727,0.2727272727272727,0.2727272727272727,35.0,0.0,0.0,0.0,0.0,0.0,0.0,0.0,0.0,0.0,0.0,0.0,0.0,0.0,0.0
W0021,1,0.8881678271164585,0.9193096584733784,0.8566327271453842,1.1871683971891211,1.4700578338533228,2.4711154309743018,1.8696645512889527,0.0,1.0616390052380271,1.270602974479493,1.047145631225437,0.3562000347032695,0.9014340571065568,2.6032895424796774,3.057065385368601,2.4882236810921405,1.6548153317920078,1.3725921048426826,1.759224954615089,1.216155088197315,0.6077613054280098,0.5777217583367769,-0.0490778068824225,0.3363047543774434,0.8898213462822997,2.5536954109240373,-0.0920192816009518
W0021,2,1.724826866462548,0.955628073705677,2.080145407507751,1.3107282710489898,1.4829922633722576,1.6913308641506883,1.127820673488213,0.0,0.5416931020242207,1.0839675610839876,1.407745173664875,0.3151891452662735,-0.1833611817103204,2.363330009607011,1.2678576772836947,0.273429435051419,2.361321636301118,1.7671907874419333,0.2184656876955348,0.6681846042383159,0.4659055005805519,0.3124422299655008,0.4074134755661843,0.144529290239148,3.344083059408653,2.631571562521856,1.3757438843858376
W0021,3,1.0889521485845095,0.6229877317633441,1.915585381333877,0.966185448490014,1.5273296923674122,1.160700197368211,1.400100131388443,0.0,1.028572928708362,1.0373086085362018,0.7943336512536356,0.347970618055534,0.1072903684155043,0.035951351461651,0.6378015221453117,0.7811103018669754,1.4306191878234211,0.4469703986901312,0.6879866471066165,1.4782629185277087,-0.3565512212347496,-0.3940390886075816,0.7363272067867968,-0.7413861544444414,3.696878153906784,3.348846845044435,2.5234799335940368
W0021,4,0.9470456728194208,0.992221231521872,2.1485481992162168,0.7410926504301583,1.101517171654059,0.7037647725833452,0.7286166968144293,0.0,0.982584321450973,0.6387754442857186,1.2312863375142795,0.1809980864965936,-0.1492439304683324,0.2596586463223836,0.1534503929826953,-0.0676660876292737,1.0363477943503123,0.1114696349313814,0.6196930423961005,-0.6360134533491139,-0.1497132035199973,-0.4753501400631244,0.7203029682582022,-0.0611172720103598,3.686451544213989,1.981807874398104,3.3307988420108163
W0021,5,0.9867348632173064,0.4686824627670477,0.9744290828144307,0.4208315435866854,1.3086108433088692,0.4956204247016778,0.7218051907339524,0.0,0.4978945553777587,0.0366628671512476,0.9541813158260986,0.1850739730259226,0.5719722027676343,1.294112140927732,-0.2120240411247051,0.3889183941871974,0.5662196441210899,0.3948865532880782,0.6147204539915458,0.1536010679884236,-0.3858295220255707,0.017443395510845,0.0816314841538425,-0.2517376189985756,2.7416313423293177,2.6907214290891246,1.7629083019212408
W0021,6,0.5923332184988763,0.6386951058435176,1.4948327701869113,0.1593962157849877,0.4811349367075054,0.6534389278250979,0.56644036262598,0.0,0.5742436866932186,0.4409139324920378,0.5536296982824332,0.3219119219044088,-0.7123044257877915,1.1683058270301516,0.7476199002041367,-0.2666896136645512,0.9700770531972124,0.4966990146564767,-0.3250522563538788,-1.2654723121047802,-0.4314333629450403,-0.1534825828142509,0.7763197716320942,0.8396678299781527,5.439435629554305,5.387046641422113,3.062502999339205
W0022,0,0.2727272727272727,0.2727272727272727,0.2727272727272727,0.2727272727272727,0.2727272727272727,0.2727272727272727,0.2727272727272727,0.2727272727272727,0.0,0.2727272727272727,0.2727272727272727,0.2727272727272727,35.0,0.0,0.0,0.0,0.0,0.0,0.0,0.0,0.0,0.0,0.0,0.0,0.0,0.0,0.0
W0022,1,0.7337413608420273,0.9443641303333776,0.6217017323669937,1.0189934889480192,2.622438910219151,1.6626272931540775,2.8119892382833176,0.5344862367656547,0.0,1.0869942297939428,1.2383397397925255,0.2316153352841408,0.4631285051295952,0.4152074353910371,3.74781430200581,1.3689758716812792,2.5857409346766724,4.066412127874742,1.3986286499028553,2.2935711712567013,0.8258318160771767,0.3196998451906599,0.620028566822814,0.446131003948647,1.906689569057816,0.8912570612945168,1.763536723223519
W0022,2,1.2034682942840638,1.105742969950755,1.7782532266686428,0.6970842380623395,1.7449918379916176,1.569722097687977,0.1355794844419384,1.0188183976666672,0.0,1.028668256474644,1.6143119381239366,0.63264536801905,0.8008358601164769,1.4194582209011355,1.331295989596328,0.1463999069976956,2.940453467057543,1.4304933020980968,0.8697532381049472,0.9369103311385109,0.1217513531873543,0.6096443508951941,0.1159942594614341,0.3479976554551426,2.4627343713557166,1.9511792764023517,2.390689594854272
W0022,3,1.5013516383486198,1.1258237526929138,1.5289145490837228,0.838870314167564,1.4164708689242638,0.9111699526974906,1.087540920251206,0.4677274976676405,0.0,0.7302994413365378,0.610922836040537,0.5761916040153372,-0.4443795809520787,0.4717245362060459,-0.3920781901433566,0.7905822965327569,0.7440122440010973,0.7146969227900399,1.255779103851765,0.357669217682283,0.6398393926458497,-0.3773879745876175,0.2469132341783933,0.7392658681256289,2.002240344991593,2.4128405589334467,1.2362308168653933
W0022,4,1.5437019748352774,0.9907709420572132,1.1548646394589213,0.585614422805976,1.0456817558903255,0.6794711448578261,1.236722062735071,0.3568831249040278,0.0,1.0563123106641168,0.7990870292522733,0.3993630979784689,0.003871026357585,0.5289656248283727,0.1412265131791672,0.0602414716395858,0.3031619423269878,0.6120296840541526,0.141873862743993,-0.5092898063584468,-0.0457414488907393,0.7847582295591302,-0.4271352824214254,0.8784244327423376,2.7768355284369703,1.525798021978393,1.9368022720486096
W0022,5,0.7365043675297903,0.7570210407632124,1.4367041255704722,0.2990852491939261,0.9925756867013602,0.2949499386248577,0.3142489308350996,0.2896211085359302,0.0,0.4873093175605326,0.2411613905346697,0.2006858104945321,-0.2912557699299671,-0.3945355964031178,0.7414782727896703,0.1029256903708583,0.5094344121303613,0.3576107815319693,0.5058808524330425,-0.222568280833586,0.7118824861874161,0.9828600080214348,-0.036581268193714,-0.2810782660087617,4.238318050208374,2.682802590663624,3.805900607035742
W0022,6,0.5335264747709791,0.4251892526678918,1.861582735253132,0.3371423494909406,0.6525110078720905,0.6396050386405661,0.5344347659039975,0.3266220783463245,0.0,0.5494486384689355,0.7241737881986018,0.1583052202171084,0.1734209837610819,0.4765552095238563,-0.6158669441903186,0.4496683862303768,1.1147947754588123,-0.2171016163441504,-0.0313991876871329,0.7368637780748233,0.9813506268484232,0.2785484792964922,-0.1632869983128219,0.0615981328990127,4.857211893325447,2.565599770610909,1.070982245205833
W0023,0,0.2727272727272727,0.2727272727272727,0.2727272727272727,0.2727272727272727,0.2727272727272727,0.2727272727272727,0.2727272727272727,0.2727272727272727,0.2727272727272727,0.0,0.2727272727272727,0.2727272727272727,35.0,0.0,0.0,0.0,0.0,0.0,0.0,0.0,0.0,0.0,0.0,0.0,0.0,0.0,0.0
W0023,1,0.6218374218012885,0.5836280588546108,0.9578746155670512,1.1167496839069009,1.9935498047503464,1.210580844207497,2.2382081874026976,0.1378336932393439,0.7827650967144946,0.0,0.7010235880263371,0.7164335012484419,0.8962486709953724,1.35484364596415,1.827737598663008,3.389236803357303,1.953994254209772,3.035283413495775,1.8516106741744591,1.6303515954826109,0.2400762604400622,0.1065237716872667,0.1754411549338396,0.7609005017254858,1.2201864626895358,2.415688235303254,0.8351383423080934
W0023,2,0.9873882829242429,0.6606149015430522,1.6220371892969483,0.6863697308715674,1.9286179000958537,1.3772851397438008,1.1630828336359074,1.0115274936792784,1.4098727059858585,0.0,1.2865948762593242,0.6145425526678779,0.5065147545119132,1.1484220032650745,-0.1590772307062942,0.7234758091270366,1.188718625735198,0.5088538020313741,0.7280321071242595,0.8314891579053363,0.6138401616727538,0.3466381136213496,0.4316543099083029,0.5822485802174818,3.4280558308724123,2.8017645734735512,2.9495844560235875
W0023,3,1.4747660738958068,0.6783251433725453,0.9853625634396136,0.3877585161507044,2.1769756630264068,0.5718641067528383,1.4000198511259996,0.8310887085713541,1.2381145232642046,0.0,0.6913770766409987,0.3677021881756607,0.4863389125437311,0.1123770938202594,0.2452944091328623,0.2400612253214957,1.6074113719690477,0.6208955948797918,0.6967706717743406,1.0004359055438723,0.6397523455631602,-0.1049874775325253,0.5278905043123494,-0.2420491902517184,2.74323909318428,3.100305391002954,2.623266467466041
W0023,4,1.3478966391710612,0.7848072861538347,1.5793543429214063,0.5183036692788802,1.2139166767169214,1.0777156755958657,1.189195653451482,0.3799885341637804,0.9478606880021444,0.0,1.4073451753100408,0.4467581000669106,-0.8451583501802873,-0.3215542761353454,0.4698886042412038,-0.314033219705598,1.1981510733514933,1.1590812634570422,0.0011363339710886,0.3582772921334095,0.3648062068225497,0.1010253656704743,0.057607786727661,0.3138366278257893,3.806420322927071,3.138804411483504,2.065007625465029
W0023,5,0.7112780914990888,0.5866168136155385,1.4112575260586209,0.5832551222443549,1.1170922160902548,0.5615188744539905,0.6484642407161015,0.3427733060118294,0.8004518951440273,0.0,0.8722271644157499,0.2766275690320828,0.6582805007822004,0.5751053021375963,0.2334692598664162,0.0021617528316194,0.2427328623001685,-0.1076620741809182,0.3060939902784071,0.3722819030067987,-0.3076777345340752,0.7592759235480998,-0.3366230583290036,0.987998199276108,3.7203297408915255,3.297083949708973,2.135978469393698
W0023,6,0.9529235246988388,0.3972184654462649,0.8976697799091493,0.2361534972885095,1.0909491393046928,0.421361061199087,0.6194048023532409,0.371575855058792,0.4257405159134051,0.0,1.1196578296877782,0.2431465801247027,-0.5199275870954709,0.2992551017410645,0.0672778841690604,-0.5806497414267275,1.2379330438152418,0.1791499011386079,-0.1008193572879284,0.0516460151962925,0.3258034275084508,-0.1612972842045259,0.6946662620762127,0.2471265453078558,3.412787042902682,2.3214919724055325,2.635079945549565
W0024,0,0.2727272727272727,0.2727272727272727,0.2727272727272727,0.2727272727272727,0.2727272727272727,0.2727272727272727,0.2727272727272727,0.2727272727272727,0.2727272727272727,0.2727272727272727,0.0,0.2727272727272727,35.0,0.0,0.0,0.0,0.0,0.0,0.0,0.0,0.0,0.0,0.0,0.0,0.0,0.0,0.0
W0024,1,0.426248394876786,0.6191345547809467,1.267731693609587,1.1335644893417458,2.064353369886335,1.7517616462195311,2.3818659326338523,0.8744615313798334,0.4904970736916895,1.7739964114798288,0.0,0.378776242609558,0.838640958584724,1.4300996026741,1.5408660909018206,1.8546182752193332,2.08871992441843,3.081677828148249,1.3788018786405345,2.798602154894818,0.8835187100235382,0.2408136635770125,0.936271205624004,0.4965663373427487,1.8887810236783675,0.9266650204591884,0.7398774571750546
W0024,2,1.3035671543843568,0.9102769927148432,1.7125798682908182,0.838822591724106,2.047636031108939,0.7924824581449917,2.166779267638815,0.5276731294813163,1.0385279546488118,0.5255069470203539,0.0,0.605772394731873,0.2598924139518921,1.476520405622299,1.2599499765969118,0.4635092718266493,3.843912863692108,1.2044660737517263,0.9246444714750274,0.1181635394824383,1.057223516903326,-0.5720740111659914,0.8805669985977909,-0.2469705664574683,2.4584059110155163,3.2925937300817423,1.3274428442808488
W0024,3,1.2574500498210013,0.9023890289303927,2.235635036091783,0.4237432397272456,1.711130414681755,1.142839611378624,1.490388171409686,0.3964060899355014,1.0605856184211602,0.9142453328612252,0.0,0.3278903366078564,-0.2206876591790581,1.374660229852425,0.473103859850026,0.0835843724810765,1.382816432079144,0.1802868379285068,0.6931219112850515,0.0118000472348752,-0.3473468900310896,-0.5122906742185054,-0.3722318273387249,-0.1883227822203554,4.927052147176243,2.4462381460893936,2.1269012977383235
W0024,4,1.6470687696941295,0.5163865666145511,1.8328069255588864,0.5468240723597282,0.870114310819651,0.6726763684190697,0.9089244247454218,0.7049205406219837,0.9525614126256944,0.7939254883639955,0.0,0.3279671415572863,0.00713761755966,-0.1949360650788699,-0.7500219342939909,-0.7687281421911758,1.0882521979773,0.8702188101643418,0.7034386260615458,0.8268702115312982,-0.4289625006566332,-0.0910833893708921,0.560080841832239,-0.6148684546043249,4.407868000872304,2.3759384225276587,2.227224094275368
W0024,5,0.7091862949907521,0.5868745548344604,1.7007760726159291,0.3976369391778115,1.194531259867916,0.5303512007054463,0.0612477715822051,0.4987738409213067,0.9820044227563812,0.262071704778708,0.0,0.1849604965394505,-0.3676969138808935,0.7646988686296605,0.1130381133710572,-0.2419074186410026,1.2639453965407397,0.6266382818721223,0.2116301927188637,0.536531719832679,0.0725565356542863,0.0149624728953813,0.5996353510521637,0.3151618472192288,3.724660739663897,2.3028882715340884,3.293100241258494
W0024,6,0.8301630852532266,0.2325210997249512,0.9468985316689856,0.1748901479583895,0.73274739637482,0.580510051984504,0.2926679713749639,0.3327650069067367,0.379091527149747,0.331272962105647,0.0,0.2203200263640636,0.6839487124679935,0.863105408409332,-0.1643572599841163,0.4806684343489456,1.1256720586520663,0.2055110485614616,0.4058020154386768,0.5633072533919569,-0.657687301604604,0.2598564945368189,-0.2052828999024128,0.05581303086082,5.673585087392524,3.84655881888871,4.824677665350198
W0025,0,0.2727272727272727,0.2727272727272727,0.2727272727272727,0.2727272727272727,0.2727272727272727,0.2727272727272727,0.2727272727272727,0.2727272727272727,0.2727272727272727,0.2727272727272727,0.2727272727272727,0.0,35.0,0.0,0.0,0.0,0.0,0.0,0.0,0.0,0.0,0.0,0.0,0.0,0.0,0.0,0.0
W0025,1,1.017756394719033,1.0617559860879149,1.8954432918032031,0.4498147412242038,2.3137278654426945,1.6978988788899951,1.7217300231144794,0.850893381796223,0.662732918918867,1.2699479774989588,0.986852850166472,0.0,0.7099623021571322,1.809227845063385,2.1870045279940924,1.5905187164852832,3.904032868173682,3.1441507382838183,0.404986269401041,2.3875610647500927,0.2925067676906834,0.0465554228465176,0.6867210483336912,0.237672983126842,2.3564552545044357,2.770728465181377,1.7732884880074948
W0025,2,1.1030657094301286,1.0126064954891738,1.977651036402348,1.0589670119390346,1.3379223617511626,1.3000566776666989,1.4688684881445453,0.8816364708195301,1.4059869354886887,1.1746478976555157,1.5318914699587194,0.0,-0.8050340496651303,1.848539427993138,0.8755112669994578,0.7539586817802665,1.661793808589441,1.0625910366833298,1.5292095544471782,0.5934391499206434,1.0359915218041125,-0.0038422568071078,-0.3497639079763233,0.6260516085383039,3.695264503913164,3.4290109227412384,1.4988099075472003
W0025,3,1.8931794578962604,0.7070400852071439,2.2162279979158668,0.864063753932462,1.7879439710040186,1.195009223919004,1.2135793098850969,0.3025286260281916,0.9429157715419714,1.0143051260984384,1.0902454936954828,0.0,-0.0793000874003312,1.1455383404877342,-0.2104945921109897,0.0597543540298626,1.326864445580554,0.5190192099845843,1.0553148346734076,0.5307918332711123,0.1249663040418127,0.8247824902711296,1.1193673572605,0.3117819110258262,2.8788062300294084,2.746486537324179,0.9796966035886636
W0025,4,0.4364292022107132,0.7473163674570865,1.3424617494688829,0.6092843494739659,1.025331944029329,0.891657589138342,0.46626982863326,0.446203761391699,0.7755822940579428,0.9152186152937564,0.9237945020351984,0.0,-0.1648329134463733,0.7639963986213204,0.2434594455343044,0.3406648963615923,0.9870122090066598,0.18729581490241,0.6749616929133688,-0.1288997372285003,-0.2519575042733978,-0.8434868585355645,0.7094977817074636,0.455911976972693,5.080774345083912,3.993969669048621,2.0249481770780955
W0025,5,0.8346588681140885,0.7857798273020339,1.6879308133141222,0.2823202141339545,1.0664627901315418,0.6164747229521149,0.4904216028562579,0.3064259545144651,1.2036823418369238,0.5529100429494802,0.8747871799502618,0.0,-0.4310799397993838,0.7902667104372189,0.4554461388413581,0.5511543793348156,1.1168040490483475,-0.1085214911209942,-0.0335905831318868,0.2824525013126425,-0.1465722952742314,-0.5318173362111351,0.5733542536132412,-0.0767379064466734,4.026136215463473,4.457890427571375,2.4051644453594987
W0025,6,0.7094958463630154,0.465417559430857,0.832038514353405,0.2882683345194919,0.5304549722799676,0.645231612063712,0.2762203162675598,0.2175945900887196,0.0963093460110814,0.3916540882425312,0.4353387950024155,0.0,0.0852094390010167,-0.0041504614697149,0.0366816602350451,0.5943870447163299,0.284564994054297,0.3602683072676328,-0.2935002433691294,0.1952643742904758,-0.2100971280992111,-0.058135625586684,-0.1751968055767395,0.4679821954924791,4.829362057786551,2.606394744801628,3.026646006564053
W0044,0,0.0,0.0,0.0,0.0,0.0,0.75,0.0,0.75,0.0,0.75,0.75,0.0,35.0,0.0,0.0,0.0,0.0,0.0,0.0,0.0,0.0,0.0,0.0,0.0,0.0,0.0,0.0
W0044,1,0.0,0.0,0.0,0.0,0.0,5.270936840743712,0.0,1.6927475715027258,0.0,3.780790799629683,3.662641643991994,0.0,1.0268532887746822,0.7343156325961397,5.232410341240773,3.632723326970385,3.0464627800059048,2.231873964957793,1.0502314546095182,1.8812068542208704,0.2391859590116836,0.0949595423630469,-0.1784395086357262,1.5863674340628986,1.4971818302384856,1.345219423757615,0.3565063680419897
W0044,2,0.0,0.0,0.0,0.0,0.0,2.0620815637073133,0.0,2.592782556469674,0.0,1.6444318861754603,3.90652242077908,0.0,0.2164541444444223,1.6355144225892926,6.128586865676216,1.5909608458104485,2.5569249421803963,1.0933667712562527,0.945872755317353,1.3940662887161308,0.5889719565548993,1.4981545436370336,-0.2799920849906025,0.9387822764869952,2.0789509492703275,1.159804043379022,1.2362548997436118
W0044,3,0.0,0.0,0.0,0.0,0.0,3.271634971850628,0.0,2.768416674076522,0.0,1.4147303850316617,5.193500627088215,0.0,0.2341532600646743,0.0331392125038495,0.529580957562588,2.316753370987998,2.00397202379298,1.2325209160066528,1.5655316886628368,0.9975358091341452,0.107412136461667,-0.2252737393098693,0.5477733680378208,1.024114152026327,0.8046165926050031,2.1475274806544293,1.373497594671807
W0044,4,0.0,0.0,0.0,0.0,0.0,1.899289451082756,0.0,1.806594403852604,0.0,1.0184638872920395,1.96783870902763,0.0,-0.0831508413755574,1.1215983368930642,2.8631981606958243,0.846103703455908,1.065112435316014,0.2906545949153354,0.8945906995920984,0.3298779354154209,0.6662393872141471,0.2298087849565376,-0.6106203505955499,0.3200561434267759,2.2272289213869536,1.8872334998909848,1.381138133916039
W0044,5,0.0,0.0,0.0,0.0,0.0,1.82066738446652,0.0,1.4898957366535517,0.0,1.2055369570936645,2.053812208705996,0.0,0.16917431582931,1.394825885101474,1.1551365293818656,1.3088397679342414,1.8173893154190488,1.8602996506238847,1.044569373827735,0.4729218647811053,0.292594702274449,0.5835688365680686,-0.3369764058439057,0.5139883358303459,3.160890888949532,2.9927661513729085,1.7306018818465725
W0044,6,0.0,0.0,0.0,0.0,0.0,0.4186725503438723,0.0,1.197980448978165,0.0,0.8462307019347592,2.4240529232721237,0.0,0.2883208171218389,0.5158611036625614,1.771995752721348,0.439385145348685,1.4731310148004215,0.6670252564486447,0.8480764560495048,-0.1135199452236656,-0.2506814814186729,-0.3593580109660033,-0.3624626674719992,0.5122722183981437,1.313986929121299,3.379430205805084,3.130099748280905
W0165,0,0.0,0.5,0.0,0.0,0.5,0.0,0.5,0.0,0.5,0.0,0.5,0.5,35.0,0.0,0.0,0.0,0.0,0.0,0.0,0.0,0.0,0.0,0.0,0.0,0.0,0.0,0.0
W0165,1,0.0,2.070129688021282,0.0,0.0,3.0606102044158154,0.0,4.067850686119486,0.0,2.36359483310936,0.0,1.86091321025026,1.2288593440977291,0.5673551830258174,2.429804827613382,2.1544744995620086,3.440945824826669,3.438070285356948,1.9346577021399567,0.3227942140970565,2.394539154424592,0.8634539939782472,0.8576245138866114,0.1216580545696762,-0.5449402180741996,1.5643661375779845,3.4190682501713545,0.154043826192012
W0165,2,0.0,0.9220119541104452,0.0,0.0,3.564097968599964,0.0,2.283986239230558,0.0,2.0716013128694737,0.0,2.5272823965951483,1.0071727937213395,0.574448496741488,1.5314076662724858,1.284478538016998,0.9231673932890412,2.844497811502904,1.6329984718131438,0.1156331625057255,0.6860249207066292,-0.1022221803201914,0.2022232192546957,0.2377880516311852,-0.0531932448905826,2.915292077248758,3.719212982660178,1.1505104333632423
W0165,3,0.0,0.8486015473550473,0.0,0.0,1.0688905456491695,0.0,0.9884429309746566,0.0,2.436943139523508,0.0,1.3522775164183083,0.8377418121017519,-0.5485172304088098,1.7496647259728315,0.6656340179531817,1.0884114932850335,1.748534382042937,0.7161216745593063,-0.3478907857975196,0.928283545727422,-0.0829954466851536,-0.365731460559986,-0.0624105056590127,0.0473085860469405,4.49278593306676,2.109384596783237,1.9154866632377157
W0165,4,0.0,1.5175443349139948,0.0,0.0,1.888200992753518,0.0,0.6924807771908019,0.0,1.644772695141338,0.0,1.6066907674865436,0.8028884376058805,0.2329471569603843,1.0541854713158645,0.4765322233964476,-0.1404572596145087,1.7305046301575284,1.1659923135086747,0.573597945466435,0.1416217733724519,0.1531061674041818,0.2434533333960363,0.4857900882161285,-0.1279114929312899,2.8091854502526603,2.6654359962439047,2.013668190167253
W0165,5,0.0,1.4411551897427506,0.0,0.0,1.344468701915815,0.0,1.304335992861281,0.0,1.5823222051279504,0.0,1.80501373120456,0.4926348063803182,-0.0203989191515522,1.304006788200598,0.3093253097819082,-0.2766012242820341,1.4235706252282516,0.4565519449679687,-0.6553373932899589,-0.1294518803013067,-0.0844676346045697,0.3728341632068396,-0.3775954233969412,0.1492399167133944,4.481909111361759,3.90394966278732,1.2435299427987452
W0165,6,0.0,1.370784542178728,0.0,0.0,0.8595799493355989,0.0,1.2492750531782062,0.0,1.4123139725558682,0.0,1.2212887310955582,0.3856717781389804,0.4153755090697911,1.1453508038837148,0.1254920518622826,-0.3496675846504848,1.6494290849470057,0.3578307594859922,0.3756627620208549,0.340665194371792,-0.9393374881175184,0.1707506613377569,-0.0538432236586469,0.5164026176889819,4.285374967113582,3.397932505545301,1.3435321520558496
W0355,0,0.375,0.0,0.375,0.375,0.375,0.375,0.0,0.0,0.375,0.375,0.375,0.0,35.0,0.0,0.0,0.0,0.0,0.0,0.0,0.0,0.0,0.0,0.0,0.0,0.0,0.0,0.0
W0355,1,1.2072957847816062,0.0,1.9025882819737403,1.0684573961366233,4.204324730258672,1.2448631071030525,0.0,0.0,1.6478293066029024,1.8852232560625868,1.384333381985971,0.0,0.7379154645957067,1.24925460157776,2.706777831324896,2.088044759971499,1.091147573208852,3.6567627696289033,0.7253762280415664,1.7847306251817123,0.3938385554951527,1.0002466381422592,0.6394926369655909,-0.0789357251740472,2.266962515431463,2.0271647288866927,1.8788829465100945
W0355,2,1.8506295206172951,0.0,2.256321908741417,0.9147489352716338,2.605310702491745,0.8260738880713443,0.0,0.0,1.9284250589729872,1.859874676232088,2.4745462421595485,0.0,0.6973242020701694,1.046447236998285,1.37255685220592,1.8468809313910337,1.4042364518001842,0.9917672151808602,0.7679668689241912,0.8192527692752002,0.1525628903603171,0.1867737530130938,0.6121520160672945,0.428951485279273,2.8364919976876477,1.892605301978412,1.370257603927374
W0355,3,1.6068529145964554,0.0,1.8715431865020224,0.9166610123157556,1.7639582573415489,1.5810685200268595,0.0,0.0,1.1834762315947018,0.959337474502365,1.2023873620409191,0.0,-0.171729904517233,1.0573567026273032,0.8311932755936917,0.3355603752482429,1.0194282992473274,0.9463746519720626,-0.1981797913752259,-0.3186681088237768,0.262642595025858,0.3752995875241279,-0.3142228716327081,-0.6645005676098252,3.968416366595615,2.4073819463082065,2.371560088047717
W0355,4,1.3645750724297028,0.0,1.0148058306638186,0.5890164063434334,1.7760389016832423,0.7289849865993117,0.0,0.0,1.0249387021016538,1.2260930493080755,1.1069833594067966,0.0,0.0731824899617735,0.3751861582451362,0.381165860372895,0.3441081176380232,0.9741220525463186,0.4636418917096331,0.1195525656409075,0.3947778225332436,-0.692171638193196,0.152101399764029,0.5178471495651238,-0.1018873029100034,2.7169779817274726,3.5936242071954965,2.7416363961839814
W0355,5,1.2461995775545114,0.0,1.5197030533749487,0.4273530910301227,1.5322806499601758,0.6013492266534949,0.0,0.0,0.5383252785908507,0.8345236002722596,0.5897793368412869,0.0,0.3222610938950451,0.228899611731032,1.125364580112276,-0.3786396324373419,0.2044205866825429,0.5319494919985135,0.174346287606928,0.2132738675929188,0.3029440200904921,0.3976727729000626,0.2949640274236269,-0.1115333999758003,1.055476016951154,2.46196845073462,3.012299796565565
W0355,6,0.771379803045358,0.0,1.1483154597680076,0.4832276553582979,0.4496767538335487,0.5067982841292937,0.0,0.0,0.6386432634513326,0.5469698044627118,0.9916654063683468,0.0,0.1082491754283044,0.5723305797863703,-0.1702513568895492,0.5252709193699237,0.5242915355384645,-0.9197900965948986,0.2366690674682527,0.2066002783130147,-0.1719594816632274,-0.9779322154547172,0.4355310776406654,0.090746782677395,4.36868553174021,3.15559863689025,2.718322389180252
W0361,0,0.5,0.5,0.0,0.0,0.0,0.0,0.5,0.5,0.0,0.0,0.5,0.5,35.0,0.0,0.0,0.0,0.0,0.0,0.0,0.0,0.0,0.0,0.0,0.0,0.0,0.0,0.0
W0361,1,1.6010194024439934,2.0981539002117007,0.0,0.0,0.0,0.0,5.415223693202672,2.121177782001062,0.0,0.0,3.3476122748610955,1.4746238042641633,1.3067762502528264,1.1309251937106033,1.4360652623447925,1.1479829786914937,3.692204638358021,1.798889401678016,2.4009308756556726,3.646780135606406,0.9119681230060122,0.3108793549859167,-0.201416214314622,0.6980487748988811,0.658557815108082,2.366792351633805,2.6829964187028432
W0361,2,3.015765657787472,1.3122515533469854,0.0,0.0,0.0,0.0,5.277532553862463,1.288888604337919,0.0,0.0,3.079101774949839,1.2006475428095993,-0.0453112485699333,2.086288775051904,0.1342841529581251,0.4285679084370348,3.0016952052168917,0.9435962101880276,0.4530348304062359,1.7097582118636263,0.7496937846680574,0.3695686461707429,0.4723883911274155,0.0619995030499899,3.930502488317456,2.402395782772953,1.919100687250833
W0361,3,1.53448829705738,1.984686489887345,0.0,0.0,0.0,0.0,3.736389586840212,1.1828827536629478,0.0,0.0,1.8588226963899053,0.8898686154463532,-0.0759527047816522,0.95210307622018,-0.086296907055009,-0.4870887246382591,2.64958602141725,0.4047291941629373,0.4162475733212671,0.6286729448972925,1.1453040365761344,0.6404949449546369,0.1622843182471409,0.3484247673476652,2.364166886825179,2.2759623762904773,1.7598320237384877
W0361,4,1.7374423341712024,1.616191219166157,0.0,0.0,0.0,0.0,2.984663112058032,1.1084028118380282,0.0,0.0,2.5646527001828607,0.598028361621796,-0.5543031350100976,-0.458204002800329,0.2505823843903572,0.9114947631959748,0.3808588507999926,-0.2754255758195442,-0.2716066555816602,-0.4885825793089535,1.0574501081195775,0.5310491967460806,-0.5020494745914504,-0.5793933473410324,2.6351238813652,2.5659646410726697,2.641086589904025
W0361,5,1.6007118782032952,1.4291327476466058,0.0,0.0,0.0,0.0,1.9848174924611637,0.9155294850814902,0.0,0.0,1.3167294305433124,0.5147774171582151,0.2106225852076844,0.1359255957416349,-0.1380210759617151,0.0176007363439612,1.064711844912427,-0.2323676390559919,0.1809793040667397,-0.2392527440544791,0.7810843116492452,0.2092855387628295,0.3253788335998843,-0.0246376186982276,3.2548330406239527,2.829313143047114,3.3640886969387624
W0361,6,0.6650922581715738,1.2769258660457543,0.0,0.0,0.0,0.0,1.3286546416406138,0.2729486947692534,0.0,0.0,1.2380465338941304,0.6244213181945413,0.1553215055453999,0.1692173128919541,-0.1509616015695558,-0.1330446135525489,1.0890282696026783,0.3452618355066284,0.4131117245931731,0.0143281175804091,0.5374787037856699,0.9667809881837928,0.0719563178476703,0.0532143010198108,3.844566787589875,2.591204427068168,3.25953705931029
W0539,0,0.6,0.0,0.0,0.0,0.6,0.6,0.0,0.0,0.0,0.6,0.6,0.0,35.0,0.0,0.0,0.0,0.0,0.0,0.0,0.0,0.0,0.0,0.0,0.0,0.0,0.0,0.0
W0539,1,2.14873944445128,0.0,0.0,0.0,4.727073521666117,1.861935681137596,0.0,0.0,0.0,1.488605380671135,1.7452960902777344,0.0,0.0680729364870262,5.025477277088951,4.105063224374605,2.20836841454716,1.166507166931243,0.6717714940426704,1.743975531921323,0.9352927585151162,0.3448923948490209,0.1670376403106057,0.4648926737139554,0.8820875521048016,2.886913515567599,-0.6267141667770814,0.6363362618396519
W0539,2,3.5491346789867544,0.0,0.0,0.0,2.631594264529076,1.6410844092698866,0.0,0.0,0.0,1.409711774030105,2.3690042156487374,0.0,0.4864100222460125,3.1265095669380774,1.6543854617015523,4.212295719776426,1.3266574033397749,0.6222643963811753,0.8932161592857071,0.3183982135176551,-0.0214063084317134,0.4339296038241975,0.2821209771709363,-0.1267356410477708,2.561201448888524,0.3497056907409712,1.0014481368394577
W0539,3,2.177030199317667,0.0,0.0,0.0,1.831285179853988,1.3642556582105645,0.0,0.0,0.0,2.0641912924783883,2.142486261224957,0.0,0.432955392614342,1.6186054284352558,1.358503483358242,1.6753448772325186,1.6334239948025155,1.0671652724617382,1.6696866095599463,0.6571025707167092,0.5089948064563461,0.6142380270024929,-0.5994304311999816,0.3197562097606064,2.582276595223801,2.456110856975375,1.6702091186347945
W0539,4,3.3905219580884456,0.0,0.0,0.0,1.5532829198069191,1.5485478175117129,0.0,0.0,0.0,1.0406557339456373,2.6529309333072284,0.0,0.4045370297997819,2.4819382915250614,0.5950213891722888,1.948929043529008,1.3549678267398444,-0.0319529752341478,1.1749722768570785,-0.4004460752778815,0.3618821332553996,-0.2929509436752076,-0.0765260634991294,-0.1860205421161027,1.8438443190950489,1.7388080438532167,2.6252416864128105
W0539,5,2.2855285754815853,0.0,0.0,0.0,1.1693663909985972,1.0231261887955416,0.0,0.0,0.0,0.401854145460507,3.31987518063141,0.0,-0.2035709490066468,1.6585846221861738,0.4546097775877959,0.6074752843323942,0.829772554850938,-0.3932573541677749,0.512232435927421,0.4842392202898594,0.507622871787512,-0.0168001626175007,0.8256540746574847,0.0557310374702559,1.5652345685129867,2.151429658050896,2.335129824581371
W0539,6,1.786632318140531,0.0,0.0,0.0,0.757395399033298,0.7684864239407405,0.0,0.0,0.0,0.8395962441072515,1.966452143316702,0.0,0.0498826505655005,0.9872513276674524,0.1414465540997005,1.1910915899234784,-0.0354942580735691,0.8122043816832855,0.1141100060027688,0.2871643136706493,0.1233963453706796,0.0587071564988665,-0.0386717979168498,-0.3432780207586542,3.4658604693520063,1.8472842586390088,1.044768693005094
W0541,0,0.5,0.0,0.5,0.5,0.5,0.0,0.0,0.5,0.0,0.0,0.5,0.0,35.0,0.0,0.0,0.0,0.0,0.0,0.0,0.0,0.0,0.0,0.0,0.0,0.0,0.0,0.0
W0541,1,1.099586140488918,0.0,2.635543847237505,2.9958645499824703,4.066258366412444,0.0,0.0,1.5612274201332184,0.0,0.0,2.363827435851155,0.0,0.9579049248546726,2.6662369734975395,1.0837751684933346,2.492085237599012,1.097297927039985,2.475342948307959,0.6222031606405113,2.259041638735598,0.3326935821817526,0.3077723613557389,0.9567935431283252,0.8612478284549578,1.275878697570681,1.8973853769726323,2.2508335716961323
W0541,2,2.2582154953729345,0.0,2.4989094885343053,1.2640324801494585,2.6998309255054247,0.0,0.0,1.5734048076099705,0.0,0.0,1.321355534628758,0.0,1.0608525298318892,0.9454870135958277,0.9451746635854584,0.5810786049103559,1.998918772412074,1.24540217768137,0.6590956671203695,0.8238570256070348,0.7963467063666707,0.1356135263181669,0.49490095078314,0.6544871805050098,3.72273532752842,2.3357229556074195,1.7634948974792437
W0541,3,2.2237057500211788,0.0,4.71811947596345,1.4211109633881047,1.9280609092103176,0.0,0.0,1.021745983153719,0.0,0.0,2.504507133416433,0.0,0.0577540169997931,0.8838575492914269,-0.9220022008230556,0.2859693788325865,0.7428278437199298,0.461223258463468,0.0927668827429452,-0.1722678753195029,-0.1636693645115526,-0.0038255602160363,1.182390405646527,0.3134004942741683,3.362162522323457,1.877744323778441,2.448179387728552
W0541,4,1.550131378526936,0.0,2.725050737846173,0.6968554257278992,1.3672063846288096,0.0,0.0,0.6722372447735213,0.0,0.0,1.189077973889468,0.0,-0.4065354705570169,0.7202435992801322,0.7488815019498781,0.1745072223713221,0.085851003325966,0.2961296210919448,-0.0368582051599889,0.3738834375095989,-0.4807876006477514,-0.3703063201722097,-0.6410177781142643,-0.0650841848875577,2.9325748806029246,2.360147720876266,2.0295942501867748
W0541,5,1.155912245808817,0.0,2.7812587116484537,0.6760961660998468,1.046537579944927,0.0,0.0,0.9120862162380892,0.0,0.0,1.4297803220405572,0.0,-0.8403230691228475,0.3923236717195117,-0.2741434535488278,-0.0999052402444567,-0.2185075123300471,0.5055127849525309,0.1532406971693211,0.8141803741365283,0.500323873650892,-0.0092516947146643,0.3715966326257893,-0.3195630990174277,3.999495214295061,3.0603906782902883,3.076279722098401
W0541,6,0.6152382085429742,0.0,0.8819207083553681,0.348255009248878,0.7976085618214728,0.0,0.0,0.5036085809168188,0.0,0.0,0.4877659386912504,0.0,0.7236969227397414,-0.5957790877093148,-0.3399362765670767,1.0861648637030163,0.2290512477653053,-0.7682512955734464,0.5352735097903283,0.5266425806691631,-0.6128032357195636,0.5373667088708303,0.7689786031792608,-0.0750846866189871,3.8689030185970736,4.116359353199761,3.4399682802746123
W0677,0,0.0,0.4285714285714285,0.0,0.4285714285714285,0.0,0.0,0.4285714285714285,0.4285714285714285,0.4285714285714285,0.4285714285714285,0.0,0.4285714285714285,35.0,0.0,0.0,0.0,0.0,0.0,0.0,0.0,0.0,0.0,0.0,0.0,0.0,0.0,0.0
W0677,1,0.0,1.2156701959405254,0.0,2.673983861648773,0.0,0.0,3.8332850345737097,2.0723328986007505,2.0998434713026537,3.8744869921788,0.0,1.1476238082422274,1.8988213482914424,0.9124693757752088,4.192611387908641,0.1173510778944258,2.882335072863034,3.044816826466871,1.3016403051854208,3.154760482790372,0.3662620475720354,-0.3219341248988257,0.6009998549488491,0.3342339448059001,1.3933511608137843,2.3985676590981835,1.2365194351243924
W0677,2,0.0,1.620514873600272,0.0,1.7214346425357652,0.0,0.0,2.805235195959028,0.7720180468290803,2.569288594128234,2.5781127195057385,0.0,0.8204268568496678,0.2778795844727511,0.6570359353219524,1.1257507477463389,0.0909266135309089,4.6125813004738685,1.2267860431257465,1.1144352601795204,1.2222030938016315,0.4063012317182945,-0.6945449804995938,0.1432384917810991,0.2350152442081927,3.241510562286365,2.001469773832128,1.2340792054133956
W0677,3,0.0,1.5252377014203862,0.0,1.5104614457525458,0.0,0.0,1.46784024816705,0.8556922007702454,1.7204592957103646,1.604734974330697,0.0,0.6371013121033672,0.4360178224452783,0.7832467926909387,0.8244603228502545,0.1952976791360777,4.325108734666058,0.6668524678934507,0.4709198714111534,0.9857304650892412,0.348263456849928,0.5504135929884131,-0.0168390313707313,0.5815775308937788,2.897364735426845,2.3718650653382034,1.6331814768465938
W0677,4,0.0,1.3585441295760852,0.0,0.7063341097450162,0.0,0.0,1.5984168880050529,0.8406664323917177,2.1559560172431427,1.2427827707535095,0.0,0.6385592202248908,0.3375444429340706,0.124752463448656,-0.6081865750331903,0.3097862467831516,3.7976622256400048,0.2859189240504171,0.6139596629718381,0.2867197648106554,0.0845520392168406,0.4325179132994761,0.2162548948813022,-0.03762670250809,3.446040521364231,2.607997830741111,3.221981659121072
W0677,5,0.0,1.7666579113255738,0.0,0.5801058261924131,0.0,0.0,1.2680661282357917,0.6258608710480367,1.8273185997887964,0.9118021498481614,0.0,0.5197297443282146,-0.8137289617161971,0.3961406438199066,0.1720995013445898,0.95661120131725,3.343214968539703,-0.152156844991934,0.2843770422357499,0.7133164206170701,-0.3132568577680675,0.1662323728701457,0.2817964692244279,0.2154438664348169,4.702136142068097,3.5504629919775006,2.1599274043605305
W0677,6,0.0,1.1935055105574928,0.0,0.4262334863841332,0.0,0.0,0.7181845174917685,0.6151283090862009,1.736434216439546,1.018020456638789,0.0,0.4738826307672837,-0.0984922417764877,0.366242514130033,-0.3037320063590542,0.6156703114371365,2.6824289087651056,0.9768642261955416,0.3831914977986954,0.5325000983031631,-0.6197727316330355,-0.9431951814088964,0.4096223414059367,-0.318368205337969,4.044414315598951,3.018703571940568,1.6885556710191292
W0695,0,0.5,0.0,0.5,0.0,0.5,0.0,0.5,0.0,0.0,0.0,0.5,0.5,35.0,0.0,0.0,0.0,0.0,0.0,0.0,0.0,0.0,0.0,0.0,0.0,0.0,0.0,0.0
W0695,1,1.6199794369073297,0.0,2.577102683585162,0.0,4.097424231606289,0.0,2.542289591323016,0.0,0.0,0.0,1.288798507612694,1.2390697281960794,0.2340720304684189,1.6242669915871466,0.8828405358762033,2.3584035892703232,2.684502089217462,1.802778533010181,0.8632409764767307,3.33122936534954,0.1035115236858339,-0.7118967555218214,0.3748976560840651,0.0502949059591003,1.7677263781777066,1.5872811619314635,0.9541207064151276
W0695,2,2.3510224653435023,0.0,4.2902798868585945,0.0,1.8071757937846329,0.0,1.795862225211966,0.0,0.0,0.0,2.7019184378099625,0.8873779331191032,-1.164640125821871,0.8123595978496337,1.0803926695809545,0.2299910507178827,1.4090145937097802,0.7508257060820465,1.071868013436468,2.1454457741916206,-0.3582363829053517,-0.7058911909926745,0.6996797898841052,-0.0563421793127164,3.138353013168822,2.5016427513948924,2.5228291594621326
W0695,3,2.4522472870018426,0.0,2.1141282092211497,0.0,2.131728716054454,0.0,1.2659808486823634,0.0,0.0,0.0,1.4130022560487934,1.0357440415228167,-0.1561005974702661,0.4320817879762525,0.0944321286344128,0.7656095241004375,1.1295369103865536,-0.8153840470311844,-0.1919842027151815,1.3633476750467546,-0.2318232437588586,0.410035759153986,-0.129218637699016,-0.186591743624475,4.582327865768979,3.94136040171881,4.845894405069786
W0695,4,1.5490103994025213,0.0,2.965021513125889,0.0,1.9999022166712208,0.0,0.6584225313092462,0.0,0.0,0.0,2.2022928054573665,1.0141513321797542,0.6201964788306393,0.9136588179704096,0.1764500227655646,-0.2154585001139627,0.8329954547147153,0.3008842588398762,0.2355941856560614,0.6893732939830131,0.0942227450956306,-0.3281940793592257,0.4498394985873151,-0.3937853748109684,4.479923247900117,2.739549599045501,2.5097630956889327
W0695,5,1.501487742802004,0.0,2.4999471597269243,0.0,1.1326514402930377,0.0,1.2450303972901295,0.0,0.0,0.0,1.3119340451156736,0.5357914151333433,0.3413943837842781,0.0863363536282545,0.4391084531391892,-0.135050227388701,0.1863504598635874,0.2831867174814829,-0.2987143715120451,0.4867585655702534,0.7484527179493032,0.5857061856245477,-0.096548012181937,-0.3162464354605209,3.33863799529409,4.084419852458203,3.0987800792156937
W0695,6,1.463712568665697,0.0,1.7257884544139737,0.0,1.030011080151325,0.0,1.1465465564578456,0.0,0.0,0.0,1.176396396314075,0.3704826946562877,0.1127579962316515,0.7500212016302218,0.4372563754755982,0.3783907525555555,-0.772753388331231,-0.2821074435789338,-0.2713618399258981,-0.0867079188014356,0.4253873615199167,-0.1193514305388154,0.068880296757706,0.0812694314741906,3.1909900307998966,3.755782779290552,1.6087669373124682
W0775,0,0.6,0.0,0.6,0.0,0.0,0.6,0.6,0.0,0.0,0.6,0.0,0.0,35.0,0.0,0.0,0.0,0.0,0.0,0.0,0.0,0.0,0.0,0.0,0.0,0.0,0.0,0.0
W0775,1,2.6945016853740325,0.0,2.564717030066301,0.0,0.0,2.322534686931243,3.223148101576818,0.0,0.0,2.690708502281567,0.0,0.0,1.2560897508786937,1.1566372618380818,2.1573032447450573,1.358519772510299,3.3952221762818464,1.8424887545838,1.75360876152003,2.407650412046844,0.4853242477500795,0.0748260626735597,0.6630781304157881,0.2410778226044529,-0.0391698617326921,1.4460404730962984,0.8581630822166075
W0775,2,2.7775133137318577,0.0,3.2518907243240864,0.0,0.0,2.092192542578774,4.356347322583622,0.0,0.0,1.7352624981133853,0.0,0.0,-0.0092213386599055,1.705217547813409,0.6437668005165549,-0.1254420897879773,1.3384591571150397,0.7865050116877605,1.4591820571794305,1.0996469251904395,0.7337763840389026,-0.4268991971314378,1.4501494287060306,1.6661888221785552,2.489550710427763,2.009044508158515,4.041280468407667
W0775,3,2.0278726038212533,0.0,2.02998816366185,0.0,0.0,2.4102161742474437,1.1427142702526396,0.0,0.0,1.8627148514404728,0.0,0.0,-0.6696532252888239,-0.0261351270094472,0.273834050614352,0.246740806164899,0.5424413752729389,0.4661895172838164,0.9901977739071816,0.5232794524063095,-0.1544309462235798,0.6797734044657043,0.0989954108482702,1.4738896759477604,3.069915173158437,1.8083686703237696,4.321372360547246
W0775,4,3.173168256062912,0.0,4.15488157989096,0.0,0.0,2.0367172093637023,2.0418395128623805,0.0,0.0,0.9851251121646424,0.0,0.0,-0.1927820882613199,1.0398107874229214,-0.0479729328723469,0.435170000339079,0.1306332284310776,0.6473024015434073,0.0214735888848777,-0.2578228887589461,0.3052305884812935,0.2222737174624356,0.2494017866886154,2.4033895047561677,2.910617145960104,2.388059823128751,5.2467678033748815
W0775,5,1.8131935529554808,0.0,2.22022853277347,0.0,0.0,0.8369750228684241,1.6533314493495208,0.0,0.0,1.734617839718278,0.0,0.0,0.4092589823712877,0.8983596682289758,0.5707355007680727,0.5478280713703626,0.0390454596922832,0.3228909751277083,1.0643417433030784,0.5651844227368577,0.0656745994223887,-0.161966412155356,0.4140809607323186,0.261682709024525,1.754103054421797,3.231293711240588,4.924332031051456
W0775,6,1.258748681143964,0.0,1.2159301188100289,0.0,0.0,0.7261151274832697,1.1238066721061029,0.0,0.0,0.6226593312016433,0.0,0.0,0.8842183422720886,0.5112599616719129,0.0870759073912361,0.0660609465163679,0.6185160730047423,-0.1441387668131674,0.4139394647944785,-0.2241649434210409,0.4054091032868785,0.3616864973553867,-0.0355431442781264,1.6097047179517692,2.3155887946422404,2.4443346609813843,3.5495382342650124
W0792,0,0.0,0.5,0.5,0.0,0.5,0.0,0.0,0.5,0.5,0.0,0.0,0.5,35.0,0.0,0.0,0.0,0.0,0.0,0.0,0.0,0.0,0.0,0.0,0.0,0.0,0.0,0.0
W0792,1,0.0,1.4427853717442078,3.5203219094912326,0.0,4.88356661837441,0.0,0.0,1.9758354449437605,1.98726103439376,0.0,0.0,1.2434464033929655,1.416297633443953,1.419638525931629,1.2387781320556166,1.5305699062733995,1.710054534711862,2.005491324308445,0.8893480246285683,2.295212052404767,0.4930644866385988,0.2283967000871491,-0.2085848312126933,0.461858875217834,2.1808936957978,3.116494096199944,1.4569050507302197
W0792,2,0.0,0.9732196467574348,3.900820231297224,0.0,5.650823104076121,0.0,0.0,1.3933812826001268,3.47407569331333,0.0,0.0,1.1631835023651087,0.8570355446460836,1.7480175987137505,0.9750582773991556,0.330100674680413,1.794052822910248,1.7780061018867612,-0.0747602099483491,1.3824436687643695,0.7505136167001575,0.6674640756405814,0.2624134374774547,-0.5361800943718646,3.6493331278228496,4.245108860744481,1.7468186939416952
W0792,3,0.0,1.1891215126550625,5.476645267807287,0.0,3.463149502311871,0.0,0.0,1.961926142862421,2.214276393927981,0.0,0.0,1.067609020747309,-0.2470189944295832,0.9400668726615358,0.859125169909428,0.8246441790636425,0.5919545767797627,0.284651156293402,-0.3933414133136905,0.0717682263073347,-0.1886753620807276,-0.4356124591219637,-0.2425249796963436,0.4355183510209368,5.19922139023905,3.80907374890796,1.1048400520572437
W0792,4,0.0,1.4119506960398525,3.352841371458424,0.0,2.2563938308980656,0.0,0.0,1.3316449772379664,1.390439143855459,0.0,0.0,0.682972664603104,0.1809271226782118,0.8450461001065406,0.8982715468053794,0.1087863657962902,1.2078035187549248,0.8273409026332843,-0.4102140042427795,0.028653832312274,-0.1280927102293987,0.3360348614262852,-0.5796900322858987,-0.5614640610624362,5.510468980341349,4.8166478871671625,1.4820584559448189
W0792,5,0.0,0.7144152627318718,2.068066022702964,0.0,1.806986748502248,0.0,0.0,0.553997787426697,1.125114564118474,0.0,0.0,0.4148476382743705,-0.3230835174767099,0.4932520513132573,0.448484796783509,-0.0407488790372037,0.6700353171184882,0.6461594301871301,-0.5567147309960327,-0.0062955589399768,-0.4203627739445851,0.43232394622282,1.1796167003565714,0.1566669122962447,4.216595908144512,2.3157731464366598,2.7560304347421742
W0792,6,0.0,1.0277415262850929,1.5372617871514955,0.0,1.3692607010947946,0.0,0.0,0.6979872662871981,1.1341018895474448,0.0,0.0,0.418818963381879,-0.3532794341265426,0.1769477201643924,0.2204657424092794,-0.4022216033339099,0.0435561718685994,-0.3649493056055353,0.1641830867935773,1.011925805838895,0.6148799600173829,-0.5588579365356018,0.3709823358422719,-0.1459046486622509,7.0301713602479055,4.109212376925655,0.9863998185064342
W0864,0,0.4285714285714285,0.0,0.4285714285714285,0.0,0.0,0.0,0.4285714285714285,0.4285714285714285,0.4285714285714285,0.0,0.4285714285714285,0.4285714285714285,35.0,0.0,0.0,0.0,0.0,0.0,0.0,0.0,0.0,0.0,0.0,0.0,0.0,0.0,0.0
W0864,1,1.5922728937843733,0.0,3.393592034346184,0.0,0.0,0.0,3.9873766426310615,1.8577289883165709,2.4409146392469783,0.0,1.6037285012430091,0.9241685299030375,2.35512001586557,1.0189917530773955,0.3613074226912358,0.9496521920606034,1.7027101841603427,3.848821226544332,0.1767837795383142,4.226000395835282,0.5499278267956611,-0.2769103979940156,0.8624239599756638,0.3159250499779146,2.1036965225356505,3.2381950846131526,1.162922459961731
W0864,2,1.433897330552367,0.0,1.8373202065574397,0.0,0.0,0.0,3.2620761032136283,1.614457146199734,3.130603680307064,0.0,1.8309623366642247,1.0356321006524265,-0.3345960050521566,0.5946287909471178,-0.0817403796239479,0.9739187301714878,2.702959437770918,1.2175584916291418,0.0887676733681187,0.7404308288798177,0.7338068432176261,-0.0212497513744935,0.1871276415482469,0.4488693754845666,2.9762383274943622,2.9631048086521323,2.0459117044318047
W0864,3,1.2052269719000823,0.0,3.273080081145358,0.0,0.0,0.0,2.584797942608107,1.1679234003839372,1.6162664968397142,0.0,1.610877468421458,0.5644905624828838,-0.039063715102172,0.3100984082920199,0.150105391352647,0.4626134124225984,0.69467607293436,0.5175544615286651,0.6805036106376507,0.1135891367581667,0.8369900982538011,0.9687566972509996,-0.0586494449658741,0.6063241626891879,2.7270009745803647,3.174674259994656,2.3817780821526258
W0864,4,2.1656915375110497,0.0,1.5900356380512817,0.0,0.0,0.0,1.6803680018831089,1.0980593372709375,1.3634955040038583,0.0,1.544398637548579,1.0806866956925287,-0.6631608810717304,0.105709988781271,0.3392641884673629,-0.4869770486697629,0.6788335756593858,0.3733549468559228,0.0022476397934624,0.4957487861384925,0.7151551237630024,0.556125522056474,0.2790417976912148,0.4395865439448171,3.1952069331465625,3.384574212060205,3.587608534091962
W0864,5,1.3742362636747356,0.0,0.8395256100537032,0.0,0.0,0.0,1.0070700648529798,0.4848598401309603,1.8096416890196387,0.0,1.2009865417690402,0.6131231326502439,0.4839581659242989,-0.3267607297173144,-0.008327208280506,-0.066199867485625,0.6886145195099229,0.2096116131969808,0.6161574942943093,0.4388897178656238,0.6488283226117619,0.4485803401743182,0.4771773887588871,0.4106077111674536,2.3204489320211987,3.116015493362844,4.612750449823706
W0864,6,0.6845340448645051,0.0,1.050378001483645,0.0,0.0,0.0,0.9073174497543792,0.5268161132324697,0.906854489690356,0.0,0.8546920277911567,0.4937765620082533,0.2928200988353924,-0.1219882950934114,-0.0449079054528914,0.4160044813222231,-0.3142015402357895,-0.335658564401607,0.0252481607045057,-0.2372093143849735,0.9602917548718172,0.7108129059577633,-0.1274721379753535,0.9270043752556516,4.610375673142491,4.7578609391676805,3.14833032810162
W0929,0,0.3,0.0,0.3,0.3,0.3,0.3,0.0,0.3,0.3,0.3,0.3,0.3,35.0,0.0,0.0,0.0,0.0,0.0,0.0,0.0,0.0,0.0,0.0,0.0,0.0,0.0,0.0
W0929,1,0.8913730332591844,0.0,1.1087652799065544,1.0164583615579144,2.5658326818669264,1.67796638707627,0.0,1.3769692021828073,1.2196987586905617,0.8658305800888556,1.38874556140261,0.2035969179131848,0.7698844638517426,1.99906104792055,1.1206480031447337,1.7623136184433252,2.4389293180777623,2.638423503142731,1.1789938278517758,1.670230166401988,0.5705017253443456,0.2146871911085191,0.9188881455765328,0.3375785431277932,2.129847992390687,1.3799817410717792,0.8854486225398759
W0929,2,1.1385241474995054,0.0,0.9830383371373936,1.1626269596234076,1.1497509851123016,0.9688611962542796,0.0,0.6621923976315309,1.6840393371101603,1.2412095840374635,0.9730573861023816,0.6307397254068626,0.0192272024715404,1.5846656111202704,0.8741199925806334,1.3033370016732309,1.697996885288199,1.9047148717535116,0.408401219027063,1.3461996732279151,0.6547471099670668,-0.0411861843090926,0.3349064294197022,0.2117947268066503,2.055774812945566,3.087314391896076,2.588994605086792
W0929,3,1.2189825963060985,0.0,1.7163860056367628,1.0597022939439205,1.5849816980939342,1.7753909704768684,0.0,1.522752162902458,1.4659014566545006,1.5055272581277397,1.2680056990977149,0.6264994285026924,-0.6982019278272449,1.134652704299295,0.726612741876848,-0.2113838577588676,0.779829020034056,0.5377662905763367,0.6947183769723674,0.125688382569263,0.064855967839089,0.3343838537251247,0.203700421016488,-0.2010690090282156,3.949808095157014,2.175995044988118,0.8558143680851833
W0929,4,1.4078858387373556,0.0,1.7151720304059157,0.2096942812378858,1.649859894826443,0.8581982459798637,0.0,0.8244161186369452,1.1848677727588983,1.010978428941556,1.026009786408158,0.398663682459335,-0.4829304055459394,0.876056715675493,-0.241731446100033,0.286365997384191,0.5033869273606104,0.1420437550089983,0.1554235791403725,-0.0842883996297541,-0.0411445135229985,-0.7662031885067084,0.4228838571730595,0.1821703305222795,4.730388346375151,4.886761878449373,2.145081307824989
W0929,5,0.738436291769067,0.0,1.2348621949784182,0.2219147832457106,0.6841517480447621,0.5920760965278927,0.0,0.5709838415364618,1.1283956939508504,0.5737377455725903,0.6873379084449245,0.4972558672189022,-0.3323245562105855,-0.140907895525719,-0.9201371298701108,0.0587581146116846,1.472653579584399,0.0558764840626602,0.28491462593499,-0.1891785523434943,-0.4527377074450606,-0.3149355576226189,0.3450291534597386,-0.6221028136792626,2.4759759115341997,2.9095967798918303,1.81558649182926
W0929,6,0.4408250930007015,0.0,1.2498065437165284,0.3423372914373946,1.0120508571813278,0.4680903313283328,0.0,0.3666349659535331,0.6159381144313839,0.4027962402440496,0.8259835871515877,0.2528591581882056,0.7772695552927984,0.8621985756492706,0.1810687786106931,-0.3707991901319319,0.7474246499172632,0.2766640835561827,1.2119608227959944,0.1979504197954501,0.1245372454489491,-0.4758792858586444,0.0732427393148133,0.2466211555170874,4.193876091901832,3.007979505084505,3.1042686826248707
W0967,0,0.6,0.0,0.0,0.6,0.0,0.6,0.0,0.6,0.0,0.0,0.0,0.6,35.0,0.0,0.0,0.0,0.0,0.0,0.0,0.0,0.0,0.0,0.0,0.0,0.0,0.0,0.0
W0967,1,1.8064566211018849,0.0,0.0,3.1382870584553983,0.0,3.0944347243773147,0.0,1.8683486949605357,0.0,0.0,0.0,0.9149770878234118,2.200228476231392,1.884827767140424,1.0222340150735711,1.7447614430067369,1.706225642207635,2.863374834277412,1.4495475421336603,1.9963740318955148,-0.0317456125358167,-0.2486603551544087,0.2641855564920128,3.894768882189037,3.171565060199736,0.9235295555804788,1.1308246227535723
W0967,2,3.7269212351505967,0.0,0.0,2.7383676117848186,0.0,4.0479245594178215,0.0,1.858393854161798,0.0,0.0,0.0,1.2460383074193233,0.1285805290439594,0.3896421942929114,0.0873942889003117,1.211119566815846,1.4769698251448404,2.334979111154455,1.759964816966808,0.7691990371007215,0.299937212138909,-0.2441517556444781,0.8879576683737201,1.5343795466419905,2.7875696192489543,1.223472789352708,1.6479079272511452
W0967,3,2.0663702331297995,0.0,0.0,2.1736792292026297,0.0,0.9677980106345287,0.0,1.7439986338737647,0.0,0.0,0.0,0.6662025650143486,0.184927528535323,1.2848520313818714,0.7218241879571041,1.6131754292497864,3.5308794161454635,0.9798419843473012,2.313617749739648,0.6126768524140482,0.3168048013124331,0.0078830018481715,0.4367951114179171,2.6153873876647697,1.4924051330472174,2.556032988251686,1.86139096170168
W0967,4,2.6204292513073537,0.0,0.0,1.1521324675856657,0.0,1.3585392111078087,0.0,1.3581678726479456,0.0,0.0,0.0,1.1702868283205186,0.201792084449946,0.9918685873948792,0.1257517624319604,0.7009931082192318,1.4470569421741353,0.239853863990644,1.9218707696507549,0.2070306740264446,-0.0156118087685948,-0.4621067179173141,-0.1749231368370363,2.6843599986790965,2.9359394726016017,1.310817205801914,2.4488756528242543
W0967,5,1.8709407902125796,0.0,0.0,1.4544890357499491,0.0,1.5613670272543705,0.0,0.8978719906002786,0.0,0.0,0.0,1.0498576351220104,0.3756216185390707,0.3525502310839593,-0.2592504692240275,0.5149258518690191,1.10026689457305,0.3734457847369905,1.7016069158153266,0.7444455523036093,0.0994646738137191,0.3923302594325331,0.4132359663247992,0.7753477978163419,0.7993317149276367,2.81748311226996,3.2576587565746777
W0967,6,1.9950702872542307,0.0,0.0,1.0737987621774432,0.0,0.8686598832620848,0.0,1.1708120183507846,0.0,0.0,0.0,0.9196134361747974,-0.6010559834454333,0.343800570163908,1.3377488882526616,0.6796498753606994,1.1453363900485043,0.4327581314034771,0.7005244739770348,0.0254849523808373,0.6489897135150008,-0.1195577317662799,-0.278636687534487,1.8007491300581469,3.422840440964849,2.972408152483176,4.1119942546072
W1006,0,0.0,0.5,0.5,0.5,0.5,0.0,0.0,0.0,0.0,0.0,0.5,0.5,35.0,0.0,0.0,0.0,0.0,0.0,0.0,0.0,0.0,0.0,0.0,0.0,0.0,0.0,0.0
W1006,1,0.0,0.8259498992828843,1.6209312752360143,2.4140762664824567,2.8416699377634456,0.0,0.0,0.0,0.0,0.0,2.1981148357918348,1.231440869603255,1.010595146724256,2.5199157796464946,2.098820381242539,1.2759851653377183,2.17212236962364,3.0338538673874265,1.745913685834451,1.7061377337634376,1.184000618832489,0.2966012259992826,-0.3539166895255287,-0.0728772126510271,3.1795454298791097,2.039167061222302,0.9714503912855464
W1006,2,0.0,1.3938848889075828,5.660561495969862,1.493664997277616,3.392696255675446,0.0,0.0,0.0,0.0,0.0,2.7335629884317245,1.030766963361109,0.3772391269849381,1.6008402605130234,1.2439676848546322,-0.308611053845196,0.8070061043072344,1.799429286820942,1.0475806088180302,1.163027930118356,0.8266458635212404,-0.3689975897515444,-0.1757380663388932,0.0338042298475802,2.704780548551729,1.2753774758709184,2.1775529906398345
W1006,3,0.0,0.5501567322789804,2.996220213081658,1.6475641059523214,3.3728280869139744,0.0,0.0,0.0,0.0,0.0,1.5550156674865732,0.5995159690858469,0.2174124299349888,1.0422644946846318,0.411189859181794,0.2115034449774068,1.3683357356315946,0.1607879112430054,0.2551752566959669,0.927580238182568,0.2891180576153007,-0.445425682401232,1.42787261317174,-0.1146025791396254,3.88988935861224,1.9497001348919027,1.8324583377654693
W1006,4,0.0,1.537589921316676,2.831526310656732,0.9660683024952236,3.74029215733655,0.0,0.0,0.0,0.0,0.0,2.1085653132501223,0.6796895826282602,0.4984297641932142,0.105431663584122,0.7158935971239836,-0.0359052855574537,-0.0326016649641058,0.3450400090397728,0.6104186732051223,0.7965993495279768,0.5965774582212812,0.1728242773239111,0.6179193235114171,0.0697779145472452,4.621853981354579,2.576034632825327,2.153404634430564
W1006,5,0.0,0.8409869868173818,2.0760613190896526,0.9803413276421497,2.970076063168784,0.0,0.0,0.0,0.0,0.0,2.2432230828208013,0.4461116324502884,0.0371441502154253,0.2409390020357977,0.8313670128060869,-0.6216626286686421,0.2192075052271573,-0.2674723011116173,0.4696110688726299,0.4913319159173078,0.6902309415277815,-0.1425760925347542,0.413072686294736,-0.6975293791770665,3.352565407940048,3.338196112821996,0.7589001130496784
W1006,6,0.0,0.9657861748517528,0.9881749812384611,0.4892928011435938,1.0115150405925517,0.0,0.0,0.0,0.0,0.0,1.0688064056548774,0.289557623303271,-0.7619468998514604,0.2376057518748495,-0.0056967880131597,0.9835428772154424,0.7196930932299468,0.2915366306502553,0.1762524542994426,0.5175208243910471,0.3334759460843901,0.3042932945951739,0.693569868780522,0.0699665222830112,3.9478616541760343,3.103428496372736,2.5918026181673417
W1025,0,0.0,0.5,0.5,0.5,0.0,0.5,0.5,0.5,0.0,0.0,0.0,0.0,35.0,0.0,0.0,0.0,0.0,0.0,0.0,0.0,0.0,0.0,0.0,0.0,0.0,0.0,0.0
W1025,1,0.0,1.8019602309882097,0.9331581506718344,1.8335782020597435,0.0,1.9676638011527576,3.364013417904759,1.0880159320855844,0.0,0.0,0.0,0.0,0.265674041794072,-0.306590817850327,0.9470462099893836,0.219993379844845,3.928848632767888,5.993841410974083,0.5719265817329442,1.9774741839756056,-0.0259520655011515,0.3575961589880211,0.4130652533565943,0.999564556048374,0.8963745214751027,0.7605324467652999,1.463048655831564
W1025,2,0.0,0.3577490213563372,3.276673683339217,1.6147660086690547,0.0,1.0766705675086934,3.209299744408176,1.3598575639842003,0.0,0.0,0.0,0.0,-0.1409297360335681,0.7983145523744326,0.3976016175615379,0.3074021530714663,3.1875258951698444,1.5890620886004263,0.8564279983762131,1.257662556811737,0.1705336516158669,0.0628044879395935,-0.0345936250433722,1.1052762202311848,2.8646774733511107,3.0797103099349927,1.4690634821888098
W1025,3,0.0,1.6522867328629065,5.33528845081424,1.464186549355203,0.0,1.1656992261799657,1.4947519968541203,1.1638786730259367,0.0,0.0,0.0,0.0,-0.0049305526090498,0.587217713077494,0.2936928171572234,-0.009270063979224,1.266305042644052,1.4656165521867082,0.6240024771377505,0.0673190545058303,-0.12383527534756,0.8270968102731875,0.4826313761378353,2.502622046780302,1.6961056343199965,2.873564547544621,3.80514920203963
W1025,4,0.0,1.790745806169883,3.576344378046016,0.5140015604762451,0.0,1.6713670475320928,2.0280889118571657,0.826727750775306,0.0,0.0,0.0,0.0,0.6919749417125699,1.0133418580067977,0.0726134356987536,-0.3786073539495333,1.887677384955146,0.1607602910746629,0.2050945938995927,0.6084887278321324,0.2173210650883939,0.001884842197301,0.5485793913469533,1.692637143248964,2.72466794237356,1.510139850410699,2.4069463274728595
W1025,5,0.0,1.5122917038471655,1.8836730456371815,1.014673867431792,0.0,1.5074474363651018,1.3076400641062138,0.5439627771747813,0.0,0.0,0.0,0.0,-0.9535627007025456,0.4433365095209862,0.3228657731910657,0.5304042331319628,0.2466994793602209,0.063034679151852,0.5663018867718863,0.2661332512783044,0.4187978921616778,0.1254065732937102,0.5248734379131172,0.5752817248963027,3.030696665092593,1.640477620216625,2.900693080164263
W1025,6,0.0,0.9434135899478184,1.5739093234023818,0.4543266726075791,0.0,1.0754928728956383,1.2261683670246066,0.6208187903589321,0.0,0.0,0.0,0.0,0.3406009877892891,0.5211595368775993,0.6392140106249915,0.2723612841580376,0.9925221364810984,0.2580954515469633,-0.2787465098223514,0.541820673956751,0.2875056070267444,-0.3307328575697526,0.2056397192426277,1.3738600036755244,3.10532480949316,2.412701629998411,3.713724170959941
W1026,0,0.6,0.6,0.0,0.6,0.0,0.0,0.0,0.6,0.0,0.6,0.0,0.0,35.0,0.0,0.0,0.0,0.0,0.0,0.0,0.0,0.0,0.0,0.0,0.0,0.0,0.0,0.0
W1026,1,4.210634382496641,2.6963886355651665,0.0,2.635897113673056,0.0,0.0,0.0,2.68342392799288,0.0,4.20638551416385,0.0,0.0,2.6120330020483395,2.0880373234405347,3.6936029546405686,1.0641551108866676,1.73240021547437,3.2775239366380986,0.4699974775949274,0.9245683156214904,0.7185729663593022,-0.1821902464876305,0.1590750534415925,-0.7517008136717065,2.78457653800764,2.222220586181714,1.269956959046923
W1026,2,3.0885877404187565,2.6810897125290425,0.0,3.705316460891543,0.0,0.0,0.0,1.8219107946246569,0.0,6.682675253019273,0.0,0.0,0.2917801024573843,1.6529259712125004,1.1609619732041527,0.4712369678777682,2.4066947649567023,0.5511007327367627,1.5387641364620468,0.1795229947264911,-0.1570354800062636,0.0667685249837628,0.6685213555966232,0.6901020822819137,3.207089472491516,2.1393025775206245,3.2422111859704064
W1026,3,3.0925785333749958,2.3252681576525083,0.0,1.4049601939057252,0.0,0.0,0.0,2.141331842844311,0.0,2.40886517040879,0.0,0.0,0.6312473776350314,0.8318541902757147,0.6326439986471891,1.1341834432740512,1.933224600780772,0.964243707450054,1.303173865818174,-0.4620586003410275,0.7673381747597292,-0.0262933990566067,0.1533662643201581,0.7330731275858144,4.647533292158537,3.3754171491572564,3.623104174862801
W1026,4,2.200969925227537,1.6698672539145514,0.0,1.243421235046244,0.0,0.0,0.0,1.345305115890366,0.0,2.0185489214880303,0.0,0.0,0.2366944527788712,0.6912719741018389,0.175066195147443,0.2880818696659515,1.7190743722142658,0.5695698648687114,1.905724231753736,0.2946267508005364,1.310189042493715,0.4137415713823521,-0.5479033488436054,0.5252572668490187,4.364859532572066,0.982827534486586,3.609785530487796
W1026,5,1.3193495271632294,1.0957753347529646,0.0,1.2051830003204904,0.0,0.0,0.0,0.8288288382686159,0.0,2.365047958498404,0.0,0.0,0.3454854561528788,0.8123728339523208,-0.3182503306867988,-0.2980604356032434,0.4416355679432502,-0.0336652469874539,0.615153523251822,0.0539594792733185,0.0020098156927564,-0.0455221138519598,0.2324286659141792,-0.2724473337228096,4.243961340064349,2.1035210424459363,3.512776046460812
W1026,6,0.8670691794402012,1.1427267501645029,0.0,0.9067410046627832,0.0,0.0,0.0,0.7758486000369278,0.0,1.2017292779435067,0.0,0.0,-0.0162395321539806,1.4595306662214649,-0.1553276712195644,0.806320794388955,0.4751754096702492,-0.1519026541853382,0.9705844878567884,0.2193539103488904,0.8651328417587612,0.1665523903551223,0.1983266425561525,0.6968469979642312,2.822340385998831,1.458253745024224,3.311970273269561
W1055,0,0.5,0.5,0.0,0.0,0.0,0.5,0.5,0.0,0.5,0.5,0.0,0.0,35.0,0.0,0.0,0.0,0.0,0.0,0.0,0.0,0.0,0.0,0.0,0.0,0.0,0.0,0.0
W1055,1,2.3100709866432045,1.4033749976420948,0.0,0.0,0.0,1.8851730245968108,3.319326463268186,0.0,3.0296358897920577,2.9582497275879462,0.0,0.0,0.8418896215796966,0.3172979408055241,2.0422175293052383,1.172223970197686,3.607775504869169,1.4390425072544244,0.8750756839995961,1.9363642374807013,0.1512755433642905,0.6639171133656591,0.9799007659206412,1.6365779342526092,1.3235925216392754,2.967007230620472,1.6175860234449695
W1055,2,1.7878096144998654,2.909017424785351,0.0,0.0,0.0,2.128659435830947,3.7937302320166095,0.0,1.789054641932017,2.2212234049186788,0.0,0.0,0.4614918992878651,1.7091278816584932,0.2739398715408541,1.7319212889569486,2.330634071834172,1.048863719168107,1.2279001454989866,0.3018905141466578,-0.0091190660276845,0.1976911536083181,0.2641233825230563,0.2092033936294373,1.9207232766203453,3.861072402879682,1.0274810928052025
W1055,3,2.82887225017534,1.5348308960205552,0.0,0.0,0.0,2.317346773865768,2.1667336266847546,0.0,3.053095070698471,1.4660010188320258,0.0,0.0,0.3233084422689684,1.4084080202440052,-0.4259884139973924,0.6823035073527101,2.2021993818278927,0.0824562459197915,0.9654249406990038,0.6728803374408892,0.6090676369254764,0.8689071756573368,1.2643387223360931,0.8124813910272801,1.8751861687556144,4.910408893710937,2.040519499723896
W1055,4,2.3656555321181303,1.579643590110156,0.0,0.0,0.0,0.9516350736319767,1.1622769856806436,0.0,2.6773005360386115,1.1450926658126157,0.0,0.0,0.0202653181441702,0.8023319209209957,0.1238212039524967,0.556506072493665,1.4723574830726909,0.0477073357987866,0.9345573448430642,0.2776827316844932,0.1932997578933935,0.2223809739797116,1.601230447287083,0.6144854012762022,2.98943010605261,4.028792524738559,2.7296696279558352
W1055,5,1.4723176466072567,1.2034428143319342,0.0,0.0,0.0,1.0605586299332677,1.0258907466236178,0.0,1.422112568908967,0.7780864164966399,0.0,0.0,0.0969457172105746,1.569836961205139,-0.0730784941956775,-0.303749555550159,1.2769308547562954,1.087335386474511,0.888236645416747,0.2806161600671192,-0.1000830694497121,-0.5024428669997616,0.6852399902476218,0.5252508753263895,4.208727198170369,2.7918624953615776,2.876612007246959
W1055,6,1.0535463291158405,0.6120227253030419,0.0,0.0,0.0,0.717089203547916,1.1413759820184302,0.0,1.3331039913679656,0.4739157372884927,0.0,0.0,-1.0497918449698254,-0.0330708310560596,0.2480643906229265,0.9712975962046392,1.2152864195439834,-0.6436481789805636,0.7738409628157339,-0.4322021277908945,0.3136012972975729,-0.1507034024169761,0.6070876671294256,0.5004570869272568,2.669269885893315,3.282761478242051,2.631981417942718
W1057,0,0.0,0.0,0.5,0.5,0.0,0.5,0.5,0.0,0.5,0.0,0.5,0.0,35.0,0.0,0.0,0.0,0.0,0.0,0.0,0.0,0.0,0.0,0.0,0.0,0.0,0.0,0.0
W1057,1,0.0,0.0,2.465962824936306,1.0051543433970649,0.0,1.80567219869684,1.638721765828808,0.0,2.4121494153118315,0.0,2.992429852478516,0.0,1.697237761404489,1.1965427614994262,0.8148151789573345,1.0051960026792928,1.7075540218841296,3.534912715736573,0.1700001894349277,2.6086615414228524,1.495117697980362,0.504830177911545,0.3684157970085456,1.0447833669245352,0.8337974868191892,2.9577846222119586,0.6656546756031023
W1057,2,0.0,0.0,2.781481928998192,1.0052867877291431,0.0,1.4717377210016265,3.5148340792548147,0.0,1.9914421151587691,0.0,1.9259779085953663,0.0,0.2084122470309428,0.5994886693018134,0.7610771167651573,0.7666052199990329,2.363354422375077,2.3177049903587967,-0.2616097739467458,1.8714397424606284,0.6727511634123616,0.6294956779086949,0.4480589287579892,1.071130808494192,1.8878041920285995,3.9745008865458074,2.279451943826578
W1057,3,0.0,0.0,2.098847393361173,1.3144077451548708,0.0,1.696852699243713,1.15708306796669,0.0,2.1422197116129125,0.0,1.2804469717794242,0.0,0.7029928700368702,0.4364273558221232,-0.2817780540049713,0.3872778927353223,1.360066777593847,1.2843662070423405,-0.2965122729753254,0.6439466893817618,0.7055347148942421,-0.220883841016451,-0.0315164588217973,0.6036549580586912,2.214681270803585,2.038906626884033,1.6470505188038362
W1057,4,0.0,0.0,2.363361214307892,0.9078655409289348,0.0,0.6968022118194263,0.3634984694863661,0.0,1.5891832107511898,0.0,1.3438996258406797,0.0,-0.3298959004848195,1.0953430192154174,0.7425404123929181,-0.5452894707605468,0.6096886637940618,0.2813365682328378,0.5851762493406468,0.2834843153982149,0.9867872723227796,0.6030003468227612,-0.1521993263419693,0.2862667964702593,2.593676902282461,3.995433711602685,2.710098975426511
W1057,5,0.0,0.0,1.3426924354794494,0.7536414923720842,0.0,1.3902784145034013,1.2918634560800093,0.0,1.806499071318453,0.0,0.927590488060264,0.0,-0.0605855791466929,-0.3581351327628854,0.6126525597949016,0.4074229803932679,0.5358149357667721,-0.0270766845142875,-0.8814788115508019,0.952993343798367,0.4430664817348922,0.5385552961569748,0.6188724153053458,-0.1300536904352226,4.146539796690705,3.5590388277274374,1.7174894645843812
W1057,6,0.0,0.0,1.5385298262841347,0.4149786171872154,0.0,1.339417186652524,0.71337573631747,0.0,1.3905611153399646,0.0,1.3291956898643509,0.0,-0.0967024236697573,0.3570613365585217,-0.2989724838302633,-0.4924004108582095,0.1372776643945832,-0.0484660909377484,0.2758441468864683,0.6060938068977535,-0.4097640930412691,0.0725570855878745,0.6224338946878483,0.6337521245608592,2.535580506703806,3.079310333292007,3.000809930061946
W1091,0,0.0,0.0,1.5,0.0,0.0,0.0,0.0,1.5,0.0,0.0,0.0,0.0,35.0,0.0,0.0,0.0,0.0,0.0,0.0,0.0,0.0,0.0,0.0,0.0,0.0,0.0,0.0
W1091,1,0.0,0.0,5.678440489426014,0.0,0.0,0.0,0.0,3.364043406103543,0.0,0.0,0.0,0.0,3.1100451710671404,0.5458765322896891,0.0653119402460976,0.0282458606583673,2.7211074584937363,2.5507415772978046,0.0201830301472009,5.965723191758583,1.12330271276885,0.7126991471493391,0.45521167110417,0.6182177845719659,1.9237971537959488,0.5836815114357525,0.9616338591866812
W1091,2,0.0,0.0,9.46383890083421,0.0,0.0,0.0,0.0,3.2258443377034167,0.0,0.0,0.0,0.0,0.7413561818648731,-0.5475135224432504,-0.3092375056770847,0.8082338603276346,1.4163747225334449,0.9078450229288748,-0.9341653701765874,3.676062130357157,2.6764374218958844,1.0670196517946733,0.5459376248124075,0.0816763982725689,4.114877129332166,3.5865839181671326,1.6666042140291626
W1091,3,0.0,0.0,8.777819393435394,0.0,0.0,0.0,0.0,3.1179802809202526,0.0,0.0,0.0,0.0,0.1488707961850876,0.0105421857939089,-0.2119356647941484,0.3856886531177894,0.679327447637558,0.7046276501466768,-1.0467612918339575,1.8106903932092115,3.191962406245368,0.324751835366856,-0.1288083396908023,-0.0189750117892735,2.5698234517362715,3.447249672283295,1.8384340666217556
W1091,4,0.0,0.0,6.413836635924594,0.0,0.0,0.0,0.0,3.8235043733754703,0.0,0.0,0.0,0.0,0.0946017964795365,0.2232946622185042,1.31370146823888,-0.2985302843563382,0.1614210945820876,-0.1669065475755483,0.3060886079397844,0.6287512677862536,2.458149130352357,0.2249387472805043,0.5091464329043653,0.5274367360661258,2.956641435298571,3.592214831842144,2.2349198334155687
W1091,5,0.0,0.0,3.206675384967735,0.0,0.0,0.0,0.0,2.4585726693835306,0.0,0.0,0.0,0.0,-0.1829189493378554,0.1740610666075375,0.3071389978776636,-0.3029280574575069,0.9651702444368728,0.183617571823314,0.0790674056326785,0.2656838282718223,2.6142263414504314,-0.2099836400599321,0.6432962335396724,0.5351921686830713,3.8415697410617686,4.018778262228826,3.175875596051936
W1091,6,0.0,0.0,2.45868748505264,0.0,0.0,0.0,0.0,2.630715468268807,0.0,0.0,0.0,0.0,-0.4116204249141731,-1.0154003939801963,-0.4407367501216391,-0.1714708917640877,0.4519862773095162,0.5905381907961913,0.5087324128743151,0.8730771219525335,2.465863540710794,0.1710011117068662,-0.3416023694067122,0.964018804447891,4.156905563065338,3.6756923063207423,2.5181010736751244
W1175,0,0.4285714285714285,0.4285714285714285,0.0,0.4285714285714285,0.4285714285714285,0.4285714285714285,0.0,0.4285714285714285,0.0,0.0,0.4285714285714285,0.0,35.0,0.0,0.0,0.0,0.0,0.0,0.0,0.0,0.0,0.0,0.0,0.0,0.0,0.0,0.0
W1175,1,0.917255682367319,1.8553095743863184,0.0,1.8011510729580529,5.253186548126058,3.1490144483443685,0.0,1.3256141706470688,0.0,0.0,2.086266739634952,0.0,1.3758011186211516,2.0165775760926694,1.3509271114606307,4.466524565462972,3.722883578606207,2.075115967480412,2.257255216241584,1.0301675145184592,0.5887631185775899,-0.8070675667560657,0.9490420267470188,0.9458027232377332,4.373024152371664,1.3654091341611476,0.7018099179915388
W1175,2,1.194484307257636,1.3979183800302422,0.0,1.0341684852175472,3.414090870767396,2.3973167480919333,0.0,0.8175132159874902,0.0,0.0,2.4542114082015334,0.0,0.7974255988076091,1.033220282359558,1.0130120211065332,2.38066412968111,2.822830464230478,1.6135459583295044,2.1016383067904254,0.1763610484184921,0.7546387802304437,-0.0199977297851403,0.0898792225882998,0.2094941148033109,3.616980003222656,2.1053853066319057,1.366597276698846
W1175,3,1.6952818460400296,1.85023908595944,0.0,1.5681817089401529,2.467676137606781,1.264924058682495,0.0,1.0244377440126566,0.0,0.0,2.497584146512731,0.0,-0.7584073725911535,1.272111784727635,0.2367293424809302,1.3880832834760457,1.2606469603859858,0.8327222238877596,1.2258044811535955,-0.3256490971958096,0.0868771694453643,-0.2895870273706606,0.4231614086118173,0.7598310472272305,3.296335573748195,4.058141178495125,1.565969766501174
W1175,4,1.370948477048047,2.1195212638883003,0.0,0.9380775561934758,2.473792748218252,1.0234809916982472,0.0,0.8040372632472387,0.0,0.0,2.9759539968528457,0.0,0.5512884909017229,0.3865339220167912,0.3921022983671786,1.0765198018805782,2.363790393559907,1.1431345295965327,0.80217501195853,0.2428632466570105,-0.1411700016544977,-0.3622506591778242,0.7985105824603186,0.5746843476434906,5.303157673871869,2.933112934965677,2.3199261963801483
W1175,5,1.3947081393073464,1.420361732878451,0.0,0.9277412892893,1.0926065218354186,1.0489572426188782,0.0,0.3911363581926498,0.0,0.0,1.5085593680314946,0.0,-0.093948831425168,0.8531360245037823,0.3816782534780887,0.0703599283994094,0.8472324939033146,0.2923152412171783,0.3834269013599474,0.6874583463199998,-0.1139987977600332,-0.7965266885878348,1.0871327606970398,0.022846749660379,3.749833409358197,3.1440156330351474,0.0854203919899547
W1175,6,1.1551489678896434,0.9762564770726748,0.0,0.5230196996746057,0.4728855653804955,0.635064682701687,0.0,0.320583372048336,0.0,0.0,1.626519954408882,0.0,0.2704399119888321,0.255696863546164,-0.1980643355680608,1.041347392636554,0.7503644336958352,0.5104991215149811,1.1290580536681365,-0.5688579893338861,0.99119987266122,0.1885649796933722,0.3779901813775016,-0.1116508778712171,4.333682918239726,2.3457918603327177,1.8214183170796805
W1330,0,0.0,0.0,0.6,0.0,0.6,0.0,0.0,0.6,0.6,0.6,0.0,0.0,35.0,0.0,0.0,0.0,0.0,0.0,0.0,0.0,0.0,0.0,0.0,0.0,0.0,0.0,0.0
W1330,1,0.0,0.0,1.6882242006508736,0.0,4.494936894450285,0.0,0.0,1.7757451072812178,1.663554857573325,2.198237346383885,0.0,0.0,1.0033094615655325,2.1712262373757847,2.935774804777062,1.1275526994695508,2.0095383000247544,1.121180674393877,1.5228056390570202,1.381332900250575,0.1644544488718046,0.0434302618182835,0.0454700893599333,0.1978157065774826,2.155614219234507,2.417768628423424,0.3120238203645455
W1330,2,0.0,0.0,3.5409184229457584,0.0,2.3031888694603717,0.0,0.0,1.6354755154713356,3.9455186351290026,2.2025162650076786,0.0,0.0,-0.4798494348228649,1.4409534063829923,0.7858702688590047,0.6309895030888474,2.816153800121062,0.5823224779422985,0.559437160262827,0.9935476786723846,0.4096730909191119,-0.7185228065595077,0.9422563401046136,0.1729529850244386,2.416774230109189,2.2689150770712687,1.3280043815106517
W1330,3,0.0,0.0,3.962069880697253,0.0,2.1062798007008494,0.0,0.0,1.2970063230981896,2.7751272188642533,2.244339473861908,0.0,0.0,1.5093436037246286,0.2236333072249382,0.9926846726207834,-0.380542026060491,0.6851189256156731,0.7193279683692249,0.0414998909099483,0.2029388858505559,0.6148375967325804,-0.5452468948365043,-0.2215533577847009,-0.0225832893505764,5.331642829299693,2.4657607478514434,1.4880912122932617
W1330,4,0.0,0.0,3.216955164037367,0.0,2.068729769442585,0.0,0.0,0.9489078824580288,2.172412113275056,1.530677306798775,0.0,0.0,-0.4998368395859441,0.2724915763566049,0.0367630671299556,-0.3887735161744091,0.8752294680449237,-0.0373988698294893,-0.3304844107228603,-0.0389688728553904,0.560562785746782,0.3621199340476059,0.8468478505859143,0.0340575696620386,4.206621160117321,4.9076708027371225,3.205608800341601
W1330,5,0.0,0.0,2.4589012044025247,0.0,1.7749294777307831,0.0,0.0,0.9155862536461248,1.5323684887693736,0.7842045371804672,0.0,0.0,-0.6775166533351896,-0.0255438098569956,-0.2415074278962153,-0.2058583693000797,0.3860345942481656,0.0795705118084118,-0.6849180072844652,-0.0741081136817187,-0.4759650005200989,-0.1842696474691371,0.1895057530510203,-0.5666925891669432,3.272677832348778,3.127381947124181,1.8804820504889328
W1330,6,0.0,0.0,1.6032593821289929,0.0,1.2594303172787216,0.0,0.0,0.4151914489188412,1.4302984203645948,0.8434308502076721,0.0,0.0,0.0939343983530244,0.818070329800962,-0.7494794814829486,0.1181645039715179,0.2188469195922827,0.9482208236136956,-0.483942441927267,1.2836778230713255,-0.8332375425245732,0.151249785375663,0.7020859365451684,0.2713969740485319,4.9598434921769545,5.200584585770555,1.3618153420637806
W1367,0,0.4285714285714285,0.0,0.4285714285714285,0.0,0.4285714285714285,0.4285714285714285,0.0,0.0,0.4285714285714285,0.4285714285714285,0.4285714285714285,0.0,35.0,0.0,0.0,0.0,0.0,0.0,0.0,0.0,0.0,0.0,0.0,0.0,0.0,0.0,0.0
W1367,1,1.4491638361479997,0.0,2.103549777473937,0.0,3.961119272609237,2.6554223490325413,0.0,0.0,2.4012832641216706,2.156403554947846,1.490995920646108,0.0,0.6709736780801089,2.389253132722127,3.7529377310346974,1.8505225215985812,0.9451738436376091,2.213684495456286,0.5565576238573982,1.6918977461367282,0.4371085732721342,-0.0729168452332006,0.2609037295227412,0.6748444881460602,1.9793738835784016,1.2487994357268135,2.2714477855450133
W1367,2,1.2314893065362786,0.0,3.4832879827364374,0.0,3.526617985559657,2.376218632992532,0.0,0.0,1.8561830166430495,1.7202282504131807,1.7981979720457728,0.0,0.1615254304237063,2.0895707257654155,1.6975285504101545,1.05785285675686,2.147153925995173,0.7893522126582914,0.1759675104681155,1.0176332342259111,0.4662140041199549,0.4713043840945716,0.497689344975773,0.4535135613629104,1.9561599721931489,3.5581421666002613,1.7557860031580126
W1367,3,1.511443813170353,0.0,3.052410063321769,0.0,3.077889861352831,1.213839098905932,0.0,0.0,0.9007774892316728,1.6696542935127052,1.5319772648363454,0.0,-0.0562836905847332,0.2612106721507378,1.142971584805898,0.6087638570218186,0.8933064760173538,0.2641134350019115,0.581492509843159,0.1052106051028826,0.6895659394526054,0.2383113879883602,-0.3735732611078988,0.1817794122840016,3.9023174967791023,4.344924418569848,2.201418211545029
W1367,4,0.3563573748247393,0.0,1.381820695059338,0.0,2.1496615218539774,1.5553993346191333,0.0,0.0,1.1929689091334623,1.1616314459797497,1.1559054594056146,0.0,-0.6130194511172862,-0.0361228723128802,-0.5103094963465508,0.107193194723906,0.026546283924556,0.3613299822572625,0.5136556193779388,-0.1180460887989476,-0.0434052514490142,0.7731825644601873,-0.1065599462537831,0.0342518062298529,3.185365490672289,4.487034052291016,1.4555686063683877
W1367,5,1.1266958964495088,0.0,2.321643714757736,0.0,1.268839995004292,1.0529241331801962,0.0,0.0,1.2855016410369977,0.900413290261872,0.886935236617767,0.0,-0.7410608725344788,0.6709065517851226,0.0548716461976203,-0.1767126252823592,0.0859444182225696,-0.3479717432270075,0.0641418503880712,0.0212852799401776,0.0051153874733566,-0.0541728026735975,0.2865870119191941,-0.5099845775165526,2.081065084412416,1.611209320670859,2.6891614930093386
W1367,6,1.0749981052967963,0.0,1.323075933771774,0.0,0.5248006925339674,0.4689121396334063,0.0,0.0,0.6708882448939277,0.5164788824315701,0.9331045705467796,0.0,-0.2748523453799449,0.6146455170582169,-0.4686377349500074,0.068972117435228,0.3958185357992423,-0.4885037716235056,-0.0648925836745446,-0.6686367223795187,-0.3024447595344434,0.3373814845813319,0.6523457614346858,-0.3223571276904309,3.2109404065426634,4.504770367829968,2.6590341897655696
W1394,0,0.3,0.3,0.0,0.3,0.3,0.3,0.3,0.3,0.0,0.3,0.3,0.3,35.0,0.0,0.0,0.0,0.0,0.0,0.0,0.0,0.0,0.0,0.0,0.0,0.0,0.0,0.0
W1394,1,1.234211495404989,0.8523265800536541,0.0,0.8877937095698616,1.9291376336924644,1.3132286280927037,1.479237544734784,0.8854704481683657,0.0,1.5069876315909538,1.1453037572741944,0.4489933225329331,1.4559353615881747,1.1933054410841637,2.6784163369207485,2.9346202494995857,3.074995697669786,2.2231506424626573,2.554363340245499,2.367852928166553,0.3822461799786312,0.3686678091590915,-0.18502780182448,0.7275396799572262,2.440942342128342,0.9817847249762472,1.413183724507279
W1394,2,1.9656407307708577,1.3127367758702864,0.0,0.8976153575709983,2.249372536365536,1.29179303299293,1.3350955192436722,1.006713787743642,0.0,1.406951106091187,1.240377359861363,0.7100974824561637,0.7074020176214344,0.8637762098959839,0.8896088818999466,2.134036064405115,2.328386952847969,1.044288963559998,1.7275113587181767,1.841722738605346,-0.005077904574196,0.4040323025788356,-0.0113511406014595,0.1103842451215669,3.180327293325932,1.489583215622952,1.0177613888905246
W1394,3,1.1079164716692649,1.5215846444957468,0.0,0.6521879137012594,1.1313506750158733,1.3078681597287822,1.6771944819440914,0.5608008737627987,0.0,0.9405419128381528,2.09254187647103,0.5013748376951143,0.5266963379597541,2.094137561179475,0.673402268179754,1.2366692921715772,1.0421145507830578,0.422368526945196,0.6773221003200254,0.111972465194655,0.3574845551655431,-0.4191905211631911,-0.4827448285996236,0.2351822224200701,2.9055163016585435,1.5296049814427464,1.2123252211315374
W1394,4,1.1772258316472324,0.7580035651046046,0.0,0.4522610336984843,1.3949492530160852,0.2346426954618993,0.6905910034747715,0.9218894702534652,0.0,0.8022834831363134,1.160781972887802,0.4992432629543769,-0.2056036950926373,1.3432004123236512,0.5555060626376087,2.153333991050113,1.4584083405678667,0.3993085905623713,1.0880060677387628,0.365547334220796,0.4537924665005709,-0.6718036749586445,-0.9004780193260139,-0.0104242680176357,4.308769283641938,1.5161078387447875,2.24598355815122
W1394,5,0.752932555975619,1.3775898330762972,0.0,0.6175560483316924,1.014577990573995,0.5084111064890869,0.2701529907847486,0.751240352473588,0.0,0.4161989232079041,0.6190517743315876,0.4909790036448011,-0.3801718444172597,1.0432781532646611,0.2153027847388592,1.0128424180487348,1.2794455669203282,0.1601628552493042,0.3883216839421116,-0.0969926728896197,-0.5791416852585585,0.0538960126945163,-0.0823500589476149,-0.212455147724694,2.858996811272585,2.583740122530608,2.83493336378251
W1394,6,1.0355413436669034,0.9178110166553124,0.0,0.4300845524600024,0.7828471588158434,0.3883475234041664,0.5731960083879135,0.0808013916922236,0.0,0.3171125504009446,1.0527061415375554,0.2241900207289839,0.1255880213853549,1.188031274284142,-0.9272175197593382,0.3024995493986455,0.8069471254496234,0.5943943662221252,0.8278967324220664,0.081606870010906,-0.3730527759702311,-0.0491419130388317,0.3744549993073525,-0.4467495166914726,3.1936207106615937,2.1062629667963555,3.045870208158069
W1463,0,0.0,0.375,0.375,0.0,0.0,0.375,0.375,0.375,0.375,0.375,0.375,0.0,35.0,0.0,0.0,0.0,0.0,0.0,0.0,0.0,0.0,0.0,0.0,0.0,0.0,0.0,0.0
W1463,1,0.0,1.3992868094443305,1.5356834190935689,0.0,0.0,1.3819853121269643,2.451071926522264,1.0556146649289584,1.862137637275368,1.5473543302816155,0.8603885848313432,0.0,0.6729543433620193,1.2480838797808858,2.480452727161534,1.0359354795261049,4.112904196496853,1.6320860425322623,0.9933026117612824,3.4184469967191307,0.6759177179767416,0.9829705396178424,0.006736968230278,0.6499262463412521,0.8839687271298854,3.330927739259648,1.1038166377122516
W1463,2,0.0,1.3751708927143054,2.0842895552614475,0.0,0.0,1.415785932516059,1.0409063619534304,1.382054288716266,1.4384686195726328,1.929287290251054,0.9129848689280212,0.0,0.0538017811422346,0.458161380776831,0.4837524620450097,0.3392464483663403,2.422773164817124,0.7095664264053745,1.150172979453257,1.139864868292353,0.5522961414109187,0.0954513905060032,0.847839502600074,0.8991027720148115,2.23714156418503,1.3274382631302242,1.8854941041725768
W1463,3,0.0,1.447737363655721,2.3738642848018605,0.0,0.0,1.8254295835145955,1.6977004728439082,1.0326221667812427,1.411060553606104,1.6582376185668115,1.5393025213030431,0.0,-0.7815018300768696,0.3731118982199142,0.1066427406040235,0.2552090846365567,0.8655537630666155,0.5738386853411904,-0.0720277350031628,0.1328306324571624,0.0687413747288338,0.136408358691965,0.939427622489533,0.0412143563012044,2.6908652030230606,2.4025256342473007,2.0889950147273804
W1463,4,0.0,0.8911283449712419,1.659484465593485,0.0,0.0,1.4515149224697987,1.8527953961735295,0.611667080575893,1.5823155854529332,1.1684068857559544,1.1870840092101596,0.0,0.1642489623603408,-0.5002805296953236,0.3321752900176786,-0.3184882936774135,1.5299200661628505,0.1214961729590357,0.256932000423102,-0.0820274523205477,0.114460235863705,0.4607308174048589,0.0172491151969174,0.4267927237317261,2.663425009138085,3.766269431035639,2.400281262094484
W1463,5,0.0,1.547905831067158,1.128405798237678,0.0,0.0,1.240468589666125,1.0238735318151828,0.6286813176054805,0.8896971362325627,0.3999147601646531,1.3469316814699153,0.0,0.3343124610551107,0.2850245420539587,-0.6992339398009841,-0.3537162432657498,0.958701742452174,0.3674734960960984,-0.2081307372685281,-0.0551111180015626,0.2310872361038627,0.5085559321163374,0.7902429855911348,0.4142189754700284,3.225007770588611,2.403557836469417,2.9903438667522826
W1463,6,0.0,0.7132161308140327,1.3324909348560237,0.0,0.0,0.8838586916378002,0.5957838928980128,0.3966811156138844,0.9564851397076892,0.7655470923533191,0.940927360876662,0.0,-0.0372001587566902,-0.1147688978302634,-0.140540717532248,0.8208105458720776,0.7984906031827701,-0.2685625668244995,0.5137014285206227,0.1505288012783028,0.3811834000021058,0.1274287949035099,0.0289268729676042,1.3329381056506246,2.63805998488751,2.948292932148009,2.546969823905504
W1471,0,0.0,0.0,0.0,0.0,0.0,0.5,0.5,0.0,0.5,0.5,0.5,0.5,35.0,0.0,0.0,0.0,0.0,0.0,0.0,0.0,0.0,0.0,0.0,0.0,0.0,0.0,0.0
W1471,1,0.0,0.0,0.0,0.0,0.0,2.2889568019161284,2.8879322910465,0.0,1.2041660869899005,2.842008108767872,2.288630665150294,0.8317378155834666,0.1116643213583191,1.3529753690779618,4.810965294059946,1.2351993476219945,2.174893315889803,2.8768893352362697,2.092573268280277,3.4665180341140083,0.3199212478254748,-0.056917205793397,-0.3398447442250665,1.6882928257876353,1.431317938943059,2.6060478290971782,0.3900257622957039
W1471,2,0.0,0.0,0.0,0.0,0.0,1.343275549187546,1.436846878738959,0.0,3.1181375942970733,2.7428458378107723,3.112421639893082,0.8351508401222796,-0.3540925434353075,1.4494546000826225,2.341495643113509,1.2433690369111945,1.980817769479578,1.5018251387712909,1.4934131772189585,0.1128585404657283,0.8744258131662082,0.7413063831384353,0.0072538746460065,-0.1201531491389668,1.092659446010622,2.853188183056856,0.6464700820759098
W1471,3,0.0,0.0,0.0,0.0,0.0,1.571447646727388,2.593918219475234,0.0,2.92610923136856,1.2241490178017065,2.80658416877811,0.9223725279872512,0.3807445185820989,0.8521435913085149,1.4907758366463126,0.1267254785634827,1.8827286052867465,0.2647170509783715,0.6639230922338568,0.622377633855574,0.3510610447290083,0.2427746699767263,-0.4033621130530754,0.3471561998185647,2.8938495504156467,2.371633571388338,1.2009549037977203
W1471,4,0.0,0.0,0.0,0.0,0.0,1.2492082497917112,0.9427466425414832,0.0,2.698343382306533,1.716920913400148,2.4623951428872632,0.8215470152557968,-0.244364100421246,1.5732823497899495,0.7773492016881534,0.6616050291317573,1.7223689698649929,1.363402335850873,0.2416686621131537,0.194841762313121,-0.532310018722466,-0.5700897505889628,0.8088188227955273,0.1666724607584976,3.187311146045212,3.181894407026307,2.055719404668585
W1471,5,0.0,0.0,0.0,0.0,0.0,0.9240374434356632,1.7556473639165286,0.0,1.9759826040724504,0.8589772167772296,1.3165975146555358,0.3513151065776981,0.1985122373079323,1.300701996936996,0.8294363239297325,0.7716754427194191,1.9568238611114608,0.73667586973245,0.6068993590115215,0.332178240581676,-0.0489525975342753,0.9242950827901556,0.0478161182100445,0.8806711958447081,2.367248924312294,3.356717446693008,2.187190803699645
W1471,6,0.0,0.0,0.0,0.0,0.0,1.0698812356967202,0.8992551231494181,0.0,1.846377741297428,0.8266851423842394,0.8382736904378684,0.5967254589934846,0.3463248096787354,0.453126209748703,0.6480421698898784,0.380558012489555,2.1393150943880186,0.7815765832882304,0.003864857754426,0.1172165504962146,-0.3316858203512863,0.6636511920100865,0.2517520284201295,0.5707582937236577,2.624582857446555,3.790800891723825,1.9264355823363264
W1490,0,0.0,0.0,0.0,0.5,0.5,0.5,0.5,0.0,0.0,0.0,0.5,0.5,35.0,0.0,0.0,0.0,0.0,0.0,0.0,0.0,0.0,0.0,0.0,0.0,0.0,0.0,0.0
W1490,1,0.0,0.0,0.0,1.9199455904137228,3.257733730289781,1.9809839150101016,2.406692205670442,0.0,0.0,0.0,2.1706235175226283,0.4587632210631675,-0.2327700654141414,1.2304554422756555,2.392921053741536,2.911959851896411,1.9257148633312977,4.512841628333239,1.3128708279147128,3.2318722011753267,-0.2765485662458502,0.7058217399155033,0.0063604328625893,0.5137991845649938,3.2523104231219566,1.2360282113558552,0.6030555430506664
W1490,2,0.0,0.0,0.0,1.2654779873266648,2.166091755506448,1.9006342647721528,1.7162025537302712,0.0,0.0,0.0,1.551437422197187,1.0053802134759997,-0.033230780604732,1.533731216995943,2.6619008105337167,1.0450484314963138,1.958099401285335,3.3540603248379908,1.189828286076972,2.858193058388225,-0.1217566686181082,0.2892090175444269,0.1873631180695935,-0.1981049041950738,2.727417679442863,1.139085033676744,1.1791323158810827
W1490,3,0.0,0.0,0.0,1.9800451240747543,1.8431864072945316,1.2725579604485433,1.9606716163052385,0.0,0.0,0.0,3.102430312610504,0.9688971703460018,0.3198066044522463,2.2694764950910216,2.2196572497862954,1.52949384773331,3.1812457298031056,2.011469128058791,0.8126560114796619,1.5555516596120962,0.5768072490413936,0.1946992883945238,-0.3880570510901883,-0.5098188566466498,3.476271632468098,0.7788682639191526,1.5485418969608522
W1490,4,0.0,0.0,0.0,1.3350802240340254,1.5307523064234323,0.7004539964946492,1.773303052428529,0.0,0.0,0.0,2.5324087726211637,1.1211930189915766,0.4013895139384895,2.11970754202414,0.038898274392539,0.5230920834380696,2.6830668862261047,2.4863538640962606,0.2603863947027908,1.1031257478713434,-0.4514018654517204,0.306476976923123,0.6985289943442149,0.0100721056962873,2.466169112827355,1.2503287136591577,2.0566266432919447
W1490,5,0.0,0.0,0.0,0.8800208629223372,1.098703789516758,0.2507985945210567,1.1631883820951767,0.0,0.0,0.0,2.0209580356855503,0.8991759245753325,-0.116417758664018,1.1287024319586254,0.8324535316672765,1.275801805028442,1.665410396037708,2.1420703412359234,0.3623398540778209,0.98219500978299,0.6554673165414697,-0.6846375335806608,-0.2358896984528707,0.0570943663682217,2.637327800365451,2.636018762263441,1.560529837060595
W1490,6,0.0,0.0,0.0,1.1408995842772431,0.955221989228884,0.5109478149968614,0.5062338777521482,0.0,0.0,0.0,1.6818624577434778,0.3374991045116165,0.6481942171008676,1.2918388609925169,0.8054772585796421,0.2127285624817105,2.115079198611133,2.375787368069907,0.4155768056723894,0.263001358963486,-0.1691471641732921,0.2237918752749064,-0.5811775099765758,0.4099271689788954,3.612706434271622,2.457639664087616,2.707573478422378
W1502,0,0.0,0.6,0.0,0.0,0.0,0.6,0.6,0.6,0.6,0.0,0.0,0.0,35.0,0.0,0.0,0.0,0.0,0.0,0.0,0.0,0.0,0.0,0.0,0.0,0.0,0.0,0.0
W1502,1,0.0,2.126017982574988,0.0,0.0,0.0,3.394472271306629,3.2317573653958624,2.424061143950202,3.2126102190738357,0.0,0.0,0.0,0.719260191339735,0.3609019837042418,1.6040666543639557,1.9255440525078156,4.181322067141832,2.121965358837501,0.7007596735677992,2.290025268253842,0.7558231816449671,-0.1060504341009866,-0.1227574148600694,1.6086971797654148,0.8160661761674453,1.6883032884282558,0.3430057607018602
W1502,2,0.0,2.242948624366748,0.0,0.0,0.0,2.429014340272232,4.1990166449252575,0.9606699606926876,3.487740087106306,0.0,0.0,0.0,0.420247516088268,0.9621731075016374,0.3582709027916938,0.7219836749183672,7.812016008605799,1.172864202098539,0.9825445138362846,1.625108622839574,0.8592977510989808,-0.0928965029243279,0.353631190467633,-0.0456055344152303,1.079804352342172,4.114614758707094,1.5116341796306343
W1502,3,0.0,2.292420958352017,0.0,0.0,0.0,1.267310659315128,2.64978815576373,1.064027445061594,2.968949874589144,0.0,0.0,0.0,-0.2354567425605313,0.050062165866571,0.7259081895052913,0.6922939984362134,3.073105870292303,1.2458062528105038,-0.0437106231244571,1.0592412419695365,1.3299516780442726,0.1475918837900016,0.2355785046774465,0.1658159197873375,3.9652730451858926,3.5584953821137084,1.8540219158995144
W1502,4,0.0,1.5807338160181983,0.0,0.0,0.0,2.235996797395692,1.5869826740561876,1.131657077980514,1.940321126738061,0.0,0.0,0.0,1.412752728177997,0.0593636123913251,0.0481574338770477,-0.0351923410045736,5.636912326316478,0.7166878945111586,0.1582943343136066,-0.0666686892963588,-0.3728061694459885,1.155256529463291,0.0860197475757549,-0.5849946425955466,4.823685232710526,2.791966529940103,1.8697455147810425
W1502,5,0.0,1.471498283438903,0.0,0.0,0.0,0.6497265178850873,1.843756751572429,0.7715577347801725,1.5701454024554573,0.0,0.0,0.0,-0.715225209409017,0.1568992171334786,-0.081404207309753,1.0379276776510231,3.198391790864543,0.544859807416503,0.7456718386903796,0.4229550341316215,0.4808724287398102,-0.4021910193475755,0.2527556051567897,0.4228553879856038,3.747791486942526,3.637651051225384,3.010843151830972
W1502,6,0.0,0.9293502721612816,0.0,0.0,0.0,1.0002281895020384,0.5818435610353151,0.5392642551460192,2.0715479975626163,0.0,0.0,0.0,-0.0866702326587036,0.7293980404696634,0.2281698389655117,0.0203429162181172,2.9322016427679043,-0.2335771943755055,0.4151545470223001,-0.1933423804416987,-0.0253013906410199,0.506033632351879,0.663152813439423,0.4719425926618923,3.2577887071657936,3.362470740783342,2.809083664065801
W1519,0,0.0,0.0,0.0,0.4285714285714285,0.0,0.4285714285714285,0.4285714285714285,0.4285714285714285,0.4285714285714285,0.0,0.4285714285714285,0.4285714285714285,35.0,0.0,0.0,0.0,0.0,0.0,0.0,0.0,0.0,0.0,0.0,0.0,0.0,0.0,0.0
W1519,1,0.0,0.0,0.0,1.8258739497289933,0.0,3.2456746483180274,1.8614078481905096,1.3290192842347008,1.8255824055435856,0.0,2.013367873309168,0.9089539586890112,0.6795302987438351,1.484174533136168,0.8558092058986366,2.594817800806198,2.840686428489569,3.982953170046807,1.2859904118668124,3.575779157476956,0.90180479538814,-0.2792662156337802,-0.1636848045956535,0.8021610683446585,-0.050381877867984,1.386584122131062,1.8977250100093697
W1519,2,0.0,0.0,0.0,1.2715239365379296,0.0,2.066194512947491,3.1849213720776044,0.5963550653041465,2.889627127768833,0.0,1.933302904566769,1.251433229447546,-0.2117327719326952,1.148328133779631,1.26066648607167,1.8548953144885512,2.7192504576671124,3.0645676307992127,0.1407052695008719,2.107629538534165,0.1419124247827995,0.1509240871811991,-0.2464397539949555,0.6343930918992877,1.365772794499632,2.550261313553728,1.6470517866532772
W1519,3,0.0,0.0,0.0,0.9713848028239316,0.0,1.7606253285088185,1.608575294892685,0.9708672513720498,2.269185849715255,0.0,0.9489455724244172,0.9764324810202084,-0.2201334120702292,1.2263711844065144,1.0044348196584163,0.2705471291782144,1.743193018489431,1.9247633551106045,0.7603699288112933,1.1086592132248558,0.6887484453893551,0.0970173933459467,0.6171071792580476,0.6532827055591091,3.329620453971228,3.3450481907735363,2.98412303428381
W1519,4,0.0,0.0,0.0,0.9227535543083564,0.0,0.8018174609553654,0.9935382819124569,1.2771060230803428,2.789164927587711,0.0,1.192410188879172,0.9660389712057682,-0.9285262084431192,0.8316736641680234,0.5944777930735003,0.4282418034370543,1.1454394730915136,1.5651788939291558,-0.3737570746597676,0.5495467335030808,0.1628035387541493,-0.4887048811791686,0.0712424601746575,0.4427789398778462,2.217726503676663,3.27639637868573,0.7972968174546424
W1519,5,0.0,0.0,0.0,0.5874452663090141,0.0,0.539067374394002,1.0869306342291865,0.8769884970172166,2.0908658368472697,0.0,2.386700740802267,0.450429975492745,0.1133142611699164,1.3556508289966605,0.0921245937400904,0.242909681269201,2.175249388620866,0.3927549327664347,0.3412927747181976,0.888336622877318,0.4166609074545155,0.2219788160514499,0.543280841213622,-0.5477613875353149,2.4981982148216497,3.26923159264401,3.2306583348010363
W1519,6,0.0,0.0,0.0,0.7622175288703613,0.0,0.8104629837947915,1.002894301822576,0.5585410640114832,1.758755739956054,0.0,0.6412870001661557,0.3858078424972413,0.1925769779328714,0.9068939053490864,0.0852736289268705,-0.0370875530280253,1.6777716468029162,0.8361318645247018,0.4459816773420847,0.2738501362381834,0.1049570562419323,0.2168248943176678,0.3693494812846477,-0.8598757432362817,2.7474456569548966,2.039806454231796,2.702276434518822
W1593,0,0.3333333333333333,0.0,0.0,0.3333333333333333,0.3333333333333333,0.3333333333333333,0.3333333333333333,0.3333333333333333,0.3333333333333333,0.3333333333333333,0.0,0.3333333333333333,35.0,0.0,0.0,0.0,0.0,0.0,0.0,0.0,0.0,0.0,0.0,0.0,0.0,0.0,0.0
W1593,1,1.3451228509571864,0.0,0.0,1.182595411070459,1.8428269961148176,2.1144220039470105,1.3617937087337904,0.6775200069566204,1.6520169043001065,1.344157720807846,0.0,0.6266834979254693,1.403049829691449,2.2244505523865703,2.881363088638781,1.7067856005534845,2.765861094812554,2.304760663851015,0.652935488156637,2.436338168981182,-0.5259415032825293,0.4199774831073326,0.4740167754404832,0.8221000394986901,1.3463192745990995,2.4265534865105503,1.4186797928695574
W1593,2,1.3078303405059395,0.0,0.0,0.7187968831261808,1.9453273990933129,0.9890796115355394,1.5648391368651502,1.4289772372438223,2.191262778350512,1.4023668191080951,0.0,0.6320159997810096,0.9956101234254556,1.8517587164520015,0.1148228515334774,1.3277895120791603,2.6553440904629126,1.1597007203717835,1.227235734749181,1.7592451273462468,0.0110604959200276,0.1334210723220578,0.3438901912503209,0.2445405054693264,2.3681546881187123,1.8407886507974047,2.6309551929436346
W1593,3,1.769100419124806,0.0,0.0,0.7141501330750806,1.750934261998185,0.8064785152723803,1.4140546356535346,0.6626544150610834,1.962610978255612,0.7143421560964189,0.0,0.552384249262165,-0.2392869983624667,1.1830228651599697,0.9175198845132068,1.4614021319300876,3.0809094456841004,0.0617950194484859,0.3267250849912894,0.0098693383320354,-0.366905742455191,0.4836389471802441,-0.1067040363141984,-0.1199308418375129,4.138614693014474,3.31444067243197,1.532127747115018
W1593,4,1.8347192983883545,0.0,0.0,0.7910184189493259,1.5759165903866268,1.0896876378467737,0.8503019529747111,0.7390245774682702,1.608381720566473,1.071489142080009,0.0,0.286467415706438,-0.079346158155535,1.3687859389378472,-0.1943353306160803,1.205499141383267,1.5140321094045766,0.2956147836753485,0.184125875970765,0.4472003498884164,-0.0063893433370861,0.8291008197358818,0.280965151192998,-0.3279033215300806,3.840798617042634,3.76362306662301,2.402885633312183
W1593,5,1.7409026249783448,0.0,0.0,0.5260449084203389,1.0753153406546003,0.2516474108917918,0.7917587310108762,0.4652160302050848,1.1730711209005666,0.3357536578421286,0.0,0.6253506954228225,0.065655368345602,0.7249382565520686,-0.0110474848805266,0.7167016275380145,2.3091192500673445,0.954139390216828,0.6725487345474537,0.4066980728715688,0.1549906899060862,0.6505054578624148,0.3638495187140597,-0.2748297334647337,3.423616338547055,3.780246628965124,2.7059334467967457
W1593,6,1.1408822639331426,0.0,0.0,0.4205297567948645,0.7495605423972956,0.5425636337700727,0.4162003274223697,0.6284976984181094,1.3358944685727931,0.5849749007711478,0.0,0.3850621406103403,-0.7464305064179422,0.2419765579310969,-0.5433729048865398,1.0539459480461089,1.7767862954945186,-0.2190216244620714,0.9500742445122116,-0.0221606010064695,0.0610557249731418,-0.3375200238689801,-0.2168779770747806,0.1323466486393565,5.914671144245325,3.63551879486892,2.897341202043672
W1728,0,0.0,0.4285714285714285,0.0,0.0,0.4285714285714285,0.4285714285714285,0.4285714285714285,0.4285714285714285,0.4285714285714285,0.4285714285714285,0.0,0.0,35.0,0.0,0.0,0.0,0.0,0.0,0.0,0.0,0.0,0.0,0.0,0.0,0.0,0.0,0.0
W1728,1,0.0,1.8558459355454116,0.0,0.0,2.7831432326195458,1.1964617488658578,3.072064504304301,1.2107980900310575,1.1220257361061288,1.6933470003739368,0.0,0.0,0.9208435813203018,2.764011345867728,3.317327131249172,2.640423591869547,3.757192385374702,1.7340352173921223,1.3518059124181503,3.210151939042944,-0.432660662419326,0.2222672575819459,0.6085785321177142,-0.2046119999451184,2.310961618062301,2.186019296920745,0.2941632438137028
W1728,2,0.0,1.804988134175652,0.0,0.0,2.208084742776589,1.4839428477188727,3.0564291758180984,1.1062728623985814,2.2469276679119794,2.5890157048169096,0.0,0.0,0.1714943945615926,1.4570773157312211,0.3961692153942748,2.3084011639908684,3.746088756588356,0.9894734244625256,1.1720773774042557,1.3500950747618965,0.3483020890246032,0.1615140952610156,0.6861245969951899,-0.1796181293107857,3.016181952546262,1.4768395387201028,2.3067071399920174
W1728,3,0.0,2.3664695822920927,0.0,0.0,2.2261098350767194,0.9580163500487614,0.8936315854377098,1.5193187824343468,2.7705677593002656,0.9437766390926366,0.0,0.0,-0.4523121464018298,0.8762554457086273,0.5363054840174418,1.8600947776813264,2.958258294666558,0.7412087003051931,1.5121165716570375,0.2747361841654681,-0.2479883663987594,0.0522226664395087,0.2104687286841822,0.6270253540543618,3.993274194703506,2.350973026399777,2.455830856733696
W1728,4,0.0,1.119861278050975,0.0,0.0,0.2276486988984244,0.9930817036417564,1.6475878415635874,0.8342955680288254,1.3959112131149634,0.9572820450522376,0.0,0.0,0.1647903342632975,1.2227957141256185,0.2228171517552162,0.3135834100091891,3.419213181229747,0.7367365097181775,0.0555828802521241,0.5052279458598778,-0.1277071135503863,-0.1419153079029617,0.8040234129516797,-0.2477506158325148,3.2451687928756936,3.714056712058582,1.4106976446527388
W1728,5,0.0,1.4876993366607136,0.0,0.0,0.8992711410427178,0.9079137892312176,0.5848976973355587,0.774458826721058,0.6215577548904772,0.9436268262315156,0.0,0.0,-0.2908728395143619,0.600781891108342,0.0018317070959376,0.8197771094917232,2.3859005676406877,0.837788979017035,0.196249902884067,0.8732582280609195,-0.1949553564501582,-0.3653903637790187,0.0948992093290962,-0.505429604853313,4.204825862612034,3.817413161818438,1.5228186528633658
W1728,6,0.0,1.3587812749005694,0.0,0.0,0.897517541284987,0.5950675310256389,0.4155006769425614,0.502650296141887,1.4907800342243578,0.7650357227453819,0.0,0.0,0.4897939312186077,0.7383799321845949,0.4655400658248042,-0.1473827794724068,2.371657588885975,0.6328419476477207,0.3160798666157295,0.2031512039792468,-0.1847789859365066,0.6936654638530573,0.8181071522554402,0.5349657780176909,2.006581233138068,1.515080917151373,2.624970946176984
W1758,0,0.0,0.0,0.5,0.0,0.5,0.5,0.5,0.5,0.0,0.5,0.0,0.0,35.0,0.0,0.0,0.0,0.0,0.0,0.0,0.0,0.0,0.0,0.0,0.0,0.0,0.0,0.0
W1758,1,0.0,0.0,3.0701952090608646,0.0,2.407879573473554,1.2647789896212245,1.840787554934228,1.3556983154488054,0.0,3.175637118486066,0.0,0.0,0.8786406000385956,2.052576719670999,3.1296773004906524,1.3795081704161218,3.7670466433055383,2.6150212073738714,1.0003874375518549,4.059083249006828,0.1298386244725907,-0.3676658966073101,0.1720960231189538,0.550702952273722,1.6385115665545489,0.9985283658878494,1.513977935923163
W1758,2,0.0,0.0,4.9026098420214295,0.0,2.364516909963505,1.9614241227634912,2.0887901735762298,1.735685307204211,0.0,1.2880436634610704,0.0,0.0,-0.3451850686100855,0.3901167591870484,1.458143612885412,0.7660806164384067,3.5513464759147797,1.6676134396872022,0.8965704001861409,2.058143867171284,0.8955682603649867,0.1191367948481483,1.1663492469686405,0.6032087803102315,2.15869986650187,1.5337396208557463,0.9687405332671428
W1758,3,0.0,0.0,4.734553139470368,0.0,2.155735140042771,0.9704973727235532,1.43682311026656,1.5685755762886613,0.0,1.542815396531072,0.0,0.0,0.1433058069873518,1.0681695823664423,0.632323859171439,-0.049793926402161,1.4894556526131113,0.0737876100794326,0.2337093283401369,2.0697050205109373,1.101715004092353,0.1931849038195196,-0.378571408703152,-0.2990534873921041,3.047369083708845,0.822046724666168,2.706228457691507
W1758,4,0.0,0.0,2.62053776388145,0.0,0.7603901025757642,0.7545112088392301,0.6803896012427287,1.118896603838149,0.0,1.0152098500167392,0.0,0.0,0.3277093824800859,1.2137713747692325,0.4334638330646522,1.1501696744598977,0.7675139256529266,0.4986264441253552,0.1821030144722447,0.1955528214427837,0.0120473641484187,0.5312952249786531,-0.2149987616376242,0.2444987798753601,2.5866867667437683,1.7979901493715555,2.1773028503733283
W1758,5,0.0,0.0,3.3634284830367864,0.0,1.6532350716242818,1.3878099095305654,0.7117465822731499,1.1729693690381562,0.0,0.9024423828425624,0.0,0.0,-0.5459997721137883,1.6176136995676789,0.0120289702871512,0.6057294063185891,0.4031220986437293,0.9851965282020324,0.6002785322311364,0.7048780704925923,0.5746462096335879,0.8306729753208053,0.2634293727928669,0.228298100195409,4.427293986719511,1.7961681713603368,2.648609334652328
W1758,6,0.0,0.0,3.214785094159764,0.0,1.144624763646456,0.5370145655514248,0.595510748096137,0.5602835610264577,0.0,0.7812122888537621,0.0,0.0,-0.4165091460678159,0.515049034260382,0.7745950980246017,0.0168909473322433,-0.0928302289102755,0.4164316546001647,0.75392818701501,2.038221569037966,0.4522225366407648,-0.7054668238161221,0.81568080803481,-0.2518457740101731,4.441115198482141,2.1863619932278877,3.9723266786481446
W1847,0,0.75,0.0,0.0,0.0,0.0,0.0,0.75,0.0,0.75,0.75,0.0,0.0,35.0,0.0,0.0,0.0,0.0,0.0,0.0,0.0,0.0,0.0,0.0,0.0,0.0,0.0,0.0
W1847,1,3.5476318180180777,0.0,0.0,0.0,0.0,0.0,5.4811768572624215,0.0,2.525315740496075,4.424271648341284,0.0,0.0,0.7241274293330295,2.0334199292600004,1.911664556521355,0.3119673681363237,2.9066232213044647,1.1959004571803415,2.114058325264395,2.3544187671554617,0.3925384697151198,1.1097696115128692,-0.0933503321076574,0.1124989194900396,0.943125000466902,3.0686942644084447,1.8207537871469417
W1847,2,1.9907975979857888,0.0,0.0,0.0,0.0,0.0,3.716381435158463,0.0,2.3546200148977783,3.411553969385327,0.0,0.0,0.687144599912949,0.3500607120614694,0.0775500240641064,0.8505958773160988,1.5659848936236709,0.5411883994783806,0.8935160140083811,1.3839288973277075,0.401708909951525,0.7596798553523533,0.0911947597777269,-0.0269627278156118,2.50624477752865,4.757872604739123,3.3997049120290432
W1847,3,3.335481541552465,0.0,0.0,0.0,0.0,0.0,3.918100540375675,0.0,2.126870254770466,2.617299601611275,0.0,0.0,0.0718634689485441,1.298084132589341,0.5028366382709935,-0.1132302475647238,1.1564246851444415,0.0430999954552743,0.2581213437038059,-0.0053257859012971,-0.338113766297563,-0.3034671107873153,0.266795192960076,-0.0775926702118305,1.1996565050472858,4.302212762104201,2.9512129832130363
W1847,4,2.709970914190206,0.0,0.0,0.0,0.0,0.0,1.9084694511422904,0.0,3.294186138579649,1.3467598108565688,0.0,0.0,0.9784811994418616,1.0497991175857235,-0.2284883955777206,0.099928308837213,1.6065174531522055,-0.2538403381333244,0.4026543924155153,-0.057718381705847,-0.1882646401027209,-0.2466091024682567,-0.1651751628538279,0.9516835651015164,3.0161095781460454,4.1434666988606965,3.6109909089820618
W1847,5,2.155795782355528,0.0,0.0,0.0,0.0,0.0,1.6550541336185696,0.0,1.753851098336958,0.5086209336233976,0.0,0.0,0.3323172333401677,0.622213292063828,-0.0054119895801199,0.4745249690368228,-0.0135766108343003,0.1330345548047681,0.1834270316587829,-0.1953850102973456,0.132793425639323,0.5644583876752725,-0.060242532902153,-0.3847261181330472,1.89891956428463,3.700407398519274,3.517215777485041
W1847,6,1.655766394798062,0.0,0.0,0.0,0.0,0.0,1.1071931850557335,0.0,1.4959997018790252,0.9412608453079424,0.0,0.0,-0.0663706956329117,0.922825586027381,0.5485871254417637,0.2795865709263482,-0.0153444710622087,0.3810753958633582,-0.0786732333810742,0.0665095438261419,-0.1183302219696918,0.4716712966263531,1.095345720702745,-0.0185152963624337,2.3501115097636065,6.448662452476864,2.882625062694822
W1853,0,0.6,0.6,0.0,0.6,0.0,0.0,0.0,0.6,0.6,0.0,0.0,0.0,35.0,0.0,0.0,0.0,0.0,0.0,0.0,0.0,0.0,0.0,0.0,0.0,0.0,0.0,0.0
W1853,1,1.6714440816318024,1.4831490587758127,0.0,4.420077030803506,0.0,0.0,0.0,3.226748964936916,4.525081716085405,0.0,0.0,0.0,4.450941447107435,1.3284751631103746,0.5218551518932182,1.1458020647263076,2.0666525412191983,3.074592126534533,0.9513159785787074,0.7301053802211903,0.4473305260938566,0.016240929182284,-0.1885381888972678,0.0904967236866227,3.223871419638233,4.678799778738672,2.435165968322917
W1853,2,1.6737475129858388,2.8671489461660213,0.0,2.5703531888806705,0.0,0.0,0.0,2.51852905195838,3.5174216088132506,0.0,0.0,0.0,0.2072504172722966,0.6652893355826754,0.9037846624620638,0.6411820826636618,2.643681824635068,0.8614927789317244,1.100082089518645,1.321895383865145,-0.3726268752170538,-0.0751090176515427,-0.0605291531742909,1.114538907649236,4.189641565078011,1.2736911651523246,1.8663952375507715
W1853,3,2.321378165244977,2.1412623274713085,0.0,2.5868945721784944,0.0,0.0,0.0,2.3380088251950166,3.765222769728836,0.0,0.0,0.0,-0.6272501105736639,0.0015032633059375,0.3970954078427215,-0.0625678202657206,1.5779610974512184,-0.5428461795449742,0.4277916233095059,-0.2448050834012308,0.3180879840568869,1.6387941843116534,-0.11182687324291,0.1440492844124344,4.522788229093242,4.507066020432335,2.0733695756544903
W1853,4,1.9172175991524645,1.7360800314330005,0.0,2.32640533627833,0.0,0.0,0.0,1.2318111872403328,2.9982824240782886,0.0,0.0,0.0,0.4895228395494011,-0.1671297271394602,0.1810802893835121,-0.4582336308337048,0.6618237910637121,-0.429442492986556,0.4354891252790531,0.6089196831353809,0.5362030939375009,0.2220183220005636,0.9874435234504244,0.4522266190391519,3.1023228828387523,4.872989809749507,3.08866273401098
W1853,5,1.087198454326416,0.8286745370463149,0.0,0.7686293043528201,0.0,0.0,0.0,1.1147719678910022,1.9584952182426691,0.0,0.0,0.0,-0.200193404529743,0.5370169002612236,0.1065414725773693,0.8501645629062187,0.8061367133730926,0.4346374410879784,0.0376361182285878,0.0301275561137437,-0.4852544131549405,0.5686380254155992,-0.2713317279425504,0.7484219596649155,4.777687032812709,4.3055743259573305,1.4360899783650956
W1853,6,1.2322804409217964,1.4827254239033936,0.0,0.6432806863876291,0.0,0.0,0.0,0.6313449001709072,1.756185099815399,0.0,0.0,0.0,-0.3114330264991139,0.1988281980915066,0.0475554499872416,0.4853829723398895,0.4938165195930556,0.1825430896447561,0.3245761066672145,-0.2260089521680082,0.6334937343388334,0.8267043155382863,0.4165291103253997,0.2427417947907358,4.436197293875459,3.030766426988956,2.418929231856299
W1864,0,0.0,0.0,0.6,0.6,0.0,0.0,0.0,0.6,0.0,0.6,0.0,0.6,35.0,0.0,0.0,0.0,0.0,0.0,0.0,0.0,0.0,0.0,0.0,0.0,0.0,0.0,0.0
W1864,1,0.0,0.0,2.912857438257612,2.5275654040205997,0.0,0.0,0.0,3.1719354856081257,0.0,3.3105657463164677,0.0,1.020578728963042,2.0713273174282287,0.2210085994492746,6.427855239225769,0.3642313690155803,2.4290536819369253,3.57831269291321,0.7989879624892466,1.6633449004384526,1.4086813899653925,-0.120072422162828,0.6520924650951379,0.6740469178366613,1.8542445307547413,1.0103384478207451,0.5583891154059741
W1864,2,0.0,0.0,6.281721601844319,1.6306870140610277,0.0,0.0,0.0,3.1644424583683257,0.0,3.63304266420852,0.0,1.0697642956041715,-0.3335771440585213,-0.0960510961023339,2.468493514490245,0.7169584790892125,0.9659907458633844,1.3436372166984911,-0.1670051820824094,0.9223755611586678,1.369645216214615,0.5032051543376486,0.0303231547603039,0.3415401613532511,2.263254232137533,0.7474944720208321,2.1485023521704703
W1864,3,0.0,0.0,3.4050822345475336,0.8373576587458523,0.0,0.0,0.0,1.5288907276041674,0.0,2.4062532373034693,0.0,1.2916552784582294,0.2108043880492797,0.8358112405592946,1.4769280418736257,-0.3044504506715197,1.253862641239269,1.0280055695991466,0.4158651223046044,0.5642924062916553,0.7831560019395944,0.5022359859084037,0.420186986033375,0.5197954337253057,3.974647900090077,1.396798363893533,1.4090503667503629
W1864,4,0.0,0.0,4.690536096698846,0.8771726897161063,0.0,0.0,0.0,1.3650009489377173,0.0,3.0034507941650936,0.0,0.9802565485853612,0.3814605576972648,0.3753141197475506,1.134658781475001,1.0191249047621778,0.5291105894938914,-0.0696299354825929,0.1702990913576471,0.053150639881478,0.8434014823595518,-0.5713299447208751,0.2725416572276968,1.6045094026649478,2.62309074201666,2.493349974256492,2.670778023774487
W1864,5,0.0,0.0,3.8177269466895942,1.0198567546348196,0.0,0.0,0.0,1.0291064814712143,0.0,1.9986165904026436,0.0,0.8321525236701857,0.0853587877598731,0.5513535344252105,0.2729152178793481,0.0173753897676683,0.3566094091654426,0.3837688184919604,0.006501078199665,0.3984820238000255,1.756873363107148,-0.3544135999686569,-0.4443941771392271,0.1778445766091325,3.827672313368807,2.8051306241777354,1.5328871819769103
W1864,6,0.0,0.0,1.961133138968825,0.8180356546035219,0.0,0.0,0.0,1.103928122816248,0.0,0.9074645323206436,0.0,0.4423195339919863,0.6305064771896628,-0.520320714845445,0.4875107054541785,0.782705792366995,0.5965222340475888,0.4193419783921064,0.1255716257512012,-0.4555263211160637,0.1913458563963926,0.5184102128987667,-1.3433028284496913,-0.2612311509598063,2.389705420112789,2.8495218868747543,1.9257417297228183
W1883,0,0.0,0.0,0.75,0.0,0.75,0.0,0.75,0.0,0.75,0.0,0.0,0.0,35.0,0.0,0.0,0.0,0.0,0.0,0.0,0.0,0.0,0.0,0.0,0.0,0.0,0.0,0.0
W1883,1,0.0,0.0,5.469398844798851,0.0,2.25580645637978,0.0,5.105090493094076,0.0,2.3721045804396157,0.0,0.0,0.0,0.5779026249371515,2.1151680246155555,1.5466969473755998,1.6285206672030663,2.756341613289018,2.640847829817629,-0.2861579159757053,4.981383187452227,0.8101251314965057,0.4678882137356949,0.4935266524263074,0.6674747056179638,2.399343544099636,3.2489309693517066,1.064498854881581
W1883,2,0.0,0.0,5.445312806692197,0.0,3.663976500170699,0.0,3.0903757518537214,0.0,2.319944822948028,0.0,0.0,0.0,-0.2814495585254338,0.791101363201144,0.6030438401954401,0.4238104578156277,2.6067864598567136,1.0498257919216762,-0.0263879411979713,2.016904867653868,0.1351102965498761,0.9497790869924536,0.604763068314112,0.0903413846266927,3.60885158413772,2.9307698634282486,1.6881269353992217
W1883,3,0.0,0.0,4.16398360784684,0.0,3.619203269432943,0.0,3.1998843546077262,0.0,2.0522639616612555,0.0,0.0,0.0,0.5885504730686707,0.7109509297507097,-0.0291485881566211,0.0935077212744392,1.555898545142805,0.2180217585535134,0.7995117644936196,1.5180130157186942,-0.1487943637551658,-0.5673619733288735,0.0811852564706565,-0.3758741125157713,2.0037577054582014,3.561420325406633,2.74161935366878
W1883,4,0.0,0.0,4.155689723443033,0.0,1.498577237557548,0.0,1.0036400344573235,0.0,2.832036351241841,0.0,0.0,0.0,0.3915392675401671,0.2129634401620005,0.4460688556475178,0.2307351913369591,0.2034510209027498,0.9765536169079834,-0.9195408237276862,0.4752142914085338,0.2844424785124039,-0.0333639700835764,0.2053197183667985,0.2884737642789092,3.45264973401683,3.838668129583337,2.7152443474899544
W1883,5,0.0,0.0,1.838356253900789,0.0,1.1513014803959325,0.0,1.3326504041643663,0.0,1.868072586166716,0.0,0.0,0.0,0.7267352838808736,0.2306400899295531,0.2028014459259541,0.2430286701130313,1.0491819979805457,0.6311858531487475,0.1523507358416419,0.5836837792828273,-0.3213421375624525,-0.8509717125804726,0.2915569228112545,-0.6215372138325495,3.97872158497123,5.7078289922949725,3.404050685962943
W1883,6,0.0,0.0,2.0159422328555863,0.0,0.4259088690309712,0.0,1.0235336419046386,0.0,1.3088803141110097,0.0,0.0,0.0,0.344469598376229,0.1588109650258746,0.4690245333978132,0.5037842757679083,0.6664336669457847,0.2078976922339176,-0.1477124594621096,-0.1856304018223523,-0.1216510518048873,0.3910490408321764,0.7107977603700715,0.1309408924522755,4.978319814563151,4.960180605367771,1.5667436460883533
W1910,0,0.0,0.4285714285714285,0.0,0.4285714285714285,0.4285714285714285,0.4285714285714285,0.0,0.0,0.0,0.4285714285714285,0.4285714285714285,0.4285714285714285,35.0,0.0,0.0,0.0,0.0,0.0,0.0,0.0,0.0,0.0,0.0,0.0,0.0,0.0,0.0
W1910,1,0.0,1.5553485970428145,0.0,0.7202785563670869,2.5289731826168373,2.22373610081992,0.0,0.0,0.0,1.4486183181309,1.66129701318646,1.0248602675194152,0.9265778339326062,2.3107118880633286,4.740300224383997,3.937993509365026,0.7201293630079089,2.9081693470647947,1.9267787729174868,2.085220687017325,-0.484946486504313,0.1162255837986983,0.1773067232140376,0.4520257212034875,1.9781819790698136,1.7874761843171925,0.1553828091466143
W1910,2,0.0,1.9752719336551616,0.0,1.6037303554884443,2.4650953062955345,1.8350373327378184,0.0,0.0,0.0,2.2797732505673767,2.04630767046498,0.579039896858874,1.072852803760681,1.377807680354537,2.4339611123526748,3.230401915688556,3.14758586631951,0.8549504026580346,1.6879580654923552,0.4835393701032631,-0.0284878474430455,0.5747714892057951,0.2269059933402465,0.4712847443519716,2.270044598512289,1.5305772622536065,0.3597746539673919
W1910,3,0.0,2.660288543444406,0.0,0.8883003184208109,1.470396173702737,1.0331096213701585,0.0,0.0,0.0,1.7571477241286633,0.8742180401118433,0.6972019601868429,0.2118417550376834,1.5313363113928111,2.300284895312644,0.8202254059031888,2.408022100296705,1.483139276203965,1.6552824469096827,0.2362068950271247,-0.4559731247743394,0.5223635782500599,1.0436696998130344,0.1361959895547062,3.399442164361225,1.0665272369193892,1.4146430342159375
W1910,4,0.0,3.0358938680693144,0.0,0.9864573067569452,1.4690363925228171,0.8738694837914475,0.0,0.0,0.0,0.869272454985944,2.183799613298909,0.5655605282446345,-0.3884077034120967,1.5352542447646245,1.0363364140322728,0.7667644758556651,1.8987894299400168,0.9838564985824584,1.115219229576398,-0.0132422399871438,0.4394862914099063,0.0443094417124876,-0.0121883418262077,-0.6402273400024835,3.461375215771808,1.702715376134654,1.5057766532316357
W1910,5,0.0,1.8044492723949168,0.0,0.418189421485305,1.2744884985920657,0.7385147554252398,0.0,0.0,0.0,1.3489212508069492,1.8061215523236087,0.8507240852109497,0.097955071456154,1.355701572136274,0.5770074936637181,0.3385515619284523,2.604041403008217,1.983097029023724,1.0803605749467982,-0.2040056845136624,0.8417246826546932,0.0219598714077832,-0.0930437771548164,0.6208521246177134,3.4971326243680765,2.2974319994583348,1.7948781702227
W1910,6,0.0,1.3494308441842404,0.0,0.4648631230808081,0.2945576140145707,0.5125236428749784,0.0,0.0,0.0,0.8268549160434566,1.2811684929223863,0.6137598369967743,-0.2594867955640767,0.5031611695318504,-0.4160515038883642,0.2882070884537576,2.4199978826718787,0.9372595959481708,0.7843175478262208,-0.0139408754797382,0.0268605183060631,0.0551388786758755,0.7243959944577766,-0.0164806320007471,2.270997391995915,1.620495047458825,1.3002277341981523
W1911,0,0.6,0.0,0.0,0.0,0.0,0.6,0.0,0.6,0.0,0.6,0.6,0.0,35.0,0.0,0.0,0.0,0.0,0.0,0.0,0.0,0.0,0.0,0.0,0.0,0.0,0.0,0.0
W1911,1,2.41635012236133,0.0,0.0,0.0,0.0,3.3381378373509687,0.0,0.7764568931046325,0.0,3.709450675352085,3.527448798099376,0.0,0.6964260641496276,1.3849355635461886,4.82024860614212,2.186301885442284,3.138263733016272,2.7293017258008048,2.5963792157666297,1.6364420942421665,1.0785356533488168,0.5497180139736565,0.4761174613719628,1.483294872609172,1.1033689385803211,0.3952585666290271,1.0344929736236392
W1911,2,2.3549303641078905,0.0,0.0,0.0,0.0,3.440551221932099,0.0,1.618911842750082,0.0,2.644905016473239,3.2558468590954126,0.0,0.3500416570198438,1.6826050349306134,2.121376807997461,1.6906592988455686,1.1342759859911724,0.8202128728574601,1.7845884822210538,0.5623799132748613,-0.0984485110514126,-0.1716400433728524,0.2236347608970871,0.4916860631712094,2.866124814035977,1.513504383152233,2.989694202668926
W1911,3,2.6702047511090585,0.0,0.0,0.0,0.0,1.4012318876580387,0.0,2.6452215124400102,0.0,1.389250600900766,2.5870713173426734,0.0,0.6405919237859166,1.4384481501153443,0.6665736338158477,2.6633516736281395,0.9969361898027772,0.7111458394614307,0.9993828828070372,0.1791543871691587,-0.02228664149107,-0.2248954331035024,0.826768873604246,0.1168743961634763,1.5715502186589898,2.4059477670219147,3.2888159133710344
W1911,4,2.093445526769372,0.0,0.0,0.0,0.0,1.8836297665474904,0.0,1.4814359455524857,0.0,1.5537333824497086,3.100102376779871,0.0,-0.2580642078164141,0.2692024570374208,0.5732496474158887,1.3543799612032803,0.607672656530108,0.3811936531183755,1.4470960117349516,-0.0437156409442334,-0.1887755483962387,0.0636367477977627,0.7033535809785827,0.3771873788855679,2.919534249439518,2.975450527689393,3.937851346962715
W1911,5,1.3916567743231665,0.0,0.0,0.0,0.0,1.6805760310480231,0.0,1.2878237388420493,0.0,1.210257014054115,2.5198559552252107,0.0,0.4804951811790863,1.0505343959317273,0.3950109300848986,0.1612826097044782,0.1013034497526693,0.0602714965908551,0.9702855413538072,-0.2024371781462974,0.5585996784194913,-0.0882299637950551,-0.0128987598800166,0.8346612781344529,2.945753697668038,2.020110643029441,2.443394533559727
W1911,6,1.2262730173163354,0.0,0.0,0.0,0.0,0.3596466318784692,0.0,0.0706361568925643,0.0,0.7060951333402946,2.45478534449906,0.0,-0.0112496891193164,0.7373076354286255,0.048861254454932,1.4244854780199452,0.9000169979694189,-0.034691472646453,1.1158026820693774,-0.0476467715424359,0.2436936691706991,0.3327542708867426,1.0288787456641797,0.4367400592835748,2.772133965745965,2.4039474534036884,2.986923365277516
W1961,0,0.0,0.0,0.0,0.375,0.375,0.375,0.0,0.375,0.375,0.375,0.375,0.375,35.0,0.0,0.0,0.0,0.0,0.0,0.0,0.0,0.0,0.0,0.0,0.0,0.0,0.0,0.0
W1961,1,0.0,0.0,0.0,1.470339591233219,2.139650716813859,2.499387993704446,0.0,0.5830308173044654,1.3760663662528658,1.764641627647818,1.821872237289104,0.4348803121506003,1.4287477823446086,2.702541816059031,4.047928314299024,2.9330305405633346,1.149966836926119,3.173472173730541,1.1969862659654875,1.3657838670891242,0.4562956351970815,0.4544868516685861,0.2389099679015184,0.3526086622983447,0.9802849599284816,1.4775833863363408,0.8986132486379698
W1961,2,0.0,0.0,0.0,1.5892808804256102,2.5239220890753016,1.743815561534758,0.0,0.6228387389538463,1.2395436084046554,1.6876026699132665,1.42557569023687,0.5337861816178078,0.219277818027251,1.9409270094104445,1.2224393454376856,1.6322180157162127,2.252532630387059,0.4095520347911763,1.465698045708037,1.0333240456994084,-0.3497650385050527,-0.377179843499784,1.0043996680196583,0.6290170500994618,2.266642489923194,2.325070254740151,1.3686643793888342
W1961,3,0.0,0.0,0.0,0.2234964968383473,1.7286857247242755,0.9015365600728446,0.0,0.948540819330584,1.542155758695702,1.3244736373198818,1.7834517434514263,0.5392480141995386,-0.4428833402885108,1.339456215448031,2.496789428155028,0.8199302563717837,2.7687698333664783,0.4607030396837243,0.6906829169646838,0.3977175188252171,0.6752613463603971,0.134253104857767,0.191488744407876,0.4634450427413957,2.67457975269452,3.230067270053108,2.681057335787673
W1961,4,0.0,0.0,0.0,0.8354086008368501,1.1241005574658864,1.6277268333066912,0.0,0.8770905513105912,1.4498867512137972,0.414247364867597,1.926636258336867,0.6799828501284818,0.0659339174020071,1.5520348726979292,0.981251486367804,0.5885081928686642,2.466567158591596,1.267543516572713,0.890967289768321,0.2356969205745967,-0.3261794876580285,-0.1519915071506226,-0.0083023152893534,0.8225719186255029,3.495051982832119,3.441791706302114,2.1490884106444077
W1961,5,0.0,0.0,0.0,0.4116530464570355,0.7732912251917802,0.5437524415403531,0.0,0.6633419354160204,1.2152291471530563,1.110591483684589,1.2187794228067603,0.3128256638899369,0.3148368633871479,0.8432424474751251,1.643342018160498,0.5118804912156579,2.366193077465987,0.6060110405335303,0.7953205327486419,0.5234300231010055,0.2490151560233585,0.1392472947567672,-0.278577719764749,0.1915258848204881,3.2285309202406,2.2735605183618084,1.203281210532134
W1961,6,0.0,0.0,0.0,0.3664931354465798,0.848218245405267,0.3284198030001758,0.0,0.3241698394021366,1.701410348175818,0.7868234307229427,1.466517532332876,0.3813346706970412,-0.1508307732748477,0.3623866573157009,0.7017380931112367,0.5145422452923331,0.8783597955607318,0.3545283191126616,0.6064231398442468,-0.1182803964541025,0.6068275688144301,-0.4587393520734276,-1.0020166005129658,0.2788064039097856,2.993089145568114,4.951513918530442,1.4912471173681283
W1977,0,0.4285714285714285,0.4285714285714285,0.4285714285714285,0.4285714285714285,0.4285714285714285,0.0,0.4285714285714285,0.4285714285714285,0.0,0.0,0.0,0.0,35.0,0.0,0.0,0.0,0.0,0.0,0.0,0.0,0.0,0.0,0.0,0.0,0.0,0.0,0.0
W1977,1,1.0786954909752904,0.7582800076941654,2.075809923879901,1.9892090453875888,2.9686078528248823,0.0,2.742549680762824,1.139683576270308,0.0,0.0,0.0,0.0,0.2182273803996477,1.8136616717427063,1.4877250683482115,1.9257068142910796,3.4266339949458624,1.9403489521271453,1.783412972464359,2.511165689455242,0.8252448328764581,0.0379193711724432,-0.5125522804746823,0.6766048656307447,2.2797376935952456,2.454715607652055,1.0073724697565811
W1977,2,1.4796407970706549,1.0970718839007454,3.358953852113491,2.1552439671887997,1.432530833717924,0.0,2.113109253332816,1.0970436463438404,0.0,0.0,0.0,0.0,0.6550217696721592,0.9238566786160168,0.429507588569208,1.0989903579659377,1.741484317275596,1.5442983296155848,0.0557292088763854,1.2937769583256509,0.0974083839461729,0.035695962235685,0.7783511748893299,0.4337848097802199,5.180876288875496,1.9249704627714408,1.807850783702332
W1977,3,1.4586085761792915,1.002875763610229,3.1835625438724344,0.8611769830863026,2.066124993697831,0.0,0.9713021418075708,0.8862147400774394,0.0,0.0,0.0,0.0,0.6200653757876909,0.428701013616722,0.2088004815501828,0.815711020227772,1.816282832833125,0.805617967026556,0.3207780144330481,0.8398767231898909,-0.080134305230029,0.8268672051455955,0.0485580614352297,0.3697615774742843,5.214196489424762,0.8071045277556614,1.9515583158332173
W1977,4,1.520582514566944,0.9921517778401152,3.3053039051094983,1.145951795808635,1.0011784626671834,0.0,1.182774490327649,0.934491499408219,0.0,0.0,0.0,0.0,0.0360295413221012,-0.660644480847447,0.8373934813051034,0.650418512733735,-0.3303947867030338,0.746514928768129,1.2566356917403358,-0.3741402691240728,1.109984238075423,-0.8048459546114612,-0.0237280968214373,-0.5214983285594529,2.915422941087794,2.704788672390084,3.453179253182921
W1977,5,0.7648707636685912,1.1461359443178512,1.7242950971404214,0.4616982179083831,0.8749605106980867,0.0,0.7656268710083411,0.3856304609460772,0.0,0.0,0.0,0.0,0.3345545280209402,0.2855881022327009,-0.685212590783491,0.1306024197792452,0.881423588686036,0.3217081492250608,0.5201943078880841,0.0657701464930411,-0.0577633626678054,0.4692522057009754,0.561952222587669,-0.3471083069142973,6.430652904199457,2.984793757316044,3.137965935855854
W1977,6,0.8296160817789032,0.5264096263035931,1.7849151806791388,0.3217080685379783,0.5030240311113231,0.0,0.8628940114216168,0.5458295129006604,0.0,0.0,0.0,0.0,-0.0820978348480411,0.335576670810376,0.5807754898615896,0.1451748307213233,0.9043829804270312,-0.0677405059198321,-0.1797890290142771,-0.0652241846590094,-0.1382287758390064,-0.0038924183606374,-0.0051102267576279,0.1330246681685583,6.374700514871293,1.883661009002798,3.612064349689766
W1994,0,0.0,1.5,1.5,0.0,0.0,0.0,0.0,0.0,0.0,0.0,0.0,0.0,35.0,0.0,0.0,0.0,0.0,0.0,0.0,0.0,0.0,0.0,0.0,0.0,0.0,0.0,0.0
W1994,1,0.0,1.326994672584081,8.334781243044224,0.0,0.0,0.0,0.0,0.0,0.0,0.0,0.0,0.0,3.333407386595077,0.1642522231882868,1.124001753569285,0.3008547284490614,2.092548644132309,3.6324092497394975,0.5820931567899706,1.7482399071282946,0.8905814054343191,-0.19850452166742,0.3450081408964767,0.804402632480694,1.8869384603073809,3.427157660677178,0.91669138693019
W1994,2,0.0,5.361575043831527,7.662899054671923,0.0,0.0,0.0,0.0,0.0,0.0,0.0,0.0,0.0,0.3501171231470701,-0.1048385605753425,0.0121997010873687,0.7348126453077457,-0.0795352681359733,0.506802111877036,0.3874933871956528,1.5427517950922784,3.5808134025954543,0.162010842817576,0.5871609586113007,0.9839976672045684,2.098167972509575,2.40418781473734,1.1502951564478905
W1994,3,0.0,2.391314213529673,7.811836009136548,0.0,0.0,0.0,0.0,0.0,0.0,0.0,0.0,0.0,-0.0682155221646085,-0.2908770476315974,-0.2381222947157363,1.1076904442576976,1.0351368557535436,0.2521627000907864,-0.0437854539738147,0.2933012272356676,3.670424856205925,-0.2233318085632561,0.5550974090242807,1.1232908386117626,2.554296032483384,2.2406575795829062,1.8621226203602184
W1994,4,0.0,1.7739110577327353,1.9701448222511904,0.0,0.0,0.0,0.0,0.0,0.0,0.0,0.0,0.0,-0.3995478699240369,0.443671253522341,-0.472835804826801,-0.2084606504471227,0.1444445125511451,0.4738432801771504,0.3727199168759377,0.219332149852931,3.994029012018105,0.5486951374129869,0.5653294067817999,1.5242023883791296,5.141881874250695,2.182210406078524,1.9313173097973704
W1994,5,0.0,2.573386122514964,4.6328774360846685,0.0,0.0,0.0,0.0,0.0,0.0,0.0,0.0,0.0,-0.5451161062221157,-0.0128306390264186,-0.5406259632488911,0.1715672025489747,0.9392525472800152,-0.3131028091398273,-0.8322293690990247,-0.3567607504835827,5.972888988398989,1.0449738890185898,0.5505630262125136,0.9536707564066916,3.238088195599964,1.139494940698215,0.885343825285111
W1994,6,0.0,1.7968268937665597,1.993634218129313,0.0,0.0,0.0,0.0,0.0,0.0,0.0,0.0,0.0,0.2694467479474536,-0.2615701063879005,-0.855852909778574,0.3059511411522527,0.0014039522183795,-0.136628945486098,0.3080648615066863,-0.0588029223497258,4.243655320698819,0.867855122371845,1.0612000690758718,1.237918164641075,4.254242645313512,1.5697283628183747,1.2390772294009629
W2014,0,0.6,0.6,0.0,0.0,0.0,0.0,0.6,0.6,0.6,0.0,0.0,0.0,35.0,0.0,0.0,0.0,0.0,0.0,0.0,0.0,0.0,0.0,0.0,0.0,0.0,0.0,0.0
W2014,1,1.4064627256499866,2.3368767766630323,0.0,0.0,0.0,0.0,4.593913364006543,3.1828246117435497,3.628691963890039,0.0,0.0,0.0,1.0684729041934768,0.940804342999791,0.4153291121679557,0.9205833799226588,4.454824241915895,1.7006820140028374,2.162653675602737,4.801778826249982,0.9994102685685105,0.4596392272196652,-0.6944915898776467,0.6844174224403471,1.6690668911118562,4.271281058305932,0.4130807481857548
W2014,2,3.185079063276101,3.575734647964947,0.0,0.0,0.0,0.0,2.892106048860897,1.7241696904793222,3.368614345241664,0.0,0.0,0.0,1.0931322712096057,1.8576388735839768,0.1578914495124599,0.111828265860975,2.633973659897645,1.047880346932861,1.437826856495486,0.7065402039509365,0.3888951677501942,0.3419103184445228,0.2234366507136268,0.5769035799081779,1.8929958031795155,2.9780835119646114,1.8298653308344932
W2014,3,2.983485690845407,1.3415647450441783,0.0,0.0,0.0,0.0,3.144296232468542,1.2831067241922671,2.9146099366515577,0.0,0.0,0.0,0.3088034720125966,0.6690063438960332,0.3649138392680281,0.6697557539765825,1.8490948121074555,-0.3072446130500957,0.7848005649903068,0.5428618777164402,0.6548278053595449,0.7455737393285848,-0.1241406807595465,-0.1578258556791823,1.4598558086513005,5.65198458422886,3.827109519668298
W2014,4,2.6074715603301506,1.3013897145766218,0.0,0.0,0.0,0.0,1.801244010690137,0.9823433768951914,1.94490344487151,0.0,0.0,0.0,0.2325636744305425,0.6296759550466093,0.423120952648549,1.39419357389897,0.6761704679447796,-0.3396217074395183,1.0199005179846448,0.408611466757822,-0.0758306204887708,0.3868264385410224,0.233521015535418,0.0569470394724213,4.564332753769538,3.4404076928233884,2.283051056969036
W2014,5,2.068017096719321,1.6487591887237354,0.0,0.0,0.0,0.0,1.1668185890005052,0.4849118560463183,1.7453617223515927,0.0,0.0,0.0,-0.3705182529664539,0.2763602387426774,-0.2818611993390603,-0.4291601618484273,0.3208263582635464,0.1595968093452885,-0.0419455730938081,-0.0386024092672282,0.8445020904092498,0.2520516087299267,0.5855087865195967,0.7787476741151779,2.3939195614634783,4.5359202233278255,2.7568836377974564
W2014,6,0.8717356464190038,1.4932555458971488,0.0,0.0,0.0,0.0,0.9759595468385326,0.567283752949052,1.6561380703946804,0.0,0.0,0.0,0.2334352708713752,-0.7298283742858008,-0.4656805263268598,-0.4706065935896721,1.0920780980088172,-0.2184785064074902,0.9226676375309768,-0.6932958545474893,0.2400784822853577,1.0602265814301974,0.3821723218107739,0.1655447367057079,4.311712664527381,1.5974956644148903,3.876538170662327
W2125,0,0.4285714285714285,0.0,0.4285714285714285,0.4285714285714285,0.4285714285714285,0.0,0.4285714285714285,0.4285714285714285,0.0,0.0,0.0,0.4285714285714285,35.0,0.0,0.0,0.0,0.0,0.0,0.0,0.0,0.0,0.0,0.0,0.0,0.0,0.0,0.0
W2125,1,1.6089256034065529,0.0,2.414955471410549,1.999725309827886,2.245714239080044,0.0,2.197137982824787,1.1659144900399263,0.0,0.0,0.0,0.5435573182845155,1.2519468995915974,2.5954333359980803,0.3101376396294869,1.387597511169719,2.2762375733030886,3.059206759291162,0.4413663056067003,4.862680241579444,0.1664942015122452,0.0517494133822648,0.3352028519872357,0.5274758592473218,2.8151838654657038,1.6892853423617429,1.2659200409327347
W2125,2,1.3561305059113118,0.0,3.8032102230332816,1.6936125083118732,3.1843097528580744,0.0,1.633590355984328,0.8737167374979431,0.0,0.0,0.0,0.7976528940079167,0.3468409474603364,1.5370605641564,0.0434038906713566,0.1928023638693794,1.8286546810591529,1.205108628782902,0.4574142225015096,0.045707460276837,0.47162969147988,0.5246803439196329,0.738296387473634,-0.1915368311383491,2.476482930234475,2.4333171421715205,1.808149069475809
W2125,3,2.790271165994889,0.0,2.279475408330204,0.6947801193196638,2.512809751767343,0.0,1.0835260574264864,0.7276101765379865,0.0,0.0,0.0,0.4840097691382004,-0.1246766665447951,1.713074568146368,1.04320541797596,0.2436011320188479,1.7502295787378936,0.6018602431031733,0.895776579046438,1.4241376814714046,0.924610574144143,0.0697750452133973,0.1089919856690948,0.5422425110127815,3.96558331375106,2.975316272555067,2.2162012910151048
W2125,4,2.188937660281326,0.0,2.640953107588949,1.1470280557159844,1.521564860465968,0.0,1.060835225709064,0.8134774855835538,0.0,0.0,0.0,0.6587031179685893,-0.2069307206298028,0.2448757534380209,0.2094545291085878,0.38565755018229,0.4963582230918859,0.4657104689605026,1.1265392528405949,-0.0281569584499398,-0.1174404931768946,0.5536617300859761,-0.3708134693999095,-0.5363374568785757,3.807292798191431,0.9911974268534024,3.964158293825781
W2125,5,1.0744858481478032,0.0,2.0403374312925724,0.6369212543165789,1.0008604305751914,0.0,1.0862707303509411,0.66625679917665,0.0,0.0,0.0,0.4095996507447226,0.341907488955095,0.1543084208709604,0.1299045785419055,0.1343622789488411,0.171919736458324,-0.0355512020292975,0.4746439977795981,-0.1565728736812974,-0.287609369887264,-0.069428712394045,0.1578219731899848,-0.05761294159411,2.651854050548625,4.524511072078585,3.423867959166252
W2125,6,1.081324567635085,0.0,1.1367800927755225,0.2324055834962702,0.7275204227988706,0.0,0.772387758623492,0.5522978311025474,0.0,0.0,0.0,0.359164575484473,-0.5125975897184113,-0.1622015361456172,0.4662365078492564,-0.0270404446824305,0.588376984532635,-0.8837919980543774,-0.0438034360187238,0.1981861461021369,0.3404950914319655,-0.4107071884725546,-0.3314802133032658,0.7055370384284836,2.541425865738754,3.749874231329456,3.7724568989128247
W2276,0,0.0,0.4285714285714285,0.4285714285714285,0.4285714285714285,0.0,0.0,0.4285714285714285,0.4285714285714285,0.4285714285714285,0.0,0.0,0.4285714285714285,35.0,0.0,0.0,0.0,0.0,0.0,0.0,0.0,0.0,0.0,0.0,0.0,0.0,0.0,0.0
W2276,1,0.0,0.8872713764838149,2.1149490652487155,2.2908397053714302,0.0,0.0,2.812272920873029,1.018759356228448,1.987843148349126,0.0,0.0,0.6697430141102233,1.107904047287175,1.372818416303213,0.9934887435469204,0.5006166100714943,4.07527469381602,4.606116414105678,0.5625234960309736,3.973278760276096,1.0283545604505226,-0.2048978762442344,0.4567810820861773,0.048840024841299,1.5551026236381484,4.266881665703152,0.1229997097366253
W2276,2,0.0,1.5163327480681126,3.788535936694186,2.3156095745371,0.0,0.0,3.1988179920338307,1.2899714682045476,1.7669042611572945,0.0,0.0,0.9730777076942164,-0.1131373523142204,0.1913768032709389,0.8916956126040462,0.4155422654903122,1.3903811296938002,1.6657735594705876,-0.1525071927104072,1.197462191284306,1.061119215461821,0.3980656481473275,0.1201534320709794,0.140702380440359,2.672800447509997,3.581542850996184,1.721462333427416
W2276,3,0.0,1.182736752751822,3.232273576007682,1.475427483680304,0.0,0.0,1.761596015182213,1.413136888966379,2.6257441538411026,0.0,0.0,0.8587029808082749,0.0734415809449874,0.2338703080442156,-0.0551940660076587,0.8949353634052115,2.062700710350053,0.8822787999428926,0.779015129464365,0.1175576047836943,0.8704313380156983,0.2747748927360092,0.1045879670286073,0.8478250643310854,2.3588763482951904,2.681811569936215,0.9452432103004146
W2276,4,0.0,0.6693123833340466,2.75481122127288,0.829428029521909,0.0,0.0,1.574914180779157,1.3695784278178622,1.9628320942752289,0.0,0.0,0.9209050871975544,-0.7084336415848396,-0.27270069285562,-0.0340163615526793,0.4410117736423777,0.7934541353776698,-0.0384313764189517,-0.0698618429618891,0.6312080677112799,0.6595611541815798,0.6380142402531934,0.1218523592819873,-0.2573893452825302,3.381523339249345,3.761450214213204,2.131036238167827
W2276,5,0.0,0.6855265221049187,2.0827799058615564,0.5905193306041989,0.0,0.0,0.951521896989874,0.6360025678431908,1.678066805538991,0.0,0.0,0.3040782837710227,-0.6124434310133846,-0.3184600726793359,0.04111291895542,-1.0432619656025444,0.4466717094732039,0.4326378464331746,0.235722195922834,0.0974625545587619,0.2366690974970094,0.3691345821088017,0.8909273081825606,0.5691931607209602,4.456455490404893,3.40963764332358,3.1961320651390404
W2276,6,0.0,0.8935269248630456,1.2114977744937048,0.6033718910503814,0.0,0.0,0.8507575482545477,0.4564322483653671,1.4549585921654913,0.0,0.0,0.4805429040778927,0.2283146630375719,-0.2563630024473254,-0.1605372173970119,0.3225878538238655,1.1601690983329256,0.3749578400711563,-1.0661950216596994,-1.1539854668635594,1.042459302554609,0.167706603064602,0.385124856843222,0.4313769387893615,5.813235119354731,4.584100261832398,1.1198450115657288
W2319,0,0.0,0.4285714285714285,0.4285714285714285,0.4285714285714285,0.0,0.0,0.4285714285714285,0.0,0.4285714285714285,0.4285714285714285,0.4285714285714285,0.0,35.0,0.0,0.0,0.0,0.0,0.0,0.0,0.0,0.0,0.0,0.0,0.0,0.0,0.0,0.0
W2319,1,0.0,1.8486512665498784,2.237692671721873,1.8812406212576729,0.0,0.0,3.3957108544243555,0.0,1.5787310203504132,2.820554914371478,2.3929059306896723,0.0,-0.1841593228716802,1.0524748492897638,2.103414723791693,0.6766763206730946,2.1154332089490846,3.0437311714076194,1.717984757132521,2.2965691273923654,1.8940689351005664,0.2737080827160419,0.3757142031313484,0.3011198985823085,1.7599038947341,2.595556933794556,1.4442213596379152
W2319,2,0.0,2.1943394140653707,3.878922493720257,1.4536240260872917,0.0,0.0,2.7963431377597967,0.0,2.8230957210656014,1.2920333212903108,2.6226343479028573,0.0,-0.573593516352938,1.1504039842499816,1.2591490986311706,-0.3289238091850894,3.704025076360136,0.9813812822480504,0.8885420789170064,0.6788024606350517,0.1591266757765692,-0.396687176634541,-0.0094066624069785,0.4106443132436409,1.306938630984005,3.119614895074478,1.4645752076147356
W2319,3,0.0,2.1533693524152357,4.038195864905714,0.3526255068452482,0.0,0.0,2.27964504452728,0.0,1.7898214664235534,1.2116586014820323,1.6437983056811474,0.0,0.3077274945941675,0.1262016871133219,0.6436727406088186,0.1175833556133145,1.5128081516330467,0.1627518640858306,-0.3462633340782851,1.3906115218370123,1.2883057015198165,-0.0834167210559904,0.6516457266507462,0.3940848693819168,3.0808944744408464,2.967168187132097,1.6709247926142967
W2319,4,0.0,1.900312797558985,2.3835016236496425,0.9551022332142812,0.0,0.0,1.493269160496329,0.0,1.5121635199485877,1.7492776838556412,1.246714623057958,0.0,0.8960163229904012,0.6620212486515779,0.1315528235246845,0.0740323520773295,1.9472421762960308,0.4089531467964506,0.1953287859059928,0.7112922550009293,1.1289554955538563,0.2272214869234361,0.0048131041470887,0.9032147666268862,3.5982949100276613,2.6492734530599065,1.7681708308772035
W2319,5,0.0,1.0632818606131966,1.1689360374985016,0.4660091047706679,0.0,0.0,1.3274154302104493,0.0,1.1414198195653342,0.7789614699084739,1.567055724157692,0.0,0.4942844623536988,0.2335288691065931,-0.3474723509333038,-0.4137401406581093,0.3396020869115472,0.5359063762861782,0.1861498966116966,-0.2535559360703539,1.468929670332643,0.7737283539380333,0.8645541590368431,-0.3012713039682309,4.027615224952401,1.8526242497264935,1.0980458015969594
W2319,6,0.0,1.1994541951826276,1.7121111151753876,0.4807945503906143,0.0,0.0,0.8707209344611878,0.0,1.144500653723447,0.5694052759411893,0.9327808018624558,0.0,-0.197899179388097,0.6419860930266256,-0.5436850645148786,0.507011281459104,0.1693426494296039,0.1105684884957528,0.2772430368939366,0.6975764463183693,0.9998817395296572,0.3232533820862582,0.6093721476487399,0.1685023162164482,2.54617686089879,2.2449864881038346,2.6077550089621457
W2349,0,0.0,1.0,0.0,0.0,0.0,1.0,1.0,0.0,0.0,0.0,0.0,0.0,35.0,0.0,0.0,0.0,0.0,0.0,0.0,0.0,0.0,0.0,0.0,0.0,0.0,0.0,0.0
W2349,1,0.0,3.556534909130276,0.0,0.0,0.0,3.999851941141403,4.224354473843702,0.0,0.0,0.0,0.0,0.0,-0.4520092695608708,0.1828445354402325,0.7071609634279319,1.0459122525941478,5.619283094860994,2.8690839634439103,2.178244583404889,4.013994889945415,0.4236413268161014,0.6234003413405068,-0.1902733748378598,2.241934583801461,1.9321243413036215,0.8909095811307322,0.7625256453345978
W2349,2,0.0,3.765463600625128,0.0,0.0,0.0,4.032866202636427,3.6121421544237786,0.0,0.0,0.0,0.0,0.0,0.0625790323233478,0.8364834594258617,1.2051690665884756,1.3198357081668672,3.992307478833824,2.106646573843509,1.1048118380842364,1.3267462533947425,0.7245546989504806,0.3984310854020552,-0.4953869538679079,1.0417423321597927,2.106994251921713,1.846081733870176,1.243156668534919
W2349,3,0.0,3.197530229012072,0.0,0.0,0.0,2.455858801604791,2.8215858936780007,0.0,0.0,0.0,0.0,0.0,-0.4318748213896164,0.6369484027814676,-0.0221595270904736,1.8030097011874624,7.826627311068992,0.8532670724797654,1.341231296931293,0.452850161945437,-0.273115572008494,0.3904913881733671,-0.1063261686351871,-0.5379759025426689,1.896929805174324,1.8960399374929784,1.69999935215467
W2349,4,0.0,3.267339184603208,0.0,0.0,0.0,2.50497181202983,2.2134354225946304,0.0,0.0,0.0,0.0,0.0,-0.2035930739522094,-0.1037902647929672,-0.549135130308002,0.1823269911671203,8.97288394934161,0.7414422282913111,0.2137549085611862,0.2046891229556497,-0.0908878020991491,0.0297730877621944,0.3283871617554512,1.7847792199931252,4.266318560867894,2.4025784979681246,1.6390056487510916
W2349,5,0.0,3.259539397033112,0.0,0.0,0.0,1.378178177514847,1.6911698011110243,0.0,0.0,0.0,0.0,0.0,-0.4270713338167591,-0.0078022200185293,0.4160347850037245,0.7521251499032064,7.27760760878225,0.7629242705132409,1.5166278928777035,0.7119647168050648,0.3225900300020088,-0.0654082037393671,-0.2923251149959122,0.978071955988665,3.36642779330908,2.036653241769208,1.870085857024183
W2349,6,0.0,1.7199270718334454,0.0,0.0,0.0,0.7128680814168815,0.6107006765182694,0.0,0.0,0.0,0.0,0.0,-0.2485540992337718,-0.1381477059358405,0.6463577914309303,0.5572287219462592,6.797328102209502,0.142769603663492,0.8496005809579652,0.2295178811475759,0.2440617782476227,-0.2440177398928159,-0.6489453410262896,1.4310305625436233,2.113187863273035,1.4091218525546558,1.7279331438173526
W2355,0,0.0,0.0,0.0,0.6,0.0,0.6,0.6,0.0,0.6,0.0,0.6,0.0,35.0,0.0,0.0,0.0,0.0,0.0,0.0,0.0,0.0,0.0,0.0,0.0,0.0,0.0,0.0
W2355,1,0.0,0.0,0.0,1.9510910444889389,0.0,2.339686090904526,2.723705731066377,0.0,1.2538375946371425,0.0,1.5547718008407547,0.0,0.4552597774046237,1.1378545066204993,1.7561344784530857,1.5046123041709063,3.5206924816148213,4.164791108310332,1.6853001851353016,2.0588701337981643,0.7173301754852651,0.1703113856021318,1.1057138641963833,0.8756295514909275,2.0514303823580784,2.5661268760414444,1.325796876254321
W2355,2,0.0,0.0,0.0,1.934823065249747,0.0,1.8745194918853127,3.4162281716879783,0.0,2.800840357511371,0.0,2.6154118578482706,0.0,-0.6141965594899492,1.7262597401838398,1.0778267408997273,1.2376912756653424,2.1780410371399754,2.5847865279813527,1.6200179387527411,1.568173891047132,0.9535425590901818,0.1826071932024441,-0.1755724773215183,0.6644997362773902,0.4811714693087436,2.7060986166763183,1.7858071770984565
W2355,3,0.0,0.0,0.0,1.5905710127196953,0.0,1.6809274324750982,2.730932960798966,0.0,3.5028179323086945,0.0,3.702643266802332,0.0,0.0282665709770144,1.8503079068473276,0.70925542116878,0.2779463019183471,1.5161244111792966,1.6564247367752054,0.2150875613769137,0.9157651493039692,0.5145312718227287,0.4186265466413665,0.173707677399788,-0.1858515201350424,3.1276315081676387,2.907829605049138,1.7870945455212923
W2355,4,0.0,0.0,0.0,1.1938720535107046,0.0,1.1236611179027531,1.9449339283599665,0.0,3.1849297734506297,0.0,1.8223944513676968,0.0,0.279497893957652,1.3625826137134882,0.4816854491980807,-0.0871562321441765,1.5532290723304174,0.3164648555689907,1.1120355711884424,0.6008894452467546,0.2003361677793564,0.5085524718070472,0.2368272336860758,0.0065425402435947,2.263982891756358,3.2356270062909607,2.188922224129096
W2355,5,0.0,0.0,0.0,0.8274692830144763,0.0,1.1896669737224312,0.9441526043333356,0.0,2.2927058819532884,0.0,1.9940032720211465,0.0,0.0549101621917882,0.9266384075927206,0.7138351619706563,-0.5148685037694654,0.2238912229523033,1.3187235651796418,0.3428081482696671,0.6144907689960157,0.3788701253079253,0.8099457539201135,0.1570763212542855,-0.2989848537284884,1.9904168018935904,2.2858246563684546,2.588643182685643
W2355,6,0.0,0.0,0.0,0.8684481117412752,0.0,0.8012651518517033,0.2272050165064066,0.0,2.0983541829,0.0,1.328538823545856,0.0,0.2273016563204282,1.5884707737865198,0.5770512878677992,0.4059125922929645,0.1407709304777016,0.6464337153803081,0.6372953532658077,0.1991800659977492,0.3889747400057504,-0.2903009102169409,0.3479496349470927,-0.4560500709249011,3.787411971699483,3.802887658063201,2.127464006431939
W2366,0,0.6,0.6,0.0,0.0,0.6,0.0,0.0,0.0,0.6,0.0,0.0,0.6,35.0,0.0,0.0,0.0,0.0,0.0,0.0,0.0,0.0,0.0,0.0,0.0,0.0,0.0,0.0
W2366,1,1.2307368992631362,1.3760655189454716,0.0,0.0,7.093889676175047,0.0,0.0,0.0,3.3844475080758336,0.0,0.0,1.0194383971934329,1.8826411733476784,2.061299019235517,1.1268615175974903,3.839290620412191,1.72509735023963,3.142498374423125,1.1072955732141263,0.2495397398798572,-0.0623570416548091,-0.3821027264858575,-0.6516711081939485,0.651583837371224,2.749867168666068,3.474104672188949,1.1792187136725845
W2366,2,2.174159169142715,3.134468538986936,0.0,0.0,4.797826995543251,0.0,0.0,0.0,3.517068897902613,0.0,0.0,0.3747607823492458,-0.2929631866630815,3.354431938772433,0.0183648074840495,1.468509409677464,1.398987801812771,0.4125757466370259,0.854788850087941,-0.4011768886022224,-0.2138479823686554,0.021630773945252,0.1311671657796949,-0.3771496457743273,4.801264123058962,5.334105067520516,1.7304915121613251
W2366,3,2.235918897455366,2.3454214347324385,0.0,0.0,4.068540236007254,0.0,0.0,0.0,1.306426731637644,0.0,0.0,1.2251770244755604,-0.1545756325536818,1.630680170011735,0.11314608574934,-0.1691708970811551,1.6533432687672869,-0.1884791519305722,0.8534135803212095,-0.2470315243931974,-0.4144945000289811,-0.1436922265819622,-0.1518211936849501,0.4733757529242391,4.350966519031776,3.775831619077172,0.7370582402378065
W2366,4,1.224634302451438,1.76554681950934,0.0,0.0,2.674192962874148,0.0,0.0,0.0,1.382650255959622,0.0,0.0,0.9905535938710944,0.09807834155213,0.3791436019005408,0.2832651425144143,0.5170480931088861,1.4383015254433709,-0.1836464181076088,0.4012970558288409,0.2351425079698282,0.3087899939496145,0.2012419098695787,0.2545647203729895,0.3762234383953513,5.729872836096815,5.194453213784353,1.9190434262721727
W2366,5,1.0701468464652182,1.9365685530352692,0.0,0.0,2.876182499289676,0.0,0.0,0.0,2.125881975562856,0.0,0.0,1.10502280786055,0.4251422670463009,0.579854618936022,-0.0995212476647649,0.7192625692022054,0.5152306965593981,0.397519533708165,0.3926686361083478,-0.4869973341918232,0.5196295000127588,0.5439270873999711,1.240149108561887,0.6038367649487234,3.990059231495525,4.213862555541038,2.4660657485553648
W2366,6,1.3593137037978282,0.7769509010117659,0.0,0.0,1.2308165335941992,0.0,0.0,0.0,1.372931151210141,0.0,0.0,0.8351599348571533,0.4802267182455677,0.9012241662141492,-0.1041875495635576,0.9846247342073478,1.1471471541350224,0.35883545131052,0.2126231052880378,0.5695020336838338,-0.4292733518198349,-0.1612332092490837,0.3676384276241617,0.0364965402987442,4.206709379168744,3.4680519959775187,1.825568747050264
W2421,0,0.0,0.0,0.0,0.375,0.375,0.0,0.375,0.375,0.375,0.375,0.375,0.375,35.0,0.0,0.0,0.0,0.0,0.0,0.0,0.0,0.0,0.0,0.0,0.0,0.0,0.0,0.0
W2421,1,0.0,0.0,0.0,1.2096537418532227,2.431311945938976,0.0,2.534862744724323,1.197222566444065,1.5994688313440617,1.9277803905437212,0.8381983654905584,0.471607764227708,0.1497378528623787,1.7394673440565227,2.2639987387637355,2.995598090042121,2.9678753955570505,3.0163290332623007,0.9560182429053768,2.928849233772993,0.6395875177297875,0.0124423041386495,-0.4775835724819145,0.3352383671797848,2.785536739868098,2.0277284524334376,0.8993528264139332
W2421,2,0.0,0.0,0.0,1.6041605071630134,1.5962966768258822,0.0,2.4936467113877536,1.0717470421903403,2.659580426480652,1.2839540994383336,1.4901671919460997,0.3573306386384868,-0.1992365840112073,2.193650697246569,3.099956400456462,1.8663561009378595,2.120929639264592,1.1648463415282002,1.800369815387478,0.7642460208746478,0.2082631646872857,0.1499363715805722,0.2953472164351118,0.2154490225836804,2.938810460513676,2.021291267878392,1.2029257205298811
W2421,3,0.0,0.0,0.0,1.4428182877204208,1.2299677970254688,0.0,1.651202207043018,0.8621642962126008,0.898383372923983,1.479304634239451,0.4437708743945741,0.4724656637159923,-0.3914361443208664,2.3116839646298235,0.7929579255073231,1.55351208905825,1.057086416145165,0.543011931090998,0.8926883607344429,0.6117384209385488,-0.036899159893134,0.4829757607232591,0.6668232916611345,-0.2015005662675477,3.959553679210088,2.084224007062894,2.194719384721258
W2421,4,0.0,0.0,0.0,0.5796680234725077,0.9453704521619712,0.0,0.87930278273487,0.6279815891094315,1.3009983535861371,1.0639837373637897,1.6750125642028268,0.7000033907975467,-0.0269978851746834,1.648630998182682,1.108163787084541,0.6979560370942722,2.629665969827278,0.8562160454637135,-0.0295668470017588,0.4355312967058919,-0.9061164826143214,0.5403319898932211,0.271946833883577,-0.2976871493043228,3.5568701708865245,4.157342480396587,1.4139397150427384
W2421,5,0.0,0.0,0.0,0.532110797613654,1.043811407030885,0.0,1.3232593219825246,0.6361202412632749,1.2609766157275308,0.9731137625277156,1.8208361628944805,0.5940418726943709,-0.0465598887711057,0.5527246745445284,1.3396310849331077,0.2004748632264066,2.014657474814105,-0.046105198189164,0.9491696337894672,0.2491227929320608,0.7153671331985129,0.7083141928276678,-0.0572792189361754,0.4298549211159331,1.7142887232005593,1.851291751860061,1.2972774728345988
W2421,6,0.0,0.0,0.0,0.2727751192898973,0.78043876310287,0.0,0.9310164507533576,0.597985449184341,1.5336466099108303,0.5502213173124196,0.999613243241642,0.3463484888502951,0.141009891259497,0.9971721973543348,0.4513680657722264,0.1422300275146063,2.75194303848167,0.676047631717015,0.5737871515150965,0.1833464279356715,0.5367451090088278,-0.0693123034185615,0.0632619303335619,0.2062861780144202,2.637631261253423,1.4670337029348082,1.861901363516988
W2436,0,0.375,0.0,0.375,0.375,0.375,0.0,0.0,0.375,0.375,0.0,0.375,0.375,35.0,0.0,0.0,0.0,0.0,0.0,0.0,0.0,0.0,0.0,0.0,0.0,0.0,0.0,0.0
W2436,1,0.9743157756080688,0.0,2.9304749238436925,1.6716859588416997,2.2259539701823936,0.0,0.0,1.174150516559433,0.7589049432626557,0.0,1.5180978659379196,0.865850899951335,1.410289294719679,2.5614296774729284,2.0210047145527748,1.965841833214433,1.6749572551496337,2.4872517285348854,-0.0267732623161466,1.8925627580370408,0.4028060934704036,0.4471034479876969,0.7355565871054746,0.0833387661636376,3.0816143101189724,1.8209951886847715,1.7664810231835228
W2436,2,1.4460920528661654,0.0,2.974261576062121,0.952172550581668,2.556036893514636,0.0,0.0,0.9895714147044848,0.999279569076955,0.0,1.080642197683903,0.6622901543967938,0.0581181818376791,0.869182955470702,0.7343431236203253,-0.0002640066155654,1.390488127820492,1.6578883765764303,0.7763065736244094,0.1156311142675964,0.8936149687108947,0.8071217984570394,0.6418939126042269,0.5072882642940416,3.659645697587386,2.3642035232413745,2.446184048765145
W2436,3,0.8112521601678286,0.0,3.636311412933103,1.2490733374883862,2.394723438447795,0.0,0.0,0.7062837235060966,0.9615494574791404,0.0,1.925958764278175,0.3424871356334898,0.7561229545740219,0.3232498709182983,0.3556238488533886,0.917102604850884,1.04282732510067,0.364265012081307,0.1313881081465801,0.6338238596844684,-0.2394855103586068,0.3678702978320819,0.4855551419321114,0.6569501782871616,3.806669555216671,3.113502303689994,1.5159867791963402
W2436,4,1.4195004994719846,0.0,1.5250488483828586,1.3301193687619446,1.8738900903003997,0.0,0.0,0.5807663067430001,1.4987075773455305,0.0,0.9926831944514036,0.7551936800708577,0.3443967304529655,0.5130054050689056,0.2021547075936648,0.4787602288031882,1.0808139452235483,0.733206011566669,0.3331766240169382,-0.0569384652003059,0.2920498960197812,-0.0849399602614036,0.4054993791261492,0.2017659868032039,1.65282606673521,5.36536033469822,2.2003342469463165
W2436,5,0.9674005454564094,0.0,1.8284077014601976,0.3141310493852287,1.98362781818955,0.0,0.0,0.3814275036327145,0.95588118201371,0.0,1.0970737159029351,0.4851679189010575,0.5039304515183636,0.150492609487384,0.0309327784793721,0.0869411206995622,-0.5932390267133992,-0.1082753763157891,-0.3560033522788862,0.4569692017502491,0.1048835087363648,0.3873155418039674,0.3130998735588993,-0.3263074207461715,2.934656591760138,2.049257099440028,2.751181591665304
W2436,6,0.5037891768632209,0.0,1.3735243488790034,0.2282798642988213,1.5429849785210237,0.0,0.0,0.4670570060913414,0.802952277294666,0.0,0.522817736366232,0.231873474824298,0.1639458777612238,0.6697484798475611,0.0325439545649248,0.2095212964825832,0.3948173209705086,-0.6049695691245327,-0.7915696476699035,0.783360718983872,-0.4391847405156687,0.8108356012436941,0.7917309570776097,0.3673185780510343,3.3149907999420365,4.62488643512704,3.822375006923818
W2443,0,0.75,0.75,0.0,0.0,0.0,0.75,0.0,0.0,0.0,0.0,0.0,0.75,35.0,0.0,0.0,0.0,0.0,0.0,0.0,0.0,0.0,0.0,0.0,0.0,0.0,0.0,0.0
W2443,1,2.133864733028361,1.7775554671082587,0.0,0.0,0.0,7.187751811100356,0.0,0.0,0.0,0.0,0.0,1.323369220244802,2.145654301201372,1.0795051974063172,0.5684814733194383,2.3378932103431835,2.6562036883646707,2.229438931022562,2.3230370961580884,1.4131945435912543,0.6565416492284007,0.3045284121122567,-0.351806336356959,2.653914412543264,1.5530811772258362,1.5427643766899484,0.9295193604409008
W2443,2,3.298494237381934,2.558283179625814,0.0,0.0,0.0,6.216262941572141,0.0,0.0,0.0,0.0,0.0,1.3875704908022757,-0.7222387496585638,0.6227594732486286,0.5863138192605841,1.581783617572543,4.299106434390705,1.219989895589171,0.94136987377076,0.8302291589544335,0.0215945494783346,-0.0133971401905666,0.2465187646654557,3.911560777118758,2.95841740914042,1.3320942877087592,2.304730700133284
W2443,3,2.418284396619748,1.8755610318016516,0.0,0.0,0.0,5.481548595564487,0.0,0.0,0.0,0.0,0.0,1.803249742400176,-0.4093701294901856,1.596356942278962,0.2551240571090593,0.9690610846675466,2.782103580674605,0.8109078788472059,1.2724481825270777,0.0483634456782424,0.352886668909173,0.35230080762681,-0.1874650749943818,3.727836212593184,3.5614133139958875,1.8977555041940903,1.7407553742673705
W2443,4,2.6867815666451444,1.900056124195416,0.0,0.0,0.0,2.865692122507018,0.0,0.0,0.0,0.0,0.0,1.4834378211365038,-0.9928261936256146,0.7269702473765721,-0.1033212823746152,0.3254142076727839,0.7119583836260523,0.7625718073688398,1.6542918600811576,-0.0930030560630495,-0.2344849956669197,0.3503667421175599,0.4220036243752679,1.6375031914305171,4.827345831566028,1.8581448896789212,1.974503590169721
W2443,5,2.3108544875757446,1.6272984216588646,0.0,0.0,0.0,2.0148641312655537,0.0,0.0,0.0,0.0,0.0,0.6873100030143882,0.2702206497703692,0.5916311863943722,-0.2213396621181097,0.8024353155841296,1.858804187583441,0.7008368321484092,-0.0495104883204123,0.2863208959129106,-0.1298949667882235,0.2222099278570318,-0.3419460564731652,3.4441764322981223,2.222055068138946,1.6729065411178805,3.204091224420644
W2443,6,1.635773764469328,1.6464755417787298,0.0,0.0,0.0,1.6447965281933592,0.0,0.0,0.0,0.0,0.0,0.8915256104524308,0.4978901153173571,1.0800626990156994,0.147616164747825,0.3780961655151645,1.2966095572984355,0.1652826463790089,1.025074177041296,0.0568329130711792,0.2830331772455742,-0.5224651337579314,-0.02296769885509,2.360452773159042,3.1943000304073745,1.9981866427430133,2.1709812181652177
W2523,0,0.0,0.0,0.0,0.0,0.6,0.6,0.6,0.0,0.0,0.6,0.0,0.6,35.0,0.0,0.0,0.0,0.0,0.0,0.0,0.0,0.0,0.0,0.0,0.0,0.0,0.0,0.0
W2523,1,0.0,0.0,0.0,0.0,3.364686210158356,2.3859896689539983,2.7657542108447624,0.0,0.0,3.1393635614710336,0.0,0.9257409758783316,0.2417555857606315,2.507916310530492,3.2553198885738004,3.9658865070067937,3.9021652364733233,1.6647287537680622,1.8294277635749463,3.69672611040389,0.3572600983795084,-0.3592211913083706,0.0388592072026837,0.8178741367681102,2.134168431849907,0.5916008838938319,-0.0437345769764577
W2523,2,0.0,0.0,0.0,0.0,2.207857172505653,2.694649131365927,3.119774369317317,0.0,0.0,1.4376488046461884,0.0,1.3152795903603158,0.3116889163708709,2.421890869831339,2.535200912531542,2.776367324835226,3.99512913681082,0.6100223104193613,1.6930835969949642,1.1790052778283344,0.2745088485088875,-0.1123413289515416,0.7685646624112937,-0.2720950123303856,2.65475218191729,0.7518491147096293,0.7821699780985786
W2523,3,0.0,0.0,0.0,0.0,2.382546973013043,1.447011367494552,2.2909046627894027,0.0,0.0,2.179448334914713,0.0,1.7939825686893118,-0.4792192039589021,1.401531961504958,2.9011832960380586,2.960957031366515,3.418655322258972,1.1688068444979032,0.9308409265818742,1.8003587894070403,-0.606087153704904,-0.6097076621866377,0.1885087843824557,0.3914191119249027,2.5724457929078706,0.6365088159661698,0.8419736639130202
W2523,4,0.0,0.0,0.0,0.0,1.155419153136834,1.7250403407129151,1.5789235770389731,0.0,0.0,0.2970557808529284,0.0,1.7405862505660297,-0.3521303372684631,1.3481947047305247,1.8646128166360725,1.8939115244730087,3.946010836468112,0.2733647056863647,1.65430001900026,1.9835146266523889,0.0872248433479507,-0.1010117169388138,0.2836938512145732,0.1774469197578861,1.893643151735852,0.7091369538100747,1.1498506716433687
W2523,5,0.0,0.0,0.0,0.0,0.8057101153197143,0.5276528341806239,0.8525511172935327,0.0,0.0,1.221133755095878,0.0,1.665024385303598,0.1485880714147702,1.1146594162027774,1.6987995130810092,1.3361550136690203,3.2790759384075976,1.133565098076986,2.176413858126903,0.5643838523169059,-0.788514527863661,-0.5542974335161078,-0.1796297208614258,-0.1388872866517052,2.4982547661786234,1.4174971651394477,1.2760453596072123
W2523,6,0.0,0.0,0.0,0.0,0.6913722588114869,0.478113454689079,0.7551639716203762,0.0,0.0,0.6512702858853946,0.0,1.6218379785091632,0.6521034860612962,1.627046733990615,1.8957404813057364,1.942270990812756,2.847151003001355,-0.4768163189485851,1.1206181921367748,1.1692378825412095,0.2704215497714203,0.1863807173572073,-0.5031255941541731,-0.1234529020470522,1.8177498820833464,1.34227462087966,1.264474742575942
W2541,0,0.0,0.0,0.0,0.6,0.0,0.6,0.6,0.0,0.0,0.6,0.6,0.0,35.0,0.0,0.0,0.0,0.0,0.0,0.0,0.0,0.0,0.0,0.0,0.0,0.0,0.0,0.0
W2541,1,0.0,0.0,0.0,0.8602608536372955,0.0,1.6898568767075517,3.0583714934599078,0.0,0.0,3.2317910935348406,2.5626460782347924,0.0,0.0148965725975001,0.8216965184622291,3.1257584125442017,1.7740816174830452,5.076666336755077,2.250662182620942,1.1518233720527826,2.505059988925053,0.3325900046084128,-0.1704636840683236,-0.1606651233361905,1.3245850603771352,1.2950173380756236,1.2096765807563683,1.1663579313915642
W2541,2,0.0,0.0,0.0,2.00827399183791,0.0,1.433952033738557,1.2014587800729568,0.0,0.0,1.7233952553597418,1.3702858792053427,0.0,-0.3243222887091367,1.8880151072548208,3.896367689108039,0.703219528587463,2.6730245552922605,3.017410729029427,1.9339094365278588,1.5378389845494669,1.0001326022818398,0.4758333994520097,1.170547332461989,-0.0203618322782789,1.8442095475988696,0.6248402821725791,0.4597901113221759
W2541,3,0.0,0.0,0.0,1.5963267660119973,0.0,1.7400090748849248,2.2513617968077297,0.0,0.0,2.649783024917234,0.7493989566475934,0.0,-0.0232031802711214,0.6925001452730577,2.686000285224177,1.40117952957617,2.002564801987795,1.258871660953869,1.898423291859566,1.4517267782375485,0.5571546321403713,-0.7284853441298885,-0.0280537649129738,-0.0756773892728462,1.9138186697648245,1.3184844291417064,0.7072753547411743
W2541,4,0.0,0.0,0.0,1.4489705228151588,0.0,1.181823138497864,1.5991861547999386,0.0,0.0,1.316782160170418,2.637710654088912,0.0,0.5417911191067968,0.9213326464694082,2.4348961718686657,1.0148863447562253,2.2862896698584603,1.7090945238021438,2.08938490467316,0.7137187156092075,0.8802893602005257,0.5117666280814975,0.4217284093240538,0.5633155720275923,3.0106732048368987,2.029268902045374,1.5329159018044078
W2541,5,0.0,0.0,0.0,0.8993108093540183,0.0,0.4582472623142705,1.50694921893473,0.0,0.0,1.6226246706498473,2.488994816391792,0.0,-0.2293422809401185,1.759294591596019,2.558992095888914,0.3340778275786349,1.899826408005323,-0.1831707033769285,1.422334205514779,1.2418157614602463,-0.0053440812597071,0.1172342937192322,0.4429246702290181,0.4544258176444885,2.8764137388104194,1.7951242956149926,3.391103700696417
W2541,6,0.0,0.0,0.0,0.5245532328104725,0.0,1.1765474591558884,1.897709942870314,0.0,0.0,1.4568764661417504,2.0624687788134795,0.0,-0.2364558115290118,1.2819178048269455,2.017376228764166,0.9957682836066571,1.2775751200492522,1.3692374204280846,0.935656866743008,-0.0957605728783256,0.7164434551549794,-0.1889447774587035,0.7373446208679745,-0.2540986151291111,1.0106816907268183,1.1993677053459186,2.221557233312621
W2544,0,0.5,0.0,0.0,0.0,0.5,0.5,0.5,0.0,0.0,0.5,0.5,0.0,35.0,0.0,0.0,0.0,0.0,0.0,0.0,0.0,0.0,0.0,0.0,0.0,0.0,0.0,0.0
W2544,1,1.721339462685541,0.0,0.0,0.0,3.194762543365306,3.2092472989270924,2.1187400344165157,0.0,0.0,2.4714976122414423,1.335751046549529,0.0,0.850875147360268,3.236119086234881,4.226840848070109,3.644693048940409,2.5727316303767926,2.013131306369715,1.6050310780746628,1.1117561436906307,0.9201753896390628,0.5721347358070673,0.8598590663127337,0.2150873465050648,2.090165036846617,-0.1600390938276042,1.1325531058581535
W2544,2,2.4915639398403404,0.0,0.0,0.0,2.000162521713381,1.7826038519026504,1.0744211334186755,0.0,0.0,0.9928099899190356,1.3859677790977396,0.0,-0.1740037679065063,2.734141822234057,0.4144946952631357,3.4217570122034195,2.566764343280442,0.7665240602819348,1.129063828980734,1.4180506771223,0.0591558621041245,-0.3058412879589124,-0.6411167582985507,0.915382709091049,1.6080013212112685,1.7863839116307,2.365569968737423
W2544,3,2.3083474858924493,0.0,0.0,0.0,1.4105613782561428,1.3947052218200304,1.0276506241822418,0.0,0.0,0.9201471726863306,1.5157083663449755,0.0,-0.0803233524108899,1.5968815263970926,1.170768614797359,2.097798863462394,0.5425952281056886,0.7759459728255542,2.178246298447289,0.9813328305952675,0.6314168824990336,0.2597084189521461,0.1164575565346643,0.4900052438449577,2.095973993470127,2.21353701440814,1.8287608777403477
W2544,4,2.9174515157288985,0.0,0.0,0.0,1.5184086071270326,1.2424273647413848,0.8068391953644765,0.0,0.0,0.849597013389721,2.186025746451901,0.0,-0.3155780291705935,0.986092491383787,0.7348326226521453,2.1027955696196674,1.0417073422316587,-0.012480220041405,1.4800786787027047,0.1270796835290454,0.5560929711721987,0.4141080882157585,-0.4817342006592922,0.0339782230250801,1.6104793519114269,2.43104572275075,2.0737000944816426
W2544,5,1.949717451441175,0.0,0.0,0.0,0.878714193960199,0.6565836600676518,0.9966345594855512,0.0,0.0,0.3993354948367484,0.6389822164670043,0.0,-0.4446043037628239,1.8611820037830655,-0.1005536612569795,1.1862896092332096,1.31061868897622,0.3590637582117236,1.2435526589545778,-0.5024489701310145,0.3203892404079465,0.575111160672217,-0.0381925634649771,0.552900992798472,2.06664984820443,2.3413954199236766,2.074558628224532
W2544,6,0.9728922592357294,0.0,0.0,0.0,0.7273862006132344,0.5968538304244605,0.8849359845639897,0.0,0.0,0.8049010535957919,2.250836418209141,0.0,0.4205538877848006,2.2824486927875185,0.1578820387972747,1.413441065975073,0.5610292297538262,-0.2415980697163791,0.6677295248443579,-0.49338048895358,-0.4917354190091951,0.8161786974190686,0.8843926791012092,-0.3052749905727796,2.558871595301261,1.745902544154724,2.887149560830987
W2590,0,0.3,0.3,0.3,0.3,0.3,0.0,0.0,0.3,0.3,0.3,0.3,0.3,35.0,0.0,0.0,0.0,0.0,0.0,0.0,0.0,0.0,0.0,0.0,0.0,0.0,0.0,0.0
W2590,1,0.9556122817775172,1.2615817660508293,1.7004839141576245,0.5670987730404258,1.8039020044098504,0.0,0.0,1.5810355392361362,1.342570972024317,1.6676212856320751,0.9283460059753394,0.3238409706496948,1.5981094834930798,0.7464160185539823,2.36013623859191,0.7773582452788488,0.8190217475095375,2.813903693426856,1.2827452187756865,0.8615996971148174,0.5665565890060655,0.3397095779839333,0.5673720482175311,0.2707937800962794,3.4030480438328308,2.8421048735633465,1.380308758785494
W2590,2,1.2017647961091042,0.3751805144830062,2.3020966260450755,0.749814709494419,2.1241655739497136,0.0,0.0,1.5396063184702975,2.358657811356901,1.2728333571462374,1.460726455985728,0.6407897296750213,0.3308170004790329,1.7687125406138968,1.3900145798479375,1.114779297702014,2.778641880094804,1.9203820884812224,0.6581286735010474,0.0743966122475399,0.5044988985633896,1.0546679848202938,-0.2092353945526007,0.1118325283642676,3.689686917382377,3.3271042871511374,1.8498568850685464
W2590,3,1.1223778727307594,1.3177969978035695,2.0801597546249053,0.7099144769993054,1.275101042490668,0.0,0.0,0.5881379155436679,1.232075911096971,1.6337622356353798,1.5536108735791498,0.5324317564432781,0.1509061812074612,1.644662010413923,0.4428210300021233,0.4309265569108169,0.8265377031827925,0.6435279787449872,0.6505647815976883,0.3347405275102466,-0.3517325218045187,0.4087822527420306,1.2080084748697315,0.2388222755286813,3.7882157449780345,3.544691812360908,2.5866015135880867
W2590,4,1.038097731906064,0.4629680977817044,1.424928558589056,0.4137896291895475,1.7383802561005075,0.0,0.0,0.7905463343024918,1.2558341021177872,0.5086747974131443,0.7025445279933769,0.3842881459488705,0.4153274094759874,0.2097961057363652,-0.4118297182439037,-0.143909233120931,0.4926860482272622,0.044914956024065,0.2400350459481511,0.0867147681711634,-0.112974014950706,0.1616881985528055,-0.1509616551806371,-0.2196593164677802,4.797578379242311,2.613521265974814,2.5892435317631093
W2590,5,0.3307557861730343,0.4391137833931421,1.265680624597311,0.3338028171715386,0.6972597946184422,0.0,0.0,0.6002864338856733,0.6677973314990526,0.5309774080504176,0.9811439844183024,0.3015980745773018,0.2578175724611246,-0.4015459523385032,-0.0137161683507778,-0.3917693260394966,0.3589560982790778,0.723784641713817,0.3976418696222165,-0.4761379493600057,1.1917591786874522,0.0858337349544922,0.3833117269822664,-0.0976453105518833,3.952580335998412,3.422525646991367,2.539841737350947
W2590,6,0.6667644332511428,0.5105184304158357,1.869689725129187,0.3597931000825047,1.0924796225124285,0.0,0.0,0.2326223524474283,0.2703840497899347,0.6620510946043578,0.7052015264193492,0.3360041928330278,0.5371677506675879,0.1889313708705495,-0.3940426506040693,0.0649234541004682,0.2561150391756769,0.3314583885120638,0.0449062428739692,0.2481076438916615,-0.1341312376387785,0.050209781512403,0.5940072451670138,0.2132264265289528,3.8204340301959694,2.2324476698673186,2.6552062884475798
W2635,0,0.0,0.75,0.0,0.75,0.0,0.0,0.75,0.75,0.0,0.0,0.0,0.0,35.0,0.0,0.0,0.0,0.0,0.0,0.0,0.0,0.0,0.0,0.0,0.0,0.0,0.0,0.0
W2635,1,0.0,2.8263146906454844,0.0,3.467539782114558,0.0,0.0,3.136087584521564,1.892961768046989,0.0,0.0,0.0,0.0,0.8961773486441558,1.3963570557167049,0.1533895699628245,0.6938007102603868,7.433832604710757,4.685686461012629,1.780850582698127,3.227503302954468,0.5731417049475802,-0.4628414652787135,0.5467212072896098,0.2770917911725744,1.7430189109571583,2.1965709002882603,0.9334182859094758
W2635,2,0.0,3.1025167521118373,0.0,2.7034884187150565,0.0,0.0,4.898341364972255,1.8319652874302244,0.0,0.0,0.0,0.0,-0.3448925032034485,1.1315312760508505,0.921385717431779,0.8333288355060016,5.38709001541457,1.2148524335751996,0.4176777119515515,1.198039221910092,0.767874313291888,0.1660578874489798,0.1946158087786331,1.0104571458190177,1.9476017258154943,2.778047452559876,2.6239778462295176
W2635,3,0.0,1.551749439099406,0.0,3.083519321104513,0.0,0.0,3.4416560422459987,1.0896118040853418,0.0,0.0,0.0,0.0,-0.0853457505589315,-0.1034237431818947,-0.3261042625654149,0.0873263689990754,5.1512263449525335,1.561592269391264,0.9847934120595224,0.8227125536054141,0.5618223581258635,0.2989006517481092,0.602288372760807,0.5058922151866235,2.596761913643941,3.5962937061657634,0.978453280398859
W2635,4,0.0,3.20738754351549,0.0,1.6384883689225165,0.0,0.0,3.252145752531069,1.118348455790282,0.0,0.0,0.0,0.0,0.1037697482270689,0.0205279304126476,0.2083285388425062,0.448018838011519,7.795047242827882,1.198987093966585,0.9862732062153904,0.9292149909583318,0.5567193812303053,0.1172196014012048,0.2933702255246801,-0.3475929412651877,2.8926101733718994,2.2890101541281003,2.10165759843245
W2635,5,0.0,1.948317520651679,0.0,1.828715271426064,0.0,0.0,1.2182344809651935,0.718086352429199,0.0,0.0,0.0,0.0,0.1697535056113682,0.5289853752943959,-0.373818329883238,0.3326188612069203,7.140095728547597,1.1687317953881766,0.2339509505322144,0.1508390012228933,0.574770131921852,1.1318889447157487,-0.4759885968883537,0.6434521844247282,3.70139600532086,1.328547783578735,1.686679076085853
W2635,6,0.0,0.6913489267886563,0.0,0.916332446781815,0.0,0.0,0.9720587877366988,0.8747389767901186,0.0,0.0,0.0,0.0,-0.1286678368969291,0.294936036268722,0.2915671598383852,-0.3787937207441175,7.558986913333211,0.4239156098170608,-0.0862065458139257,0.8446894499214963,0.5390482962769948,0.3835696470069454,-0.3643439587922375,0.3446732448347893,3.2438253610022585,1.978467371891392,0.5318961145156884
W2649,0,0.6,0.6,0.6,0.0,0.0,0.0,0.0,0.0,0.6,0.0,0.6,0.0,35.0,0.0,0.0,0.0,0.0,0.0,0.0,0.0,0.0,0.0,0.0,0.0,0.0,0.0,0.0
W2649,1,1.792254981617911,1.650364500311733,3.339108351135608,0.0,0.0,0.0,0.0,0.0,4.670623164260613,0.0,2.849037355757347,0.0,2.889505259228465,0.9046228836415696,1.2636074607305676,1.5020467737921002,2.26336507431497,2.4496727513516383,0.6807442676541438,0.1847506200879121,0.665253194647178,0.1304413119533661,-0.360863956797136,0.4064860806522281,1.4133926506879635,4.530634919645723,1.4727472830281485
W2649,2,2.4513612696142384,3.3154394158011837,2.884390423584102,0.0,0.0,0.0,0.0,0.0,2.204008373781966,0.0,3.134856689786758,0.0,0.3008632375391882,1.1163353464298618,0.1081391541503762,0.5741212567328217,0.9616771506281075,0.8088125329366789,0.4993938688684565,-0.8656032470609577,2.1024410111215293,1.0133567434183042,0.5704006845902284,0.0420032971836758,2.7519178602037244,6.164875836415133,1.5609164761340426
W2649,3,1.1362210551588854,1.7103079849510772,3.0397832044804294,0.0,0.0,0.0,0.0,0.0,1.6378660570988086,0.0,2.6232864567481884,0.0,1.2167590601590197,0.1173236905848965,-0.0645968122322016,0.2124943793188278,0.5195125435140613,0.3210331168726386,0.3333798870412758,-0.2281355491974861,1.7468804185333338,-0.2260112187502283,-0.1466265981233689,0.2548436153076142,2.7658777486104515,4.470359693841778,1.6489434825937053
W2649,4,1.3723768800816658,1.8285586632045367,3.0247718637147614,0.0,0.0,0.0,0.0,0.0,1.9057195583464237,0.0,2.2172781135905617,0.0,-0.5153456928640211,-0.293844405969792,0.1843766573453306,-0.0880167469587225,-0.0570214788787816,0.2411679262774924,0.5530904883419404,-0.2727659505679374,1.2974083310836069,0.8688072385695171,1.4721494154386257,0.5439493416936148,1.7344804521414516,4.200911897431622,1.899069868442444
W2649,5,0.9790234457997384,1.1525586294856738,1.7431897140747712,0.0,0.0,0.0,0.0,0.0,1.8225541725262155,0.0,1.850569859528,0.0,-0.0419189977028889,-0.2510751921721244,0.503075897237136,0.3241520229416011,0.4405807775263013,0.0746327533007506,0.3688931988230891,0.0626266631432318,2.0726836749898485,0.8289317826733262,0.8089013921581388,0.2931637266289827,2.974893693705076,3.7907572704413903,2.223757422476237
W2649,6,0.4344822816632964,1.054535340957342,1.532533656133852,0.0,0.0,0.0,0.0,0.0,1.6299035796610013,0.0,1.5404108998526445,0.0,0.7073703643349045,-0.0814200704730471,0.67907470714285,-0.2749149063073488,0.1133548707117799,-0.6389961901403259,0.2866469125048365,0.3122970026257801,0.253378078235014,1.0835937040792811,0.2427564138162549,-0.2094340007980315,3.528357066513374,3.660791540583071,2.304328392782761
W2660,0,0.0,0.0,0.0,0.0,0.6,0.0,0.6,0.6,0.0,0.0,0.6,0.6,35.0,0.0,0.0,0.0,0.0,0.0,0.0,0.0,0.0,0.0,0.0,0.0,0.0,0.0,0.0
W2660,1,0.0,0.0,0.0,0.0,3.002312287930988,0.0,4.077042284030703,1.1317355093833346,0.0,0.0,2.2840467917915044,1.4247142219682127,0.96629319833156,3.481604470725368,1.443956911123462,2.8824834473979597,2.144295746368946,1.6781418468660856,1.5289435772782152,3.280641238436413,0.3962704096794018,0.7977106834413088,0.1444810379712198,-0.6681578469146702,1.9515093752218864,0.1961936854470956,0.8859579973206655
W2660,2,0.0,0.0,0.0,0.0,3.530793364365981,0.0,2.970526829859825,2.788254067829105,0.0,0.0,3.3132084382146894,1.2997529343731054,-0.6296512979656558,1.0918232839733537,1.5028267064591496,2.627843030529648,2.593767088725074,1.866224743411788,0.9208866636037814,3.728287694603938,-0.0116362754649381,0.0974739540518683,0.6050751294491656,0.6693464563019464,1.921112519373268,2.1472505444688124,0.8764360276472155
W2660,3,0.0,0.0,0.0,0.0,2.7473925693772694,0.0,2.468851647141036,0.6508802374858714,0.0,0.0,4.091290313907783,1.4066220297140364,0.0909804926981869,1.5795375003768517,-0.0164105279484962,0.4443723913795038,1.6285534006844626,2.1194307384602773,0.7137988459366847,2.865880157220761,-0.6031078427282056,-0.1656172571568483,0.4566993022805052,-0.0679255014449697,2.3736078929224056,2.433822922486386,1.2572282404903357
W2660,4,0.0,0.0,0.0,0.0,1.6890396013848523,0.0,1.8828248095080968,2.042297540460592,0.0,0.0,2.908007131943579,1.6825120455597036,0.6555118674614084,1.2878155980585706,1.2360184301286783,1.4052420516596225,3.117996893041261,1.670017752155597,0.0213690291259968,3.347236452400417,0.4448794908416253,-0.9632915674439692,-0.4147404152229202,-0.3265776709574852,2.8593000694723685,2.1920297552862347,1.0093784047972427
W2660,5,0.0,0.0,0.0,0.0,1.3477828140298322,0.0,1.4955033531523263,1.1697636730053935,0.0,0.0,3.065226989634876,1.0434836799059968,0.3273113638178114,0.8771761263884142,0.7616455985689686,-0.1085879538882648,2.7755071160994,0.7618796858269188,0.5324816143242295,1.35046609141244,-0.370541322327327,-0.0224577031672873,-0.1298097439853289,0.3942107989357615,3.8500675236280384,2.0746299470282765,1.7637574564645475
W2660,6,0.0,0.0,0.0,0.0,0.7187986306107021,0.0,0.7187356436829202,1.179253586372835,0.0,0.0,2.4732085746846333,0.7528325057140446,0.4529981486292286,0.1962176052376347,0.1608146735304473,0.9654274730510642,1.5927444503847925,0.3707200429455005,0.2007830415160606,1.7906753920334637,0.3916273433575827,-0.584954463210927,-0.3655898034070472,0.0712375791206003,2.8184102661459614,1.9850759263054036,1.9931178806155905
W2664,0,0.4285714285714285,0.4285714285714285,0.4285714285714285,0.0,0.4285714285714285,0.4285714285714285,0.0,0.0,0.0,0.4285714285714285,0.4285714285714285,0.0,35.0,0.0,0.0,0.0,0.0,0.0,0.0,0.0,0.0,0.0,0.0,0.0,0.0,0.0,0.0
W2664,1,1.11574030485024,1.13894666875789,3.2227241011871035,0.0,3.987449974047216,2.924068326451631,0.0,0.0,0.0,1.9195583524272548,0.8680672598181808,0.0,0.7342957640746169,1.993098287831436,3.662064477226792,2.5835461651770317,2.3368006685383773,2.2053122769035465,0.6937602407811752,0.7775557446494153,0.7788682706900549,0.618065699946847,0.5615725597797315,0.965686219744234,1.7900882082867822,1.6113063352195636,0.3770458901867276
W2664,2,1.527422928013768,1.933780013142971,2.822869053546102,0.0,2.9501698717117866,1.2356013731885398,0.0,0.0,0.0,1.5509981158365287,1.793509239630371,0.0,-0.3136138303847906,1.837378989400868,1.4791602614648167,0.5551506367728498,0.9841982767633906,1.8484760852719084,1.019765541441498,0.3420089958795263,0.3347628871772403,0.8198650883588773,0.7092782567478414,0.5851177579125239,3.871370841723452,2.8999732061316137,2.442518902657068
W2664,3,1.6069087999154965,1.5474350216743564,2.685858445164352,0.0,3.304945818798968,2.21909338138731,0.0,0.0,0.0,1.1538332937731688,1.5624319093483667,0.0,0.0754544203764073,0.3412020755372669,0.2946419742911932,0.114865965171237,0.8171149540776559,1.030240294125453,0.8121028010632827,0.170457368082106,-0.1857413567176433,0.4605915915515036,0.7969688063431554,-0.2003685798170729,3.140772898793931,2.9206481694360846,1.016544870910221
W2664,4,0.3812633984522248,1.5153154900091836,3.004597981489808,0.0,1.0084596957334828,0.9735846418062464,0.0,0.0,0.0,0.8968740276263687,1.5255808759989842,0.0,-0.2007907681388902,0.3781759721372659,0.0778633812116217,0.4171554926038484,0.6115171014007811,0.7234935488060557,-0.070488879320115,-0.2723943298125422,0.4742938898809365,0.1191819481275142,-0.2356032807203143,-0.2089685895114645,1.8037452558412168,3.025294783632845,2.528268340818279
W2664,5,0.9530797793774096,1.3465135093177532,3.888253623747661,0.0,1.82196752791196,0.8046221213526901,0.0,0.0,0.0,0.7056978171464492,0.6562320279494678,0.0,-0.2517835525736436,1.026715091399295,-0.1474196590930947,0.0270977269812162,0.3762829591708092,-0.6460747669457492,0.2823153406010576,0.345718191195267,-0.3245537449386257,0.4077170026759417,0.7711339006223634,0.7300442456508593,5.101184206572171,1.970667866223298,2.76970256373227
W2664,6,0.8358696689534333,0.4957350431489744,2.074493144776763,0.0,0.8947657238804309,0.566664056024169,0.0,0.0,0.0,0.7838229130449307,0.6565366172548218,0.0,-1.369989414674979,0.650788870231246,0.2035535309799075,-0.0694292845953159,0.2706594504500353,-0.1047585354845897,-0.0083230122129606,-0.2239893501748779,-0.3825564129274749,0.0609251998291677,0.8484553963688899,-0.0650281504978925,3.661942272824129,2.187313036340823,1.841812154535562
W2711,0,0.5,0.0,0.5,0.0,0.0,0.5,0.5,0.5,0.0,0.0,0.0,0.5,35.0,0.0,0.0,0.0,0.0,0.0,0.0,0.0,0.0,0.0,0.0,0.0,0.0,0.0,0.0
W2711,1,1.8796995562346368,0.0,1.9076545930840056,0.0,0.0,3.378487367090798,4.527947952833645,1.4709260116732272,0.0,0.0,0.0,1.185752054986065,1.5236164439736826,0.7598582895780837,0.2529019081650003,1.941522521252825,3.568690209268345,2.3565725555270465,0.6816301928070769,4.387805768325856,1.1439596332543525,0.0384355929252508,0.3567945628964369,1.676271781581335,1.415053075113699,0.689837762988376,0.888026248784644
W2711,2,3.127834783400933,0.0,3.667806377404311,0.0,0.0,3.229634951131988,2.1435239048755825,1.2662377745215818,0.0,0.0,0.0,1.213092255496194,0.5740707446792208,0.60939207913939,0.304680127272373,0.13448147904159,2.6623998002148737,0.3690054714478223,-0.6000961978520866,2.0084623336397907,0.6066011733192482,0.2066797286733101,0.2083749615260388,1.4404693555443933,3.794619168984681,1.789627882510923,2.4899381871954995
W2711,3,2.969085958301566,0.0,2.5443338061047616,0.0,0.0,2.6454650062165275,1.784790020147394,1.1651559617362568,0.0,0.0,0.0,1.134060652944842,-0.0122840827184441,0.1127963103537332,0.043420897093236,0.0500555074711986,0.9238751313862142,0.1666862185408466,1.149323465388785,0.2868693080628581,0.0348869608008874,-0.1487873914295261,0.2371172238661182,1.1622157679716962,1.1978006304347355,2.890812121640252,3.4898979246006987
W2711,4,1.369456478624766,0.0,2.5999227730601184,0.0,0.0,1.3381548358011648,1.0484542554365794,0.6841384944065729,0.0,0.0,0.0,0.4020683698071563,0.5201985151673596,0.6266220711158109,-0.0014294616932555,0.2644712269465287,0.2464742474569191,0.7470033971928222,-0.0418644549794345,-0.1448544435766128,0.4380351269028669,-0.0929197324033739,0.6953298322062091,0.5690079631348295,1.397728206881684,1.4930759288273572,5.866758001723216
W2711,5,1.9853142792106349,0.0,2.1876679742696004,0.0,0.0,1.144513131442742,1.4834972116047762,0.2821164598576567,0.0,0.0,0.0,0.283795536034447,-0.2189450921111576,-0.4717803668697424,-0.5639200360801099,-0.5262065686317645,0.4382634261860185,0.0132069343009809,-0.0467882160164725,0.3866537877405849,0.1429509636232412,0.0500673032211236,0.421833573340716,1.504178556072489,2.798292426170197,2.9956056822808974,4.62931008408748
W2711,6,0.7304770343951599,0.0,0.8563012493410715,0.0,0.0,0.2855771035730897,0.7948742819731283,0.5101685657270508,0.0,0.0,0.0,0.4292226855338199,-0.3808523013988258,0.126594329956225,-0.3650129776418968,0.238079056147649,-0.0973263940702915,-0.0780556982691206,-0.1427746685821268,0.5867150656187171,0.2205744982415801,-0.9750788565609227,0.5445887786101659,1.082860336777009,3.3005563170553724,3.4430364987551254,4.200556566808422
W2842,0,0.0,0.0,0.0,1.0,0.0,0.0,0.0,1.0,0.0,0.0,0.0,1.0,35.0,0.0,0.0,0.0,0.0,0.0,0.0,0.0,0.0,0.0,0.0,0.0,0.0,0.0,0.0
W2842,1,0.0,0.0,0.0,7.997264846550367,0.0,0.0,0.0,5.966360092767689,0.0,0.0,0.0,2.551741922243521,3.464056731332308,0.812494113932651,0.471269224281639,0.6461097980443322,1.1714436709640017,8.961514065187863,0.511204505276741,4.009650529133391,-0.0355925927842161,-0.1226913297811759,-0.2441782752360169,0.1798827222581594,3.6301160148480855,-0.833771029985062,1.50881890636421
W2842,2,0.0,0.0,0.0,7.478087241232183,0.0,0.0,0.0,2.665373260993277,0.0,0.0,0.0,1.4679727986212638,0.7279766141072714,0.1463787879104346,0.0365025606558608,0.9164309176303964,2.5353735585038053,4.897563693310562,1.261360457116456,2.727472537909044,0.0025474062054699,0.1543461118414559,0.4616869258995936,0.4497049220413672,5.993823371940576,0.9723791055769876,1.0787045559038813
W2842,3,0.0,0.0,0.0,7.289246111078951,0.0,0.0,0.0,4.276554256418971,0.0,0.0,0.0,2.3549070939057914,-0.41586486732569,-0.3088275735083955,0.3759320756203355,0.8548972998147714,4.786818371026293,3.1049684573078533,0.2819909568219108,-0.0734990750466471,0.6977513417535658,0.3503557587536562,0.3432774666747467,1.2607083029126054,1.4196343584066518,1.7553251404812755,1.3507134717880662
W2842,4,0.0,0.0,0.0,3.498225713716403,0.0,0.0,0.0,4.736138639536409,0.0,0.0,0.0,0.6487172162204171,0.0691441428149405,0.7115086019840353,1.277432935564136,0.3330151815067597,2.210999073030048,1.4010547290069104,0.3616179471480559,0.1674789413508365,0.7862711490025345,0.448984169798895,-0.0595951917478574,-0.3453781210934519,4.1534877942005615,0.9010617048260476,1.0366916536751063
W2842,5,0.0,0.0,0.0,3.35331789597167,0.0,0.0,0.0,3.576518815402321,0.0,0.0,0.0,0.8037907353392946,0.3167407651726831,-0.0252668353226733,-0.0730385822290868,0.930583486519053,1.866647476316428,1.791329132794017,0.6911165041027069,-0.0973974164178827,-0.5092178619004484,0.2095560934683347,-0.1581936592213358,0.6332416299153212,7.603997956233375,1.1630912585906046,2.628641150802899
W2842,6,0.0,0.0,0.0,1.9794170627669136,0.0,0.0,0.0,1.7096508646637882,0.0,0.0,0.0,1.0662889868553802,-0.4463152374198285,0.4165300275593357,1.131399983664225,0.0694782670674528,3.831450406947381,1.3118532737668231,0.8077859809936776,0.1001053266403893,-0.0440538102968631,0.2786971105034078,-0.4208962270553992,0.3761796560162959,4.69639375539743,1.5366839934672964,2.628399354169325
W2944,0,0.6,0.0,0.6,0.6,0.0,0.0,0.0,0.6,0.0,0.6,0.0,0.0,35.0,0.0,0.0,0.0,0.0,0.0,0.0,0.0,0.0,0.0,0.0,0.0,0.0,0.0,0.0
W2944,1,2.1488389217247588,0.0,3.658800617363241,2.0456426134323435,0.0,0.0,0.0,2.0121634204772274,0.0,3.1650506477883056,0.0,0.0,2.1533698843326423,1.462924468548626,4.108092887252028,1.1542666652858906,2.081402486362768,3.775150881473875,1.5894999157900216,2.332052624873709,0.9088339009939724,-0.2863150638075189,0.2332340698307167,0.4236011067574564,1.640638074691415,0.9767699546942052,0.689121630614791
W2944,2,4.375653827640419,0.0,3.80180219890577,2.850035031361012,0.0,0.0,0.0,2.331981613936943,0.0,3.9719947712378745,0.0,0.0,0.8403198812984001,0.7682631622259328,0.8107225712329853,-0.6240275452552216,1.334937029876765,0.1356589792919152,0.7994633572430079,0.6406852926409058,1.0750520288877656,-0.1164776577954359,-0.0228182763336198,0.4711264947524984,4.46086381266578,2.5321818994500167,3.1531856246004177
W2944,3,2.5768217808019465,0.0,2.6655273239666437,1.6918547694167718,0.0,0.0,0.0,1.6764593605347131,0.0,3.410429284303372,0.0,0.0,0.4213818985957078,0.1041259895250912,-0.341952638199179,0.4069657004805662,0.4232408134586912,-0.0929515070989851,0.6305177975699202,0.2240351415999393,1.2681612886752578,0.3613582004643582,0.4662302168543474,0.4010385923847709,3.934856436924488,2.2116853140793875,1.0693503905143502
W2944,4,2.8469625907955667,0.0,2.175501132321465,0.9549946772217228,0.0,0.0,0.0,1.3584081354545767,0.0,1.75281509128847,0.0,0.0,0.158918053332735,0.4140011444449388,0.8633803876718285,-0.5725401153819987,0.3288953076253242,-0.1644680521902413,-0.3760758715563395,0.882557612578244,0.6004926771539645,0.5309119562488714,0.0337732579826001,0.3799342178606223,3.630887954209544,2.277324391287113,4.4093602485978485
W2944,5,1.2345754869698533,0.0,2.412341997005508,0.6387807073294649,0.0,0.0,0.0,1.3172009185974738,0.0,1.5678223351630605,0.0,0.0,0.2784768682889008,-0.2171516805079977,-0.2526454206742224,0.0491852422811744,0.3524179680237025,-0.2554700909084979,-0.2562379783995208,-0.2422974951328143,1.2038207980212603,0.5644549511238932,0.2881071073527433,0.0638738929550942,3.3799220641867675,1.842108723790984,2.832628980820739
W2944,6,1.3378788048076948,0.0,1.2196676358611032,0.814033196411116,0.0,0.0,0.0,0.6114752624609427,0.0,1.1402101016398127,0.0,0.0,-0.3327865289059867,-0.0909642190243376,0.1938440805095593,-0.8815830189061129,-0.1490550478991617,-0.2092954908860747,0.5226760692839546,-0.3270824716218311,1.5102545057354495,0.0398144465085904,0.3647962690148154,0.3458368598817749,3.5629072435738744,2.2135151067274466,3.0327512148063267
W2954,0,0.0,0.0,0.0,0.0,0.0,0.0,0.6,0.6,0.6,0.6,0.6,0.0,35.0,0.0,0.0,0.0,0.0,0.0,0.0,0.0,0.0,0.0,0.0,0.0,0.0,0.0,0.0
W2954,1,0.0,0.0,0.0,0.0,0.0,0.0,4.600301672433534,2.410711748530152,2.9662453699589286,1.7656055719858228,1.8935265065374085,0.0,0.3198241266079875,1.6885355273896412,2.179481310814125,0.9291440886662607,3.48910812656662,1.7587292986956586,1.0972552841395975,4.196173201471363,0.8612285326401722,0.8697792607439575,0.1495596640224395,-0.3324823670599899,1.046220276227251,0.9032382523324188,0.2870035145125865
W2954,2,0.0,0.0,0.0,0.0,0.0,0.0,3.898424788502188,1.5424934763747546,3.354401540360276,1.4715302980485785,1.8620571273613944,0.0,0.6229676252375379,0.6391732715200127,1.1976582172864516,1.067007642094197,3.0200281284662696,0.5364799496181063,1.160661228491376,1.1878646268273485,0.6643107563081712,0.5116031243933558,-0.6750562065045842,-0.2152909396411048,2.08255712486708,1.7250866135633969,2.360575345382565
W2954,3,0.0,0.0,0.0,0.0,0.0,0.0,1.922564212497772,1.4045269077556315,2.5463634587463813,2.505707060165457,1.4423916292204348,0.0,-0.1335541499850982,1.1536459144786948,0.0683421782667358,0.8267509240426539,2.2196912429109954,0.7488737512464603,0.2595901564749875,0.7764533714212829,0.3965680502269523,1.1979715521708516,0.3449148187289162,0.6625344868006438,3.112206319450268,3.769567072476241,2.3897605875046617
W2954,4,0.0,0.0,0.0,0.0,0.0,0.0,1.1926191316607713,1.2860435442985654,2.416872176810218,2.172434165124008,3.316832080969671,0.0,-0.9952120535794676,1.304164821956043,1.4270837769697644,1.2471813419148146,0.321939581221039,0.559030005446425,1.263823167843178,0.3384538895217018,-0.1684532984473365,1.0950557224286248,-0.3039393004864237,0.6678640770698763,3.740738470601836,1.9549916361885984,2.037680362478004
W2954,5,0.0,0.0,0.0,0.0,0.0,0.0,0.7795538425252565,1.0015089391837475,3.0204847647498965,1.010399652017042,2.185423321759358,0.0,0.4141799563259071,0.8157996679984342,-0.023482884898942,1.0834168699687907,1.668166760666904,0.5734104611229074,0.339767105812836,0.0925552613710371,0.699597973458528,0.4115741807655686,0.6746643313673473,0.1738272716403105,2.0270445103512675,1.5308400319498583,2.0160797240009707
W2954,6,0.0,0.0,0.0,0.0,0.0,0.0,1.1036385048499762,0.6401394776292568,1.4470839439013443,0.8762398037598935,1.9462644535892275,0.0,-0.1900800757606854,0.8902927146629445,-0.1928707389059779,-0.0907454554199096,0.3800134209025575,-0.0147223381619801,0.3119929099659217,-0.037217378854875,0.6268568353807376,0.0107716011253279,0.5557320755370807,0.5907863853523132,2.719438934741224,2.50753504169293,2.3400239824407687
W3014,0,0.0,0.75,0.75,0.0,0.0,0.0,0.0,0.75,0.0,0.0,0.0,0.75,35.0,0.0,0.0,0.0,0.0,0.0,0.0,0.0,0.0,0.0,0.0,0.0,0.0,0.0,0.0
W3014,1,0.0,2.0787404085355243,6.874944933666599,0.0,0.0,0.0,0.0,3.165100618905167,0.0,0.0,0.0,1.1016077499011667,3.087594322968405,1.3703109391326032,0.951873873114643,0.331908531970249,3.714664274252261,3.660837231632178,-0.172379512331853,1.6213587158372262,-0.0438189529246414,0.1124580094930249,0.3325106035910949,0.500603319936824,2.69183610124537,1.7795998235847237,0.792006243112981
W3014,2,0.0,2.9936729727084344,3.462292822203292,0.0,0.0,0.0,0.0,2.723452683245929,0.0,0.0,0.0,1.5590297476336723,-0.0304444710271695,0.7038536580090132,-0.4982063550944976,-0.5334624368692503,2.1897747405075854,0.8639686746791995,-0.3948098229465097,1.0176455513032865,1.5880264279037108,0.1494260824661132,-0.0937472193313643,0.9060724173307264,3.9355450438112,2.757712505566915,0.7443554017087854
W3014,3,0.0,3.171270118771612,5.267448520339477,0.0,0.0,0.0,0.0,2.831939808315864,0.0,0.0,0.0,2.048100232835633,0.5849521671752673,0.5259385032107874,0.3961373700691672,-0.5490938270080898,1.5969480070677622,0.5630985081536845,0.4485250037684823,-0.2465360753564702,1.9228245384985836,0.7403883149947768,-0.134741584689876,0.6318874518469365,3.5107781952699164,2.276647070548928,1.3083307579334291
W3014,4,0.0,1.1575924832084694,4.352824708188719,0.0,0.0,0.0,0.0,1.5853074709811477,0.0,0.0,0.0,1.6954720968857622,-0.2499391088756767,0.451925705654275,0.3006740306792462,-0.4230832706545106,1.1178512651794907,0.6150965008257627,0.59233922932713,0.6268804302664054,1.551082038253142,0.1920023136357278,0.4678067469568613,0.3888095262435928,5.416818858943765,0.8655334987432954,1.9477265982208292
W3014,5,0.0,1.7666590332611505,3.609496728849841,0.0,0.0,0.0,0.0,1.275391191059594,0.0,0.0,0.0,1.335924906461455,0.1401799207550808,0.0179273796052338,-0.2858185821164659,-0.4109511565045011,0.5537935468254771,0.5829660503895123,0.143389722207727,-0.0064410717635007,0.8511829469961373,0.8699975523106507,0.289983900663722,0.2717309726013761,6.171081353735289,2.98862344529783,1.9303774730119343
W3014,6,0.0,1.5202149177943904,2.5155695816722075,0.0,0.0,0.0,0.0,1.0302193180016832,0.0,0.0,0.0,0.9262786519335447,-0.2832635888791655,0.3326713534066123,0.3127889631988872,0.562849446677142,-0.04022885142543,0.293673472269477,-0.0238360043250669,0.1478036148303471,1.6668444664954083,-0.3532238998989451,0.4305250878961362,0.0424156685539803,6.445197329196946,1.5311232345882857,2.573109964381405
W3122,0,0.3333333333333333,0.3333333333333333,0.0,0.3333333333333333,0.3333333333333333,0.3333333333333333,0.3333333333333333,0.3333333333333333,0.0,0.3333333333333333,0.3333333333333333,0.0,35.0,0.0,0.0,0.0,0.0,0.0,0.0,0.0,0.0,0.0,0.0,0.0,0.0,0.0,0.0
W3122,1,0.8887784334190633,0.778611304001821,0.0,0.9951124039798392,2.8929504430052124,1.2240125751661384,1.7332414791450792,1.3099016603042075,0.0,1.622122508521215,0.7538740386487726,0.0,-0.037835152207856,1.6221248673085875,2.737497063780105,3.5221348776801094,1.780741114022334,1.641294390310613,0.6638319845131702,2.050592007803643,-0.0155917863838142,0.8740264086618504,0.6804024471221883,0.7142383690893068,3.1095943932997674,1.1107898914619485,0.860134714123437
W3122,2,2.5675315739213262,1.1494923573214173,0.0,0.9706404525310208,1.6507899442646563,1.4257453402501097,1.9249825700013012,0.8108539555902685,0.0,1.6392121465147966,1.8371436184261063,0.0,0.5252671219026512,2.0198001112093067,0.9957049051312092,2.0743936055275345,2.2086096909163926,0.7855673170398215,1.2599600260107446,1.420596285184757,-0.5796277990992545,0.0166261326428202,0.0344862541745301,-0.2941667637539467,3.977182945833045,0.4617218980884754,2.456524155320686
W3122,3,2.307299998968393,1.87039261142335,0.0,0.661620472659016,1.6748807636863363,1.2876675551284826,1.275153216351661,0.8850275510398773,0.0,0.9721444451443824,1.366807696159447,0.0,-0.6662670770695046,1.3184786325652975,0.2895135728662253,1.608288433972193,2.3383471371119318,0.4197307434154018,2.272783018515637,0.9864497931167816,0.0320937337733021,-0.4042848877814123,-0.077043908075473,0.6888762979008567,3.956499529249584,1.998633444860087,1.369754380726364
W3122,4,0.7933658626877476,0.8079136630943593,0.0,0.9694492441394192,1.3541247034740624,1.2309859991615724,0.7322884080980767,0.5849884153512509,0.0,0.8059659266837084,0.5533227779774831,0.0,-0.262708611565616,1.194476333863999,-0.2855762173773544,1.6228880356289612,1.6008617175456097,-0.3101606874131878,1.2070090133444222,-0.2223694182300364,0.3099608128252356,0.2772375252313843,0.7837242678984707,0.3729841703981899,3.898903241706324,2.264685018951384,2.134722067788852
W3122,5,1.1701654905663397,1.1071199710898654,0.0,0.4452289426264436,0.8638207755109438,0.4438451400302518,1.2611755568263807,0.4574533139513024,0.0,0.6029741594499101,1.7966954177725336,0.0,-0.7192514560785359,0.9902171060023734,-0.1667036002068876,-0.1715374183789253,1.515941784394888,0.019173211551998,1.3166709685782512,-0.3748431901465412,0.5098201341292522,-0.1543974931953332,0.0471739746061339,0.5448026000538363,2.6995402718912023,3.338232066530381,3.485307434416886
W3122,6,1.1000176393632397,0.9752102841417948,0.0,0.4942622059772202,0.6371988424189864,0.5723085480181633,0.542844372511158,0.4692946694778498,0.0,0.5864492822447083,0.607480256804264,0.0,-0.1854031258973387,0.3562842648155547,0.2077101270229551,0.2088913854972647,0.9145909210660996,1.2093630101209845,0.3601917665797607,-0.1314902531760433,-0.5649054376619962,0.1065947401419484,0.0711788497574068,-0.1828458810418683,4.042970442931777,1.6455931625560378,2.347488281075881
W3201,0,0.4285714285714285,0.0,0.4285714285714285,0.4285714285714285,0.0,0.4285714285714285,0.0,0.4285714285714285,0.4285714285714285,0.4285714285714285,0.0,0.0,35.0,0.0,0.0,0.0,0.0,0.0,0.0,0.0,0.0,0.0,0.0,0.0,0.0,0.0,0.0
W3201,1,1.2922916303934755,0.0,2.649740255481907,1.5163613252091046,0.0,2.8508573102539745,0.0,1.7844974922486838,1.946341112237569,2.1312422784399896,0.0,0.0,1.1439744630045658,0.9241725676596488,2.532822352130073,1.8415755605984951,2.108529478199604,2.7150753834662296,1.300744900793636,1.828369950928803,0.9091914849074634,0.4008679821797177,0.2874025597166756,1.4464583963754234,1.2609997098649344,2.101072399820475,0.7802731697246681
W3201,2,2.4694769068493483,0.0,2.705273057393572,0.7002723917967454,0.0,2.4755614690141114,0.0,1.6607731290594332,2.3918755932694054,3.0061687176116694,0.0,0.0,0.0339666906892701,1.3743424385180971,0.8044734981798818,0.3910957813827387,0.7281921917081134,1.1320404355572051,1.436246157044542,0.8820459902490382,1.1274198904497097,-0.0435272211251358,0.6599740044691893,0.3849474550812736,1.8967567338943048,3.186414560448805,2.3780292948107293
W3201,3,1.718801883302882,0.0,3.7337512063135314,1.6973952430764854,0.0,2.426740750945884,0.0,1.443253535010919,2.1082429354502743,1.3001596413944123,0.0,0.0,0.2825251001770915,0.5958042352614679,0.064971182157614,0.7336050303658607,1.7758739521574674,-0.243758019585191,0.7148782722285083,-0.1634078432798841,0.9933864552615498,-0.3712321948651753,0.6266661542201871,1.3413612919944446,2.932693077801927,3.8224225615634646,2.192048521194021
W3201,4,1.7946626281964253,0.0,1.559278916765301,0.5776234269104267,0.0,0.7399776294478633,0.0,0.3686046307723498,2.152894260621586,1.126935324792055,0.0,0.0,-0.5393389032034831,0.038638430458449,0.1622525264374149,0.3797871782551806,1.154687293056924,0.4592429315282098,1.0971161026658127,0.5953746718125319,0.6201588108544551,0.08816582520043,0.6185694200809001,0.9689619409684244,2.910589261245411,2.6481423127964288,3.6865635997862314
W3201,5,0.9163063893268604,0.0,1.903214849253881,0.6452455271577805,0.0,1.0975523983180009,0.0,0.53890772140417,1.203776539594695,1.1194745296707949,0.0,0.0,0.638015966836552,-0.0933253146071533,0.7457241972836788,0.9882345970685398,0.6145713520707604,-0.2241522999711467,0.8353426028128448,-0.1836294469429133,0.5088181188552294,-0.3263972115771544,-0.1837228298463986,0.5020652876571443,2.9582599959590663,3.3036907033330465,2.884710672310394
W3201,6,1.068514841234822,0.0,1.4036441225720744,0.5813352998096859,0.0,0.7597516794982495,0.0,0.3575106493876742,1.1797775413757876,0.7202157861315172,0.0,0.0,-0.0467437776685663,0.1840352306428414,-0.1345625312254739,0.0289655138554388,0.9121453201584492,-0.2649458444478384,0.3671385812906255,0.0484533281771317,0.282477295476469,-0.2995068767216096,-0.3649164938168727,0.1458913236254348,1.5020228125938615,4.459039833347707,2.923401831861059
W3203,0,0.375,0.375,0.375,0.375,0.375,0.0,0.375,0.0,0.375,0.0,0.375,0.0,35.0,0.0,0.0,0.0,0.0,0.0,0.0,0.0,0.0,0.0,0.0,0.0,0.0,0.0,0.0
W3203,1,0.801799182860331,0.9625033615405376,0.2822498389891956,1.0621188324673618,2.003037112280337,0.0,3.242679522398382,0.0,1.5736883705114693,0.0,1.7400593526065045,0.0,1.6434372588118786,1.7078735201833064,1.104886088501778,2.9183182276861976,1.7726684414728624,3.271035579134216,0.8154799138459946,1.012570496853599,0.0467053404360054,0.3348596185188593,1.0230968976756345,0.0371472882241412,0.9407102132839168,2.1241517078518384,1.1015592418056042
W3203,2,1.9959670348662488,0.5025876298453885,2.1366260137791806,1.8303492692684904,2.986451147125643,0.0,2.0660934263724493,0.0,1.5826589443697077,0.0,2.29688836554675,0.0,-0.4298623293198106,1.8167072483395148,0.4043457875661043,0.4263500472439042,1.091427305706441,1.7690178935161491,0.0978211314627416,1.4053150245744188,0.0286950838222289,-0.0374072676426825,0.0844648653733159,0.549046500311192,3.3611410379917794,3.706998427230244,2.9256580943824364
W3203,3,1.6414436657508165,1.5882075333112111,1.6902364605554705,1.1172468031530098,2.5824314152193417,0.0,2.097467396960728,0.0,1.7302877049577916,0.0,1.812287304892117,0.0,0.2160421904776435,0.7828723183227546,0.0098042548800172,-0.1316913025895043,1.2086593801363756,0.6571241390432454,1.0582541456010173,0.1717457544249786,0.3453556421742446,0.1382271069171455,0.0525430038516362,-0.1002899029657736,3.3001946302291465,4.668769907341495,1.4604244522092342
W3203,4,1.0441084010074024,1.0121700565303478,2.4310435002451283,0.6118905767935786,1.5360966482238891,0.0,1.3389944763033406,0.0,0.8218555754925876,0.0,0.9534468471514423,0.0,-0.3135767408943131,0.2584804185637063,-0.044943276144217,0.0275618902386659,0.9150461840486712,0.0268552664984263,0.3541136958691855,0.1794781322138718,0.6141993119930823,0.4200869702379058,1.0440517149367274,-0.0104686800804143,3.363716965899292,5.994290527707927,2.1409217159291902
W3203,5,1.2548369673070892,0.7802209248819987,1.4912260249928169,0.6152563075105519,0.769851600229314,0.0,0.8369807321087653,0.0,0.8045763997752222,0.0,1.1747634219748917,0.0,-0.0267318332347248,-0.2705841901326167,-0.1268822866687495,0.0655580237051663,0.1077965098096538,0.1521253526664757,-0.945978399327145,0.2964213781752129,0.5374213161834096,-0.1027982294444411,-0.1023811287311952,-0.4757741258665822,2.360757307217152,4.309079754956064,1.528701892379381
W3203,6,0.6725413299632478,0.5894519199566575,0.8316545507255346,0.5675175282621716,1.1437054844590726,0.0,0.2790253689141806,0.0,0.5074642867745657,0.0,0.8892607068243046,0.0,-0.0834446375260742,1.471209940705179,0.2012046292581806,0.1781459963059207,0.2574127873075338,0.480329119975717,-0.6688482612749471,-0.3575589735533178,0.381385057393183,1.1612402311719447,0.8652264615196806,0.037611508827055,4.5084913423671455,3.166996851538053,2.87727751026381
W3253,0,0.0,0.3333333333333333,0.3333333333333333,0.0,0.3333333333333333,0.0,0.3333333333333333,0.3333333333333333,0.3333333333333333,0.3333333333333333,0.3333333333333333,0.3333333333333333,35.0,0.0,0.0,0.0,0.0,0.0,0.0,0.0,0.0,0.0,0.0,0.0,0.0,0.0,0.0
W3253,1,0.0,1.1066003576461851,1.2504687687971667,0.0,2.695261629851484,0.0,1.6995020776128529,1.3940379082544732,1.254245611032789,2.356271877083984,0.7405884712509194,0.6376906443877643,0.7666559764891303,1.719995467816106,2.687456324362683,1.5292830622027258,1.7634746211063963,1.723746145407134,1.040637813151653,1.463076856117276,1.0957348635228576,0.9174814050903448,0.2030283464815987,0.501499523862846,1.3563123501611671,2.4926575981324786,0.6308102179676233
W3253,2,0.0,1.8940868473414805,2.1601760997442256,0.0,2.270497036298464,0.0,1.4832247538636825,1.3756359815031372,1.2300626410695,1.632806176390672,1.5622135245105289,0.7385108003806206,-0.6974976510602491,1.7940463320652529,2.3293868927993886,0.9226812943052264,2.719548398429426,1.0010029596711194,0.7873530399010729,0.6114685180211252,0.1770018357577536,-0.1856729495681262,0.5305602793269142,0.3722912114639437,1.3851789070900806,2.166569272346191,2.366482098884578
W3253,3,0.0,1.1309468308377428,1.9686897318679224,0.0,1.2043611403967294,0.0,1.417528846690761,0.6183821762109085,1.8785805047773676,1.229250395652287,1.598525782515658,0.7883829450982386,-0.0545297217902872,1.3998746551935195,-0.2454107840089937,-0.0951874143900036,0.775738762285038,0.3577590058465666,0.5903205822483031,0.8907508942844768,-0.2487775527729182,0.4100657533327736,0.1945044756456962,-0.0069881853048124,4.070336781840381,3.3694007648590625,0.9412324953673952
W3253,4,0.0,0.8225517251072894,0.7331511921691007,0.0,1.1553188863167825,0.0,1.5727745436253129,0.2974339627022438,1.248876442657883,0.6733120442893398,1.187649249422047,0.1749071777066039,0.5037155953222996,0.6078998704083369,0.3393022943015732,0.2484060844723881,0.6772100772606908,-0.2319642864206588,0.385068729453054,1.3246919820578822,0.2239334333509788,-0.3538061751444442,-0.4656724965587805,0.0618031852197256,5.0446777670265615,3.5951269235968155,1.5820676290027895
W3253,5,0.0,0.7612613286701769,1.711191660146925,0.0,1.4872405218480158,0.0,0.4486986760846996,0.4027593785706767,0.5729587473275739,0.5184378147551341,1.2461945697307486,0.4906657261259595,-0.884483337771779,0.5190249112784894,0.2973302327346248,0.0256394251297779,0.4242925523306229,0.0377550070561205,0.5322746307442203,0.7942012344862871,0.5510355169941659,-0.0196084555455186,0.6758126197615038,0.2732776662550799,4.508099560116058,2.749576268610217,2.3858371976596167
W3253,6,0.0,0.823715986270205,1.3575336725548763,0.0,0.989223866570366,0.0,0.61432012255414,0.4292945309546319,0.514361389627223,0.2982947935758804,0.7038962823781555,0.3773072783548131,0.1655168057481766,0.3818231834066529,-0.0084106007068185,0.7485512793900366,0.450039992642795,-0.2250392524368369,-0.0890986112339916,0.759283815989673,0.0080511727619095,-0.2308094982276037,-0.8701938140412079,0.6748651602729662,3.736545373267832,3.676900272423469,1.990575604693945
W3378,0,0.0,0.4285714285714285,0.4285714285714285,0.0,0.0,0.4285714285714285,0.4285714285714285,0.4285714285714285,0.4285714285714285,0.4285714285714285,0.0,0.0,35.0,0.0,0.0,0.0,0.0,0.0,0.0,0.0,0.0,0.0,0.0,0.0,0.0,0.0,0.0
W3378,1,0.0,1.3569165138238122,1.229796148964155,0.0,0.0,2.322360673729745,1.3941461348914983,0.9614407632236698,1.9460105848814797,2.526273121069314,0.0,0.0,1.2356887508347865,1.0868051672880852,2.2947633154163416,0.5714621929338285,2.9710041459102343,2.0723078798682417,-0.0147361913572108,3.6155580628962456,0.2212130628485204,0.2406016682379174,0.4248754817370674,1.199948184792319,2.1588808325058837,1.7204187418767067,1.3847779191179894
W3378,2,0.0,1.8681116788698344,2.0302581021303414,0.0,0.0,2.3081618528100445,2.509924390692264,1.391517885040667,0.3959734058203801,2.871234737853924,0.0,0.0,0.1565464797803636,1.0728190313655737,0.284398591807744,0.308185821172185,3.834286877069478,1.730957342924866,0.4061337648308471,1.3645868697997567,0.060767597250784,0.381449421490751,0.806109249443201,0.2030366713029849,2.7647558635576983,3.525249155627031,2.300999265831792
W3378,3,0.0,1.0306018851982588,2.546398248677479,0.0,0.0,1.973311485338049,1.385126846728765,0.9091926964192056,1.5460832831579574,0.6700260778870719,0.0,0.0,0.1628268240470574,-0.1003979376017387,0.6712505306509187,-0.4668686402014823,1.4745860389427512,0.1171385306747576,0.0693614548540159,0.1704657495734784,0.8794366343919267,-0.2355146796340136,0.4987125373309866,0.4753328870543476,1.768052149210411,2.717850747822373,1.8370429299672049
W3378,4,0.0,1.3359434130016024,2.113496478069542,0.0,0.0,2.2488125994198738,1.1251215383101756,0.4838224437342962,1.717599256705891,1.2973094980226665,0.0,0.0,-0.1647183672203935,0.8516154209659295,-0.3614465923287117,0.4330097692184945,1.3708838661637888,0.9841701793876226,0.320481453333287,0.0583167221444225,0.1856141515849566,0.40405309645862,0.4099926345654677,0.4256560683874189,1.790571325311206,2.398467076661101,2.5086505597748663
W3378,5,0.0,1.2028820751222329,1.9460005698718577,0.0,0.0,1.0423853553573716,1.0964791204019448,0.6332838762482671,0.7634798913637476,1.2380629812330417,0.0,0.0,-0.0794592847330304,-0.1102287028937007,-0.1370573358466278,0.4505823962052754,1.133319233943769,0.0676869304221875,0.1854485837937662,0.5895309548890105,0.8008753129218016,-0.0080177621815325,0.3986319120862879,0.36048438731009,3.854637144164584,2.683928428411003,2.590359534073018
W3378,6,0.0,1.0363603871084073,1.8422977403104253,0.0,0.0,0.4083653267172721,0.7129358417475251,0.4796633971579678,0.9267275827446,0.597422123046655,0.0,0.0,0.0374795997241981,0.6016936154467231,-0.313528364901308,-0.027692017432882,0.9032471345687372,-0.9975072550887882,0.6014912160238755,0.5454235252590677,0.5071558527045819,0.1232441958355042,0.6854247231629533,0.7159374890403674,3.085621863400648,2.367684054043808,1.7961388401053862
W3432,0,0.0,0.0,0.5,0.5,0.5,0.5,0.5,0.0,0.0,0.0,0.0,0.5,35.0,0.0,0.0,0.0,0.0,0.0,0.0,0.0,0.0,0.0,0.0,0.0,0.0,0.0,0.0
W3432,1,0.0,0.0,2.544671185548825,1.3877601185723747,3.1756319686618992,2.636044300978148,2.1489601372385865,0.0,0.0,0.0,0.0,1.3337538527615311,1.0219890935992813,1.7686413718622258,0.7654222092190599,2.0833977497179856,4.100568354314985,4.029420065940906,0.6415617436164505,2.970601646653033,0.6256742488035085,0.1227352241306014,0.2368561958554368,0.768616811962722,1.7209209823895597,0.7255414045933929,1.0285121868237723
W3432,2,0.0,0.0,1.9664490615230932,1.3034428173239063,3.46678792502068,1.6653887938817002,2.204845378904911,0.0,0.0,0.0,0.0,1.4379627741160306,-0.3039511126294251,0.7796904974420544,1.510243750403116,0.5443636267596141,2.236125696363981,1.527592299094804,0.554264785680447,1.933667425887532,-0.3458763223219585,0.430221177580353,0.3959204723895975,-0.1402135521868785,4.031377455809907,1.2667175332868734,1.5554266746927274
W3432,3,0.0,0.0,4.110753969167893,1.008167026926643,2.26033905246494,1.1221822318997872,2.227929048371772,0.0,0.0,0.0,0.0,1.419191617713509,-0.5903106557454365,1.0472489994691667,0.0942841918956016,0.8931389530366872,1.9035901404132007,0.0461704614861504,-0.0126429991440463,1.5502465964513823,0.3347376531216784,0.0767829442319761,0.4372228829147401,0.047233261935839,2.376498770124429,1.9732928162446248,3.2329254984691875
W3432,4,0.0,0.0,4.835357855610999,0.7430278236492944,0.8936163228965774,1.6436650849446035,1.3788177396744905,0.0,0.0,0.0,0.0,0.7634315378084828,0.2497290665828859,0.3411689374355384,0.6146759798419164,-0.0491688554529584,1.0029196985200508,1.3730726976739596,0.1415384800951627,0.832284354361317,0.2805784856939307,-0.5135829222598179,0.4048197053619885,0.1836639123317106,4.845072912520689,2.5573716888392704,3.387966848512744
W3432,5,0.0,0.0,2.34182207697017,0.7439701402100993,1.3665914062047415,0.917167765874687,1.721603306021364,0.0,0.0,0.0,0.0,0.5852556548050658,-0.0068987891760451,-0.3739003739642981,0.4916711786136762,0.0327842035015462,1.6699207777483451,0.3225249322012259,0.2222399170202712,1.0484695615872195,-0.6312259508799466,0.5655681736753334,0.054387685365104,-0.1589816039978842,2.545418367036791,1.1400159594617243,2.373028618642368
W3432,6,0.0,0.0,3.335089913526103,0.6897695289255763,0.9940599621919112,0.652276187403522,1.0455261668558984,0.0,0.0,0.0,0.0,0.5910114372520895,-0.7983679789146207,0.2951367120813528,0.7667092066974059,-0.2589550222905844,0.9363358484289592,1.139921881278062,-0.2196474782810458,0.7018801622867259,0.0900530438631752,-0.8220965431334497,0.2081117268005406,0.468900047077039,4.6250753317322735,2.278095834116977,3.100288215908476
W3623,0,0.0,0.5,0.0,0.5,0.5,0.5,0.0,0.5,0.0,0.0,0.0,0.5,35.0,0.0,0.0,0.0,0.0,0.0,0.0,0.0,0.0,0.0,0.0,0.0,0.0,0.0,0.0
W3623,1,0.0,1.8137300472589604,0.0,1.0104306017600564,3.678629356372149,1.8613544035523304,0.0,1.637419538442744,0.0,0.0,0.0,0.9891390460028188,0.3747419094246119,1.9531804813970095,0.9970536368107352,2.9484129744992043,3.107280038293588,2.6884876737485417,1.857161782164325,3.079836192854371,-0.1104692356196005,0.1065026626455553,0.6759444643223864,0.2613630912179694,3.348209431019825,0.3624975174529622,1.442802501635409
W3623,2,0.0,2.047882745667487,0.0,2.1346796548050024,4.151990577433767,1.989753814900072,0.0,2.3065974325537084,0.0,0.0,0.0,0.9924202514394797,0.4774146433489349,1.4981946057564448,0.8851061558872982,2.290417675371198,3.5861396310139133,3.285900881466859,0.7027097814933182,0.98354147280658,-0.4914321580277644,0.5622759949838957,0.1217958020790201,0.1879565481093118,3.524904641521835,1.5773636724821425,0.8375885172250208
W3623,3,0.0,2.53002244140391,0.0,1.1933099568935055,1.7876294286743248,1.3899733408256625,0.0,1.9190185664003103,0.0,0.0,0.0,1.1675337809533768,-0.26681369695272,1.5775470203740214,0.1542577149099493,1.348150488556325,3.0006480352017904,1.99876413110152,1.2167695671111185,0.505579663093947,-0.0577081708457801,-0.3549395211679435,-0.3544126262949826,0.5057686844494891,4.451798467004745,0.740141945240021,1.5992277579032808
W3623,4,0.0,1.7081416447432043,0.0,0.6540328896221452,2.0210957384872774,1.2354357393331823,0.0,1.4581194704601317,0.0,0.0,0.0,0.5038601906454302,0.428532055812632,0.2611650348631321,-0.2368533823213569,1.840832777784672,3.8888583684483904,2.542378162397915,1.554414152672972,0.1133314073096328,-0.5788084701754087,0.5407895247412551,-0.3698384629385111,-0.3332279623051443,5.028650073619896,0.9341092904346212,1.2446842160490217
W3623,5,0.0,1.7619729504374533,0.0,0.953745850203864,0.96990775436144,1.4984442983690034,0.0,0.9480202060366348,0.0,0.0,0.0,0.5004051777919821,0.7453043445518563,0.3585117348510925,0.1659568374590024,1.2608761683572944,4.074402292767917,2.025370071159532,1.4597794297046496,0.1975324775753783,0.0291132998877423,-0.3258236165228219,-0.3246713266315945,-0.1449509979807467,4.827911394177855,1.1073596866131363,1.164409986540361
W3623,6,0.0,1.165957650350591,0.0,0.3011596390172633,0.8033154316041252,0.711635971874014,0.0,0.8857453513369024,0.0,0.0,0.0,0.4844121997316694,-0.2379360650442165,0.6506981356955418,0.4248262200023096,0.6884948059342729,3.331716237404184,0.7532788441668297,0.4790977798932833,0.0755178084507552,0.1016405754935918,0.4439244531991831,0.3003434181906541,-0.3695335614634453,3.508071567431389,2.316742594678606,1.642961863947697
W3728,0,0.0,0.6,0.0,0.0,0.6,0.6,0.0,0.0,0.0,0.6,0.0,0.6,35.0,0.0,0.0,0.0,0.0,0.0,0.0,0.0,0.0,0.0,0.0,0.0,0.0,0.0,0.0
W3728,1,0.0,1.3289549175635562,0.0,0.0,2.752115190580308,2.573045102732179,0.0,0.0,0.0,2.799557256791449,0.0,0.7663295944853951,0.4097496065678475,1.9029929808548276,2.7183807824440067,3.0736023177992022,2.3542824220049825,1.3133613412787888,0.6162909992527053,0.9700911024936504,1.1592816823047167,0.5049507796964867,0.4704316974279318,0.5572471516653243,3.109044298146844,0.3896105839100984,0.8721687942446812
W3728,2,0.0,2.8168655640564024,0.0,0.0,2.659058604298444,2.4248229329108875,0.0,0.0,0.0,2.4937084337276225,0.0,0.6488468911183104,-0.0816578220398152,2.209960135167781,1.129121603186359,1.9487947131369068,3.3914506652485774,1.8268855556252384,1.2308482760360966,1.0055210830938834,-0.6692145807724221,0.4117399450003725,1.428191906296277,-0.5074931007976544,3.3106465655731707,0.4347917624529863,1.656830875097458
W3728,3,0.0,3.565897046709701,0.0,0.0,3.057291886730089,1.0366440258748904,0.0,0.0,0.0,2.003599459464728,0.0,1.710725289801168,0.1320494938059788,2.174745442061582,0.6994995337423323,1.2388603819851167,3.7802878909367017,0.8191856213889906,1.7134074290907382,0.5458501929710416,-0.3557518728146584,-0.0786717464587835,-0.365805009403183,0.2317401569459848,3.500597553394438,2.0402427871317683,0.7142692506551113
W3728,4,0.0,1.742464492462851,0.0,0.0,1.9728489383852013,1.2278575767750788,0.0,0.0,0.0,1.2115040260509533,0.0,1.443204214453555,0.1456433567708587,1.5188578353699589,0.3285858085333126,0.784174790425706,3.788112076930236,-0.0426832834518673,0.8175542099313725,0.4065189226690997,0.5208864967719331,0.3967826375464813,-1.0081226889812442,0.2363968903965934,3.875361991119564,0.8455940765702011,1.4409041936600808
W3728,5,0.0,1.809591315065017,0.0,0.0,1.0523768312258182,0.827331396256948,0.0,0.0,0.0,1.2179222753197028,0.0,1.1852880652526692,-0.345725873953543,1.6008434162691367,0.2511422986759255,0.2546875949150808,2.9007890391618387,0.6719388635941244,1.262988969866557,-0.2497059416251708,-0.1286984130650672,-0.2237067615709209,1.552336091684842,-0.140776188555076,5.592393642278383,1.985461945885752,1.7500366962973772
W3728,6,0.0,2.3062779221773293,0.0,0.0,0.8517672684236453,0.7021459749266573,0.0,0.0,0.0,0.938899935438213,0.0,0.7777417680103749,0.4036094424683855,0.7893256240531515,-0.4502728445605044,0.5025791068627998,3.3466413911302446,0.8236523359258519,0.2643497624959887,0.5600360817397967,0.0699098139333675,-0.0225755691641928,0.2054942741010464,-0.0399739137149853,5.060206920825548,1.3201124651280771,0.9347374818111632
W3748,0,0.6,0.0,0.6,0.0,0.0,0.0,0.0,0.6,0.0,0.6,0.6,0.0,35.0,0.0,0.0,0.0,0.0,0.0,0.0,0.0,0.0,0.0,0.0,0.0,0.0,0.0,0.0
W3748,1,2.4202484371088064,0.0,4.6191271790859165,0.0,0.0,0.0,0.0,1.9074858052755403,0.0,3.9101019223504023,3.65032130415137,0.0,1.496552721509001,2.329528586178314,4.063865731772727,1.839687576866856,1.843869210124243,1.3302008070625644,0.9731955135473348,1.3863045986082136,1.3103813892012854,0.2082122422293806,0.4805907079232985,0.1946704821842281,1.2914513533576424,2.978016714733553,1.542803525041459
W3748,2,3.200340765029396,0.0,5.60493309931735,0.0,0.0,0.0,0.0,2.2287200319284817,0.0,4.0853784869685965,2.3650325492102997,0.0,0.2347466526030733,0.9122592482379512,1.4350880178716792,0.4898447782737919,2.0315041460830514,-0.1709619354309449,0.826305206930361,1.455484941947034,1.3181838604220044,0.9062808457464664,0.3264699234613278,-0.1221733146382495,2.758355877212997,1.829082441933101,3.790048294255154
W3748,3,2.8319592346848608,0.0,3.0976611599668717,0.0,0.0,0.0,0.0,1.4655340345494614,0.0,2.5908005419725897,1.497210303873,0.0,0.3915444643806616,0.5318287804918662,0.4493800467293533,-0.9707713770715728,0.7975212207323146,0.1840839752122471,1.0781385830187724,0.8630867585391183,0.8310952610465627,0.8167800519793398,0.9118050345199524,-0.6173847040464053,2.494358345049101,3.2102378382142693,3.7332544756202326
W3748,4,3.2873275124261143,0.0,1.4647482381199508,0.0,0.0,0.0,0.0,1.8225241992831944,0.0,1.665449289266565,1.5668998647182186,0.0,0.3649694413385194,0.5908122056754531,0.0603138576017902,0.2828876105498016,0.1095871697008386,0.1171577224680412,0.6049820440035497,0.0664300485458077,1.775200691048035,0.0646698785518067,-0.204520141691002,0.3488957279109902,2.234635890844614,2.847966591307276,2.8544193834288567
W3748,5,1.622694679996516,0.0,2.636466185553599,0.0,0.0,0.0,0.0,0.4681611258349959,0.0,1.3956476134007516,0.5720566220604014,0.0,-0.3916343835952702,-0.1834557132536017,0.4867751286405773,-0.2050984243562239,-0.1760244400710276,-0.2049856266344397,0.8284208539428956,-0.3585379638935294,1.1308929924869902,0.0365714174425241,0.5389672230962248,0.0501364606256036,1.5621635794058903,2.3337981097612173,2.378585054072793
W3748,6,1.5567441477793802,0.0,0.932390254502188,0.0,0.0,0.0,0.0,1.2063738052679225,0.0,0.6077182649321116,1.101456489167626,0.0,0.0892418246545948,-1.1389507520134718,0.2720905031543824,1.0800812665967343,-0.2882441995215226,-0.3282063456385204,0.5580911274323008,-0.0655255022109204,1.095188047120896,0.4505437431600949,0.3034542686018439,0.2841438729000235,2.0268100940521254,2.257228554816659,2.7759001191430257
W3875,0,0.0,0.0,0.5,0.0,0.5,0.0,0.0,0.5,0.5,0.0,0.5,0.5,35.0,0.0,0.0,0.0,0.0,0.0,0.0,0.0,0.0,0.0,0.0,0.0,0.0,0.0,0.0
W3875,1,0.0,0.0,2.7047243826134717,0.0,4.712725310712094,0.0,0.0,1.7369175132623906,2.569914924730404,0.0,2.326826492335051,1.0008965381209016,0.933964328717117,2.661278212748484,2.3355314091123844,1.6814724902590574,0.6635901016096037,3.610198858113917,0.7977418307693928,3.2399432748081503,0.8708970626319211,0.7031305404950107,0.8231605132245983,0.1431503988307816,1.345165798722149,0.735908597004419,0.885634129940762
W3875,2,0.0,0.0,3.294326349261606,0.0,4.434309538607477,0.0,0.0,1.1006201950876842,2.200439978320013,0.0,1.9741581433132087,1.0214794584987033,0.2088879119251104,1.251173727179551,0.9086975615421714,0.9339594611423973,1.2272331110014294,1.2077517820015875,0.6820683515996464,1.4960591213863563,0.7906520135721524,0.0569115929420434,1.057964864290604,0.3872837787297278,2.159419659750762,3.668759466526604,1.2751395813662298
W3875,3,0.0,0.0,2.1971386346185757,0.0,3.3546182624180645,0.0,0.0,1.4451004895281805,2.405475712353775,0.0,1.5422873607505698,0.7410602310036494,-0.1149738676327402,0.8460511905334731,0.6480560084331677,1.187171162159172,0.6864708007245148,1.0198129374794185,0.5941892061173271,0.8203546228568195,0.3927214986916422,0.2936895549971018,0.0569300659021946,-0.0495554742902018,4.290255126590266,3.850252426215081,2.288623073697358
W3875,4,0.0,0.0,2.549937443563466,0.0,2.1286860432462804,0.0,0.0,0.8229635059266648,1.9361788894568903,0.0,0.7271495710009807,0.8284948022696312,0.2241774369523404,0.5593833489622493,-0.1546364536146486,0.5700529729777578,0.5910338959772752,0.316947155049235,0.7808999644071524,0.8358051793971465,0.1343417088821312,-0.0844766554848257,0.0033680013021589,0.0806509673918775,2.959177371396735,3.8053232907138415,1.8256408925605447
W3875,5,0.0,0.0,1.8231675820080704,0.0,2.0621440071407955,0.0,0.0,0.7988668235340189,1.1390592346461752,0.0,0.8365768211044384,0.5420671749338621,0.2129908395555858,0.002376489203504,0.7469397030863076,0.2538139390057965,-0.0170832827785739,0.5926122777875501,-0.3797908272345554,0.2236993325981904,0.7820584697177182,0.1838564130147699,0.1486037302227656,-0.0162610475561808,4.223794217810737,4.44095881729776,2.140104402238613
W3875,6,0.0,0.0,1.3422036275268132,0.0,1.0219270646633436,0.0,0.0,0.5498283800066774,0.9231416284194502,0.0,1.648764776822015,0.5458528728750756,0.5436049677707743,-0.2591549683159165,-0.0962170593260735,-0.1923760736661409,0.2589584001750424,0.7882588974886169,0.0471898674835595,0.8422567457422689,0.6474760182544985,-0.234998033308431,-0.0945553430830269,0.185253776144866,2.445463716130201,4.10082531563538,2.8171229565312386
W3917,0,0.0,0.5,0.5,0.0,0.5,0.0,0.5,0.0,0.5,0.5,0.0,0.0,35.0,0.0,0.0,0.0,0.0,0.0,0.0,0.0,0.0,0.0,0.0,0.0,0.0,0.0,0.0
W3917,1,0.0,2.0012265870013306,3.176654057596978,0.0,2.084499646215164,0.0,4.09982879420734,0.0,1.1213612977431318,2.641108098681269,0.0,0.0,0.4142138393920063,1.713179704004817,3.3799469533689823,0.8087290555276002,2.928067573222352,2.120522756970572,1.0900764266617258,1.5219790590691582,0.6482343860404756,0.1258937234795831,0.3662329902103811,0.2420439120855468,2.1311511578048723,3.0380508470446963,0.4084183012405147
W3917,2,0.0,1.7492257090820365,2.075196554080032,0.0,2.862853908772382,0.0,1.9786453944395,0.0,3.250314997281801,1.4583748938595396,0.0,0.0,0.6689568313677032,1.0290309783634124,1.361877190571609,0.1062602397010215,1.333153042967101,0.7284900899528266,0.4080674712230234,1.0699729433412692,0.5897144742362268,0.2082271417222633,0.3992148772462404,0.2298831582881645,3.872151638726185,3.58772462707615,0.8639866697833892
W3917,3,0.0,1.436050911844021,3.768119162508772,0.0,2.2010044933323134,0.0,1.1744527276956471,0.0,1.9800144687892456,1.4691899697333344,0.0,0.0,0.7583221493197674,0.3757388045560392,0.8402517565050949,0.3273337932881873,2.2721932468807715,0.7847944642012966,0.0562546792936944,0.586386938014645,0.759108343597994,-0.511708648931127,0.7511303874194166,-1.1613786877911747,3.862106475595754,4.160921533199127,1.3200090689187514
W3917,4,0.0,1.5042702064799212,3.3661382485200466,0.0,1.6918819688801323,0.0,1.5767275219180072,0.0,0.8310360591825047,1.4278673104202866,0.0,0.0,0.0475599512242117,0.2429172446327268,-0.5009650317548522,0.2221650487417057,1.044593691317502,-0.1578091938502729,0.5562372559070843,0.622686104312471,-0.3156541417526719,-0.0836853103110877,-0.0852880013587182,-0.0593472891793718,5.627324503094898,3.3631128945341646,1.5843826162711871
W3917,5,0.0,0.9585606289198738,1.488952560405026,0.0,0.6833319206481935,0.0,0.8858470603053978,0.0,1.625294796028968,0.5776480641625918,0.0,0.0,-0.2703523564959878,-0.4848172867695799,0.2925339352456058,0.7721834154071628,0.221387858839164,0.4453901642915857,0.2804657973703254,0.1637835748117156,0.5669639095826091,-0.4973179000267772,0.1025315356840959,-0.9035805944104972,3.288935852641051,2.319147387441086,2.441684002636761
W3917,6,0.0,1.4117663589191023,3.1697209913228503,0.0,1.161816499348327,0.0,1.0383499603715298,0.0,0.6000059632100514,0.7800076754172176,0.0,0.0,-0.2230242020646919,0.1606623997852385,0.9022633505112332,-0.3098960352385987,0.3348811185165476,-0.2216740908639962,-0.5106608650216476,-0.2259732295323187,-0.1324997481541399,0.0734141109233278,0.7480267570237751,0.0160939836642361,4.835569205320327,2.5652141316396424,1.980675467749517
W3973,0,0.4285714285714285,0.4285714285714285,0.4285714285714285,0.0,0.0,0.4285714285714285,0.4285714285714285,0.4285714285714285,0.4285714285714285,0.0,0.0,0.0,35.0,0.0,0.0,0.0,0.0,0.0,0.0,0.0,0.0,0.0,0.0,0.0,0.0,0.0,0.0
W3973,1,1.195245533095343,1.0540930550285836,3.1371350540196645,0.0,0.0,3.159989488853211,2.4529738792425406,0.8519018578404678,2.4782704663666024,0.0,0.0,0.0,0.8375665947909628,1.0986136302907938,0.7950565756360854,-0.1299177335864767,3.1786906237638624,2.917740059654492,0.974058311505064,2.4357662234770467,0.5762152274095317,0.6472712680616677,0.4879502322358864,1.2670179022912396,2.674940132581226,3.733478939461172,1.98162658428926
W3973,2,2.202822315894016,1.4320661834167276,3.193721912623064,0.0,0.0,1.732373471174447,1.8128112032406567,1.3501345071521893,2.0072228970463906,0.0,0.0,0.0,0.6959421063622289,0.6176517063644537,0.6481259245094687,0.6858147142985416,3.260312900508966,0.967043105689022,0.4119917882633355,0.6456869700001385,0.9270885822307724,-0.4192990322325598,0.6131764696889475,0.8816629592652713,2.12790076080193,4.357711696598671,2.442834087759371
W3973,3,1.243894754730959,0.9411362971532616,1.5443840523306849,0.0,0.0,1.6998409947226056,2.1697603090900333,0.9710503204981772,2.434063139398611,0.0,0.0,0.0,0.000125861261055,0.8178120128636441,-0.0171712018068882,0.5897428048593879,1.7059197376207154,-0.1590085228395514,-0.0978857096859781,0.4394253565643409,0.5016330038118688,0.1664339376394619,0.3530788842229734,1.3159432274320413,3.3083663777125243,3.120498093181948,1.5129363521197892
W3973,4,1.4726198903342436,1.3859680851616063,1.055215718994961,0.0,0.0,0.9713659118360348,1.25837884340121,0.8395974804309987,1.8255796321579103,0.0,0.0,0.0,0.308543596197184,-0.2360646985624807,0.5529976271981548,0.1839159927352845,0.797847425774006,0.1359710858374761,0.4594581726508591,0.4431945815162069,0.6867018054142158,0.5448216574005619,0.2708317709616231,0.3700937328679604,5.156786451856623,4.128775680027104,3.3891001900784112
W3973,5,0.9939383966417882,0.924039868783396,0.6755119725243504,0.0,0.0,1.2445669359899485,1.460453466481661,0.4842086883442354,1.1546389172464535,0.0,0.0,0.0,-0.4689254090876887,0.5518856755879512,-0.1291338302171046,0.2292717187424905,0.5314468486017618,-0.1865608612612361,-0.8525701710441539,-0.0008628027792102,-0.319761374355036,-0.4123981423755385,-0.9238694556467204,1.7047193517830093,4.1090325803378684,3.2146104669379065,2.9239934009342807
W3973,6,0.5737593001929502,0.5020867046594677,1.4248247460857089,0.0,0.0,0.6032359783546407,0.5423568960533449,0.3811786589283273,1.1667476902865204,0.0,0.0,0.0,0.1043229180350254,0.4263938613668155,0.4839460039948905,0.2518601484532258,0.8747670964041427,-0.2489115088393387,0.2252499072761888,1.5518775560818372,-0.2563053709950158,0.2761889734178899,0.5733258132083782,0.6534301943612055,3.2913756139979298,4.611201889588614,2.370733845307792
