Treatments,Time,S01,S02,S03,S04,S05,S06,S07,S08,S09,S10,S11,S12,S13,S14,S15,S16,S17,S18,S19,S20,S21,S22,S23,S24,S25,S26,S27,S28,S29,S30,R01,R02,R03,R04,R05,R06,R07,R08,R09,R10,R11,R12,R13,R14,R15
W0001,0,0.1,0.1,0.1,0.1,0.1,0.1,0.1,0.1,0.1,0.1,0.1,0.1,0.1,0.1,0.1,0.1,0.1,0.1,0.1,0.1,0.1,0.1,0.1,0.1,0.1,0.1,0.1,0.1,0.1,0.1,40.0,0.0,0.0,0.0,0.0,0.0,0.0,0.0,0.0,0.0,0.0,0.0,0.0,0.0,0.0
W0001,1,0.1759431221437298,0.1971726215923274,0.1937668971431285,0.182550471646092,0.1934805373625497,0.1776010823154635,0.1884878735503033,0.1703460329515266,0.1986941754253968,0.2063845771729317,0.1519303743307922,0.1345163397646806,0.1270461955913288,0.1222425533968956,0.1543802988890434,0.1190051526610733,0.1581821694874038,0.1591561841461422,0.159346455891561,0.142153889162893,0.1714912365280568,0.143248983352434,0.128149610797805,0.1370984884492533,0.1457832991664965,0.1549582525386775,0.1527726839862369,0.1561874009268261,0.1576263878406821,0.1792753721940139,23.771637661883084,0.4447517200044584,0.7665053477823704,0.7356047015240299,0.9533495017672268,0.356666100864645,0.6679002705811098,0.5779692592403337,0.1871842051934112,0.12984830917104,0.1872566406990353,0.1088286563233722,0.648670924531386,0.3906021413764814,0.4727309545357266
W0001,2,0.4390206021972349,0.5778931310934148,0.430401742164502,0.3795744816048137,0.536818251798679,0.370931573567916,0.6488948642847375,0.4135823521982107,0.5303004142066823,0.3865002469185001,0.2346819900590764,0.2237127955432439,0.1977328478296336,0.3058277367632858,0.224805097230999,0.205797639288663,0.32124225091898,0.2673548373771137,0.2686506728517854,0.2295166559054635,0.3110064736698391,0.2413603492043016,0.3042884707071068,0.2086950915870437,0.2958643020422259,0.3107201698457553,0.2869924658209094,0.3311797336625124,0.2654168297987982,0.3165864971792087,12.565491794895976,0.8796178103907015,1.5654206899277467,0.9516408963732288,1.5360986202989326,0.8024804114141745,1.6307917726076775,1.3953474482397197,0.5132567120248829,0.5262986569522277,0.4953948376481345,0.183870530981683,1.344692833031419,1.2426738945938516,1.499369174132141
W0001,3,0.9144821339301328,1.219946809693052,0.6272095740617503,0.6693005797315117,1.075610464143805,0.9281518487863196,1.0504204426531834,0.9647098877531548,0.95756060455892,0.520422550997544,0.3561004824252246,0.2348395061752103,0.2374916417749826,0.4134989686959101,0.3314508550945343,0.1739651059826809,0.4322581672076241,0.3937949407058232,0.3364932405715612,0.2415346330949284,0.4390242589190513,0.4952637223451401,0.3099843313586005,0.2236219071665328,0.3688825676411448,0.533897618004011,0.3652406176520127,0.3299723801545585,0.3104043470232354,0.359170946057385,0.0252708309912025,0.25320600734164,0.5437006159934278,0.3254457284061035,0.6996322947865639,0.4144128854500285,0.8524017863357333,0.7690334024140654,0.7188958135161436,0.649776282375164,0.442554953567231,0.4596263934604668,3.703766686553341,2.109479801008143,3.2411721459423424
W0001,4,0.6620108336449149,0.9989055121844768,0.4687336943966722,0.722948313935085,0.7087110210177477,0.7357376629348227,0.7815615021409886,0.7272666794760135,0.9066730408514052,0.4303420403095306,0.3182994565730662,0.1602720401613166,0.2127218243108041,0.3782153828434524,0.2625880972276549,0.0933095074903183,0.3055635177166271,0.3534649004588789,0.1759626059775805,0.2329386927129935,0.317133486304058,0.4245902766516148,0.2410702142180999,0.1305214863123684,0.2983134389271603,0.5037025443404192,0.2726008568964207,0.3316534469164293,0.2180444013654876,0.3049234767408768,0.0222215713421481,0.0244994388566981,0.0687972432781918,0.0284423824518187,0.1505743435801609,0.110106175544186,0.1620529918331017,0.1599723992660711,0.3491666997166253,0.3060633062489277,0.1540169288899888,0.2180266022233672,2.4994228868578663,2.4447502012729108,3.391148568020039
W0001,5,0.4590568532539129,0.8097860389185834,0.305181900093208,0.5900939511377529,0.7103207467229226,0.4191131955647691,0.4150264449867364,0.4971285481833953,0.5043878985736023,0.2730812654088704,0.2671261670912908,0.0952601758975261,0.1408673701002602,0.1987036965564908,0.1552146948702053,0.0690207512674854,0.2906970899790356,0.1944021910499771,0.1525148548650093,0.1511147786441263,0.1900699812733199,0.271715783303452,0.1286164741653525,0.0793921949827322,0.1730866469796317,0.4405190527576753,0.2045634271171931,0.2078011314399309,0.1220670051908338,0.1830297686702476,-0.0015497332363969,-0.0348070235604137,0.1140168562679168,0.0096737989713709,0.0644207370826467,0.0446919818788845,0.0936493354104603,0.0185523884834727,0.2374296837211007,0.1691670880811961,0.1545293440010869,0.1225660667397445,3.0324508800922723,1.6113696079534725,3.142169778059186
W0001,6,0.2150126442050535,0.4403844311989315,0.2075515418583779,0.4872557754354738,0.4996152742019105,0.2437923277030333,0.2902596611600912,0.3196727418882413,0.3352328919527698,0.1445104488006484,0.2008447655895341,0.0612478291004191,0.0855044037036263,0.1305325496217549,0.1251820855580121,0.0395773659919675,0.1790343247989271,0.131197773690583,0.0901913238640223,0.0769013064677874,0.1171565122297356,0.1705292799559775,0.0902633511076563,0.0536322241343394,0.1189249220720334,0.3328588702278189,0.1006954507993616,0.1371579236181083,0.109523890219251,0.1092153363798251,0.0323367036541987,0.0462117231576131,0.0132236984334375,0.1358846195406099,-0.0216559858207455,0.0146913826515932,0.0982138101208844,0.0583082776655162,0.138873430249664,0.0241293205874148,0.0732391029209584,0.0557322992331077,3.0308595247596624,1.9696187372106493,3.0776998097915595
W0002,0,3.0,0.0,0.0,0.0,0.0,0.0,0.0,0.0,0.0,0.0,0.0,0.0,0.0,0.0,0.0,0.0,0.0,0.0,0.0,0.0,0.0,0.0,0.0,0.0,0.0,0.0,0.0,0.0,0.0,0.0,40.0,0.0,0.0,0.0,0.0,0.0,0.0,0.0,0.0,0.0,0.0,0.0,0.0,0.0,0.0
W0002,1,5.881496566100956,0.0,0.0,0.0,0.0,0.0,0.0,0.0,0.0,0.0,0.0,0.0,0.0,0.0,0.0,0.0,0.0,0.0,0.0,0.0,0.0,0.0,0.0,0.0,0.0,0.0,0.0,0.0,0.0,0.0,25.988589336150703,0.7356434672838577,0.5682522098735636,0.7626356435184126,0.9077017234335024,0.2884183574373094,0.4583972148244697,0.3328556059449852,0.2957273750700561,0.845814378109094,0.0682903217753431,0.0951905806191618,0.7978208402992253,0.035522585366684,0.2479609011526845
W0002,2,11.81265219846556,0.0,0.0,0.0,0.0,0.0,0.0,0.0,0.0,0.0,0.0,0.0,0.0,0.0,0.0,0.0,0.0,0.0,0.0,0.0,0.0,0.0,0.0,0.0,0.0,0.0,0.0,0.0,0.0,0.0,6.882169859660346,0.4724456023366107,1.864011014280854,1.4362313594670078,0.8598244838794409,0.8071932286573182,0.9108563993168948,0.8817078756232373,0.95181191237572,3.0696498744036846,-0.005093309534835,0.3791531485879732,2.584006049885434,0.1809669827607909,0.8672144135230688
W0002,3,12.810236670547836,0.0,0.0,0.0,0.0,0.0,0.0,0.0,0.0,0.0,0.0,0.0,0.0,0.0,0.0,0.0,0.0,0.0,0.0,0.0,0.0,0.0,0.0,0.0,0.0,0.0,0.0,0.0,0.0,0.0,0.0349980009229006,0.0417731186972488,2.9716433775586752,0.2514808935399331,-0.0451753674744594,0.3276421364036254,0.1430996958129695,0.4658334208547303,1.40117821180725,4.192201016604831,0.0274970170611131,0.4881118948704465,4.506938153250486,0.1886731364204422,1.3869931840303769
W0002,4,9.890433938868489,0.0,0.0,0.0,0.0,0.0,0.0,0.0,0.0,0.0,0.0,0.0,0.0,0.0,0.0,0.0,0.0,0.0,0.0,0.0,0.0,0.0,0.0,0.0,0.0,0.0,0.0,0.0,0.0,0.0,0.0196759745771102,-0.0405782463633906,2.6796060912986746,0.0203011095085628,0.072539214886383,0.127996511835549,0.0317154172320452,0.1777123764519998,1.0686530365203757,3.496722267155702,0.0945273786363219,0.4575652745455348,3.777590216920524,0.2669495787832879,1.78185159220324
W0002,5,5.665420556574428,0.0,0.0,0.0,0.0,0.0,0.0,0.0,0.0,0.0,0.0,0.0,0.0,0.0,0.0,0.0,0.0,0.0,0.0,0.0,0.0,0.0,0.0,0.0,0.0,0.0,0.0,0.0,0.0,0.0,0.0055502482352077,0.0074772293316009,2.71720460466383,0.01610016992317,0.0217755678398311,0.0901801923537062,0.0406566306914476,-0.0170311323736516,1.2944963824119302,3.570535872504346,0.076228123385733,0.4628856077726755,3.90111507079338,0.2747038815350087,1.3131194482777906
W0002,6,3.15914156795294,0.0,0.0,0.0,0.0,0.0,0.0,0.0,0.0,0.0,0.0,0.0,0.0,0.0,0.0,0.0,0.0,0.0,0.0,0.0,0.0,0.0,0.0,0.0,0.0,0.0,0.0,0.0,0.0,0.0,0.0268687112718952,0.0167536750389175,2.8778692486397137,-0.0516534717226878,-0.0050824955499934,0.0021098640710379,-0.0212765745836377,0.1238488173009477,1.3984085120391152,3.536136723704568,0.1150870557527287,0.5735784300076533,4.185066182842113,0.2043184148134476,1.420584237413967
W0003,0,0.0,3.0,0.0,0.0,0.0,0.0,0.0,0.0,0.0,0.0,0.0,0.0,0.0,0.0,0.0,0.0,0.0,0.0,0.0,0.0,0.0,0.0,0.0,0.0,0.0,0.0,0.0,0.0,0.0,0.0,40.0,0.0,0.0,0.0,0.0,0.0,0.0,0.0,0.0,0.0,0.0,0.0,0.0,0.0,0.0
W0003,1,0.0,6.357889059969105,0.0,0.0,0.0,0.0,0.0,0.0,0.0,0.0,0.0,0.0,0.0,0.0,0.0,0.0,0.0,0.0,0.0,0.0,0.0,0.0,0.0,0.0,0.0,0.0,0.0,0.0,0.0,0.0,26.98850048657012,0.1035520866509825,1.9242333984097064,0.2937812478664705,0.4107995512735053,1.414624294644925,0.3146956269996585,0.6393483089074014,0.3677427640890467,0.2100138391525354,0.0156682845046336,0.0434560733384622,0.1733434995422316,0.0176022525377911,0.8009511330353206
W0003,2,0.0,13.731851772395228,0.0,0.0,0.0,0.0,0.0,0.0,0.0,0.0,0.0,0.0,0.0,0.0,0.0,0.0,0.0,0.0,0.0,0.0,0.0,0.0,0.0,0.0,0.0,0.0,0.0,0.0,0.0,0.0,6.831070306815404,0.1340076600555257,2.213031362972624,0.2814442579834611,1.068183540066766,3.697197296737946,1.3228092299258698,1.1562729139984864,1.1634346105958973,0.7137538215705155,0.0997778446233678,0.1006949439435178,0.6814845405223904,-0.0200653986487814,3.166134079036349
W0003,3,0.0,17.787384153106387,0.0,0.0,0.0,0.0,0.0,0.0,0.0,0.0,0.0,0.0,0.0,0.0,0.0,0.0,0.0,0.0,0.0,0.0,0.0,0.0,0.0,0.0,0.0,0.0,0.0,0.0,0.0,0.0,-0.0036922381335781,0.0252771031027781,0.0990251028240264,0.0794411312252222,0.4412339048729071,2.531561419417108,1.124452531553555,0.1178066312891655,0.4712230775136796,1.7844760658998824,0.1017216437173174,0.5470579303101526,1.3324218479654806,0.1747288608116594,4.640637246078022
W0003,4,0.0,9.292607550568162,0.0,0.0,0.0,0.0,0.0,0.0,0.0,0.0,0.0,0.0,0.0,0.0,0.0,0.0,0.0,0.0,0.0,0.0,0.0,0.0,0.0,0.0,0.0,0.0,0.0,0.0,0.0,0.0,-0.0133516533915824,0.0523800210300659,0.0157285974986719,-0.0309718059184286,0.1777803522558966,1.215832791419896,0.6813044727429263,0.0865759209558969,0.1969439733454832,1.9435021767994505,0.0680006084330149,0.7089852379242553,1.6503443292586708,0.0948404051574804,4.27931822126103
W0003,5,0.0,6.4983684614516,0.0,0.0,0.0,0.0,0.0,0.0,0.0,0.0,0.0,0.0,0.0,0.0,0.0,0.0,0.0,0.0,0.0,0.0,0.0,0.0,0.0,0.0,0.0,0.0,0.0,0.0,0.0,0.0,0.0180919795706727,-0.0212366731744933,0.0421893459732715,0.0435316326413765,0.104522886672015,0.8423448013676016,0.384022554633192,0.0179278758670229,0.1805610717836495,2.0052561737193613,0.0464895930506367,0.8729617816835041,1.7722857316550826,-0.0745573902850536,4.154275282046152
W0003,6,0.0,4.236597830628759,0.0,0.0,0.0,0.0,0.0,0.0,0.0,0.0,0.0,0.0,0.0,0.0,0.0,0.0,0.0,0.0,0.0,0.0,0.0,0.0,0.0,0.0,0.0,0.0,0.0,0.0,0.0,0.0,0.0564561183181487,0.0966003769888466,0.0362932663782673,-0.0049713295824457,0.0361584495951881,0.5185591381260132,0.4721626801542787,0.0036612945528581,0.1445465336557478,2.411804437928023,0.023726409636726,0.6287415830824802,1.845478057944896,0.1041023563333352,4.959965005273523
W0004,0,0.0,0.0,3.0,0.0,0.0,0.0,0.0,0.0,0.0,0.0,0.0,0.0,0.0,0.0,0.0,0.0,0.0,0.0,0.0,0.0,0.0,0.0,0.0,0.0,0.0,0.0,0.0,0.0,0.0,0.0,40.0,0.0,0.0,0.0,0.0,0.0,0.0,0.0,0.0,0.0,0.0,0.0,0.0,0.0,0.0
W0004,1,0.0,0.0,5.716855860062677,0.0,0.0,0.0,0.0,0.0,0.0,0.0,0.0,0.0,0.0,0.0,0.0,0.0,0.0,0.0,0.0,0.0,0.0,0.0,0.0,0.0,0.0,0.0,0.0,0.0,0.0,0.0,33.450083147497295,1.4382079522387483,1.5061767897807017,1.0553598651376006,0.1398053465382666,0.0650950141304018,0.265890222038756,0.2298814344742796,0.0850610289445173,0.2724258496941943,0.2743205022429522,0.0030392513770425,0.1636134358060436,1.2972478248758272,0.4499968941610123
W0004,2,0.0,0.0,12.078658779429732,0.0,0.0,0.0,0.0,0.0,0.0,0.0,0.0,0.0,0.0,0.0,0.0,0.0,0.0,0.0,0.0,0.0,0.0,0.0,0.0,0.0,0.0,0.0,0.0,0.0,0.0,0.0,7.09148738045581,2.638032429308973,2.027146446961764,2.113533246907586,0.2058946870199984,0.2605720984734427,0.9756060886853374,1.0513289229553648,0.232932442378692,0.9771517121755782,0.8107851258034416,0.3944756501775447,0.1061062600820803,2.85269936021906,1.3612302709719912
W0004,3,0.0,0.0,14.191169382331536,0.0,0.0,0.0,0.0,0.0,0.0,0.0,0.0,0.0,0.0,0.0,0.0,0.0,0.0,0.0,0.0,0.0,0.0,0.0,0.0,0.0,0.0,0.0,0.0,0.0,0.0,0.0,-0.0038797957082377,0.8010756558001016,0.0247886888884635,0.5451922770237843,0.1023166619053996,0.3475698129286365,1.2086757547146845,1.6377414876870622,0.7252228857403689,1.8945787587478853,0.991716067616644,1.054969755073437,0.4423124705121762,4.872014646964197,1.9767837388061744
W0004,4,0.0,0.0,8.963788527902311,0.0,0.0,0.0,0.0,0.0,0.0,0.0,0.0,0.0,0.0,0.0,0.0,0.0,0.0,0.0,0.0,0.0,0.0,0.0,0.0,0.0,0.0,0.0,0.0,0.0,0.0,0.0,-0.0223844627380823,0.1847525327618397,0.1051329584171719,0.0842525298078705,0.0428215057188086,0.3139547121182365,0.355800442778645,0.8601380535147313,0.6703516681388165,2.3875698751803776,0.4844979433909812,1.3536341886298746,0.5890226412491297,4.260981879151896,1.8960578621064856
W0004,5,0.0,0.0,6.156329291531654,0.0,0.0,0.0,0.0,0.0,0.0,0.0,0.0,0.0,0.0,0.0,0.0,0.0,0.0,0.0,0.0,0.0,0.0,0.0,0.0,0.0,0.0,0.0,0.0,0.0,0.0,0.0,0.0382199497638562,0.1575855941599096,0.1380377762041764,-0.0004794804867203,0.0299834460905238,0.1451816881026229,0.1670542454641693,0.7721700713440967,0.722416503916776,2.8091545208528506,0.2887608889637157,1.5244245959816398,0.6246992483755939,4.001191777192445,1.92626448791108
W0004,6,0.0,0.0,4.640657927532619,0.0,0.0,0.0,0.0,0.0,0.0,0.0,0.0,0.0,0.0,0.0,0.0,0.0,0.0,0.0,0.0,0.0,0.0,0.0,0.0,0.0,0.0,0.0,0.0,0.0,0.0,0.0,0.0203000576190567,-0.0021057199382465,-0.0240298645351524,-0.0265664581011213,0.0184039008578222,0.2399268641634721,0.171347069543945,0.4687069145823036,0.712047456728959,2.5135445141941664,0.2625674130929573,1.5599017892876803,0.5365917853204443,4.0531734129898105,2.134323240422742
W0005,0,0.0,0.0,0.0,3.0,0.0,0.0,0.0,0.0,0.0,0.0,0.0,0.0,0.0,0.0,0.0,0.0,0.0,0.0,0.0,0.0,0.0,0.0,0.0,0.0,0.0,0.0,0.0,0.0,0.0,0.0,40.0,0.0,0.0,0.0,0.0,0.0,0.0,0.0,0.0,0.0,0.0,0.0,0.0,0.0,0.0
W0005,1,0.0,0.0,0.0,4.721673701167861,0.0,0.0,0.0,0.0,0.0,0.0,0.0,0.0,0.0,0.0,0.0,0.0,0.0,0.0,0.0,0.0,0.0,0.0,0.0,0.0,0.0,0.0,0.0,0.0,0.0,0.0,24.903494395731567,0.0756494898430548,0.1908323620800332,0.1244662346762021,1.2888120208357583,0.1140813426012311,1.0619930948816452,1.5747497329087146,0.3614244116459785,0.072614487783269,0.104836110053182,0.0019757423495631,0.1224636963783888,1.2160924724023583,0.1205520701036046
W0005,2,0.0,0.0,0.0,8.167360466267125,0.0,0.0,0.0,0.0,0.0,0.0,0.0,0.0,0.0,0.0,0.0,0.0,0.0,0.0,0.0,0.0,0.0,0.0,0.0,0.0,0.0,0.0,0.0,0.0,0.0,0.0,17.166598537021887,0.1098860594587128,0.563106775674864,0.2406444346578599,2.645729575844464,0.05478957595888,2.9166826045939764,2.4253849374760827,0.7101070734271061,0.0582113760210103,0.1767226572959168,0.0338720664408083,0.2877137614243514,3.163454062754581,0.4631739228731196
W0005,3,0.0,0.0,0.0,13.116535178550704,0.0,0.0,0.0,0.0,0.0,0.0,0.0,0.0,0.0,0.0,0.0,0.0,0.0,0.0,0.0,0.0,0.0,0.0,0.0,0.0,0.0,0.0,0.0,0.0,0.0,0.0,1.4338703650672082,0.2188412056665092,0.3890339215911944,0.2100710887207991,2.541212012033862,0.0869733482309696,5.212845122263058,2.69400907298409,0.8696114991247539,0.1744911489917259,0.304778865443376,0.2117491515553109,0.7679182763368453,4.533617917301604,1.2160215386297222
W0005,4,0.0,0.0,0.0,10.007120162509858,0.0,0.0,0.0,0.0,0.0,0.0,0.0,0.0,0.0,0.0,0.0,0.0,0.0,0.0,0.0,0.0,0.0,0.0,0.0,0.0,0.0,0.0,0.0,0.0,0.0,0.0,0.034686431642953,0.1332457938683625,0.1419743102562795,0.0597811309854718,0.9269094104765432,0.0503895547506539,6.629669535561042,0.7363863057238822,0.2973267297030935,0.1695781518966445,0.2546333912222201,0.374697489323553,0.7374211583297012,3.616913934860949,1.1242331919121118
W0005,5,0.0,0.0,0.0,9.369344422411311,0.0,0.0,0.0,0.0,0.0,0.0,0.0,0.0,0.0,0.0,0.0,0.0,0.0,0.0,0.0,0.0,0.0,0.0,0.0,0.0,0.0,0.0,0.0,0.0,0.0,0.0,0.0439106630819417,0.0677021873837465,0.10272246424291,0.0662046183036995,0.5234367447225836,0.0155517553001089,7.010735389998168,0.2410446581711325,0.1039571510054251,0.0621479483226258,0.1678298003473884,0.4412803822781189,0.7525056635506929,2.385520852385988,0.7757122032794077
W0005,6,0.0,0.0,0.0,7.057035076657176,0.0,0.0,0.0,0.0,0.0,0.0,0.0,0.0,0.0,0.0,0.0,0.0,0.0,0.0,0.0,0.0,0.0,0.0,0.0,0.0,0.0,0.0,0.0,0.0,0.0,0.0,0.133416779006046,-0.036600597077673,-0.0249261982580302,0.0105862640415718,0.3482409875030479,-0.0187660828110104,8.319132527002782,0.1295759974712872,0.1630530657280555,0.005316234755593,0.071100548970431,0.4227391494748854,0.36653338709338,2.034907307229267,0.8859938935014445
W0006,0,0.0,0.0,0.0,0.0,3.0,0.0,0.0,0.0,0.0,0.0,0.0,0.0,0.0,0.0,0.0,0.0,0.0,0.0,0.0,0.0,0.0,0.0,0.0,0.0,0.0,0.0,0.0,0.0,0.0,0.0,40.0,0.0,0.0,0.0,0.0,0.0,0.0,0.0,0.0,0.0,0.0,0.0,0.0,0.0,0.0
W0006,1,0.0,0.0,0.0,0.0,6.263704760408444,0.0,0.0,0.0,0.0,0.0,0.0,0.0,0.0,0.0,0.0,0.0,0.0,0.0,0.0,0.0,0.0,0.0,0.0,0.0,0.0,0.0,0.0,0.0,0.0,0.0,31.534067114465294,0.0324826840152061,1.541772070259788,0.5567890892015904,0.40326348714019,0.1787687631244975,0.5350590292527271,0.2819486629198462,-0.0048750018331704,0.0225080167680164,-0.0545696001419315,0.0588559489909267,1.0288683406172052,1.889841821331694,0.2780370974673825
W0006,2,0.0,0.0,0.0,0.0,11.942128913125565,0.0,0.0,0.0,0.0,0.0,0.0,0.0,0.0,0.0,0.0,0.0,0.0,0.0,0.0,0.0,0.0,0.0,0.0,0.0,0.0,0.0,0.0,0.0,0.0,0.0,9.104224585937883,0.0065444857370358,1.943091960148879,0.9187974816772148,0.7574015912229674,0.3840664504494637,1.0081706704293891,0.7212500404597928,0.0488925898478737,0.127253011344386,-0.04312751241602,0.188626393394282,2.0230986213353046,5.514468192877393,1.5741940357944215
W0006,3,0.0,0.0,0.0,0.0,12.534382046372365,0.0,0.0,0.0,0.0,0.0,0.0,0.0,0.0,0.0,0.0,0.0,0.0,0.0,0.0,0.0,0.0,0.0,0.0,0.0,0.0,0.0,0.0,0.0,0.0,0.0,0.1059016207341605,0.0424322566201943,0.0374561434569391,0.3503605690693803,0.2428986525121068,0.0550293307191118,0.1203968674821556,0.1933142525494792,0.1384308091020059,0.3861111088049234,0.0309334785935553,0.5701299311399446,0.7032492139524755,8.887679351432359,3.1705662066170515
W0006,4,0.0,0.0,0.0,0.0,8.857817994136154,0.0,0.0,0.0,0.0,0.0,0.0,0.0,0.0,0.0,0.0,0.0,0.0,0.0,0.0,0.0,0.0,0.0,0.0,0.0,0.0,0.0,0.0,0.0,0.0,0.0,-0.0420176506871371,-0.0815964823990361,0.0163898126881331,0.0195422233801974,0.0249060668382907,0.0360247651695284,-0.007360219091255,0.0236500306018433,0.0517816521723803,0.4697020783455364,0.0263951129929058,0.6245690568409031,0.2143062294531154,10.877442306296093,3.7442254851433687
W0006,5,0.0,0.0,0.0,0.0,6.372474367265486,0.0,0.0,0.0,0.0,0.0,0.0,0.0,0.0,0.0,0.0,0.0,0.0,0.0,0.0,0.0,0.0,0.0,0.0,0.0,0.0,0.0,0.0,0.0,0.0,0.0,0.01538497021266,-0.0518052221495641,-0.0476599439646515,0.0256332904614065,-0.0227750766077804,-0.0232259615709622,0.0306846275206493,-0.0682275614780191,0.1558338596602211,0.5043352354985421,0.0913550633126875,0.6323985794525186,0.0264884424857134,10.327586603771534,3.397352210554468
W0006,6,0.0,0.0,0.0,0.0,2.713968929577581,0.0,0.0,0.0,0.0,0.0,0.0,0.0,0.0,0.0,0.0,0.0,0.0,0.0,0.0,0.0,0.0,0.0,0.0,0.0,0.0,0.0,0.0,0.0,0.0,0.0,0.0923101884033623,0.0022741553586737,-0.027117803979477,-0.0230509196864394,-0.0337414340874625,-0.0267129263712404,-0.0466033768843638,-0.0016647229664487,0.1163223384226322,0.6243535660602948,0.0540752849291283,0.9275929946286992,0.0304760875938173,9.732417996564344,3.3915950162324813
W0007,0,0.0,0.0,0.0,0.0,0.0,3.0,0.0,0.0,0.0,0.0,0.0,0.0,0.0,0.0,0.0,0.0,0.0,0.0,0.0,0.0,0.0,0.0,0.0,0.0,0.0,0.0,0.0,0.0,0.0,0.0,40.0,0.0,0.0,0.0,0.0,0.0,0.0,0.0,0.0,0.0,0.0,0.0,0.0,0.0,0.0
W0007,1,0.0,0.0,0.0,0.0,0.0,6.126141624385274,0.0,0.0,0.0,0.0,0.0,0.0,0.0,0.0,0.0,0.0,0.0,0.0,0.0,0.0,0.0,0.0,0.0,0.0,0.0,0.0,0.0,0.0,0.0,0.0,28.99243617075694,0.2656760054537711,1.293038876657261,0.979006991514351,0.3513358771665156,0.0882258534797031,0.2917628124140062,1.4307288879668458,0.0645879896713787,0.4423408286408039,0.2771093270865595,0.0199334602967544,0.1597196752077737,0.1540578120609172,0.8763068598393907
W0007,2,0.0,0.0,0.0,0.0,0.0,12.574624217782423,0.0,0.0,0.0,0.0,0.0,0.0,0.0,0.0,0.0,0.0,0.0,0.0,0.0,0.0,0.0,0.0,0.0,0.0,0.0,0.0,0.0,0.0,0.0,0.0,5.735110484148038,0.5598028867906417,1.694883462552233,0.6225341220321827,0.5642239489050332,0.2686496676998362,0.8018732485951741,1.50575805247849,0.4931021710270253,1.998512378970156,1.247930886120408,0.0707750947886392,1.4128806969315968,0.8945183615948483,4.1423366548662255
W0007,3,0.0,0.0,0.0,0.0,0.0,13.79889846149034,0.0,0.0,0.0,0.0,0.0,0.0,0.0,0.0,0.0,0.0,0.0,0.0,0.0,0.0,0.0,0.0,0.0,0.0,0.0,0.0,0.0,0.0,0.0,0.0,0.0086018932448967,0.0960141897252303,0.0307104887180995,-0.0118115570361125,0.072976939956773,-0.0046101460048188,0.1271602936515842,0.0065812121188177,1.0482265578574468,3.247965589715976,1.3381833843648854,0.0421920062030727,2.5636516764317334,1.2214547128239055,6.1521666999613736
W0007,4,0.0,0.0,0.0,0.0,0.0,8.898680103252815,0.0,0.0,0.0,0.0,0.0,0.0,0.0,0.0,0.0,0.0,0.0,0.0,0.0,0.0,0.0,0.0,0.0,0.0,0.0,0.0,0.0,0.0,0.0,0.0,0.0244965595752372,-0.0225041336629683,0.0389742262585481,0.0934912040957278,0.0791334546260551,0.0188484205101006,-0.0488201487007201,0.0404863899443734,1.052707743818021,2.8028505385628044,1.47648382241696,-0.0074427032784582,2.332937606004534,1.0889698411748463,4.896530412469425
W0007,5,0.0,0.0,0.0,0.0,0.0,5.259326002789615,0.0,0.0,0.0,0.0,0.0,0.0,0.0,0.0,0.0,0.0,0.0,0.0,0.0,0.0,0.0,0.0,0.0,0.0,0.0,0.0,0.0,0.0,0.0,0.0,0.0141229920773074,-0.0168584543367903,-0.0468957998945562,0.00023811257875,0.0524440599914401,0.0393528627629183,-0.074549354456044,0.0363183730958556,0.8692951928201419,3.697772798334361,1.541564314196318,0.0021348304310539,3.084114856151952,1.274175267333194,5.695579434389774
W0007,6,0.0,0.0,0.0,0.0,0.0,3.170513219895512,0.0,0.0,0.0,0.0,0.0,0.0,0.0,0.0,0.0,0.0,0.0,0.0,0.0,0.0,0.0,0.0,0.0,0.0,0.0,0.0,0.0,0.0,0.0,0.0,0.0274314623429316,-0.0336256910079307,-0.0153751624498877,-0.0115768566020534,0.0379381890172083,0.021729526342962,-0.0379257819925653,-0.0013439892793854,1.0429250035310895,3.6024764435909407,1.5049768942363206,-0.0560797119837016,2.89677046116838,1.2630149965181787,6.112462733482435
W0008,0,0.0,0.0,0.0,0.0,0.0,0.0,3.0,0.0,0.0,0.0,0.0,0.0,0.0,0.0,0.0,0.0,0.0,0.0,0.0,0.0,0.0,0.0,0.0,0.0,0.0,0.0,0.0,0.0,0.0,0.0,40.0,0.0,0.0,0.0,0.0,0.0,0.0,0.0,0.0,0.0,0.0,0.0,0.0,0.0,0.0
W0008,1,0.0,0.0,0.0,0.0,0.0,0.0,5.394877400544555,0.0,0.0,0.0,0.0,0.0,0.0,0.0,0.0,0.0,0.0,0.0,0.0,0.0,0.0,0.0,0.0,0.0,0.0,0.0,0.0,0.0,0.0,0.0,33.436065394492616,0.5284440708979184,0.089308497766825,0.0425136159244546,0.8393633697249292,0.2581566791662255,-0.0154181972363081,2.170423114909641,1.7736368017000212,0.0,0.0785326268938496,0.2940600969419071,0.4364874276296293,0.2089473630362432,0.1274579042585369
W0008,2,0.0,0.0,0.0,0.0,0.0,0.0,11.368353240679273,0.0,0.0,0.0,0.0,0.0,0.0,0.0,0.0,0.0,0.0,0.0,0.0,0.0,0.0,0.0,0.0,0.0,0.0,0.0,0.0,0.0,0.0,0.0,8.864888649517518,0.517122556662643,0.1141744953057856,0.2593944864091088,1.9599110555169008,0.5356507869772965,0.2586596831161491,3.1571257825881647,4.063594631026242,0.0,0.4439851612561205,0.7822912698450126,1.126995660048267,0.9016051366506396,0.5002425355177765
W0008,3,0.0,0.0,0.0,0.0,0.0,0.0,10.846412942530891,0.0,0.0,0.0,0.0,0.0,0.0,0.0,0.0,0.0,0.0,0.0,0.0,0.0,0.0,0.0,0.0,0.0,0.0,0.0,0.0,0.0,0.0,0.0,-0.003943007385856,0.1263800276191866,0.1138800698901047,0.1593305427077244,0.8414822992392931,0.0780468158498291,0.1075450202310936,0.5248103519872358,5.535714610176501,0.0,1.067379011595654,1.8137619457125065,2.039568567232196,2.2106876529138235,1.2780501556107235
W0008,4,0.0,0.0,0.0,0.0,0.0,0.0,9.894477437035372,0.0,0.0,0.0,0.0,0.0,0.0,0.0,0.0,0.0,0.0,0.0,0.0,0.0,0.0,0.0,0.0,0.0,0.0,0.0,0.0,0.0,0.0,0.0,0.0952508707542477,0.0182138241689164,-0.0300894509397124,-0.0278091012650556,0.1589192712393493,0.0521347724220297,-0.0106621284912783,0.0336243760931069,7.41180622834284,0.0,1.357757708630878,1.5485364772257388,2.3104576369150114,2.500701181281677,1.3937960553619353
W0008,5,0.0,0.0,0.0,0.0,0.0,0.0,5.296619753431387,0.0,0.0,0.0,0.0,0.0,0.0,0.0,0.0,0.0,0.0,0.0,0.0,0.0,0.0,0.0,0.0,0.0,0.0,0.0,0.0,0.0,0.0,0.0,0.0207012222319699,0.0427372762554633,0.0007337926198173,-0.0825334897558842,-0.0222034865823484,-0.0276893571272539,0.013416251865711,-0.0136334765470125,6.091430749658678,0.0,1.2620074896125255,2.162559073646213,2.331418619963255,2.213151040246817,1.46603845567404
W0008,6,0.0,0.0,0.0,0.0,0.0,0.0,3.520269127726947,0.0,0.0,0.0,0.0,0.0,0.0,0.0,0.0,0.0,0.0,0.0,0.0,0.0,0.0,0.0,0.0,0.0,0.0,0.0,0.0,0.0,0.0,0.0,0.069175394825213,0.027239644818267,-0.035809831818054,-0.0563048040292854,0.08374979589323,0.0312279409789781,0.0610163710559422,0.018265823358303,6.595532840694512,0.0,1.0239940980086495,2.046189890036199,2.381750484456905,2.072238555209995,1.4114809912211663
W0009,0,0.0,0.0,0.0,0.0,0.0,0.0,0.0,3.0,0.0,0.0,0.0,0.0,0.0,0.0,0.0,0.0,0.0,0.0,0.0,0.0,0.0,0.0,0.0,0.0,0.0,0.0,0.0,0.0,0.0,0.0,40.0,0.0,0.0,0.0,0.0,0.0,0.0,0.0,0.0,0.0,0.0,0.0,0.0,0.0,0.0
W0009,1,0.0,0.0,0.0,0.0,0.0,0.0,0.0,5.359581108901311,0.0,0.0,0.0,0.0,0.0,0.0,0.0,0.0,0.0,0.0,0.0,0.0,0.0,0.0,0.0,0.0,0.0,0.0,0.0,0.0,0.0,0.0,29.664142767024423,0.1621175954152373,0.1837160318929775,0.6750647243625907,1.753276581008553,0.2952817512944986,0.5422143291630157,0.5263849741924619,0.1787074110051165,0.515270692227566,0.0533091093451287,0.0769927699992708,0.0500176848137508,0.1143926259256413,1.0988292811052336
W0009,2,0.0,0.0,0.0,0.0,0.0,0.0,0.0,12.343509933039964,0.0,0.0,0.0,0.0,0.0,0.0,0.0,0.0,0.0,0.0,0.0,0.0,0.0,0.0,0.0,0.0,0.0,0.0,0.0,0.0,0.0,0.0,10.713530136827147,0.4754795789391334,0.5494692568339653,1.649055443136033,2.695658600653531,0.4538688163809016,1.308446762868826,0.6451340846093169,0.821961535530682,1.6301442275017373,0.1186784184772209,0.6122339259258315,0.2268916005194647,0.1565258254940878,3.038565454193722
W0009,3,0.0,0.0,0.0,0.0,0.0,0.0,0.0,17.716350339783645,0.0,0.0,0.0,0.0,0.0,0.0,0.0,0.0,0.0,0.0,0.0,0.0,0.0,0.0,0.0,0.0,0.0,0.0,0.0,0.0,0.0,0.0,0.0786910476947451,0.3067364081272331,0.2140361512445591,0.6200219633453554,0.4972669574940347,-0.012686654806587,0.8284267549786067,0.1792168918546247,1.2197375513514297,2.579916538777218,0.0074033536257356,1.5201470724926052,0.5967043228168823,0.2377723699806777,5.018960358580904
W0009,4,0.0,0.0,0.0,0.0,0.0,0.0,0.0,10.69690124273498,0.0,0.0,0.0,0.0,0.0,0.0,0.0,0.0,0.0,0.0,0.0,0.0,0.0,0.0,0.0,0.0,0.0,0.0,0.0,0.0,0.0,0.0,0.0230903669263982,-0.0211699844776245,-0.0196490331081629,0.1662406479103059,0.0773883678965677,0.0445143656626248,0.1732568332495523,0.1145496780166523,1.371075586786532,2.4868045879516365,-0.0240869090394928,1.7771689071161396,0.8549957976068949,0.1153175028228431,5.135159855911748
W0009,5,0.0,0.0,0.0,0.0,0.0,0.0,0.0,7.116893316262618,0.0,0.0,0.0,0.0,0.0,0.0,0.0,0.0,0.0,0.0,0.0,0.0,0.0,0.0,0.0,0.0,0.0,0.0,0.0,0.0,0.0,0.0,0.050607142439422,0.0034963234113841,0.001280185867065,0.0365084754111246,-0.0200510601095971,0.0584760357720917,0.0398201502011149,-0.051693082094398,1.448387471191056,2.0846878493538656,-0.0180335092590569,1.811914993971196,0.7917200979399949,0.0461804934373358,4.594668632351703
W0009,6,0.0,0.0,0.0,0.0,0.0,0.0,0.0,3.936391226276033,0.0,0.0,0.0,0.0,0.0,0.0,0.0,0.0,0.0,0.0,0.0,0.0,0.0,0.0,0.0,0.0,0.0,0.0,0.0,0.0,0.0,0.0,0.0830901461941154,-0.0561656199911827,0.0597930100966066,0.0268636348789201,-0.0221811130624244,-0.0178775994661303,-0.0107431770166044,0.0260658397644085,1.3330953573113593,2.516536436037079,0.0311568529300103,2.170417408532878,0.7851122947671155,0.0125851606902787,4.667017123024357
W0010,0,0.0,0.0,0.0,0.0,0.0,0.0,0.0,0.0,3.0,0.0,0.0,0.0,0.0,0.0,0.0,0.0,0.0,0.0,0.0,0.0,0.0,0.0,0.0,0.0,0.0,0.0,0.0,0.0,0.0,0.0,40.0,0.0,0.0,0.0,0.0,0.0,0.0,0.0,0.0,0.0,0.0,0.0,0.0,0.0,0.0
W0010,1,0.0,0.0,0.0,0.0,0.0,0.0,0.0,0.0,4.857880360739141,0.0,0.0,0.0,0.0,0.0,0.0,0.0,0.0,0.0,0.0,0.0,0.0,0.0,0.0,0.0,0.0,0.0,0.0,0.0,0.0,0.0,28.156063562770903,0.615328930897032,0.1527004986658504,0.0416586697633267,0.0914730431290438,0.2229987372049616,3.384107310726161,0.3226171904261941,0.2340014857422175,0.029725700547826,0.1205007643799071,0.8617513265576852,0.1367513076546625,0.1627880024264138,0.1186101887722361
W0010,2,0.0,0.0,0.0,0.0,0.0,0.0,0.0,0.0,15.578709943532616,0.0,0.0,0.0,0.0,0.0,0.0,0.0,0.0,0.0,0.0,0.0,0.0,0.0,0.0,0.0,0.0,0.0,0.0,0.0,0.0,0.0,6.057410731720927,1.5182973004447136,0.3854764354513236,0.1417284835447136,0.2795072399916258,0.3524988437102959,3.6351519541273833,0.6650953186999059,1.5812905420337338,0.1754761720432751,0.3193363837586909,4.404112444284764,0.6115465183831791,0.55482126205954,0.5987124238180839
W0010,3,0.0,0.0,0.0,0.0,0.0,0.0,0.0,0.0,11.046196515535348,0.0,0.0,0.0,0.0,0.0,0.0,0.0,0.0,0.0,0.0,0.0,0.0,0.0,0.0,0.0,0.0,0.0,0.0,0.0,0.0,0.0,-0.0088402174145829,0.5059243795999202,0.1276382075769196,0.1331264610054539,0.0682441234491757,0.0263905325083357,0.0278298154256577,0.1047277265155573,2.202504079698352,0.0953030220729913,0.4047099804817589,6.508536969456631,1.1822460307016105,1.267334983099598,1.429593195027984
W0010,4,0.0,0.0,0.0,0.0,0.0,0.0,0.0,0.0,8.188312338680714,0.0,0.0,0.0,0.0,0.0,0.0,0.0,0.0,0.0,0.0,0.0,0.0,0.0,0.0,0.0,0.0,0.0,0.0,0.0,0.0,0.0,-0.0439832891330317,0.2065341936992592,0.0501987694679685,0.0568741911860327,0.0138704844939307,0.0676375134475722,0.0868739547535982,-0.0559685809362847,1.7502703674371705,-0.0025844232537284,0.4199712984079817,6.353025639127238,1.3850128036833842,1.0539861653345746,1.135625131658368
W0010,5,0.0,0.0,0.0,0.0,0.0,0.0,0.0,0.0,5.026470081802926,0.0,0.0,0.0,0.0,0.0,0.0,0.0,0.0,0.0,0.0,0.0,0.0,0.0,0.0,0.0,0.0,0.0,0.0,0.0,0.0,0.0,0.0639122378533886,0.0332978325755871,0.0048762050743892,0.0962676845866061,0.0126325087643339,0.0592285939091643,-0.0448526894564706,0.0399278086444163,2.1653207606810283,0.0668958427526865,0.3983285364622784,6.458850174192925,1.1420371823514233,1.2311613244318742,1.6938866622368502
W0010,6,0.0,0.0,0.0,0.0,0.0,0.0,0.0,0.0,2.869085043588968,0.0,0.0,0.0,0.0,0.0,0.0,0.0,0.0,0.0,0.0,0.0,0.0,0.0,0.0,0.0,0.0,0.0,0.0,0.0,0.0,0.0,-0.0306532131719958,-0.0898579671351542,0.0188752300140271,0.0084565190538301,0.0034300112157735,0.0032922956214755,0.03227447814196,-0.0344205647716074,2.6584253022540074,0.1070643071364463,0.3216271039556655,6.081143801508412,1.401978569360784,1.1650189414161265,1.5346374166297825
W0011,0,0.0,0.0,0.0,0.0,0.0,0.0,0.0,0.0,0.0,3.0,0.0,0.0,0.0,0.0,0.0,0.0,0.0,0.0,0.0,0.0,0.0,0.0,0.0,0.0,0.0,0.0,0.0,0.0,0.0,0.0,40.0,0.0,0.0,0.0,0.0,0.0,0.0,0.0,0.0,0.0,0.0,0.0,0.0,0.0,0.0
W0011,1,0.0,0.0,0.0,0.0,0.0,0.0,0.0,0.0,0.0,4.987099955402666,0.0,0.0,0.0,0.0,0.0,0.0,0.0,0.0,0.0,0.0,0.0,0.0,0.0,0.0,0.0,0.0,0.0,0.0,0.0,0.0,33.40206878137255,0.1435930845494548,0.2391539494575716,0.8016991553848738,2.9459363289239207,0.3148948260699905,0.4284003334684629,0.2957391870468532,0.0718639665951704,-0.1117246722254241,0.4057007624203126,0.0271228621625657,0.2158316129872377,0.2210108780127354,0.902662969523906
W0011,2,0.0,0.0,0.0,0.0,0.0,0.0,0.0,0.0,0.0,11.189971310569396,0.0,0.0,0.0,0.0,0.0,0.0,0.0,0.0,0.0,0.0,0.0,0.0,0.0,0.0,0.0,0.0,0.0,0.0,0.0,0.0,10.85251603680328,0.3056298147787976,1.1717250559764023,1.2691152841969575,4.02779392873443,0.6540302400440582,0.7065446092753129,1.2438618130940842,0.0926336601119928,-0.0043805703980152,1.2148855271341823,0.2450433204098088,0.8570932709898006,0.4038203910149364,2.2515094824080606
W0011,3,0.0,0.0,0.0,0.0,0.0,0.0,0.0,0.0,0.0,13.065942687972504,0.0,0.0,0.0,0.0,0.0,0.0,0.0,0.0,0.0,0.0,0.0,0.0,0.0,0.0,0.0,0.0,0.0,0.0,0.0,0.0,0.0217472232844831,-0.0092784056429708,1.4748665661184206,0.2855532207704418,2.023955503252691,0.0614541052079716,0.2144371292075182,1.9741854275571216,0.6298690527175078,-0.029923855938039,2.0430527520687383,0.328037083278752,1.6134809725177597,0.4986092800471833,3.705509103953077
W0011,4,0.0,0.0,0.0,0.0,0.0,0.0,0.0,0.0,0.0,11.047230420635902,0.0,0.0,0.0,0.0,0.0,0.0,0.0,0.0,0.0,0.0,0.0,0.0,0.0,0.0,0.0,0.0,0.0,0.0,0.0,0.0,0.0321076319753536,0.0691341415336954,0.6879760930026433,0.0615074552902699,0.5596700765760372,0.067487559395486,0.0824659092432781,1.281465039790914,0.8840293256740593,0.0566615060171198,2.336763413786674,0.3101674631218392,2.725087377800618,0.3763121385504483,4.232578166178107
W0011,5,0.0,0.0,0.0,0.0,0.0,0.0,0.0,0.0,0.0,7.55460475239731,0.0,0.0,0.0,0.0,0.0,0.0,0.0,0.0,0.0,0.0,0.0,0.0,0.0,0.0,0.0,0.0,0.0,0.0,0.0,0.0,-0.0144624452626277,-0.0196110167081981,0.4576952529076836,0.0947270058322777,0.2193373990245118,0.027537167267423,0.0789004789690073,1.1351618666109813,1.1150595491514224,0.0434502785801893,2.1623854231991744,0.2457709564286833,2.54646596857436,0.2260109874759358,4.3204825292849005
W0011,6,0.0,0.0,0.0,0.0,0.0,0.0,0.0,0.0,0.0,4.766799245600705,0.0,0.0,0.0,0.0,0.0,0.0,0.0,0.0,0.0,0.0,0.0,0.0,0.0,0.0,0.0,0.0,0.0,0.0,0.0,0.0,0.0389565272277996,-0.0080853815224278,0.2930530741465867,0.0554064700254709,0.178471005483463,-0.0303348535367209,-0.0163399600110878,0.6794450160675587,1.00122304926208,0.0463078445791386,2.333157343675211,0.3131486617487559,2.1450839764934986,0.2570274355585292,4.495553433018481
W0012,0,0.0,0.0,0.0,0.0,0.0,0.0,0.0,0.0,0.0,0.0,3.0,0.0,0.0,0.0,0.0,0.0,0.0,0.0,0.0,0.0,0.0,0.0,0.0,0.0,0.0,0.0,0.0,0.0,0.0,0.0,40.0,0.0,0.0,0.0,0.0,0.0,0.0,0.0,0.0,0.0,0.0,0.0,0.0,0.0,0.0
W0012,1,0.0,0.0,0.0,0.0,0.0,0.0,0.0,0.0,0.0,0.0,4.216640793365304,0.0,0.0,0.0,0.0,0.0,0.0,0.0,0.0,0.0,0.0,0.0,0.0,0.0,0.0,0.0,0.0,0.0,0.0,0.0,27.775919626163667,0.2820472377464307,0.1615716547077739,0.6669316558522905,1.5128871519678797,0.0724626517379361,0.0291119768318764,3.6307734571648567,0.0799711931084719,-0.0424807414827469,0.0038402707250253,0.0744272472733121,0.5380933124428532,-0.0468895972891283,0.0730381898312381
W0012,2,0.0,0.0,0.0,0.0,0.0,0.0,0.0,0.0,0.0,0.0,6.54872376846996,0.0,0.0,0.0,0.0,0.0,0.0,0.0,0.0,0.0,0.0,0.0,0.0,0.0,0.0,0.0,0.0,0.0,0.0,0.0,15.98543445074931,0.711747418842844,0.3126334841581168,2.097328819457652,3.750353004445838,0.2601748378033107,0.0930166944758992,9.521287476609343,0.2840793692653565,0.0015068328661966,-0.0087325042081153,0.0140003454345811,1.177281953020544,0.1112773455078467,0.2941042490406925
W0012,3,0.0,0.0,0.0,0.0,0.0,0.0,0.0,0.0,0.0,0.0,7.342583002135884,0.0,0.0,0.0,0.0,0.0,0.0,0.0,0.0,0.0,0.0,0.0,0.0,0.0,0.0,0.0,0.0,0.0,0.0,0.0,0.3212672836322164,1.3459640653730032,0.5994484123426057,3.2737372296851475,5.794164103969041,0.2088887861979248,0.1075907491567924,13.54151563389069,0.4610798428010049,-0.0225704472602229,-0.1026404749147803,0.0518888205579439,1.571609448064732,0.2784153559622155,0.2926064399893234
W0012,4,0.0,0.0,0.0,0.0,0.0,0.0,0.0,0.0,0.0,0.0,4.255606068710628,0.0,0.0,0.0,0.0,0.0,0.0,0.0,0.0,0.0,0.0,0.0,0.0,0.0,0.0,0.0,0.0,0.0,0.0,0.0,0.089090086950167,1.2450376248700838,0.5544908811352927,3.3071835400130176,6.3628658259373205,0.2524303742468234,0.1617414646789143,12.211658892091696,0.5431479720513832,0.0726614565504591,0.0187237811483391,-0.0441266199826641,0.8334585138051526,0.4244499722799066,0.3618892911885146
W0012,5,0.0,0.0,0.0,0.0,0.0,0.0,0.0,0.0,0.0,0.0,3.0349341831140952,0.0,0.0,0.0,0.0,0.0,0.0,0.0,0.0,0.0,0.0,0.0,0.0,0.0,0.0,0.0,0.0,0.0,0.0,0.0,0.0048943189081422,1.3518329718302051,0.7002643174335199,2.6039624669802266,6.859855519277085,0.1509309499037383,0.1193375958516945,12.8688617217394,0.6774621940285971,0.0062918855187084,0.0370750803844485,-0.0122501817901258,0.5621217457074926,0.5272040174492099,0.2825085494089882
W0012,6,0.0,0.0,0.0,0.0,0.0,0.0,0.0,0.0,0.0,0.0,1.7574925010291684,0.0,0.0,0.0,0.0,0.0,0.0,0.0,0.0,0.0,0.0,0.0,0.0,0.0,0.0,0.0,0.0,0.0,0.0,0.0,-0.0224997682420056,1.1737595955756883,0.6257599573523726,3.062831796205822,5.805658557278143,0.2412439362807864,0.1511700096149491,13.796602393965829,0.6560102845629224,0.0372893644697431,-0.0330632289855579,0.018772670878685,0.4207486071264651,0.6019416391474004,0.2710995757068721
W0013,0,0.0,0.0,0.0,0.0,0.0,0.0,0.0,0.0,0.0,0.0,0.0,3.0,0.0,0.0,0.0,0.0,0.0,0.0,0.0,0.0,0.0,0.0,0.0,0.0,0.0,0.0,0.0,0.0,0.0,0.0,40.0,0.0,0.0,0.0,0.0,0.0,0.0,0.0,0.0,0.0,0.0,0.0,0.0,0.0,0.0
W0013,1,0.0,0.0,0.0,0.0,0.0,0.0,0.0,0.0,0.0,0.0,0.0,3.829370500545111,0.0,0.0,0.0,0.0,0.0,0.0,0.0,0.0,0.0,0.0,0.0,0.0,0.0,0.0,0.0,0.0,0.0,0.0,30.693276450642397,0.0829761215985287,0.2055824043717635,4.600428430077649,0.0332064578588076,0.0995076167197884,0.5454672945128288,0.0409282791159318,0.0,1.1087252310942122,0.0,0.0,0.3079685737318666,0.064083986307347,-0.0446503943260864
W0013,2,0.0,0.0,0.0,0.0,0.0,0.0,0.0,0.0,0.0,0.0,0.0,5.982868152777853,0.0,0.0,0.0,0.0,0.0,0.0,0.0,0.0,0.0,0.0,0.0,0.0,0.0,0.0,0.0,0.0,0.0,0.0,16.923073865706993,0.3195033664472089,0.2332869357486546,10.198540401422656,0.0312676513364199,0.4300504294993617,1.112017505299116,0.2213814663580772,0.0,2.1029638187580684,0.0,0.0,0.645275090997272,-0.0007511267657778,-0.0464800538978582
W0013,3,0.0,0.0,0.0,0.0,0.0,0.0,0.0,0.0,0.0,0.0,0.0,7.37346257972296,0.0,0.0,0.0,0.0,0.0,0.0,0.0,0.0,0.0,0.0,0.0,0.0,0.0,0.0,0.0,0.0,0.0,0.0,4.308487127713242,0.5052450446132242,0.449707588019092,17.820562224764906,0.0617985512338851,0.6435303480713035,1.6235284452608216,0.217760114171878,0.0,3.7590444126676954,0.0,0.0,0.8346634318244827,0.1356949790522157,0.1162465014099529
W0013,4,0.0,0.0,0.0,0.0,0.0,0.0,0.0,0.0,0.0,0.0,0.0,4.278214886064749,0.0,0.0,0.0,0.0,0.0,0.0,0.0,0.0,0.0,0.0,0.0,0.0,0.0,0.0,0.0,0.0,0.0,0.0,0.0920216957148014,0.5561692116348248,0.4315055695333061,19.60554612232994,0.0447693636293331,0.7177374600086158,2.0639948569988653,0.3779019231521193,0.0,4.391828765557909,0.0,0.0,1.0404594572183126,0.0292218669181849,0.0729420181782199
W0013,5,0.0,0.0,0.0,0.0,0.0,0.0,0.0,0.0,0.0,0.0,0.0,2.888281347291904,0.0,0.0,0.0,0.0,0.0,0.0,0.0,0.0,0.0,0.0,0.0,0.0,0.0,0.0,0.0,0.0,0.0,0.0,0.0501444045100249,0.4831693077303882,0.3752695045111405,19.507152881015998,0.1177239897691179,0.6741504972448629,2.002432738319037,0.450553105669727,0.0,5.215819658532165,0.0,0.0,1.0827209026476918,0.1558872039475876,0.0879837313269431
W0013,6,0.0,0.0,0.0,0.0,0.0,0.0,0.0,0.0,0.0,0.0,0.0,1.974272249574803,0.0,0.0,0.0,0.0,0.0,0.0,0.0,0.0,0.0,0.0,0.0,0.0,0.0,0.0,0.0,0.0,0.0,0.0,0.0403454392143013,0.5355649602164985,0.4376245578490443,17.34686740569815,-0.0017699907090617,0.6448615384320132,2.162472479232133,0.3146547003427111,0.0,4.259270050108558,0.0,0.0,0.8570927932285499,0.1733941958211042,-0.0058762006153504
W0014,0,0.0,0.0,0.0,0.0,0.0,0.0,0.0,0.0,0.0,0.0,0.0,0.0,3.0,0.0,0.0,0.0,0.0,0.0,0.0,0.0,0.0,0.0,0.0,0.0,0.0,0.0,0.0,0.0,0.0,0.0,40.0,0.0,0.0,0.0,0.0,0.0,0.0,0.0,0.0,0.0,0.0,0.0,0.0,0.0,0.0
W0014,1,0.0,0.0,0.0,0.0,0.0,0.0,0.0,0.0,0.0,0.0,0.0,0.0,3.4489972983776203,0.0,0.0,0.0,0.0,0.0,0.0,0.0,0.0,0.0,0.0,0.0,0.0,0.0,0.0,0.0,0.0,0.0,34.418269119866096,0.1434233229537154,-0.0335783322572018,0.1292731531531898,2.2651629885208378,0.1119852484444308,0.4932708115250303,-0.0072371431535872,0.0274150358703871,0.2017622386829138,0.2808194925246863,-0.0011760149899989,0.0323429288467583,0.0568635531399058,0.0610524547657175
W0014,2,0.0,0.0,0.0,0.0,0.0,0.0,0.0,0.0,0.0,0.0,0.0,0.0,3.9052377695330622,0.0,0.0,0.0,0.0,0.0,0.0,0.0,0.0,0.0,0.0,0.0,0.0,0.0,0.0,0.0,0.0,0.0,28.27216898239369,0.5350300343569752,0.0348703047167743,0.325975564262262,5.091702289618056,0.5513528509375963,0.9094425069152632,-0.011438154682127,0.1210286492228082,0.3372573974576183,0.4823654683079986,0.1036562876766864,0.1102890714011828,0.0272525188855678,0.1433694986368702
W0014,3,0.0,0.0,0.0,0.0,0.0,0.0,0.0,0.0,0.0,0.0,0.0,0.0,5.503068859815873,0.0,0.0,0.0,0.0,0.0,0.0,0.0,0.0,0.0,0.0,0.0,0.0,0.0,0.0,0.0,0.0,0.0,17.28185066592444,0.8592566755463635,-0.0204649887830533,0.4193353794312053,10.742513675961096,1.0313793097187545,1.464207576598844,0.0260678424124433,0.2240635559043141,0.3029959864812903,0.2690812922952761,0.1032172248435543,0.1579105306966645,0.1111636558754642,0.2263411816544461
W0014,4,0.0,0.0,0.0,0.0,0.0,0.0,0.0,0.0,0.0,0.0,0.0,0.0,5.336306535455716,0.0,0.0,0.0,0.0,0.0,0.0,0.0,0.0,0.0,0.0,0.0,0.0,0.0,0.0,0.0,0.0,0.0,8.485356459716812,0.8905239318922424,-0.0362082874561744,0.6994463758551045,15.991525266651518,0.9028016250860652,2.159769902838512,0.0527374344299092,0.2886830010244706,0.1193962499624468,0.3262787617270666,0.0826852139322698,0.246674157278396,0.0736664048014063,0.3474183687619742
W0014,5,0.0,0.0,0.0,0.0,0.0,0.0,0.0,0.0,0.0,0.0,0.0,0.0,4.874047401264923,0.0,0.0,0.0,0.0,0.0,0.0,0.0,0.0,0.0,0.0,0.0,0.0,0.0,0.0,0.0,0.0,0.0,4.35767625546789,1.3355489133311715,0.040868990196324,0.5708128805496218,15.390027223747865,1.5240892228530274,2.1166786685003536,-0.0390672364170471,0.4523500609203229,0.1600591002691546,0.1940437588240612,0.0007670814190386,0.3364970203175854,0.1159686245642097,0.483919411348646
W0014,6,0.0,0.0,0.0,0.0,0.0,0.0,0.0,0.0,0.0,0.0,0.0,0.0,3.1105757580510422,0.0,0.0,0.0,0.0,0.0,0.0,0.0,0.0,0.0,0.0,0.0,0.0,0.0,0.0,0.0,0.0,0.0,2.437531311145704,1.1646960318529542,0.0338568419361483,0.6464079004312426,16.4121797432903,1.4003780094238534,2.2549523246350485,-0.0190494178169491,0.4393407914816576,0.0410725677522692,0.1166104036506206,0.0146890096509527,0.3167125237947507,0.1419946915015036,0.533609467783708
W0015,0,0.0,0.0,0.0,0.0,0.0,0.0,0.0,0.0,0.0,0.0,0.0,0.0,0.0,3.0,0.0,0.0,0.0,0.0,0.0,0.0,0.0,0.0,0.0,0.0,0.0,0.0,0.0,0.0,0.0,0.0,40.0,0.0,0.0,0.0,0.0,0.0,0.0,0.0,0.0,0.0,0.0,0.0,0.0,0.0,0.0
W0015,1,0.0,0.0,0.0,0.0,0.0,0.0,0.0,0.0,0.0,0.0,0.0,0.0,0.0,5.143483215429544,0.0,0.0,0.0,0.0,0.0,0.0,0.0,0.0,0.0,0.0,0.0,0.0,0.0,0.0,0.0,0.0,29.990208797566936,0.1214116260074878,0.0074619430618381,0.9482669720768198,1.3067946291189363,0.3536302829562723,0.3271421987927482,0.2664390908341369,0.1153702413904988,0.0289100802449141,-0.0386150455452395,0.0621471141734374,1.8466930285840288,0.4705170303639661,0.7423524972151039
W0015,2,0.0,0.0,0.0,0.0,0.0,0.0,0.0,0.0,0.0,0.0,0.0,0.0,0.0,7.1718501292836905,0.0,0.0,0.0,0.0,0.0,0.0,0.0,0.0,0.0,0.0,0.0,0.0,0.0,0.0,0.0,0.0,13.970406147091513,0.4556297804241819,0.1976330585977102,2.6130708521039585,1.9394577451128936,1.2451447577509611,0.8285538810765657,1.1877526888500276,0.175056683744392,0.0550797051047135,0.1227180801244577,0.1053800432598182,4.653406274533553,1.456216354483903,2.5599387352527017
W0015,3,0.0,0.0,0.0,0.0,0.0,0.0,0.0,0.0,0.0,0.0,0.0,0.0,0.0,9.919272803259569,0.0,0.0,0.0,0.0,0.0,0.0,0.0,0.0,0.0,0.0,0.0,0.0,0.0,0.0,0.0,0.0,0.0510971396381471,0.7183221320100871,0.1210528260555729,4.216946650437808,0.7140144466625614,1.6376777328322702,1.5368406865176156,2.50506271244694,0.0950226675516543,0.0153235117076445,0.1101920869597417,0.1765614860485012,7.547331299048511,2.1569410135113785,3.517425596211572
W0015,4,0.0,0.0,0.0,0.0,0.0,0.0,0.0,0.0,0.0,0.0,0.0,0.0,0.0,4.460800263844715,0.0,0.0,0.0,0.0,0.0,0.0,0.0,0.0,0.0,0.0,0.0,0.0,0.0,0.0,0.0,0.0,-0.0601137404401624,0.734310893812228,-0.0047324977663455,4.084365289452702,0.0860701668605098,1.8787456054214728,1.5008847536363146,2.9825048679011275,0.0471366700113134,0.0433838382236808,-0.0409099619340459,0.2109129443737877,7.700427506051485,2.507013492090935,3.491298079389064
W0015,5,0.0,0.0,0.0,0.0,0.0,0.0,0.0,0.0,0.0,0.0,0.0,0.0,0.0,3.3323782357106,0.0,0.0,0.0,0.0,0.0,0.0,0.0,0.0,0.0,0.0,0.0,0.0,0.0,0.0,0.0,0.0,0.0322092441308608,0.7386925922429131,0.0735267877378622,4.653358077535179,-0.0136660246234599,1.8866193437990608,1.4917442701906594,2.373613240035824,-0.0308599510591452,0.0042700923664033,0.0389266860071054,0.2167660240451331,7.11949797488005,1.9881602039207384,3.664471687621967
W0015,6,0.0,0.0,0.0,0.0,0.0,0.0,0.0,0.0,0.0,0.0,0.0,0.0,0.0,2.113394428929028,0.0,0.0,0.0,0.0,0.0,0.0,0.0,0.0,0.0,0.0,0.0,0.0,0.0,0.0,0.0,0.0,-0.0562557905016315,0.9950501985959838,0.1983576136856042,4.624895383483413,0.0555612110996257,2.003564138038459,1.864647856198528,2.3897050417712986,0.0243907756544221,0.0683333907860812,-0.0547333461253009,0.1914548622874828,7.587760460933725,1.9826371280037145,4.067567634991816
W0016,0,0.0,0.0,0.0,0.0,0.0,0.0,0.0,0.0,0.0,0.0,0.0,0.0,0.0,0.0,3.0,0.0,0.0,0.0,0.0,0.0,0.0,0.0,0.0,0.0,0.0,0.0,0.0,0.0,0.0,0.0,40.0,0.0,0.0,0.0,0.0,0.0,0.0,0.0,0.0,0.0,0.0,0.0,0.0,0.0,0.0
W0016,1,0.0,0.0,0.0,0.0,0.0,0.0,0.0,0.0,0.0,0.0,0.0,0.0,0.0,0.0,3.659130655529033,0.0,0.0,0.0,0.0,0.0,0.0,0.0,0.0,0.0,0.0,0.0,0.0,0.0,0.0,0.0,28.969763461889382,0.016007044527691,0.003917096670901,3.5596081966735134,0.4544079747254956,0.1135616097796165,1.5095474812779428,0.3818413601420021,0.0856650104016168,0.0414166351510412,0.2229153061381692,-0.0908154310494078,-0.0347695915463683,0.01226253720311,0.908198523102132
W0016,2,0.0,0.0,0.0,0.0,0.0,0.0,0.0,0.0,0.0,0.0,0.0,0.0,0.0,0.0,6.838381326008471,0.0,0.0,0.0,0.0,0.0,0.0,0.0,0.0,0.0,0.0,0.0,0.0,0.0,0.0,0.0,12.66733219587944,0.003831370218418,-0.0038315757136574,7.429467463363808,1.568131893207208,0.3550749965106771,2.842078901575565,0.7334119089732624,0.0471558585067523,0.3133484057644538,0.2273364084969101,0.0544919914658815,0.04075845200227,-0.0110565825633127,2.202930027980293
W0016,3,0.0,0.0,0.0,0.0,0.0,0.0,0.0,0.0,0.0,0.0,0.0,0.0,0.0,0.0,5.831840703440864,0.0,0.0,0.0,0.0,0.0,0.0,0.0,0.0,0.0,0.0,0.0,0.0,0.0,0.0,0.0,-0.0182967669606807,0.048161321998574,0.0928889168591567,13.09617629999032,1.7185692446620855,0.5610110669648921,5.58238138306485,1.373214885671704,-0.0292389316667645,0.5241394431709601,0.0797716807610685,-0.0591045480459017,0.0238372387269541,0.0381749846210368,2.936104980223117
W0016,4,0.0,0.0,0.0,0.0,0.0,0.0,0.0,0.0,0.0,0.0,0.0,0.0,0.0,0.0,4.182750011787614,0.0,0.0,0.0,0.0,0.0,0.0,0.0,0.0,0.0,0.0,0.0,0.0,0.0,0.0,0.0,-0.0265119114722738,0.1122829775275342,0.125882384198211,16.95660613108793,2.074599288559108,0.638933951573698,5.555520581529847,1.1015227795789055,0.0614179811594633,0.7756337715881676,0.0172846330430124,0.0303105212302216,0.0098062785418906,0.0389995729789377,3.0687254425524206
W0016,5,0.0,0.0,0.0,0.0,0.0,0.0,0.0,0.0,0.0,0.0,0.0,0.0,0.0,0.0,2.7071718091087105,0.0,0.0,0.0,0.0,0.0,0.0,0.0,0.0,0.0,0.0,0.0,0.0,0.0,0.0,0.0,0.0097244859260526,0.158008063940743,0.1150420312821463,14.202326180920895,1.9149880162025268,0.5743364552515686,5.928921983283754,1.125694061951274,-0.0193137270175755,0.797886784547384,0.0002540861745745,-0.0170188619102572,0.0653337667618901,0.0739489615411256,3.3183131096629683
W0016,6,0.0,0.0,0.0,0.0,0.0,0.0,0.0,0.0,0.0,0.0,0.0,0.0,0.0,0.0,1.650218170542926,0.0,0.0,0.0,0.0,0.0,0.0,0.0,0.0,0.0,0.0,0.0,0.0,0.0,0.0,0.0,0.0474187257214971,0.1385969436350692,0.0614997479677058,14.116771290933912,1.7034059134945387,0.5487046260065293,5.019822177161695,1.3105204994663644,0.0190726867932283,0.6769886725097674,-0.0225950658491999,-0.0245800537650957,0.0840472670662735,-0.0197342700477222,3.1600929269318305
W0017,0,0.0,0.0,0.0,0.0,0.0,0.0,0.0,0.0,0.0,0.0,0.0,0.0,0.0,0.0,0.0,3.0,0.0,0.0,0.0,0.0,0.0,0.0,0.0,0.0,0.0,0.0,0.0,0.0,0.0,0.0,40.0,0.0,0.0,0.0,0.0,0.0,0.0,0.0,0.0,0.0,0.0,0.0,0.0,0.0,0.0
W0017,1,0.0,0.0,0.0,0.0,0.0,0.0,0.0,0.0,0.0,0.0,0.0,0.0,0.0,0.0,0.0,4.473578050911684,0.0,0.0,0.0,0.0,0.0,0.0,0.0,0.0,0.0,0.0,0.0,0.0,0.0,0.0,29.16898205899164,0.0934566468015585,-0.0097820163064803,0.038106550132947,0.1005908015572539,0.6251124119689682,0.0603354013848336,0.1483195793336182,1.112666645540561,-0.0821482286250687,1.4402661778842436,0.0069765677819241,1.1692890910386138,1.0736814165153865,0.2195381248640942
W0017,2,0.0,0.0,0.0,0.0,0.0,0.0,0.0,0.0,0.0,0.0,0.0,0.0,0.0,0.0,0.0,6.1093838825584665,0.0,0.0,0.0,0.0,0.0,0.0,0.0,0.0,0.0,0.0,0.0,0.0,0.0,0.0,17.721973318824467,0.3149048419107303,0.1246522743581856,-0.0016512593071197,0.2034620764694586,1.554792672818871,0.003896419190042,0.5981452912214783,2.6241359724635567,0.1604641343893932,1.8943666545551057,0.0286030194217896,2.511902236268364,3.128001407658872,0.4943849015382113
W0017,3,0.0,0.0,0.0,0.0,0.0,0.0,0.0,0.0,0.0,0.0,0.0,0.0,0.0,0.0,0.0,7.21309874869372,0.0,0.0,0.0,0.0,0.0,0.0,0.0,0.0,0.0,0.0,0.0,0.0,0.0,0.0,6.617419391783461,0.6030821348112219,0.1203367384237109,-0.0502388867877237,0.4594338242244005,2.835674606309734,0.0508683674907987,0.7656273908613876,4.209032947485691,0.1588380320639499,1.5488691150452651,0.0351547619266967,3.932096984243128,3.986441731256471,0.8031498148869302
W0017,4,0.0,0.0,0.0,0.0,0.0,0.0,0.0,0.0,0.0,0.0,0.0,0.0,0.0,0.0,0.0,6.842562815365739,0.0,0.0,0.0,0.0,0.0,0.0,0.0,0.0,0.0,0.0,0.0,0.0,0.0,0.0,0.7736244480600457,0.6742518949121318,0.1763603973260184,-0.0779168777546733,0.5988903154004867,2.903604675293709,0.1354304567159967,0.8764811570209228,5.648930982058602,0.1054574757252107,0.9059114011667004,0.0059402925588569,5.55498237756906,4.891681532250177,0.7444116861869503
W0017,5,0.0,0.0,0.0,0.0,0.0,0.0,0.0,0.0,0.0,0.0,0.0,0.0,0.0,0.0,0.0,4.42317834367931,0.0,0.0,0.0,0.0,0.0,0.0,0.0,0.0,0.0,0.0,0.0,0.0,0.0,0.0,0.0031197864723972,0.7627312321687331,0.1950713387471453,0.0081826362179398,0.4289101548247186,3.0635184314528168,0.1352077321094682,1.0723574399633908,6.39433259526796,0.0764795682552996,0.3708100556184354,7.562681736164936e-05,5.885430382644477,6.328333286553382,1.0263199027900125
W0017,6,0.0,0.0,0.0,0.0,0.0,0.0,0.0,0.0,0.0,0.0,0.0,0.0,0.0,0.0,0.0,2.7702955725664498,0.0,0.0,0.0,0.0,0.0,0.0,0.0,0.0,0.0,0.0,0.0,0.0,0.0,0.0,0.0760985447704613,0.6914840678156123,0.2746705304636482,-0.0615711789166199,0.4608036316760463,3.138460876248983,0.0163450634797867,0.8803110237439236,5.703508432823093,0.0205009979864925,0.083423772818604,0.0372755901128342,6.062242001354475,6.719425420530548,1.09389464174895
W0018,0,0.0,0.0,0.0,0.0,0.0,0.0,0.0,0.0,0.0,0.0,0.0,0.0,0.0,0.0,0.0,0.0,3.0,0.0,0.0,0.0,0.0,0.0,0.0,0.0,0.0,0.0,0.0,0.0,0.0,0.0,40.0,0.0,0.0,0.0,0.0,0.0,0.0,0.0,0.0,0.0,0.0,0.0,0.0,0.0,0.0
W0018,1,0.0,0.0,0.0,0.0,0.0,0.0,0.0,0.0,0.0,0.0,0.0,0.0,0.0,0.0,0.0,0.0,3.886703113214912,0.0,0.0,0.0,0.0,0.0,0.0,0.0,0.0,0.0,0.0,0.0,0.0,0.0,28.101730642619028,2.3094145948311966,0.0474075335170948,0.0024756641923318,0.5156396055870587,0.0269194190136432,-0.0311075056883674,0.5385224961789683,-0.0224990024179627,2.05991925648876,0.0377169459926713,-0.0733636492910624,0.4775815338777359,-0.0136006698660038,-0.0259394476093658
W0018,2,0.0,0.0,0.0,0.0,0.0,0.0,0.0,0.0,0.0,0.0,0.0,0.0,0.0,0.0,0.0,0.0,5.845255804921803,0.0,0.0,0.0,0.0,0.0,0.0,0.0,0.0,0.0,0.0,0.0,0.0,0.0,16.571453279098062,7.355809907803987,0.0934474610950601,0.1364159321397875,1.714335907470748,0.1341735768267414,0.0359587533800046,1.19468477530387,-0.0270817533004036,5.173719629332426,-0.0330070788653636,-0.0129921995575873,1.286877996094446,-0.0766937043232306,-0.0170242022652389
W0018,3,0.0,0.0,0.0,0.0,0.0,0.0,0.0,0.0,0.0,0.0,0.0,0.0,0.0,0.0,0.0,0.0,7.480188204648217,0.0,0.0,0.0,0.0,0.0,0.0,0.0,0.0,0.0,0.0,0.0,0.0,0.0,0.3442910712828403,10.82728948648456,0.3052937423416299,0.0668806093615261,2.862763429083013,0.2769054138336381,0.0347605179658623,2.041270633531014,-0.0893232557717933,10.50032070160318,-0.0389398979368634,-0.0479641901395052,2.2839476044133464,-0.0373405232591085,-0.0850427024919747
W0018,4,0.0,0.0,0.0,0.0,0.0,0.0,0.0,0.0,0.0,0.0,0.0,0.0,0.0,0.0,0.0,0.0,4.553387166722171,0.0,0.0,0.0,0.0,0.0,0.0,0.0,0.0,0.0,0.0,0.0,0.0,0.0,-0.0448837955239366,11.309538501353412,0.1983783944865576,-0.0082034826521569,2.90667573652144,0.2715342586665448,0.0127821620441339,2.127738728271603,0.0628353420003287,11.246552935257842,0.0198331560428106,-0.0698496206129069,2.536918448353736,-0.0542027816460141,0.0834906181191907
W0018,5,0.0,0.0,0.0,0.0,0.0,0.0,0.0,0.0,0.0,0.0,0.0,0.0,0.0,0.0,0.0,0.0,2.3010079683308127,0.0,0.0,0.0,0.0,0.0,0.0,0.0,0.0,0.0,0.0,0.0,0.0,0.0,-0.0794222698351306,12.126907293297288,0.1979120247506778,0.0369735205150259,2.586982248093268,0.2739753345573612,0.0963212978559904,2.05684656424425,-0.0060407047096326,9.41988756804287,0.0425875458577244,-0.0773102161262227,2.144017539648482,0.0241681587662719,0.0127820109662078
W0018,6,0.0,0.0,0.0,0.0,0.0,0.0,0.0,0.0,0.0,0.0,0.0,0.0,0.0,0.0,0.0,0.0,1.6298997598848153,0.0,0.0,0.0,0.0,0.0,0.0,0.0,0.0,0.0,0.0,0.0,0.0,0.0,0.0301783373427041,12.266088698027977,0.1854259702098752,0.0539996179962611,2.6785745247833246,0.2637704406882497,-0.0229473040327447,2.2210136488730816,-0.0323581245138495,10.240531187672582,0.0479790743787911,-0.0367715195146124,2.141126591161177,0.0443246644917698,-0.0070896367148912
W0019,0,0.0,0.0,0.0,0.0,0.0,0.0,0.0,0.0,0.0,0.0,0.0,0.0,0.0,0.0,0.0,0.0,0.0,3.0,0.0,0.0,0.0,0.0,0.0,0.0,0.0,0.0,0.0,0.0,0.0,0.0,40.0,0.0,0.0,0.0,0.0,0.0,0.0,0.0,0.0,0.0,0.0,0.0,0.0,0.0,0.0
W0019,1,0.0,0.0,0.0,0.0,0.0,0.0,0.0,0.0,0.0,0.0,0.0,0.0,0.0,0.0,0.0,0.0,0.0,4.964167173964591,0.0,0.0,0.0,0.0,0.0,0.0,0.0,0.0,0.0,0.0,0.0,0.0,32.804132992184826,0.0447976110854826,2.559483723652186,0.8342989110189556,2.165784023947198,0.0216570458234137,0.4972738452419247,0.0883892187262348,-0.0724433504549981,0.0504875876428203,0.26036188356042,0.0607983409515219,0.4997973714916095,0.194185999889246,0.175504121029319
W0019,2,0.0,0.0,0.0,0.0,0.0,0.0,0.0,0.0,0.0,0.0,0.0,0.0,0.0,0.0,0.0,0.0,0.0,9.967092147108366,0.0,0.0,0.0,0.0,0.0,0.0,0.0,0.0,0.0,0.0,0.0,0.0,11.470540326946503,0.5067026849319788,4.865816593723448,1.571442183945751,4.838510752708937,0.3207269197014113,0.9465657821781696,0.1965958191588856,0.3622689503043305,0.3114961840861095,0.2627655869628236,0.1118892961432049,1.6634225780171907,0.5220748386122196,0.4390128644500153
W0019,3,0.0,0.0,0.0,0.0,0.0,0.0,0.0,0.0,0.0,0.0,0.0,0.0,0.0,0.0,0.0,0.0,0.0,12.175544492310792,0.0,0.0,0.0,0.0,0.0,0.0,0.0,0.0,0.0,0.0,0.0,0.0,0.0353644129500842,1.4428997969737167,1.6231458550250195,0.867953571707138,7.883144959984435,0.6736929308729191,0.4609366624067819,0.2433479740405101,0.5694718463397741,0.4293063694664621,-0.0323170477489639,0.155812426215708,3.2487691717081386,0.7554676841575764,1.4305450074498685
W0019,4,0.0,0.0,0.0,0.0,0.0,0.0,0.0,0.0,0.0,0.0,0.0,0.0,0.0,0.0,0.0,0.0,0.0,8.757631955958066,0.0,0.0,0.0,0.0,0.0,0.0,0.0,0.0,0.0,0.0,0.0,0.0,0.0915342975283081,1.4562988596387016,0.431295440900144,0.2241589308544542,9.453238343791687,0.7128646293081992,0.0933069875509433,0.0126166472391578,0.2750938646735996,0.2907383401278008,0.0748403419584183,0.1335872918816752,3.274559141403627,0.9351732602957034,1.3427729097219312
W0019,5,0.0,0.0,0.0,0.0,0.0,0.0,0.0,0.0,0.0,0.0,0.0,0.0,0.0,0.0,0.0,0.0,0.0,4.582183774701228,0.0,0.0,0.0,0.0,0.0,0.0,0.0,0.0,0.0,0.0,0.0,0.0,-0.0090419605375438,2.013167934901741,0.0981433396739669,0.1907523880225301,6.638488069749037,0.839576553114696,0.0313904473073288,0.0322955488753727,0.2137101359158937,0.1952499464045601,0.0287360420760083,0.0587342806324185,3.702626815783696,0.7468105588524546,1.8385445430403635
W0019,6,0.0,0.0,0.0,0.0,0.0,0.0,0.0,0.0,0.0,0.0,0.0,0.0,0.0,0.0,0.0,0.0,0.0,3.861900757042543,0.0,0.0,0.0,0.0,0.0,0.0,0.0,0.0,0.0,0.0,0.0,0.0,-0.0032421282488488,1.7505205567108215,0.1014517010954997,0.0983495441815159,8.389778546723763,0.7687681132351957,0.0686700290766395,0.0002876346263597,0.1894065300160009,0.0579071527683721,0.0517931807270211,0.082833682556022,3.1539697967647844,0.959039808863018,1.3863029955712487
W0020,0,0.0,0.0,0.0,0.0,0.0,0.0,0.0,0.0,0.0,0.0,0.0,0.0,0.0,0.0,0.0,0.0,0.0,0.0,3.0,0.0,0.0,0.0,0.0,0.0,0.0,0.0,0.0,0.0,0.0,0.0,40.0,0.0,0.0,0.0,0.0,0.0,0.0,0.0,0.0,0.0,0.0,0.0,0.0,0.0,0.0
W0020,1,0.0,0.0,0.0,0.0,0.0,0.0,0.0,0.0,0.0,0.0,0.0,0.0,0.0,0.0,0.0,0.0,0.0,0.0,4.319980728029524,0.0,0.0,0.0,0.0,0.0,0.0,0.0,0.0,0.0,0.0,0.0,31.09311551540992,0.5193833524219503,0.4821883668713103,0.1722980501510834,2.2834398479178537,0.9464776280013536,1.4430733442877912,0.0566466398658634,0.2278603561387954,-0.0070069671534747,-0.0106351795763905,0.2465594225206338,0.0369218582654565,0.1509821861756267,0.1050286701959034
W0020,2,0.0,0.0,0.0,0.0,0.0,0.0,0.0,0.0,0.0,0.0,0.0,0.0,0.0,0.0,0.0,0.0,0.0,0.0,8.207933173474828,0.0,0.0,0.0,0.0,0.0,0.0,0.0,0.0,0.0,0.0,0.0,13.946354444987392,0.884889920816528,0.7033823106021132,0.4596912702650682,3.321143446601404,2.675862369751863,2.391526778408266,0.2202171410193102,0.3297876359581648,0.0368355685405775,0.1276097001369937,0.460314888605868,0.3248188553562078,0.2603093694049634,0.504142045303408
W0020,3,0.0,0.0,0.0,0.0,0.0,0.0,0.0,0.0,0.0,0.0,0.0,0.0,0.0,0.0,0.0,0.0,0.0,0.0,12.130964095729288,0.0,0.0,0.0,0.0,0.0,0.0,0.0,0.0,0.0,0.0,0.0,0.8145011724303794,0.8831566590852641,0.6434852231172776,0.3429094637464816,4.852323268401394,5.277864258372761,2.3872460878462465,0.4815184620553936,0.4387896449320627,0.0512537426798995,0.3059651746866915,0.3657115001827232,0.7896204815881078,0.6552907314015771,1.4509255469498
W0020,4,0.0,0.0,0.0,0.0,0.0,0.0,0.0,0.0,0.0,0.0,0.0,0.0,0.0,0.0,0.0,0.0,0.0,0.0,12.327321483102793,0.0,0.0,0.0,0.0,0.0,0.0,0.0,0.0,0.0,0.0,0.0,0.1092728366610383,0.3022602357810027,0.2245249678796597,0.2041651402169535,2.470356729543409,3.775941339095765,0.9898381986444238,0.899296677858183,0.1953034253922288,-0.0089635128606663,0.1682692726248355,0.1776009769082216,1.317920059010066,0.9361039880620484,2.3275072510999624
W0020,5,0.0,0.0,0.0,0.0,0.0,0.0,0.0,0.0,0.0,0.0,0.0,0.0,0.0,0.0,0.0,0.0,0.0,0.0,9.998329782045756,0.0,0.0,0.0,0.0,0.0,0.0,0.0,0.0,0.0,0.0,0.0,0.0730437972046636,0.1804924861447625,0.2079825922034819,0.1490528793401261,1.2857839332902774,3.4856235210311213,0.6481598578502034,1.0120863035856176,0.1215882779137893,0.015942709398604,0.203115337102449,0.1515129353328601,1.1169750857550074,1.023576356083881,3.3316770964880087
W0020,6,0.0,0.0,0.0,0.0,0.0,0.0,0.0,0.0,0.0,0.0,0.0,0.0,0.0,0.0,0.0,0.0,0.0,0.0,5.510466329688403,0.0,0.0,0.0,0.0,0.0,0.0,0.0,0.0,0.0,0.0,0.0,0.0582291759952156,0.1085075167242536,0.0910504582807903,-0.0259848890535128,1.1636185764292684,2.435691727600486,0.4523089125020598,1.044927976279801,0.1255900182207245,0.0184949328171308,0.0924826979111012,0.1491666643640488,1.383729067238606,0.9620500945278698,2.850188909855282
W0021,0,0.0,0.0,0.0,0.0,0.0,0.0,0.0,0.0,0.0,0.0,0.0,0.0,0.0,0.0,0.0,0.0,0.0,0.0,0.0,3.0,0.0,0.0,0.0,0.0,0.0,0.0,0.0,0.0,0.0,0.0,40.0,0.0,0.0,0.0,0.0,0.0,0.0,0.0,0.0,0.0,0.0,0.0,0.0,0.0,0.0
W0021,1,0.0,0.0,0.0,0.0,0.0,0.0,0.0,0.0,0.0,0.0,0.0,0.0,0.0,0.0,0.0,0.0,0.0,0.0,0.0,3.325947376588796,0.0,0.0,0.0,0.0,0.0,0.0,0.0,0.0,0.0,0.0,28.071906504556967,0.108512756401498,0.8320060108170149,0.9416487656295268,0.1746838453924483,0.1966381581390386,0.2928166972836831,0.2441881978828317,0.0333333832034001,0.1140027785105031,0.0285583034510294,0.0089998251676157,0.1328050403047715,0.0435955744642547,2.208275990830536
W0021,2,0.0,0.0,0.0,0.0,0.0,0.0,0.0,0.0,0.0,0.0,0.0,0.0,0.0,0.0,0.0,0.0,0.0,0.0,0.0,5.736635957385843,0.0,0.0,0.0,0.0,0.0,0.0,0.0,0.0,0.0,0.0,21.65842764935742,0.3815343676131886,1.362286116399018,1.6062107284749976,0.5035582875931959,0.4850268681650105,0.5487717548142602,0.4174630518081626,0.1484045381750211,0.2648793567783808,0.0709471988977576,-0.0285781749076257,0.430021939540239,0.2797858855978926,4.888522931699207
W0021,3,0.0,0.0,0.0,0.0,0.0,0.0,0.0,0.0,0.0,0.0,0.0,0.0,0.0,0.0,0.0,0.0,0.0,0.0,0.0,8.705366619011741,0.0,0.0,0.0,0.0,0.0,0.0,0.0,0.0,0.0,0.0,9.622437441537416,0.8911793988173756,1.2184152668884332,2.562516759340798,0.757764587701361,0.7650219360357514,0.6842928925519884,0.5541459426170001,0.0981610621460669,0.2787820313796969,0.0828145365686366,0.0657316957431989,0.6645954199284037,0.6776301942625025,7.119106824500912
W0021,4,0.0,0.0,0.0,0.0,0.0,0.0,0.0,0.0,0.0,0.0,0.0,0.0,0.0,0.0,0.0,0.0,0.0,0.0,0.0,8.768191951690039,0.0,0.0,0.0,0.0,0.0,0.0,0.0,0.0,0.0,0.0,1.1780588278227402,1.4465953774798384,0.3361347680121694,2.3458996793396505,0.7131062156030998,0.988616692230636,0.5710577011220334,0.4423760122095602,0.1206414253016635,0.1954343744853908,0.213377038295856,-0.0376380840638301,0.8237500390923981,1.2191668626790797,11.994358288175585
W0021,5,0.0,0.0,0.0,0.0,0.0,0.0,0.0,0.0,0.0,0.0,0.0,0.0,0.0,0.0,0.0,0.0,0.0,0.0,0.0,5.855993453885842,0.0,0.0,0.0,0.0,0.0,0.0,0.0,0.0,0.0,0.0,0.2887438185835373,1.7297360071730412,0.1479556926246812,1.424018399578236,0.805359001900852,1.0626506971220036,0.4364876458400202,0.2102021532804343,0.1190884761238031,0.0772868635719936,0.2791184103843434,0.0342509703027528,0.9492655904098858,1.070732744726529,12.511887516869097
W0021,6,0.0,0.0,0.0,0.0,0.0,0.0,0.0,0.0,0.0,0.0,0.0,0.0,0.0,0.0,0.0,0.0,0.0,0.0,0.0,4.501850195716496,0.0,0.0,0.0,0.0,0.0,0.0,0.0,0.0,0.0,0.0,0.0781624666138053,1.963720268581688,0.0402098143584033,1.2145039456707725,0.5167577009437843,1.2172469728201405,0.2256572122519742,0.1430268682849832,0.1074035966317793,0.1541438096700467,0.2910306834715818,0.0343594078154711,0.870266142374744,1.067755622842991,11.139156186851066
W0022,0,0.0,0.0,0.0,0.0,0.0,0.0,0.0,0.0,0.0,0.0,0.0,0.0,0.0,0.0,0.0,0.0,0.0,0.0,0.0,0.0,3.0,0.0,0.0,0.0,0.0,0.0,0.0,0.0,0.0,0.0,40.0,0.0,0.0,0.0,0.0,0.0,0.0,0.0,0.0,0.0,0.0,0.0,0.0,0.0,0.0
W0022,1,0.0,0.0,0.0,0.0,0.0,0.0,0.0,0.0,0.0,0.0,0.0,0.0,0.0,0.0,0.0,0.0,0.0,0.0,0.0,0.0,5.711341266827322,0.0,0.0,0.0,0.0,0.0,0.0,0.0,0.0,0.0,28.35526111228942,0.9225436531429876,0.2411224161057665,1.2968172410604688,1.917083168050189,1.7893212682132842,-0.0124249050377159,-0.050648530180037,-0.0073967746759273,0.0081620115634234,0.1294030495880208,0.0840361275393689,0.2749147072984198,0.3206118858596601,0.091674506418312
W0022,2,0.0,0.0,0.0,0.0,0.0,0.0,0.0,0.0,0.0,0.0,0.0,0.0,0.0,0.0,0.0,0.0,0.0,0.0,0.0,0.0,10.101977411954651,0.0,0.0,0.0,0.0,0.0,0.0,0.0,0.0,0.0,8.215536290806702,2.6242533432121125,0.6710691648642778,3.950720001666479,2.701334672466608,3.727720423121608,0.7143712649964976,0.1356591635329558,-0.0022626243681553,0.1730730723038868,0.1026627792724731,0.4422776108978958,0.7067373969011747,1.099022109556414,0.441595510741359
W0022,3,0.0,0.0,0.0,0.0,0.0,0.0,0.0,0.0,0.0,0.0,0.0,0.0,0.0,0.0,0.0,0.0,0.0,0.0,0.0,0.0,12.561662706242611,0.0,0.0,0.0,0.0,0.0,0.0,0.0,0.0,0.0,0.0087413480960538,1.6876730339404324,1.1136365857187085,7.614757546347613,0.561042500620508,0.4875686122968735,1.7288651022019406,0.1761466063767381,0.0191561504983315,0.1300283489503807,0.0459432028598828,0.5585998300446483,0.996442090609148,2.7793058795441024,0.8783690371826791
W0022,4,0.0,0.0,0.0,0.0,0.0,0.0,0.0,0.0,0.0,0.0,0.0,0.0,0.0,0.0,0.0,0.0,0.0,0.0,0.0,0.0,7.521704244455778,0.0,0.0,0.0,0.0,0.0,0.0,0.0,0.0,0.0,0.0208373990118567,0.5754346889819443,1.287851188575044,9.07321428440145,0.1386808411703728,0.0294353678361563,1.882471151401096,0.1298693658924642,0.0045007800346943,0.0525440887921808,0.0416013897107658,0.3180317743097431,0.992285480139974,2.6428875605503697,0.8969321755223195
W0022,5,0.0,0.0,0.0,0.0,0.0,0.0,0.0,0.0,0.0,0.0,0.0,0.0,0.0,0.0,0.0,0.0,0.0,0.0,0.0,0.0,4.863301509313999,0.0,0.0,0.0,0.0,0.0,0.0,0.0,0.0,0.0,-0.010317440780735,0.2744675997995914,1.153963800135014,7.150383859324961,0.0062500104659715,0.0316573712735493,1.7881327834381702,0.0944074085927231,0.0513579910938686,0.0831508773141786,-0.006621698309545,0.0938859762420401,0.7634045083859107,2.916578670115877,1.0314865684006016
W0022,6,0.0,0.0,0.0,0.0,0.0,0.0,0.0,0.0,0.0,0.0,0.0,0.0,0.0,0.0,0.0,0.0,0.0,0.0,0.0,0.0,3.392612512810375,0.0,0.0,0.0,0.0,0.0,0.0,0.0,0.0,0.0,0.0807418704507453,0.1158649264337625,1.0562067118809653,8.191863113408989,0.0937875844916504,-0.0264670607250456,1.7125777694262927,0.0167749849010462,0.1035412994034766,-0.0212422335017212,0.0368767831900362,0.1521686684713895,1.0056426660928075,2.503230630505352,0.991574494036772
W0023,0,0.0,0.0,0.0,0.0,0.0,0.0,0.0,0.0,0.0,0.0,0.0,0.0,0.0,0.0,0.0,0.0,0.0,0.0,0.0,0.0,0.0,3.0,0.0,0.0,0.0,0.0,0.0,0.0,0.0,0.0,40.0,0.0,0.0,0.0,0.0,0.0,0.0,0.0,0.0,0.0,0.0,0.0,0.0,0.0,0.0
W0023,1,0.0,0.0,0.0,0.0,0.0,0.0,0.0,0.0,0.0,0.0,0.0,0.0,0.0,0.0,0.0,0.0,0.0,0.0,0.0,0.0,0.0,4.799571468710033,0.0,0.0,0.0,0.0,0.0,0.0,0.0,0.0,31.40591263370755,0.8081032022062211,0.3308453195034878,0.2817146757361121,0.0694413562054961,0.573124435685593,0.2316378157405731,1.5030816630986934,0.0838513310188906,-0.023215454775363,0.5935315002212518,0.2147945893758143,-0.0137687009126279,0.1334578666961584,1.3019952077274293
W0023,2,0.0,0.0,0.0,0.0,0.0,0.0,0.0,0.0,0.0,0.0,0.0,0.0,0.0,0.0,0.0,0.0,0.0,0.0,0.0,0.0,0.0,11.235010503192836,0.0,0.0,0.0,0.0,0.0,0.0,0.0,0.0,9.857710701116916,1.187050270670157,0.690189232331551,0.3842751217541204,0.212897293427768,1.0233898317952437,0.8522753684818988,3.302495475189138,0.081416181076545,0.295700109168653,2.8846181917903944,0.3374219033935564,0.2421902861983113,0.8561504174908834,4.072301532313274
W0023,3,0.0,0.0,0.0,0.0,0.0,0.0,0.0,0.0,0.0,0.0,0.0,0.0,0.0,0.0,0.0,0.0,0.0,0.0,0.0,0.0,0.0,14.480231013923849,0.0,0.0,0.0,0.0,0.0,0.0,0.0,0.0,0.0378728044454787,0.211093874232728,0.1788920735188304,0.0655769548565826,0.285178454582523,0.2292417733605686,1.0947783154455195,1.036025047522325,0.0763062940557872,0.6525456896292136,5.706410447642809,0.1795794042987084,0.5483768577085436,1.226683047103227,6.758511098884619
W0023,4,0.0,0.0,0.0,0.0,0.0,0.0,0.0,0.0,0.0,0.0,0.0,0.0,0.0,0.0,0.0,0.0,0.0,0.0,0.0,0.0,0.0,7.414865329003719,0.0,0.0,0.0,0.0,0.0,0.0,0.0,0.0,0.0871023561295396,-0.0057344908898531,0.062477922338679,0.0150735892575604,0.1395620733907305,0.0815436962918078,0.5886769300834498,0.3205002249497358,0.0561713614036752,0.920832554003428,6.627914203568087,0.1659405669639376,0.4854442900617855,1.5445361805053517,8.189191783925814
W0023,5,0.0,0.0,0.0,0.0,0.0,0.0,0.0,0.0,0.0,0.0,0.0,0.0,0.0,0.0,0.0,0.0,0.0,0.0,0.0,0.0,0.0,5.347068034797651,0.0,0.0,0.0,0.0,0.0,0.0,0.0,0.0,0.015934986986377,0.0264803996483796,0.0338815012270597,0.033630589959171,0.1034588769248355,0.1052816530810825,0.3437343363010833,0.0902543882841674,0.062640887564095,0.8558756273968813,6.123642656483045,-0.0368393207604179,0.4912449923096469,1.8728069208328169,6.096193552855945
W0023,6,0.0,0.0,0.0,0.0,0.0,0.0,0.0,0.0,0.0,0.0,0.0,0.0,0.0,0.0,0.0,0.0,0.0,0.0,0.0,0.0,0.0,3.729035987840747,0.0,0.0,0.0,0.0,0.0,0.0,0.0,0.0,-0.0257292173312597,-0.010321451000417,0.0186567004216201,0.0703467492468985,0.0649580326413268,0.055441196441799,0.2919002645412349,0.0916045152559326,-0.0366415238942426,1.1027364228687957,7.044807547488423,0.0389522052562826,0.5461215996047073,1.476452399588818,7.093635058471589
W0024,0,0.0,0.0,0.0,0.0,0.0,0.0,0.0,0.0,0.0,0.0,0.0,0.0,0.0,0.0,0.0,0.0,0.0,0.0,0.0,0.0,0.0,0.0,3.0,0.0,0.0,0.0,0.0,0.0,0.0,0.0,40.0,0.0,0.0,0.0,0.0,0.0,0.0,0.0,0.0,0.0,0.0,0.0,0.0,0.0,0.0
W0024,1,0.0,0.0,0.0,0.0,0.0,0.0,0.0,0.0,0.0,0.0,0.0,0.0,0.0,0.0,0.0,0.0,0.0,0.0,0.0,0.0,0.0,0.0,4.109232235932681,0.0,0.0,0.0,0.0,0.0,0.0,0.0,27.866560066186373,-0.0237050820741771,0.4453164576332475,0.1678461712314986,1.0382445968782497,0.0024410498199958,1.2051370346356385,0.090376508588395,2.529519234180211,0.0031845814521317,0.0958791245616533,0.0712491325434082,0.2240805762022009,0.1591758694604007,0.3894394343468159
W0024,2,0.0,0.0,0.0,0.0,0.0,0.0,0.0,0.0,0.0,0.0,0.0,0.0,0.0,0.0,0.0,0.0,0.0,0.0,0.0,0.0,0.0,0.0,7.202997430934484,0.0,0.0,0.0,0.0,0.0,0.0,0.0,17.86785449104597,0.0088137377501175,0.4610598759886473,0.3410498747824965,1.932239901844332,0.0084687745476409,2.318365747637664,0.0508934276386133,5.187724820028343,0.1715482012128786,0.2111785568604174,0.2802041885509455,0.4351251582995172,0.7575954103713215,1.100777490912769
W0024,3,0.0,0.0,0.0,0.0,0.0,0.0,0.0,0.0,0.0,0.0,0.0,0.0,0.0,0.0,0.0,0.0,0.0,0.0,0.0,0.0,0.0,0.0,10.175486189617148,0.0,0.0,0.0,0.0,0.0,0.0,0.0,2.5529891902807367,0.1601506897643498,0.2611396890327613,0.3778394052102549,2.9971285872310305,0.018263741789546,3.6090865342320746,0.215898029751609,6.714227795287287,0.320451449213916,0.2743691728821133,0.586615688224096,1.2722530759574606,1.4687548101569563,2.7522340517878563
W0024,4,0.0,0.0,0.0,0.0,0.0,0.0,0.0,0.0,0.0,0.0,0.0,0.0,0.0,0.0,0.0,0.0,0.0,0.0,0.0,0.0,0.0,0.0,7.89732022289937,0.0,0.0,0.0,0.0,0.0,0.0,0.0,0.0298532642120507,0.1431018532758519,0.0404944135461328,0.1297393423319425,2.320581315752791,-0.0753738401737728,2.6934771557025843,0.2085999026702526,5.458113078012358,0.417636992454831,0.620486480246539,0.5984619360912791,1.7468605996922828,2.671504850180572,3.665984624415192
W0024,5,0.0,0.0,0.0,0.0,0.0,0.0,0.0,0.0,0.0,0.0,0.0,0.0,0.0,0.0,0.0,0.0,0.0,0.0,0.0,0.0,0.0,0.0,6.395983690568437,0.0,0.0,0.0,0.0,0.0,0.0,0.0,0.0423814736536443,0.1566886107596989,0.0761386432735031,0.0909583073782342,1.8583330744195152,-0.0034297186582098,1.6619437429830757,0.2073389534453118,3.218722987371053,0.3073899730109807,0.5141324357735366,0.6950372109497002,1.951063140877192,3.5700563600814386,3.766086704605988
W0024,6,0.0,0.0,0.0,0.0,0.0,0.0,0.0,0.0,0.0,0.0,0.0,0.0,0.0,0.0,0.0,0.0,0.0,0.0,0.0,0.0,0.0,0.0,5.784867411837119,0.0,0.0,0.0,0.0,0.0,0.0,0.0,-0.0485852885841623,0.0913168376561796,0.0701633302494489,0.0880501008035503,1.8912562513233568,-0.0524790023927517,1.5409999744838645,0.1375208711279672,2.701464145369318,0.3439504044786057,0.4021065189317082,0.5528387425382558,2.480373614949904,3.344613676503576,4.0056635995722765
W0025,0,0.0,0.0,0.0,0.0,0.0,0.0,0.0,0.0,0.0,0.0,0.0,0.0,0.0,0.0,0.0,0.0,0.0,0.0,0.0,0.0,0.0,0.0,0.0,3.0,0.0,0.0,0.0,0.0,0.0,0.0,40.0,0.0,0.0,0.0,0.0,0.0,0.0,0.0,0.0,0.0,0.0,0.0,0.0,0.0,0.0
W0025,1,0.0,0.0,0.0,0.0,0.0,0.0,0.0,0.0,0.0,0.0,0.0,0.0,0.0,0.0,0.0,0.0,0.0,0.0,0.0,0.0,0.0,0.0,0.0,4.427162474121568,0.0,0.0,0.0,0.0,0.0,0.0,27.418363595481367,0.8423457916796669,0.2977613590693419,1.7539517727178933,1.230630562059918,0.3730681887179889,0.0273192454645946,0.2979218917054854,0.0936280560655152,0.0421274207957063,0.0794363023298767,0.4788155872203422,-0.0525150373554629,0.0606811071693605,0.0186159248284662
W0025,2,0.0,0.0,0.0,0.0,0.0,0.0,0.0,0.0,0.0,0.0,0.0,0.0,0.0,0.0,0.0,0.0,0.0,0.0,0.0,0.0,0.0,0.0,0.0,6.802125567365349,0.0,0.0,0.0,0.0,0.0,0.0,16.818765929646005,2.231029714307421,0.975324628130092,3.227961508615984,2.83696640510006,1.4668146697248576,0.3472597334477877,0.6487501359355227,0.0874120294073111,0.3843497882467897,0.1139124905813652,0.7459810675657699,0.1244219045734196,0.2641589812726945,0.3764839135822142
W0025,3,0.0,0.0,0.0,0.0,0.0,0.0,0.0,0.0,0.0,0.0,0.0,0.0,0.0,0.0,0.0,0.0,0.0,0.0,0.0,0.0,0.0,0.0,0.0,10.33752793581264,0.0,0.0,0.0,0.0,0.0,0.0,2.772753064245367,3.02730462736521,1.449771593079269,2.4734922423271186,4.780326732438053,3.820869477236611,0.7967550719635883,1.0359443962597092,0.1708379594255235,1.1006108304176732,0.1705808690405155,0.5199774664145004,0.4252485401653183,0.6900828960721762,0.9007917782920548
W0025,4,0.0,0.0,0.0,0.0,0.0,0.0,0.0,0.0,0.0,0.0,0.0,0.0,0.0,0.0,0.0,0.0,0.0,0.0,0.0,0.0,0.0,0.0,0.0,7.737617021299442,0.0,0.0,0.0,0.0,0.0,0.0,0.1132186926918742,1.3979399222617468,1.0600914150413887,0.419779773930677,4.773715749950358,4.51790291054899,1.2994055495724506,1.0897536890211617,0.0404785246318127,1.343253781414853,0.1067729138665204,0.0737288399497144,0.4671576416847732,0.8040339223881803,1.52243262030281
W0025,5,0.0,0.0,0.0,0.0,0.0,0.0,0.0,0.0,0.0,0.0,0.0,0.0,0.0,0.0,0.0,0.0,0.0,0.0,0.0,0.0,0.0,0.0,0.0,5.61433941955946,0.0,0.0,0.0,0.0,0.0,0.0,0.0618359211259065,0.7731521656933285,0.7651994227492389,0.1949211740707927,5.3595825424237225,4.47862715603668,1.1740417121971238,0.7634686657564234,0.0935992354848742,1.7060501286341647,0.0835572542582985,0.0796654010564517,0.5309586340278653,0.8823606305195743,1.294071207846353
W0025,6,0.0,0.0,0.0,0.0,0.0,0.0,0.0,0.0,0.0,0.0,0.0,0.0,0.0,0.0,0.0,0.0,0.0,0.0,0.0,0.0,0.0,0.0,0.0,4.3311490438999565,0.0,0.0,0.0,0.0,0.0,0.0,0.0586759675280711,0.6984530535288684,0.585281409995287,0.1789030399356949,5.62673773199006,4.695666925416255,1.3128918011298258,0.6930324322152538,0.0241114681150412,1.544164886991608,-0.047345352157491,-0.0139871867347822,0.4752204119502969,0.7841813796192253,1.9615925191419104
W0026,0,0.0,0.0,0.0,0.0,0.0,0.0,0.0,0.0,0.0,0.0,0.0,0.0,0.0,0.0,0.0,0.0,0.0,0.0,0.0,0.0,0.0,0.0,0.0,0.0,3.0,0.0,0.0,0.0,0.0,0.0,40.0,0.0,0.0,0.0,0.0,0.0,0.0,0.0,0.0,0.0,0.0,0.0,0.0,0.0,0.0
W0026,1,0.0,0.0,0.0,0.0,0.0,0.0,0.0,0.0,0.0,0.0,0.0,0.0,0.0,0.0,0.0,0.0,0.0,0.0,0.0,0.0,0.0,0.0,0.0,0.0,4.110559938140641,0.0,0.0,0.0,0.0,0.0,32.422492194799574,0.2443569209890843,0.0134850822440237,0.8587668560807276,0.1967030526324048,0.3137806801043737,0.2626917361606915,0.1119298777483679,0.0102661835468227,-0.0615723783938844,0.032858894963314,0.0279800422393208,1.89931364914102,2.804638764425098,0.0326114478773251
W0026,2,0.0,0.0,0.0,0.0,0.0,0.0,0.0,0.0,0.0,0.0,0.0,0.0,0.0,0.0,0.0,0.0,0.0,0.0,0.0,0.0,0.0,0.0,0.0,0.0,6.8274107127255785,0.0,0.0,0.0,0.0,0.0,16.553044631694537,0.6682142888269977,0.1257713746345002,1.4412970127607805,0.3698463108720923,0.6947941227391079,0.7840319186935806,0.2037423660565611,0.098568762810863,0.043026805731634,0.1449015445376137,0.0393296424300773,5.916293864754389,6.261805490560472,0.1064145423281398
W0026,3,0.0,0.0,0.0,0.0,0.0,0.0,0.0,0.0,0.0,0.0,0.0,0.0,0.0,0.0,0.0,0.0,0.0,0.0,0.0,0.0,0.0,0.0,0.0,0.0,8.179804535169428,0.0,0.0,0.0,0.0,0.0,2.372516580892522,1.1949414000046086,0.1291764884817658,1.356936648698047,0.2883279017938639,0.9226346681127908,1.10247711321384,0.2339132790756827,0.0954270998948823,-0.0356480284961529,0.0138408400833714,0.1883322801978004,9.058540135532429,11.386068116674084,0.2259826645534656
W0026,4,0.0,0.0,0.0,0.0,0.0,0.0,0.0,0.0,0.0,0.0,0.0,0.0,0.0,0.0,0.0,0.0,0.0,0.0,0.0,0.0,0.0,0.0,0.0,0.0,5.386281302134157,0.0,0.0,0.0,0.0,0.0,0.0630763177098788,1.6083106545983972,0.0098679422983265,0.3939481302039368,0.0977582163927823,0.6256305326825119,0.8020099508576556,0.1608035965602548,0.2333130851194788,0.1355376633033899,0.1319066012838762,0.2549819025401257,7.923045914010141,10.20528950111933,0.4625501357641256
W0026,5,0.0,0.0,0.0,0.0,0.0,0.0,0.0,0.0,0.0,0.0,0.0,0.0,0.0,0.0,0.0,0.0,0.0,0.0,0.0,0.0,0.0,0.0,0.0,0.0,4.089230164395048,0.0,0.0,0.0,0.0,0.0,-0.1174954143228547,2.3866068723273948,0.0222495084010408,0.2487266585392344,0.0621146373147881,0.2136781124386323,0.5570298091002309,0.0904395911410324,0.221930548771725,0.0243995526487448,0.0154248054171719,0.0644946918515111,9.07061199013681,10.320539587608408,0.4330317378307716
W0026,6,0.0,0.0,0.0,0.0,0.0,0.0,0.0,0.0,0.0,0.0,0.0,0.0,0.0,0.0,0.0,0.0,0.0,0.0,0.0,0.0,0.0,0.0,0.0,0.0,2.5608558019248817,0.0,0.0,0.0,0.0,0.0,0.0364736182636158,2.017755835022967,0.0622443024991522,0.0919037332012644,0.0814910642475348,0.3423066535386754,0.5115151755829085,0.0766927147771814,0.3052521373794988,-0.0340801649591104,0.0199037160873318,0.103157395148542,8.540425302668563,10.114740023348288,0.5387322785744868
W0027,0,0.0,0.0,0.0,0.0,0.0,0.0,0.0,0.0,0.0,0.0,0.0,0.0,0.0,0.0,0.0,0.0,0.0,0.0,0.0,0.0,0.0,0.0,0.0,0.0,0.0,3.0,0.0,0.0,0.0,0.0,40.0,0.0,0.0,0.0,0.0,0.0,0.0,0.0,0.0,0.0,0.0,0.0,0.0,0.0,0.0
W0027,1,0.0,0.0,0.0,0.0,0.0,0.0,0.0,0.0,0.0,0.0,0.0,0.0,0.0,0.0,0.0,0.0,0.0,0.0,0.0,0.0,0.0,0.0,0.0,0.0,0.0,5.158299153027772,0.0,0.0,0.0,0.0,32.22854566451931,0.2014386673613707,0.4897041822002716,-0.0023722942088173,0.7607293079169477,0.0159539484223478,2.166095308225125,0.2495133605062178,0.0512539677060682,0.1192021500609847,-0.0402886012595413,0.0519453880550389,1.7324671017676394,0.060262101139426,0.1190406314091549
W0027,2,0.0,0.0,0.0,0.0,0.0,0.0,0.0,0.0,0.0,0.0,0.0,0.0,0.0,0.0,0.0,0.0,0.0,0.0,0.0,0.0,0.0,0.0,0.0,0.0,0.0,7.384488097724136,0.0,0.0,0.0,0.0,17.517179099153207,0.6499013120225399,1.2481453260894482,0.210370257598474,2.056667268223292,0.1491381403137459,3.4197778027281744,0.532961005586948,0.0159716809767292,0.2890403164252507,0.0224594192246278,0.1146478011026651,4.3752173284755305,0.230712433002285,0.1748630564692147
W0027,3,0.0,0.0,0.0,0.0,0.0,0.0,0.0,0.0,0.0,0.0,0.0,0.0,0.0,0.0,0.0,0.0,0.0,0.0,0.0,0.0,0.0,0.0,0.0,0.0,0.0,12.198544014440996,0.0,0.0,0.0,0.0,0.5263394313818244,1.1431784650872394,1.3111693370307371,0.2069766713545343,2.247308822174688,0.1551396827794975,3.448271537371342,1.2198603896671083,0.1888293571771971,0.359608207397296,0.0933110772935213,0.088107163315788,8.96663936023708,0.4200526213250805,0.2808991618952204
W0027,4,0.0,0.0,0.0,0.0,0.0,0.0,0.0,0.0,0.0,0.0,0.0,0.0,0.0,0.0,0.0,0.0,0.0,0.0,0.0,0.0,0.0,0.0,0.0,0.0,0.0,10.660983628400633,0.0,0.0,0.0,0.0,0.1240390486071253,0.5954981035597801,1.0494171508815848,0.1523148851060379,1.4232072957192634,-0.048270491154272,0.6237408216690884,1.7868127561192015,0.1004287275586991,0.1329826566238799,0.0600695669414932,0.0018715146560711,8.560188605095183,0.3897588858329621,0.4214752514039953
W0027,5,0.0,0.0,0.0,0.0,0.0,0.0,0.0,0.0,0.0,0.0,0.0,0.0,0.0,0.0,0.0,0.0,0.0,0.0,0.0,0.0,0.0,0.0,0.0,0.0,0.0,8.279047947381613,0.0,0.0,0.0,0.0,0.0644665289159034,0.2551637699095503,0.4969110306524876,0.123759864865668,0.9504000887337462,0.0908301937442961,0.1235127478956831,1.8571270075926007,0.0100461287293181,0.0882457146825186,0.0816417503408332,0.026396822291205,11.858760759841314,0.3685157875992029,0.2213615520107282
W0027,6,0.0,0.0,0.0,0.0,0.0,0.0,0.0,0.0,0.0,0.0,0.0,0.0,0.0,0.0,0.0,0.0,0.0,0.0,0.0,0.0,0.0,0.0,0.0,0.0,0.0,5.299905048565336,0.0,0.0,0.0,0.0,0.038199012519535,0.1396665453923758,0.5047983197059561,0.0194944125861053,0.7369927920229652,-0.0039868074343675,0.1117112234778525,2.0566496963655694,0.0474838365729101,0.0208739396169107,0.0310244191106073,0.0326123749792769,10.936494618330729,0.0866219981616428,0.2210386796756918
W0028,0,0.0,0.0,0.0,0.0,0.0,0.0,0.0,0.0,0.0,0.0,0.0,0.0,0.0,0.0,0.0,0.0,0.0,0.0,0.0,0.0,0.0,0.0,0.0,0.0,0.0,0.0,3.0,0.0,0.0,0.0,40.0,0.0,0.0,0.0,0.0,0.0,0.0,0.0,0.0,0.0,0.0,0.0,0.0,0.0,0.0
W0028,1,0.0,0.0,0.0,0.0,0.0,0.0,0.0,0.0,0.0,0.0,0.0,0.0,0.0,0.0,0.0,0.0,0.0,0.0,0.0,0.0,0.0,0.0,0.0,0.0,0.0,0.0,4.674452482499576,0.0,0.0,0.0,31.784924616640005,0.4155096214724343,2.2076092725111742,0.0390265915728202,1.2612353823139413,0.2539395362566763,-0.0269390224522869,0.6749871908752438,0.0896266256806512,0.0139910432810388,0.0096791150059433,0.0761061443515013,0.3630611134608948,0.08940086308341,0.1517524371498418
W0028,2,0.0,0.0,0.0,0.0,0.0,0.0,0.0,0.0,0.0,0.0,0.0,0.0,0.0,0.0,0.0,0.0,0.0,0.0,0.0,0.0,0.0,0.0,0.0,0.0,0.0,0.0,8.185197430147129,0.0,0.0,0.0,17.086370221540733,0.339554599171154,5.86272352336796,0.0368467362591872,3.013396941101044,0.5156298295383148,-0.0377938514064491,1.3716792473763335,0.2241244444648621,0.0509229913499645,-0.0168337804422238,0.0762688197581815,1.5303814972248535,0.3696688143473245,0.2753231007609706
W0028,3,0.0,0.0,0.0,0.0,0.0,0.0,0.0,0.0,0.0,0.0,0.0,0.0,0.0,0.0,0.0,0.0,0.0,0.0,0.0,0.0,0.0,0.0,0.0,0.0,0.0,0.0,12.794176436810416,0.0,0.0,0.0,3.142070219382968,0.1157254175752395,7.332317694262229,0.0071026726968138,2.6741280445965825,0.6305120068164013,0.1441933799568032,1.655352306875701,0.3336863550566413,0.1817118171974816,0.0752264229896623,0.0175813182577719,3.658603620479563,0.973478418985277,0.4197469605114984
W0028,4,0.0,0.0,0.0,0.0,0.0,0.0,0.0,0.0,0.0,0.0,0.0,0.0,0.0,0.0,0.0,0.0,0.0,0.0,0.0,0.0,0.0,0.0,0.0,0.0,0.0,0.0,10.456922388447266,0.0,0.0,0.0,0.1434814828222582,0.0086650870920565,6.876090850996092,0.0849128487503675,2.0140418846017107,0.3933781043955788,0.0237037003460196,1.1559823831470273,0.310692368036027,0.3015413093574346,0.0704596289116267,0.1050826227774381,5.545308875917647,0.932401292646929,0.7953883029359603
W0028,5,0.0,0.0,0.0,0.0,0.0,0.0,0.0,0.0,0.0,0.0,0.0,0.0,0.0,0.0,0.0,0.0,0.0,0.0,0.0,0.0,0.0,0.0,0.0,0.0,0.0,0.0,7.573818540840469,0.0,0.0,0.0,0.0286259886660966,-0.0276524906249536,4.677650756292406,-0.0151548804224316,1.2127294305748175,0.2913376585748923,0.1101469578892607,0.4834151528807084,0.1992714921405521,0.2330966735200243,-0.0104678129513189,0.0470222797266317,5.770165418099906,1.0379602252644156,0.9902571832461308
W0028,6,0.0,0.0,0.0,0.0,0.0,0.0,0.0,0.0,0.0,0.0,0.0,0.0,0.0,0.0,0.0,0.0,0.0,0.0,0.0,0.0,0.0,0.0,0.0,0.0,0.0,0.0,5.977278978442494,0.0,0.0,0.0,0.0650718695234074,-0.0286079015863632,3.709199674310715,-0.0828108114345952,0.7702891272889475,0.1086052030832378,0.1340216056380062,0.2852648249721545,0.2148177000140201,0.1919623588072086,0.1229052655000089,0.0586651026931243,6.256347743817636,1.2459439814473037,0.8582314535600555
W0029,0,0.0,0.0,0.0,0.0,0.0,0.0,0.0,0.0,0.0,0.0,0.0,0.0,0.0,0.0,0.0,0.0,0.0,0.0,0.0,0.0,0.0,0.0,0.0,0.0,0.0,0.0,0.0,3.0,0.0,0.0,40.0,0.0,0.0,0.0,0.0,0.0,0.0,0.0,0.0,0.0,0.0,0.0,0.0,0.0,0.0
W0029,1,0.0,0.0,0.0,0.0,0.0,0.0,0.0,0.0,0.0,0.0,0.0,0.0,0.0,0.0,0.0,0.0,0.0,0.0,0.0,0.0,0.0,0.0,0.0,0.0,0.0,0.0,0.0,5.125586034164924,0.0,0.0,25.05400940460348,0.1729025003105985,3.148870541278217,0.2942530438477323,0.1471748407317095,0.5832333893136097,0.1063668951377786,0.6385714005436361,0.1355751606457687,-0.01464952902116,0.014882979073571,-0.0272893794126242,0.2182567517738326,0.1471958234009458,0.5755882636373346
W0029,2,0.0,0.0,0.0,0.0,0.0,0.0,0.0,0.0,0.0,0.0,0.0,0.0,0.0,0.0,0.0,0.0,0.0,0.0,0.0,0.0,0.0,0.0,0.0,0.0,0.0,0.0,0.0,11.639533824721802,0.0,0.0,10.750630504121224,0.1986305507045499,5.058742372501992,0.9866925212646066,0.8385848957521246,1.0065370417887696,0.4481924297609608,2.2117032583577583,1.2829539703739303,0.1004112268672909,0.101683195687665,0.0032358390877942,0.798381585745203,0.9251205345457316,2.43054822528866
W0029,3,0.0,0.0,0.0,0.0,0.0,0.0,0.0,0.0,0.0,0.0,0.0,0.0,0.0,0.0,0.0,0.0,0.0,0.0,0.0,0.0,0.0,0.0,0.0,0.0,0.0,0.0,0.0,10.205917685863016,0.0,0.0,0.0275244656907842,0.0139960565539158,0.5430416980550378,1.100114217840176,1.090225719668228,0.244027762473691,0.4637016145277867,4.197794323826452,1.9795759903665804,0.074664606732407,0.0121639756467404,0.1567144016843244,2.0545601923239003,2.2067077838795504,3.4198274703984857
W0029,4,0.0,0.0,0.0,0.0,0.0,0.0,0.0,0.0,0.0,0.0,0.0,0.0,0.0,0.0,0.0,0.0,0.0,0.0,0.0,0.0,0.0,0.0,0.0,0.0,0.0,0.0,0.0,9.427306541235064,0.0,0.0,0.083024230932441,0.0108042194899777,0.0372801112006892,0.6142624125872536,0.972957672889264,0.061095007023391,0.3317373524789219,4.414261860623548,2.148558660709545,0.1215976714447307,0.0326901421762743,0.0411200570867142,3.122527213708389,3.2420718210674195,2.1752775139387164
W0029,5,0.0,0.0,0.0,0.0,0.0,0.0,0.0,0.0,0.0,0.0,0.0,0.0,0.0,0.0,0.0,0.0,0.0,0.0,0.0,0.0,0.0,0.0,0.0,0.0,0.0,0.0,0.0,5.997286422808045,0.0,0.0,0.0427781130247996,0.0288269086272617,-0.0771683036898233,0.2578028744978083,0.6103203501718715,0.0760368469551538,0.1370657717872769,4.318732474809641,2.3486546250703983,0.1183654196817489,0.0461172003533779,-0.0111959210848528,2.91697652445973,2.8529617321686755,1.0699955265224188
W0029,6,0.0,0.0,0.0,0.0,0.0,0.0,0.0,0.0,0.0,0.0,0.0,0.0,0.0,0.0,0.0,0.0,0.0,0.0,0.0,0.0,0.0,0.0,0.0,0.0,0.0,0.0,0.0,4.071533185323219,0.0,0.0,-0.0689903457919886,0.007182738670123,0.0570847943141467,0.1755346797063991,0.5402703991273108,0.0266389661962131,0.1222680737488973,4.0700204197622565,2.661455901890013,0.0969844720409966,-0.0792742498665675,0.0045978671603939,2.977579637106597,2.4764519123354187,0.8938992563576852
W0030,0,0.0,0.0,0.0,0.0,0.0,0.0,0.0,0.0,0.0,0.0,0.0,0.0,0.0,0.0,0.0,0.0,0.0,0.0,0.0,0.0,0.0,0.0,0.0,0.0,0.0,0.0,0.0,0.0,3.0,0.0,40.0,0.0,0.0,0.0,0.0,0.0,0.0,0.0,0.0,0.0,0.0,0.0,0.0,0.0,0.0
W0030,1,0.0,0.0,0.0,0.0,0.0,0.0,0.0,0.0,0.0,0.0,0.0,0.0,0.0,0.0,0.0,0.0,0.0,0.0,0.0,0.0,0.0,0.0,0.0,0.0,0.0,0.0,0.0,0.0,4.128659953493735,0.0,30.294246696441608,1.4208853721396455,0.8628136556347182,0.0326963072304306,0.0383960315967785,0.0834969683166093,1.0403863037090972,0.0923317960659528,0.0706311220687158,-0.003278949733529,1.339052379130775,0.1671976237774819,0.0847192731717202,0.1642871592108896,1.255417863029024
W0030,2,0.0,0.0,0.0,0.0,0.0,0.0,0.0,0.0,0.0,0.0,0.0,0.0,0.0,0.0,0.0,0.0,0.0,0.0,0.0,0.0,0.0,0.0,0.0,0.0,0.0,0.0,0.0,0.0,7.551480985722351,0.0,17.619434686799178,2.1104495054648944,1.821759685507724,0.0568880141450127,-0.0213208468686053,0.201995422268547,2.347243236217964,0.0463213530138584,0.1195888036307469,0.0254142478500599,2.7525200967400214,0.4789032345299898,0.525794239796588,0.4128898963893127,2.793036155398574
W0030,3,0.0,0.0,0.0,0.0,0.0,0.0,0.0,0.0,0.0,0.0,0.0,0.0,0.0,0.0,0.0,0.0,0.0,0.0,0.0,0.0,0.0,0.0,0.0,0.0,0.0,0.0,0.0,0.0,9.189595340389632,0.0,3.303963372104642,1.3483534158044437,2.050896792898197,0.0047492476308151,0.1187846681003205,0.2309650749964357,5.667318590535607,0.1515847589402575,0.2569650109359219,0.0891558683164395,2.674378070967472,0.7890925636199717,1.1045454534692334,1.0806137149818529,3.553442585546811
W0030,4,0.0,0.0,0.0,0.0,0.0,0.0,0.0,0.0,0.0,0.0,0.0,0.0,0.0,0.0,0.0,0.0,0.0,0.0,0.0,0.0,0.0,0.0,0.0,0.0,0.0,0.0,0.0,0.0,6.948774510477855,0.0,0.1964227493715592,0.6641882842082311,1.137958699917001,0.0034756156667493,0.1534460804600901,0.0527400245390665,6.150165472532137,0.1772790128042525,0.1833791526159999,-0.0260714196306098,2.015540443892496,0.9471023100448706,1.414043226589233,1.7226382862918383,5.315854231513325
W0030,5,0.0,0.0,0.0,0.0,0.0,0.0,0.0,0.0,0.0,0.0,0.0,0.0,0.0,0.0,0.0,0.0,0.0,0.0,0.0,0.0,0.0,0.0,0.0,0.0,0.0,0.0,0.0,0.0,5.669958772906899,0.0,0.0495706417809228,0.1904272800717306,0.8464215070463333,0.0441966155374647,0.1905900535681889,0.1241729149138318,6.536089459111135,0.0894533472191943,0.21961246749387,-0.0256108381415611,0.8275414086381454,0.8113196346731969,1.7407847237548628,2.0271476431099167,5.825101814581014
W0030,6,0.0,0.0,0.0,0.0,0.0,0.0,0.0,0.0,0.0,0.0,0.0,0.0,0.0,0.0,0.0,0.0,0.0,0.0,0.0,0.0,0.0,0.0,0.0,0.0,0.0,0.0,0.0,0.0,4.256204999124594,0.0,0.0223502574246071,0.1494130667429041,0.6293960492507189,-0.0342484879858727,0.2085680029631537,-0.0533966845553737,7.682253435244924,0.0668732767340211,0.120541408740764,-0.0102292536828347,0.685525201320579,0.4955658480994976,2.260540327542726,2.1302110791573377,5.2931881468051305
W0031,0,0.0,0.0,0.0,0.0,0.0,0.0,0.0,0.0,0.0,0.0,0.0,0.0,0.0,0.0,0.0,0.0,0.0,0.0,0.0,0.0,0.0,0.0,0.0,0.0,0.0,0.0,0.0,0.0,0.0,3.0,40.0,0.0,0.0,0.0,0.0,0.0,0.0,0.0,0.0,0.0,0.0,0.0,0.0,0.0,0.0
W0031,1,0.0,0.0,0.0,0.0,0.0,0.0,0.0,0.0,0.0,0.0,0.0,0.0,0.0,0.0,0.0,0.0,0.0,0.0,0.0,0.0,0.0,0.0,0.0,0.0,0.0,0.0,0.0,0.0,0.0,4.914193316855725,27.7832629840136,1.8455567554478964,0.7901859744308526,0.8010842957547526,1.3795979350622851,0.5470796254786974,0.3455748791639211,0.2675077474728714,0.0503749130668133,-0.0268995099937527,0.2128230521605576,0.0397233983817946,0.042596023422819,0.2685914186394196,0.0816737985158902
W0031,2,0.0,0.0,0.0,0.0,0.0,0.0,0.0,0.0,0.0,0.0,0.0,0.0,0.0,0.0,0.0,0.0,0.0,0.0,0.0,0.0,0.0,0.0,0.0,0.0,0.0,0.0,0.0,0.0,0.0,9.366211337528185,12.49887705064006,4.045534108513275,1.0774414126819396,1.793093289153243,2.5616280805583416,2.279941635650947,1.2008801290411533,0.850916719965815,0.1669242567537167,0.1886245524893316,0.284550611166399,0.1333893443540918,0.2508053729918263,0.4812914240899658,0.2763317629487842
W0031,3,0.0,0.0,0.0,0.0,0.0,0.0,0.0,0.0,0.0,0.0,0.0,0.0,0.0,0.0,0.0,0.0,0.0,0.0,0.0,0.0,0.0,0.0,0.0,0.0,0.0,0.0,0.0,0.0,0.0,10.050616129052033,0.1753940393165318,4.183404439121294,0.3523433518077916,0.8658778700895978,2.866717208252784,6.7366987073382605,1.3301314808757143,1.595477395330034,0.6638631693564606,0.0489455604259658,0.1647821308673738,0.2511429343773098,0.8148233159624884,0.8711631852295203,0.3434924204559521
W0031,4,0.0,0.0,0.0,0.0,0.0,0.0,0.0,0.0,0.0,0.0,0.0,0.0,0.0,0.0,0.0,0.0,0.0,0.0,0.0,0.0,0.0,0.0,0.0,0.0,0.0,0.0,0.0,0.0,0.0,9.106926000564211,0.1084235399201166,2.085397128828398,0.038693309308789,0.2066297363606418,1.0550136219140045,7.71479372383564,1.2506004405173572,1.390276343050742,1.0106659395867943,0.0525707204919912,0.0940357084805132,0.2532759115198952,0.8497310250916995,1.007424449880138,0.5489818614669906
W0031,5,0.0,0.0,0.0,0.0,0.0,0.0,0.0,0.0,0.0,0.0,0.0,0.0,0.0,0.0,0.0,0.0,0.0,0.0,0.0,0.0,0.0,0.0,0.0,0.0,0.0,0.0,0.0,0.0,0.0,5.69718687266503,0.0197779808683324,1.1375664285628169,0.0697872373858555,0.1073553678586903,0.8717809283121819,7.702837494006474,0.7624973091626868,1.7867451447749396,1.3432310682214228,0.0848361370741694,0.0545775539300266,0.1469595589658127,1.0481224899451462,0.889609321749326,0.4774356205634726
W0031,6,0.0,0.0,0.0,0.0,0.0,0.0,0.0,0.0,0.0,0.0,0.0,0.0,0.0,0.0,0.0,0.0,0.0,0.0,0.0,0.0,0.0,0.0,0.0,0.0,0.0,0.0,0.0,0.0,0.0,3.681444142831829,0.0242901430494634,0.8156495754753101,0.0854847221061636,0.138725999373993,0.4455069710537996,7.881203932068452,0.7433856667818272,2.1806661577820683,1.188907933170622,-0.0043110003183046,0.0154822452453667,0.0565620884425718,1.2755126708193931,1.036415450611876,0.6207274163708787
W0032,0,0.0,0.1034482758620689,0.1034482758620689,0.1034482758620689,0.1034482758620689,0.1034482758620689,0.1034482758620689,0.1034482758620689,0.1034482758620689,0.1034482758620689,0.1034482758620689,0.1034482758620689,0.1034482758620689,0.1034482758620689,0.1034482758620689,0.1034482758620689,0.1034482758620689,0.1034482758620689,0.1034482758620689,0.1034482758620689,0.1034482758620689,0.1034482758620689,0.1034482758620689,0.1034482758620689,0.1034482758620689,0.1034482758620689,0.1034482758620689,0.1034482758620689,0.1034482758620689,0.1034482758620689,40.0,0.0,0.0,0.0,0.0,0.0,0.0,0.0,0.0,0.0,0.0,0.0,0.0,0.0,0.0
W0032,1,0.0,0.2033690164047971,0.1998928296065934,0.1600509314015063,0.1987296716046338,0.2050668916206253,0.2100992051811327,0.1799522782821594,0.2283515791281321,0.1687042726277012,0.1338587784602327,0.1521888907871401,0.1586831198075784,0.1830864809204834,0.1844290471144863,0.1163659709895842,0.1419672062429338,0.1520172577145208,0.1612919846155525,0.1641711441327104,0.1689811205496761,0.1756901817727997,0.1432666714748621,0.1730881134470478,0.1629199406939924,0.1673739356615589,0.175532134668619,0.1617083030337254,0.1298699388356454,0.1621955628071887,31.11113038565378,0.3661894375944228,0.6817924679052062,0.6111992238519689,0.8829014846814697,0.2904269487965256,0.5940480961355612,0.5203994969775336,0.1988043400859092,0.1621077903331853,0.2139185214457465,0.0975210568800194,0.5096045391762722,0.3825114771183042,0.4271181519117967
W0032,2,0.0,0.5260636242108025,0.3997111323987728,0.4233977346568589,0.593862736121552,0.4925703834263888,0.5434312083074455,0.4561623425081236,0.5313454476542183,0.3460140450003314,0.2519159779276662,0.2010645706217907,0.1995851856731443,0.3696967589653539,0.2431755801071827,0.17024800515431,0.3351676192428326,0.2941158480317932,0.2944135537681297,0.2446731440361161,0.3145671748500018,0.413784490331993,0.235459163529672,0.2200719131444958,0.3314484597253829,0.3639096182391251,0.2443373515928499,0.282267641562632,0.2820489627047478,0.2765519721338565,13.840318891329632,0.9233764655700222,1.436895878555299,0.8831917905806214,2.1754215078001846,0.6355538562036892,1.385155761686791,1.359332658342464,0.561899024276159,0.6398354327127146,0.4668255241928448,0.3007354860182814,1.5920026563738634,1.2151692556409326,1.360397692995435
W0032,3,0.0,1.209842776677571,0.7495059153349652,0.840297412282033,0.996662557122978,1.016902867864483,1.230900979569797,1.011752575910708,1.097785760362129,0.539322878289419,0.378437017741102,0.2075793524149983,0.2314349774933558,0.350058753597233,0.3395511141628357,0.1286430468336319,0.5244359441398581,0.4327153347938108,0.3207974397010387,0.3584876337572658,0.4107577799861021,0.5391716750169813,0.3260255848102413,0.1932850438114154,0.4056337326341432,0.5849764697762277,0.3217220418760825,0.3720517872596408,0.3115854128693806,0.3081062794684618,0.0271536529647067,0.3581283597550645,0.3938521142684124,0.3669944028047141,1.0177231021613438,0.3595012299448702,0.8053015895668423,0.5506486136208191,0.6204126509245497,0.5494109333293499,0.3324108897608184,0.4398843563039328,2.986120622216927,2.591019382761212,2.6685102369986144
W0032,4,0.0,1.126094396428396,0.4653453212455014,0.5046219112845807,0.9472872971948502,0.7858178845102926,0.8218771792776689,0.8248740737194673,1.0094621210312742,0.4303085921356004,0.3293002711559546,0.1822305183588065,0.2127693805741798,0.314257210161973,0.3046513822102357,0.1125866430678749,0.4370056874899862,0.2920918682675228,0.2128398628860905,0.2228169686340946,0.3111999246742507,0.5284661432406981,0.2259959634096109,0.1348502914490626,0.3011309404092594,0.6066049846503125,0.2939192243844225,0.3239597661166952,0.2132420408743696,0.2332186790294963,-0.0149078612257773,0.0482732067717988,0.0465827795917899,0.0388848244474039,0.1735505695901783,0.1089796000903773,0.1578262933002944,0.1122917822710375,0.3949190619898762,0.2514507746298463,0.1816142137520123,0.2291221820540809,3.462500963029336,2.2939286033890487,3.160196163064946
W0032,5,0.0,0.7588473719327071,0.2977218392789271,0.6385527956194303,0.7864675802907867,0.4504069137301335,0.5548150582658622,0.522500013309146,0.5946459057883701,0.3093501365699628,0.2782031611768514,0.0998368438571501,0.1672830126174697,0.2667011370759378,0.142978564303571,0.0756373673455522,0.2418764980294785,0.1939606071353342,0.1261242345108779,0.1366635027780157,0.2094110295618067,0.3205177246336246,0.1549164626993738,0.0961828746257584,0.1829553761980974,0.3846339797025875,0.1954758799358823,0.2539001977390333,0.1395968122470523,0.1743084960886003,-0.0031497436275728,0.0452399669873011,0.129675090706297,0.0487692090367549,0.1440607426811399,0.0354483300128687,0.1307651903900492,-0.0265894357347301,0.1775508453614775,0.1035342888950807,0.0880249501414952,0.0826199120073058,2.7628388978437988,1.9045914585046155,3.016009087054042
W0032,6,0.0,0.519075875707405,0.1874776477727419,0.4772109295854952,0.4436715843272296,0.2633287179782632,0.3048233297539835,0.418727390842683,0.365810394963456,0.1655177593049134,0.1947381406785454,0.0646152851535434,0.1178978415879608,0.1766426120854765,0.0963208282510382,0.0502092319091853,0.1974145330490184,0.1259937175246003,0.0819829494607166,0.0810930140895414,0.1250189780905665,0.2019567417322323,0.0811556610563044,0.0478870179313209,0.0952640283200038,0.3753470386661882,0.0871731320275831,0.1376650133909828,0.0680316418387444,0.0910889647326164,-0.0379626617648398,-0.0190285203512581,-0.0147578986155665,-0.1518059685576165,0.034942712684288,-0.0258263406982149,0.0161812758106707,0.0214602749732714,0.1898922464374207,0.1140521245103881,0.0741114726165752,0.0632711775020846,2.7157347279478827,1.645971059454426,3.411262347973498
W0033,0,0.1034482758620689,0.0,0.1034482758620689,0.1034482758620689,0.1034482758620689,0.1034482758620689,0.1034482758620689,0.1034482758620689,0.1034482758620689,0.1034482758620689,0.1034482758620689,0.1034482758620689,0.1034482758620689,0.1034482758620689,0.1034482758620689,0.1034482758620689,0.1034482758620689,0.1034482758620689,0.1034482758620689,0.1034482758620689,0.1034482758620689,0.1034482758620689,0.1034482758620689,0.1034482758620689,0.1034482758620689,0.1034482758620689,0.1034482758620689,0.1034482758620689,0.1034482758620689,0.1034482758620689,40.0,0.0,0.0,0.0,0.0,0.0,0.0,0.0,0.0,0.0,0.0,0.0,0.0,0.0,0.0
W0033,1,0.1651332403962735,0.0,0.1755394912072181,0.1573865606857815,0.1911038303331,0.1875166688126106,0.2089275563737776,0.1816670953237532,0.194446677667375,0.1860810236698247,0.148805119925567,0.1393427458213111,0.1421528988723119,0.1557933581100032,0.1477294269653244,0.1549512640393867,0.1944455568181902,0.1900377961557501,0.1505005985443239,0.1659548885065451,0.1521898690483248,0.1715998118229968,0.1775629039953281,0.1472650922720958,0.1610950207263728,0.1488486696144429,0.14189484812252,0.1636795431063798,0.1512371564852169,0.1480704420985104,28.20816394694236,0.5339985031518759,0.8536687544918782,0.5776396577302145,1.0860808974579133,0.3578415620413034,0.7468943660299889,0.7245511661129447,0.2014334673398859,0.1827100399991497,0.2227060930108018,0.111489714947209,0.448324070105563,0.4135665045010739,0.3633009778825382
W0033,2,0.4505838203516981,0.0,0.3608000321732954,0.3588011678248434,0.5381014998435014,0.5474737130950222,0.6496639251446074,0.586126033647353,0.5372639758356753,0.3496036766415845,0.2440789335836782,0.2223334191142105,0.203487072217347,0.3071039790694598,0.2473915134643464,0.1908379305349629,0.3277997689867424,0.2717860965790284,0.1994641971421147,0.2686367521312932,0.2926937985365583,0.2969690085854276,0.3035602924320318,0.2186922644240429,0.3121030957648907,0.3020740644469453,0.2637364643010121,0.3789524940282289,0.2441333538911438,0.2583210670207438,13.993685016869382,0.8719733253001313,1.4103286982593377,1.1887005781315414,1.6056500507198257,0.6651447027607884,1.6679611307791866,1.0596285954278386,0.590282462490054,0.5764569023926729,0.3374756187222349,0.2705173108413059,1.909505329272256,1.0862184940837665,1.447077637499877
W0033,3,0.9628732629927398,0.0,0.576921649030651,0.726781554691337,0.8340674032323673,1.0395251230985671,1.1624173128105604,0.9416011420580728,1.2152382396664292,0.5614613761447141,0.429060404109321,0.2441871290434419,0.2785928478300619,0.3558428732539266,0.266195466772785,0.1571296922932489,0.5424667043131879,0.3829015169441527,0.3400820635557763,0.3028485747333926,0.4268278967098345,0.6416341992403278,0.3071246947285106,0.2405834671872296,0.3453481322949198,0.5580724153502156,0.2937126275540879,0.5241242413745866,0.3544101735891715,0.4072580614100854,0.0549752775029494,0.5249592506874928,0.557648942133615,0.4763037108270846,0.7913381576494587,0.2248502667132303,0.735904398238457,0.8785729430129583,0.6039171853804648,0.6852778216796249,0.4501806027042335,0.3960291675285045,3.1658402030328863,2.775056284493166,3.0440130214837877
W0033,4,0.7666616245859564,0.0,0.5606636468423483,0.7968781318824398,1.130614575216246,0.7853410660124367,0.779306608160905,0.7606122099445375,0.8960393249146666,0.4301041219441335,0.348620836602585,0.1518243147136999,0.2276146360866344,0.3311060951726138,0.2672458717128091,0.1058105974861945,0.434164140025094,0.2979284386324916,0.2104706171393866,0.2170647150064148,0.2952140179448146,0.514982032725241,0.2388908184999912,0.1807840823207245,0.2790440424671928,0.5635853496468572,0.2911701458822535,0.3592317054289772,0.2648108196048222,0.2408654456725171,0.0148416896372134,0.0089046296428239,0.0726821312134995,0.0637303308886506,0.1930171199191895,0.0664984963493192,0.133529907569154,0.1253575610411504,0.4004979695794026,0.2744775572890868,0.1770752813774321,0.2356644293783998,3.314973479761428,2.838236848109986,2.6605106333495683
W0033,5,0.4609112893899187,0.0,0.3666703369175335,0.6082684341545809,0.714307706697848,0.4967551699929313,0.5216549490115483,0.4948319184355443,0.5572116592963038,0.3405146340745222,0.2824739549548837,0.1207669934009429,0.1462856095009694,0.2243870444264227,0.1882752106122434,0.0697384263577479,0.2379820287713104,0.1954471312520604,0.1280608992710343,0.1433520061314915,0.2141313524246889,0.3263862706283075,0.1428197474971843,0.1108849555387344,0.1826766496416237,0.4816978474389216,0.1943103310838777,0.2226591481986992,0.1662331456568174,0.1938670643636459,0.0078112551658502,0.0135239855387625,0.0490843397105707,0.1250509819384367,0.1755862526534778,0.0154721101842512,0.0178481149928073,0.1630183145112855,0.15522942228359,0.1874845826879667,0.1010858353879439,0.0968196969729503,2.892460772608461,2.4253202141228054,2.824712273593608
W0033,6,0.3688279865667085,0.0,0.2314968574641182,0.5285991404584474,0.4388426128968825,0.2946473125217396,0.3935186873802976,0.381369554795239,0.4281814869820938,0.184535014680593,0.205977904261734,0.0860715043540952,0.1281262540896441,0.1430463944723259,0.1192047420966321,0.0416485140469084,0.1902244091964466,0.1198756364530535,0.0933365125499592,0.082208418908895,0.104997707031103,0.2119332617359478,0.1085180612441263,0.0713606573913975,0.109600837012716,0.4057412242504041,0.1299494345143399,0.133148324840982,0.0816056068314836,0.0831976980759452,0.0361099085221174,0.058644769701136,0.0659081085363557,0.0160484646252191,0.1039182570822443,-0.0274117789403579,0.0514813102114869,0.0320495231730195,0.1457191553511472,0.0079561630433463,0.0547612203552784,0.1058955607583099,2.7234480664229848,1.886502485232448,3.184192523363364
W0034,0,0.1034482758620689,0.1034482758620689,0.0,0.1034482758620689,0.1034482758620689,0.1034482758620689,0.1034482758620689,0.1034482758620689,0.1034482758620689,0.1034482758620689,0.1034482758620689,0.1034482758620689,0.1034482758620689,0.1034482758620689,0.1034482758620689,0.1034482758620689,0.1034482758620689,0.1034482758620689,0.1034482758620689,0.1034482758620689,0.1034482758620689,0.1034482758620689,0.1034482758620689,0.1034482758620689,0.1034482758620689,0.1034482758620689,0.1034482758620689,0.1034482758620689,0.1034482758620689,0.1034482758620689,40.0,0.0,0.0,0.0,0.0,0.0,0.0,0.0,0.0,0.0,0.0,0.0,0.0,0.0,0.0
W0034,1,0.1450059222919359,0.2005740417060321,0.0,0.1914660576829076,0.2090728512546001,0.1731149494237603,0.1809680911051533,0.1411795919570913,0.1877495582633322,0.2015177192366469,0.145982874229664,0.1731723020472624,0.1311380682707012,0.1660391460198588,0.1677187822820304,0.113758768063969,0.1717478066935031,0.1735793413125272,0.1414786660079264,0.1510852015747397,0.1716177468200387,0.2053341539723475,0.1518321671897916,0.1308672298060456,0.1783488202629059,0.1817790088434465,0.1960364269663351,0.1435008447632737,0.1405389502932052,0.1809784790071439,27.092104394077733,0.4549166004925523,0.7300425900627452,0.700935186953106,1.2876629297432816,0.2820846543354496,0.5692555614356689,0.6241579566206591,0.1676494073454416,0.114973348912942,0.2215248517254427,0.1715592982191214,0.4676066004636936,0.3624072128584488,0.4017859111903277
W0034,2,0.5332594035739436,0.5671938993562087,0.0,0.4432663610038998,0.4344601885867769,0.5091712542853309,0.6528219530349573,0.4630501884950119,0.4987881979451436,0.438054241436363,0.2865089326315878,0.2095199312664092,0.1946906472290503,0.2796457757918962,0.2607923053191983,0.1709022661525334,0.3500968436875337,0.298277198274304,0.2644270407705316,0.2350675399660721,0.3175775811175996,0.407080687762561,0.2738356760655753,0.1910246155360141,0.2994484828717372,0.3151078679301716,0.3095235368852106,0.2620966257866111,0.2410921682405953,0.2714141795581021,14.197428758237818,0.730034472755545,1.368660946068937,1.1456887723435465,2.109722298655156,0.650992920139957,1.6105988359443526,1.3711234330416988,0.5397653329829573,0.5362955873720956,0.4101787665556755,0.3069983413357887,1.7798961694712578,1.159197231880231,1.600969106427912
W0034,3,0.8248837635953226,1.2704411019975084,0.0,0.8963898508794855,0.9848185121594404,1.0222629749544094,1.1515649915087052,0.9811430164893804,1.2053401932515655,0.5776909617834509,0.3544630440958042,0.2206810724897426,0.2629205252146957,0.4157249116003683,0.2981857383912401,0.1737649269924583,0.5023884490715388,0.4229665289883852,0.3495197428491317,0.2939835821323574,0.488388096222482,0.5852478133378841,0.3361729804008354,0.2143371424363157,0.3739622279315589,0.5248424815384095,0.3271276590973849,0.4808400244632919,0.3247461048695241,0.4032555983807146,0.1398847176577254,0.2720906377901903,0.419859611487289,0.4517787853574593,0.8824543640389932,0.2808025783495402,0.9781707037974188,0.6554148869927907,0.6534359778061603,0.6335512348129358,0.4810826116880068,0.4172639046418859,3.313943372253476,2.100150732726806,3.3662485918015097
W0034,4,0.8305757999686076,1.1158751305907784,0.0,0.6916561738233171,0.7375908852536283,0.6815646116445162,0.7832848478440715,0.9002580569697658,0.8575613894953694,0.4093882371083115,0.3082555472694238,0.1461332459087284,0.1900871182730615,0.3394435421687059,0.2369696045465474,0.1086650862576281,0.35901462044498,0.2873642694421149,0.203311112927175,0.2323608350715259,0.2704525919660726,0.4993708289444156,0.2170820163887807,0.1647314075900802,0.2569890835777697,0.5027712014510082,0.3031216781277477,0.2402024003809434,0.223341838792991,0.2386486496914514,0.0110384398040826,0.0873929261306305,0.1538414959650251,0.1089171118688744,0.2259627855102813,0.0671208990481625,0.1598452825378044,0.1869477644509228,0.3030097726951835,0.2493532166221088,0.2553848168199626,0.2112200813441026,3.105668374719992,1.9802051013368704,3.2721233443857685
W0034,5,0.4899613163080212,0.8325536474814803,0.0,0.5981221946247823,0.5593869372723768,0.4578863431104015,0.5682167025748657,0.554694719930428,0.6543306424455276,0.2595691878548654,0.2318243427914754,0.1068270232290729,0.1339554959490412,0.2611813592307709,0.1512551009485085,0.0745765780277082,0.2571776897548671,0.1816462815617529,0.1351179381483079,0.1507274973017071,0.1929157836781065,0.2947439066648499,0.1619643230463614,0.0881399432246191,0.1736284151103917,0.4567641480527901,0.1418727476299722,0.2297695094256462,0.1539705575798385,0.1648595357047277,0.1078354851826924,0.0506687138087994,0.0725916318194969,0.0898482361859305,0.1472870254761202,0.0778555122857314,0.111521750536641,0.0604253901933317,0.1794610442250847,0.1481462605098771,0.0494744913278152,0.1481652007475001,2.942474068071576,2.088667852915608,3.387065265905352
W0034,6,0.3340267960224962,0.5496047995584487,0.0,0.5364849987577001,0.4492337459705808,0.3352333272207418,0.4151750814156339,0.3804151555035637,0.3973796352994546,0.1520133989360602,0.2024205100140785,0.0644454390820407,0.1239966334293038,0.1677318962150928,0.1220364871509255,0.0343555849047981,0.1724625101856365,0.1254678744450309,0.0918349043607473,0.1002710624838947,0.1195163543649633,0.1982350687946194,0.1045692234834262,0.0664621100841033,0.1234173598149432,0.322707400295488,0.101370205523124,0.1432540032850136,0.1134376238834534,0.121710948354537,0.0086524483847431,0.020895610029269,0.070672694578339,-0.0304495423557088,0.1757966120257417,0.000788940592194,0.070171973990416,-0.0608532336032756,0.0532665963631718,0.0556707612635022,0.0873946644182933,0.0196511815825523,3.026677172675027,2.04053872238059,2.8067777178949123
W0035,0,0.1034482758620689,0.1034482758620689,0.1034482758620689,0.0,0.1034482758620689,0.1034482758620689,0.1034482758620689,0.1034482758620689,0.1034482758620689,0.1034482758620689,0.1034482758620689,0.1034482758620689,0.1034482758620689,0.1034482758620689,0.1034482758620689,0.1034482758620689,0.1034482758620689,0.1034482758620689,0.1034482758620689,0.1034482758620689,0.1034482758620689,0.1034482758620689,0.1034482758620689,0.1034482758620689,0.1034482758620689,0.1034482758620689,0.1034482758620689,0.1034482758620689,0.1034482758620689,0.1034482758620689,40.0,0.0,0.0,0.0,0.0,0.0,0.0,0.0,0.0,0.0,0.0,0.0,0.0,0.0,0.0
W0035,1,0.2078289582427147,0.1983404469346491,0.183458957456652,0.0,0.1773910742495108,0.212341559917325,0.2031137254577625,0.140670785502404,0.1657493033962985,0.2028644587400721,0.1599109159635414,0.1366704274984917,0.1170513224847634,0.178334207694079,0.1366332104066214,0.124670918412941,0.1812450466527748,0.1786072048215755,0.1524298706118358,0.1603554868911878,0.1703837539347495,0.1827810158201447,0.1585157868743331,0.1525037274096192,0.147464369953452,0.1381612075859311,0.1634167215651562,0.1577708021635519,0.1222640431192577,0.1483580821483738,24.051070219755204,0.528767991654727,0.8284179077468554,0.6766615066009272,0.9840018550843735,0.3747750037815097,0.5356774200250306,0.6700986143775305,0.2103330969184024,0.2115589249134994,0.1625992706536797,0.1251046172032008,0.4498361702875817,0.3051849809891625,0.4639350362375252
W0035,2,0.5826606453299803,0.5411695423078347,0.3889032699536955,0.0,0.471135508915255,0.4508591790488422,0.6384710458678557,0.5384673713727509,0.4664289204335945,0.3740097713534995,0.2746288831532549,0.2173775710918589,0.1646418718411835,0.2857309328423416,0.2507332030357316,0.1676704412898684,0.3962996067105964,0.3064306691161568,0.2921085968947552,0.2693347142783494,0.3132944122412598,0.3924465435031805,0.2595935963537323,0.2359771215342885,0.2589519772223676,0.3784280009386968,0.3092174534711968,0.3285242117289362,0.2502815823561227,0.27439453165961,13.86155021111094,0.922555415553598,1.3778670665881698,1.211840270517445,1.95202564425576,0.4785067361549309,1.2857759528648596,1.343150001228434,0.6048515402438938,0.6319778814161148,0.3942123020036009,0.2648875879728357,1.6612911968224402,1.06524126774037,1.356047338661643
W0035,3,0.9058795305784766,1.2984118565419756,0.7009502388874019,0.0,0.9562531235065284,0.8986917894176092,1.042779668925334,1.031942382124431,1.215890266365195,0.6068935598937207,0.4049991735262703,0.2451903960437117,0.2373576080090882,0.4654335441569914,0.3542889515546199,0.1459496202078898,0.5739942448495281,0.4590994044879262,0.2492102008161452,0.2497275636159439,0.3671281686074288,0.5645279950611382,0.3528271230299258,0.2146727558160149,0.3890859049975563,0.5439843861435243,0.3258486559801958,0.3743012572090581,0.3518928826703033,0.3637758137932286,0.0909839332717455,0.2318854289803771,0.5293347255830058,0.3945644458528354,0.7042413550734511,0.3906435714655516,0.8111148099055658,0.7603652982788266,0.6161509243646507,0.6059749441052119,0.3217651645044676,0.4631678213011754,3.134985002190872,1.8771477966536256,3.205531393186628
W0035,4,0.6590289084236487,1.0668765613032465,0.4535163733806273,0.0,0.9870971127604444,0.6816462168253647,0.6996772060715092,0.8305814834456511,0.830882951239163,0.4149214764554849,0.3832144079849185,0.136440352215615,0.2054467950638709,0.3162018730088676,0.2605586992497718,0.1060440001039363,0.4076365848426008,0.285030658248186,0.1799777876766873,0.2274424937470724,0.2798195457117856,0.4552964394095218,0.2355160183215774,0.1682359910936794,0.3005617448265332,0.5418860173260851,0.2528907488991651,0.3158513385283238,0.22098323097955,0.3015370204676501,0.0101147891681183,0.0645500811790151,0.127539375969989,0.1143822419528909,0.1500581266977125,0.0809393704614056,0.1739564345285233,0.2270616964449077,0.3722571994642413,0.3109089751235789,0.227375497399296,0.1910108170023339,3.5911336004135004,1.7917358532810277,3.4398153928369304
W0035,5,0.4302992299006336,0.8230218444773876,0.3081296120861677,0.0,0.6248819982206969,0.4274253635221873,0.5412465040160556,0.4955431767461181,0.5127131470372674,0.2951803219687088,0.2549350878909031,0.0919123053026895,0.1365464002724661,0.2744213566442925,0.1415406513953955,0.0713110058419072,0.2416836793018116,0.1829691457947444,0.1413808801107808,0.1789414740050189,0.1984535557003579,0.3390240477872397,0.1737949253850564,0.0873389759616455,0.1491134619662012,0.414617398304355,0.18223146596597,0.2141593421331654,0.1750355606829424,0.149562721021968,-0.0300650541300296,0.0361771353039954,0.0134434011788903,0.0613938152937573,0.0822868705011524,-0.0281549737226464,-0.0555103414764222,0.0462574883439892,0.2630993896128899,0.1873711516115191,0.1099247165932684,0.106208470250836,3.592825798219625,1.818008713664779,3.867480544274668
W0035,6,0.2586280207212135,0.5353277995583724,0.2156816828919672,0.0,0.4281867540118546,0.3389772696750464,0.2657778599021317,0.3434700718298197,0.3983294385353606,0.223574811928939,0.2040755396120687,0.0708711969774147,0.1106930821218022,0.1577695140417007,0.1142769064989968,0.0419644237040614,0.1711294576781665,0.1505736976362319,0.09679404716019,0.0781026294166459,0.1371366659253302,0.161139519475936,0.0961889483876127,0.0594758112841874,0.0938676939064946,0.3435167161153544,0.1251833372631997,0.1401264950052885,0.0936272544621178,0.0974359248122717,0.0290698366889355,0.0076377579910757,0.0098438152275192,-0.0424828371347408,0.0296851321044496,-0.02901160031804,0.0409335854942768,-0.0420161580503135,0.1212241087823863,0.0265343934487169,0.0664421041893738,0.0568705306805373,2.6173601351513964,1.2080873023618746,3.3387659620356045
W0036,0,0.1034482758620689,0.1034482758620689,0.1034482758620689,0.1034482758620689,0.0,0.1034482758620689,0.1034482758620689,0.1034482758620689,0.1034482758620689,0.1034482758620689,0.1034482758620689,0.1034482758620689,0.1034482758620689,0.1034482758620689,0.1034482758620689,0.1034482758620689,0.1034482758620689,0.1034482758620689,0.1034482758620689,0.1034482758620689,0.1034482758620689,0.1034482758620689,0.1034482758620689,0.1034482758620689,0.1034482758620689,0.1034482758620689,0.1034482758620689,0.1034482758620689,0.1034482758620689,0.1034482758620689,40.0,0.0,0.0,0.0,0.0,0.0,0.0,0.0,0.0,0.0,0.0,0.0,0.0,0.0,0.0
W0036,1,0.2122529392483223,0.2037662502903439,0.191843171928396,0.1896993369485207,0.0,0.1642215367911197,0.1599458649914236,0.178851187066973,0.1975022477973103,0.1553779055452873,0.1747315266493123,0.1365875033640657,0.1290776442095104,0.1644741883736557,0.1846175061447156,0.1380161710186767,0.1671196237105424,0.1600326178488096,0.1622044144377208,0.15610091055998,0.1638297465460421,0.175185414513455,0.1638741800461073,0.1469362849731314,0.1821163839238277,0.1682300191551315,0.1559484078723917,0.1544128818340854,0.1501314018527106,0.1360689502753257,23.885514267265844,0.4285571043737954,0.7489277439675229,0.6902955300196091,0.9645306152824747,0.4319902096142329,0.5339472398374239,0.5799184747359277,0.2297827376110512,0.2004333070488997,0.2193871660394863,0.1179935357303543,0.416163763338633,0.4837559309618411,0.2772374213335427
W0036,2,0.5713276537365679,0.7308848616820584,0.4726879422932328,0.4025694405749125,0.0,0.4654439507011899,0.5581258586728235,0.4933100587130802,0.4772443965322759,0.3707863191328657,0.2399198358972318,0.2167251450584793,0.1826787831817366,0.3482184127093064,0.2616180764381239,0.1808982987748911,0.2992491511550012,0.3440793527919476,0.2483527937419086,0.2466405429283001,0.3182055064518252,0.4001658166570991,0.2596784593322799,0.2249825188795048,0.214316208718894,0.3491864757340965,0.2680942628716804,0.2693200026754801,0.264873738379451,0.2675100231249222,10.249176485546776,0.7963235208271664,0.9977908647190086,0.9186311720597118,1.6471756461579763,0.6943626384674179,1.4132338015363073,1.1167787176444783,0.6963320339932353,0.5230092926016611,0.5341648357964179,0.2736237907539219,1.437691303445228,1.115824038357195,1.3799335007446594
W0036,3,0.827248019497976,1.614203399833857,0.7957991716936289,0.853883357288745,0.0,0.9899377578693832,1.3860547219248232,0.9694876226510448,0.9470352663687138,0.5149557928951762,0.3267088349248541,0.2377633669872762,0.1741305284663295,0.4075410138613615,0.2939513512830529,0.1834607105100045,0.5259974443944118,0.4139295945255807,0.351192892343183,0.3345925221051045,0.4481143262329397,0.6549619446136145,0.3304092230390053,0.2436839348243277,0.398594910545566,0.4695575258295446,0.3245553294336118,0.4767178979387567,0.3076656697117341,0.315373959932341,0.0095777964180281,0.3722150301134763,0.6187335823217084,0.2988506288623204,0.7223046377349112,0.213498503013745,0.9209610996354712,0.8045733050110391,0.8348567270148238,0.5782669166467593,0.3669921769444989,0.4270813635652303,3.640501919732845,2.1005076972593666,2.920420750414256
W0036,4,0.7446724109280268,0.973528333364278,0.4936298816881618,0.7309573298937102,0.0,0.6739198235050377,0.831837087556266,0.913372306624308,0.9087281713833164,0.5337891260873392,0.3113174451679358,0.159984460594389,0.1913528835773057,0.3024593012748968,0.2309953202790566,0.0838026181762217,0.3848546487294548,0.3119568493827195,0.2302752541943101,0.2034829718891398,0.3428215789822944,0.474186604817011,0.2209298246989119,0.1327717547223179,0.2792031118194764,0.5817738273688976,0.301187537234888,0.3265351928003902,0.2124623001528987,0.2930759295124264,-0.0146845865805174,0.1424879338858407,0.1390069425111096,0.0203715031194637,0.1272109386816379,0.037012440802161,0.2045750749782525,0.0925188290983374,0.3528655274545632,0.4025315019579246,0.2019780842772171,0.2292034969632683,4.506597083207838,1.6072932307784422,2.9205808035032206
W0036,5,0.5232405811651302,0.7148984277213548,0.3340861138936568,0.6495249915283698,0.0,0.53909974329413,0.6867940003742047,0.6328257845444398,0.6244496231736723,0.2331566039069458,0.2508925266392833,0.1045444835225234,0.1527388223042324,0.224891856523699,0.1391616745755534,0.0618786133979581,0.3221232490254559,0.2484118993197885,0.1610457620147995,0.1478283228230702,0.2028545261609931,0.3395681026867735,0.1435476402315902,0.0986369705190262,0.1824853749217238,0.5101560926774941,0.1579627673844621,0.2384846495223801,0.1506570349949091,0.1687127955233651,-0.0144880710059002,0.0691048157606318,0.1221897763638429,-0.0718848025311828,0.0427889445490276,0.0161527697100223,0.0512376608993345,0.1408171291346368,0.1220137580851306,0.1418270989222401,0.1346951721969202,0.189764075865945,4.109706722321535,1.5103348681546036,2.8856109947414144
W0036,6,0.2896072932457333,0.5018336956137077,0.1756485441397632,0.5360987886051763,0.0,0.335055125446445,0.3749185328913159,0.3935450635759953,0.3983991607925104,0.2078865187935692,0.2387323171142983,0.0681670836596941,0.1021813625256399,0.1549770683324975,0.1099607035670001,0.0561962555027261,0.1912982578665928,0.1285940409010326,0.0986227907044578,0.0916689708105316,0.1352163683964731,0.204632228968893,0.091922085680597,0.0625448016805929,0.1170512592073473,0.3413242301669922,0.1114354493868651,0.1435875040391919,0.0984359878071218,0.0798549602534703,0.1115187465653893,-0.0072469523622716,-0.0035785494974717,0.0497267959676307,0.1388392867885592,0.0553123188213727,0.0916673435576626,0.0826250613103333,0.1483445397520989,0.0744640595149537,0.052494263378333,0.0984939729205138,3.756444372465627,1.5157717890104054,3.339016453216164
W0037,0,0.1034482758620689,0.1034482758620689,0.1034482758620689,0.1034482758620689,0.1034482758620689,0.0,0.1034482758620689,0.1034482758620689,0.1034482758620689,0.1034482758620689,0.1034482758620689,0.1034482758620689,0.1034482758620689,0.1034482758620689,0.1034482758620689,0.1034482758620689,0.1034482758620689,0.1034482758620689,0.1034482758620689,0.1034482758620689,0.1034482758620689,0.1034482758620689,0.1034482758620689,0.1034482758620689,0.1034482758620689,0.1034482758620689,0.1034482758620689,0.1034482758620689,0.1034482758620689,0.1034482758620689,40.0,0.0,0.0,0.0,0.0,0.0,0.0,0.0,0.0,0.0,0.0,0.0,0.0,0.0,0.0
W0037,1,0.181000871915886,0.1781336253692365,0.1793466777367844,0.2141643905614596,0.2118037117203951,0.0,0.1633109368929888,0.1947841080781898,0.1891901929800901,0.164085617898756,0.1553387677803351,0.1516969864215538,0.1420959766874045,0.1626685967850447,0.165367732644392,0.1383792922494906,0.1678905825324206,0.1679084448534175,0.142094272634369,0.1445738824996081,0.1486880571952623,0.1667573208296382,0.1476635277298712,0.1353434044143417,0.1623384956681658,0.1803695897432446,0.1536393664790695,0.1754553048685198,0.1670424521402805,0.1642898533069907,30.436731558178995,0.5244417885888116,0.9249429628742118,0.6367488505586375,0.8703614608085121,0.3723654678448529,0.7918620042655928,0.4569062406173378,0.1529786747981915,0.1473571590549621,0.1740010753348589,0.0465689331610848,0.4347147694441235,0.2769687353522037,0.5084994819304951
W0037,2,0.4496490456394137,0.5886560196983167,0.3778747073635699,0.4318461265410624,0.4187456669099595,0.0,0.525464751787415,0.4189396768167147,0.586136306132935,0.3670816332557184,0.2146764647333831,0.2287136303367107,0.1786412717813899,0.2956071537601848,0.2583980094473194,0.1737616349700748,0.2781244464875749,0.3190095908342708,0.2529326554528874,0.2497434188725764,0.3358819432727552,0.3511963972211906,0.2590528294371923,0.1663152620255972,0.330710355172885,0.4151198510306253,0.3044412037922711,0.3196593709067795,0.2136306910665822,0.3191301613864812,13.630199404878226,0.8104166729596869,1.3547590821290816,0.9346275549344186,1.900752298349764,0.748625676383877,1.4117649873563924,1.3270788706750964,0.5412552157970115,0.4497554987791925,0.3410840208172916,0.2361533736391579,1.6282754230420595,1.0253992208284248,1.5581983152076266
W0037,3,0.9849412721308564,1.4378568098289937,0.7057389463789517,0.5905269416754915,1.1180350545423052,0.0,1.1065726135350873,0.9676963392757498,0.9910873773206558,0.7117187528501586,0.3651334008286863,0.2388193760308724,0.2401313261094342,0.407659681676627,0.318433077024275,0.1789521321419812,0.4918350636244022,0.4608402038594685,0.3088100623402794,0.3163576305043435,0.4390106424990188,0.652259875265735,0.4436462137297636,0.2409276929655465,0.4232542996999013,0.625965331366901,0.3557082168290973,0.3989198430907701,0.2880897056806978,0.3566544061305083,0.0926352578721497,0.2870838383864618,0.5752409855613065,0.362877581808381,0.7882271612176589,0.4323758710641762,0.8699195870199445,0.8505578001609022,0.5970296021810176,0.5791311069963269,0.3770516757633929,0.4480328800331601,3.276994596235949,2.0186452392108354,2.9228046778159853
W0037,4,0.7252812751004286,1.1098686266246895,0.5541520883118807,0.6737852984121256,0.8777814667954845,0.0,0.8615065493660564,0.8483870811335544,0.9763327928258604,0.518579103627119,0.3339351702094605,0.1510418267726934,0.2312280378255513,0.3148003324468815,0.2732144725721054,0.1186300645698777,0.4098311523034072,0.2869465722458954,0.2324345804112383,0.2004242947121419,0.325156191806283,0.4446934070558744,0.2436108333052561,0.1661074287022862,0.2938874257842038,0.60516285425344,0.3044488283703076,0.3521009073598873,0.21700795125498,0.2338028956095829,0.0473700318751737,0.0938944385551764,0.1099509034242856,0.1812847876235121,0.1904643983719076,0.1074591814854286,0.2246939885929938,0.196140235446403,0.2299249576020057,0.2208958076838746,0.1481927054477457,0.261747511445936,3.1467608072238598,2.1818307040485174,2.7854263057422863
W0037,5,0.503608663615913,0.8092705452683165,0.3542493739349607,0.53818476391171,0.7517053918424532,0.0,0.4856454537948874,0.5709438480328214,0.6702798184184621,0.3037824518310559,0.2213571456175418,0.1245425664905514,0.1477748648871066,0.2142015155267106,0.1769704719088366,0.0679987703452002,0.2617249081056447,0.1771278573717098,0.147186275740987,0.170351647177034,0.2318974365230837,0.3421060282498266,0.1634412157549589,0.0909592937537323,0.2035126790885385,0.5002533297347426,0.2099823345399507,0.2073720199386304,0.1264908049538592,0.1816519437777445,0.044106174049304,0.0121324141862089,0.1251993843101376,0.106434798592445,0.120330310345756,0.0592093975925855,0.039223783695769,0.0275806525490753,0.1324712075221854,0.1980014284494391,0.1238966871957134,0.1763970597323615,3.0431797181259275,1.8420205371598823,3.9744753946774978
W0037,6,0.2427002004942481,0.5412189305510723,0.1829951537785236,0.5043899323693042,0.4757211619238931,0.0,0.2779730129183281,0.3424402038597506,0.3612742890345509,0.2020176009233651,0.2166953116993575,0.0721062610999468,0.1173076903138141,0.1567362696673104,0.1359174998999302,0.0469554772869641,0.1967833314862516,0.1483754280037723,0.0799629602922279,0.0884443449387613,0.1171213653389176,0.1550332298204115,0.1036219158291445,0.0739723094569702,0.1165041725506063,0.3489305952524865,0.1144238828585782,0.1444064329686438,0.0895948896102529,0.0863487683442388,-0.0463661909993001,0.01405949306453,0.0609456536432815,0.0157968042842983,0.0566558305017704,-0.0093240875736171,-0.0395179943853617,0.0459889773298289,0.0914269142411858,0.0964975421892491,0.0317979419722965,0.0027653702622121,3.044118084759159,1.7178105151342025,3.169385135516188
W0038,0,0.1034482758620689,0.1034482758620689,0.1034482758620689,0.1034482758620689,0.1034482758620689,0.1034482758620689,0.0,0.1034482758620689,0.1034482758620689,0.1034482758620689,0.1034482758620689,0.1034482758620689,0.1034482758620689,0.1034482758620689,0.1034482758620689,0.1034482758620689,0.1034482758620689,0.1034482758620689,0.1034482758620689,0.1034482758620689,0.1034482758620689,0.1034482758620689,0.1034482758620689,0.1034482758620689,0.1034482758620689,0.1034482758620689,0.1034482758620689,0.1034482758620689,0.1034482758620689,0.1034482758620689,40.0,0.0,0.0,0.0,0.0,0.0,0.0,0.0,0.0,0.0,0.0,0.0,0.0,0.0,0.0
W0038,1,0.213929900266842,0.1970523508665211,0.1872113982622988,0.1502588667293495,0.1863628725438848,0.178872691368154,0.0,0.1998044811147826,0.2287951324286632,0.1802592761006443,0.1297448822423368,0.1431659342954858,0.1321801382649396,0.1600231892678462,0.1597151405250342,0.1251436994115236,0.1631903955302029,0.1720605840515558,0.1627922178356804,0.1607052378160691,0.1478533803883472,0.18672993354385,0.1749823260597988,0.1384881914206622,0.1608281026640203,0.1715867057264151,0.1667230913271411,0.1771447449932756,0.1253882165660395,0.1456743679697326,29.441737303976858,0.4142299659502254,0.7881865739632868,0.6759195655311122,0.7976228376028032,0.3772437721779004,0.7715854514751506,0.5257151399818637,0.2035255672885546,0.2322326767554258,0.2285313610625025,0.1291878493964026,0.3515944347382246,0.451725185612008,0.4167189529464289
W0038,2,0.5845209745737611,0.518252453283436,0.4746807335719641,0.3878957019373534,0.4516897224405614,0.4731416349836795,0.0,0.4581637589162231,0.5604764291621144,0.3695645491163867,0.267709355522912,0.2266830543894304,0.2199547207906217,0.3380153234711158,0.2358800258018847,0.1628195686642897,0.2688800281927612,0.2775717228741799,0.2317417449870364,0.2270786934281594,0.3276635548157108,0.4086827352864116,0.2364605490660295,0.2091830823720749,0.3117529554388997,0.3131202261878438,0.2853517321468473,0.3532184463823778,0.2647265062569793,0.2963033745625079,12.93396050650002,0.8544273744415521,1.5052206792982905,1.1647390680656955,1.9453779338829933,0.8075410045992455,1.5727728601101951,1.24113720124622,0.4877571046788002,0.5350223163764776,0.4611803215019716,0.241658735772739,1.5662065222253505,1.2691908314020528,1.522433200016729
W0038,3,0.9170804212042852,1.4669300279230837,0.712828887107112,0.7355244911571288,0.9881856161328972,1.0182768365581576,0.0,1.1929912387187738,1.173178283325262,0.5531427450830657,0.3215750563137246,0.2569042541414038,0.2036713569663172,0.403568247532458,0.3381633974370272,0.1317147238962787,0.5495325090017881,0.413115176206613,0.276399503919285,0.239575477082758,0.4377928837410008,0.5844875795660435,0.3240402357612126,0.1904736625274527,0.3519588283299411,0.6278746195147513,0.3156554624804035,0.3836797374275711,0.3191801392465962,0.3349492161785816,0.1122736200335969,0.1936031440493236,0.6351918269427558,0.4308606681020566,0.8689320517225079,0.4154601294244195,1.0643626905272694,0.6758285528250748,0.5215511333447377,0.5014507760294402,0.4009617889179497,0.4468279682936156,3.468382376214067,2.4102288065003026,2.9592348560129973
W0038,4,0.7024254945954288,1.1816338497627807,0.5943524579573393,0.8066500181248832,0.9449431700852406,0.9775894892195685,0.0,0.8059585680993393,0.8285135775445526,0.5002250386164584,0.3532551878802485,0.1498246437876377,0.1984423836263256,0.3451437615650458,0.2774300483106364,0.1052762823979222,0.417768152127177,0.3406207138149266,0.2353440631944876,0.2703050950967446,0.2506443806158112,0.4833512525868634,0.2533327270148949,0.168449668842679,0.2928755548361256,0.5642942682231178,0.2322237774440124,0.2991166111256127,0.2548890827963924,0.2736596012653595,0.0376915278495361,0.1580419895844457,0.1055416839990807,0.0102880969048751,0.1072531946987608,0.064169127096441,0.197283941973831,0.1078551842005866,0.3606843721246397,0.2534649190906979,0.2442652052426722,0.2884528406232772,3.026873832550222,2.0513320456712925,2.4250004803036096
W0038,5,0.3996192740702991,0.977473078769022,0.3732471651293828,0.6478528200650103,0.7373574003207455,0.5355424226707326,0.0,0.5537578861914335,0.6207579278944916,0.2937706872351581,0.2677970639916049,0.0964849869203009,0.1327901999539247,0.2009819437335301,0.1764221721632511,0.0533538645017339,0.283933726995671,0.1660474013292458,0.1457443637199613,0.1557165828837109,0.2009440445570276,0.2490800516261593,0.1417023326890989,0.0805678411160965,0.191006063580842,0.5187668651993311,0.150018116023316,0.2135401342266621,0.1489203942843478,0.1640126509711311,0.0593001273654625,0.0577968961962847,0.0889597999229744,0.0683913945328179,0.0690923937060742,0.0371383590143393,0.0882149047663649,0.0386804337033153,0.1657456649707316,0.1636646992646509,0.0436661779179201,0.2101907395250129,2.922329110052145,1.5963073993607535,2.9715591074394543
W0038,6,0.2705793211141264,0.4647644074795124,0.2234643505740192,0.5892121697528802,0.5204164680305714,0.3576739125882216,0.0,0.3465489017823568,0.4115859779791305,0.2313451339454049,0.1905121887693628,0.0691290257012238,0.0887144455757117,0.1341967080945238,0.1130515676551906,0.052657905759625,0.2171133525363938,0.1484214801801495,0.0956710056587636,0.075485189370428,0.1383471910246185,0.2381407295603081,0.1135579027357281,0.0504346016292319,0.0887912995517729,0.3075491199575312,0.1217738733885476,0.143014992137808,0.1008059576710226,0.1182467364579585,0.0344269923256702,-0.0281282340223042,0.0242488523492365,0.0308990828586068,0.072737340572888,0.0636246531070418,0.0714644194890141,0.0965838952251023,0.1146574498977725,0.0133933482875543,0.0541243387061312,0.0976198401219835,3.21038791445919,1.3322248624868194,2.6728675882825867
W0039,0,0.1034482758620689,0.1034482758620689,0.1034482758620689,0.1034482758620689,0.1034482758620689,0.1034482758620689,0.1034482758620689,0.0,0.1034482758620689,0.1034482758620689,0.1034482758620689,0.1034482758620689,0.1034482758620689,0.1034482758620689,0.1034482758620689,0.1034482758620689,0.1034482758620689,0.1034482758620689,0.1034482758620689,0.1034482758620689,0.1034482758620689,0.1034482758620689,0.1034482758620689,0.1034482758620689,0.1034482758620689,0.1034482758620689,0.1034482758620689,0.1034482758620689,0.1034482758620689,0.1034482758620689,40.0,0.0,0.0,0.0,0.0,0.0,0.0,0.0,0.0,0.0,0.0,0.0,0.0,0.0,0.0
W0039,1,0.1807407511456351,0.2211670641411713,0.1782125457644211,0.1881144959449943,0.17628965495857,0.1628773576990949,0.1813768515038034,0.0,0.1653596357535702,0.1580832533600652,0.1577645576990918,0.1773474698034166,0.1163171954201223,0.1619989113002439,0.1578968757525156,0.1289291308215143,0.2092624177880076,0.175486645590217,0.1696570394549847,0.1418243724657051,0.1705544248920575,0.1391246188432485,0.1582486852284692,0.1284841263804673,0.1797445242285138,0.1264016363034328,0.1367326750927492,0.188613332281082,0.1683384736407005,0.1653296423250584,26.60670146013136,0.5447475476685992,0.8366351727900937,0.6358287959467607,0.9585103881376532,0.3297466405108021,0.6150410108209767,0.5727269621071485,0.1761255036589762,0.1980788694547649,0.1846246605565936,0.0576603261025302,0.3996040966304127,0.3222988020252759,0.5448253914978349
W0039,2,0.5401858143461892,0.605785394683851,0.4619041089544406,0.4385879051213538,0.5085913467933108,0.543140958662554,0.5207109031663069,0.0,0.5264409967202528,0.3977122924323777,0.2534984905528968,0.2208013608405936,0.1772021587227573,0.2353234146388663,0.2825402248592059,0.1651178063341618,0.2953899614073367,0.3401840986396713,0.2757944743425126,0.2434067590760671,0.3586412958250777,0.4442579122763344,0.2695073659051709,0.2042045458375444,0.3034312376370303,0.4011597265325111,0.2499470283523076,0.3285849021880802,0.2730419817370021,0.2787880094662604,13.579375028656084,0.8296007868691456,1.0997895625870129,1.033633170074882,1.646762816423951,0.572951803969913,1.368656702290149,1.298505888438256,0.4320456367641933,0.4359517855546595,0.4343143275679206,0.2361297105761289,1.7036119277629471,1.3744934642917026,1.4681252866581165
W0039,3,0.8552440463072117,1.3605720699471016,0.7114249078804198,0.6668470574483361,0.9627683175692844,1.0284488046132605,1.2762302066980895,0.0,1.1213472800785445,0.6189071007964788,0.3679978150410827,0.2111934950324229,0.2675503908924372,0.4243171930755422,0.3634265435586569,0.1658847177362469,0.4445875259627617,0.4515231520531115,0.303255658238694,0.3334681806148245,0.3170717925785379,0.6410937198563866,0.3721695781514056,0.2476052202663321,0.4404251716211362,0.5542218067814507,0.3651076112421553,0.4634933468001557,0.3558570119315526,0.377945026070356,0.1734960603893645,0.3229884720884882,0.5425897400412801,0.3201452691266861,0.7830589979903795,0.3929024527028278,0.866732353369437,0.8852598782292642,0.519712321976523,0.7303764653142697,0.4589519452155489,0.3463838005132152,3.137944572841263,2.294962975134419,2.766133552328617
W0039,4,0.693790212529551,1.193891484454384,0.682059172315259,0.747925006723434,0.91843390671742,0.733817263015593,0.8997182514146155,0.0,0.7428220967882289,0.486978209931744,0.3003156347329784,0.2124925281908871,0.2388662513296415,0.3223960568453622,0.250549211407646,0.0899352002912013,0.3714624084311092,0.3172369487604372,0.234485408423919,0.2099766867483766,0.2964919854731668,0.4916280502017677,0.2685241503931895,0.1347261624115273,0.3018705661432196,0.6204303372672368,0.2772640044209277,0.3356640480985533,0.2368796718800304,0.2813289746502335,-0.0450323877591574,0.1676702756612985,0.0648083425252223,0.1398006010075114,0.0674665390700817,0.0828905252907923,0.1989226894681355,0.254734936790826,0.2401531132984354,0.340003909749101,0.3021120700052879,0.176837104475876,3.249699257343769,1.8713779406740263,2.930138595178354
W0039,5,0.4589380776928545,0.8042213364741718,0.32522448911962,0.5740688822599312,0.5936650929673664,0.4661501728414196,0.5345658657389037,0.0,0.6239075302745513,0.2823982514355087,0.237553440627002,0.1045994945183384,0.1477789108191259,0.2062873066091069,0.1564573945732489,0.0710064824445459,0.2992948992941431,0.2100927334368905,0.137203506178741,0.1262905890335166,0.219504278627226,0.3517811448945414,0.1698685654979645,0.107073209181841,0.1808387644892265,0.432380973076608,0.186868773277847,0.2179812730823551,0.1253697195091767,0.1470866441309894,-0.0184680941976435,0.026805529782572,0.0690864024563048,-0.0437364507653897,0.1250668285603997,0.0552046532007344,0.1073185646854134,0.1030970601536373,0.1926725577109275,0.1763345131088011,0.2262041006002659,0.0143322280041521,3.101805698572482,2.361154949239706,3.4743307128605685
W0039,6,0.279964983822874,0.5974107687106103,0.220610419508293,0.4893900064523309,0.3553472058739682,0.3419552286852478,0.3557515861164093,0.0,0.3873656628513084,0.1751385730901228,0.1632119236945532,0.0620595825624752,0.0984405126036235,0.1582119841249812,0.126409688392337,0.0524372464445394,0.1946760635394208,0.1316251683082772,0.1029153758398045,0.0961331307789717,0.1144290895265219,0.1637338063840454,0.1038786527121848,0.0393120394845042,0.0974261921532683,0.3731997487110286,0.1147855324151696,0.1336785419865506,0.1067488692117052,0.0661663851643683,0.0318503747925288,0.0425074261155792,0.0080187335942018,0.0086074291706618,0.0603398497601116,0.044290433900812,0.0170183607211742,-0.0285529860574663,0.1763149239542292,0.0694209690323422,0.1232015892928896,0.0586906561991881,2.858440255452764,2.177289122853098,3.177398784543032
W0040,0,0.1034482758620689,0.1034482758620689,0.1034482758620689,0.1034482758620689,0.1034482758620689,0.1034482758620689,0.1034482758620689,0.1034482758620689,0.0,0.1034482758620689,0.1034482758620689,0.1034482758620689,0.1034482758620689,0.1034482758620689,0.1034482758620689,0.1034482758620689,0.1034482758620689,0.1034482758620689,0.1034482758620689,0.1034482758620689,0.1034482758620689,0.1034482758620689,0.1034482758620689,0.1034482758620689,0.1034482758620689,0.1034482758620689,0.1034482758620689,0.1034482758620689,0.1034482758620689,0.1034482758620689,40.0,0.0,0.0,0.0,0.0,0.0,0.0,0.0,0.0,0.0,0.0,0.0,0.0,0.0,0.0
W0040,1,0.1792643090964528,0.2010731686912685,0.1910673249951377,0.1437217369616846,0.2093008273185104,0.1582948337453475,0.2012051093522215,0.1594502995991983,0.0,0.1602737970719404,0.1505179784766059,0.1551717671714649,0.1315135701007841,0.2026513065844886,0.1565095490042377,0.132824913080595,0.1553071436847688,0.1784159415835472,0.1579435273773216,0.1519024028124916,0.1652752137860568,0.2085214834643867,0.1452237151868905,0.1622800110833757,0.1543216351143714,0.1321938198904962,0.1504873571701438,0.1927511040992329,0.1612360662848512,0.191853539511812,30.91025531098801,0.4744648328199921,0.8020364698566833,0.6238023056349115,0.8526724024973392,0.299231677057896,0.5657904373000792,0.4840200765134791,0.1805284572161294,0.2517914855815018,0.2055556862302412,0.1984595420218997,0.5162115041660033,0.3543454112163805,0.3715341946590317
W0040,2,0.5223011187544674,0.6417871509989335,0.4208437139944181,0.455504820906144,0.4874960084805321,0.5841757800663336,0.6775773240205452,0.4870297562762935,0.0,0.3921329771536376,0.2954238942941871,0.2344368781619898,0.1559264819333797,0.3222792745018329,0.2808039406585747,0.194481922164298,0.3102942716128181,0.2648322053368514,0.2437356777176247,0.2128587943027949,0.3616337877643225,0.3357491591876256,0.321172132334301,0.2285172966608669,0.3239080949954603,0.3283481818200925,0.2555516861773937,0.2670663350141159,0.2742465024403412,0.3020455532706172,13.083027346154914,0.8719327165936569,1.5281780677152643,1.0918341907507436,1.906256995677301,0.761174160655475,0.9661374372148754,1.5205139092917277,0.5652867715801603,0.5609707552703773,0.3857973013285633,0.2371927824582219,1.3862967327980975,1.028277095102463,1.2178607818861786
W0040,3,0.9865839059104174,1.511607373540134,0.7796268476318724,0.7591304639060268,1.3141597927227648,1.0979625629763397,1.0372864370670185,0.9041741511958068,0.0,0.5440202471921933,0.2971261509978508,0.2565349839951208,0.2478815995394024,0.4356697469541135,0.364456470478583,0.120413810739457,0.4638747980835466,0.4267072623410727,0.2731105666711771,0.2869234892822149,0.3711444627644872,0.6074629249114294,0.3598719023818263,0.2109430391665109,0.4031272004721117,0.5624838268248419,0.3673318693569435,0.4496843145417988,0.3038314911001761,0.4338813473094991,0.0171518160382172,0.2649727598882765,0.4982939789174713,0.3880400181115466,1.0556720174138028,0.4754134901881691,0.9374135213938506,0.7132523468618475,0.5691394971589848,0.7131054742303439,0.3146072359520701,0.3168215669374147,3.1115029587749947,2.1373512763201648,2.883645303494004
W0040,4,0.7189318934198952,1.2629348152486142,0.4980401046667385,0.7632647594356367,1.0004443847533817,0.7924547296865073,0.8504763437172794,0.9105062554034596,0.0,0.4989707957720232,0.3214230825663073,0.1387377404785213,0.2078758634215375,0.3685356841563597,0.2789119290874267,0.11791545756187,0.3670234435759066,0.3307539718097664,0.1938960243878569,0.2230845637080014,0.3618218767790655,0.4389268901094647,0.2277940317767619,0.1697402977580547,0.2622510156854941,0.5653299843695706,0.2559647601116154,0.3073970931188212,0.2246754425242661,0.2573642557572335,0.0499332570469815,0.0239406623926554,0.0680021678226954,0.0908086866449594,0.1681920821438459,0.099487214684267,0.2449284985819458,0.0947967155706866,0.2685409957192394,0.3783824173337253,0.1732966176917151,0.1880680986626765,3.408431431529363,1.9730865538296087,3.320878898681705
W0040,5,0.5104310484498181,0.7379870409660492,0.2346453373146658,0.5590602002638627,0.6565110048477095,0.5097968767320543,0.6908922997222395,0.662826830869943,0.0,0.251478478255445,0.2689927995884111,0.0844050590940441,0.1374267080273909,0.2160103908143415,0.1666730208016196,0.0723297145908808,0.3097897700356807,0.1937061046015217,0.1501294170451646,0.169304229218598,0.2573691109112815,0.2752555956020674,0.1633539879435239,0.0825686501542792,0.1883178568068149,0.4565140764995926,0.1834772137481032,0.19331432617153,0.1526442236607225,0.1817862025138606,0.0584068903712881,-0.0610628081999318,0.1178424670620795,0.0861255958131134,0.0676030199136373,0.0219048379191452,0.0481757608380086,0.0906685104371324,0.1929419734317863,0.2115603474017647,0.0521050996491612,0.0917094063169043,2.4647299209845808,2.312738906262372,3.57673948058866
W0040,6,0.3125415601581464,0.5117671747470728,0.2073279038939425,0.5124376170389197,0.4179022978879737,0.2577515064037375,0.3206749411883005,0.3859134477743241,0.0,0.1593181187763419,0.2197505818044012,0.05819928388476,0.1151172007745841,0.1710655225121682,0.1207321503617707,0.0407978720552288,0.2006278285440082,0.1459239850876383,0.1017881954539138,0.1027466490851495,0.1429702769598618,0.1807505452366158,0.1011755926823699,0.0620290023065364,0.1213294342899978,0.3766622517680546,0.0932886136649762,0.1550382310125743,0.0922546546742312,0.0933942551965439,-0.0316869758563363,-0.032939379852984,0.0856407531055165,-0.0006708681925154,0.0844623882531622,-0.0066967799127212,0.0064339210474595,-0.021402413577821,0.1086902806575431,0.1387439024169146,0.0707752215900173,0.072001934031546,3.428769081248196,1.7845911574575777,3.310651595191892
W0041,0,0.1034482758620689,0.1034482758620689,0.1034482758620689,0.1034482758620689,0.1034482758620689,0.1034482758620689,0.1034482758620689,0.1034482758620689,0.1034482758620689,0.0,0.1034482758620689,0.1034482758620689,0.1034482758620689,0.1034482758620689,0.1034482758620689,0.1034482758620689,0.1034482758620689,0.1034482758620689,0.1034482758620689,0.1034482758620689,0.1034482758620689,0.1034482758620689,0.1034482758620689,0.1034482758620689,0.1034482758620689,0.1034482758620689,0.1034482758620689,0.1034482758620689,0.1034482758620689,0.1034482758620689,40.0,0.0,0.0,0.0,0.0,0.0,0.0,0.0,0.0,0.0,0.0,0.0,0.0,0.0,0.0
W0041,1,0.1956494350599842,0.1975520859409645,0.1631472563210271,0.1922800579849076,0.1923399857814641,0.2035417506617521,0.1921534207494981,0.1706407441596973,0.2376383827219581,0.0,0.1352835424751517,0.1468801452837174,0.1261576585075551,0.1877137761613342,0.1452236514437076,0.140318683714359,0.1542910288056568,0.175971931647891,0.1355409043687826,0.1607442611403523,0.1963161340335167,0.15105235478807,0.1583004852253744,0.146382513458615,0.1349887944225229,0.16887913185149,0.1499825519895949,0.1444739578034602,0.1585547479460132,0.1584723930714921,27.552836551950037,0.4976456231320346,0.9238409388435398,0.6616199568204355,0.9749468001849256,0.3287493910089504,0.558497065643065,0.6439493464984544,0.2659075905730109,0.1914421065931221,0.1084758795531823,0.0991591758920424,0.5005840215851796,0.336138950562603,0.2885498575881081
W0041,2,0.4102100328401846,0.565625843416756,0.4099230476617932,0.4057801201669331,0.5065640449189185,0.5120098449288376,0.5901563112083634,0.523831117822209,0.5365797706700814,0.0,0.2572072566880263,0.191177915497059,0.1933603542402077,0.3347037901833956,0.318554839928523,0.1742230621612391,0.3482799729131569,0.2800943328787853,0.2383248807829524,0.2576438061152051,0.344549341599657,0.3638657534642888,0.2966104137118119,0.2327761106052283,0.3063571351695528,0.3121515131371014,0.2810524307974994,0.3000562278071689,0.2979615330069366,0.2820946345732588,14.124975372983345,0.9516997291646112,1.5884339090623252,1.076444164138311,1.5194238054214,0.7274046953299828,1.563184805262056,1.4280866493575497,0.5635464445173892,0.348725738306805,0.3406010729482874,0.2206938437288174,1.714613404179676,1.0529031535079385,1.613051731144051
W0041,3,1.043287117087525,1.4969668110123502,0.6433799325319987,0.6789205895251764,1.0437870595935526,0.9758690183363448,0.9945660539313812,0.8535366121304191,1.3989841091724595,0.0,0.3515737988697508,0.2229120710288706,0.1857937395056728,0.4087820048177432,0.3259353062097925,0.1728257870750247,0.4728748617770079,0.3735511713791057,0.3196684699798199,0.2832499902481671,0.3772283084274558,0.6926269239013246,0.3421639994264134,0.1799438998997276,0.4118527236465413,0.6064482841755626,0.3769243401356716,0.3801878980138827,0.3629103080729791,0.3799301714809939,0.0374192555830941,0.3320341810194764,0.5495174580395085,0.2293242811705838,0.776123397404927,0.3872217440730108,0.7856684702193223,0.6576549777916525,0.7974075051310249,0.5880922872354823,0.3925555168465295,0.3064283734943257,3.001933809373028,1.8518597716772407,2.957181255896758
W0041,4,0.7668156867663226,0.9079972217657456,0.4722050277856575,0.7559661960114011,0.9845628296452408,0.7338938146844185,0.8837695274776572,0.82458077910425,0.938308965871234,0.0,0.3133131430390952,0.1499930748610148,0.1999562603017653,0.3292391962443192,0.2298721009912219,0.097953426251807,0.3611340303814421,0.2739386882057925,0.215142263048062,0.1943014885657467,0.2211483044293203,0.424589558989784,0.2324984590588615,0.1823992964129411,0.2962785454615383,0.6118003708432869,0.2676746454886656,0.3410210351328041,0.2234383982621913,0.2557518774489275,-0.0413469483594326,0.0604912088600736,0.1004910643876623,0.1017602679075267,0.0907203961472294,0.0691257643793519,0.2505508566142758,0.1395413306713615,0.2386461675742089,0.3074570805153544,0.2079537701011525,0.2200280689795238,2.7557256505046728,2.0393256339322976,3.415629636645273
W0041,5,0.5091786487398274,0.6246491439724909,0.3478733885948482,0.4984977522304815,0.6331289158164022,0.5703496069597965,0.6125652587799467,0.5389802225144515,0.5733686214725339,0.0,0.2093812427001091,0.1086598354846459,0.1441778784280415,0.2538198220807848,0.1761545175322183,0.0776480721638115,0.2617145660242287,0.1714082792779326,0.1550945757522271,0.1284855625146443,0.2175130500730943,0.2888192065738532,0.1585818784948868,0.1000753344692919,0.1677058026439265,0.4024639913279127,0.1420326853004121,0.2127168369849565,0.1759711120275738,0.1676560425027503,0.0500911907229772,0.071081377151173,0.0573699551169456,0.0012126902594581,0.0150258395083652,0.0474179236638902,0.139118325360729,0.0386888394845002,0.2198310503664289,0.177812415678454,0.0799758025511554,0.0688598871211963,3.2683618417745386,2.159174450124413,3.3084007054460907
W0041,6,0.3093455599773961,0.5687235667307448,0.1961013918018992,0.4919856436064394,0.5462495195203284,0.2919337719809531,0.375561589911546,0.3613459650468134,0.3877032746143475,0.0,0.1991926787186123,0.0701925713964343,0.100724534823322,0.1272352279902621,0.1029034670974015,0.0478860049336418,0.1658517863474571,0.1375924241177983,0.0966178356070964,0.1106403413047778,0.1282304155446094,0.1690315064501753,0.1090517951326968,0.0523625765206699,0.0954044225394379,0.4255846676489676,0.1176752693709407,0.157272294979771,0.0930865892325625,0.1058752657328839,0.0266378330406281,-0.0406812464205564,0.0450241974321503,-0.0691039007470746,0.0369371644188365,-0.033703951984689,0.0115717477434066,0.0396660110306963,0.0862111124911079,0.0950141027223336,0.0973043723406451,0.0933900449732154,2.6353647616014007,1.6890659874691725,3.131091549956019
W0042,0,0.1034482758620689,0.1034482758620689,0.1034482758620689,0.1034482758620689,0.1034482758620689,0.1034482758620689,0.1034482758620689,0.1034482758620689,0.1034482758620689,0.1034482758620689,0.0,0.1034482758620689,0.1034482758620689,0.1034482758620689,0.1034482758620689,0.1034482758620689,0.1034482758620689,0.1034482758620689,0.1034482758620689,0.1034482758620689,0.1034482758620689,0.1034482758620689,0.1034482758620689,0.1034482758620689,0.1034482758620689,0.1034482758620689,0.1034482758620689,0.1034482758620689,0.1034482758620689,0.1034482758620689,40.0,0.0,0.0,0.0,0.0,0.0,0.0,0.0,0.0,0.0,0.0,0.0,0.0,0.0,0.0
W0042,1,0.1714525708753499,0.1852024033678967,0.1670755749876595,0.169957008082422,0.2023409901154652,0.1881048227444411,0.2165062865908858,0.164089808977082,0.1906033996952099,0.1783154179947309,0.0,0.1642816091591994,0.1507656696960781,0.1419868273433675,0.1193908896014074,0.1204072673984851,0.1669627724125694,0.168640334474331,0.1624742314599331,0.1623500274754676,0.1225572239699197,0.1771506449078727,0.1497066228331053,0.132870802952481,0.1625432326536696,0.1409705097756879,0.1331522847586071,0.149640135344778,0.1554924872626275,0.1599292736842176,24.48839884483297,0.4114811059330282,0.7164780330730526,0.6723756193659629,0.8744955901020135,0.3456448339074027,0.634212293217794,0.509720736864744,0.3114967023113794,0.2775774222405104,0.1841072265425601,0.0962687555799437,0.5509653631561695,0.3878539112349681,0.4759081070615295
W0042,2,0.4736161197816808,0.6321653347596687,0.4874796585088079,0.4249349294171569,0.4624335509129799,0.5235612402467436,0.4609923441639652,0.5327373603002717,0.4786111658939061,0.3843819684429257,0.0,0.2196630043399362,0.176819076488121,0.3046820669908627,0.2649904967795143,0.1435880798151279,0.297338728442929,0.3077569704822107,0.2399149095682632,0.2207391471294434,0.3067176981531794,0.4024955146597758,0.2651954617653124,0.1366787905950832,0.2607726054183973,0.3888975570994672,0.2483843713964692,0.3115314283239246,0.2607623980786038,0.3454677520533076,12.307456086639595,0.7789713301146387,1.5419189794470338,1.2091676366744228,2.272898897871115,0.6317074657179663,1.3006284328865538,1.0759589626255577,0.5520560500354322,0.5337583305769927,0.3789164962295878,0.3508010133124718,1.3638614727527385,0.9619937388848228,1.4067905913059748
W0042,3,0.8835621132427148,1.1630376995452396,0.6922114460657803,0.8108089563861415,1.153883477451287,0.9822354710227688,1.1514108964539616,0.9124294039255408,1.0955287713781354,0.5092362789107692,0.0,0.2375137925301261,0.2298062486835156,0.388168858477658,0.3077180533414382,0.170930394815135,0.479243053323892,0.3763783826609049,0.3208990909429398,0.316134651051002,0.4558298547992352,0.5870345926080406,0.3393187261532333,0.2180262569343812,0.3981572835552301,0.5865130504955194,0.3319843478445079,0.4043794808753938,0.374323276665542,0.3966836327828401,0.1010904907990937,0.3088495711855188,0.6360279985431458,0.4599805144090367,0.7758291640831626,0.4002506995678776,0.8837290109262533,0.7379737810699881,0.5857082217355547,0.6584870956762713,0.3657932918458857,0.4470937277524286,3.0053980377004748,2.1154225177859494,3.755199523310564
W0042,4,0.7351636366078078,1.220226342171892,0.5383268780642422,0.6348846909354697,0.8156025598656681,0.664306106528519,0.8386118076741448,0.5939234796433993,0.786056738009243,0.453169055128064,0.0,0.1583324500060757,0.2019552655739387,0.3314353213165667,0.254684920024974,0.103114564330941,0.3314689481755754,0.2843349161712287,0.2063607432825317,0.240133182002813,0.2755608807538634,0.3035132469331019,0.2172290820685078,0.162807576087615,0.2604443959341815,0.5420479934406067,0.2575960906336786,0.3061174625717684,0.213032596024978,0.2470641379613082,0.0635046316824542,0.1171346986281771,0.1398334063787094,0.0389306582007613,0.2245748383568947,0.0792844639607159,0.0816840165564152,0.0810261026507225,0.3055569371941349,0.4181521367021327,0.0963487712018661,0.1746342813333085,3.590605149512795,2.178843323668575,3.1541253160387277
W0042,5,0.4363876751740916,0.8544962821415283,0.3402035777251024,0.6382335043546508,0.6072145326407954,0.3951959466984954,0.5841553853737805,0.5054401401713758,0.467643678785037,0.2764012063350159,0.0,0.1203936974769847,0.1674255924436571,0.2304884790505952,0.1843506966639258,0.0757801584577615,0.2678414677965056,0.198144852565327,0.1570293052104505,0.1418346573710403,0.2312319243857361,0.3011587025095187,0.1441602653666261,0.0957350194861472,0.1669484793700935,0.4487869968842031,0.1555415366350269,0.2194296934848829,0.1348589188642851,0.1775190401931452,0.0045620501178839,0.0567618995742931,-0.0005421996775789,0.0557558626318623,0.0198858450874649,-0.0043708365965184,0.0346399424410291,0.1115649559611818,0.1828508646671456,0.1311916332783776,0.058508500143344,0.1666737006287774,2.939556275082778,1.9786145571688745,3.3780619277590302
W0042,6,0.2845637575933127,0.5841218286935718,0.2037841190428079,0.4878296216394541,0.4406403589992688,0.3313403832000973,0.3406266213732304,0.3334666041461696,0.3494559070795558,0.1899058812107992,0.0,0.0614849946849685,0.1056351744498153,0.1236766926583329,0.1097502353181198,0.04704700386378,0.1671703136353788,0.1248222310388179,0.0860575121346721,0.0953585936634986,0.1097310958787437,0.2229346740365244,0.0741407283787917,0.0662549240872529,0.092329207395054,0.3511035645173295,0.1083085823541476,0.1382751418123539,0.0935088112950174,0.1108030539287573,0.0162473117693925,-0.0133370149324083,0.0299168549494555,0.0133512274650506,0.065181565708767,0.009232470062051,0.0871909718247805,0.0624794048124905,0.1499954102136578,0.1194015857142189,0.0072969041418484,0.0221127965189399,3.0759293000328176,1.9903372229144576,3.473262043350321
W0043,0,0.1034482758620689,0.1034482758620689,0.1034482758620689,0.1034482758620689,0.1034482758620689,0.1034482758620689,0.1034482758620689,0.1034482758620689,0.1034482758620689,0.1034482758620689,0.1034482758620689,0.0,0.1034482758620689,0.1034482758620689,0.1034482758620689,0.1034482758620689,0.1034482758620689,0.1034482758620689,0.1034482758620689,0.1034482758620689,0.1034482758620689,0.1034482758620689,0.1034482758620689,0.1034482758620689,0.1034482758620689,0.1034482758620689,0.1034482758620689,0.1034482758620689,0.1034482758620689,0.1034482758620689,40.0,0.0,0.0,0.0,0.0,0.0,0.0,0.0,0.0,0.0,0.0,0.0,0.0,0.0,0.0
W0043,1,0.2034436304137085,0.1929524930266398,0.1651861628782502,0.1973096218290458,0.1764486934134148,0.1379512639729682,0.1789991714584367,0.1675891093538493,0.1702132446553522,0.1660581010480281,0.1209727617092009,0.0,0.1132240319459373,0.1779628766253854,0.1955830827746713,0.1362135926980845,0.1704460103984421,0.1337724495904175,0.1438484179514901,0.1516606298913478,0.139774513527408,0.1471644912920365,0.1492557249939506,0.1288892415500738,0.1785920175821447,0.1636057321089444,0.1562000616320199,0.1788738093706008,0.1656677492012509,0.1525940634903968,33.18244669142008,0.3883423544319087,0.8220533420961614,0.6141169354948801,1.173253349954957,0.4533725103384224,0.753767319244443,0.6734182488498299,0.1809595212137414,0.1097960751007876,0.1910522648269833,0.0550370504320864,0.5560743135723641,0.4907382949276407,0.4308336022915577
W0043,2,0.5631174642528245,0.5482216488428613,0.4083470624656971,0.45158573709726,0.5683812380163976,0.5759155768929687,0.5416905213203603,0.483457200350586,0.5739041991577274,0.3693585653538887,0.2533740910205496,0.0,0.2154579170396988,0.2881170200393749,0.2893824845027213,0.1589085537682915,0.4009614254560102,0.29985667985573,0.2839171852360094,0.2308428654003509,0.3442714657747895,0.3831528785079878,0.2709165783434415,0.1888201478930541,0.2300080052000268,0.3387575292857122,0.2931540138778268,0.2992564129709568,0.2745708570180205,0.2640425844461248,13.511388870127131,0.9100783038275814,1.2871689725105038,0.9425930128331256,1.864263332586216,0.5837896765300743,1.364280399893946,1.3390958559875394,0.7562083427631219,0.3266416423239694,0.456582753753496,0.1923692962101124,1.722825149450282,1.214786837894285,1.5989626996402002
W0043,3,1.0457752035117889,1.1373332989913028,0.6566008399764206,0.7648057959202766,0.9907187435298384,0.7646098561536734,1.1420276181260325,1.0227433857102504,1.102035146396565,0.6337800218420374,0.3645370793492702,0.0,0.1890367387269741,0.3273080717161706,0.3723358543953174,0.1511207907694073,0.4441198148016742,0.4282768924173982,0.2657933007234496,0.3168717108293191,0.4079398066378254,0.6365974742963655,0.3410526641145283,0.2409058034169197,0.3984645993622339,0.6670555943500373,0.3394340037000057,0.4086929685831844,0.3207044714433067,0.3690678265088239,0.1419941369445907,0.2461630783254541,0.4760402948320795,0.3678718696572686,0.6157459282194264,0.2827514600642419,0.7397546292229853,0.6795221649101836,0.6653515790856521,0.620032301026148,0.33669820426377,0.3828830626482458,3.412430396650818,2.257953280072858,3.2018152481272804
W0043,4,0.606655821977287,1.0719478759837864,0.4472573625468175,0.6905973380997443,0.7689774519181327,0.7483268427928937,0.8102988662384422,0.8347356833027956,0.8548188457443483,0.4007378356791201,0.3258984932629474,0.0,0.1851959058714142,0.4052223395655672,0.2531329585094474,0.0952909391535702,0.4106602147729287,0.2536739173598517,0.2216788513924946,0.2050683057379809,0.2676394032839904,0.466790089283454,0.2124848555379091,0.1392033957268734,0.2917288340956346,0.4852073728741026,0.2529201681597758,0.3239579494725506,0.2119841164171734,0.2385486957476043,0.0300288068365159,0.1358886966255822,0.0693026495717466,0.0148379733293143,0.1442170900698232,0.0681781196486001,0.1930506408228551,0.1293257296221679,0.3872746255352858,0.3289603233394114,0.2235577854711213,0.3117167261996874,3.492767704994179,1.9652703651032173,3.0127988424164887
W0043,5,0.4184597269362221,0.6438356477618674,0.2813830882485387,0.5970632690835815,0.6433238605851893,0.4322947548200478,0.500768986648885,0.5325153748352598,0.5972715367028232,0.2559612977762248,0.2615006607667903,0.0,0.1525112928938343,0.2761007748322989,0.1789577889299877,0.0679042551896324,0.2842889537182042,0.1715932188146971,0.1261422696238455,0.1576836295385067,0.2193403681888856,0.3435293353817412,0.1586067467352059,0.1064306426224428,0.1700274383099186,0.373119271953614,0.1522629893157739,0.219482964375173,0.1120601748072797,0.1603543793252656,0.0771462334738979,0.0084787745162226,0.0991497638816214,-0.0516128809980178,0.0170608728391046,-0.0103933174482076,-0.0252007201738459,0.113733736527414,0.207207055855147,0.199517116165492,0.0904511402254762,0.1419960462947766,2.846279628520754,1.85265110043066,2.5602319243802376
W0043,6,0.2574678084852663,0.5144588742040914,0.217610522624516,0.463026535511293,0.3848550353793525,0.2461977908917365,0.3980977868283283,0.3501766182748799,0.3230049504110568,0.1332605431342158,0.2043427426072392,0.0,0.0916678424188914,0.1307526670864683,0.1425945482802703,0.0400031163378027,0.1632747691688524,0.1314389395103405,0.0690428791244861,0.0854599404662088,0.1348091683743841,0.1536611499719296,0.0882748580242977,0.0628723152920014,0.1002706155004718,0.3865654672292399,0.1070858169529161,0.1444461921454162,0.0970280008396843,0.1016368280270019,-0.0204578686768309,-0.0247436858231581,0.0518270477483065,0.0763690568738372,0.0762638777101424,0.049971979642282,0.0143373292155322,0.0794784240909054,0.2120853166889094,0.1027257953507808,0.1216340071782773,0.0368346456803204,2.957233069011389,1.4853507046021817,2.7627450021613265
W0044,0,0.1034482758620689,0.1034482758620689,0.1034482758620689,0.1034482758620689,0.1034482758620689,0.1034482758620689,0.1034482758620689,0.1034482758620689,0.1034482758620689,0.1034482758620689,0.1034482758620689,0.1034482758620689,0.0,0.1034482758620689,0.1034482758620689,0.1034482758620689,0.1034482758620689,0.1034482758620689,0.1034482758620689,0.1034482758620689,0.1034482758620689,0.1034482758620689,0.1034482758620689,0.1034482758620689,0.1034482758620689,0.1034482758620689,0.1034482758620689,0.1034482758620689,0.1034482758620689,0.1034482758620689,40.0,0.0,0.0,0.0,0.0,0.0,0.0,0.0,0.0,0.0,0.0,0.0,0.0,0.0,0.0
W0044,1,0.2078236228502817,0.1873789950189127,0.1720951198116769,0.1660793130895862,0.1791582103030605,0.180522276046515,0.2055263326656585,0.137076682333035,0.1740685006009265,0.183906225655174,0.1481450452453864,0.1763704507573144,0.0,0.1375967386003936,0.1747692313282153,0.1623388755570461,0.1267273613221098,0.1610453597205442,0.1538150571718678,0.1387197836425523,0.1935875976620602,0.1640076328574244,0.1718920911448453,0.1428139953287231,0.156107195378243,0.1468361934519954,0.1751484381096292,0.1778113008719725,0.1696638487554645,0.1478680243784898,32.82080030785071,0.5335425769769161,0.8507599697398733,0.5372698480300047,0.8312479571715464,0.3770028361800081,0.7056010989866912,0.6987980405210344,0.1827453614312577,0.1658159010991553,0.2190843766998259,0.1186719754255332,0.4644630327427997,0.3905714215185252,0.4597819566172809
W0044,2,0.6098454561927424,0.665039624661952,0.4597316081603237,0.4104382781370146,0.4653194296390358,0.5267007629815326,0.5436294578491317,0.4848668296184334,0.5405433385494495,0.3211461369485039,0.2665086255042742,0.2294338036759181,0.0,0.2717827133187738,0.290421565024147,0.1322811106846111,0.345027897120494,0.3389056563202607,0.263896184408976,0.2242467459033914,0.3200754900039417,0.4583646795508259,0.2821850606154643,0.1831984069894239,0.300352970809649,0.2737212530682538,0.2754309351763601,0.3086650779614286,0.3131346857092933,0.2529385405720654,13.682637947225432,0.8097032790203623,1.3836942237795418,0.9576347034042928,1.776674916681399,0.7302580098513546,1.4511707124702349,1.5244409059648985,0.6135839529316699,0.5488739669046858,0.42169912852608,0.3474950842816291,1.4868106864066457,1.150704841960241,1.7236822412103605
W0044,3,0.9861508099667906,1.1097213514043274,0.6572777623049774,0.789386964413041,1.1501897592381622,0.8962921531855712,1.068652089370491,1.0445655076280018,1.1796472936143367,0.5585061530115001,0.404136410158417,0.2629147346390212,0.0,0.4048921791136861,0.2797592914364886,0.156040268969135,0.4841760723998612,0.4548427261044582,0.3404597228741047,0.2580086275158368,0.3830511042583907,0.5823185293787542,0.3448568376270853,0.2093136273402351,0.3747369430106945,0.5898098186140294,0.4329380454865777,0.379523904293062,0.3811766300723634,0.3333677892609322,0.0294689113262518,0.3343471277949787,0.5037779160611358,0.3036043525113852,0.7039743870378964,0.3731658965313231,0.7917378096099393,0.737200277095269,0.5749413823594063,0.6912943698511955,0.3872824368379272,0.3904199651370617,3.1244851374958547,2.134420860246921,2.696490794023127
W0044,4,0.7779411385170788,0.9541827415962756,0.5116673589282438,0.6973117511233377,0.7895849925111689,0.6596196583084268,0.6330525579765789,0.7653191893218361,0.9987849712366575,0.4578805198394524,0.3439003189063309,0.1694920091668967,0.0,0.2918879824318204,0.2400195120559386,0.1192666349941876,0.3410592620733138,0.28344565026316,0.2254750111131232,0.1823348538163311,0.3306279161156911,0.4440452805027018,0.2307024836291936,0.1405087589779786,0.2813162337044723,0.5418027481985653,0.2747995395883434,0.3061507371638723,0.2080178147106752,0.2427944037188997,0.0223879627019045,0.0573075564449888,0.0490794623712688,0.0160257362599619,0.1229814006861595,0.0359372984789531,0.1745272036465655,0.1884097912577887,0.3226695102156577,0.3673642292861518,0.1987032592341658,0.243141861318683,2.9469550367141277,2.343932755264518,3.4983246810573387
W0044,5,0.4404903812267719,0.649893390702777,0.3194905695923633,0.6104581424987645,0.6015243418009939,0.4623323027761645,0.5503718616835602,0.5192678670882298,0.5356599071859097,0.2495506688706357,0.3134412218491099,0.1128650438952276,0.0,0.2348045771357802,0.1653026661505842,0.0621211421640434,0.2572801340542348,0.2151825442731785,0.1597834010598634,0.1433780028426134,0.1790805602424129,0.306404339529261,0.126186434471369,0.1025097153761566,0.1712415091855617,0.4928692368385682,0.1113686272789565,0.1945491261914625,0.1379864140291725,0.1591757884233455,0.0685203728674928,-0.0365108073257538,0.0756051578058674,-0.0188803365174184,0.0991921231267482,0.0630129791019916,0.1310804510785352,0.0920063328148468,0.2898096546349933,0.1615926608558691,0.070892904656774,0.0731200800249774,2.589420593030177,2.046873810016129,3.1667619948040526
W0044,6,0.2667368580433915,0.4603719261288116,0.1912683639531311,0.5150016910384306,0.3979714714442187,0.2577351822342288,0.3337340904993519,0.3036416767699158,0.3772611378876711,0.1697231218450576,0.1450654467323265,0.0821288468376088,0.0,0.1341310877830542,0.0972652974738814,0.0440775791872985,0.1565566942974831,0.1273356830139479,0.0934704723288764,0.083576430672126,0.1226573707135095,0.1548274947954334,0.1001996665464091,0.0597428961416563,0.1021626943782573,0.3179400695956716,0.1145576434627013,0.1544183525133333,0.0866318837720858,0.098669346408199,-0.0309622262851883,0.0740717561939078,0.0064559792717409,-0.0287742167918225,0.0866854431006249,-0.0023826189631732,-0.0111759644143388,0.0055943463171046,0.1671838301422812,0.1233919963155068,0.1371357922535409,0.1443102442842623,2.9987887228164194,2.310857388993945,2.977906988174067
W0045,0,0.1034482758620689,0.1034482758620689,0.1034482758620689,0.1034482758620689,0.1034482758620689,0.1034482758620689,0.1034482758620689,0.1034482758620689,0.1034482758620689,0.1034482758620689,0.1034482758620689,0.1034482758620689,0.1034482758620689,0.0,0.1034482758620689,0.1034482758620689,0.1034482758620689,0.1034482758620689,0.1034482758620689,0.1034482758620689,0.1034482758620689,0.1034482758620689,0.1034482758620689,0.1034482758620689,0.1034482758620689,0.1034482758620689,0.1034482758620689,0.1034482758620689,0.1034482758620689,0.1034482758620689,40.0,0.0,0.0,0.0,0.0,0.0,0.0,0.0,0.0,0.0,0.0,0.0,0.0,0.0,0.0
W0045,1,0.170947254324761,0.2304759307596933,0.1764682079960866,0.1870920227555438,0.1477160167195789,0.1490762745879118,0.1703793072354687,0.1737420972019868,0.219321901863969,0.1534712077704659,0.1636335573264738,0.1202108389406251,0.1472913689209309,0.0,0.1549855921199241,0.146703836856008,0.1522299378486463,0.1693203320931152,0.1755777223671509,0.1274953036377852,0.1408684407968627,0.1798882933162143,0.1367705014344215,0.1327645417643875,0.1655777070066903,0.1977615081170458,0.1434785682791567,0.1367835537243411,0.1484676324031632,0.1628869795361799,33.42227222934197,0.6197366642237823,0.7282076219692203,0.743658025554861,0.8573102894458111,0.4148812163184253,0.7866033267184669,0.6215423921233718,0.1383675260177151,0.2420659868959925,0.1461403888224561,0.0570338465082276,0.4214671717039752,0.4496814416247172,0.3390334506462309
W0045,2,0.5332826981050363,0.6281849452129643,0.4706681985840311,0.407399771388081,0.5016974237480385,0.4826433759025998,0.4808927110621306,0.4634181768786969,0.5147859011530641,0.3302910046066115,0.2875709529423055,0.2285232618452573,0.1926193022458932,0.0,0.2736867894587821,0.161088455722223,0.286459837983089,0.3387479337097409,0.2789550440528746,0.2741078051024566,0.3232123518258268,0.3830678697833111,0.2886261076233258,0.2004894307484872,0.302227956748107,0.3193984469145955,0.2895827585279075,0.3544964935818221,0.2940832248492747,0.2900005689137187,11.248495164906227,0.8339675873519491,1.3928115187287826,0.9118842320575296,1.7710607507370273,0.5871646933041782,1.8143566282911183,1.3270391047647467,0.7128024315749943,0.6030608529762571,0.4254374168403687,0.2167129514568899,1.76598891620047,1.3573512260017353,1.5970220800110455
W0045,3,0.9092150013584996,1.490051801286842,0.5931541976864396,0.6710639961661492,1.0206244267040268,0.7825848917573932,1.2208066282050258,0.9391672354935222,1.1394059773099228,0.5699748157529989,0.3942201779141544,0.2182560743312174,0.2586718906726258,0.0,0.3364407408288845,0.1991533842429941,0.4995840765190815,0.4901838874711226,0.3214213625642331,0.3464515754120533,0.4138179534372689,0.6649465647109947,0.3428403550492263,0.2348489878022777,0.3234212683955512,0.5255877566270488,0.3684272348674957,0.4486392391652966,0.3191971964478913,0.3253204702354059,0.0066352753982214,0.19157619568372,0.407602951598251,0.3202028045011539,0.8061313582465501,0.2219741423384652,0.807135447863181,0.5620385140560143,0.7115252285020757,0.5006934056923893,0.4609102127944119,0.3974484255270954,3.105475926427728,2.315994781477133,3.079434473169588
W0045,4,0.6207219025542335,1.272676007279667,0.4698459003635417,0.7766171230258331,0.9355328443409636,0.8898282913524821,0.9868640068355587,0.8670198384853749,0.920066235926862,0.4980856088868617,0.3622211614519732,0.1969582826629737,0.2054399805888603,0.0,0.2886912044522695,0.1036908144197617,0.4570595307117205,0.2596245976955491,0.2008017928597614,0.2486967953135683,0.3386855829188955,0.3957622558653282,0.2272334891777379,0.1218284694732666,0.2572717484408706,0.6513615693488815,0.256812622247409,0.3085575551061445,0.273982396932659,0.2645213170644466,-0.0657520424034829,0.0070246934542524,0.1054171013458263,0.0577388004201204,0.0936919608863276,-0.0181511273787975,0.1719121479067886,0.1059304131108777,0.4372700244671211,0.3405813538004054,0.2062175672784279,0.168443058700171,3.051283554353424,2.0339528759320284,3.57791402847777
W0045,5,0.3678432990097582,0.8321804852554526,0.3573390565632175,0.719243542173913,0.4887744627118134,0.5237031400760146,0.543136465913864,0.50105181179637,0.5606217294797008,0.2155320061560849,0.257794570641386,0.1100350201801199,0.169714709499225,0.0,0.2159714669673869,0.0779763252066773,0.2957607259214286,0.2023980069577116,0.1388469880305983,0.1484565953107753,0.2155867272217662,0.3171839245103837,0.1498765648758223,0.097068214804193,0.2017698924277517,0.4391726603322166,0.1967708751407946,0.1927649367874558,0.1824033055471484,0.1610860859073961,-0.0186435895125347,0.0319463487852389,0.0525060186275897,-0.0005237064846455,0.0169543185824164,-0.0161161845284846,0.0800629275132235,-0.0397066415902987,0.2857276925639,0.2317292968377394,0.0438260400925766,0.1055815465403546,2.952544254965792,1.6559687481399588,2.775601401982319
W0045,6,0.3021394963894255,0.529970905933857,0.1889660294678509,0.3963061964788496,0.5455195253959928,0.2971106426475772,0.3628617857937448,0.3330695437515713,0.3172790395580144,0.1762054414465664,0.2202343931530148,0.0792829414967623,0.0872606604688764,0.0,0.1186699763912792,0.0436379422206439,0.1962976916675881,0.174250986651054,0.1099150287035447,0.0954589968886934,0.1061115546306913,0.207381338860399,0.0957618998876508,0.0681637051191874,0.0940823889034864,0.4269593297241786,0.0945367540144774,0.1381675014062292,0.0796916093771559,0.1157906972789127,0.0491843854178793,0.0524325339372785,0.0216891615915429,-0.0340561654191953,0.1098200929460716,0.0570057728992354,0.0337977225589897,0.0061375738374423,0.1244245886324443,0.0845156434533672,0.1249057428514678,0.0604529621487055,2.680093931624991,1.784407053211181,2.566601321160608
W0046,0,0.1034482758620689,0.1034482758620689,0.1034482758620689,0.1034482758620689,0.1034482758620689,0.1034482758620689,0.1034482758620689,0.1034482758620689,0.1034482758620689,0.1034482758620689,0.1034482758620689,0.1034482758620689,0.1034482758620689,0.1034482758620689,0.0,0.1034482758620689,0.1034482758620689,0.1034482758620689,0.1034482758620689,0.1034482758620689,0.1034482758620689,0.1034482758620689,0.1034482758620689,0.1034482758620689,0.1034482758620689,0.1034482758620689,0.1034482758620689,0.1034482758620689,0.1034482758620689,0.1034482758620689,40.0,0.0,0.0,0.0,0.0,0.0,0.0,0.0,0.0,0.0,0.0,0.0,0.0,0.0,0.0
W0046,1,0.1716306804563181,0.1887211042046713,0.195235333443147,0.1666664090307928,0.2029960582713156,0.1853701055023656,0.2010236387626802,0.1746461240279598,0.1937842693027817,0.1616910169739333,0.1576693335360759,0.1283169590859007,0.1257777980268954,0.1641570952330507,0.0,0.1482125614927024,0.1482269291895194,0.1578226780284169,0.1584703136130822,0.1390420520491152,0.1854297530974065,0.1692091724810167,0.1646409855644009,0.1394523835507352,0.1585826824926909,0.198641345658019,0.1660701272840085,0.1842975572490443,0.1515374877768145,0.1351352210680426,28.018358027803828,0.4323792773847816,0.8704417061178553,0.6516348189527749,1.0322503281194788,0.4529045477584455,0.6062381317027679,0.5755995977645461,0.2446500383576113,0.1782982307324652,0.159224695147144,0.1127333799185252,0.4392818275863093,0.3778923048147116,0.2979884909489086
W0046,2,0.4892731314679024,0.557994287864999,0.475334555818946,0.3773380465258439,0.4329035371841671,0.4415386312156653,0.5414780057132137,0.4448623898014873,0.5912721661104198,0.3289492351247868,0.2373554363108144,0.2419944671767133,0.1998303822604714,0.3216446791018142,0.0,0.1610956796311824,0.3233926346526594,0.3475348334603143,0.2946979244546132,0.2166907014427651,0.3050498361025752,0.4140329563259153,0.2457225884914992,0.1995723726577488,0.3216814605911213,0.3458148355488139,0.2988847734391883,0.3741305137329855,0.3046824089397211,0.2962778539483583,8.79675119393941,0.995346220267556,1.5816597765258291,0.976443975572581,1.849963745302124,0.7786395219865124,1.6398683878774571,1.3792794837595692,0.5710748449447038,0.3961232330933453,0.4667310759635421,0.274748179407242,1.21336290438738,1.1528919644421245,1.4063907771995308
W0046,3,0.9763670044413696,1.1971777985995946,0.8063425792755008,0.8025982466159257,1.1343379394234163,0.9042275211690448,1.092148319408,0.8062959198156606,0.9438924626836032,0.4894526676132208,0.2870218292077858,0.2018075844147026,0.2217363245644883,0.4175646698623784,0.0,0.1880268376113136,0.578556642185554,0.4859512615040467,0.3049886071511857,0.2621725141152041,0.4724660148140794,0.6833683255166777,0.3229308526323874,0.2285617295950791,0.4091249283273885,0.6137143695473805,0.3394396992533199,0.4853932364139393,0.3018040231884548,0.3084181569571151,0.0308068145631716,0.2504970574202707,0.4361640609178537,0.2895638024931884,0.681078579608462,0.3698515873511323,0.8892936330025457,0.820953896965204,0.6295788513934135,0.6476253599425885,0.4274853680857587,0.4081100502439088,3.1035104921046246,2.3634096573925247,2.834192052442605
W0046,4,0.6566461394876427,1.1484457507735732,0.4812961270875514,0.7884824356371206,0.8647421854028976,0.7485601363605052,0.7553576718232847,0.6821288169045622,0.8370683459826198,0.3496813922950648,0.3102846942980986,0.1646936989830922,0.2009275115719915,0.3924670835549897,0.0,0.1106352150036479,0.4321568313039584,0.2593562103955263,0.1730270409193327,0.2018045554850156,0.364845371140614,0.4500459765684236,0.2210569732429587,0.1625630276454275,0.2280128653038352,0.4845414170128893,0.2613179315059799,0.3554847519871726,0.2311250225016257,0.2277018832150431,0.0640195425919839,0.0157682933581482,0.1015081174457837,0.1139299670197264,0.1799573897663873,0.1151939765589297,0.2424741305034576,0.1251290331466998,0.3144114074883354,0.278840261530852,0.2497932677108034,0.3174228461017384,3.524473884965444,2.4652601909600977,3.630690224269229
W0046,5,0.47556277880847,0.8276601181513635,0.3172654246897815,0.6142001851611355,0.5920816692737645,0.4788497781732068,0.4724148979046738,0.5126371436844546,0.6212126308721634,0.2970782554331478,0.3040344073776013,0.1037418382892816,0.1455146750733697,0.2559060787222064,0.0,0.0693507771044683,0.3290698999410698,0.2288175493906913,0.1414427327729902,0.1491725187896526,0.1980832568401098,0.356136892418146,0.1260164269312221,0.0973865410298844,0.171504402534988,0.5044286575013323,0.1743114928510073,0.1972067049192277,0.1336541959750076,0.1388702586101792,-0.0235708455179883,0.0157541178726981,-0.0414759188096097,0.0248193331454711,-0.0071751421487173,-0.0355891268324454,0.0832679374231974,0.0892197190191114,0.25290038865046,0.1772333247209557,0.0543430912623092,0.1933090217658824,3.0570100395949478,1.8228591911813223,3.667040832770915
W0046,6,0.2717183714922527,0.5034734903784218,0.1825836355177363,0.4693975027431454,0.4090531716087359,0.2981686924945296,0.3112715807860899,0.3685580138348917,0.3830926857292339,0.1822263596764488,0.1682327758018286,0.0670951092601126,0.1175078595187957,0.1440715151835614,0.0,0.0392888069902313,0.1714792820586985,0.11028859351529,0.0926841662607723,0.1037851544547056,0.1337763357438061,0.1962539183250829,0.0936225189977311,0.0609050152038791,0.1256866181397636,0.3628293757423581,0.1158905214178384,0.1271653659422574,0.0877967713431357,0.1076523828591189,-0.0667281131867444,0.0409169041299959,0.019222247895554,0.0189527548612815,-0.0045742731703613,-0.0101641927401066,0.012417059935929,0.1530135636974352,0.2034203775537479,0.0610674463004839,0.0143713693326831,0.0940217834819866,3.0945874000331166,1.7205875008323048,3.417236717272178
W0047,0,0.1034482758620689,0.1034482758620689,0.1034482758620689,0.1034482758620689,0.1034482758620689,0.1034482758620689,0.1034482758620689,0.1034482758620689,0.1034482758620689,0.1034482758620689,0.1034482758620689,0.1034482758620689,0.1034482758620689,0.1034482758620689,0.1034482758620689,0.0,0.1034482758620689,0.1034482758620689,0.1034482758620689,0.1034482758620689,0.1034482758620689,0.1034482758620689,0.1034482758620689,0.1034482758620689,0.1034482758620689,0.1034482758620689,0.1034482758620689,0.1034482758620689,0.1034482758620689,0.1034482758620689,40.0,0.0,0.0,0.0,0.0,0.0,0.0,0.0,0.0,0.0,0.0,0.0,0.0,0.0,0.0
W0047,1,0.2014734700146182,0.2126734976075636,0.1770509009105561,0.1685857827196604,0.1931858444137204,0.2154173054593104,0.1720493089095569,0.1822729781987602,0.1960880737797738,0.1443839962074281,0.1437185246451691,0.1453407814091151,0.1255847606765591,0.1538700259591705,0.1886061804614886,0.0,0.1951401304338252,0.1789845727824603,0.1586187583164803,0.1416986618343579,0.1987292771362973,0.1658370391243022,0.1317638442488454,0.1407330680570612,0.1536087474069689,0.1688113478255298,0.1660657205581988,0.1779483222841158,0.1553153872347326,0.1550373724763342,28.639976902329558,0.4561767154936897,0.5786106189944389,0.5938375545428682,0.9930155212822396,0.2599803604819385,0.620036081976907,0.6552853762095188,0.1017736751238477,0.1789631126721343,0.156461679376113,0.0717002260928474,0.363301046404828,0.3572100672451658,0.5794119943606335
W0047,2,0.4649036261879343,0.6971946000686234,0.4052964112630568,0.4969908928719928,0.507130840932475,0.5106622933227516,0.6251556605183515,0.5326313736858452,0.5823714818908536,0.3707939804777449,0.2517298757508748,0.2059577648616568,0.1927368999894982,0.2988097579289548,0.2681681412403073,0.0,0.3086814878185012,0.3669376581872516,0.2565587909795661,0.2243426307996928,0.2671505531067574,0.3825642021295978,0.2790822710648266,0.2207539808616464,0.3275788068644964,0.2913290381122931,0.286110738947807,0.2892547492981536,0.2900713737031511,0.261782458290497,12.699795577136678,0.8672857576663557,1.6857420482198733,1.1753246046526378,1.7920179792226425,0.547360561364139,1.4551135440401706,1.2117258569438767,0.4562186992152615,0.5426825695950696,0.2549312758856581,0.2047945027878308,1.5025076602483365,1.334491493004666,1.563839880240693
W0047,3,1.0259033824645132,1.0285711918986056,0.8033695253396654,0.8429997912191143,1.1068197950928964,0.9437195930717356,1.2073848402414251,1.227521579535471,0.950133036347038,0.6470461691372484,0.3278197413555543,0.2431652870577169,0.2662814300399668,0.3398345772062685,0.3316838998191078,0.0,0.4132874369165323,0.3857710425640238,0.2881722597506506,0.3076219138023965,0.4594803914585281,0.5916826159987166,0.3261342950342987,0.2361736559546572,0.360362017969847,0.5512482369545562,0.3481516846603137,0.3517214260865998,0.2981309223459198,0.4486241578510162,0.0842425335191465,0.1847359175096769,0.4921271107403878,0.3857231973582561,0.8408741086692625,0.1685834726107376,0.7047319329180866,0.8350634723878292,0.5835232760836299,0.60881947691645,0.4127475313604301,0.4557902652765107,2.88633446278852,2.2970895465766583,3.38122959963684
W0047,4,0.8084018280916406,0.8994073078921037,0.4814699849271373,0.6735120187020642,0.8666052042891103,0.7630916826552168,0.9221019806623384,0.7025118037854983,0.8434180948432284,0.4432092313491681,0.3071777029789496,0.1754722122889332,0.214340457350376,0.3043301109046304,0.2481697365361322,0.0,0.3585650592833301,0.2891678620805697,0.2636225372448426,0.2132825741708324,0.3007968131798002,0.4213645405815946,0.2353957835724945,0.1510333347088116,0.2731534380820621,0.5128576410653678,0.2274621042545514,0.3758190229459647,0.2300967668367961,0.281623561771022,0.0089619143206867,0.0300809832458438,0.0301321598981705,0.0549182510049069,0.15709170725234,0.0107801975760848,0.1135126638748791,0.148123127393875,0.4284412576979524,0.3698409389289375,0.1564406095589315,0.1887953917016996,3.2780404999807184,1.643815921160006,3.674796185046719
W0047,5,0.4072219226025402,0.7661536950670991,0.3149859740920949,0.5695697618465074,0.6784426781938635,0.4886785796183227,0.5467046070033713,0.5082820012708196,0.6322890557952859,0.2914117409736469,0.2454631463745689,0.098010943601789,0.1353302972085606,0.2060713449842358,0.1622029027925646,0.0,0.2913264031393301,0.1992333085380757,0.1369140248278179,0.1278014276751905,0.202042372924937,0.3202484156589193,0.1353439394739076,0.0992897838039109,0.1821142888957184,0.420842307982559,0.1896209339878629,0.2481511768839728,0.15032879027313,0.1733428343448369,0.0352190248422731,0.016866672518005,0.0574376100292193,-0.0485012365422202,0.1118589224159283,0.0474293081091682,0.0232748018972235,0.0135724066827314,0.1411110332347782,0.121949952808395,0.0824962598357331,0.1256376546309207,2.772299778317539,2.1252704821512545,3.035770051673768
W0047,6,0.2806194264784138,0.5598543264306871,0.2056899224388571,0.4620839724960374,0.4178146496275994,0.2478630240223964,0.2861225496673286,0.3803421048439164,0.352958348314762,0.1755223910151001,0.1576573795611698,0.0612088525234693,0.1080373926300712,0.1719370295220589,0.1193133442841522,0.0,0.1381632177151867,0.1105065033399081,0.0940018700725449,0.0893320066255831,0.1286433175792143,0.1867019664535587,0.0817567270785398,0.056396407320191,0.0633823430116445,0.3153874092033608,0.1104112403079422,0.1282399280994438,0.1103773967574686,0.1055326177284937,-0.0131188486425735,0.004478839316324,-0.0022609748764997,0.0009992477037641,0.0372042001714773,0.0422406200543183,0.0845507213562568,0.080024600726188,0.1406021474168059,0.1578330747538723,0.0046959702248637,0.1184789846113558,2.863424087691976,1.6520224344950736,3.253417147256563
W0048,0,0.1034482758620689,0.1034482758620689,0.1034482758620689,0.1034482758620689,0.1034482758620689,0.1034482758620689,0.1034482758620689,0.1034482758620689,0.1034482758620689,0.1034482758620689,0.1034482758620689,0.1034482758620689,0.1034482758620689,0.1034482758620689,0.1034482758620689,0.1034482758620689,0.0,0.1034482758620689,0.1034482758620689,0.1034482758620689,0.1034482758620689,0.1034482758620689,0.1034482758620689,0.1034482758620689,0.1034482758620689,0.1034482758620689,0.1034482758620689,0.1034482758620689,0.1034482758620689,0.1034482758620689,40.0,0.0,0.0,0.0,0.0,0.0,0.0,0.0,0.0,0.0,0.0,0.0,0.0,0.0,0.0
W0048,1,0.1791541746782868,0.2202145936833284,0.1500158160722647,0.1792314954104728,0.1775014100252855,0.1822333867887096,0.1969319701457836,0.2004101490698356,0.1775291301939086,0.1631186171926785,0.1214080897923514,0.1431360119473169,0.1416089890700974,0.1608830346317496,0.1331232203914462,0.136435293086535,0.0,0.1808490862609458,0.1429917145403114,0.153834241438598,0.1650943018130448,0.1896496225199407,0.1287357937555215,0.1378930292748391,0.1535704245507678,0.1521535332566435,0.1636132870746392,0.1461222028605073,0.1552696897301458,0.1527803854988036,28.266360212401665,0.4677635723801038,0.8880194396751886,0.6929716611465492,1.0689150339646372,0.3527725905743019,0.5842873089563495,0.5665772672891809,0.1977120366712061,0.1211171252644925,0.2029689725277106,0.0628805689083148,0.4793115676726007,0.4276919899661022,0.4799769050920578
W0048,2,0.5014818431864569,0.5851311362962761,0.3974591871006212,0.3805383747276163,0.4262415594203556,0.408081290239775,0.5244883575877811,0.5053489207839177,0.4768721488031547,0.339186126658105,0.2787550021564607,0.2183398066058056,0.2021966608459068,0.3131553650304383,0.2350303414625666,0.2018222775683394,0.0,0.2877623920837068,0.269403142264018,0.263376908653126,0.3065631523819786,0.4232118576637225,0.2799977662676943,0.2272713352820677,0.2944803170264701,0.3052217366604263,0.281872253602475,0.301439862537768,0.3150640189881108,0.318773681734202,12.222415678153023,0.7988581379271511,1.598324026377515,1.0065283258108204,2.0145710784957727,0.7189803087536323,1.578786797418061,1.397722661013491,0.6255680671625043,0.396531297699475,0.4108606522548084,0.30120255827248,1.5672371971146355,1.2747574324708046,1.392242636769925
W0048,3,1.0078992058377485,1.286217060833277,0.6374676125412377,0.6185595372607138,0.947689254023804,1.0103554021940926,1.2500273021866433,1.0978885722818068,0.9477879910608188,0.6062418850501575,0.3337988015472939,0.2059751371652401,0.198108327882325,0.410560366209664,0.3421645896599721,0.1673149844383754,0.0,0.4377137550337474,0.3358774119137324,0.3256410879312791,0.4240296920088331,0.5590044710448041,0.2981453628851053,0.237906241045684,0.3716729692736332,0.5992980138710694,0.2982421040013508,0.3767526713145195,0.3232589167567418,0.3449492291182568,0.0640913317344445,0.2111476777538316,0.4939044769288866,0.3603926566645749,0.8146058592887204,0.3553415296494034,0.8210796380661487,0.5240576615331463,0.9154135458688946,0.4473281999329496,0.4293097048793509,0.4493991209235116,3.074646426011729,2.1873533232935327,3.3155062305918754
W0048,4,0.602562904518555,1.1886334660682611,0.5053017903839871,0.6458202530101935,0.9523427905925766,0.6382894666359733,0.8192337013135741,0.8107504284603119,0.8545962944202332,0.4731377703945886,0.2969589569982506,0.1843563218365873,0.1827541845282567,0.3112609985830722,0.2756288360619326,0.1036258276817692,0.0,0.3037004766478333,0.1859743979699036,0.2223287647928688,0.3173891064249461,0.4838114219500282,0.2411029178924908,0.1607571703635942,0.2810876051855636,0.5663212221874461,0.2885088742565677,0.3267838199273813,0.2053026855562712,0.2263261575925351,-0.0553565936661027,0.070574967017287,0.0843238923822862,0.0286447941994505,0.1202552823715672,0.0060721911964459,0.1801722102496994,0.1569839040725022,0.4824282942605529,0.2577668544812584,0.1713266963039527,0.284218369921448,2.872252599107713,2.271937415821881,3.139104994169772
W0048,5,0.5098089573279725,0.7774572279948873,0.3732269967849565,0.5239344654306781,0.6931118648733172,0.5327251961151764,0.5512980841218572,0.6083517368255027,0.5878525945356473,0.2378407397990997,0.2433257243163302,0.1225165085854991,0.1172949185042806,0.2221136616602898,0.2007088214375803,0.0707389467630281,0.0,0.1938278525769224,0.1404171858351562,0.1516843640526121,0.218853647684975,0.280176797500747,0.1606806059060437,0.1139160156676607,0.1714028294396744,0.4600328166805813,0.1967809116777704,0.2137821242609274,0.1676980976463992,0.189128083784559,-0.0715016060051802,0.0217643139828144,0.0891747214641822,0.0980409741227169,0.0856248019981517,-0.0493334613574806,0.1054248185243985,0.0185446877646625,0.2110855759345306,0.1511991765054269,0.1568416586621324,0.142484079665943,3.398523570373424,2.1728541186488406,3.032728257738542
W0048,6,0.2612329916292024,0.5145564577787457,0.2091632287873074,0.4516893248484958,0.4498225096013956,0.297396690050395,0.3537788760755106,0.398920815347454,0.3898717424079054,0.1899238516474317,0.2152151483080947,0.0633882343810959,0.1040103670037549,0.1569962377065354,0.1527408569002148,0.048591648761248,0.0,0.1452253458567712,0.0680921324611726,0.0699212998256646,0.1191047855915495,0.2026024455390807,0.0908350375359727,0.0574589606292026,0.1401792038058559,0.4305107177179514,0.1348291719271665,0.1467038751056994,0.1014744155090131,0.0871696332141594,0.0137391497546873,0.0098027584697947,-0.0194891045827541,0.0542725357353383,0.0715007953751264,0.0189042698970427,0.023130036350722,-0.0154177129699052,0.1801759021171423,0.1377968413123085,0.0438761890695036,0.1248969628534338,2.7140847843249145,1.8060774272147744,2.849680183327488
W0049,0,0.1034482758620689,0.1034482758620689,0.1034482758620689,0.1034482758620689,0.1034482758620689,0.1034482758620689,0.1034482758620689,0.1034482758620689,0.1034482758620689,0.1034482758620689,0.1034482758620689,0.1034482758620689,0.1034482758620689,0.1034482758620689,0.1034482758620689,0.1034482758620689,0.1034482758620689,0.0,0.1034482758620689,0.1034482758620689,0.1034482758620689,0.1034482758620689,0.1034482758620689,0.1034482758620689,0.1034482758620689,0.1034482758620689,0.1034482758620689,0.1034482758620689,0.1034482758620689,0.1034482758620689,40.0,0.0,0.0,0.0,0.0,0.0,0.0,0.0,0.0,0.0,0.0,0.0,0.0,0.0,0.0
W0049,1,0.203924097447265,0.194476687166883,0.1747929759919514,0.1888849015288241,0.1897710934274577,0.1805832599383928,0.2140365658200849,0.1893201417128164,0.1732971746130267,0.1602344745382283,0.1441263437758274,0.1505705147305843,0.1282601707838555,0.1842800072449363,0.1448927894635628,0.1504913451307868,0.1804631246680497,0.0,0.1234137562157265,0.1505092269250806,0.1852557313357282,0.1443452624517222,0.1351604656150182,0.1318041798858837,0.1898389573546209,0.1467608709571463,0.1377876609094949,0.149878488608779,0.1369074658960876,0.1554605291726694,28.474367283661067,0.453507091236198,0.5990791768594477,0.5296430343033662,0.8279454147873067,0.3562426174375029,0.5472430162023998,0.588889571320376,0.3179014822175491,0.2204223890709429,0.1826735800912135,0.0836506931991284,0.5555539598177825,0.3381041532258457,0.4948332890152404
W0049,2,0.5032746942599766,0.5693764164202394,0.3664546239743561,0.3566128341627904,0.5593884194832891,0.524718331375692,0.5458505261009234,0.4889346283458115,0.4945242618785242,0.4227768831417106,0.2650505468478249,0.2822925031774289,0.1953549007866681,0.3049243297923948,0.2760677035129373,0.1596611651371724,0.3472888326287894,0.0,0.2593817385602531,0.2514604965250778,0.3516660179146529,0.3909157652280822,0.2555077267756946,0.2054917507796842,0.2799513275064465,0.3485052729957115,0.2989563757052454,0.3222849624807698,0.2672482217274269,0.2990150488713812,12.584346622889743,0.9072429644168952,1.216308423465386,0.8299597840714263,1.540896645013026,0.4877209237898556,1.4795906544671054,1.560034893453802,0.546324814117177,0.5873369532341942,0.4240908852586373,0.3311841528337462,1.5257141892013846,1.349748510231635,1.6100358049986505
W0049,3,1.1092088212443834,1.2264447809606958,0.6676601467272454,0.6987868073135284,1.2480285118912904,0.9313459817726184,1.1161806595233834,1.021841569514633,1.1188743505551524,0.4897129142436582,0.3580414034339169,0.2105379334692765,0.2003605552995046,0.3610153548379043,0.3182372158112901,0.1555111332779327,0.4630765098574755,0.0,0.2687962652114132,0.2755629662075881,0.4626673822039681,0.764582270412778,0.3482833428984003,0.2250088099156268,0.3958725147378893,0.5646719087344836,0.3532747138252146,0.4478201231935139,0.3142326801721017,0.3237768387503251,0.0568242115112008,0.321166500952168,0.4934141665718139,0.4251867766176679,0.8720973219210664,0.4236408960343447,0.9431752277622348,0.7320276506315758,0.6586371107391438,0.5765291169452982,0.4021942727357619,0.4785163476362382,2.682909008913167,2.174863543905408,3.469869988261628
W0049,4,0.6632720155319473,1.0590945581573403,0.5217767743331163,0.7407016664683803,0.9375593843337392,0.7606621002248118,0.926831017074154,0.7935962057085552,0.7763351484179895,0.3559137051591167,0.3709170166610328,0.1623304832562902,0.1640824192411794,0.3771084293703065,0.283186636200823,0.1132076654510972,0.4058993273621805,0.0,0.2178216258649973,0.2337172712830675,0.3397418243216497,0.4276676698359437,0.2072840947518054,0.1681001211908812,0.2645556324441702,0.5618660474408845,0.2981378719328736,0.2856564132865111,0.2005137824650174,0.2355772324786668,0.0011536797531839,0.0377988179777403,0.1201353409080004,0.1047885206223065,0.2255655914364578,0.105895480099074,0.0487826907889614,0.2146977338685592,0.3844639562094077,0.3486375377807883,0.2385185073387437,0.2455682865520425,3.2520962474189044,2.007647437358747,3.6864987200058312
W0049,5,0.4412912968414252,0.7620240382013211,0.2916603741203424,0.5100117961024112,0.6585682184735864,0.3892952303779389,0.4480616019894514,0.5751211998792587,0.5058868658947233,0.2529955123942113,0.2770917105148424,0.0834094991340734,0.1533868004116111,0.2235555665941137,0.2051517150304072,0.0805884821497448,0.2610986630396708,0.0,0.1369984645506633,0.1253473047511024,0.1997642057566636,0.302623058029936,0.1656467204934328,0.1123041221897031,0.1619447040677602,0.5351044460195926,0.1750429909068891,0.2220246792470817,0.1643088199764432,0.1777941248303521,-0.0188392307334647,0.013948468608978,0.0488806372995695,0.0444662059773306,-0.0053965247510301,0.0905567865997667,0.009081940341765,0.0130809382506515,0.1946146712085382,0.1786851286171803,0.0391360074192249,0.0393109754916016,3.197965402610293,1.9412702199380083,3.7221022087490208
W0049,6,0.2057498560838334,0.4830650003767573,0.1700902213423082,0.4771254495724572,0.3950841961316836,0.3325178567619407,0.3623223387562077,0.3858463927895534,0.3133482129561176,0.1512340011199908,0.187429900025453,0.0882413081041075,0.0881747652054608,0.1486980731519158,0.1243802789201289,0.0457064782367354,0.214928608711064,0.0,0.0969587220228879,0.0846427105160858,0.1441461630178719,0.1991038458807736,0.0776004280314523,0.0396707237947523,0.1222468784511301,0.3668465041503525,0.0856726504322082,0.1298310448121606,0.0921786117880809,0.0958658726125317,-0.057770449091053,0.0748713943133241,0.0603327290505628,0.0102236571177924,-0.0125813691762272,0.028686839857597,0.0411276436861532,0.0647122767057659,0.1109266657580462,0.0361094211207774,0.0308229073071892,0.0904396352527012,3.1579680581883607,1.6278417974539368,2.4910683650814134
W0050,0,0.1034482758620689,0.1034482758620689,0.1034482758620689,0.1034482758620689,0.1034482758620689,0.1034482758620689,0.1034482758620689,0.1034482758620689,0.1034482758620689,0.1034482758620689,0.1034482758620689,0.1034482758620689,0.1034482758620689,0.1034482758620689,0.1034482758620689,0.1034482758620689,0.1034482758620689,0.1034482758620689,0.0,0.1034482758620689,0.1034482758620689,0.1034482758620689,0.1034482758620689,0.1034482758620689,0.1034482758620689,0.1034482758620689,0.1034482758620689,0.1034482758620689,0.1034482758620689,0.1034482758620689,40.0,0.0,0.0,0.0,0.0,0.0,0.0,0.0,0.0,0.0,0.0,0.0,0.0,0.0,0.0
W0050,1,0.1537623257558859,0.1639683408069269,0.1941966183675183,0.2041984043955292,0.2101165248004591,0.1858553723150308,0.1786427324922213,0.1809789669296,0.1751911910095954,0.1336043321774379,0.140667605206197,0.1471914458690768,0.1049195853810563,0.1824486935588769,0.1619736935321967,0.153072934511323,0.1675877286612934,0.167521458339979,0.0,0.1633572443691052,0.1716955519925199,0.1542442740422372,0.1379002744394205,0.1185257357321289,0.1632381742480239,0.1861526273683899,0.1778936094955815,0.1396232013445936,0.1572183659649271,0.1832606509467245,28.174509973791714,0.4825412904631707,0.7268597828018761,0.5366025517233082,1.0321844869434729,0.2601562205013527,0.5929554611781143,0.6776143896158364,0.2187145420482785,0.1464951187946738,0.2269161272762909,0.0482705993475206,0.4431724923908865,0.5042602390706833,0.5183665161521569
W0050,2,0.4915546003700309,0.6363419313370888,0.4132060959836358,0.4186246951707478,0.4948543238510456,0.5078048676887739,0.6215526995408432,0.3936024742092814,0.5658004717631222,0.3796080088932945,0.2914773792894495,0.2742769261019971,0.1910751347742947,0.3536358052417317,0.2809575215495508,0.166768789203049,0.2967141198729986,0.2954660741712766,0.0,0.2298406746648171,0.328174039719,0.3961120810860843,0.2353808136204862,0.2104368575169527,0.2918363999349406,0.293686733816638,0.2313913087058989,0.3353910382491016,0.2542862563452345,0.218910693885434,12.68463900221558,0.7898953725174896,1.339832467477076,0.9538290884095731,1.631345093547778,0.7471040777291305,1.5425420342926437,1.3936623973419506,0.4875554186576084,0.3816841313013591,0.4934834217979494,0.2545003813912241,1.2852435665874555,1.1029740901280385,1.1788647508910528
W0050,3,0.9922365418687488,1.3121851921421284,0.7017335739004409,0.7090660172617378,0.8534499797428231,0.9360244796310366,1.008335711546103,0.9088782995624608,0.987198430038932,0.6598880372831812,0.3466415969664653,0.2248743041190515,0.2162622044678512,0.4034259132801519,0.3264100657265719,0.1595561824972118,0.4587216583525423,0.4407745157691635,0.0,0.3295028597571566,0.4322423154378565,0.5169752042826599,0.3329315013582501,0.2146510350653865,0.3410979892075727,0.4784308562625873,0.3215369911465974,0.3530424200274993,0.3135488258893031,0.3694507620875423,0.1357474419469352,0.3176791552903486,0.488907350072473,0.3453066845897722,0.6963767375888327,0.3560936071637507,0.8261188071876026,0.7572757764108734,0.5218771399264657,0.6560740355128303,0.3574455472721321,0.4380006035763237,3.7023467766655447,2.104915359051211,2.992637550670361
W0050,4,0.6570813435722473,1.0651875902678234,0.5768030678366205,0.6510783571561333,0.818382302441502,0.6913314472822802,0.9397234990834452,0.6856537594586853,1.067262189103456,0.4070100645677313,0.3284884534738053,0.1489510537605081,0.2014921626102552,0.3518052688416176,0.2099230568881676,0.1185594050053729,0.4296519389326459,0.3264206419969452,0.0,0.2065216615439024,0.2584794983467167,0.4364868557717986,0.2251760848109193,0.1496798100008533,0.2874662420030909,0.5968199858457057,0.252560563881197,0.2810169996754784,0.2687698526848532,0.239606375698953,0.0700542362792766,0.137088572880289,0.100841388596347,0.0752421830268443,0.1508946650671543,0.0484892081154529,0.1526317778284648,0.0965584846749102,0.2826583946278327,0.3629661432174139,0.1551496613993658,0.1557399373567897,2.875235801597537,2.127875563880257,3.0512289487230944
W0050,5,0.4322251823406612,0.6657824334597133,0.3130071949318364,0.6460965367881918,0.6840740031172359,0.4625991686950285,0.6036696320136695,0.5314267268980724,0.527058546607507,0.3066221340016675,0.3085178679208413,0.1006529233814095,0.1422730659995695,0.1989938114032392,0.1894060188739617,0.0685683734933829,0.2999720490355915,0.1695207872476256,0.0,0.1458493941773116,0.1483536231770493,0.3275274428113949,0.1495748186814552,0.0911464087704183,0.1809018080074156,0.4127895195458798,0.1851320488805,0.2256959528069562,0.1199138298443564,0.1565778682704369,0.0715519589290563,-0.0329320857098485,-0.0068105352818667,0.0412139909443864,0.1271396013431418,-0.0490795760033408,0.0858510255833606,0.0609221288773715,0.2421417360904287,0.1214735877272691,0.0295085965060124,0.1780309566598035,3.1325677093949613,2.0475089589129105,2.883418630954171
W0050,6,0.2962811172565954,0.5180693428468665,0.1958108133596632,0.4420348537546136,0.4224330246113649,0.3128099532766797,0.3533234637532089,0.3458078603978435,0.323895050218193,0.1525241513556601,0.2226190167247097,0.0665054245831267,0.0922753392233432,0.1607697004767363,0.1046588764808699,0.0476147715142429,0.1985431179055521,0.1125399351642366,0.0,0.0859231992925891,0.1252298320977059,0.1616753497126836,0.0865583984942294,0.0483993580879147,0.107603697208929,0.4058432975923346,0.1173565468976205,0.1212508606956862,0.0862369054385461,0.0937591555584105,0.0124607614696578,-0.0082361457513729,0.0560480895167956,0.0035131176080493,-0.0095550633950765,-0.0553602807651692,-0.0602188820581618,0.121780229240811,0.0843702703965587,0.1729049162294906,0.0914595366439186,0.0752178089139587,2.871011012894319,1.823847104659718,3.055844876646697
W0051,0,0.1034482758620689,0.1034482758620689,0.1034482758620689,0.1034482758620689,0.1034482758620689,0.1034482758620689,0.1034482758620689,0.1034482758620689,0.1034482758620689,0.1034482758620689,0.1034482758620689,0.1034482758620689,0.1034482758620689,0.1034482758620689,0.1034482758620689,0.1034482758620689,0.1034482758620689,0.1034482758620689,0.1034482758620689,0.0,0.1034482758620689,0.1034482758620689,0.1034482758620689,0.1034482758620689,0.1034482758620689,0.1034482758620689,0.1034482758620689,0.1034482758620689,0.1034482758620689,0.1034482758620689,40.0,0.0,0.0,0.0,0.0,0.0,0.0,0.0,0.0,0.0,0.0,0.0,0.0,0.0,0.0
W0051,1,0.191816027800179,0.1996341396212894,0.1763105515958398,0.1678727438186133,0.2200144307133331,0.2352124138412789,0.1971194863664449,0.1868803533686823,0.2063317419219084,0.1650604457036849,0.1388837386191371,0.1563034045996453,0.1320575374241557,0.1670285229755166,0.153852208419179,0.136543756571668,0.1740968371391477,0.1549107036975112,0.174671898526642,0.0,0.1580117904395467,0.1473726472467665,0.1940980001372018,0.1325795760218676,0.1831992135048506,0.1485483013180477,0.147436570314384,0.1684610512452977,0.1660813367124703,0.1643792190890803,27.249217505748764,0.3792284722984372,0.7518643190407717,0.7172800213650303,0.8909770236085581,0.4372411637206789,0.5708082426981496,0.525071531489455,0.1891914316124499,0.2177798212141892,0.1665116375681661,0.0685832225790876,0.4602417054684338,0.2873141132422359,0.363300992240923
W0051,2,0.5432335306890622,0.5357565036094581,0.3805642441260377,0.393566377476467,0.613689233711076,0.5394676724465082,0.5702839523711966,0.4994622094867473,0.4460033611270367,0.3499859725036096,0.2154127644943703,0.2229131216413663,0.1637216977738913,0.2793518909731206,0.238140262476708,0.1629505545727887,0.2915408987053723,0.3040152349274612,0.2181403139256302,0.0,0.2978977722266118,0.3858868124490243,0.279978130897783,0.1927663092324124,0.326506497070551,0.3789301989344452,0.3006629623276977,0.370095425890716,0.2853078623482204,0.2337199483362367,12.55288518280272,0.8642471622251402,1.1644649814978931,1.3584686995116466,1.7686352082945205,0.6919475778703469,1.4748362698143198,1.3248640582514195,0.7048331442907236,0.6441235934157199,0.3413280209267596,0.3208233707072702,1.4147947739910292,1.326716526620788,1.517835679437877
W0051,3,0.9125381780331916,1.2267464548877387,0.6876928200934321,0.7806806743444544,1.0020072561315527,0.7785550935237053,1.277667334614162,1.137046392928158,1.148662687322794,0.6082591324979357,0.3802907425131442,0.2359568479271925,0.2597699082626647,0.4164451703100639,0.3448003880667258,0.154401553745053,0.5378425620175911,0.52038129897717,0.3716528711461999,0.0,0.3749248004411177,0.5567605296952265,0.3279878411828267,0.2511183516970469,0.3579150663447912,0.4779080301557531,0.3535830079441176,0.3415965690198867,0.3551658459050851,0.3996828118453656,0.0735232848851092,0.1884249656802379,0.3788656754797982,0.3270480119108001,0.8470002502637806,0.303637062286928,0.9515272819383638,0.7613095718098104,0.563061709291761,0.7924787422975478,0.4715937047048003,0.4188386504209716,3.1102294166606166,2.072311559492381,2.582113964957109
W0051,4,0.6896205402675332,1.2155122936845044,0.5405153497480708,0.7197829340811759,0.798279019419717,0.7606407344671068,0.8581579679165169,0.7983299697395004,0.7667103536668712,0.4090295798274066,0.2961994119605157,0.1836182235258561,0.2255106453033822,0.3693580705237023,0.3027889130123429,0.1093244425840534,0.4685440462637935,0.300150612445371,0.2165052881223915,0.0,0.3304321727346234,0.3989354524174232,0.2286427643693845,0.1401973573543916,0.2243231847342079,0.6150293910640445,0.2879761200361314,0.3262058245124896,0.2479644381354363,0.265126580523117,0.0025274815506602,0.0306263172433442,0.1427163056018275,-0.0016173163808868,0.1474419036992452,0.08238078756692,0.0697323482656201,0.1425679796556956,0.2398183213900953,0.3375191812725708,0.1142022733746358,0.2651542431777912,3.1000846864073344,2.289743244918246,3.038314652043738
W0051,5,0.4433998596640377,0.6892481959527783,0.3408155731199178,0.5071301778397286,0.5345014465079024,0.520567287909588,0.5309398986233246,0.5305816806977194,0.6596098031708859,0.2366017789131141,0.2059176463390374,0.1010283408746037,0.1463932119551534,0.2640704064625457,0.1925600265242966,0.0704740192632488,0.2683686796037475,0.148502621857655,0.1075096004176631,0.0,0.2030078877011132,0.2538180039505393,0.1403667322720206,0.1016053200731582,0.1574862731897139,0.4793644170265679,0.1540978530397926,0.2422088969920823,0.1384438411807098,0.1502692314494584,-0.0580685905926307,0.0266237335081067,-0.0013040473464014,0.0376039362791572,0.0453685984170155,0.0312015202631275,0.0152863302573422,0.0946707528187268,0.2997282769823047,0.2357685952372578,0.0097363759133833,0.1668830462621367,3.052174062998928,1.729210379782244,3.186244439701301
W0051,6,0.2713830948760646,0.4673041575743665,0.2092976970126959,0.486407762478291,0.4659456974979919,0.3201862552313894,0.2901144880216387,0.3286043621351602,0.3202050761408527,0.17446170435035,0.2070587833783204,0.0716159002391879,0.1062544357734898,0.1311481433784422,0.1154101278473002,0.0342339780548863,0.1778999408913632,0.1175288260938542,0.079456726509143,0.0,0.1222893025428497,0.1823107479818731,0.0904970503316146,0.0603253536727715,0.1021654812283857,0.3933083358096733,0.0909560761390999,0.1577733661635856,0.0879357453245628,0.1012634381539914,-0.0483133212472045,0.0498054772472397,0.1464572165612895,-0.0295426392541426,0.0575507990915136,0.0737845158485287,0.0876445001192531,0.0400866651344537,0.1223321181125267,0.0264907325382406,0.075387518178231,-0.0083637159472657,2.91127089210832,1.6676908003442936,2.8831762957430147
W0052,0,0.1034482758620689,0.1034482758620689,0.1034482758620689,0.1034482758620689,0.1034482758620689,0.1034482758620689,0.1034482758620689,0.1034482758620689,0.1034482758620689,0.1034482758620689,0.1034482758620689,0.1034482758620689,0.1034482758620689,0.1034482758620689,0.1034482758620689,0.1034482758620689,0.1034482758620689,0.1034482758620689,0.1034482758620689,0.1034482758620689,0.0,0.1034482758620689,0.1034482758620689,0.1034482758620689,0.1034482758620689,0.1034482758620689,0.1034482758620689,0.1034482758620689,0.1034482758620689,0.1034482758620689,40.0,0.0,0.0,0.0,0.0,0.0,0.0,0.0,0.0,0.0,0.0,0.0,0.0,0.0,0.0
W0052,1,0.1857411289474789,0.1779953653775824,0.2135857206878293,0.1780722426875686,0.2176015924814554,0.2062022238759407,0.1953035174523364,0.1597246828275554,0.1806530696452763,0.1690035754648846,0.1674774531592538,0.1569215074562403,0.1240409124222969,0.1651192781374479,0.1313161096840812,0.1235395534147085,0.1672363011982454,0.1550132574274743,0.1374678873110385,0.1075680290812574,0.0,0.1668824826496693,0.1672723373028211,0.139291543795756,0.1710700514403969,0.1578898852098514,0.148368423092621,0.147748455981541,0.1618210517148123,0.1530072858900319,32.22163123671692,0.5921667481696655,0.8609288765565196,0.7681974566439059,0.7782681866301275,0.2467341801733198,0.608899052588814,0.4822712454515828,0.2228601759554363,0.2284267016871226,0.1979102085039978,0.0263393104124307,0.4101159490795779,0.3768508087841563,0.4515421679133332
W0052,2,0.4349885134783902,0.6042570751794322,0.4103491838882349,0.4339135888341907,0.4517875559940296,0.4827706678784675,0.5205824959770958,0.5594486517856995,0.505800389863931,0.3465771603565487,0.2388208753948972,0.2511618846646963,0.2016139600570791,0.3150046522051272,0.2858004576237783,0.2197156536930141,0.3417637795871237,0.318103425545415,0.2925843216799301,0.2542901892824816,0.0,0.4219369852911116,0.2774411925208396,0.2059523971378976,0.29208287771731,0.3532669393350467,0.2943414022953254,0.2966469351936824,0.2409665570922693,0.2610668171984083,14.160208108537397,0.8893083458066083,1.5378334952069923,1.1506547871884938,1.8521796417907848,0.7084772153779928,1.4505603437782826,1.233249473417817,0.5523923136965618,0.4599899874228187,0.3992958207487043,0.3107648696848414,1.7784683487032658,1.291030513990867,1.3805054620457595
W0052,3,1.016985039471633,1.434421745345562,0.5921750412639718,0.8385723745018007,0.928785505466416,1.0051198371565944,1.340680706705864,0.9707364514823564,1.0665639579636454,0.6092875741373397,0.3893162042484118,0.243050047216035,0.235859841316915,0.3826403590082576,0.3800042303068575,0.1450773533176115,0.4986954289773506,0.4039732763273585,0.2740288693617185,0.2908034050072848,0.0,0.625727474400852,0.2879792847899252,0.2196039142344489,0.4176618704284158,0.6480580814926618,0.3673994651621464,0.4135201724785867,0.2928930153131768,0.3132344030383957,0.0990600285099447,0.3082846035085047,0.5331462768384713,0.4245259894544036,0.937956823359756,0.4540675545652093,0.7530602383038821,0.7513609398203888,0.6318368890531835,0.6644252257642569,0.275172599596516,0.4135579547364088,3.4187508110636093,1.9044045821245388,3.412905464480281
W0052,4,0.8500641767161977,1.2917384770097522,0.4716536990762943,0.670867108706915,0.9306472588196688,0.6707961279597472,0.8562681250021584,0.8228534287568581,0.7903747235070848,0.3764301645874827,0.326933366239884,0.1889395789189162,0.1976810991807428,0.3657562716399302,0.199197694532649,0.1060922495888304,0.3691863358104403,0.3056815718952537,0.2153592220585498,0.1911750650416211,0.0,0.4058624635272934,0.2437719949239405,0.1550365120083366,0.239272168703712,0.5079115384936546,0.2788122720021486,0.2626007744840414,0.2558630735241025,0.2313330425731279,0.0833968484402092,0.062064294334001,0.1036582786297547,0.0981497134749851,0.1863323133747567,0.0189683525038798,0.1188332886114889,0.1438378615680537,0.2829366451692386,0.3211950721951878,0.0949385836349695,0.2141368425390762,2.954464101161951,2.3086430709875283,3.2015596033665354
W0052,5,0.3966728947558449,0.7936323247688639,0.3270988123702852,0.6331281312240195,0.6354317331919248,0.4908460568069751,0.4781455603494828,0.4173945115431094,0.5365612934088319,0.2389416562999776,0.2647268756087347,0.0739654561166161,0.1300120453718753,0.2655340579375796,0.1863466586758316,0.0618254865055293,0.3287249346429437,0.1984715089883949,0.1569310644175004,0.123761928517621,0.0,0.3330016130941564,0.1309739258899416,0.1098861606498518,0.1429699368296425,0.3679939144372904,0.1651542092384641,0.2233872914145486,0.1324179680147248,0.1501439972073644,0.0319226766057207,0.0347890484241127,-0.0519145121871144,-0.0298231331023988,0.0836593494087361,0.0207255569053321,0.0534139525064704,0.1141864983739338,0.1866692603781168,0.2003968221349878,0.082897221975057,0.0735203223976131,3.1849834311070717,2.1595908333159377,3.127576902772195
W0052,6,0.2544077682713085,0.4646773158462121,0.1839204346847893,0.5074819713841484,0.5001200142997619,0.3402987910222489,0.3446939111691743,0.2944598185901227,0.3763239300547109,0.1880848272417823,0.191888813692641,0.0763078489346479,0.1183995063867301,0.1548977525992099,0.1242144429628399,0.0457501133980797,0.1327355052052976,0.1453053890830064,0.1059757886713705,0.0913387224808306,0.0,0.186726860554572,0.0977591200500889,0.0663769811579226,0.0918273161702815,0.3780562588576217,0.12676686337486,0.1372455739819692,0.1019796710593414,0.119768844381772,0.015673442531035,0.0343104724102502,0.0284841882572426,-0.0093905380856628,0.0516487648886081,-0.0045374580611211,0.020580352546445,0.0270389897632098,0.1835307867346688,0.0879189844185321,0.01402800119257,0.0725170150244622,3.152438695146605,1.519509353059097,3.1371427090712234
W0053,0,0.1034482758620689,0.1034482758620689,0.1034482758620689,0.1034482758620689,0.1034482758620689,0.1034482758620689,0.1034482758620689,0.1034482758620689,0.1034482758620689,0.1034482758620689,0.1034482758620689,0.1034482758620689,0.1034482758620689,0.1034482758620689,0.1034482758620689,0.1034482758620689,0.1034482758620689,0.1034482758620689,0.1034482758620689,0.1034482758620689,0.1034482758620689,0.0,0.1034482758620689,0.1034482758620689,0.1034482758620689,0.1034482758620689,0.1034482758620689,0.1034482758620689,0.1034482758620689,0.1034482758620689,40.0,0.0,0.0,0.0,0.0,0.0,0.0,0.0,0.0,0.0,0.0,0.0,0.0,0.0,0.0
W0053,1,0.1892768819692673,0.1856000753466601,0.1463177617549399,0.1741223121489156,0.1607372546512066,0.1862680791498765,0.1602312106015866,0.1846449528281338,0.1619856858989508,0.1849734054471837,0.1593797085070933,0.1456728330600195,0.1191363246737598,0.1518858581915196,0.1555785472265212,0.1295217361101237,0.1969188126306742,0.1651988491868357,0.1471062680140836,0.1716908050553109,0.169540958350304,0.0,0.1509061051307245,0.1467287630368297,0.1539238555283075,0.1499523864809966,0.1622274363357996,0.1741703469991208,0.1690363588568065,0.1369905149520166,32.29079650302562,0.4260066551212088,0.767094799352012,0.6358545696564263,0.9310594204285756,0.3664027273417461,0.7040560700792793,0.5291374277300482,0.2940525920113402,0.1896217438247786,0.2954292539244703,0.0750326916981018,0.4023425450182996,0.3762720264127738,0.532914486866155
W0053,2,0.4950347292722598,0.5758970304525108,0.445714679757355,0.3784349972975416,0.4852974561502569,0.6349135415784808,0.5434664962977771,0.5106876412609214,0.5451942660418672,0.3606725891722537,0.2292227763532039,0.2542680254982004,0.1881510499114523,0.2585239372992561,0.2913346208368264,0.2103549575488253,0.3161447669588375,0.3041953919901431,0.2925364226308655,0.2119885081396552,0.297387578119077,0.0,0.2803276328488055,0.2109198629930156,0.2715206682168352,0.3314421972259433,0.2444772617617253,0.3497778361303988,0.2953018028027102,0.2725878594334541,8.781457315651087,0.968955503654692,1.39433986500508,1.040300845096745,1.8878189079750367,0.7231024652856869,1.37218595934302,1.1104089725708373,0.7099174561214053,0.5108102397962623,0.3246240513385401,0.3233165181165208,1.4166827424315662,1.2178280827846586,1.3000878481398197
W0053,3,0.7628686872418793,1.423622095060256,0.8269138592257339,0.6630788290864538,1.0119683627389784,1.0195683516325476,1.1597629522432125,0.927370063576411,1.0940793441507743,0.519787931305793,0.3158912663063299,0.2273188416665453,0.2453039893171919,0.4001184743015754,0.3539350414031537,0.1552157264304426,0.5928238931546427,0.3946187612221191,0.3198692112682079,0.2986614296001096,0.3796125152110789,0.0,0.3559419025516456,0.1732452805117182,0.3480912222717697,0.5792795430262702,0.283958217848263,0.3213632842720114,0.3334413158973825,0.3737326092616507,0.098026120022676,0.2488252879125928,0.655744005939769,0.343459274990513,0.7625899424443028,0.2962779028204752,0.8240899566951544,0.6321741776544313,0.781571522757309,0.6788132403470709,0.3702760354421784,0.4317502060178835,3.257250422909756,2.3926284623057774,2.489894850244101
W0053,4,0.7022020174057647,1.098506218205852,0.4706008971675162,0.7494755717200963,1.0366699337267824,0.821966686053241,0.8526055394588968,0.8032732695234042,0.8080274466583413,0.4125471326187122,0.3457121486062832,0.15514422814881,0.1947823612574476,0.3199160212627737,0.3047355110287907,0.1114258787923392,0.430430952858011,0.2825331116295204,0.2312569228380289,0.2035861873238586,0.2530713656957117,0.0,0.2599215086728642,0.1689443008535794,0.2700308436068926,0.5234585853664817,0.280118654442856,0.2854803951246362,0.2152852982986553,0.2564420827424006,0.0248686406431036,0.1018462939163113,0.1135498901794319,0.0813010169626779,0.2659153809400461,0.0182171750994973,0.2079043815507946,0.1656160409772963,0.5363139815432278,0.2977232153884611,0.2124738548394177,0.192387984216587,3.263572478036548,2.159878509002129,3.3060389111777955
W0053,5,0.3865727411367616,0.7181366754253684,0.2687563193321227,0.6607807122571241,0.598911025194475,0.4901805543825804,0.5795129983147033,0.5494797341824657,0.5694408570471606,0.2642543394313227,0.2963330644826836,0.1036474357406058,0.1531890206778218,0.2422232157315166,0.1522927977486806,0.0759248218877549,0.3095136037636706,0.1941307546645092,0.1634171203793389,0.1756077927559171,0.2149529669410501,0.0,0.1630803875042603,0.0993029936303308,0.1500128558842849,0.4665258711744591,0.2238136078761261,0.185845012674258,0.137690754527251,0.1631916342499008,-0.0341465915619997,0.0091603654116191,0.0614777399626798,0.0392159971137448,0.0405859674301822,0.0816555023888277,0.0797100089108531,-0.0031858715996249,0.2089810369310112,0.2024241726213406,0.0800604124455617,0.104075201049222,3.3747487909845164,1.5577278045607617,3.3097500501532995
W0053,6,0.2801689624380958,0.5617416926278277,0.2075087961429421,0.4876614363210031,0.4711489365450095,0.2797013684577816,0.3449179964437981,0.3640110714220161,0.4582991733965971,0.1946469944076405,0.207054187175931,0.0557378440646266,0.0873812658033627,0.1717680323621582,0.1279138604764252,0.038925439305182,0.1661091023707499,0.1301663426556483,0.1059326130139744,0.1069001037995278,0.1334641111163679,0.0,0.0831125729673987,0.042933250291269,0.1094795102150974,0.3615422111157454,0.0965210228476674,0.1256508569761311,0.1028810144774429,0.1128693456302621,0.029391051292201,0.0259435104953822,0.0099282834673111,0.0188502830110507,-0.0060729463782662,-0.008893073346058,0.0448640945893155,0.1133791973711588,0.1417529711311521,0.0704092087831877,0.0502890779921997,0.0993212599462873,2.957563179366432,1.8790498514284264,2.90283956468663
W0054,0,0.1034482758620689,0.1034482758620689,0.1034482758620689,0.1034482758620689,0.1034482758620689,0.1034482758620689,0.1034482758620689,0.1034482758620689,0.1034482758620689,0.1034482758620689,0.1034482758620689,0.1034482758620689,0.1034482758620689,0.1034482758620689,0.1034482758620689,0.1034482758620689,0.1034482758620689,0.1034482758620689,0.1034482758620689,0.1034482758620689,0.1034482758620689,0.1034482758620689,0.0,0.1034482758620689,0.1034482758620689,0.1034482758620689,0.1034482758620689,0.1034482758620689,0.1034482758620689,0.1034482758620689,40.0,0.0,0.0,0.0,0.0,0.0,0.0,0.0,0.0,0.0,0.0,0.0,0.0,0.0,0.0
W0054,1,0.167241909050011,0.1968109782863292,0.1614664767932321,0.1750181457013925,0.1764221214445584,0.1997987045732364,0.1878409008497988,0.1328226016055557,0.1907647082886353,0.1683331131864034,0.1644855123035798,0.1617277063719675,0.1235598955772549,0.1521500682497803,0.1518464369468628,0.1319082570174017,0.2007549294237071,0.166302431973135,0.1643061755550057,0.1856571131671872,0.1586029116552354,0.1668646707849799,0.0,0.1487449842198953,0.1398167442504498,0.1652113998661369,0.1486543329686602,0.1514069180747575,0.1496821702628467,0.1710490905354604,24.267135163735507,0.5256162183367771,0.8656884109157895,0.6690488641846684,0.8508832249520163,0.3695918560927503,0.5203331783229839,0.695353380491679,0.1315001787999433,0.1629550218940349,0.1287205124188832,0.0857361030204348,0.5349293782315636,0.3708680780823611,0.5179802171594864
W0054,2,0.4334113691638214,0.5975695582604096,0.4030930213083276,0.3617607655760744,0.4875277157373415,0.4481563076364652,0.4677975158836493,0.3970166029684101,0.6411011148893501,0.4171235880334638,0.2675343819867121,0.2218054298579765,0.1637904016983233,0.3201353993303506,0.2622563680699157,0.1676264668476625,0.3169203229137919,0.336185749336103,0.2378703441561603,0.2537342999889297,0.3161551830663907,0.3956034573726106,0.0,0.2241662941885639,0.3584363133111012,0.3306888132751113,0.2723327752478265,0.2894064590275875,0.2707803106858459,0.3002463587329033,9.644205091811804,0.8892821828378008,1.4496699723969737,1.0377887810832704,1.8580126569573523,0.7473849472119792,1.5515592865767238,1.3007062227135888,0.4686606591435162,0.490638826346783,0.3435484737172324,0.2165586966024483,1.524613649507091,1.503659023637286,1.7324339810858156
W0054,3,0.8044329922664948,1.26295039919958,0.7768189958929212,0.7653467261487434,1.1515058232326791,1.0158858824654229,1.0211185129661569,1.0914703956516032,1.0422194637050022,0.5385728575300901,0.3950497439461282,0.2164874592234767,0.2172114279554625,0.3789125670043323,0.301662795540687,0.1548771994649734,0.459883096176477,0.4827334745482829,0.3259304400206855,0.2535301886152992,0.4079468397924785,0.7050812380672811,0.0,0.2216931103530805,0.370557023659852,0.598994426355705,0.3516443155662901,0.4602566637171236,0.3308720806966282,0.3615922353135169,0.0965882603667632,0.2392337212273801,0.4932778088814924,0.3777420460094761,0.7039272507627176,0.4271621022602461,0.7783076799054628,0.6904212141087391,0.5626777681306714,0.5933905032550152,0.2965054043225851,0.3936109563339642,2.5877322958018105,2.302148429160477,2.961796450824512
W0054,4,0.81190526114474,1.2426808279854171,0.5480772925717714,0.6453454841698587,0.7553409052522129,0.821426873865336,0.9812824630394004,0.8987488241041661,0.8849612752770585,0.408912576172652,0.3277584099489896,0.142966987547114,0.2134787697577443,0.3803612209724835,0.2472707237313664,0.1051532423972552,0.3427698475280663,0.318089530020785,0.2126336929754571,0.2177622002278041,0.3469641448742973,0.365030235455429,0.0,0.1652011394352543,0.2230218119892285,0.529986422613916,0.2624197441264486,0.3116527441262812,0.1862660952217961,0.2892049103262723,0.1051453866406885,0.0286751143229192,0.0809528851144652,0.0608480865261229,0.1047766729853862,0.045103658902524,0.1780235268183533,0.117787799180816,0.2270359747899719,0.4068562234088191,0.2232630465050724,0.2594071513547236,2.8524731651983544,2.7188142733332823,3.78179080146763
W0054,5,0.4758776440930657,0.9444054355082496,0.3651452684088243,0.5692888758362725,0.5907828501463486,0.4868999123777593,0.5319434799199337,0.5836036756981801,0.4979540697185995,0.285672266191767,0.275873967578164,0.0981369829726831,0.1535740788479854,0.2191382525958057,0.1781594263449276,0.0727613316924893,0.2409658673087116,0.1841124910159602,0.1313296114882328,0.1525961004520022,0.2019492815568581,0.3358284292745184,0.0,0.0942234378780275,0.2000792035527423,0.4721258188576832,0.1813940175217935,0.2039947085469381,0.1490206676840937,0.1913122334616003,-0.0317195630778271,0.0467447419586439,-0.0132620992851272,0.0007180248061075,0.1042516604773262,0.090943718994327,0.0736848051254903,0.0173177674985588,0.1134874997770001,0.1165217663809781,0.1405800197238978,0.1384079680394402,2.4056344919938173,1.7865521348100488,3.115525347133689
W0054,6,0.2664200828009476,0.5338403429424372,0.1733365831071085,0.5257796756014625,0.5064208575913971,0.2545323981979147,0.3069394433409893,0.3570306342602496,0.3621117923120812,0.1772194165856755,0.1991892002359157,0.0620199785606249,0.0921908530839113,0.1235981215780796,0.100140814128188,0.0318417330790268,0.1693792809257668,0.1355397360505951,0.0735107166098351,0.0872656419329835,0.1260948987470948,0.1685381753473317,0.0,0.0637732592515741,0.1056516419699639,0.3784467357993329,0.1081552162398428,0.1200282299416752,0.1020048176476622,0.1109167066170857,0.0707714314009719,-0.0040880107604988,0.066630717093175,-0.0655662160241337,-0.0695210677583188,0.0113793908636478,0.0436249495007512,0.0328370498118904,0.1510458291930386,0.0781420955486548,0.0663406846264897,0.0127400059651361,3.0022946372181725,2.020777842383588,3.03208811786597
W0055,0,0.1034482758620689,0.1034482758620689,0.1034482758620689,0.1034482758620689,0.1034482758620689,0.1034482758620689,0.1034482758620689,0.1034482758620689,0.1034482758620689,0.1034482758620689,0.1034482758620689,0.1034482758620689,0.1034482758620689,0.1034482758620689,0.1034482758620689,0.1034482758620689,0.1034482758620689,0.1034482758620689,0.1034482758620689,0.1034482758620689,0.1034482758620689,0.1034482758620689,0.1034482758620689,0.0,0.1034482758620689,0.1034482758620689,0.1034482758620689,0.1034482758620689,0.1034482758620689,0.1034482758620689,40.0,0.0,0.0,0.0,0.0,0.0,0.0,0.0,0.0,0.0,0.0,0.0,0.0,0.0,0.0
W0055,1,0.1906286255986113,0.1820550305999973,0.1584820686416068,0.1445609642190896,0.1920046272752164,0.2175867291534721,0.1781877181788942,0.1919769807277851,0.1489672646421926,0.1416645216060106,0.1681380167345468,0.1553816089671981,0.1478837947444382,0.1559700168943922,0.1631422038068294,0.1361334493334451,0.1500843988051085,0.1711247590468629,0.1633358907783768,0.1366394905687782,0.1520151462619232,0.1913980113369896,0.1449485914376916,0.0,0.162832376407391,0.1682236377726488,0.1573800529197665,0.1552262805985981,0.1458273637793544,0.1498908595626031,30.319830388920717,0.4044252185168523,0.8173621429746384,0.5750852797151433,1.0200701335754494,0.3347974846762001,0.5644405691781164,0.6346319964657943,0.2169588427251045,0.2427315069696364,0.1084174361231118,0.0590539206023691,0.4454809792117593,0.3348099726093398,0.4106836436106816
W0055,2,0.5283985176394684,0.6547854698126193,0.4346425237709287,0.4273305336163087,0.5491308791803686,0.433479697312942,0.4636734736175771,0.4626286060873131,0.5912470020455294,0.3632970395536061,0.2966501001255043,0.2311599873693722,0.1791121084759186,0.2995087873763065,0.2327746116193703,0.1651838935335366,0.3168083406828929,0.3527566748918311,0.2733429998106596,0.255736108744724,0.2854248852862447,0.3943241562884397,0.2781351567194315,0.0,0.3323811582130938,0.3394169166417434,0.2599191534509957,0.2704575559145781,0.2802711884124047,0.2838191581149429,12.076618747066394,0.8286132423787045,1.555414051987115,1.0594989969514437,1.9037226142435664,0.7926895007257773,1.4202984995370127,1.4616858975144669,0.6447417854420828,0.553393203131616,0.5472087282204315,0.2863242973492911,2.0445640510812204,1.194082792078089,1.5173796357211884
W0055,3,0.8485000093496754,1.12290394324131,0.7089101246579742,0.6907659842917162,0.9937390255223594,1.0064526655502988,0.9787831217489912,0.9487280764865136,1.0303014904905738,0.5922855798144404,0.4062903177405471,0.2263646193394007,0.2497139827487977,0.4239209750789082,0.3455981798368449,0.152643752920253,0.3918437395782945,0.4260427303084527,0.2787822358779816,0.2817479161741373,0.3764644937792826,0.4950336476183207,0.3323726099294396,0.0,0.4303409765401855,0.6029196025405984,0.3545811216762628,0.4214550900068561,0.278033063291757,0.3686987769850527,0.0794103622638583,0.4181797279816897,0.4245991956808165,0.3172996507871997,0.7164880515367842,0.2517196100195393,0.7238716052566143,0.7532613983614483,0.7558511720216159,0.4745674199167186,0.4333273786908709,0.4711954451643997,4.01796757202047,2.5640373286056106,3.4145806288452056
W0055,4,0.5257474351087824,1.0692526992733271,0.4831348090612533,0.7633221739485042,0.8144447730006914,0.7196259743842015,0.6868682447103938,0.6163791398102632,0.8815426038155161,0.3946945553112989,0.3059275420272645,0.1651159671080445,0.2250508360036226,0.3588519260289803,0.2642145657660406,0.1182189689091046,0.3853657179879948,0.2588645612728546,0.2844198095866452,0.1756714641381814,0.256830222830672,0.4096227292119577,0.193849687019893,0.0,0.2577769069467353,0.5136755583858307,0.2589149794757764,0.3398548097307051,0.2070041823434699,0.3175389068283414,-0.0545595559024415,0.0915158802283674,0.0196415408229913,-0.0012253022155476,0.0387863766542964,0.0261320185393169,0.1620852181542015,0.1182224833062792,0.2825393546129654,0.2457874756735164,0.1971657364918348,0.273156920590774,3.3097677364284355,2.1911442680361097,3.259545899387528
W0055,5,0.4707943102044236,0.7219896537346463,0.3136347177622934,0.5812915022928437,0.6301701677313579,0.4334456939283277,0.4845111276336312,0.5499966384532451,0.5823875423399438,0.2706309507474043,0.2872847673321945,0.1048924831043276,0.1487126994020352,0.2289032296888053,0.1607260334951182,0.0668632935009584,0.2514172537127824,0.1782071675945295,0.1259250968045417,0.1409957374183568,0.1851682227510637,0.3195605116226435,0.1557797939898962,0.0,0.1945220172912072,0.5375942470925366,0.1317710286378324,0.2527505389631107,0.1342831189332049,0.171746223868572,0.0196321780831003,0.0019806821452383,-0.093114754465237,-0.0354517598451647,0.0986901863520345,0.0058487968977471,0.0701648446478235,0.0440962057326954,0.2062162407696433,0.1910078381032456,0.1606767181938461,0.1714581337068089,3.3137042710576634,1.931381807971021,3.213641082972712
W0055,6,0.2572918717317334,0.5496442335249534,0.1981406363238887,0.5313696247856508,0.3619909096899291,0.2689339153276168,0.3803835775142027,0.3758258891079054,0.3476204181562102,0.1739572379718868,0.2133377228600927,0.0730011930421076,0.0944029366280504,0.1522798198964326,0.1183000725216348,0.045401459654597,0.1751932280785648,0.122600965872936,0.0785098639770918,0.0984632087377007,0.109139903912,0.2041102329876254,0.0882396046372882,0.0,0.1151719444959419,0.3453115137426855,0.1083784453540045,0.1553991228962674,0.0956599127641246,0.1121088834954962,0.0744140263006984,0.0299706839268683,0.055398299640851,0.0172120571085125,0.1138153516629459,0.070352057229901,0.1125223988950934,-0.01854748161499,0.0257781301601366,0.1691570198660288,0.0079256678554194,0.0526353452716035,2.7880014996112688,1.542541944447938,2.664461292227401
W0056,0,0.1034482758620689,0.1034482758620689,0.1034482758620689,0.1034482758620689,0.1034482758620689,0.1034482758620689,0.1034482758620689,0.1034482758620689,0.1034482758620689,0.1034482758620689,0.1034482758620689,0.1034482758620689,0.1034482758620689,0.1034482758620689,0.1034482758620689,0.1034482758620689,0.1034482758620689,0.1034482758620689,0.1034482758620689,0.1034482758620689,0.1034482758620689,0.1034482758620689,0.1034482758620689,0.1034482758620689,0.0,0.1034482758620689,0.1034482758620689,0.1034482758620689,0.1034482758620689,0.1034482758620689,40.0,0.0,0.0,0.0,0.0,0.0,0.0,0.0,0.0,0.0,0.0,0.0,0.0,0.0,0.0
W0056,1,0.1486760825194214,0.1807479521793248,0.1654219733809484,0.1458420211844136,0.2109639465167718,0.1965855263108551,0.1788994170386534,0.1674450092290485,0.2143838946595257,0.1812089535448586,0.1605051818792991,0.1499597113886076,0.1351673966337234,0.1689177630924397,0.1642309759208572,0.1549359749145475,0.163763954449342,0.1675052461043057,0.1835186671863126,0.1489151139985262,0.1810005708413935,0.1478690340959171,0.1563798858271344,0.1306032514031549,0.0,0.1337507918940839,0.150534265061782,0.16977590883685,0.1597676825455061,0.1315304503651499,30.16500291099249,0.4144049632176024,0.7208193207674213,0.6321290263127897,0.8841534567461135,0.3601099713080861,0.6768768307869485,0.716268145065957,0.2690460138255722,0.1819656728142971,0.1454687040317543,0.1949620253180357,0.4344876417716419,0.3932052725297226,0.4905970889088415
W0056,2,0.5781674849047206,0.7447914077391744,0.3903401481432159,0.4048022981312963,0.5177069348581529,0.5364586449065886,0.5629933003588344,0.4870600590600558,0.6098278575758311,0.3398236017817687,0.2421194410866706,0.2322064901316214,0.1838617277855701,0.333661216822253,0.248436447937463,0.157034083464959,0.3545389369912877,0.3198603896960404,0.2561544154088781,0.2350547987616689,0.2972868336862677,0.4046972123166284,0.2720206017556373,0.2282122788722133,0.0,0.3275026227053077,0.2598881853305714,0.3081730703498362,0.286163252542358,0.2480817222184501,13.185781878377547,0.8367814376210794,1.5038781997585704,1.064820904564529,2.018736422972512,0.6474877276524977,1.627057539321882,1.297773153523653,0.6600536538585919,0.475888681906393,0.3912671711131539,0.296687238275861,1.4366681750026449,1.3796235158806749,1.4719731014122184
W0056,3,0.9500497181007612,1.2906782244319344,0.7020070246380573,0.7349973791077561,1.0528103523414771,0.9778187599604125,1.2211649423219806,1.0347899572032644,1.1279515058847298,0.4869250283954238,0.3167967987379829,0.2075518041359226,0.2036580898606649,0.4385528598866652,0.3819261489888771,0.1258449682142989,0.4849796388536701,0.4769784082651943,0.2292668996069284,0.3401174739207491,0.3303805319610107,0.5733239920600716,0.3293349670782529,0.221190556591909,0.0,0.5905048969237348,0.329968646417862,0.4590070640380198,0.2966803688961257,0.38063274022388,0.0163644343089588,0.3180837141059089,0.5406868143018781,0.3227949528658606,0.7033153413347759,0.3178576896273057,0.6830274948063637,0.6165014774921858,0.5995597063177251,0.7147504872968043,0.3442890667248349,0.4313619285399736,2.332209639673421,1.845501991276196,3.1433872319026697
W0056,4,0.6770624094087974,1.3192291608457607,0.5121094890316925,0.6190955219740475,0.8283931095025037,0.6887484122209178,0.7121151844122802,0.8532777192728974,0.8310992181080041,0.3460213362155127,0.3207521544011424,0.1551181046359426,0.2309043047026131,0.3363845923768629,0.1845322867336117,0.1179811140743795,0.3682830423186389,0.3124555117554721,0.2325258967833487,0.195085105583351,0.3517238907038245,0.4684434402449428,0.2514654066747957,0.1619211170132569,0.0,0.5149973564926382,0.2402507567217577,0.3373009744763477,0.257651870680866,0.2681178133618004,-0.0550253995723493,0.0657046731387283,-0.0203044819155846,0.0622989540389939,0.1673140635737562,0.1320533324959395,0.0854483171272814,0.1433458635868992,0.3498027815652044,0.3261499829122408,0.1514323004944172,0.2992187287019896,3.070816980931355,1.6040415870743383,3.322250031074072
W0056,5,0.3619442531865481,0.7511563266941215,0.3811701041361713,0.5940192182947265,0.6673611954973485,0.3924310419086983,0.5404386167610105,0.4571980019142248,0.541275200393436,0.2655516491971486,0.2477225336988191,0.1127170149751155,0.1624097590113885,0.2799234484141132,0.1879177389686386,0.0702237317692189,0.2347657727817561,0.1702214946388535,0.120392656163418,0.1769867551377865,0.2162373691117584,0.2863671514993407,0.1675555454356802,0.0948448591147857,0.0,0.3915100896722042,0.1893226100890882,0.1932158305942369,0.1396513256147436,0.1706266937063511,-0.0048983004326636,-0.014476612804583,-0.0326084642746918,0.0577166786310267,0.0682184232342434,0.0140227286791977,0.0770054286081518,0.0456474020786587,0.1766420462167823,0.2037835147819661,0.0555322752140941,0.1146624138096125,2.9601862467233926,1.883164984221976,3.409547610115891
W0056,6,0.2942630510711227,0.5368673670850803,0.2002833373261737,0.4576637276213394,0.51125220815306,0.3643163243299181,0.3449927111087261,0.3801701115260046,0.3544439926707379,0.1909185075757196,0.1740769729699391,0.0797614454170669,0.1171820686968344,0.1241511740764118,0.1050779531461254,0.0525272081514085,0.1741842185934176,0.1171606790998367,0.0890557252376224,0.0856916102397353,0.1171909491728743,0.1923040099176127,0.080625040951185,0.0647738228590602,0.0,0.3582727339776649,0.1101393741959299,0.1380483843381026,0.0938766556937406,0.1092824033188063,-0.0250635678004587,0.024822693878087,-0.0005969089017815,0.0333943482168377,0.061817942829402,-0.0224695872365427,0.0225918725449121,-0.0044150716276202,0.1515805026749676,0.1450349120184254,0.0057006333386855,0.0959914375643984,2.8041213191230305,1.7273126245191708,3.0515639289995757
W0057,0,0.1034482758620689,0.1034482758620689,0.1034482758620689,0.1034482758620689,0.1034482758620689,0.1034482758620689,0.1034482758620689,0.1034482758620689,0.1034482758620689,0.1034482758620689,0.1034482758620689,0.1034482758620689,0.1034482758620689,0.1034482758620689,0.1034482758620689,0.1034482758620689,0.1034482758620689,0.1034482758620689,0.1034482758620689,0.1034482758620689,0.1034482758620689,0.1034482758620689,0.1034482758620689,0.1034482758620689,0.1034482758620689,0.0,0.1034482758620689,0.1034482758620689,0.1034482758620689,0.1034482758620689,40.0,0.0,0.0,0.0,0.0,0.0,0.0,0.0,0.0,0.0,0.0,0.0,0.0,0.0,0.0
W0057,1,0.1734180618977057,0.2040083732304809,0.1815421190440794,0.1845055442540848,0.1973901545690026,0.2297340826618612,0.2130878191153542,0.1717042357086572,0.2020547762504925,0.1795157722981648,0.1362940597970006,0.1419142803303207,0.1194096850176736,0.1628183264389912,0.137811079650823,0.126837729519111,0.1795391421099173,0.1640756126737585,0.1481813619535899,0.1266451854712171,0.1542201494552144,0.1634883805024168,0.1641269594664255,0.154706063587366,0.1824433699460511,0.0,0.1725183759498169,0.1555317648918605,0.1473048585969289,0.1745675317649341,29.908861071184628,0.4679358921303822,0.8726411211315771,0.6116001085658009,0.8823142558712205,0.3444167252360797,0.4218737519798398,0.5713802005013653,0.3068305369957866,0.1940477528252243,0.2047868290486296,0.0452621559232459,0.4632203484947102,0.4046174039821119,0.4897577622600625
W0057,2,0.4373021904705214,0.6251626748800372,0.4631071240891784,0.4901746374595083,0.4771171927604603,0.5969608879805036,0.5902176207017806,0.4449088999785704,0.6010858960267333,0.3370510155506157,0.2511415831376665,0.1946155612239749,0.171813056887966,0.3323585042561051,0.2618547663644862,0.173912589748234,0.3519672754141065,0.267873975719856,0.230641683207564,0.2245734507552546,0.3225854870838457,0.37158140974045,0.2642861597553515,0.2568772234924036,0.3511973011171223,0.0,0.2553134252180984,0.3660798918333689,0.3032709403156358,0.2909464785580961,16.02789084980247,0.7043355912416263,1.478288477812746,1.1468069905891427,1.758801072905002,0.79521728565572,1.2894469969446112,1.4714840173533648,0.5300915465844203,0.5188128710937141,0.3850255517435164,0.3669136626702629,1.5730436311998093,1.365947362021933,1.731271821571259
W0057,3,0.984403684032216,1.2648477178031483,0.7409196099355687,0.6896919212415487,1.019318769353105,1.0168478633116147,1.0573931347157086,0.8000452766450086,1.046408810153395,0.4969939239814782,0.394750884323168,0.2169048324515102,0.2665178078270873,0.4041580987414606,0.3157968533343895,0.1768274929946044,0.508181487535154,0.4123823225425598,0.288366158239471,0.3335607191723243,0.4856900547693354,0.6136223065609564,0.3370796234800202,0.2454802520805268,0.4911511759062681,0.0,0.3325486284756285,0.5040999571268872,0.3511941326933354,0.3610888515068767,0.1845627413232717,0.2865558497754836,0.505785791451738,0.342843296037949,0.8442204354958982,0.4207378102252935,0.8581788870837515,0.7349728885468299,0.5830151052429788,0.6220802155152649,0.4527344593276805,0.3474973333330036,2.1963739048762485,2.299191139942305,2.968818905486756
W0057,4,0.561508523752994,1.0514346109841597,0.4977576113108064,0.8915056768105966,0.8678466238719582,0.7102005090239549,0.7589696314939687,0.7495912912649231,0.8562915959567394,0.4477723903215828,0.3373182371755052,0.1522708277977796,0.2082388882370674,0.3554987948264735,0.2617418275891522,0.0887451033974667,0.4183370943331339,0.322060998518119,0.2367172072073363,0.2181362349325026,0.368536202594201,0.4776060606008787,0.2312966765178035,0.1512332691074353,0.2665588479787226,0.0,0.2949645025040575,0.2905479412142782,0.28629166328582,0.272368422317262,0.0190484857529586,0.0410833114937166,0.1475802958195489,0.0231140907987834,0.1695668906300368,0.1363337526365866,0.1970699056030397,0.1697861896728937,0.243109475860172,0.4012291708389158,0.1878910319411543,0.2961152799751614,2.9855484840564186,2.1680137910028705,3.0335305183955006
W0057,5,0.4314939806801379,0.8814971146001537,0.4448661425035804,0.6721110976201964,0.6025684004129535,0.4626897718053748,0.5005362144801414,0.5214314823764327,0.5730043959164263,0.3090641032308318,0.2395687028583232,0.1225243233272174,0.1578421531695971,0.220469972104184,0.1829004192297488,0.0747701012966769,0.3268423439229764,0.2244892158087972,0.1497448751319744,0.131635443307232,0.2372876742222235,0.2678032628697241,0.1400985755212395,0.0906928865352263,0.2084733364907432,0.0,0.1767401863332527,0.2131503517976532,0.142512981434067,0.2076324465912855,-0.0348649731099107,0.081994850429017,0.003259114373953,0.0359463263176165,0.0727345415164856,0.1129955430848945,0.0735759652642675,0.0476535170203716,0.1850829296202172,0.0930611331178119,0.0558093314519245,0.0883055424887372,2.305287093769607,1.7536042028133134,3.0196172167977267
W0057,6,0.2637776385759404,0.5430901862697496,0.1829577754987973,0.5650809231009929,0.4069313939920042,0.3187632876428981,0.2954857341292347,0.3153420782115434,0.3418507405761388,0.1727105087415771,0.1880631010345229,0.0624156586470717,0.109463636085235,0.1676179470883019,0.1339731152613709,0.0402408329695008,0.1787113519819684,0.1133664229013278,0.0973044340158918,0.0892253535545637,0.1268162717574943,0.2023368595224982,0.0880095664819242,0.0524534342075309,0.1069401495362306,0.0,0.0965863909236441,0.1294514390775852,0.091138553450654,0.0736594794495548,0.018685696262663,0.011323530357026,-0.0439178425769376,0.030326188751425,0.076095749930511,0.07258639316328,0.0808109276130068,0.0781279242881298,0.1838247419067354,0.1152453904534195,0.0545427018865039,0.0810497880582104,2.604947144108487,2.054466917914376,3.739642611104184
W0058,0,0.1034482758620689,0.1034482758620689,0.1034482758620689,0.1034482758620689,0.1034482758620689,0.1034482758620689,0.1034482758620689,0.1034482758620689,0.1034482758620689,0.1034482758620689,0.1034482758620689,0.1034482758620689,0.1034482758620689,0.1034482758620689,0.1034482758620689,0.1034482758620689,0.1034482758620689,0.1034482758620689,0.1034482758620689,0.1034482758620689,0.1034482758620689,0.1034482758620689,0.1034482758620689,0.1034482758620689,0.1034482758620689,0.1034482758620689,0.0,0.1034482758620689,0.1034482758620689,0.1034482758620689,40.0,0.0,0.0,0.0,0.0,0.0,0.0,0.0,0.0,0.0,0.0,0.0,0.0,0.0,0.0
W0058,1,0.1991997444506384,0.235216451250583,0.1999338188223862,0.1879109101723529,0.2028713955819018,0.1851577625702,0.2188618519970702,0.1614632936500225,0.1837938071140401,0.1735581413411901,0.1859690685776897,0.1415238371439411,0.1175540415529619,0.1548813683078317,0.1707504705780667,0.1529462645458135,0.154014715539569,0.1453117906653503,0.1423750247925655,0.1437914501913859,0.1567907882136048,0.14258989395999,0.1188343896667084,0.128761176908624,0.1616290221205148,0.1717783319345248,0.0,0.1465810636384346,0.1584278078559619,0.1643954033749004,30.61440744313909,0.567103712353355,0.7719231249732432,0.5369401419536182,0.7706017675429792,0.4027516081664086,0.5351880734163941,0.6675794427580313,0.1585501407293908,0.1787799366772527,0.1194942185357801,0.0833934752134231,0.5053698869511433,0.4968124043983282,0.3530209046300043
W0058,2,0.4359080637007171,0.5810447854134543,0.3487531915842973,0.4049286091734529,0.5505567687705457,0.500290561083228,0.5130381688262917,0.404240172243476,0.5329148658278557,0.349475959876068,0.2351948708102214,0.2352844929597604,0.1702643528166447,0.2871965849889742,0.2938971777402553,0.1755291077471398,0.344165142769356,0.3642791829883126,0.2440577528633307,0.2419359190210859,0.2662295003925595,0.3759149209290112,0.2471701925162195,0.1700895774098379,0.2544431616969367,0.3501950380097143,0.0,0.3087368490154435,0.2652844302308764,0.224593300255062,11.542300794347884,0.9673973773810896,1.2493806724695833,1.1283969433438714,1.5624947644334697,0.6763825047258559,1.7045915778684302,1.430341481749951,0.5887819360522549,0.5386680818364994,0.3827088612218072,0.2845462113707344,1.5204098493133738,1.0909606856005654,1.4678905853685973
W0058,3,0.8586692740832833,1.3228754001346188,0.677256300363943,0.7263874264702849,1.018016534095718,1.0240890098823237,1.1484880585612738,1.0898691362801871,1.062695449719964,0.6802035958059347,0.3007914073248571,0.2020858149488036,0.227638710839505,0.4403166269028919,0.3561095962949541,0.1514702453998106,0.4809250233130375,0.4810727744134496,0.2730698960690516,0.2775239223971477,0.3790889310045551,0.6461000073070796,0.3394455912135591,0.2499073889835866,0.3483508568560856,0.5905948057940552,0.0,0.4266809456418822,0.3356480866399786,0.3599092710056931,0.1050761019502488,0.2954983821777765,0.5163862881140823,0.3139497937043748,0.7479501584211038,0.2767510774490144,0.7172636029043147,0.7731903565765756,0.691620748770054,0.650216810631841,0.3343566374448922,0.4803974020048419,3.894508607671634,1.9840807059995595,3.1454600329121405
W0058,4,0.531872695739458,0.959685168537034,0.4391702722777018,0.7589551322245911,0.8911227474563026,0.740143620765525,0.7446072569111334,0.8318062127855083,0.7273866401520176,0.4125790591773015,0.3730765458452368,0.1294807135961963,0.2294664401336887,0.3202076911400884,0.2638714565647784,0.1116382375700263,0.4195218964751975,0.3101843764836859,0.2131082065245919,0.2157397481430073,0.2720951155195981,0.4266430971090291,0.2076122524286337,0.1420496668563124,0.2066776256976244,0.5279920252484691,0.0,0.2851191940160418,0.2103409855530929,0.2698689124780702,-0.0015854144878091,0.0415319340657935,0.0391795695785271,0.1036947867323714,0.1040552706434957,0.0982213960066874,0.1513994318674639,0.117334869027858,0.2851302359094689,0.2834616241055894,0.2001391235465324,0.2553414066817863,3.392895136198991,2.0122628844969985,3.742979807284087
W0058,5,0.3435460071326864,0.7242761419086564,0.3581724654722198,0.6474866335185147,0.6422371197413399,0.5451323039351601,0.5571788599954626,0.5126503363559195,0.5782768607510042,0.1953263091183122,0.2861460719054107,0.0791374529151237,0.1490765442096102,0.2459874792692063,0.2070138731564011,0.0751945830590834,0.3176389457811748,0.1933678935578325,0.1608510374353466,0.1577117296516318,0.1743452473057224,0.2558915609945655,0.1348157965534793,0.1075832407498286,0.150630606047969,0.4494352442886976,0.0,0.211035034969182,0.1603620480947623,0.1461102840794517,0.0209556678817588,0.077677790351028,0.0153937524631561,0.0243359368711466,0.0088430068428737,-0.0213527722016596,0.0422765875437508,0.1455369877910096,0.1082731659012675,0.2017297688776082,0.1121801125207906,0.0799671236289763,3.2373011174661914,1.986818902164996,3.128989419849541
W0058,6,0.2940112403716353,0.5235822826162947,0.2514217782907547,0.4379217248420402,0.4918762916026474,0.3057935733387434,0.3734999462624598,0.409263705038569,0.3100049194820928,0.1619854839134294,0.2306314493841847,0.0611408344744627,0.1108384326178013,0.1527832218512071,0.1063300681876439,0.0457149721217984,0.2093041986489824,0.1156234919193185,0.0876797344543857,0.0877671752746463,0.1066604176145125,0.2108299932507774,0.0775359622567995,0.0595978303319685,0.1044897132083826,0.4473333584273817,0.0,0.139267287713694,0.1060664635190007,0.1001371820815633,0.0059734445961047,0.0048065781415343,0.0561054341315494,0.0138057925919664,0.0954693969697034,-0.0015543367114343,0.047747803557027,0.0815941106435764,0.1632817208725928,0.1227902473234896,0.0506310120801789,0.0057130221994561,2.8994730719721864,1.783388139808913,2.9945930882921856
W0059,0,0.1034482758620689,0.1034482758620689,0.1034482758620689,0.1034482758620689,0.1034482758620689,0.1034482758620689,0.1034482758620689,0.1034482758620689,0.1034482758620689,0.1034482758620689,0.1034482758620689,0.1034482758620689,0.1034482758620689,0.1034482758620689,0.1034482758620689,0.1034482758620689,0.1034482758620689,0.1034482758620689,0.1034482758620689,0.1034482758620689,0.1034482758620689,0.1034482758620689,0.1034482758620689,0.1034482758620689,0.1034482758620689,0.1034482758620689,0.1034482758620689,0.0,0.1034482758620689,0.1034482758620689,40.0,0.0,0.0,0.0,0.0,0.0,0.0,0.0,0.0,0.0,0.0,0.0,0.0,0.0,0.0
W0059,1,0.2301985772786748,0.1873751170910442,0.156507383738363,0.1895365559818262,0.188851172435026,0.1749893276656852,0.192586799827392,0.1832565723788606,0.169647131326506,0.1896908429402655,0.1545330943020435,0.1550125215634758,0.1321589744578546,0.1724181074084063,0.1575674531678267,0.1340372698988964,0.1559267120222662,0.1658655861245899,0.1573874251274096,0.1540935786844743,0.1449919879586097,0.1782143205923073,0.1348274734510109,0.1466962717897673,0.1246953742766391,0.2098017141363893,0.1619884978546008,0.0,0.1291903535275724,0.1439868287217378,32.948682959490675,0.5446338141234517,0.6837672124781663,0.7374644149500025,1.0032704420565457,0.4302218734716758,0.7019493569524512,0.5630759387017944,0.2199221908225576,0.161036267644819,0.1664535466144256,0.0552991250519438,0.3799836480074542,0.3381571204124688,0.330878578268335
W0059,2,0.5410859388610454,0.4790612643078129,0.5105401195681436,0.3970637448322975,0.5047796448434836,0.4392882805415069,0.5899010779071021,0.3218070218840345,0.6158930034062517,0.4311282957734156,0.2348659181398839,0.2073497932599615,0.1546799355365372,0.3056427996185221,0.2537570687772857,0.1783780713316961,0.2738710396132054,0.3154198891013688,0.2545748422429319,0.2149269769581005,0.280786030060021,0.3728855567123464,0.2828710555312618,0.2191376502109167,0.2292258031388934,0.3279083711592253,0.2802368636692302,0.0,0.2946265490481127,0.2845673707601718,11.682646004850408,0.8190626092721233,1.1633662725436826,1.026603647744015,1.709752860579598,0.694509983846471,1.4179634011023772,1.2985082965122794,0.4720356231640403,0.4295499729777491,0.4954617235846255,0.2380102273447883,1.4607842673046714,1.3485224212766698,1.6451966425076991
W0059,3,0.9830559717591824,1.324599521583362,0.8335190601275526,0.6813366996183001,0.9971181886461048,1.0081608480018178,1.348357211940464,0.8872786318347842,1.0968132417422989,0.6161931534162542,0.3890253862985618,0.2006401639868889,0.2464421901547124,0.3891928915158629,0.2998256928312729,0.155455626447407,0.4466201966087019,0.5028312484203495,0.2938395215041599,0.3416652678924625,0.4106735681110762,0.6735485740554341,0.2836443904326245,0.2204519978146317,0.3947418788704961,0.5771396275409969,0.4210441059737717,0.0,0.315600286824761,0.3786886526889915,0.1216695778098435,0.2407966039784557,0.5332906486264375,0.2655058598692135,0.6396292028258532,0.2601391817816444,0.8361942376771838,0.8853943938434211,0.6353824307689586,0.669847848411637,0.3673601839298325,0.5136030772173812,3.664566771307704,2.069051271988904,3.0749678998366554
W0059,4,0.6588801938875214,1.14149342944199,0.5413893880705124,0.7409946657204932,0.9250156918511332,0.7563591313664675,0.8566499251641783,0.8530646642264843,0.8422703852386254,0.387925230417565,0.3183521135641634,0.1917727421364005,0.1861352548233426,0.2873776968239194,0.285297026496926,0.1001931344315779,0.3813727091291383,0.2705195468961492,0.2548828028852974,0.1747422484694042,0.2873162036063159,0.4293197123837785,0.211080026094566,0.1468539852614137,0.2320363933448547,0.5519530656569236,0.2445867045865331,0.0,0.2019581276395179,0.2380064095970805,-0.0497098424741157,0.1075431798675692,0.0697168989767792,0.1085528667888894,0.1965132743264031,0.0487088950236275,0.1829602996594223,0.1942483726907066,0.289228391494794,0.3525250470072926,0.1396310806888951,0.2697754732447296,3.2987981297291906,2.164842094865981,3.060265023310472
W0059,5,0.4471984755022428,0.8383861672879583,0.2859970685843581,0.6682076489139596,0.6621852249778059,0.4343378513783971,0.5550613125904823,0.5153071543777826,0.4995247586743435,0.3034922990817674,0.3005563029452963,0.1032506090823901,0.1874037288310706,0.2294517839603114,0.1713239153854694,0.0629895540185393,0.2701110626869046,0.1837167222548226,0.1183626691089915,0.154147932090657,0.2242136988028568,0.2814205487462536,0.1104751999133281,0.0986907413167481,0.1797766460180093,0.5161283868220858,0.1984047130234791,0.0,0.1645521106278633,0.1481625346119104,0.0265119542875584,-0.0202812261998924,-0.0026527333985702,-0.0039289155512797,0.100349877944043,-0.0624489071983941,0.060634243708838,0.0442517518143759,0.0925377324222422,0.2346036411968184,0.1081575757261041,-0.0055127238342483,2.88590039570363,1.6473997275940673,3.734035185853873
W0059,6,0.2308916104054128,0.5111338748682659,0.2107709178352518,0.4514699804489268,0.4438395091114386,0.2628334901356,0.3833134320191319,0.2758765920347718,0.3595693381627929,0.1789066235112683,0.2052120014687281,0.0666929969512157,0.1215732055971797,0.161311526568757,0.0767861367739032,0.0382304408423095,0.2274501337167718,0.1154453633250167,0.0913163919774261,0.0801717874037216,0.1303468170412654,0.1781185391433176,0.093298704192268,0.0572992867303161,0.0966774227296002,0.4143510516409426,0.0989715344269651,0.0,0.0824540364902025,0.1033535848011299,0.0447671210618962,0.0070942391309385,-0.0052449363948948,0.0042964015305156,0.1513074530214936,-0.041308461809871,0.0494440600245894,0.0298059805151983,0.1806414418857004,0.01131175836558,0.0532995974399986,0.0807187173573392,2.8717425237757506,1.6766851361756487,3.0475076613678462
W0060,0,0.1034482758620689,0.1034482758620689,0.1034482758620689,0.1034482758620689,0.1034482758620689,0.1034482758620689,0.1034482758620689,0.1034482758620689,0.1034482758620689,0.1034482758620689,0.1034482758620689,0.1034482758620689,0.1034482758620689,0.1034482758620689,0.1034482758620689,0.1034482758620689,0.1034482758620689,0.1034482758620689,0.1034482758620689,0.1034482758620689,0.1034482758620689,0.1034482758620689,0.1034482758620689,0.1034482758620689,0.1034482758620689,0.1034482758620689,0.1034482758620689,0.1034482758620689,0.0,0.1034482758620689,40.0,0.0,0.0,0.0,0.0,0.0,0.0,0.0,0.0,0.0,0.0,0.0,0.0,0.0,0.0
W0060,1,0.1723084541290858,0.1756086845710943,0.1831116370851016,0.1509370190021085,0.162384158780351,0.1601759241124393,0.1933786198714332,0.1713986352997829,0.1817032424916437,0.1328971790029008,0.1411997188408654,0.1600149379766725,0.1184334118883808,0.1422232503065018,0.1409327970265087,0.1383437889877192,0.1652044943435164,0.1876450243877427,0.1555718597988375,0.1490310190426556,0.1832830377691846,0.120122104700142,0.1346052507614838,0.1414219541980169,0.1216016925009649,0.1416962410063788,0.1560813226630901,0.1796731271656554,0.0,0.1339317919096121,30.830272853746383,0.4824999155414597,0.6715686800427991,0.5011632374565045,1.0002450527729194,0.4802490630834866,0.6311552942693667,0.5552498455585876,0.185819794592794,0.1502800048781379,0.148746191620149,0.051338385775709,0.5093253287296673,0.4172618034293877,0.3566721044204514
W0060,2,0.4881952990502737,0.6104697263964414,0.5144632166224624,0.3829849459264532,0.5363987687898489,0.5651877540237269,0.6457240199979526,0.4810772952155766,0.4955520650318352,0.3527589764366759,0.279659920105317,0.2413829426766999,0.1925178475420871,0.2862224245984395,0.2748838034482938,0.2005050238249527,0.2828899736192152,0.3714743642213368,0.233643866874925,0.2283732717677704,0.3159018806408206,0.4336505790102307,0.2475342098387654,0.1894124165222289,0.3097281559593881,0.321792333175317,0.2716262490245559,0.3169962783574147,0.0,0.2582025168107477,12.662441351823077,0.6835303355202752,1.4998828685407772,1.251692455211206,2.057951163758532,0.7175264855266975,1.5378279433587714,1.4541102952082476,0.5250920336888238,0.5017436920374555,0.2754522649961308,0.2298086469883928,1.8551146980749107,1.317936950643226,1.634046791857614
W0060,3,0.952646794914026,1.2627263307384873,0.6857332599221014,0.8077622852169019,1.0324019854116395,0.9142019068320064,1.0279984963534023,1.0325692132805486,1.138598488662793,0.557748562395992,0.3800055150977637,0.2032324159741651,0.2238944061493656,0.4260803237811685,0.2976186995867842,0.1724059049998758,0.4249735962716693,0.4409526442688563,0.3239358483467711,0.288482396325928,0.3374755100162974,0.5807279976552621,0.341247474104147,0.1754538486493463,0.3529491136748781,0.5257824275242329,0.3604722368770255,0.3979660700028615,0.0,0.3577790093640434,0.0313462034863693,0.2304516057448429,0.4591760280693259,0.3879295047058008,0.7130474991066932,0.3399084512576662,0.6787593696487559,0.8031450898019429,0.6798021005079613,0.6622734153001867,0.4442897673714582,0.4966216274076471,2.821517933547352,2.3693173995561163,3.42694519671377
W0060,4,0.7009233081873046,1.157385222864076,0.599497534918963,0.6550579713975375,0.960156707075792,0.7115133979378111,0.8531366602562085,0.8423230174303472,0.8962683206551776,0.402327768568792,0.3181754472230328,0.1920516638279414,0.1780400641911064,0.3806441151846099,0.2539042075065546,0.0913580302581088,0.3374248470991252,0.3022234635840687,0.2202297999108093,0.2370366661386231,0.2679140504750667,0.4785814512663801,0.2217595444721433,0.1505090349749499,0.2916916355142824,0.5494094163754526,0.2844991477809115,0.2603952393783488,0.0,0.2369713348789843,-0.0078203011239804,0.0275103108494141,0.0201572617612892,0.0609571047072389,0.0994735879070697,0.0554082814230787,0.1383024948560919,0.1033754431350836,0.2947687051462835,0.330435270263854,0.1853190443506511,0.206770215791102,3.252311013425706,1.9349565624888407,3.601673251356287
W0060,5,0.4276803111910784,0.6932741830158167,0.3073135802239014,0.6605437457618569,0.6110421147822714,0.4452120133292877,0.5095882043480062,0.560008024823377,0.595648584375731,0.2668677957612461,0.2673596265142288,0.0992435219518545,0.1571029948309904,0.247525234109379,0.1455485791102073,0.0678476728650344,0.2874230621864816,0.2120056709250636,0.1599176308286743,0.1269158192436152,0.2072017611700086,0.2430809841523843,0.1335960089070437,0.1016399775446269,0.1864956061155044,0.3866406156660664,0.1761298385969239,0.2131823494167514,0.0,0.182216382431387,0.0312755408714063,0.0268370410980111,0.0528302775520191,-0.0471451561853234,0.1404132887563944,0.059902106457603,0.041673579672275,0.0735120756827638,0.1984592239327036,0.1424484078238987,0.0449092126906464,0.1122826588823572,2.7262176570849137,2.0345585009136284,3.238205668129152
W0060,6,0.2721623915542858,0.5003072922982174,0.1891560050639681,0.5281217597158944,0.4263980997103757,0.3023236320595693,0.3396143740239032,0.3776120471388626,0.3553322297044813,0.1698805669870965,0.2269181712480462,0.0645115192124522,0.1041107753700537,0.1382259083486613,0.1238929589613728,0.0310280565805255,0.1921015748785759,0.1347108873881045,0.0886748368535399,0.0959247141813848,0.1209978790528311,0.1756316228043662,0.0837495663962374,0.0615521115590327,0.1176623128333358,0.3359730856533707,0.1012358410175413,0.1326148128194707,0.0,0.0944126199600922,0.0492800553769426,0.0417103642036944,-0.0081547511856408,0.0228849233822341,0.0788632543811783,-0.0384180906859586,-0.0341296494998818,0.0257675297333402,0.0778374588237586,0.1036486396850196,-0.0017396612949137,0.1253607089412339,2.0117880788780296,1.8134982506915407,2.978305148527925
W0061,0,0.1034482758620689,0.1034482758620689,0.1034482758620689,0.1034482758620689,0.1034482758620689,0.1034482758620689,0.1034482758620689,0.1034482758620689,0.1034482758620689,0.1034482758620689,0.1034482758620689,0.1034482758620689,0.1034482758620689,0.1034482758620689,0.1034482758620689,0.1034482758620689,0.1034482758620689,0.1034482758620689,0.1034482758620689,0.1034482758620689,0.1034482758620689,0.1034482758620689,0.1034482758620689,0.1034482758620689,0.1034482758620689,0.1034482758620689,0.1034482758620689,0.1034482758620689,0.1034482758620689,0.0,40.0,0.0,0.0,0.0,0.0,0.0,0.0,0.0,0.0,0.0,0.0,0.0,0.0,0.0,0.0
W0061,1,0.1960429847911795,0.1992072500966403,0.1788539107394999,0.1678565549030499,0.1974610168246935,0.1989246941851015,0.1955392248027575,0.1753680965615683,0.1906380595204774,0.1674857252508953,0.1581846012212059,0.1345270021621522,0.1495368471685971,0.1500239104115174,0.181553435285329,0.132532634454213,0.1487588749272533,0.1507224021394827,0.1712498999620559,0.1374274714068422,0.1903872604598937,0.1541202140948119,0.1813503096008587,0.1517255111136497,0.1708831053375792,0.1566207201055668,0.1466785100835035,0.1314480564235103,0.1524198277086321,0.0,32.28424330412526,0.4168983185007399,0.8436891652451826,0.4612917278009092,0.8554046869964913,0.340297654454175,0.4669815398658355,0.7313725079067204,0.2466988417103252,0.2102687546091393,0.1581760706331057,0.0695550160410224,0.5166556178469963,0.3162409697371056,0.3886322299727284
W0061,2,0.463022047619487,0.6293282121242133,0.4174425055789038,0.4488975457506227,0.4287837299163555,0.4927268357532857,0.5785458972817852,0.5378625577609792,0.5688806042967678,0.3386581012481208,0.228215486415353,0.2173306005661327,0.2176335398323849,0.2750746927873427,0.2746180075147854,0.1995664740651697,0.3241694424157678,0.346195128477724,0.3016720301465012,0.2575691303724062,0.2582483615572937,0.4271432857590371,0.2856250356286701,0.2390912691755026,0.2686425596596128,0.3290526332749701,0.2377742824549276,0.3045846606142073,0.2227036661991106,0.0,10.88855969352553,0.633028046773289,1.3799283992910996,1.0288846031275904,1.9935444865818088,0.6823217104663224,1.6503442936452717,1.2236831051230652,0.5629640877688546,0.6239304400655814,0.3137038885166625,0.2787772191401712,1.632561139543288,1.3030051677560188,1.5775149605680836
W0061,3,0.9879867105583634,1.156973949580361,0.7188011719274993,0.7691955618710697,1.0420825462838816,0.9975633707750482,1.0448274031214633,0.9716088705243506,1.040251818853239,0.6067489890842247,0.311778105976438,0.2293100696826396,0.1770386009938611,0.449764353146563,0.2962601587661972,0.1165594656280087,0.509405504971782,0.3550083640879464,0.2439863717164502,0.2334574064563265,0.3632208480771532,0.481497788985685,0.3514426107475512,0.2441077787688577,0.3660180819685386,0.5743227004916663,0.3986573586352503,0.3916623247261417,0.2849161410316422,0.0,0.1017772851931936,0.2393090254332866,0.4266984412057395,0.2952765946352196,0.7436287383422306,0.2959443744495503,0.7953446615091547,0.6719138510481708,0.622354222689402,0.6225374513279042,0.408411591201299,0.4074134292504533,3.5598907535077715,2.3255902661492653,2.772304751101921
W0061,4,0.5689219346242317,0.9797558385451433,0.4626262233469088,0.821616582852673,1.0175977266932743,0.630138180458023,0.7040095854922551,0.7356608690375199,0.7941001477122952,0.4220929168533909,0.3371513430969657,0.1792224402856189,0.2299832621822926,0.3152266373946252,0.2209494830202367,0.1137981342541096,0.436387588791102,0.3225703326211336,0.245795475832554,0.2085672432870116,0.3603223598512741,0.409019434488693,0.231494853757515,0.1453064893886392,0.2109666754366336,0.5305711314122921,0.2579840989596468,0.2482829999110236,0.1905315785737952,0.0,0.0456487115095369,-0.015244575627065,0.1002704920064515,0.0349006029419032,0.1098716831752298,0.189396051763118,0.2745696714616475,0.1342038545797515,0.3791072720348601,0.3378077167541468,0.1778938789406325,0.2088713165878604,3.5030244360439897,2.189083017522455,3.1577969528940737
W0061,5,0.4600853527830565,0.7119412693350985,0.3216617031276311,0.6552669206585987,0.6120833156074325,0.4697977673668764,0.4467678690076333,0.5900915671198239,0.5721725902649738,0.2584030600134038,0.2660826049017421,0.0932294247839367,0.1701490483180597,0.2376892030203011,0.1578419358507826,0.0687200693399885,0.2728356841437706,0.2405399219504563,0.1417298071367987,0.1220516052735693,0.2004358488559722,0.2593701798657796,0.1628810512560228,0.1026859475984088,0.1982746576627677,0.4913322398961353,0.162452023905005,0.2053880176617035,0.1537673724863393,0.0,0.0631937616489492,-0.0145126498627031,-0.0119775120327551,0.1339626235783524,0.0936963860718726,0.047726554820313,0.0969350863804566,0.1388518042360665,0.1546890803440558,0.1270534915455684,0.2003302068132298,0.138762635555515,3.3099416170528326,1.7160051558525895,3.0523342892049343
W0061,6,0.2280018611402438,0.4982017234873342,0.1964714565557845,0.5309922924954692,0.4900276194841557,0.2709603201094815,0.3665596942540091,0.315986344107603,0.3201826772076383,0.1577871589225299,0.186075774892479,0.0848342828758138,0.121864528531805,0.1656389697549739,0.1284552515716873,0.048426207166629,0.1569742159270643,0.1118141098912127,0.1049974961212942,0.0932363474050373,0.1292769153437016,0.2020807137035479,0.0770936440928453,0.0423896035192973,0.1066548879643181,0.3478134846566737,0.1107021556837337,0.1541542840863414,0.0710343916296913,0.0,0.0625766836269831,0.018470133540045,0.0534665788452722,0.0396027390317586,0.0063287080299469,0.0336164169133326,0.085861664167105,0.0782075419597058,0.1776687348069101,0.1351982983887234,0.0448529021538135,0.1539801459685703,2.684475022263536,2.077660310498532,3.5361274292256164
W0078,0,0.0,0.0,0.0,0.0,0.0,0.0,0.0,0.0,0.2727272727272727,0.2727272727272727,0.0,0.2727272727272727,0.0,0.2727272727272727,0.0,0.2727272727272727,0.0,0.2727272727272727,0.0,0.0,0.2727272727272727,0.0,0.2727272727272727,0.2727272727272727,0.0,0.2727272727272727,0.0,0.2727272727272727,0.0,0.0,40.0,0.0,0.0,0.0,0.0,0.0,0.0,0.0,0.0,0.0,0.0,0.0,0.0,0.0,0.0
W0078,1,0.0,0.0,0.0,0.0,0.0,0.0,0.0,0.0,0.5344616704204281,0.4271332656638086,0.0,0.4076912003087429,0.0,0.4392848487782261,0.0,0.3290785651862785,0.0,0.5001760045006893,0.0,0.0,0.4428957389245055,0.0,0.4461973289255707,0.4107830633304626,0.0,0.5142156013668511,0.0,0.4247853985904551,0.0,0.0,27.89964579091204,0.2858573920015707,0.8499889020664925,0.8478118608776802,0.9641007388372236,0.3626573018044431,1.0023854349107575,0.2674811965049726,0.3344029706883189,0.1397955588258212,0.16863008975865,0.1162319704098033,0.6146393997900176,0.2115639315462679,0.300647838336163
W0078,2,0.0,0.0,0.0,0.0,0.0,0.0,0.0,0.0,1.450277660230294,1.0399938063863785,0.0,0.636112751425645,0.0,0.7502818463743266,0.0,0.4745370955609753,0.0,0.850838063060599,0.0,0.0,0.7734538401139853,0.0,0.6544129249900744,0.5818625518584369,0.0,0.926672715564226,0.0,0.8045490130517657,0.0,0.0,14.292015240915864,0.8514665330552362,1.8001086752901103,1.904284502830256,2.016511902167617,0.6357425672221056,1.89357059371808,0.7803579402746736,0.6319722803963852,0.3443645809859075,0.2872305520857208,0.4184154254503674,1.773183199093628,0.903068583093183,1.1380744393146307
W0078,3,0.0,0.0,0.0,0.0,0.0,0.0,0.0,0.0,3.599424777350661,1.7548011703376494,0.0,0.564994456234717,0.0,1.2055002135229915,0.0,0.4091725110052445,0.0,1.323958306902164,0.0,0.0,1.107646092833531,0.0,1.027806539215282,0.5817518967833185,0.0,1.2846960332098143,0.0,1.3055576046863115,0.0,0.0,0.082554111053756,0.9839415638063924,1.0227081491458032,0.8964487566238621,1.1066524908342603,0.346239616101324,1.0854803611907935,1.2970768761630962,0.5742883953493559,0.4796081150012485,0.3118533352646026,0.6359803323273232,3.241967889263977,1.89497988825896,2.423166133062812
W0078,4,0.0,0.0,0.0,0.0,0.0,0.0,0.0,0.0,3.0599298517947484,1.7372693393581211,0.0,0.5114201332071238,0.0,0.910913278335302,0.0,0.2865073283496466,0.0,0.9726814849478904,0.0,0.0,0.6565689652617324,0.0,0.8854201781312427,0.5041059638839126,0.0,1.562030600577807,0.0,1.1151221366045003,0.0,0.0,-0.0464405162366521,0.4497530854391739,0.2828046458455205,0.3074948722213598,0.1840634813135112,-0.0667932517394914,0.1658872155392108,0.4998536864858252,0.2520611785536484,0.286021526717073,0.1311738084587241,0.3606701023100125,4.467031470049759,2.0520300267158085,2.3892261136966746
W0078,5,0.0,0.0,0.0,0.0,0.0,0.0,0.0,0.0,1.992493322756481,1.0700549481192745,0.0,0.3098849339689064,0.0,0.6095529635634673,0.0,0.1800250922289215,0.0,0.8051991617828771,0.0,0.0,0.6609489747048226,0.0,0.5273247188913862,0.305543920660576,0.0,1.3802104063601095,0.0,0.7553479537771766,0.0,0.0,0.0045262256940677,0.112378951662082,0.0517271107310604,0.0888481894827316,0.1264751677058674,0.0335284363978974,0.0978547436992507,0.1911259265645324,0.1362322426232777,0.184035253629647,0.0741915634216074,0.1748526675157546,4.799225993414638,2.027921443246365,2.093359683421421
W0078,6,0.0,0.0,0.0,0.0,0.0,0.0,0.0,0.0,1.7030325695028123,0.6786578171546772,0.0,0.2061688277219407,0.0,0.4307735987320046,0.0,0.1072065943218381,0.0,0.4375201142924479,0.0,0.0,0.3944344067714224,0.0,0.3439070264453069,0.1955764119873624,0.0,1.129427300489089,0.0,0.4846020040713543,0.0,0.0,-0.023439516902519,0.1032021041510519,0.064866216246222,0.0185454436381161,0.0230518451051279,0.0572785756317066,-0.0155842566951195,0.1046092390364446,0.1308139342524492,0.1363771769262041,0.1456080967143282,0.1232333139516812,5.492088931588926,1.5271723208736192,2.0899223380134435
W0129,0,0.0,0.0,0.0,0.0,0.0,0.0,0.2307692307692307,0.2307692307692307,0.0,0.0,0.0,0.0,0.2307692307692307,0.2307692307692307,0.0,0.0,0.2307692307692307,0.0,0.2307692307692307,0.2307692307692307,0.2307692307692307,0.0,0.2307692307692307,0.2307692307692307,0.0,0.0,0.2307692307692307,0.0,0.2307692307692307,0.2307692307692307,40.0,0.0,0.0,0.0,0.0,0.0,0.0,0.0,0.0,0.0,0.0,0.0,0.0,0.0,0.0
W0129,1,0.0,0.0,0.0,0.0,0.0,0.0,0.3382318805891229,0.4148361182300388,0.0,0.0,0.0,0.0,0.3316286385506887,0.4579990485596105,0.0,0.0,0.3063525683141849,0.0,0.3496855484147572,0.3728343425941927,0.4358199831396929,0.0,0.3439093744300853,0.3182694434730598,0.0,0.0,0.3494359562832348,0.0,0.3920366565902223,0.3931958172702216,33.07346499436298,0.6761722540191935,0.4245013618145266,0.4537604431356465,1.1274472824091697,0.3458865553968095,0.4911882603172779,0.4899190632525438,0.3097496564000382,0.2445120470835511,0.2725620383173607,0.1683018032047623,0.4212006323916961,0.1299049385167823,0.4006534063426958
W0129,2,0.0,0.0,0.0,0.0,0.0,0.0,1.164263081871762,1.094166648316708,0.0,0.0,0.0,0.0,0.3971922545589426,0.6337402624793544,0.0,0.0,0.7307702622916317,0.0,0.5251603401494503,0.5895625900580833,0.7876996895015278,0.0,0.6810463332085633,0.449618821709745,0.0,0.0,0.6754803767381066,0.0,0.5819423813085303,0.5904279034151723,13.606365971202967,1.5584250200778371,0.7246520367346935,0.8838226052892457,2.764928221793036,0.7017653684678129,1.1228058249583397,1.245470410821379,0.5976214092315787,0.6625326390804301,0.314798527143175,0.34344261343863,1.3018022980691994,0.6044128181343456,1.4027902212511294
W0129,3,0.0,0.0,0.0,0.0,0.0,0.0,2.8925092612428567,2.371655887024993,0.0,0.0,0.0,0.0,0.575066354608432,1.136266391848282,0.0,0.0,1.4383594094572802,0.0,0.7328734883430164,0.6238808728471917,1.232697889844863,0.0,0.8201978703500957,0.5388060702576468,0.0,0.0,1.1445155615697942,0.0,0.8609581534904946,0.9618707755063296,0.0739351245768193,0.8584056655937232,0.4959217739737696,0.594697022172004,2.071689537922602,0.7383637016505977,1.1019633263667497,0.8683447588422988,0.3854662892148989,0.7229116858984067,0.4564733607230711,0.4810499243346711,2.4875758048959726,1.5110254378779862,3.2820632061806623
W0129,4,0.0,0.0,0.0,0.0,0.0,0.0,3.1481119082673445,2.2370499157459616,0.0,0.0,0.0,0.0,0.456704643541173,0.990411829756094,0.0,0.0,1.3069202608456592,0.0,0.5145237226933317,0.5370540270428187,0.931178232283576,0.0,0.5271336949884698,0.37560318534721,0.0,0.0,0.8935691825308718,0.0,0.660624750569501,0.5587055835038194,0.0817391876404659,0.1973019867061239,0.0197943647075871,0.1554045217312014,0.5967456715475937,0.2142765142833224,0.337252426164065,0.1694035697176393,0.1486897475446946,0.2967141843149883,0.2317001958912754,0.2451692313844519,3.9272130431522654,1.4186207069428134,3.654363859914293
W0129,5,0.0,0.0,0.0,0.0,0.0,0.0,2.122996441741063,1.824485725006127,0.0,0.0,0.0,0.0,0.2704149781076151,0.6157639005950301,0.0,0.0,0.7344021018404342,0.0,0.3753303131106658,0.3405514073365094,0.851603571585716,0.0,0.3712375256653849,0.2250671588402295,0.0,0.0,0.5490303480897852,0.0,0.3822477448028476,0.5193029925069345,-0.0112740674215709,0.0481306538728339,0.1729559478290812,0.0821522105412915,0.1662231360788013,0.0917309553290268,0.2888048732873812,0.0172074020054877,0.1188811423634595,0.0968801714953792,0.0262831660358328,0.1225196736501327,4.092492412194792,1.6461129174125548,4.346387166518648
W0129,6,0.0,0.0,0.0,0.0,0.0,0.0,1.161340117549642,1.0190953123305309,0.0,0.0,0.0,0.0,0.1824629923002381,0.4072886692628537,0.0,0.0,0.450842867825114,0.0,0.234339897248099,0.2161643157268312,0.5109311173206199,0.0,0.1971489445287899,0.1274846766540637,0.0,0.0,0.4761804806863228,0.0,0.262131147698071,0.2863508239482806,0.0319105593535196,0.0996433663072052,0.0532280324805806,0.0166477646490756,0.1126395373001446,0.034649109376817,0.0678262878854774,0.0549705644053789,0.0369294738746449,0.1555485535800506,0.0729343963780943,-0.0317484055191575,4.3507828188855,1.230507341014757,4.312810845040203
W0153,0,0.0,0.0,0.0,0.0,0.0,0.4285714285714285,0.0,0.0,0.0,0.0,0.0,0.0,0.4285714285714285,0.4285714285714285,0.0,0.0,0.0,0.0,0.0,0.0,0.4285714285714285,0.0,0.0,0.0,0.0,0.4285714285714285,0.0,0.4285714285714285,0.4285714285714285,0.0,40.0,0.0,0.0,0.0,0.0,0.0,0.0,0.0,0.0,0.0,0.0,0.0,0.0,0.0,0.0
W0153,1,0.0,0.0,0.0,0.0,0.0,0.7726718479315805,0.0,0.0,0.0,0.0,0.0,0.0,0.4553499067283627,0.6355516695893633,0.0,0.0,0.0,0.0,0.0,0.0,0.7662145058019842,0.0,0.0,0.0,0.0,0.6879266078119005,0.0,0.5984654191769814,0.6197937008227817,0.0,33.86472413628178,0.4022862256239777,0.9343946821512116,0.5265109256140854,0.968964303539068,0.5018366231453707,0.6718452361169861,0.3926347237228704,0.0767883370960194,0.0484918522035403,0.2214138095091708,0.1018814242515156,0.6086546409727147,0.1658637194394179,0.5149364125746463
W0153,2,0.0,0.0,0.0,0.0,0.0,1.8663212906080788,0.0,0.0,0.0,0.0,0.0,0.0,0.7728818614099107,1.3680768531848495,0.0,0.0,0.0,0.0,0.0,0.0,1.371787844991638,0.0,0.0,0.0,0.0,1.1645121309572233,0.0,1.3267839074226293,1.0026958831250856,0.0,12.920308870315864,0.8573359696401177,2.565823718045164,0.8611444302752028,1.6615834704758206,0.7771025769171814,1.752017745373558,1.0308356917647072,0.3357564039925559,0.2111911105426797,0.3782714365566623,0.2463818529938184,1.7214913324571264,0.563677924102549,1.403823200672121
W0153,3,0.0,0.0,0.0,0.0,0.0,4.851243338960911,0.0,0.0,0.0,0.0,0.0,0.0,0.946791378590606,1.9848908214139296,0.0,0.0,0.0,0.0,0.0,0.0,1.4878473427739685,0.0,0.0,0.0,0.0,2.3957300166572315,0.0,2.3012760891841886,1.3505742392576856,0.0,0.1423921535377936,0.6156763975908451,1.1490717374211108,0.4765869121590042,1.134558988947623,0.2969779641307893,1.794339041897819,0.6367335782873771,0.5378130659537766,0.3814959732424107,0.3574250487777421,0.318095148289353,4.883705205734017,1.5128588850320133,3.1268958975331955
W0153,4,0.0,0.0,0.0,0.0,0.0,4.193141826647481,0.0,0.0,0.0,0.0,0.0,0.0,0.5595384422511441,1.285525870887277,0.0,0.0,0.0,0.0,0.0,0.0,1.3862623432163157,0.0,0.0,0.0,0.0,1.973827364496037,0.0,1.6047028937100345,1.0863487065262738,0.0,-0.0869330669478324,0.1004765037814618,0.2034649320195667,0.0810205807103522,0.2194064056267839,0.0869222775554188,0.3805965815667341,0.1662660900548751,0.2580320140511523,0.2362609619269743,0.1780859175387916,0.1291204289198395,6.626288576127482,1.6297905358365397,2.872647012218561
W0153,5,0.0,0.0,0.0,0.0,0.0,2.4903304683122185,0.0,0.0,0.0,0.0,0.0,0.0,0.4690394936774751,0.734038475768878,0.0,0.0,0.0,0.0,0.0,0.0,0.946658547578115,0.0,0.0,0.0,0.0,1.696792282811038,0.0,1.3804771109300344,0.6375365123204375,0.0,-0.0421573239916552,0.06254175593047,0.0801420890850179,0.0286813095927745,0.0501423773284301,0.0507036511698421,0.1227447160876947,0.0001188560075885,0.1844153732967329,0.0901165659540742,0.0603303151443558,0.0808217958752368,7.446687925920951,1.6862198180614127,2.4802623363037504
W0153,6,0.0,0.0,0.0,0.0,0.0,1.8369742602734391,0.0,0.0,0.0,0.0,0.0,0.0,0.329312717746642,0.5326957520488678,0.0,0.0,0.0,0.0,0.0,0.0,0.4831144204847699,0.0,0.0,0.0,0.0,1.194016440445093,0.0,0.6493534679813058,0.3347599281953336,0.0,0.1018879068770413,0.1644785014192859,0.0338340954293162,-0.0064842398571752,0.0497189852923124,0.0459855006353417,0.0291576916317279,0.022354351127457,-0.009827565195575,0.0328024678843496,-0.0132661404572926,0.0514339025765914,6.906703764797774,1.089423004866877,2.082650608997277
W0301,0,0.0,0.0,0.0,0.0,0.25,0.0,0.25,0.0,0.0,0.0,0.25,0.0,0.25,0.25,0.0,0.0,0.25,0.25,0.0,0.0,0.0,0.25,0.25,0.0,0.25,0.25,0.0,0.0,0.25,0.0,40.0,0.0,0.0,0.0,0.0,0.0,0.0,0.0,0.0,0.0,0.0,0.0,0.0,0.0,0.0
W0301,1,0.0,0.0,0.0,0.0,0.4467498391529225,0.0,0.3764855695407891,0.0,0.0,0.0,0.3867436737156534,0.0,0.3084784037260233,0.3538868486663078,0.0,0.0,0.415383363865596,0.3896357569269809,0.0,0.0,0.0,0.4177558951477486,0.3799279140255865,0.0,0.3967672531002374,0.374677435858061,0.0,0.0,0.3329632367162677,0.0,29.199275006945875,0.5746365976881977,0.6951084431353661,0.2424281969437502,0.9491494349784472,0.2460615830987471,0.5565511610947127,0.6571714860991668,0.2316954581122043,0.2526757367446033,0.1803872526036723,0.1136571816471123,0.7735473539919896,0.5186688447421139,0.2829702835243596
W0301,2,0.0,0.0,0.0,0.0,1.191266647495803,0.0,0.9820356379562332,0.0,0.0,0.0,0.5791018812347383,0.0,0.5290847209690706,0.7044923611649645,0.0,0.0,0.8219415684854772,0.707688973736767,0.0,0.0,0.0,0.8941847459176017,0.5752090369442653,0.0,0.695808328448663,0.6565684188626297,0.0,0.0,0.5881057317879881,0.0,15.96460376457912,1.2847809683818323,1.1080564690645074,0.6287607361879647,2.1502662691772474,0.4929315826785477,1.0376571977120947,1.1955390052649226,0.6247167834367053,0.4450759112080235,0.4310373077857491,0.2845266554141774,2.150491293435956,1.504204615378944,1.340161461770886
W0301,3,0.0,0.0,0.0,0.0,2.4740353017411967,0.0,2.42332708159566,0.0,0.0,0.0,0.865529896496184,0.0,0.5395496504569295,1.0423125414010097,0.0,0.0,1.152346599939379,0.90080493361344,0.0,0.0,0.0,1.5790205119731746,0.694991843904902,0.0,0.974801426039762,1.2357880030316937,0.0,0.0,0.7919275771692945,0.0,0.0830731382218218,0.586217504314872,0.3919428215001346,0.4111198157692742,1.6409432242240114,0.3508251656673141,0.7403860892147314,1.0864922623315576,0.4460643193820963,0.4022081752671206,0.4004709400638295,0.4825419540688958,2.969437356223456,2.791172838665824,2.985005166896681
W0301,4,0.0,0.0,0.0,0.0,2.6339703101240985,0.0,2.227298752930238,0.0,0.0,0.0,0.7879699684906355,0.0,0.6038861325500398,0.928105585227832,0.0,0.0,0.7021831123587948,0.6554988813698661,0.0,0.0,0.0,1.0432242457857694,0.4041193993508151,0.0,0.5890852935682093,1.620828510528742,0.0,0.0,0.3879840433851973,0.0,0.0606293266641432,0.152659037375271,0.0369278871500415,0.1073048475156804,0.5458693230060851,0.2089913304956,0.1370831887397988,0.2066449989353448,0.1890943720576158,0.120784989454481,0.2104892307631124,0.2400716321001854,2.940398276188646,3.419592720585323,3.002643548863367
W0301,5,0.0,0.0,0.0,0.0,1.967685688672476,0.0,1.381842951636806,0.0,0.0,0.0,0.6322141130806281,0.0,0.4264671326003722,0.6429687319347579,0.0,0.0,0.7107423991370689,0.4233110166821776,0.0,0.0,0.0,0.7060938015967694,0.2868215365647087,0.0,0.4603175351198389,1.147199297449275,0.0,0.0,0.3015007119842617,0.0,0.0413452060418068,0.0351391452036341,0.0606586274718026,0.0679746903957623,0.2010902273404837,-0.0001546996882259,0.0827585023542376,0.0865722079574847,0.1055326133020518,0.1248691158250462,0.1205594002269658,0.1403875117675555,2.8684796582725,3.648066219124623,3.4789005614015167
W0301,6,0.0,0.0,0.0,0.0,1.329412349688519,0.0,0.9054189149194892,0.0,0.0,0.0,0.4210013355890808,0.0,0.3055316261561211,0.4014124396013386,0.0,0.0,0.3569676280903328,0.3046080335390455,0.0,0.0,0.0,0.4737398476219148,0.1803861160547607,0.0,0.2680439162219039,1.140403089132412,0.0,0.0,0.2115362103828501,0.0,-0.0147375852659497,0.0591683359045831,0.0537623237687157,0.0448844276701858,0.1217129139711442,0.0265888047607772,-0.0012353883573256,0.0286216886624298,0.1169412106100316,0.109280385505447,0.1251802400282278,0.0727395743227406,2.2704312471285584,2.76862839448271,3.530013590467145
W0366,0,0.0,0.0,0.0,0.0,0.1875,0.1875,0.0,0.1875,0.0,0.1875,0.0,0.0,0.1875,0.0,0.0,0.1875,0.1875,0.0,0.1875,0.1875,0.1875,0.0,0.1875,0.1875,0.1875,0.1875,0.1875,0.0,0.0,0.1875,40.0,0.0,0.0,0.0,0.0,0.0,0.0,0.0,0.0,0.0,0.0,0.0,0.0,0.0,0.0
W0366,1,0.0,0.0,0.0,0.0,0.399404007179799,0.3462704267831889,0.0,0.2917815713551097,0.0,0.3248458099357667,0.0,0.0,0.2458946303262795,0.0,0.0,0.217543883969525,0.2981331283960071,0.0,0.2525075012353319,0.3036365971658987,0.2555640039072433,0.0,0.3142388255172627,0.2727209422006025,0.3456454230212222,0.2612837173161333,0.2881089637159437,0.0,0.0,0.2670488588014985,28.56112387529484,0.5044985136646706,0.7116164348891231,0.6267002247513443,1.364557743722977,0.3404501296269486,0.6344045609821893,0.4378641667365536,0.2855572037511845,0.2852964092292516,0.2028715699456856,0.0684801939547437,0.5578722365199307,0.4159440263939147,0.2719205994213579
W0366,2,0.0,0.0,0.0,0.0,0.6461797542429162,0.8578163019401078,0.0,0.8328676184181955,0.0,0.6822338122461019,0.0,0.0,0.3853892757204298,0.0,0.0,0.3230048069752859,0.5517846858796165,0.0,0.4898149272698616,0.3944687847624494,0.6339550881240011,0.0,0.4555222648281674,0.3910051693137957,0.5890983741610369,0.6298443572847692,0.4892575804579965,0.0,0.0,0.5178180056137549,13.786515418129763,0.7278616748375888,1.1483344294332032,1.0408820578344389,2.3888769933182274,0.7601754720988387,1.2753197315732514,0.6156142864797499,0.4496301467575094,0.5978449002485419,0.417885609884189,0.3245218932087284,1.724510999624607,1.2288248817040848,1.239028855778656
W0366,3,0.0,0.0,0.0,0.0,1.8084445784700736,2.1172214803680736,0.0,1.9697217057556131,0.0,1.1496427558821878,0.0,0.0,0.4498577250967684,0.0,0.0,0.3146715206429381,1.0759153304807303,0.0,0.7003874632368539,0.5657159062653225,0.9887265393638336,0.0,0.6306492327896674,0.4226861659226639,0.8313652994830532,0.920298154829537,0.616699610532194,0.0,0.0,0.7051639291629302,0.0876238753578079,0.6353176317208862,0.6332965078815685,0.6818617803241166,1.300067454310542,0.409404028577775,0.7753291298734284,0.7594973325500283,0.6232772508745175,0.7563963166773057,0.2977947483297078,0.4320774684986642,3.0622597257778814,1.9443207282642911,2.7264854213759917
W0366,4,0.0,0.0,0.0,0.0,2.15513146718446,1.3941436043086752,0.0,1.4724196353345311,0.0,1.1129443135056702,0.0,0.0,0.4167207119089799,0.0,0.0,0.2141575387166601,0.8975241295761622,0.0,0.4631698404555388,0.3696068310927067,0.8543898810734016,0.0,0.412378162826656,0.321167505928415,0.6531796954694923,1.175021029679502,0.6941190426463498,0.0,0.0,0.549832774975001,0.0265124301272197,0.1613946381714482,0.1334247592291322,0.2005850805876252,0.3390803998794905,0.1312979256752217,0.1017309317032333,0.1371824476449713,0.4158655714982656,0.3158265793639203,0.0942658553069382,0.2471417385852819,3.6327962983294007,2.4250201142345325,3.419465487028765
W0366,5,0.0,0.0,0.0,0.0,1.5302182270447595,1.005906943364956,0.0,1.0764663597466224,0.0,0.647493967408768,0.0,0.0,0.2829006849985725,0.0,0.0,0.1195024231182728,0.5101090306061583,0.0,0.3280289227561498,0.266641101040085,0.5560079186537543,0.0,0.3473274776966206,0.180638755017308,0.4217637258242218,1.1285498533943603,0.4422633026238458,0.0,0.0,0.3412032084424937,0.0399490280152766,0.0294980615305906,0.000677477302766,0.0436396122543988,0.1281390973888402,0.1040166191964411,-0.0083213142098848,-0.0024147665828426,0.2278278953290867,0.1125110227732759,0.036714470941991,0.1223365596139657,3.184046774168722,2.2927954122949434,3.2833831105841447
W0366,6,0.0,0.0,0.0,0.0,0.8712255559292481,0.6379953994339324,0.0,0.6621846822366209,0.0,0.4439960834582847,0.0,0.0,0.1478361447779644,0.0,0.0,0.0720710428096105,0.3577213759747558,0.0,0.2195968432761588,0.1549398637957224,0.3456363957717681,0.0,0.1901114351087303,0.1204404175478783,0.224855048232816,0.961308204624485,0.2577393427809868,0.0,0.0,0.2718353317734803,-0.0391314583449591,0.0324424007966512,0.0716444670987229,0.0905483660532636,0.0154684115914378,0.0616965712450564,0.0237127918929219,0.0707537626259856,0.0628169079792304,0.16289133120357,0.0493152580232086,0.0788071985766221,3.6195181985854377,1.634498311208122,3.269256213056216
W0534,0,0.0,0.0,0.0,0.3,0.0,0.3,0.0,0.0,0.0,0.3,0.0,0.0,0.0,0.3,0.3,0.0,0.0,0.0,0.0,0.0,0.0,0.3,0.3,0.3,0.0,0.3,0.0,0.3,0.0,0.0,40.0,0.0,0.0,0.0,0.0,0.0,0.0,0.0,0.0,0.0,0.0,0.0,0.0,0.0,0.0
W0534,1,0.0,0.0,0.0,0.4446761029918252,0.0,0.4693675496655417,0.0,0.0,0.0,0.4998954007636101,0.0,0.0,0.0,0.5368480014090243,0.4044004745815668,0.0,0.0,0.0,0.0,0.0,0.0,0.5554948691654299,0.4393366583091166,0.4114375838991401,0.0,0.3961526526576558,0.0,0.5335030344041549,0.0,0.0,34.14597820603909,0.2882994096814723,0.7265479242013293,0.7432557126132664,0.8368703676883218,0.3473485741152334,0.734475004886248,0.7280772764456309,0.1952587331133736,0.1233900645934794,0.1448021018486808,0.1676124396402516,0.4464294743258802,0.3676611111251991,0.5748805109738857
W0534,2,0.0,0.0,0.0,1.1912890013488775,0.0,1.506291344654106,0.0,0.0,0.0,1.0475780772714562,0.0,0.0,0.0,0.8585692311830131,0.7534328866912937,0.0,0.0,0.0,0.0,0.0,0.0,1.0402376404491398,0.7531139881609525,0.6024890949564173,0.0,0.944269253804682,0.0,0.9363982592752252,0.0,0.0,11.84392504318506,0.6643551940895385,1.4615360728133344,0.9461611537411626,1.7885549305134598,0.4923710887309009,1.6628990948620088,1.882096698596088,0.5565736258765284,0.4134593757766744,0.4382987464088267,0.1761371431426519,1.7167664959518527,1.1200133673497026,1.922954066526948
W0534,3,0.0,0.0,0.0,1.9474545296935497,0.0,3.113558716312819,0.0,0.0,0.0,1.6028735955773554,0.0,0.0,0.0,1.1952530567195283,0.9158582640076895,0.0,0.0,0.0,0.0,0.0,0.0,1.718038652080888,1.0900875653292184,0.5339621930604712,0.0,1.859256060805191,0.0,1.0821912166276386,0.0,0.0,0.0229901721216551,0.2901636568679803,0.6504058867745091,0.3534308601679016,1.3333699184714984,0.1671488449978052,1.265703714391861,1.5160593469853918,0.4310613912082213,0.8099878435091004,0.5125307332804877,0.2092794300387975,3.6809575554155503,2.060727435464526,3.9037209256680554
W0534,4,0.0,0.0,0.0,2.2544625719434253,0.0,2.4848310511328435,0.0,0.0,0.0,1.2051146187077957,0.0,0.0,0.0,1.1205206406539132,0.729606683235944,0.0,0.0,0.0,0.0,0.0,0.0,1.245418020267805,0.7353675357344862,0.4123181448769005,0.0,1.830873836692685,0.0,0.9646918844899416,0.0,0.0,0.0196169397996635,0.0655807482869001,0.175066321446727,0.0163158905076571,0.4953248526926039,0.0616233663780336,0.4129445354034337,0.2631218378036455,0.1887132783968866,0.3543154176038175,0.3474359445083774,0.1043953023988919,3.607639166031388,2.4682297897523675,3.1470821935144886
W0534,5,0.0,0.0,0.0,1.6400748048561968,0.0,1.535062338580792,0.0,0.0,0.0,0.8479861861251468,0.0,0.0,0.0,0.7006300918288024,0.3098484102798879,0.0,0.0,0.0,0.0,0.0,0.0,0.9899443041797336,0.4689590381361995,0.2907871849805178,0.0,1.2390345638143878,0.0,0.5211699875539371,0.0,0.0,0.0430412308005103,0.0408691093986714,0.0520246300079809,0.0356814579647196,0.26225223352549,0.0390983086775578,0.1034295813067132,0.1883649681421534,0.0363724971381473,0.1205332245473007,0.1923674059858975,0.0204112006745448,3.893883226662193,1.9958903250914843,2.837620049636693
W0534,6,0.0,0.0,0.0,1.523298302476174,0.0,1.1396008875643415,0.0,0.0,0.0,0.5574848044777202,0.0,0.0,0.0,0.4934303731082204,0.289841159406216,0.0,0.0,0.0,0.0,0.0,0.0,0.5098793897058355,0.3236324799640997,0.1552142982735241,0.0,0.9172881549030216,0.0,0.4315632759653296,0.0,0.0,-0.0375161187534649,-0.0037145904214348,0.0271549321694563,0.1151765363570272,0.2198533163127196,0.0813892186450286,0.095030431062099,0.1013412277948361,0.0592242101141611,0.0896483427456855,0.0828040188685806,0.0069018566001703,3.5709354110852645,1.958602012091778,2.37354006724878
W0542,0,0.0,0.0,0.0,0.2727272727272727,0.0,0.2727272727272727,0.0,0.0,0.0,0.2727272727272727,0.2727272727272727,0.2727272727272727,0.0,0.0,0.2727272727272727,0.0,0.0,0.0,0.0,0.2727272727272727,0.0,0.0,0.0,0.2727272727272727,0.2727272727272727,0.0,0.0,0.0,0.2727272727272727,0.2727272727272727,40.0,0.0,0.0,0.0,0.0,0.0,0.0,0.0,0.0,0.0,0.0,0.0,0.0,0.0,0.0
W0542,1,0.0,0.0,0.0,0.4659611753252082,0.0,0.5304325686590886,0.0,0.0,0.0,0.4401824302094933,0.4196895549267421,0.4236376598170867,0.0,0.0,0.4245538809242875,0.0,0.0,0.0,0.0,0.397471283919556,0.0,0.0,0.0,0.371694152908236,0.4615663525758083,0.0,0.0,0.0,0.40714993123113,0.4027076664988948,25.842555855025275,0.5339203007489445,0.4832199671609202,1.348970084615961,0.8709818489677074,0.3375828758430055,0.4463503069661516,0.8591464748180178,0.1668744834121812,0.1964825483306461,0.2366819305324772,0.0890070606086057,0.2342057275739996,0.4487681794861991,0.6362689958634218
W0542,2,0.0,0.0,0.0,1.089765957932432,0.0,1.1489272396448629,0.0,0.0,0.0,1.0949050668423932,0.6857840870750594,0.5310747012063564,0.0,0.0,0.6465658239123524,0.0,0.0,0.0,0.0,0.6353398965359285,0.0,0.0,0.0,0.4631051668136426,0.7341915963230294,0.0,0.0,0.0,0.6989113839807838,0.879597573858103,15.354149979129396,1.0025629076221123,0.9153040191693048,1.9115826952651869,2.3292148093159786,0.6283503968171285,1.3175131172572403,1.8116811736652656,0.3757202012253045,0.4807643546856925,0.3767954699217219,0.1507424419041214,1.1099370142876608,1.2782352708351552,1.572003018616003
W0542,3,0.0,0.0,0.0,2.76580711464989,0.0,4.000758791304961,0.0,0.0,0.0,1.772623789343407,0.984285793998991,0.768755738026421,0.0,0.0,1.0601221420876408,0.0,0.0,0.0,0.0,0.7496284902086932,0.0,0.0,0.0,0.6582732796781118,1.2155389061242403,0.0,0.0,0.0,1.0998246706633747,1.0097811112006994,0.0912477812858583,0.4344800951909697,0.682792360038944,0.5798493451156712,1.567249388029738,0.2152198220431752,1.2929680579676155,1.2683116362429387,0.8553809680658082,0.529770150814063,0.4394195066708696,0.2974563878519602,2.530687571891549,2.80199394194333,2.6972051518272555
W0542,4,0.0,0.0,0.0,2.3021248058914403,0.0,2.616580894408244,0.0,0.0,0.0,1.6346132496317145,0.6625007339881719,0.4530359104584764,0.0,0.0,0.7116463206541288,0.0,0.0,0.0,0.0,0.6724056745549825,0.0,0.0,0.0,0.4471239676243771,0.9527929293334164,0.0,0.0,0.0,0.9684184889580848,0.7269524473887272,0.0463376394144832,0.1068228407566986,0.1436857027387557,0.1560727333895111,0.6082975363166833,0.0070507092396652,0.4800444254256862,0.3689587951241913,0.7511253036960905,0.286533095511112,0.3248794972514666,0.2258448275066151,2.7690913185109545,3.080801915751356,2.6980381356550662
W0542,5,0.0,0.0,0.0,2.2729532724015837,0.0,1.9361698248642067,0.0,0.0,0.0,1.1783353811171782,0.6424694703298924,0.4105601886828103,0.0,0.0,0.4820473448981883,0.0,0.0,0.0,0.0,0.4122405500654714,0.0,0.0,0.0,0.2554520921044282,0.6181261846087154,0.0,0.0,0.0,0.4865496829413614,0.6007895606837348,0.0331029532739074,0.043987785010584,0.0757436859318902,0.0124202839218866,0.3004925239956306,0.0183928417931802,0.2442091671941102,0.0836156781912588,0.5518284311404473,0.1735552741131705,0.2063003180182284,0.0816044858525516,2.378286815707097,2.9094288774166226,2.773730102719275
W0542,6,0.0,0.0,0.0,1.5091496106871314,0.0,1.498145377236882,0.0,0.0,0.0,0.7692428782262727,0.5023479567167789,0.2085979466251158,0.0,0.0,0.2884795103929165,0.0,0.0,0.0,0.0,0.2628170600461503,0.0,0.0,0.0,0.1950855889157456,0.3288070442691891,0.0,0.0,0.0,0.3523942696848589,0.3437651181107172,0.0192056836729508,0.082458369988928,0.0381706355924056,0.0101837757178828,0.2884834005502253,0.0461343999554474,0.109023643989458,0.0274564282004195,0.4390601396768721,0.0960568698105877,0.1246739465508306,0.1624834687468323,1.9663231439890716,2.571272749071407,2.8249359183399405
W0567,0,0.0,0.0,0.0,0.2,0.0,0.2,0.0,0.2,0.0,0.2,0.2,0.0,0.0,0.2,0.2,0.0,0.2,0.0,0.0,0.2,0.0,0.2,0.2,0.2,0.0,0.0,0.2,0.2,0.0,0.2,40.0,0.0,0.0,0.0,0.0,0.0,0.0,0.0,0.0,0.0,0.0,0.0,0.0,0.0,0.0
W0567,1,0.0,0.0,0.0,0.3228655207463604,0.0,0.3487301263497058,0.0,0.388691974024071,0.0,0.3383446166712024,0.2876413039473716,0.0,0.0,0.3369346347649843,0.2675520444630935,0.0,0.3059281003566474,0.0,0.0,0.2504867562353662,0.0,0.3570552952463637,0.3283771530820318,0.2590726845673832,0.0,0.0,0.2817446908832428,0.3270848729724754,0.0,0.3263875668789365,28.534334538489595,0.5328127716494672,0.7538663570434548,0.8597706589139712,1.0947280134940047,0.3372933031541397,0.4435831416494404,0.9367025005142644,0.2655636058801588,0.2044962071209548,0.1143092109401145,0.1404842095415747,0.3279923245355188,0.2128356145332985,0.6805412176636918
W0567,2,0.0,0.0,0.0,0.7997713491483096,0.0,1.1388262009943666,0.0,0.9839485565529767,0.0,0.8123937695026858,0.5452261691228082,0.0,0.0,0.5170245735742507,0.4490709738548436,0.0,0.6023589212450621,0.0,0.0,0.5071359017087856,0.0,0.7011936738266467,0.4950818131458437,0.3983441984155527,0.0,0.0,0.5763437190495411,0.6072440824232027,0.0,0.5538661273931605,15.702332566317686,0.7564498912195003,1.4528591348465507,1.1935862626738662,2.1271647904333726,0.5741260022452455,1.123775900549702,1.94462397395809,0.5716581491743737,0.6765501947328629,0.3238601852880039,0.2351281871228512,0.9721773100356252,0.8673789282057404,1.6774569493022764
W0567,3,0.0,0.0,0.0,1.3616214753847211,0.0,2.3610917750181897,0.0,2.248223618274135,0.0,1.462115115111856,0.8307423478943871,0.0,0.0,0.8481380546565913,0.6353240113592122,0.0,0.8183844129746701,0.0,0.0,0.5638314499240861,0.0,1.3324890793941448,0.6644189398414965,0.4539364987331774,0.0,0.0,0.6504571423549713,0.946466148223009,0.0,0.8833487347303111,0.0897973464016431,0.3235573756027072,0.5002146869384045,0.4969312314574203,1.8819328073746149,0.3404335643853778,0.8693631287565828,1.127572757054146,0.517780441913721,0.8395104166777383,0.5275383090406808,0.2166646545035939,2.800354658839562,2.160882576113367,3.2116658143510874
W0567,4,0.0,0.0,0.0,1.8684105915595264,0.0,1.7358535432608209,0.0,2.0718861238631567,0.0,0.8903167163888591,0.7431681154118166,0.0,0.0,0.7669261395031932,0.5507408827323013,0.0,0.7973669549648638,0.0,0.0,0.4946829619445672,0.0,1.2003030269347117,0.5314248776371021,0.3181568821097015,0.0,0.0,0.4793744183783638,0.7076679522186905,0.0,0.5590762850295983,0.0553117596125578,0.0353977325588134,0.1405570117015681,0.1763325005723495,0.4185429927269711,0.1134469485039539,0.4632652287633715,0.1526388874139725,0.2598008396382117,0.3077679469427053,0.1037229650064416,0.1912644184436463,3.069350422981865,2.317188968758107,3.3581232074119867
W0567,5,0.0,0.0,0.0,0.9921213025377472,0.0,1.314672061247134,0.0,1.682225447361031,0.0,0.7231196478448403,0.477826531086702,0.0,0.0,0.4989798664451498,0.3023949369657739,0.0,0.5779046450667541,0.0,0.0,0.3367754848928649,0.0,0.760886435992658,0.3152113095667674,0.1699794381784618,0.0,0.0,0.3801438979768246,0.4718369163131128,0.0,0.4479908131896838,0.0159455684069261,0.1198521526811706,0.0673061027383736,0.0593841450106048,0.1869243222262261,-0.053219815946762,0.2651014533008454,0.0546546104744972,0.1937370504126887,0.1942750941765809,0.0877210984926182,0.012623849270321,2.963705737454606,2.289697290914524,2.934574532543534
W0567,6,0.0,0.0,0.0,1.260971855056507,0.0,0.7125753675919835,0.0,0.8592081081861553,0.0,0.4326171680563433,0.3375160537180305,0.0,0.0,0.3514376516794741,0.2044678317793694,0.0,0.3367985678501022,0.0,0.0,0.2107427546088326,0.0,0.4387707352232402,0.1615533180135233,0.1420044691730062,0.0,0.0,0.2637769381087836,0.2921602077911521,0.0,0.2157593990061243,-0.0511199049477043,-0.0229272786504249,0.0488520095770759,0.0623968338770335,0.2030331643948042,0.0383164730149008,0.0576115923411389,-0.0474624495119528,0.1326517824519149,0.0220213075476678,0.0388830735291059,0.0159875629526426,2.547926614898512,1.795681407990514,2.416778946620401
W0592,0,0.0,0.0,0.0,0.2,0.0,0.2,0.2,0.0,0.0,0.0,0.2,0.0,0.0,0.2,0.0,0.2,0.2,0.2,0.2,0.2,0.0,0.2,0.2,0.2,0.0,0.2,0.0,0.0,0.2,0.0,40.0,0.0,0.0,0.0,0.0,0.0,0.0,0.0,0.0,0.0,0.0,0.0,0.0,0.0,0.0
W0592,1,0.0,0.0,0.0,0.2955495133162293,0.0,0.3346557303827282,0.3842559702521255,0.0,0.0,0.0,0.3500796815472811,0.0,0.0,0.264720194700722,0.0,0.2743380926005495,0.3390066859227381,0.3074028773608563,0.2956509152737391,0.3393575877335499,0.0,0.39605637598712,0.2745396561530636,0.2576683169840212,0.0,0.3314425522175809,0.0,0.0,0.2790469748579258,0.0,28.46637216288074,0.491354547275602,0.5456984786151952,0.353354276811062,0.8547072134177891,0.1916287276492723,0.5738311103956936,0.9603166088376291,0.3641886808912407,0.1627806168801337,0.1774631944832566,0.179429328790814,0.5648143165289139,0.4196443531847841,0.532088181179481
W0592,2,0.0,0.0,0.0,0.7236763434392705,0.0,0.7981851448119435,0.7941219372713743,0.0,0.0,0.0,0.5203352138025747,0.0,0.0,0.578973390592108,0.0,0.350772973004281,0.5582751875275301,0.5606985877823109,0.5420633600458926,0.434945417059694,0.0,0.8286715708418992,0.5525298817849094,0.3971198777009361,0.0,0.6762335220246631,0.0,0.0,0.4314209169480871,0.0,14.711082986523568,1.096541629368481,1.127390218323847,0.7537148095587028,1.9403550845713096,0.463834940934095,1.0831922719642324,1.805665472881748,0.7618757092629558,0.3466103330151525,0.5685393215576559,0.3207880637369735,1.3270144625419826,1.2268364223879726,1.569745133741116
W0592,3,0.0,0.0,0.0,1.4546379629826487,0.0,1.7918241987172725,2.0353972090459185,0.0,0.0,0.0,0.7845812460892092,0.0,0.0,1.011341977263818,0.0,0.2854477306404698,1.0370810645898991,0.9616735582791416,0.6225818318650309,0.6810853776187278,0.0,1.157991206059775,0.7798720465236294,0.4800256812049445,0.0,0.912482370256529,0.0,0.0,0.590624118890707,0.0,0.037651458460852,0.6034231472249743,0.4812634826924471,0.2013147721999975,1.3580684572259731,0.3530843905212156,0.9438552540374098,1.4871206946144844,0.5965056753694096,0.5552262531556706,0.6552573238686122,0.3409219381981861,3.610565547144002,2.1883460517433213,2.7588994640539872
W0592,4,0.0,0.0,0.0,1.345098625301385,0.0,1.73871307557901,2.029428404382533,0.0,0.0,0.0,0.7802116649921476,0.0,0.0,0.7119738964215823,0.0,0.2345477275037079,0.9135977515571772,0.7201661646239415,0.3868993743963137,0.4842789122159768,0.0,0.9515593055899316,0.4765943728768327,0.2731713454171235,0.0,1.224489982118956,0.0,0.0,0.5152244629280298,0.0,0.025165501000166,0.1567689641500744,0.0702388287273228,0.0453540682712268,0.6148201375089655,0.0637303731983485,0.339083276459734,0.2001666611439314,0.1785965286996284,0.2669895425758387,0.2832198310570272,0.2119631172134705,4.511071438821203,2.602204428409346,2.6855151716823
W0592,5,0.0,0.0,0.0,1.346057546755985,0.0,1.1610955878169635,1.302524555154306,0.0,0.0,0.0,0.4846460318565802,0.0,0.0,0.5419403717437877,0.0,0.1155421678432579,0.6202911952262113,0.5386281913804918,0.248694717629012,0.301443402801714,0.0,0.6986649331386035,0.3234908329289486,0.2030073416774611,0.0,0.8481817589434397,0.0,0.0,0.3089470568177829,0.0,0.0491948311002596,0.1411201362592425,0.062865021946342,0.0662572378574328,0.3775129641475322,0.0308293967634863,0.1515994728689571,-0.0215013584123184,0.0902261779476923,0.0431142517160869,0.1062619484785835,0.1724958476862659,3.58566664168169,3.248777581730738,2.329963754222223
W0592,6,0.0,0.0,0.0,1.1156574274065176,0.0,0.8717356679573011,0.9367311492367524,0.0,0.0,0.0,0.3787713969149711,0.0,0.0,0.3496404573446234,0.0,0.0962429102920607,0.4299188770842617,0.2853831360804428,0.1899895078606564,0.19221397707214,0.0,0.4228449257722337,0.2146592969178876,0.126825226049226,0.0,0.787211072772196,0.0,0.0,0.157125947611121,0.0,-0.0262066790795903,0.0112536523635132,0.0455669614384475,-0.0191717884987375,0.1699025792131069,0.0582704712520956,-0.0349657746833154,0.0785522195714579,0.1409981944382967,0.0095233223713883,-0.0153919240900526,0.0268918535254611,3.1691203243101813,2.680381130976062,2.7433207415130423
W0596,0,0.0,0.0,0.0,0.1875,0.0,0.1875,0.1875,0.0,0.0,0.1875,0.0,0.1875,0.1875,0.0,0.0,0.0,0.1875,0.1875,0.1875,0.0,0.1875,0.0,0.1875,0.1875,0.1875,0.1875,0.0,0.0,0.1875,0.1875,40.0,0.0,0.0,0.0,0.0,0.0,0.0,0.0,0.0,0.0,0.0,0.0,0.0,0.0,0.0
W0596,1,0.0,0.0,0.0,0.301128746330606,0.0,0.3104857870657003,0.3448651472104004,0.0,0.0,0.3217907146858272,0.0,0.2602396856403778,0.2285782211545733,0.0,0.0,0.0,0.2949349778656242,0.3312600826029523,0.3034924041492276,0.0,0.2516992549123985,0.0,0.2825153944771411,0.2714192102662336,0.2993169658892267,0.2427332428400629,0.0,0.0,0.3027879101106748,0.2345789462371082,34.71988353351552,0.6265567884879979,0.5311676697243876,0.531950843321361,1.0884592096660572,0.3302023379858094,0.5691589037833856,0.5842470196125198,0.3081557906538844,0.1981927321669954,0.1998225443196263,0.0909462276477598,0.5269043090691269,0.3938845395815257,0.3043595773686436
W0596,2,0.0,0.0,0.0,0.7284761587818861,0.0,0.8256197121609574,1.0399749001245635,0.0,0.0,0.73891323797043,0.0,0.3914809641212444,0.4362906739203257,0.0,0.0,0.0,0.5339126402853885,0.4966664464314807,0.5156498074038175,0.0,0.5790753725797235,0.0,0.5059600553744918,0.4175494751983446,0.4928575062194239,0.5863437256428005,0.0,0.0,0.4782574116315926,0.4995441938144426,13.908977956163652,0.9436269661766872,1.0102734209839446,0.9533707016558204,2.840043707764102,0.666290582614312,1.3801522660155403,1.1641178839320456,0.6509187382023838,0.5280428364842014,0.3562582967528439,0.214016176752847,1.6397399358536922,1.162688312564088,0.9127411324435546
W0596,3,0.0,0.0,0.0,1.663447693914917,0.0,2.0575834431178346,2.5554804028849896,0.0,0.0,1.3234546188977592,0.0,0.4704330913533577,0.4405269091271454,0.0,0.0,0.0,1.0275747860528055,0.9955290040176782,0.5905781424718863,0.0,0.790890507211478,0.0,0.540718907766277,0.3644626264395228,0.6707351170269727,0.9363622910867346,0.0,0.0,0.6250610524567929,0.5830339986242151,0.109751876618145,0.5854796911173922,0.4122980781127094,0.3805428018794251,2.237188939383136,0.3710541538129595,1.056001800890065,0.8592335135083589,0.7463430043388396,0.5447604848057696,0.4866697314455251,0.3832620139384323,3.4225558319694924,2.2622001723569287,1.529134232328727
W0596,4,0.0,0.0,0.0,1.2917467091445067,0.0,1.5723175159897258,2.1634159735968903,0.0,0.0,0.9406799797360303,0.0,0.2535683524278485,0.3476752995945085,0.0,0.0,0.0,0.7174757832391763,0.5564411487181136,0.4608966719105651,0.0,0.7840333218691348,0.0,0.4443356323114505,0.2867812484245499,0.5246514592829769,1.114318162407789,0.0,0.0,0.4798594925674299,0.4201506760632918,0.049469856113874,0.1607041888132911,0.1452171760310169,0.174797563234479,0.7657432111773822,0.1933394641629366,0.3029581469189972,0.2468593859649203,0.3121812576751309,0.1529524117541505,0.1728458386098674,0.1794074231298391,3.902123940291916,2.3851426703661134,2.274897509049889
W0596,5,0.0,0.0,0.0,1.3898236065776215,0.0,1.052048130666547,1.355761542035803,0.0,0.0,0.7388229290656948,0.0,0.1993669819439712,0.2572665965148005,0.0,0.0,0.0,0.4742859674757868,0.4067130678654476,0.3010962899047423,0.0,0.4875102856441295,0.0,0.2842685788453832,0.1854996913506217,0.3428820219015119,1.000755913645395,0.0,0.0,0.3096569078661832,0.2744047994329612,0.0086702081924826,0.0404798851870303,0.0321752500492938,0.0992560634751465,0.3441458954184335,-0.0225868558142843,0.0984023826861303,0.132614005511643,0.167367933986225,0.1228190858492054,0.0680887107842148,0.2037911284052081,3.801801898632157,1.984573058306467,2.518062109250493
W0596,6,0.0,0.0,0.0,1.0611810920403093,0.0,0.66486984384976,0.7947111542579373,0.0,0.0,0.4011884068541367,0.0,0.1279884816430558,0.2094149472527469,0.0,0.0,0.0,0.3816076825062564,0.2273653028351977,0.198026156746474,0.0,0.3835921193820206,0.0,0.1609204221976213,0.1208804494782885,0.2062884133006273,0.6873125734235269,0.0,0.0,0.1985344136869143,0.2122635859993968,0.06862047075876,0.1755019385155527,-0.0699216004811076,0.0971555407603789,0.1577714135767773,0.0299813286732647,0.1218395349388782,-0.0069130872843108,0.1013153203839162,0.0735544788047211,0.0330764418587146,0.1163504016521849,4.033897197136787,2.252419812073888,2.1452581173339884
W0618,0,0.0,0.0,0.0,0.2,0.0,0.2,0.2,0.2,0.0,0.2,0.0,0.2,0.0,0.2,0.2,0.0,0.2,0.2,0.2,0.0,0.0,0.2,0.2,0.0,0.0,0.0,0.0,0.0,0.2,0.2,40.0,0.0,0.0,0.0,0.0,0.0,0.0,0.0,0.0,0.0,0.0,0.0,0.0,0.0,0.0
W0618,1,0.0,0.0,0.0,0.2650285782894052,0.0,0.4236014554712486,0.4297351953819386,0.3572732915064527,0.0,0.325425441851685,0.0,0.3096546525408666,0.0,0.2991150210264228,0.3217408229079916,0.0,0.3547845854433507,0.2940819792393623,0.3214972466885685,0.0,0.0,0.3365029462161782,0.3112243009684453,0.0,0.0,0.0,0.0,0.0,0.2583826314870764,0.2763764523385846,25.58512860314884,0.4664291386065146,0.5200562337323542,0.6904713477622604,1.1043239176551862,0.2760813879318571,0.6141209573225563,0.8902939509168492,0.3557646645470296,0.2700096889138326,0.291440180765501,0.0554823490120707,0.3821861402872823,0.2240477935960837,0.3629937686122296
W0618,2,0.0,0.0,0.0,0.7059398767988926,0.0,0.8671302626944337,1.098988913292717,1.0779744017147088,0.0,0.6728114375921711,0.0,0.3441792165288846,0.0,0.659381972055262,0.4657659898027403,0.0,0.7376227463368652,0.621317347994821,0.4637984644886344,0.0,0.0,0.618223071278402,0.5873481656061252,0.0,0.0,0.0,0.0,0.0,0.4636786123658001,0.4478508444254847,13.554072468914756,0.9471064886813774,0.8029928398675736,0.9590324761708872,2.613418739130836,0.5913481521240591,1.0064353993410051,1.40021033967438,0.577357065688281,0.7644720852262082,0.5869981186672107,0.2320563443579818,1.2694013616071012,1.0892925796876782,1.941258153389832
W0618,3,0.0,0.0,0.0,1.443468490975036,0.0,1.5449965561842312,2.2624753648551685,2.022844052220324,0.0,1.2139242474891976,0.0,0.463436218387708,0.0,0.8763026800333823,0.5775348609671476,0.0,0.9915403167076068,0.7117490042623087,0.6358149992698331,0.0,0.0,0.9148557354261662,0.54817719276631,0.0,0.0,0.0,0.0,0.0,0.7293414995919585,0.6572078403708863,0.0334376595966749,0.3585720625476223,0.4100597008684917,0.2572478873097479,1.5145305251364949,0.227584440148583,0.8970252361584328,0.6244182354320919,0.4399269480484941,0.9185974076179,0.2500920511510863,0.2689493350296468,3.2714399191828503,2.0219434049995697,3.962474274024151
W0618,4,0.0,0.0,0.0,1.33737496163756,0.0,1.6435484465786434,1.5514800332352758,1.6193262986536414,0.0,0.7887778078211285,0.0,0.2847905932751691,0.0,0.8607487384012559,0.4081647205876735,0.0,0.7484517483222296,0.6630555096605972,0.4301351711713798,0.0,0.0,0.8264527572421551,0.41223384442264,0.0,0.0,0.0,0.0,0.0,0.46288932597027,0.5169165599277148,0.0972974100370467,0.1173025764354598,0.0570601558947763,0.043771581715865,0.4446520241605455,0.0526224056289832,0.2514995174940405,0.1041420887250689,0.1929896848152319,0.4385133541073944,0.1896199277928001,0.0438336455394262,2.710190396798623,2.1726779130288296,3.526352134666013
W0618,5,0.0,0.0,0.0,1.3529977230412922,0.0,0.8492217175429486,0.9605984138005949,1.1954369765816872,0.0,0.5732200532093888,0.0,0.2194019229910134,0.0,0.5395803039779643,0.309846416743297,0.0,0.5083848639482581,0.3872976732288885,0.3069598324917829,0.0,0.0,0.6720747876272675,0.3563596815085956,0.0,0.0,0.0,0.0,0.0,0.3628627561355248,0.2984823955853296,-0.0348454250362373,0.1263145195780938,0.0690734173526633,0.0358740936869692,0.1706668317718353,0.0751297075592216,0.0424523163890621,-0.0476587919701611,0.132539746038761,0.1736516610935955,0.1588654860159193,0.041555853284784,3.0511356746082896,1.7006657517795885,3.653849468530252
W0618,6,0.0,0.0,0.0,1.1544908329630317,0.0,0.6903830240061195,0.6429883632446068,0.6125383863217931,0.0,0.3837362749467446,0.0,0.1327555363716835,0.0,0.3468745349505059,0.1934945648417856,0.0,0.3226818487995572,0.2276299283382651,0.1620171785554627,0.0,0.0,0.2928049516520614,0.1665890460544508,0.0,0.0,0.0,0.0,0.0,0.2125264387314937,0.2108409771650734,0.0715593819459808,0.0747388272514363,0.0440560880021471,0.0814699801450837,0.20147429120327,0.0424200949639895,0.0337957261236576,0.0331902797814933,0.0412046087123254,0.102473474742351,0.1013161743789839,0.0788181755374616,3.2341776771222586,1.9959276142862492,3.352116240700902
W0654,0,0.0,0.0,0.0,0.1764705882352941,0.1764705882352941,0.0,0.0,0.0,0.1764705882352941,0.0,0.1764705882352941,0.1764705882352941,0.1764705882352941,0.1764705882352941,0.1764705882352941,0.0,0.0,0.0,0.1764705882352941,0.1764705882352941,0.1764705882352941,0.1764705882352941,0.1764705882352941,0.1764705882352941,0.0,0.0,0.1764705882352941,0.1764705882352941,0.0,0.1764705882352941,40.0,0.0,0.0,0.0,0.0,0.0,0.0,0.0,0.0,0.0,0.0,0.0,0.0,0.0,0.0
W0654,1,0.0,0.0,0.0,0.3330785515437145,0.2993287219471296,0.0,0.0,0.0,0.281503601708899,0.0,0.2442577268163887,0.2404972881527538,0.2433038664878827,0.3145880184248311,0.284885623127998,0.0,0.0,0.0,0.2903415755489241,0.2150747436330206,0.2446310151630488,0.2902484711671187,0.27792535494125,0.2860341025356288,0.0,0.0,0.2905011443382476,0.2913485550097379,0.0,0.2218285141288182,33.192215672259444,0.4524993551248433,0.7208790799300806,0.9645927177976078,0.7974401329671768,0.4193018182236339,0.7002560677262151,0.5470700680935032,0.3263558228309716,0.1547928857906934,0.1196353010267627,0.055952212539323,0.3345372649095515,0.2325957104222147,0.4785870870452101
W0654,2,0.0,0.0,0.0,0.6836106506590889,0.7982037579086382,0.0,0.0,0.0,0.8942296587587757,0.0,0.4074843983659884,0.32790190341199,0.3060520976146302,0.4294979167841903,0.3904755660690834,0.0,0.0,0.0,0.4298343203158824,0.3224656152429829,0.5026676376271766,0.6078990430875514,0.5445055471274016,0.3750351713723704,0.0,0.0,0.5087804269726123,0.4917738566654742,0.0,0.4575533888279486,15.641619250697554,0.7618109276080225,1.3355297030818818,1.7556883665356016,1.8783572396932475,0.7884599131020614,1.787240489130051,1.190047613539791,0.4446373442194929,0.3550846350683019,0.2019821074546471,0.1874583513576636,0.9609029545577588,1.0849751779289225,1.2347275435416163
W0654,3,0.0,0.0,0.0,1.3834961276986415,2.703102091377585,0.0,0.0,0.0,2.832743433671443,0.0,0.4067087910961537,0.4120806209304637,0.3476021742837696,0.8806627460809282,0.6023511146905574,0.0,0.0,0.0,0.5511246641397348,0.5788761550060701,0.7860806888361426,1.329945810019474,0.654355062068066,0.4377790001604694,0.0,0.0,0.6562423582367527,0.9104338137611052,0.0,0.566959537747413,0.080204640711825,0.7011674530072374,0.6183780775657985,0.8599887244725213,1.5670081442985258,0.5111864397196044,1.6233448901947145,1.2396471924465986,0.4220066516421761,0.3135765222076427,0.3913094645372629,0.4153344067906612,1.642329384983407,3.807499261067,3.0869188080776717
W0654,4,0.0,0.0,0.0,1.811147428978821,2.2420175889153366,0.0,0.0,0.0,2.3300097547657024,0.0,0.4581298013860824,0.2672813827087865,0.3649296256632032,0.5575309027579642,0.4788319045825269,0.0,0.0,0.0,0.4369102798686226,0.4358475163282074,0.5526355674161986,1.0178041065506076,0.5378164526686142,0.2994190595366723,0.0,0.0,0.5521733204777066,0.5784603330064493,0.0,0.4764335774053799,0.0384130806935935,0.1266774931248388,0.0280831658453178,0.1878486727645531,0.2895939223829083,0.0586448065906733,0.2499981463065867,0.3267881378672404,0.3065356098702078,0.2528715262621711,0.2526663009132557,0.2309718051491212,1.2335685014826996,3.1524092082046504,3.2400466324290567
W0654,5,0.0,0.0,0.0,1.206679611254723,1.5614726786879771,0.0,0.0,0.0,1.282054676544062,0.0,0.3303277195395196,0.1923371507677505,0.2308022482673446,0.3380218900165941,0.2957793604301724,0.0,0.0,0.0,0.3017479364570621,0.2871688252156512,0.3745039841203065,0.5782668519174222,0.3156006456053444,0.1782992785919919,0.0,0.0,0.3583668820551426,0.4645777386732236,0.0,0.356431120655127,-0.0453819137778322,0.01517607397544,0.058848380381115,-0.0170531793742785,0.1624479181016788,0.0585321800596426,0.143382042533871,0.0382409832872466,0.141973246557562,0.2115495981067876,0.0920991217709968,0.1496120797179609,1.34956028021843,2.9758318318933834,3.70269024668578
W0654,6,0.0,0.0,0.0,0.9557234817978304,1.0386662515446594,0.0,0.0,0.0,1.0217043149255387,0.0,0.2625822845926862,0.1260992864461175,0.2075989074705946,0.2505112009079376,0.2110746396544162,0.0,0.0,0.0,0.1961272570795758,0.1360508018396078,0.2442149712343169,0.4050227154306737,0.1910967092544297,0.1265716640263077,0.0,0.0,0.2519919898507015,0.2641714239090356,0.0,0.197133707299016,-0.0787518816115417,-0.0198206277257393,0.0323710576455109,0.0296932573868042,0.0932027159829363,0.0236245632255648,0.0700497121712247,0.0450011532609721,0.200073153284921,0.156506957283354,0.0961754411803362,0.1052585744275602,1.0579375384361631,3.636306542187517,2.906398232857793
W0667,0,0.0,0.0,0.0,0.1875,0.1875,0.0,0.0,0.1875,0.0,0.0,0.1875,0.0,0.0,0.0,0.1875,0.1875,0.1875,0.0,0.1875,0.1875,0.1875,0.1875,0.1875,0.0,0.1875,0.0,0.0,0.1875,0.1875,0.1875,40.0,0.0,0.0,0.0,0.0,0.0,0.0,0.0,0.0,0.0,0.0,0.0,0.0,0.0,0.0
W0667,1,0.0,0.0,0.0,0.3526695815081047,0.3393893661306295,0.0,0.0,0.2959217929780153,0.0,0.0,0.2841281032154937,0.0,0.0,0.0,0.2884045195859304,0.2477289082652254,0.3557992194769813,0.0,0.2865858600361319,0.2458294397515242,0.2996397410638319,0.3184568266948327,0.2972499806584991,0.0,0.22234831294753,0.0,0.0,0.3313699341615398,0.2811559819268455,0.2507786155049794,30.878231945700257,0.4865551334979863,0.6618754807336493,0.6541233011355511,0.8073612488300156,0.3013045456786242,0.509604099094952,0.6480975953536326,0.2193929074131043,0.1923480319640538,0.3014038241180847,0.0467893672943242,0.4638869295200153,0.551142677742409,0.4991685007148889
W0667,2,0.0,0.0,0.0,0.6910999244173344,0.8418701576974712,0.0,0.0,0.858741035472113,0.0,0.0,0.4641736564478659,0.0,0.0,0.0,0.5145507787836776,0.2987593388383985,0.5684687554059226,0.0,0.4899614977076725,0.435107156948298,0.5362357334958497,0.7589556787402159,0.5291812146556436,0.0,0.5514294155855419,0.0,0.0,0.6153791805996305,0.5219025219695793,0.4364626244330964,14.135178086213944,1.0450895455635378,1.0925052536675264,1.050972957798557,1.5115654496824646,0.6700170600885216,1.4336020585947855,1.261624367951111,0.6431819928099687,0.3524655465869128,0.3538907846651246,0.2536090869721264,1.2484718542693023,1.9990723762680545,1.371068474183099
W0667,3,0.0,0.0,0.0,1.4603753021348722,2.6233269845745246,0.0,0.0,2.320831345831132,0.0,0.0,0.7274948804808887,0.0,0.0,0.0,0.6313713048230166,0.3272837932432954,1.0566150998560055,0.0,0.7195495715366336,0.6056787834193209,0.8678927873575487,1.3261783209854956,0.6116915770957967,0.0,0.7576521911122027,0.0,0.0,1.0458603173932195,0.6637668358283213,0.6829370078970864,0.1258897027455806,0.4758714778054608,0.4783960551692235,0.7361927160231851,1.554654048784046,0.5078831330318792,1.2568315798305247,0.7722946839370568,0.5026691445738355,0.5406058611890427,0.3395429103552567,0.3068088032318057,1.9196056224472229,3.196718814869357,2.998944810807436
W0667,4,0.0,0.0,0.0,1.7705068070843024,2.2820304794622417,0.0,0.0,1.896424348855932,0.0,0.0,0.6088647830814584,0.0,0.0,0.0,0.5535784251427539,0.2257667834704029,0.6798981266300774,0.0,0.4229534833031392,0.4407440349166627,0.7412107047100005,0.9568396644656988,0.44893214551197,0.0,0.4051318164006381,0.0,0.0,0.6426921830506125,0.4939954820478026,0.5184927024576091,0.0548495836437699,0.0679410480479799,0.0936448691907855,0.1806445407051829,0.6324718701157225,0.1197773233843572,0.4251413279700417,0.1692747092283052,0.3319063600000316,0.2134457509569798,0.2177913025530936,0.2385139409118124,1.9604793558708296,3.519275596633812,3.357495380759121
W0667,5,0.0,0.0,0.0,1.4241294908032218,1.6247072088851948,0.0,0.0,1.64375804043845,0.0,0.0,0.4356819735335269,0.0,0.0,0.0,0.3178152011910452,0.1394191018824337,0.5616064211920725,0.0,0.3034274448866754,0.2601953125307316,0.4673883990624661,0.6603077840774245,0.2935683537038684,0.0,0.3991462880430798,0.0,0.0,0.4411061768314066,0.3594601680072458,0.3551298481601137,-0.0038039446548675,0.1127198496609422,0.0257701896681026,0.0907693430569958,0.2761091312397205,0.0444349999056774,0.1713497807114046,0.0218549682569447,0.1200071370562602,0.05822749894742,0.0316091972033905,0.0279034775506172,1.644182108488474,3.2622873452783803,3.439546239889008
W0667,6,0.0,0.0,0.0,1.0589487868656091,0.9883969063165818,0.0,0.0,1.042324454522638,0.0,0.0,0.3789227462710715,0.0,0.0,0.0,0.202553301746867,0.0895765982970672,0.3546541554300488,0.0,0.1561831381091016,0.1743392426726276,0.2826804294835426,0.5705853556496406,0.2060398500000034,0.0,0.2465299872576771,0.0,0.0,0.308004785859057,0.1478494316218294,0.2063304988849719,0.0096415170625893,0.0086213752618315,0.0942782649481975,0.0538379217347644,0.0988627588902433,-0.0634790466657139,0.0836408172981383,0.0003482208750268,0.1000856611068376,0.2118803332138444,0.1170914515318649,0.0472633950250332,1.4820996696986954,3.3665863635360367,2.548058416627155
W0672,0,0.0,0.0,0.0,0.1764705882352941,0.1764705882352941,0.0,0.0,0.1764705882352941,0.0,0.1764705882352941,0.1764705882352941,0.1764705882352941,0.1764705882352941,0.1764705882352941,0.0,0.0,0.1764705882352941,0.1764705882352941,0.1764705882352941,0.1764705882352941,0.0,0.0,0.1764705882352941,0.1764705882352941,0.1764705882352941,0.0,0.1764705882352941,0.0,0.0,0.1764705882352941,40.0,0.0,0.0,0.0,0.0,0.0,0.0,0.0,0.0,0.0,0.0,0.0,0.0,0.0,0.0
W0672,1,0.0,0.0,0.0,0.2623279394097015,0.3437962495896373,0.0,0.0,0.2962479292156038,0.0,0.308123717447706,0.2434802965991877,0.2316220745682889,0.2329993032520317,0.2863722477728301,0.0,0.0,0.3078164435722915,0.2912524216005372,0.2465467495486397,0.2396611792880471,0.0,0.0,0.3016316547374809,0.2830057225076931,0.2757370430700585,0.0,0.252765049397696,0.0,0.0,0.2768480485621251,33.980939466955085,0.2731909937730187,0.6335371623515946,0.7326865379697051,1.3005908622919915,0.2695259028243946,0.4805291389241023,0.4158572672835111,0.2944506361636811,0.2665372281459843,0.1021988313038637,0.1445924787054178,0.5841373677679833,0.4778442489653032,0.3143935285339181
W0672,2,0.0,0.0,0.0,0.72335940046225,0.8623757826506789,0.0,0.0,0.7013946824815283,0.0,0.6443180780530857,0.4749443946000299,0.4341569519453893,0.3433437622757229,0.4514144605998508,0.0,0.0,0.5939514002210673,0.4428131645415116,0.3883854589620633,0.4114897716843165,0.0,0.0,0.4560056827778933,0.3500598267077607,0.4390888132629922,0.0,0.4805958154401092,0.0,0.0,0.4947317257067837,14.826207793833715,0.8761911931926158,1.1398543135813877,1.6088701777247498,2.625830726872905,0.6943301480707992,1.0195725310572512,1.2350264376907203,0.4118548310513849,0.4742885124632518,0.1956001026252779,0.2384174196296937,1.5446308077598925,1.1003952532882515,1.2709765916238462
W0672,3,0.0,0.0,0.0,1.4296300095541927,2.087054127435194,0.0,0.0,1.858848529717661,0.0,1.1978328483011134,0.6066015277290211,0.2915936936310325,0.3883686341570281,0.8176404617263274,0.0,0.0,0.9355418949937524,0.7403569066283657,0.652019769912251,0.5853860843082714,0.0,0.0,0.6786245641570778,0.4656423797532323,0.8541317034591248,0.0,0.6709410301174241,0.0,0.0,0.6419702184264747,0.2289968297529256,0.5024133161685909,0.6727710550437142,0.8494449586763346,2.437562950907836,0.4463477840359567,1.0616276651703405,0.8561236230223546,0.5619404591419265,0.3870952884973632,0.3177533777762422,0.2762487496686742,2.7009406276072108,2.2940425443204986,2.9750272015679577
W0672,4,0.0,0.0,0.0,1.7309405604944397,1.802906212211815,0.0,0.0,1.88052956991016,0.0,0.7820793266781462,0.5515472070977558,0.243636798354463,0.3462184712971011,0.8394165224198663,0.0,0.0,0.7662572861892346,0.6688203101344901,0.3782681657085434,0.4647441582384707,0.0,0.0,0.4032557834487257,0.2664654914280815,0.5748672502829241,0.0,0.6171325022076258,0.0,0.0,0.5663447466652338,0.0038401627911288,0.2320204988594226,0.196754275730309,0.1489295592684306,0.673589199225794,0.1522667844842904,0.389520274243318,0.2209516824976707,0.3861331768959061,0.2053375461661723,0.1468080386349263,0.2188753158281859,2.874384361795045,3.562816760690996,3.1629862735658625
W0672,5,0.0,0.0,0.0,1.438386216567485,1.5743584812184337,0.0,0.0,1.3138972366397856,0.0,0.8563556262519507,0.4344082627409485,0.1812316859108787,0.282862271335722,0.5002906293823518,0.0,0.0,0.6472433930091919,0.347307251467324,0.2989565903049955,0.303059739152072,0.0,0.0,0.3064393809701278,0.1580046440412149,0.4019938726047943,0.0,0.407903116275194,0.0,0.0,0.3012943246691919,0.0722967433776713,0.1017159842154702,0.0470211787245067,-0.058368598620791,0.335813192915463,0.0700036016980453,0.0852729319426906,0.1110689936062612,0.1624404018420613,0.1143058723873659,0.0204648355551612,0.0907705645554742,2.130408573989953,2.3005111841779478,3.272002007145045
W0672,6,0.0,0.0,0.0,1.2239713058844417,1.086378035697099,0.0,0.0,1.049940744744917,0.0,0.4700906460228131,0.3257440393260639,0.1184414198831656,0.1375605119931568,0.3303957053930125,0.0,0.0,0.2289905124223948,0.2133995499931664,0.1749083220503922,0.1614222502593824,0.0,0.0,0.1771931521952766,0.1111661680215642,0.2298349688627202,0.0,0.2849731345978359,0.0,0.0,0.2348379593798548,0.1080845241505988,-0.0231109320230287,-0.0278305214560139,-0.004996886591488,0.1853421393325676,0.0789411539611758,-0.003022023578442,0.0047242949886872,0.1413313146174699,0.1053454876879892,0.1197030645658132,0.1263500264658672,1.8575612036065785,2.6051709166044468,2.7104102166612125
W0695,0,0.0,0.0,0.0,0.1875,0.1875,0.0,0.1875,0.0,0.0,0.1875,0.1875,0.0,0.1875,0.0,0.1875,0.0,0.1875,0.1875,0.1875,0.1875,0.0,0.1875,0.0,0.0,0.0,0.1875,0.0,0.1875,0.1875,0.1875,40.0,0.0,0.0,0.0,0.0,0.0,0.0,0.0,0.0,0.0,0.0,0.0,0.0,0.0,0.0
W0695,1,0.0,0.0,0.0,0.3554738547926173,0.3043650856327261,0.0,0.3266914860195954,0.0,0.0,0.3068882643554295,0.3190849758585906,0.0,0.2635408251455589,0.0,0.2852864861486852,0.0,0.3190749826592559,0.3194083665380002,0.265219512465933,0.224549940354452,0.0,0.312266896515081,0.0,0.0,0.0,0.2853678753835509,0.0,0.2598162583402943,0.2933632192882333,0.2702184450197852,26.148119176529796,0.5140177611876093,0.850316499519145,0.5192325397382973,1.2910561644322525,0.3213806099859679,0.6866032378013512,0.7655045617021177,0.1165270733394098,0.1948684687611055,0.1689851066612208,0.0118371384275265,0.2918713813559794,0.3610563139906507,0.4776567384293084
W0695,2,0.0,0.0,0.0,0.703118379243842,0.9504547031403672,0.0,0.9496541563957134,0.0,0.0,0.6626562141858002,0.4458464399416317,0.0,0.3758901557973897,0.0,0.3933876192165705,0.0,0.5868280608711806,0.6263948695484512,0.3996083194765992,0.4318984268327633,0.0,0.6820625156781553,0.0,0.0,0.0,0.5286932409451238,0.0,0.5824271610259844,0.4800095082354907,0.5372775944496201,14.12157467983917,0.8621560386292916,1.438479231725076,0.8020953809793955,2.7436789637227164,0.5574654729501964,1.1378213750566113,1.6676862004025537,0.4627359212220254,0.4465507422266669,0.4513187665978885,0.1644330517391799,1.0332893843437687,1.0881065962270935,1.6566519354851028
W0695,3,0.0,0.0,0.0,1.391926925758547,1.3781795786049964,0.0,2.4007598600585034,0.0,0.0,1.0345720037288912,0.6946768227944222,0.0,0.4153240280448731,0.0,0.5439185138706352,0.0,0.8113899878218815,0.7274277560862473,0.6791120982387611,0.5042830956458787,0.0,1.2596143494034149,0.0,0.0,0.0,1.1735831094100373,0.0,0.9827799730392518,0.6103861839864079,0.7173143098013831,0.1580995873017792,0.3267975250088021,0.4826223741516122,0.3868055620833997,2.208675398086888,0.3553259793227613,0.7412216674558184,1.4674819569518134,0.4076789228318445,0.3720888627547289,0.3173468557380927,0.2101679137948021,2.7959466631359757,2.840219642523808,3.385108490642407
W0695,4,0.0,0.0,0.0,1.3050161743393744,1.9729434441051965,0.0,2.363199129018632,0.0,0.0,0.8050126728515841,0.5497364711830103,0.0,0.4111213008468082,0.0,0.3898547453748912,0.0,0.6049008900489025,0.4857092960523773,0.4273051075155133,0.3419482508400566,0.0,0.9690081742348092,0.0,0.0,0.0,0.9952430585903728,0.0,0.5935365737701428,0.3989660775027785,0.4439254686140687,0.0082096074667174,0.0516185516746004,0.1334877784753198,0.0839678059718817,0.8373003726932192,0.0924552706529291,0.175644054886319,0.3666796829870554,0.2602182775763865,0.0963685974120044,0.1899517125055361,0.1455593972996723,2.5163906252143664,3.0081486967636284,3.323216151520573
W0695,5,0.0,0.0,0.0,0.9967601756994976,1.698578305168376,0.0,1.3603578177705251,0.0,0.0,0.7245261912377627,0.427705120478714,0.0,0.2805274342452057,0.0,0.2707720915530725,0.0,0.4057312203165568,0.4794221754827085,0.2168470082938641,0.262879596296593,0.0,0.611652721794448,0.0,0.0,0.0,0.7344622536705988,0.0,0.4080306576527669,0.296691446308335,0.3086265306337308,-0.0029775724667664,0.0442428314512237,0.0226889936044612,0.0600160077635821,0.4593274690986946,0.0336673677698786,0.0724687904561191,0.0803136200685032,0.1763509031611463,0.0026785728028408,0.0633683831859712,0.0602205929727559,2.0837823921477887,2.760779962706839,2.954412731806674
W0695,6,0.0,0.0,0.0,0.826037253930469,1.2543640936145084,0.0,0.8480054613831456,0.0,0.0,0.4304208299636097,0.2817672063101634,0.0,0.2166481107234447,0.0,0.1737596748611518,0.0,0.3408479999347389,0.2205657832617967,0.1406591558197937,0.1605494522265546,0.0,0.408453094933975,0.0,0.0,0.0,0.5987852539425326,0.0,0.2442678968023798,0.1668433300813885,0.2229335765384879,0.0114264473630708,0.0263045251253769,-0.0295510771641749,0.0083684224493393,0.1292539032166769,-0.0824909369042347,0.0960971853893839,0.0769775756669976,0.1506795940944127,0.0286409570624892,0.0357642691284933,-0.0551985825629741,1.313740812100176,2.299380058400676,2.3679194058316937
W0702,0,0.0,0.0,0.0,0.25,0.25,0.0,0.25,0.0,0.25,0.0,0.25,0.25,0.0,0.0,0.0,0.0,0.0,0.0,0.0,0.25,0.25,0.25,0.0,0.0,0.25,0.0,0.0,0.25,0.0,0.25,40.0,0.0,0.0,0.0,0.0,0.0,0.0,0.0,0.0,0.0,0.0,0.0,0.0,0.0,0.0
W0702,1,0.0,0.0,0.0,0.4355040660339185,0.5007090590970211,0.0,0.4520070716911,0.0,0.4783555278635804,0.0,0.3493220666552425,0.348003908885083,0.0,0.0,0.0,0.0,0.0,0.0,0.0,0.4475308051318574,0.3961361654271187,0.5036083840862128,0.0,0.0,0.392982307861084,0.0,0.0,0.3601368644694884,0.0,0.3608862766180878,28.629279913246062,0.3109000362618064,0.9455650184586518,0.6378114779860675,0.6915342599964347,0.4009949327635971,0.7699410212990749,0.955006715519296,0.1575361751784619,0.1276759419259436,0.0244206024767996,0.1262048504724193,0.5676617025857691,0.6561805085121667,0.3338924737964429
W0702,2,0.0,0.0,0.0,0.91220517618537,1.3138436185886937,0.0,1.385341123364784,0.0,1.1684315829084608,0.0,0.5905491175892915,0.5837880499840084,0.0,0.0,0.0,0.0,0.0,0.0,0.0,0.5992492177460603,0.6896386746527339,0.9694656948577351,0.0,0.0,0.6525241425246393,0.0,0.0,0.8503503571000518,0.0,0.6202881825480373,11.38139192876348,0.8566679271492619,0.8171283861062641,0.9781854537000608,1.3868816458156474,0.6136124957935183,1.4745138928170374,2.110770240582203,0.5365488843787691,0.2510768449632058,0.3224417892938876,0.426482199164713,1.7711438745515848,2.3565639883494254,1.4500844595390507
W0702,3,0.0,0.0,0.0,1.505987873872087,2.5518259617874803,0.0,2.231186194743665,0.0,2.856509083075913,0.0,0.8207274594118315,0.4774660514376174,0.0,0.0,0.0,0.0,0.0,0.0,0.0,0.7000966995309168,0.9251781593560592,1.3848601384834245,0.0,0.0,0.7421007128224856,0.0,0.0,0.944668205690333,0.0,0.8748944385818114,0.0210735178052048,0.373338831395723,0.3001964694130435,0.3482069195154921,0.809712495761328,0.2627277451460127,0.6788434229179363,0.680747877047822,0.6130480274112988,0.2822725012300284,0.4456888386532371,0.6604369415672313,1.801929500205246,3.344577631143227,2.9737282890549754
W0702,4,0.0,0.0,0.0,1.2991735501709902,1.893553680457828,0.0,1.7740711950542132,0.0,1.7363423259503676,0.0,0.6562377817261235,0.4041401723419442,0.0,0.0,0.0,0.0,0.0,0.0,0.0,0.5049927266499544,0.6542464372139561,0.9594132440820908,0.0,0.0,0.6933897359153833,0.0,0.0,0.61703340457983,0.0,0.5472085681530199,0.0664398746078852,0.1296706873915292,-0.0031790723101338,0.1179748879601512,0.0809768318403473,-0.005381723474842,0.0823736683318452,0.1188933874349567,0.4707081053211558,0.1906020126824925,0.2291051072409255,0.3645740299162046,1.3883387281682955,4.774251583685,2.747579894330724
W0702,5,0.0,0.0,0.0,1.3701671591632638,1.324930003183214,0.0,1.1630570612622002,0.0,1.2969288407529205,0.0,0.547133102606409,0.245414813026518,0.0,0.0,0.0,0.0,0.0,0.0,0.0,0.3418298160966763,0.4726502561230268,0.7518523423648832,0.0,0.0,0.3856899582853806,0.0,0.0,0.4749276399910119,0.0,0.3314044993461363,0.0029234581799295,0.1011649743558056,0.02234705344771,0.0160870752454958,0.0961356955217072,0.0053433769089047,-0.0509217215793836,0.0697550884048492,0.3024370406438978,0.0948584040109334,0.2404756139638826,0.3253172978359779,1.2178270549176142,4.277049989899532,2.7778228187071465
W0702,6,0.0,0.0,0.0,0.9672886350623308,0.7952094624095887,0.0,0.7876877764463186,0.0,0.771288944533825,0.0,0.3874917321223935,0.1739659988455935,0.0,0.0,0.0,0.0,0.0,0.0,0.0,0.1948809982070668,0.321651789531125,0.4094587646467924,0.0,0.0,0.2459329016997668,0.0,0.0,0.2689665785483479,0.0,0.2182521569643271,-0.035073500238375,0.0059414558698404,0.0686970635329131,0.0780556139825152,0.1121878710880809,0.0064719728395623,0.0486846768355767,0.0919837561406977,0.2161660478330345,0.0242208962600541,0.1053087037569176,0.2925278384177172,1.1399006455948395,5.54745899006359,2.189048125234408
W0787,0,0.0,0.0,0.0,0.2,0.2,0.2,0.2,0.0,0.2,0.0,0.2,0.2,0.0,0.2,0.0,0.0,0.0,0.0,0.2,0.2,0.2,0.2,0.0,0.0,0.0,0.0,0.2,0.0,0.2,0.2,40.0,0.0,0.0,0.0,0.0,0.0,0.0,0.0,0.0,0.0,0.0,0.0,0.0,0.0,0.0
W0787,1,0.0,0.0,0.0,0.2775465485894753,0.3555721706580102,0.3786169549755505,0.3559183542225633,0.0,0.3383940929686452,0.0,0.27566674709071,0.2878068790658971,0.0,0.2672529171555465,0.0,0.0,0.0,0.0,0.2989894661444371,0.2537981285321757,0.3122619385255533,0.3412748116952713,0.0,0.0,0.0,0.0,0.3158003700521891,0.0,0.2428402838555545,0.2987540128691982,30.95140611925201,0.50063953151028,0.6844989858850403,0.6557024008088277,0.8881823441640988,0.4652813362435148,0.7319888837159351,0.7249677323460966,0.0956960787708468,0.0963426680837225,0.1152296006594936,0.0262337658004753,0.3848626986557078,0.4308875811491379,0.6102023129649422
W0787,2,0.0,0.0,0.0,0.672562505655204,0.9397949918327624,1.0002291547972373,1.055089460558142,0.0,1.0880812875678534,0.0,0.5812400902458171,0.3941619881695732,0.0,0.5729628274697165,0.0,0.0,0.0,0.0,0.5546046848774862,0.4507434347087963,0.6418446013985086,0.6991882761110968,0.0,0.0,0.0,0.0,0.4839158906322572,0.0,0.6319591840351074,0.5074935188083082,13.129535410404984,0.7653352750523809,1.1760555824771413,0.9905313017871404,1.7359790005182771,0.6544352840478856,1.6361238123175617,1.7009411712676477,0.4718334449921905,0.193630333738174,0.4519938641477433,0.3956479927131824,1.402772795390385,1.4290292830140794,1.7031196595178586
W0787,3,0.0,0.0,0.0,1.066855396779093,2.0429570942770905,1.574513944725874,2.274879625104677,0.0,2.480010655834096,0.0,0.7443306396907318,0.3316498674548366,0.0,0.698643553586828,0.0,0.0,0.0,0.0,0.5430045484478291,0.5016654851290298,0.8614414210516385,1.0240807741368174,0.0,0.0,0.0,0.0,0.6193203838361344,0.0,0.5603581507941156,0.719739184627709,0.0922650941071094,0.3599731390814748,0.3274806135246643,0.2566178036038442,0.7205462460821662,0.2010869897123974,0.6348757446863613,0.9569839289935068,0.6649943315725629,0.419442820804091,0.5630544403598239,0.6911642051712501,1.844737511404543,3.932130798620313,3.756594578654639
W0787,4,0.0,0.0,0.0,1.1993403430560594,1.4271575088140922,1.3508472841944013,1.6428856181248586,0.0,1.833880727168125,0.0,0.619971391206845,0.3419198305348993,0.0,0.5975163188295523,0.0,0.0,0.0,0.0,0.3803974944879359,0.3733985058801652,0.584124871975142,0.7681986013053195,0.0,0.0,0.0,0.0,0.5131027200683529,0.0,0.4362953507371194,0.4157218571497966,0.1199026438452733,0.0042125697126456,0.0056576885093524,0.1022136270810817,0.2003656024202212,0.0078677171619591,0.2153145216403182,0.1209450415776083,0.3487501521871067,0.1958945976519905,0.3695978237737401,0.3545303115514756,1.6146885056988023,4.603712695584249,3.200747734090319
W0787,5,0.0,0.0,0.0,1.021637908720543,1.0614494145541506,0.8904438092915045,0.8998515477698953,0.0,1.1157688286125766,0.0,0.4257799397312859,0.2401665440065375,0.0,0.3630662243459085,0.0,0.0,0.0,0.0,0.2520854955238443,0.3134137423479954,0.4185859742728756,0.4986052343403166,0.0,0.0,0.0,0.0,0.3660498954602533,0.0,0.2555314288583341,0.2722383712099095,-0.0168473027309656,0.0134836814010484,0.0093069525606952,-0.0181137538598704,0.0412736775449217,0.0296314742614505,0.0405651950410047,0.0835683438576998,0.2444260644620808,0.1679831285677453,0.2195426647565816,0.2250910438612134,1.4028078956294685,3.3957365032386724,3.069213712800458
W0787,6,0.0,0.0,0.0,0.8810360581940642,0.5676762217478906,0.5008111901252355,0.725283164619209,0.0,0.6539729668840196,0.0,0.3695887042192102,0.1217743492983839,0.0,0.214675210478283,0.0,0.0,0.0,0.0,0.1610632432104612,0.1708992781096948,0.2053929997662401,0.3699326762937996,0.0,0.0,0.0,0.0,0.225017060741568,0.0,0.1503723290770794,0.2037470011837138,0.0108616915940845,0.0861461043843816,0.0364315487131891,0.0380342239165254,0.0629123819751531,0.0491570567448113,0.0492115579862011,0.0793179892192095,0.2632392990972136,0.053660966772327,0.0910139148974931,0.2265121427811559,1.2869827193847074,3.559284603012606,2.9997137753652585
W0804,0,0.0,0.0,0.0,0.1578947368421052,0.1578947368421052,0.1578947368421052,0.1578947368421052,0.1578947368421052,0.0,0.1578947368421052,0.0,0.1578947368421052,0.1578947368421052,0.1578947368421052,0.1578947368421052,0.1578947368421052,0.1578947368421052,0.0,0.0,0.0,0.0,0.1578947368421052,0.1578947368421052,0.0,0.1578947368421052,0.1578947368421052,0.0,0.1578947368421052,0.1578947368421052,0.1578947368421052,40.0,0.0,0.0,0.0,0.0,0.0,0.0,0.0,0.0,0.0,0.0,0.0,0.0,0.0,0.0
W0804,1,0.0,0.0,0.0,0.2265459887354189,0.2380235750672047,0.3131500098535228,0.2963426944365852,0.2491607527125074,0.0,0.2258266988437213,0.0,0.2403916418019799,0.1959700942718671,0.2631813031378439,0.2522026543371604,0.1929771743974977,0.2703884072992227,0.0,0.0,0.0,0.0,0.2408212613514485,0.2124369415878316,0.0,0.2392839276932226,0.2467349496904569,0.0,0.2500088694124734,0.2503654351579868,0.2387097120843919,26.959699003893217,0.4572084990191201,0.6456829454374272,0.551476015489611,0.9599355370428948,0.2107027504361629,0.5039036714094416,0.5521939201245729,0.2595543102438982,0.226945408856278,0.2691189924338329,0.0094881818201614,0.6378200761021923,0.4428584662413943,0.3745666741702695
W0804,2,0.0,0.0,0.0,0.5395863353141488,0.698609954453801,0.7584288958919506,0.7676774303911944,0.8485417067601565,0.0,0.5884814159323022,0.0,0.3377719858127737,0.3430419691948448,0.4831182021225827,0.4060058919832316,0.3184358954993246,0.5126732400405344,0.0,0.0,0.0,0.0,0.5599602978546044,0.3481134308019818,0.0,0.4156782774968363,0.5183587864511819,0.0,0.5513500900641198,0.4539113721549658,0.4314446133814674,14.98877014689156,0.8330623607940878,1.1982324885206226,1.1467217586753524,2.32623513687555,0.5420475081972692,1.1119957376952505,1.2935024578655416,0.7028256193741149,0.5770306885206947,0.5210980995781255,0.2043882580139668,1.852251773456568,1.287273218223907,1.2210626290198738
W0804,3,0.0,0.0,0.0,1.2297073316896037,1.4611551418507809,1.334730072914643,1.5788371490928206,1.5781620281995743,0.0,0.8871070994063324,0.0,0.3574103010981377,0.3927719605843824,0.7053129172646635,0.4893208328306754,0.2483896739237944,0.7802519057688615,0.0,0.0,0.0,0.0,0.8864552741377117,0.4550004057265867,0.0,0.5562540047109261,0.8634831901605907,0.0,0.6100448798695199,0.4569346740494365,0.5152022414582574,0.0510629611432734,0.395232816536508,0.4004044128381064,0.4459956500077742,1.6050416580522742,0.2425359053101183,0.799673968239375,0.6889424836946951,0.3886302235027403,0.5571410784336615,0.4302611820512046,0.2743586399606893,3.0963748642581947,2.585493690147251,3.4683778451434355
W0804,4,0.0,0.0,0.0,1.0803194019151674,1.267345503132416,1.1680284541828594,1.4508271989627477,1.284512913424014,0.0,0.7009430126075539,0.0,0.2259652907230269,0.3326169721724283,0.6088595455174058,0.3728150997503126,0.1708005576533389,0.5916686095020997,0.0,0.0,0.0,0.0,0.6601475141087736,0.3079690430727227,0.0,0.3283364055271306,0.861123551981363,0.0,0.4693659607266786,0.3489582301345586,0.4659839188603143,0.0156780734502404,0.0930279142367139,0.0050573554258208,0.0197660816946081,0.4881681376729072,0.1349919314773476,0.3100081680941963,0.084610938418646,0.1899325942891179,0.3493840904084794,0.2090248455584905,0.0659288289576704,3.053140175076844,2.3064250589541584,3.218033642159872
W0804,5,0.0,0.0,0.0,0.9420350306723244,1.1633306672144983,0.7338045200844937,0.8051827732243345,0.8690517856824095,0.0,0.4776203354178163,0.0,0.1476856022814842,0.2737887067366557,0.3955612084309174,0.2754665623769838,0.106401784376792,0.5125536886923543,0.0,0.0,0.0,0.0,0.4976504562697589,0.1805146732074435,0.0,0.3001731120484047,0.6974280362266924,0.0,0.2918643620519501,0.1924548155389103,0.2781084518816931,-0.0136808274118096,0.1092307248017963,0.1129171161455751,0.0775090312025733,0.1504668122499261,-0.0215657014797493,0.0869608599603849,0.0974833279239085,0.1309424420349108,0.1358407404599653,0.0239999372241502,0.0484336564841476,3.3238898765462173,2.566261436724618,3.339099823911665
W0804,6,0.0,0.0,0.0,0.710114327961693,0.7022750520413897,0.4485150120564748,0.5423320646013605,0.5438557658348933,0.0,0.259630308308739,0.0,0.0952915321341312,0.1471151055478878,0.2047676997458678,0.1460056451493981,0.0532249872421025,0.3190486519877856,0.0,0.0,0.0,0.0,0.2879770207338947,0.1210161805161433,0.0,0.1588375981481036,0.5331372086888349,0.0,0.1951283863081934,0.153691943032638,0.1690086485847641,0.0556895502048246,0.0379757160078455,0.0675623371147597,0.0277610661334453,0.1833068253993627,-0.0434317867932012,0.0754548746289187,0.1347015475727613,0.0584609789437004,0.0553989021809505,0.0648787548186302,-0.0125341825683976,2.927936842548807,2.3126870495185408,3.0645612820733104
W0865,0,0.0,0.0,0.2,0.0,0.0,0.0,0.0,0.2,0.2,0.2,0.0,0.2,0.2,0.2,0.2,0.0,0.0,0.2,0.0,0.2,0.2,0.2,0.0,0.0,0.0,0.2,0.0,0.0,0.2,0.2,40.0,0.0,0.0,0.0,0.0,0.0,0.0,0.0,0.0,0.0,0.0,0.0,0.0,0.0,0.0
W0865,1,0.0,0.0,0.4055326144382167,0.0,0.0,0.0,0.0,0.3142430246187436,0.4150640516199667,0.3466348362373623,0.0,0.272564048497492,0.2651301389762174,0.3156814552189063,0.2402691084003554,0.0,0.0,0.3099849394475433,0.0,0.2746097127842123,0.3112708849100425,0.3345823925063572,0.0,0.0,0.0,0.3318185271130722,0.0,0.0,0.2251717938270107,0.2607155206590676,27.17276312788852,0.4633603970830508,0.689702964366686,0.8394899945963169,1.0215184112923463,0.4121080565806651,0.8941726619927878,0.3803485697642572,0.1079073089977269,0.1483929316907195,0.2678194121580157,0.1018630013476124,0.3670519871674406,0.2799051945392368,0.6651249945785476
W0865,2,0.0,0.0,0.8689305969863637,0.0,0.0,0.0,0.0,1.0026717456693963,1.209729605637781,0.9207182622034856,0.0,0.4316753113084631,0.3312821956432324,0.4101222972954635,0.5227941787630046,0.0,0.0,0.5818404271985297,0.0,0.4419377959797141,0.6931493664081038,0.8736294891230123,0.0,0.0,0.0,0.6478487678683218,0.0,0.0,0.5953291997939293,0.5388035497323312,13.09317780737427,1.2997182404186116,1.3306653586191428,1.880464892520361,1.7163133012794192,0.7951253140977209,2.221575897651767,1.0412953486031953,0.2211928452629241,0.3840358805147859,0.4112624296730745,0.2178806763960784,1.1716753615522648,0.6325768692444413,1.812620122019036
W0865,3,0.0,0.0,1.5195029833064158,0.0,0.0,0.0,0.0,2.01299999109124,2.2967280214550216,1.7059856182701991,0.0,0.4441734633896768,0.3615518034435777,0.6055934813810684,0.6285817016625972,0.0,0.0,0.8551372776510007,0.0,0.5568113268697609,0.7853807570903448,1.5565030670150408,0.0,0.0,0.0,1.3189993585725972,0.0,0.0,0.5452851013930303,0.7147954789198363,0.1312499560357609,1.1263683974962466,0.6003841090610083,0.7172379604564476,0.6847549647243721,0.3010363073169979,0.886128560507918,0.7157537029563363,0.4056444680919501,0.5630026416169491,0.4116770237895009,0.4785127249244751,2.5886659945345243,1.6321158659815955,3.8458185532452056
W0865,4,0.0,0.0,1.4772140359185224,0.0,0.0,0.0,0.0,1.5772760305172424,2.166433458403335,1.1396680315166854,0.0,0.3278394654813805,0.3284065517091156,0.5535453773033561,0.4239087124230687,0.0,0.0,0.6044834127931307,0.0,0.394291705944054,0.7051600351965638,0.9527625865390068,0.0,0.0,0.0,1.3461727688005576,0.0,0.0,0.5376036854303747,0.4835905606606576,-0.1295140461148207,0.2910291698161449,0.1602994797033154,0.10537089105386,0.1213768857477071,0.0997057573823632,0.2919787845837517,0.1908758559491448,0.2779428265814915,0.2757763564194488,0.1720399313212131,0.1985524449240058,3.0370642492111597,1.1353409083041863,3.339951133082038
W0865,5,0.0,0.0,1.0099359777981214,0.0,0.0,0.0,0.0,1.2361063903041605,1.2784148015214685,0.804132698432437,0.0,0.2122828015399073,0.2300693198385194,0.3664454664677536,0.3418279378956241,0.0,0.0,0.4152044253790084,0.0,0.2970516340257257,0.4183206276281074,0.6656425452475028,0.0,0.0,0.0,0.9464355369418826,0.0,0.0,0.3411476208735345,0.3722878038056834,0.0283923082462697,0.138404299698068,0.0707717806693156,0.0854280850880683,0.046177813743165,0.0028763773205848,-0.0127950339882248,0.1044242147050207,0.2139004710905426,0.1389045175524497,0.1253597771595419,0.1095579802893963,3.887220474291948,1.4145124313800808,3.4989092187244144
W0865,6,0.0,0.0,0.6031859027815156,0.0,0.0,0.0,0.0,0.7646403338315321,0.8429060579446732,0.4376800032883624,0.0,0.1239166285246877,0.1462295900703559,0.2628236029156282,0.1953308035587108,0.0,0.0,0.2794502145880249,0.0,0.1939792170816757,0.2403597536672405,0.4513367628840758,0.0,0.0,0.0,0.7915961508565891,0.0,0.0,0.2039469810416874,0.2398726792840917,0.0569573386180167,0.1156208700165466,0.1026892795630737,0.0396360019986317,-0.0337643671668207,0.0163780581146788,-0.021655505129406,0.0771332998297115,0.1124405584499853,0.0697541195523695,0.0189988932889709,0.0346394644532053,4.773821385057362,1.174909140416326,3.227292358090241
W0910,0,0.0,0.0,0.2727272727272727,0.0,0.0,0.2727272727272727,0.0,0.0,0.0,0.0,0.2727272727272727,0.2727272727272727,0.0,0.2727272727272727,0.2727272727272727,0.0,0.2727272727272727,0.0,0.0,0.2727272727272727,0.0,0.2727272727272727,0.0,0.0,0.0,0.0,0.0,0.2727272727272727,0.2727272727272727,0.0,40.0,0.0,0.0,0.0,0.0,0.0,0.0,0.0,0.0,0.0,0.0,0.0,0.0,0.0,0.0
W0910,1,0.0,0.0,0.4821642902736824,0.0,0.0,0.4763149798549858,0.0,0.0,0.0,0.0,0.3762806525438478,0.3839012247423755,0.0,0.3956025758050485,0.434775143239624,0.0,0.43231806419848,0.0,0.0,0.378976833971933,0.0,0.3632234933869787,0.0,0.0,0.0,0.0,0.0,0.4583504448897693,0.4506884552789729,0.0,25.00793280425791,0.7678088132161203,0.9623275978009674,0.9322308285543532,0.4433222974321525,0.3513317806981995,0.1934542577851909,0.8735021236242118,0.1338625287953525,0.3309218990304778,0.1764957909503011,0.1033904939270703,0.4145465339655453,0.2652984441171669,0.7740084842904648
W0910,2,0.0,0.0,0.9288899621982016,0.0,0.0,1.45532312133864,0.0,0.0,0.0,0.0,0.8213060795905428,0.6051443943412564,0.0,0.6990213203831516,0.6584728077150398,0.0,0.8560123405804848,0.0,0.0,0.5993058151874556,0.0,1.381109797413688,0.0,0.0,0.0,0.0,0.0,0.644327990864951,0.9214109910570196,0.0,14.501244211632322,1.4296170401684196,1.7195064215027276,1.377078503790492,0.9897117003161388,0.603153325243122,0.7318000338459918,2.243861489471072,0.2735334381796695,0.7685748084793422,0.5954265216095677,0.1631993798556058,1.487756974980463,0.9671544737550762,2.433811122907381
W0910,3,0.0,0.0,2.0662989170427166,0.0,0.0,3.1310660452924988,0.0,0.0,0.0,0.0,1.095072220025607,0.6417017820522298,0.0,1.0049993130223136,0.6951237339505338,0.0,1.146388111075845,0.0,0.0,0.7602413244042835,0.0,2.039858422469798,0.0,0.0,0.0,0.0,0.0,1.2744463717896728,1.164197647614709,0.0,0.0348652896279507,0.7560999082036947,0.6306460530487061,0.4715873168569253,0.7177523665811787,0.5078146048219284,1.1836387441771647,1.349495915802358,0.3921850680323588,0.9170674326037213,0.392663507494433,0.2342825103032375,3.0348840968182262,2.059154660601281,4.084971525442607
W0910,4,0.0,0.0,1.4220624437174594,0.0,0.0,2.6257848662413545,0.0,0.0,0.0,0.0,1.1452629271909578,0.3821662396856314,0.0,0.740732096679305,0.472855691507162,0.0,1.0593638309062916,0.0,0.0,0.58861368277958,0.0,1.0344514897260375,0.0,0.0,0.0,0.0,0.0,0.990093524036726,0.8360390739429682,0.0,0.0060924615454453,0.1338419705645361,0.0736627758949891,0.0434290720487837,0.1724355756533541,0.0314636976756001,0.506323495346324,0.2338202310607888,0.2307860071516191,0.3234397832663749,0.2100289941912781,0.0955188818958351,3.60830911901273,2.6621365595566653,4.03470193495448
W0910,5,0.0,0.0,0.8028932964919636,0.0,0.0,1.973818595925511,0.0,0.0,0.0,0.0,0.862285951061734,0.2990005044450233,0.0,0.4731159250950092,0.2626133364794286,0.0,0.7316966070097504,0.0,0.0,0.3984055770142605,0.0,0.9763196805190888,0.0,0.0,0.0,0.0,0.0,0.8202460152177036,0.5437047694933453,0.0,-0.0809898427543908,0.0162326212989511,0.0630221232205033,-0.0028239603376436,0.0212677467999314,0.0121807561120088,0.2244421145397037,0.0869185769907014,0.2419158938139337,0.2082318894279273,0.1984288586759437,0.0292122343996448,3.955298748977175,3.7309106533917897,4.2466012052178845
W0910,6,0.0,0.0,0.6371504536068691,0.0,0.0,1.1404569178819437,0.0,0.0,0.0,0.0,0.6339531354567871,0.1750977345487443,0.0,0.3471495866561322,0.2422585762693837,0.0,0.4906164115390689,0.0,0.0,0.243850456682561,0.0,0.6432543874900889,0.0,0.0,0.0,0.0,0.0,0.4927953658420966,0.3785691142021089,0.0,-0.0111381639325862,0.0487966247007958,-0.0244322509583767,-0.0056193283641891,0.0476466430936617,0.0512289980152057,0.223838000506351,0.0147931100377776,0.1352957692749459,0.150626254310859,0.1654244262174233,0.0303509063182117,2.822179529935208,2.9406004620744906,3.95731609855454
W0964,0,0.0,0.0,0.2307692307692307,0.0,0.0,0.2307692307692307,0.2307692307692307,0.0,0.0,0.2307692307692307,0.0,0.0,0.2307692307692307,0.0,0.2307692307692307,0.2307692307692307,0.0,0.0,0.0,0.2307692307692307,0.2307692307692307,0.2307692307692307,0.2307692307692307,0.0,0.2307692307692307,0.0,0.0,0.2307692307692307,0.0,0.0,40.0,0.0,0.0,0.0,0.0,0.0,0.0,0.0,0.0,0.0,0.0,0.0,0.0,0.0,0.0
W0964,1,0.0,0.0,0.4379715673334053,0.0,0.0,0.4018772009120976,0.4440288016193489,0.0,0.0,0.4028038390413499,0.0,0.0,0.2955809171159899,0.0,0.3605296970522773,0.3234618860972196,0.0,0.0,0.0,0.31994354557202,0.3075939238500103,0.3322828803936431,0.3052771628716734,0.0,0.3932886647172922,0.0,0.0,0.3010649614722214,0.0,0.0,30.625770977952637,0.3823221745961724,0.788744794783125,0.5465420409642331,0.7585772397281089,0.4704048475197417,0.3767858517214631,0.5722778889433138,0.3194586096680132,0.0847235878698364,0.233913064431274,0.0227696682598527,0.4492631383445279,0.4402838747564487,0.581432776496944
W0964,2,0.0,0.0,0.9740622577516694,0.0,0.0,1.0865013792712683,1.2706589373419974,0.0,0.0,0.7236484646430009,0.0,0.0,0.4256044231247949,0.0,0.5306724365251231,0.4238609026288556,0.0,0.0,0.0,0.4265435819946254,0.7167538364620964,1.067895981377068,0.4974030096296794,0.0,0.586748148726598,0.0,0.0,0.7366991572147321,0.0,0.0,15.542363429503784,0.8171012939869415,1.3151562053538162,1.2441487550606132,1.5194894441001872,0.7017119874155293,0.8039488668592637,1.504098449894809,0.9563951142721714,0.4096547913529781,0.6346765916293239,0.1882825407136753,1.3268053220536489,1.625160332189078,2.030479944232681
W0964,3,0.0,0.0,1.2505076439103,0.0,0.0,2.245667816463015,2.5871303900142464,0.0,0.0,1.215869230025859,0.0,0.0,0.5661329547938428,0.0,0.8922797819835449,0.3549566566796434,0.0,0.0,0.0,0.6139168672980684,1.2056528034302276,1.5657853106672996,0.8968674949773893,0.0,0.9760851790427032,0.0,0.0,1.042593658111471,0.0,0.0,0.1696492222617742,0.5227488036215583,0.3720523545829731,0.461449736139065,1.038862656471524,0.3586870310149556,0.7387021703524645,1.0363926079086316,0.9325468755892266,0.7587182229718281,0.8269687271119213,0.3084088667090486,2.22239231928651,2.4881235091892164,3.5439084311186364
W0964,4,0.0,0.0,1.0025325527653504,0.0,0.0,1.8338761641989625,1.9921905448299837,0.0,0.0,1.0041378621013084,0.0,0.0,0.5547680050568281,0.0,0.6557323573617846,0.250736604570238,0.0,0.0,0.0,0.5015395202302386,0.8241715720465169,1.087545624811808,0.4987743476110977,0.0,0.5532394862533736,0.0,0.0,0.7924173144835043,0.0,0.0,0.0682891141144108,0.0439751990146415,0.0668764592333225,0.1315991359014015,0.2879802411644747,0.1168064830103924,0.1063871673014333,0.2403117644484836,0.5449983462383724,0.6715358773850945,0.4494871484813336,0.115910026103175,3.250581628327617,3.204826115595297,4.677675845919576
W0964,5,0.0,0.0,0.7860677303852079,0.0,0.0,0.9882916795294414,1.2574542047581174,0.0,0.0,0.6698424220437138,0.0,0.0,0.4808206701237413,0.0,0.5124773992421576,0.1815136094929273,0.0,0.0,0.0,0.3280452076075611,0.6312595576078128,0.8075515565859738,0.3649749991032159,0.0,0.3843227226600673,0.0,0.0,0.4856157272210168,0.0,0.0,0.0218323641423788,0.0518804157837382,-0.0708504280833514,-0.0069664212728015,0.0435337308063506,0.028429419035186,0.0458547191583382,0.0381614106910256,0.3635911680135657,0.429712652446669,0.3236363185490847,0.1226780122214421,4.07994141063827,2.118159401700003,3.838689615892672
W0964,6,0.0,0.0,0.4896317234827525,0.0,0.0,0.6599078326167278,0.7445629231470468,0.0,0.0,0.427898735894949,0.0,0.0,0.3463664498655805,0.0,0.274987487805244,0.1010576281697028,0.0,0.0,0.0,0.2264229847362627,0.3845732437641074,0.4632565247848212,0.2176840321848564,0.0,0.293481024303022,0.0,0.0,0.4032846286516321,0.0,0.0,-0.0165106565439818,-0.0314190813874647,-0.0369709555051321,0.0348603964306432,0.0165352545947499,-0.0574254067305881,-0.0225021895063672,0.0156947512533297,0.193170723573846,0.3735187543953208,0.2646418883413367,0.0402430367146637,4.460902264137675,2.484259205373301,3.807415295795303
W0984,0,0.0,0.0,0.2307692307692307,0.0,0.0,0.2307692307692307,0.2307692307692307,0.2307692307692307,0.0,0.0,0.2307692307692307,0.2307692307692307,0.0,0.2307692307692307,0.0,0.0,0.0,0.0,0.0,0.2307692307692307,0.0,0.2307692307692307,0.2307692307692307,0.0,0.2307692307692307,0.0,0.0,0.2307692307692307,0.0,0.2307692307692307,40.0,0.0,0.0,0.0,0.0,0.0,0.0,0.0,0.0,0.0,0.0,0.0,0.0,0.0,0.0
W0984,1,0.0,0.0,0.3913161039452269,0.0,0.0,0.4257582248242317,0.4399941758779191,0.4595341910428202,0.0,0.0,0.3767663830863176,0.3461516391294402,0.0,0.4056072680310017,0.0,0.0,0.0,0.0,0.0,0.3040273449302627,0.0,0.4043334660467895,0.32958444534547,0.0,0.2473266341661412,0.0,0.0,0.351750719905167,0.0,0.3507584001791049,33.15649353265612,0.4695249886062332,0.8562007675571887,0.8297157205399903,0.8120724269410741,0.27505204906037,0.3732628203028219,1.0089250017546838,0.3001835925709669,0.1119452754949713,0.0033588587690748,-0.0405035310110474,0.4869294347081845,0.2001878989859353,0.6540088200527201
W0984,2,0.0,0.0,0.8316285861033216,0.0,0.0,1.234038007436162,1.3384099191482357,0.9722866071285252,0.0,0.0,0.4843156182975456,0.4750252212919577,0.0,0.6650616825214332,0.0,0.0,0.0,0.0,0.0,0.5380821622890898,0.0,0.9643075597821976,0.5940011822737106,0.0,0.659133126004511,0.0,0.0,0.5950743838143059,0.0,0.5836308934246051,10.711896040888606,1.135186595749837,1.2219391729204103,1.1913077423921776,1.592025529938699,0.5802260579370626,0.723343406519421,1.453503814594921,0.8909917060870115,0.3293794388511222,0.3360377184484823,0.3128260133347066,1.6881367332904609,1.4270076884375382,2.0301226169811075
W0984,3,0.0,0.0,1.256699254457889,0.0,0.0,2.3249572320269656,2.695878009375339,2.282864430891216,0.0,0.0,0.7158157504492481,0.6143698735955045,0.0,1.0297862947800251,0.0,0.0,0.0,0.0,0.0,0.6067404088190635,0.0,1.7193021938499031,0.784264300321882,0.0,0.7693519466935858,0.0,0.0,0.7735462921023978,0.0,0.6767151025706334,0.0971662106455637,0.3125268051021809,0.2908564629868068,0.3525830198066034,0.7283237987577571,0.3504723985721011,0.6074715184804027,0.7441905244017306,0.948872089460136,0.5664952475680229,0.4430019839929165,0.724456494326311,2.5255285984939366,2.4685935598150115,4.196430244109833
W0984,4,0.0,0.0,0.98199823674215,0.0,0.0,1.506431636752317,1.7283722119370382,1.609101498920337,0.0,0.0,0.6805389945733711,0.4141940652096662,0.0,0.7518841842609156,0.0,0.0,0.0,0.0,0.0,0.4606736563766556,0.0,1.0221775527484205,0.5576079134105751,0.0,0.6214532407081236,0.0,0.0,0.7476407738154006,0.0,0.4474979810875403,0.0833489192902902,0.0818372892220467,-0.011910243861554,0.0309957502365932,0.0381546620735751,0.145546985811133,0.2263040235902058,0.1152832106750737,0.6906975086465286,0.2537819313843945,0.2568380192959239,0.3545665928819025,3.3685729759704337,2.865347078716238,4.57841347547279
W0984,5,0.0,0.0,0.5903927240898379,0.0,0.0,1.0220374620956147,1.1123067692111992,1.078775547847585,0.0,0.0,0.7378956550472688,0.2959081247218592,0.0,0.516141978890955,0.0,0.0,0.0,0.0,0.0,0.3406973155684106,0.0,0.6527140022593275,0.3299670150301123,0.0,0.3456432797251841,0.0,0.0,0.4614558519159716,0.0,0.3652097514806508,-0.0401158995205034,0.025839772105995,0.0522858003585248,-0.0280385011620324,0.1713587097654668,0.0116286453199254,0.049049579954439,0.0652493752144682,0.3345017031961581,0.1731888125567133,0.1066228557320124,0.3227404475025332,3.2019944849985595,2.532373548875971,4.146505463148484
W0984,6,0.0,0.0,0.4103869382408645,0.0,0.0,0.6775187849414066,0.6969642623729562,0.8055032574195412,0.0,0.0,0.5316417692028971,0.1431688380601861,0.0,0.3856859271983492,0.0,0.0,0.0,0.0,0.0,0.2296722365274732,0.0,0.4025782175811978,0.1610153960156108,0.0,0.2453051205167384,0.0,0.0,0.3793498685972979,0.0,0.235684673171207,-0.0740767136463913,-0.0138584333798773,-0.0034792851610663,-0.0300747344047385,0.0164459485968422,0.1059881048003589,0.0290808195597149,0.0383096936054765,0.218175726098911,0.0961336348800908,0.1460381794299118,0.2278071748092319,3.0914177625939168,2.64461524105372,4.114907276666466
W1077,0,0.0,0.0,0.1764705882352941,0.0,0.1764705882352941,0.0,0.1764705882352941,0.1764705882352941,0.0,0.1764705882352941,0.1764705882352941,0.0,0.1764705882352941,0.0,0.1764705882352941,0.1764705882352941,0.1764705882352941,0.1764705882352941,0.0,0.1764705882352941,0.0,0.1764705882352941,0.0,0.0,0.1764705882352941,0.0,0.1764705882352941,0.1764705882352941,0.1764705882352941,0.0,40.0,0.0,0.0,0.0,0.0,0.0,0.0,0.0,0.0,0.0,0.0,0.0,0.0,0.0,0.0
W1077,1,0.0,0.0,0.3050476070692557,0.0,0.2837005361592322,0.0,0.257222064394896,0.2841319244855945,0.0,0.279746303174711,0.2393330533232615,0.0,0.2288111470512668,0.0,0.2903388803432019,0.2324145906519108,0.2840592353205279,0.3061653441488034,0.0,0.2585734759359268,0.0,0.2810926634571768,0.0,0.0,0.2385904770150795,0.0,0.2400430417002581,0.2763966549848305,0.2450153280959455,0.0,33.45924575124499,0.5731271503765315,0.7146346338491931,0.6044186499048669,0.8745860583360424,0.2955370532934419,0.3156717839256532,0.7120248581573079,0.2534997006231037,0.1667200950011665,0.2595264638687758,0.0628997474356167,0.5568181080417489,0.4227901867355739,0.5147682806879905
W1077,2,0.0,0.0,0.8024390363290032,0.0,0.8643998383795183,0.0,0.8941771702955189,0.800738396581266,0.0,0.5932071812055809,0.3744167604470473,0.0,0.3570676658330048,0.0,0.4005271615028107,0.3020772160988811,0.5038920109957287,0.4783543244257475,0.0,0.3853370058722828,0.0,0.5697501706471357,0.0,0.0,0.4909036920846876,0.0,0.4997144373975938,0.5150607113237028,0.4556345084263045,0.0,10.447582120869791,0.8064380694292709,1.4271231017966246,0.9530868154379204,2.1655142611843354,0.7350968282197254,0.7578286796500642,1.2873224289360865,0.6493213761591754,0.5793868670555377,0.5395734053445573,0.1592999987144601,1.3390280340757437,1.1819903099693174,1.156106546259266
W1077,3,0.0,0.0,1.2342409689828877,0.0,1.7801868261846687,0.0,1.9884438676227945,1.7472382256520618,0.0,0.9273566642241676,0.5967861828617501,0.0,0.4135002923264891,0.0,0.5171475999269762,0.2653090037258895,0.8491404860562609,0.7773123795776868,0.0,0.5155747397803648,0.0,1.059992240732605,0.0,0.0,0.7489437647303435,0.0,0.771926120002815,0.8329314030672936,0.6614306965246548,0.0,0.1077842425043918,0.6553048041165573,0.5297673630870008,0.5295693456666917,1.0967380095204815,0.3336360338135381,0.4720508097022541,0.7057470504943179,0.7293647700177139,0.6506628201219135,0.4258151148738576,0.2714922269408933,2.8238569657125656,2.630542562846612,3.778155599239891
W1077,4,0.0,0.0,0.9337328912834002,0.0,1.89670954439546,0.0,1.764069662366515,1.399811412926839,0.0,0.7554677532156188,0.6393819379379523,0.0,0.3618808708926824,0.0,0.3847460712044873,0.1608708478125327,0.6828972530943198,0.62927757202064,0.0,0.3890608526747803,0.0,0.8094346638118701,0.0,0.0,0.498085414209676,0.0,0.5429136505510955,0.5613001531537792,0.4657221725463736,0.0,0.0511455153898561,0.0914905801914384,0.1647574856893828,0.1253938475957412,0.3460494485843709,0.0517231438449574,0.1899411571805987,0.1633617515869394,0.4007020811525562,0.3821233709998131,0.2314937969353298,0.1754674155563017,2.9459951080826285,2.990422609639679,4.223299473061679
W1077,5,0.0,0.0,0.5753219866219694,0.0,1.0970248345526192,0.0,1.1639181613651004,1.1785934381003087,0.0,0.4692639597367352,0.50855502297357,0.0,0.2771202234506301,0.0,0.2746141081078772,0.118673274115664,0.5224746279968848,0.4057777485142033,0.0,0.2606442281636411,0.0,0.621300721819193,0.0,0.0,0.297189894719832,0.0,0.3051047055018846,0.3990369760711761,0.2775506022142848,0.0,0.0082826881589017,0.0879723289448679,0.1056498046977865,0.0440169347753134,0.1267825884235153,0.0556430882127802,0.0354797423610515,-0.0031706893679587,0.2021502017850004,0.174898337337341,0.0867138724199392,0.2340319268902352,2.080170098397216,2.71142199849507,3.269868065732949
W1077,6,0.0,0.0,0.4754321731377579,0.0,0.7992633310828378,0.0,0.633169618765539,0.6619523110740613,0.0,0.2518960218644415,0.3521800697514002,0.0,0.2003287141205684,0.0,0.1946374909506382,0.0683334514298391,0.22183018318995,0.2083964900296639,0.0,0.1583255702157781,0.0,0.3141936740574194,0.0,0.0,0.1836543105861087,0.0,0.209217009264755,0.2625818321782455,0.1420219968575153,0.0,-0.0531537398785972,0.0851012009131903,-0.0556640166067824,0.0313826594170145,0.0990419665859841,0.0307803139943214,0.1138931436080171,-0.0536080379664833,0.2466713794590307,0.2148957201062866,0.0895890113765668,0.0888508238384272,2.6319883138556976,2.701697993988644,3.920900522279293
W1079,0,0.0,0.0,0.1875,0.0,0.1875,0.0,0.1875,0.1875,0.0,0.1875,0.1875,0.1875,0.1875,0.0,0.1875,0.0,0.1875,0.1875,0.0,0.0,0.1875,0.1875,0.0,0.0,0.0,0.1875,0.0,0.1875,0.1875,0.0,40.0,0.0,0.0,0.0,0.0,0.0,0.0,0.0,0.0,0.0,0.0,0.0,0.0,0.0,0.0
W1079,1,0.0,0.0,0.3139983624662171,0.0,0.3743080361550879,0.0,0.3539197802382154,0.3317641742435364,0.0,0.3108325079958763,0.3108798336113735,0.2709887767419957,0.2348291355484177,0.0,0.3011229017934264,0.0,0.3069139293312283,0.3206172284493042,0.0,0.0,0.2543127870452177,0.2946112146700178,0.0,0.0,0.0,0.3320357754414834,0.0,0.2767915206737045,0.3015094247833531,0.0,34.624377125890376,0.6158125745950656,0.8584173813193432,0.7121168210312693,1.076107366156205,0.2706947110062897,0.4835970398682996,0.62973920738295,0.1507590102709877,0.2693120312010203,0.1685975489033659,0.0133232103815532,0.402216224569927,0.213222270695566,0.4027020289904738
W1079,2,0.0,0.0,0.8208896962477421,0.0,1.004506735974821,0.0,1.243247445475058,0.8784417950978226,0.0,0.6636061138776878,0.5034024279892727,0.3673716161737089,0.3869629950821064,0.0,0.3682587788901709,0.0,0.6389893257692127,0.6351843065181781,0.0,0.0,0.5697144642822293,0.6779475875944484,0.0,0.0,0.0,0.5790533642197335,0.0,0.5336964049827614,0.4895387426928364,0.0,13.932411729243729,1.1391801330715965,1.4501732996651278,1.3326303366366972,2.669642783476605,0.6412713179744812,1.146126566856815,1.610728934938252,0.421021904909957,0.5849335820594209,0.3880881558680811,0.1961135158874512,1.4617623229976653,1.2745866876079397,1.5423826087608083
W1079,3,0.0,0.0,1.4924143643364682,0.0,2.1138636804786275,0.0,2.434640196451999,1.421814027043114,0.0,0.872364284278897,0.6675466746389918,0.3934348803239088,0.4106466884318705,0.0,0.6130585647935612,0.0,0.7235196355535916,0.6988422075527893,0.0,0.0,0.8162223500479348,1.073737754596512,0.0,0.0,0.0,1.1418328937801794,0.0,0.9003930199778829,0.632990453089379,0.0,0.1530133134092299,0.3836209545977347,0.3524246902334669,0.4137945186237801,1.0318315912706622,0.2367476396691851,0.5774966837487557,0.7280229645890102,0.5353079865390955,0.7486684010322503,0.3416631250216799,0.3769835341489333,3.1099467327824004,2.534265096129761,3.404649323497606
W1079,4,0.0,0.0,1.1080046820993097,0.0,1.6323654900880349,0.0,1.8445062842746949,1.5087818484694262,0.0,0.7513720056559827,0.5486777042718897,0.2652471113792617,0.3958414536829162,0.0,0.420104342446423,0.0,0.661027577796452,0.4889073626944636,0.0,0.0,0.5907803239918574,0.6513856206704545,0.0,0.0,0.0,0.8892990508533102,0.0,0.5547072310645055,0.3538434628766881,0.0,0.0055952977322816,0.13361401851229,0.0535172907075628,0.0801971566063893,0.2335875159705637,0.1025648499004571,0.1090403754968464,0.1171584262054194,0.2011602682730046,0.3088067185966161,0.1051734641422336,0.1010132441229321,2.670015884560661,2.274722787454646,3.741732760772812
W1079,5,0.0,0.0,0.6440595807827176,0.0,1.1988067225026915,0.0,1.1749498641268077,1.0928985332570014,0.0,0.5521660416065357,0.4418399694781514,0.1856540632952198,0.299793155334612,0.0,0.2964773268015582,0.0,0.5149321698209233,0.257290355529568,0.0,0.0,0.3529467998856067,0.5830484920443844,0.0,0.0,0.0,0.7924572374217294,0.0,0.3622297768266698,0.2655727769857318,0.0,0.0606276654394316,-0.0423085456986559,0.0657885676217221,0.0053913560604917,0.0986972424166714,-0.0139239776706344,0.0553858383801932,0.1105145196797134,0.2323563739965977,0.1761447101393571,0.0697985772491795,0.1455735537915694,2.7588176498005046,2.2160632605529185,2.8866246463764096
W1079,6,0.0,0.0,0.3938872222543275,0.0,0.8135993698622567,0.0,0.6139969628047887,0.6140235273622773,0.0,0.3586085345218916,0.3586702056847931,0.1143686974356347,0.1729040203176646,0.0,0.1943987313439028,0.0,0.2835495544231153,0.2352838174622186,0.0,0.0,0.2294899824779138,0.3680538219448702,0.0,0.0,0.0,0.4473972431209494,0.0,0.2490153013606238,0.1591786897435373,0.0,0.0421829818579763,0.0282374123272985,0.00084005349087,0.0310949196030245,0.0192555108136084,-0.0113369788709124,0.006544927675725,0.0239259049530209,0.1831948668266243,0.1245471718100611,0.0587647445141031,0.0749516679635375,2.1194348108813785,1.821993191032068,3.155681960688341
W1197,0,0.0,0.0,0.375,0.375,0.0,0.0,0.0,0.0,0.0,0.375,0.0,0.0,0.0,0.0,0.375,0.0,0.0,0.0,0.375,0.0,0.0,0.0,0.0,0.0,0.375,0.0,0.375,0.0,0.375,0.0,40.0,0.0,0.0,0.0,0.0,0.0,0.0,0.0,0.0,0.0,0.0,0.0,0.0,0.0,0.0
W1197,1,0.0,0.0,0.7487411639432605,0.5448651343483613,0.0,0.0,0.0,0.0,0.0,0.6320823203483635,0.0,0.0,0.0,0.0,0.6824838557014086,0.0,0.0,0.0,0.5056013138216524,0.0,0.0,0.0,0.0,0.0,0.5815479949347655,0.0,0.4124564227875396,0.0,0.5525033082741523,0.0,27.19683085959761,0.4994068808149469,0.6013574849458181,0.6030912614004408,1.2185182695359713,0.2285959353824387,0.8078643555513713,0.4016849751778263,0.0568522323276413,0.1356451003571411,0.272083320040547,-0.0097681498159052,0.402071767684366,0.7048290349898311,0.4397067633231228
W1197,2,0.0,0.0,1.4370684472750803,1.118446338035182,0.0,0.0,0.0,0.0,0.0,1.3021203783865325,0.0,0.0,0.0,0.0,0.9654279717861872,0.0,0.0,0.0,0.998904733847338,0.0,0.0,0.0,0.0,0.0,1.0320014315211616,0.0,0.8311994791193962,0.0,1.0284032955172515,0.0,16.78201544951578,0.9394472360890324,1.3545436305252283,1.1708791323658283,1.5462144709553736,0.5819483109337663,1.3867380600767174,1.1599782433299022,0.2526749408498092,0.2579409290812044,0.5820366112368782,0.1622041490066088,1.242007225947932,2.1778231138825768,1.417640967158941
W1197,3,0.0,0.0,3.8403688680601697,2.9177257589820003,0.0,0.0,0.0,0.0,0.0,2.344723632638644,0.0,0.0,0.0,0.0,1.1653761080872431,0.0,0.0,0.0,1.1583793578204045,0.0,0.0,0.0,0.0,0.0,1.2971756052834078,0.0,1.586859402056692,0.0,1.0750587423154936,0.0,0.1894611063407569,0.5099070908731917,0.8505211556721419,0.5071521977205299,1.1326699617443097,0.4677222110841112,1.3182659669978354,1.4521258813625513,0.6182664171325487,0.5106962309420564,0.6527363667897623,0.1661291209234137,2.5783264967133905,3.31964286742528,3.319101189129456
W1197,4,0.0,0.0,2.56340521370356,3.179352887519965,0.0,0.0,0.0,0.0,0.0,2.1558080823128574,0.0,0.0,0.0,0.0,0.9722387965163082,0.0,0.0,0.0,0.8731489211523028,0.0,0.0,0.0,0.0,0.0,0.8480883978581197,0.0,1.2570793287781263,0.0,0.930938613773673,0.0,0.0891051759934198,0.0616180068582815,0.2126798357381941,0.0736402976350985,0.2966907246444709,0.1093404757983883,0.2895907812204153,0.6865375524574363,0.3255873575728645,0.2358661538037648,0.2657635681967122,0.0800426834587559,2.703244096555412,3.199604574858727,2.675568284181423
W1197,5,0.0,0.0,1.7644025088242858,2.678441736989153,0.0,0.0,0.0,0.0,0.0,1.1331125273109257,0.0,0.0,0.0,0.0,0.5098205403704665,0.0,0.0,0.0,0.6149701872146719,0.0,0.0,0.0,0.0,0.0,0.6999362101568308,0.0,0.6940951620091804,0.0,0.632615820628117,0.0,0.023237953067524,0.0369046287627597,0.0916809345752792,0.1053179048638663,0.1029231002883239,0.0081206162025214,0.2279333044019952,0.309352053823893,0.2202771657256379,0.1623694425842729,0.1527075835967497,0.0093162745948814,2.6454408216164347,3.098260469286725,2.5415435626144136
W1197,6,0.0,0.0,1.0327924614580146,2.077377472642455,0.0,0.0,0.0,0.0,0.0,0.9048253474409776,0.0,0.0,0.0,0.0,0.4018664833381445,0.0,0.0,0.0,0.3219521390482802,0.0,0.0,0.0,0.0,0.0,0.5037867487119067,0.0,0.4408260053460801,0.0,0.3309096168890844,0.0,0.0988019336882374,0.0570987797004238,-0.0180037992369904,0.1020143147721851,0.2268413559684102,0.0584814988236769,0.122440649749632,0.1761210084694441,0.2042843817248313,0.154200359983085,0.1149471415419921,0.0443974114729676,2.141156486186217,2.6964646139615405,2.5214314145398564
W1200,0,0.0,0.0,0.2,0.2,0.0,0.0,0.0,0.0,0.0,0.2,0.2,0.2,0.2,0.2,0.0,0.2,0.2,0.0,0.0,0.0,0.2,0.2,0.0,0.2,0.2,0.2,0.2,0.0,0.0,0.0,40.0,0.0,0.0,0.0,0.0,0.0,0.0,0.0,0.0,0.0,0.0,0.0,0.0,0.0,0.0
W1200,1,0.0,0.0,0.3814012521355577,0.3047312965606792,0.0,0.0,0.0,0.0,0.0,0.3368529163304388,0.269785197750619,0.2699101195398081,0.2764743079632162,0.2961451013691002,0.0,0.2145599856985297,0.2924479646506344,0.0,0.0,0.0,0.3635006794664434,0.3017809464505465,0.0,0.3066758889184588,0.3585048421092979,0.3381119461562537,0.2411977115494882,0.0,0.0,0.0,32.720481432418715,0.5019772198129355,0.4028937857780621,0.6617883169973912,1.329923634921998,0.4227078448467952,0.3669615386703139,0.5488994969040755,0.1168886416393034,0.1982790620042914,0.1317079208130089,0.0252653333666782,0.7827049597022416,0.4167859950361419,0.3020755306572554
W1200,2,0.0,0.0,1.0528898583617263,0.9128723182247336,0.0,0.0,0.0,0.0,0.0,0.6879624836860836,0.4305297072631975,0.4194514495432327,0.4097236051047088,0.5295256605438046,0.0,0.3860058200903174,0.5971680813107655,0.0,0.0,0.0,0.4950238630553553,0.8953202241833009,0.0,0.3712890173291708,0.5642842884602514,0.7627059163054204,0.6447051626098372,0.0,0.0,0.0,14.703165162222252,1.0765928371316529,1.0670716741778032,1.3119022573119306,2.2021059224244355,0.7122125089393951,1.185175563187154,1.4026371564440592,0.2704477035768208,0.4934203316854354,0.4444017082060994,0.2060495001507272,1.745814297398261,1.5791508492634114,1.0458930648522682
W1200,3,0.0,0.0,1.4443698399094091,1.833746989706353,0.0,0.0,0.0,0.0,0.0,1.3911248597746169,0.7660508949137979,0.4995737840844126,0.3943640026092581,0.9039379435073684,0.0,0.3081548030020365,0.8083918016890241,0.0,0.0,0.0,1.0204233850263096,1.356155166451592,0.0,0.4782499678811293,0.9461365456159224,1.2331523197026846,0.743114797292316,0.0,0.0,0.0,0.0912002042912397,0.9322499752720722,0.9617208318149326,0.7057033955070067,1.2770785522426693,0.533574817308134,1.1839611365807592,1.4829470235310005,0.3024344272959804,0.4246303995456002,0.3530958302720291,0.2521145722569717,3.3722357199054502,2.7328856372460084,2.359307919261312
W1200,4,0.0,0.0,1.5091463002795418,1.6140083107137166,0.0,0.0,0.0,0.0,0.0,1.2910396553737122,0.5263487003299607,0.3380184526016903,0.5482625075677959,0.6664262152226451,0.0,0.1875923144609913,0.7613175381341635,0.0,0.0,0.0,0.7946913092588423,1.0351819496921786,0.0,0.3495665365761986,0.6585411186228718,1.3442152283929578,0.6334082176134657,0.0,0.0,0.0,0.0744450964692503,0.2676871056697523,0.3385951346485525,0.1099807951000603,0.3974064826983859,0.2005348350953878,0.6758413010029202,0.7376783114964734,0.1596837378273314,0.1454729461726802,0.0847347949424367,0.1523225360041049,3.429426056764441,2.72985987543996,2.516146188274118
W1200,5,0.0,0.0,1.0854863374312536,1.975324243234156,0.0,0.0,0.0,0.0,0.0,0.8477026807747448,0.4911757392216001,0.1931218819720094,0.3895950319007709,0.3831138068591674,0.0,0.1302925620717732,0.609608737697049,0.0,0.0,0.0,0.4320895189905753,0.7420668567579454,0.0,0.1793300946279702,0.4585792619294119,1.022837037790454,0.4826948539098057,0.0,0.0,0.0,-0.045290077726945,0.1270323428008613,0.0736577182113814,0.1165611905785945,0.2860246532679772,0.0819266957531242,0.3169584923681419,0.3851654990414962,0.0949593098551783,0.0773399028255506,0.0661924058080177,0.1113604748624249,3.7725848485589504,2.409497609465763,2.039457956430506
W1200,6,0.0,0.0,0.6682233831622459,1.3243251311141768,0.0,0.0,0.0,0.0,0.0,0.5900526221733793,0.3696860228103908,0.1463665926683681,0.2914745929660403,0.2349172323858239,0.0,0.0903263978242081,0.3551910626475477,0.0,0.0,0.0,0.3603011614661121,0.5835923516418433,0.0,0.1080266520465196,0.2940097972460505,0.7821681970399021,0.2979936105964754,0.0,0.0,0.0,-0.0334960825736622,0.0752458685635369,0.0523863926272115,0.0656570797827067,0.1879002871853991,-0.000614853213063,0.2023066602026205,0.1658192904413588,0.0419016828550251,0.0515118261354642,-0.0142200347225599,0.1182332640623334,3.423318490475656,1.6383076581767848,1.88511442984388
W1230,0,0.0,0.0,0.2307692307692307,0.2307692307692307,0.0,0.0,0.2307692307692307,0.0,0.0,0.0,0.0,0.0,0.0,0.0,0.2307692307692307,0.2307692307692307,0.2307692307692307,0.0,0.2307692307692307,0.2307692307692307,0.0,0.2307692307692307,0.0,0.0,0.2307692307692307,0.0,0.2307692307692307,0.2307692307692307,0.0,0.2307692307692307,40.0,0.0,0.0,0.0,0.0,0.0,0.0,0.0,0.0,0.0,0.0,0.0,0.0,0.0,0.0
W1230,1,0.0,0.0,0.3405614141180462,0.4467289643384439,0.0,0.0,0.4092923463112773,0.0,0.0,0.0,0.0,0.0,0.0,0.0,0.3188351217026365,0.3109367754081695,0.3111809070131385,0.0,0.3465298655411996,0.2646249903726953,0.0,0.4104609808965012,0.0,0.0,0.3105412345513855,0.0,0.3418229592244154,0.3102170360965733,0.0,0.3231315023137152,31.91948631985998,0.5873119355349248,0.7738853702775778,0.5684283075411417,0.6288318521996014,0.3670392760064322,0.4553751377603849,0.8311041498391919,0.2427368027495296,0.3757082089729312,0.2605938234019371,0.1409499115913904,0.4408960724848079,0.6148678623449181,0.4320197088013779
W1230,2,0.0,0.0,0.9057281481874668,0.7666417042969876,0.0,0.0,1.158111620705914,0.0,0.0,0.0,0.0,0.0,0.0,0.0,0.5659194807396312,0.348019941677639,0.7258185223366751,0.0,0.6071125531002715,0.5784199238186604,0.0,1.0059487133164942,0.0,0.0,0.6851963026861766,0.0,0.634798349947758,0.7863345210960312,0.0,0.6187232919174239,13.473556563883584,0.859791451654329,1.0363788358531685,0.6476312378267499,1.482688422464629,0.6618018759038624,0.9494174866296978,1.6663374024370177,0.5815932880062172,0.629077159601007,0.4334773228249414,0.191288623243038,1.2964179339102286,1.870897055636654,1.6805211190941023
W1230,3,0.0,0.0,1.8397386501659676,1.7440894158917437,0.0,0.0,2.3786507996898227,0.0,0.0,0.0,0.0,0.0,0.0,0.0,0.8178186202356224,0.3487858806621837,1.209093520795265,0.0,0.67550512228123,0.6383635420641096,0.0,1.4465921706017355,0.0,0.0,1.1543620947930078,0.0,0.9623542350246408,1.0364141673281722,0.0,0.8166427445717527,0.0941884520491104,0.5879943447253856,0.4816737701564518,0.3003705538518735,1.3295467748248004,0.4477628845926888,0.8745838256746106,1.4293394298534132,0.3915364604995228,0.5913185522710565,0.6656668771629417,0.2413284508300646,2.650115453752106,3.671263923556926,2.68426408335586
W1230,4,0.0,0.0,1.452205621105758,2.103559672967556,0.0,0.0,2.556083941314861,0.0,0.0,0.0,0.0,0.0,0.0,0.0,0.4265612997050347,0.2260369957494916,0.832190213384141,0.0,0.4656094976291631,0.4535004380900375,0.0,1.1679976609828338,0.0,0.0,0.7774667398465283,0.0,0.7863189950193104,0.7261574409213607,0.0,0.58429859417597,0.0231297491437915,0.0363884916534288,0.1008847214200676,0.1352298026500379,0.4641375774383968,0.1344800562003615,0.3724143552163907,0.5572403150459752,0.151524625918392,0.3169726655372354,0.3841180484581179,0.0471612083147192,1.9579818967170852,3.884717907031269,2.700167278710122
W1230,5,0.0,0.0,1.0268314743968938,1.66268236129356,0.0,0.0,1.7041272254449924,0.0,0.0,0.0,0.0,0.0,0.0,0.0,0.3597171422519694,0.1609428715492714,0.6130500720415276,0.0,0.3455628582994656,0.3341494940607338,0.0,0.9644721202457512,0.0,0.0,0.4998495722741771,0.0,0.4287785719892964,0.4344685436454342,0.0,0.3546929545575888,0.0681781863811932,0.0343869197006145,-0.002657819405543,-0.0147780145615827,0.2381822551185188,0.035235453682716,0.1431839814541997,0.2531802206268377,0.1714164313743844,0.1656124103962815,0.1133259932036308,0.0842646874555534,2.5949644076975598,4.0748402715575205,2.592468880229149
W1230,6,0.0,0.0,0.5847114696081468,1.6028721320140735,0.0,0.0,1.2674906776731336,0.0,0.0,0.0,0.0,0.0,0.0,0.0,0.2640107953449505,0.0803328817700017,0.3711083548823976,0.0,0.2052130233942596,0.1845253586921002,0.0,0.5201673470796532,0.0,0.0,0.3194520112027166,0.0,0.2453175602309298,0.2783441791346901,0.0,0.2444789457732491,0.01907122602758,0.0947647280700819,0.0690565723385888,0.0136454473147959,0.1751424088742716,0.1008631941480003,0.1589458408749763,0.122496085668795,0.1146209751260433,0.0942221460966656,0.0587438812870636,0.0461814195604787,2.4452145415155355,4.623896274865063,2.5713912451584067
W1241,0,0.0,0.0,0.25,0.25,0.0,0.0,0.25,0.0,0.0,0.25,0.25,0.0,0.0,0.25,0.0,0.25,0.0,0.0,0.0,0.0,0.0,0.0,0.25,0.25,0.25,0.0,0.0,0.25,0.25,0.0,40.0,0.0,0.0,0.0,0.0,0.0,0.0,0.0,0.0,0.0,0.0,0.0,0.0,0.0,0.0
W1241,1,0.0,0.0,0.3988477390607677,0.3761358723059054,0.0,0.0,0.4341993952969906,0.0,0.0,0.3837216085856401,0.4327202239880315,0.0,0.0,0.4089220445609489,0.0,0.3048933720173961,0.0,0.0,0.0,0.0,0.0,0.0,0.3845577505729832,0.3875708755093142,0.4338212049036192,0.0,0.0,0.3502068691625227,0.414541014267992,0.0,29.180668055568585,0.4657684098470485,0.7032456331589861,0.5317292550549712,0.8933107938343098,0.3248080411480172,0.402207691443633,0.7862230166899523,0.456567956164794,0.0537915439431934,0.2350846960518219,0.1519140131911771,0.5500881179665218,0.6867340596053644,0.3944934963095298
W1241,2,0.0,0.0,0.9344582193246144,1.0030385105156667,0.0,0.0,1.1676419239102502,0.0,0.0,0.8077456766102267,0.6397738730091118,0.0,0.0,0.7045595338818468,0.0,0.4304884516203043,0.0,0.0,0.0,0.0,0.0,0.0,0.6068603368051683,0.5831805081158647,0.8251807380682358,0.0,0.0,0.7829558274190581,0.6115845782997729,0.0,15.215793451738312,0.7802585900609229,1.3460676023376292,0.7766726097853676,1.7446817272125086,0.6075671881765262,0.7586379915964557,2.0210816952600563,0.8072190464653133,0.1454063939469888,0.6062744477201167,0.3816093897512192,1.382989352604639,2.0689903051933327,1.1391990885053285
W1241,3,0.0,0.0,1.7821235098942203,1.6098409532218376,0.0,0.0,3.018062790808827,0.0,0.0,1.2317409341027392,0.9963823974871734,0.0,0.0,1.3259870201720134,0.0,0.3444031015002899,0.0,0.0,0.0,0.0,0.0,0.0,0.9230654771377952,0.6720140091999555,0.8299485874031727,0.0,0.0,0.9825852294161026,0.8604569210859656,0.0,0.1623776118745049,0.580794557546675,0.655859829059136,0.3920195247440843,1.138086005779037,0.2716058998100467,0.6291009413971543,1.764876509216287,1.3158446092470166,0.3310489208229006,0.582377120055884,0.6015172849682134,2.154194976095002,3.8476115187664703,2.641161891604349
W1241,4,0.0,0.0,1.5513286275924765,1.890803152098207,0.0,0.0,2.6989813588127385,0.0,0.0,1.2157239802254185,0.8490618841920713,0.0,0.0,1.125831552309951,0.0,0.2750807845507988,0.0,0.0,0.0,0.0,0.0,0.0,0.5877370149625258,0.4624564258114214,0.7605616058756566,0.0,0.0,0.8608581737834307,0.654962933368696,0.0,0.0186832382467727,0.0904029964851967,0.2110715618125661,0.0971105480751624,0.4936754031562274,0.1166782328244264,0.2038049987204077,0.7108036031710857,0.5311806143676931,0.2668603476031518,0.3294212358745081,0.73685635249654,2.8925991267789426,3.9285043297447415,2.46019968414138
W1241,5,0.0,0.0,1.0857407436291655,1.5035269845242163,0.0,0.0,1.6887824274266183,0.0,0.0,0.7092011314004274,0.6972275874789741,0.0,0.0,0.7377136526515765,0.0,0.2091463137118847,0.0,0.0,0.0,0.0,0.0,0.0,0.4530885018154406,0.364175947758629,0.4975472324429766,0.0,0.0,0.6325529010913213,0.4010913006896418,0.0,0.0496412030603042,0.0390764182483889,0.0414484621490917,0.010495304282321,0.2724736975940247,0.0614520917254737,0.1651294300003067,0.350323863889096,0.4023596045878469,0.0700779003668792,0.2346923222741278,0.4505310371185246,2.891288742045596,4.319022268434934,2.5860934744685564
W1241,6,0.0,0.0,0.6645477559754999,1.1860606178962845,0.0,0.0,1.0344700152428212,0.0,0.0,0.5156209055461881,0.4710569407382989,0.0,0.0,0.5073861460618345,0.0,0.1167050224418741,0.0,0.0,0.0,0.0,0.0,0.0,0.2857098453484012,0.1991208053896049,0.2846872315311481,0.0,0.0,0.3836764818393891,0.2630389703286595,0.0,0.0302235398907459,0.0172837240143842,0.0334880331661799,0.0692431572898061,0.1516847160180755,-0.0114978876233301,0.1299614578071486,0.2659683546134024,0.2041421557087311,0.1494054528859343,0.2350019476462734,0.3020118179024279,2.2442154328144657,3.751161107955284,2.4303076801036965
W1249,0,0.0,0.0,0.2142857142857142,0.2142857142857142,0.0,0.0,0.2142857142857142,0.0,0.2142857142857142,0.0,0.2142857142857142,0.0,0.0,0.2142857142857142,0.0,0.0,0.0,0.2142857142857142,0.0,0.0,0.2142857142857142,0.2142857142857142,0.2142857142857142,0.0,0.0,0.2142857142857142,0.0,0.2142857142857142,0.2142857142857142,0.2142857142857142,40.0,0.0,0.0,0.0,0.0,0.0,0.0,0.0,0.0,0.0,0.0,0.0,0.0,0.0,0.0
W1249,1,0.0,0.0,0.3571767180752601,0.3689406469455341,0.0,0.0,0.3665220009028376,0.0,0.4288860170299601,0.0,0.2739910248749267,0.0,0.0,0.3653146900546564,0.0,0.0,0.0,0.2890456141853293,0.0,0.0,0.3421728625330363,0.3906423996307621,0.2960849695972429,0.0,0.0,0.29089829366726,0.0,0.3882383133734629,0.3662508570532496,0.3239618065855232,27.072347164111356,0.5349468625861422,0.8678138552640634,0.3060274042336179,0.6663040608922896,0.3042480235915877,0.8608135848953187,0.9287237270104836,0.3923614462151819,-0.0366428061675493,0.2107335535020801,0.0593174792389959,0.4424774792577134,0.3929921818204132,0.3620879196805638
W1249,2,0.0,0.0,0.9476211801403146,0.8447656401982129,0.0,0.0,1.207437082808242,0.0,1.081393391769418,0.0,0.5040903032536277,0.0,0.0,0.6611179134454925,0.0,0.0,0.0,0.7465867770120524,0.0,0.0,0.6177748090219319,0.9448775399581508,0.4052681304948324,0.0,0.0,0.7047875453170324,0.0,0.6334720502859232,0.5760585367579645,0.6474708222674381,13.668700035646772,0.9592327031392488,1.473667666054736,0.8483464814028459,1.7309718689452926,0.6070070787355846,1.673937992773916,1.7521927641025838,0.5869189945861706,0.1372151542713344,0.5271862819514349,0.4081120515238431,1.2987577992682882,1.5073039134929898,1.164543026285126
W1249,3,0.0,0.0,1.4532982657022018,1.5542661273581495,0.0,0.0,2.6545357168379478,0.0,2.443102367052992,0.0,0.6858965340374926,0.0,0.0,0.8144256870867498,0.0,0.0,0.0,0.8197568384772224,0.0,0.0,0.8095841908250719,1.465124257135717,0.6327409195055973,0.0,0.0,1.1338869340306972,0.0,1.03318926435832,0.4879659617513268,0.6344253857710924,0.09936995132293,0.7294918138476312,0.4050083056783012,0.3172426531209543,0.7252638277660032,0.0589322034250004,0.8519953384433107,1.2101298216767482,0.6613324798936561,0.1938016368263203,0.5163268791696088,0.8315999790326665,2.6326934905168984,3.2460676807758126,2.462964989313175
W1249,4,0.0,0.0,1.0562266025150089,1.2060273695162145,0.0,0.0,1.5002416522539872,0.0,1.915847960839062,0.0,0.5311445497177684,0.0,0.0,0.7318113117616901,0.0,0.0,0.0,0.7496128984207978,0.0,0.0,0.6850172311592839,1.2679380632681243,0.4584424323698861,0.0,0.0,1.094142472442756,0.0,0.4792658700799499,0.5284701810028825,0.4547112355756516,0.0373041455768226,0.1401912987841973,0.1534197083758294,-0.0338052614431675,0.193482552392704,-0.0155205359500179,0.1919974522874581,0.1784909040186983,0.297623386592908,0.1466497264749433,0.1723757563716894,0.5517372356632972,2.3738630942071,3.770021091329437,2.591249889803239
W1249,5,0.0,0.0,0.7718522777815144,1.110314205991459,0.0,0.0,1.3471384399301949,0.0,1.2595742836411534,0.0,0.448711462234529,0.0,0.0,0.4836657129788632,0.0,0.0,0.0,0.4242187954084032,0.0,0.0,0.458803767887645,0.8161206042719482,0.2687334860539619,0.0,0.0,0.7958542066328325,0.0,0.5136424982105283,0.2819841371067489,0.3387832802797235,0.0088729440182637,0.0151660598117423,0.0445750182231673,-0.0164832735825186,0.1323442559739732,0.0085671678126073,0.0316662374007064,0.1637172868967222,0.2133864847266017,0.0439910373372856,0.1308828051912157,0.406509774512019,2.948110296043431,2.4106257965949656,2.1507671010028893
W1249,6,0.0,0.0,0.4910122852736325,0.680242255346055,0.0,0.0,0.7228741115025769,0.0,0.7500405204248091,0.0,0.3083354290971403,0.0,0.0,0.2566179567732088,0.0,0.0,0.0,0.2500988908285691,0.0,0.0,0.2581038407595237,0.467124196890133,0.1650089769406569,0.0,0.0,0.8484768544929753,0.0,0.2729005917251592,0.1573932081632635,0.2018692899702611,-0.0417628007427017,0.0186896665196651,-0.0312128489659933,-0.0178542559577965,0.0853954337151138,0.0007680558181204,0.0757505976592404,0.1206998509599316,0.2095654468367632,0.129052094066581,0.141620519663869,0.2518730345538387,2.6794976693278687,2.6885886999155435,1.974101532936386
W1368,0,0.0,0.0,0.1875,0.1875,0.1875,0.0,0.0,0.0,0.0,0.0,0.1875,0.0,0.1875,0.1875,0.1875,0.1875,0.0,0.1875,0.1875,0.0,0.1875,0.0,0.1875,0.0,0.1875,0.1875,0.0,0.0,0.1875,0.1875,40.0,0.0,0.0,0.0,0.0,0.0,0.0,0.0,0.0,0.0,0.0,0.0,0.0,0.0,0.0
W1368,1,0.0,0.0,0.3591804260235069,0.283473969878668,0.3364349956082525,0.0,0.0,0.0,0.0,0.0,0.2396156669819179,0.0,0.2304133115195284,0.2542253621492228,0.2772248801331193,0.2265288090989794,0.0,0.2642197114127626,0.2916131290596294,0.0,0.3329346679449788,0.0,0.207793632374041,0.0,0.309784709608541,0.3677730116254591,0.0,0.0,0.2444936447568922,0.2925566354958864,29.21498732151083,0.4756148480111438,0.855218577456008,0.6007512060307283,0.9802553894976278,0.3992148138098355,0.6806554289623119,0.4458659028584986,0.2285004135503965,0.0989861394041269,0.2079234017738659,0.12672703309979,0.6884327095556314,0.4965003270438946,0.3435988935599081
W1368,2,0.0,0.0,0.796627629458972,0.6712939375890135,0.7882998729869932,0.0,0.0,0.0,0.0,0.0,0.4547278017168877,0.0,0.3279822071870146,0.3985917057934141,0.4851900623001103,0.3391677277989118,0.0,0.5607203135921458,0.4808172767464644,0.0,0.4461080854233873,0.0,0.4963487909672736,0.0,0.5388623597259062,0.6225131362402023,0.0,0.0,0.5653352859096005,0.4408421100400534,14.424656487275367,1.26239353446146,1.2369394426494655,1.077620329463377,1.9433588366176493,0.7931670186753144,1.307162172950293,0.8438593226226537,0.5912904320483797,0.2366257657601242,0.3714736932259553,0.1429456705138167,1.7346077332637793,1.7662310561687884,1.167783278376599
W1368,3,0.0,0.0,1.4216527632603313,1.7308118603449447,1.4874176022101238,0.0,0.0,0.0,0.0,0.0,0.5215795358800103,0.0,0.3810432164943198,0.858869633553484,0.6181691547463667,0.3191797631822562,0.0,0.8882944969663261,0.5890603310710065,0.0,0.8067940385802325,0.0,0.6462620001481266,0.0,0.7628140380576819,1.1300851177991902,0.0,0.0,0.579739720780775,0.7245996453829583,0.1253730375366604,0.7875604982849712,0.8863894595674155,0.967799864155374,1.3033659570311564,0.5381316236202504,1.4216790950313545,0.9408641785990453,0.550102818402854,0.1905779298685043,0.2066164252462528,0.3068205409659504,2.812093893163287,3.930925384146903,2.143841078593056
W1368,4,0.0,0.0,1.440243995035735,1.850229813788404,2.9611648440859555,0.0,0.0,0.0,0.0,0.0,0.430628183569841,0.0,0.3519752977912406,0.7625329954426635,0.4997427429116439,0.2146034937477218,0.0,0.7821284840470848,0.4424968920415938,0.0,0.6680101366516146,0.0,0.5083135057176971,0.0,0.516996924682839,1.103147901105285,0.0,0.0,0.4676712748440896,0.4950407480005697,0.0355714899504167,0.1734203657003903,0.1452463474902515,0.2096976574334453,0.2877540199004374,0.1692746339501726,0.3769137010675824,0.4903891400953627,0.3293292936152734,0.1567015199872221,0.1452021840036376,0.22370861699494,2.2401157017546125,4.385465847989216,2.9745138837661824
W1368,5,0.0,0.0,0.8735359972066509,1.5233420652008616,2.1503564224430045,0.0,0.0,0.0,0.0,0.0,0.3537461553331266,0.0,0.3219261460426728,0.445698074653555,0.2919282306536559,0.1389806745793979,0.0,0.5130233845701873,0.378328684757458,0.0,0.4190135587047742,0.0,0.3148536444251622,0.0,0.4107206546658735,1.19444546906681,0.0,0.0,0.3464237985940122,0.4309196186764891,0.0092580739714376,0.0704070401283755,0.0546104775429104,0.0855064310013329,0.1792068345784573,0.0696976764083299,0.2127536757445225,0.0960957923614078,0.1303188608670144,-0.0447700526337542,0.1041952386462699,0.095189971209102,1.9328540642062024,3.774910482038551,2.7679475750723936
W1368,6,0.0,0.0,0.6929764793168014,1.2063374765549402,1.3584083529701114,0.0,0.0,0.0,0.0,0.0,0.2421933681998435,0.0,0.2384752463707371,0.2685416746492654,0.2094855947221686,0.0834413885100532,0.0,0.268428035522911,0.1744067580743987,0.0,0.2491588819762469,0.0,0.2114467663867533,0.0,0.2785792729831525,0.971006798751236,0.0,0.0,0.2216218704196952,0.17139236580931,0.0095077128761491,0.1000699696399612,0.0651912224727696,0.084638790256409,0.1599489520609359,0.0084831073954237,0.0815051626181947,0.15802705059023,0.1629002115182274,0.0308968978727956,-0.0040268105056597,0.103060221226029,1.565204133635281,3.642569924087694,2.9137004252973715
W1396,0,0.0,0.0,0.2142857142857142,0.2142857142857142,0.2142857142857142,0.0,0.0,0.2142857142857142,0.2142857142857142,0.0,0.0,0.2142857142857142,0.0,0.0,0.2142857142857142,0.2142857142857142,0.0,0.2142857142857142,0.2142857142857142,0.0,0.2142857142857142,0.0,0.0,0.0,0.0,0.0,0.2142857142857142,0.2142857142857142,0.2142857142857142,0.0,40.0,0.0,0.0,0.0,0.0,0.0,0.0,0.0,0.0,0.0,0.0,0.0,0.0,0.0,0.0
W1396,1,0.0,0.0,0.4268990461992767,0.2779652508656132,0.4478491944190306,0.0,0.0,0.3918710232424919,0.430250195811521,0.0,0.0,0.2540314768593966,0.0,0.0,0.4013199513659015,0.3339273844045399,0.0,0.3534290543330163,0.3097610774712657,0.0,0.3495124589764178,0.0,0.0,0.0,0.0,0.0,0.3127728518362189,0.2818209548334069,0.281973477625362,0.0,31.47004248596669,0.4778426928718085,0.925975363384381,0.8099280333886725,0.8494752762118679,0.3730453406429639,0.7707746224012073,0.409072081660909,0.1760216511904597,0.1480139437079841,0.1362603083974368,0.0842181709750606,0.3476967154495394,0.4113151715452084,0.2528335243963316
W1396,2,0.0,0.0,0.8416369669932153,0.8824637610571858,1.0023021618245065,0.0,0.0,1.0388606183396507,1.1513006484779842,0.0,0.0,0.5298832660173165,0.0,0.0,0.5776683706535427,0.3926050273606404,0.0,0.8574164841119344,0.557548784481526,0.0,0.5681597556635517,0.0,0.0,0.0,0.0,0.0,0.6698461678815719,0.7303645121841855,0.5779590581810095,0.0,11.067316596465606,0.863019986614397,1.9710909949362023,1.6109531294099837,1.6402595591549398,0.6872020053621747,2.000239015383043,0.9830827448296404,0.3710540339301581,0.4292081133853188,0.3644291248683642,0.2516689777766586,0.9181652247928104,1.5990882392404195,1.3193713063873749
W1396,3,0.0,0.0,2.001007853718732,1.3913099009962302,2.680094809934221,0.0,0.0,2.1267609430387955,2.6400118531409693,0.0,0.0,0.5036588634917708,0.0,0.0,0.560903978055091,0.3543813013824156,0.0,0.9100699719224666,0.7615229670350884,0.0,0.8269361710263,0.0,0.0,0.0,0.0,0.0,0.6465209764654377,0.9863548145115306,0.609992857956955,0.0,0.0459290512046236,0.4213979654838038,0.6165208599332488,0.8365127742287781,0.630541695153761,0.2300584630222605,0.7939518206154763,0.6538038197222494,0.5820593107199662,0.6055027210945325,0.2357959812411831,0.4309543908997103,1.9102550025868024,3.878291245910534,2.5200249708561917
W1396,4,0.0,0.0,1.081409565511088,1.4508017047404045,1.7388467742848055,0.0,0.0,1.8362001911718744,2.030661211336413,0.0,0.0,0.3317205879145734,0.0,0.0,0.523115233789498,0.2273997881129557,0.0,0.7013048104844192,0.4598447614082946,0.0,0.3800410222480654,0.0,0.0,0.0,0.0,0.0,0.556552772253794,0.6617774472373381,0.4423858866411682,0.0,0.0206308261565848,0.0798247595125457,0.2307366143536872,0.0619983896026795,0.157142440887849,0.1096995591886683,0.1399575742199329,0.1973811621929709,0.5019799711731472,0.3524824219518194,0.1016072889772505,0.3154862828401139,1.741717542236305,3.5487009116517174,2.9251112471703813
W1396,5,0.0,0.0,0.7473722452715342,1.1252852801187052,1.3341884392937682,0.0,0.0,1.149412293281137,1.2988664767081333,0.0,0.0,0.2348231325799504,0.0,0.0,0.3453765486407096,0.125914035826613,0.0,0.4010179216708173,0.3170742907816182,0.0,0.3700695218202943,0.0,0.0,0.0,0.0,0.0,0.3473289210548367,0.5484297237812236,0.3790561073339425,0.0,0.0198457597925051,0.0329771347657161,0.0286338539093065,0.0223547860723262,0.1260647782007394,-0.0199823661621277,0.0485027981330319,0.043871514385341,0.1941298982866609,0.1786137626502822,0.0665434844228649,0.181507814337087,1.562891995432764,3.1566894573088424,3.686021576831716
W1396,6,0.0,0.0,0.5324741314912278,0.96960518638365,0.8666749059130089,0.0,0.0,0.8127786317198485,0.872128497842118,0.0,0.0,0.1419215406636993,0.0,0.0,0.2855178473611058,0.0998855258510233,0.0,0.2591015374230763,0.2142100886446012,0.0,0.2417272157028762,0.0,0.0,0.0,0.0,0.0,0.2907070871342798,0.3380876880067489,0.1836295649854757,0.0,0.0050147567531673,0.0110374067261913,-0.0012051957744108,0.0529343243432694,0.123102978186547,0.0027889922132102,0.0608797322128709,0.0098882903751165,0.2153070656491036,0.1139181807740612,0.1231740403136652,0.0981001892885517,1.4955185744214698,3.0451227800044403,3.0533402907676104
W1416,0,0.0,0.0,0.2,0.2,0.2,0.0,0.2,0.0,0.2,0.0,0.0,0.0,0.0,0.2,0.0,0.2,0.0,0.0,0.0,0.0,0.2,0.2,0.2,0.2,0.2,0.2,0.2,0.2,0.0,0.0,40.0,0.0,0.0,0.0,0.0,0.0,0.0,0.0,0.0,0.0,0.0,0.0,0.0,0.0,0.0
W1416,1,0.0,0.0,0.3233890042233839,0.3400394612595278,0.3499388675940836,0.0,0.3288350165525499,0.0,0.3663822044020929,0.0,0.0,0.0,0.0,0.3321026628165135,0.0,0.2652601957427807,0.0,0.0,0.0,0.0,0.2968335077702556,0.3241974675510476,0.3437813885311279,0.3421102219126458,0.2983306249664988,0.3644369379825341,0.2897841579760339,0.2446439914250732,0.0,0.0,25.424841711650807,0.4008071093511226,0.7150003861911516,0.5286034873941108,0.6217715632892202,0.2941608988597278,0.7904677562018355,0.3783667974431469,0.3693471701307344,0.0055352248569138,0.225429680500981,0.113528237566771,0.6206060680848785,0.6091010166677021,0.4079381157728267
W1416,2,0.0,0.0,0.7932536956616605,0.7232611206878189,1.0514489990624942,0.0,1.10783709740049,0.0,0.9455553100475907,0.0,0.0,0.0,0.0,0.599026010393106,0.0,0.3232662542583188,0.0,0.0,0.0,0.0,0.4882889992952225,0.6910926802382269,0.4847762847925814,0.3256812288263682,0.6979796745203293,0.513032594549391,0.489631003361172,0.6553962567933652,0.0,0.0,11.508945376839891,0.8594653376483756,1.1842724514505731,0.8340013605511056,1.2336605674733157,0.6158130661966124,1.7685138633742314,1.2340667306380726,0.6939207234415338,0.2174433654394347,0.5133070253520134,0.3134120238084348,1.7647684250062448,1.9800973496890384,1.3868369134069778
W1416,3,0.0,0.0,1.0985914624643482,1.3001665503780195,1.6783971310348875,0.0,1.6805476909877664,0.0,2.0637220669161467,0.0,0.0,0.0,0.0,0.7606603136690203,0.0,0.269478902957512,0.0,0.0,0.0,0.0,0.730299480174526,1.2279093011391318,0.741681817529825,0.3285951837424637,0.6771528862176318,1.1591226577004368,0.630211322449112,0.7033920044506562,0.0,0.0,0.1049091317660762,0.3541395827001123,0.4046789620821048,0.3032053723878822,0.6151242784446755,0.2154658124335023,0.7427072602738976,0.8325363309424068,0.5278911524246057,0.5255873373462709,0.4694130656567187,0.6986690488197912,2.684914516468253,3.96323842391546,2.633204915583194
W1416,4,0.0,0.0,1.0012065071228542,1.1826503423895067,1.559996838557083,0.0,1.6497216859876276,0.0,1.5997618447540671,0.0,0.0,0.0,0.0,0.5546012843659622,0.0,0.2234879564698364,0.0,0.0,0.0,0.0,0.5556891551081152,0.907414512682757,0.3335853244813747,0.3066019615343146,0.5036634247847833,1.207088614155269,0.5305492968920524,0.5461718949127381,0.0,0.0,0.1040162177227697,0.0689448621231354,0.0887464133618346,0.088573296488777,0.1872433673291703,0.0811097012239188,0.1660564479769089,0.1986801197412499,0.2528265779256023,0.20484137716722,0.1615273754239962,0.3008661624683654,2.2897426943301578,4.228611647415987,2.842344016153681
W1416,5,0.0,0.0,0.4891241061046626,0.916418127141966,0.927737555925787,0.0,0.9633306110514144,0.0,1.0691699059558897,0.0,0.0,0.0,0.0,0.3659905061764066,0.0,0.1433477943215973,0.0,0.0,0.0,0.0,0.3156134253048308,0.4964533999532878,0.2619743677299849,0.2025872178735996,0.2645429966671222,1.050522411004511,0.3471626796442709,0.3921045032295273,0.0,0.0,0.1199302926116042,0.0928956166458439,0.1007270948964065,0.0109097004681117,0.0586308199452187,0.0204622719244059,0.1157470516660244,0.0686871907003115,0.0391595932686019,0.1075294219046921,0.0872001889097703,0.2568432846276465,2.4988973131957266,3.884525757705862,2.769539980578934
W1416,6,0.0,0.0,0.3359740874130891,0.8262950493171148,0.8051127195135523,0.0,0.5812142848578952,0.0,0.6083764357016188,0.0,0.0,0.0,0.0,0.2390048370719116,0.0,0.0795758857841661,0.0,0.0,0.0,0.0,0.2148357770601962,0.3497358926552723,0.1284446263364858,0.1220714275665674,0.2111077088635253,0.928613294218334,0.2464813543734715,0.2468913340403083,0.0,0.0,-0.0165285735379567,0.0196275796336253,0.0323424389101054,0.0192579626882582,0.1144421158242802,0.0761459903215881,0.0067084514071702,-0.017683615454913,0.109281170916281,0.0845106761165285,0.1139016548739443,0.0897667865185899,2.1759804104498897,4.228238659826888,3.196533337127868
W1449,0,0.0,0.0,0.2,0.2,0.2,0.2,0.0,0.0,0.0,0.0,0.2,0.2,0.2,0.2,0.2,0.2,0.0,0.0,0.2,0.2,0.2,0.2,0.0,0.0,0.0,0.2,0.0,0.0,0.0,0.0,40.0,0.0,0.0,0.0,0.0,0.0,0.0,0.0,0.0,0.0,0.0,0.0,0.0,0.0,0.0
W1449,1,0.0,0.0,0.3849933723229626,0.3272295788433215,0.3822659852753091,0.2874458316224501,0.0,0.0,0.0,0.0,0.2943870496383765,0.2780451619720461,0.2815198962939961,0.2556332109295223,0.2694153646109063,0.2960821168878363,0.0,0.0,0.2621980061321272,0.2708396947389299,0.3700017044279038,0.3654391907316791,0.0,0.0,0.0,0.3520413249646089,0.0,0.0,0.0,0.0,26.41913375172061,0.351900842160894,0.4921655890391482,0.9099528011116234,0.788024021352729,0.4314770969725622,0.6949762688065978,0.6933903268416037,0.1013873328129851,0.1932883865850367,0.1089270434755646,0.0735613156746251,0.4697893667344763,0.3962258064052396,0.3470729270378033
W1449,2,0.0,0.0,0.7962314352598743,0.709363424885608,0.94674533254867,1.0314641032205791,0.0,0.0,0.0,0.0,0.480257020081669,0.4238002585439817,0.3355864348515699,0.4949317346771633,0.4355906187924191,0.3283432758098796,0.0,0.0,0.5230427482438076,0.4134091149547885,0.5580907849740211,0.7839372295690582,0.0,0.0,0.0,0.709104016943302,0.0,0.0,0.0,0.0,14.735316976675072,0.580535237571066,1.288150842908892,1.596158428471388,1.489285280302413,0.7786973445765984,1.584942029662142,1.3857544476104526,0.3422144034316925,0.3468500278042737,0.2784971859520331,0.1627978564068438,1.4193248953697557,1.6414562200302398,1.0187581883831258
W1449,3,0.0,0.0,1.5268381573514251,1.5605770016159066,2.258580638304332,2.554202630571893,0.0,0.0,0.0,0.0,0.6783076798718828,0.4518000933966808,0.4230299839897665,0.6926421540160519,0.5400130501689298,0.3439024432373762,0.0,0.0,0.6159740880285042,0.56765552116396,0.805519505450499,1.5662105974582337,0.0,0.0,0.0,1.3027202508546096,0.0,0.0,0.0,0.0,0.1107384065641157,0.5152939503718695,0.7158552816803431,0.8031264736127599,0.8732350908129769,0.3997011194482652,1.2389524864907702,1.1079541618570614,0.3459241555191752,0.4866747172121103,0.3809715400668217,0.2807915669342694,2.2968061912312097,3.695751005464553,2.924971798646484
W1449,4,0.0,0.0,1.3313677024311823,1.8487388522499784,1.9079959803168307,1.847440675083276,0.0,0.0,0.0,0.0,0.5579641576448315,0.3748528503611074,0.3231780955724457,0.6267036488809818,0.4240151549613192,0.2241511019416587,0.0,0.0,0.4173233057949355,0.4639466854816875,0.5782293210567634,0.8144515945727017,0.0,0.0,0.0,1.4193880916909725,0.0,0.0,0.0,0.0,-0.0113771054254807,0.0924958776079907,0.0816308304693802,0.0945765390707187,0.1938656825902632,0.1597645946072452,0.2723354946234456,0.2055972509575483,0.2568181162032613,0.2442799629511383,0.2469890221562022,0.0905901163209936,2.345341763969352,3.7407043606055,3.280990004861999
W1449,5,0.0,0.0,0.82609964245727,1.3068945557552418,1.2853689391824408,1.112468434555974,0.0,0.0,0.0,0.0,0.4172878973569356,0.2076140533872773,0.2357373246236921,0.3904489363462061,0.2301202016937053,0.1212415838348279,0.0,0.0,0.2844403850169187,0.2690485817894946,0.3492624895914406,0.6753269400380697,0.0,0.0,0.0,1.2158912658399097,0.0,0.0,0.0,0.0,0.0834226172630026,0.0293947161900216,0.0661781380413856,-0.039880956676614,0.1779403496389408,0.0918110823531873,0.1441651234236042,0.0702623923405267,0.1335129899617335,0.0716184753295449,0.072768517872814,0.0272054985793696,1.5594298388991876,3.751078645136253,2.9777342692926942
W1449,6,0.0,0.0,0.5516926340667005,1.147223090618881,0.9584905419378136,0.8327850025572314,0.0,0.0,0.0,0.0,0.3425039247716488,0.1308549749565284,0.2280806296189765,0.2607732614985968,0.181533382594153,0.0773653591102361,0.0,0.0,0.1656327404135165,0.1794939997402632,0.2700853351766911,0.3403203069773135,0.0,0.0,0.0,1.012858401925628,0.0,0.0,0.0,0.0,-0.0462643112854861,0.050389075314164,0.0388204988467513,0.0297786783312211,0.0864622259460791,0.0055468280272794,0.0801621278105858,0.0478710229427976,0.1348335283984158,0.1098211554258385,0.0772803355414277,0.0853221553661524,1.3754779845867622,3.1700558065826008,2.5901332713804623
W1463,0,0.0,0.0,0.2142857142857142,0.2142857142857142,0.2142857142857142,0.2142857142857142,0.0,0.0,0.2142857142857142,0.2142857142857142,0.2142857142857142,0.2142857142857142,0.2142857142857142,0.2142857142857142,0.0,0.2142857142857142,0.2142857142857142,0.2142857142857142,0.0,0.0,0.0,0.0,0.0,0.0,0.2142857142857142,0.0,0.0,0.0,0.0,0.0,40.0,0.0,0.0,0.0,0.0,0.0,0.0,0.0,0.0,0.0,0.0,0.0,0.0,0.0,0.0
W1463,1,0.0,0.0,0.3189017226826703,0.2900155449847299,0.377261329213699,0.3711053541760953,0.0,0.0,0.3708298026249428,0.3557566035075541,0.4131127526885651,0.2959001353727903,0.2497808176057654,0.3300980180806457,0.0,0.2646731358171761,0.3061228052372723,0.354424631014909,0.0,0.0,0.0,0.0,0.0,0.0,0.3626973224500087,0.0,0.0,0.0,0.0,0.0,22.00719621531146,0.4818431626122865,0.6055824215739167,0.5603762070955186,0.9130685194163768,0.2662390549567631,0.7630952440667141,0.6686356126139763,0.1369417101211022,0.2405040493578315,0.1304241221450978,0.1239104854662556,0.5769822662984013,0.7716216980091642,0.2033131590452645
W1463,2,0.0,0.0,0.9167273212392936,0.7396106034320975,1.0478697019135452,0.93790375017725,0.0,0.0,1.147792850129757,0.732502386509216,0.6160361258649977,0.4404210086954432,0.386580839742794,0.4809900188482767,0.0,0.3695437295233381,0.6638173178485739,0.7270464179980108,0.0,0.0,0.0,0.0,0.0,0.0,0.6380144170875549,0.0,0.0,0.0,0.0,0.0,10.875659890585371,0.8967535547724079,1.3286517057476075,0.9804727268539848,1.689673240930516,0.4026715366181,1.4579834785326655,1.2497416687860157,0.3379840473785219,0.6175454829159017,0.3725657561725288,0.2591970905005488,2.110158359797844,1.597584020568135,1.2209893773731313
W1463,3,0.0,0.0,1.3977869606280668,1.3473163205945593,1.9965418288332004,1.8601332010027445,0.0,0.0,2.195727860452376,1.2395913481724692,0.796628076163403,0.4470278205471099,0.5054832161733409,0.7796792779847772,0.0,0.3337634105326467,0.9965916136695142,0.7517072698359564,0.0,0.0,0.0,0.0,0.0,0.0,0.8357130983284626,0.0,0.0,0.0,0.0,0.0,0.020713760588507,0.5951538336495715,0.4746538876436475,0.3404758455711787,0.5584649771491079,0.161159793299832,0.6487778854748079,0.8317262625953922,0.6834763178170326,0.5851022296389532,0.3807000528215368,0.4569286305921416,2.4419158644493857,3.9502978275317777,2.4052336807450363
W1463,4,0.0,0.0,0.9442893319992716,1.3273894790562533,1.7393528701516323,1.5933681337151782,0.0,0.0,1.3130796093143833,0.6990071182405028,0.7088388699656665,0.3246265771174921,0.4627932312770031,0.5874435845580845,0.0,0.2188862775119278,0.8015157238252479,0.6069215820193145,0.0,0.0,0.0,0.0,0.0,0.0,0.615697356933505,0.0,0.0,0.0,0.0,0.0,0.0076275848376044,0.0999381842190559,0.0647583090835485,-0.0091280521220703,0.1159937441249533,0.0402306928835045,0.096707532804465,0.0869736855447207,0.3136976241984737,0.2753567531043736,0.1704030799823097,0.156002375640792,2.7115741333146866,4.080941166691816,3.775997688017706
W1463,5,0.0,0.0,0.537258957991624,1.287707707816028,1.2275724565549169,0.9337161934649256,0.0,0.0,1.1715232258406405,0.6133518270324018,0.5324291508868142,0.2199201171850852,0.4392945658125106,0.3802004100663814,0.0,0.1606593912063713,0.6431792675231414,0.3137219157004169,0.0,0.0,0.0,0.0,0.0,0.0,0.3930579442882678,0.0,0.0,0.0,0.0,0.0,0.0513509200760226,-0.0984057616217543,0.0934194683514467,0.0683373675184949,0.0584782303578412,0.0359406153838537,0.0321097372285385,0.0536458639333131,0.2153056310626985,0.106216833685937,0.1198454120754105,0.2032792332359923,2.018885561179484,3.4871169100573343,3.33203225679482
W1463,6,0.0,0.0,0.4573873998194162,1.0068755316775146,0.870309421686789,0.5311772002323477,0.0,0.0,0.5888731625611867,0.3441016115158372,0.4466062121951338,0.1496153612948438,0.3068310595005932,0.3242090486370799,0.0,0.0933502483852889,0.4656972417191508,0.2483372332790056,0.0,0.0,0.0,0.0,0.0,0.0,0.2258299668015435,0.0,0.0,0.0,0.0,0.0,-0.0308507012763877,0.0205396875950233,0.0116052999050608,-0.0074325671025457,0.1689671460962337,0.0060578098673001,-0.0023970569448393,0.1289417328190633,0.1892668925969801,0.069383607659912,0.0908513215515514,0.1266658066495677,1.935450180027305,4.386259361918506,3.0643558435869287
W1479,0,0.0,0.0,0.1875,0.1875,0.1875,0.1875,0.0,0.1875,0.1875,0.0,0.1875,0.0,0.0,0.1875,0.1875,0.0,0.0,0.0,0.0,0.1875,0.0,0.0,0.1875,0.0,0.1875,0.1875,0.1875,0.0,0.1875,0.1875,40.0,0.0,0.0,0.0,0.0,0.0,0.0,0.0,0.0,0.0,0.0,0.0,0.0,0.0,0.0
W1479,1,0.0,0.0,0.3268083898658025,0.2656582408044989,0.3197799562404819,0.3187597610203858,0.0,0.2998507727902948,0.3193745862392771,0.0,0.2606527372302917,0.0,0.0,0.290533008482001,0.2479264633523389,0.0,0.0,0.0,0.0,0.2403902068883585,0.0,0.0,0.261550382687084,0.0,0.2876653704093915,0.3220377686010644,0.2629810285976526,0.0,0.2999942373053726,0.259579191368169,29.57504665540485,0.4273272661650864,0.74864885403026,0.7875642868113457,0.7415946457183087,0.1177222434132934,0.9420889361447988,0.6411185134877452,0.2771081293806149,0.10340231088748,0.0056252034179387,0.1572214092286797,0.5137849695726817,0.7161571606216313,0.5867421523257218
W1479,2,0.0,0.0,0.7684007783240154,0.5542088546213981,0.8418025086574353,0.939956513887612,0.0,0.9849268680129756,0.9359177607935314,0.0,0.4500799985590091,0.0,0.0,0.4228503229946994,0.4392446112947911,0.0,0.0,0.0,0.0,0.4792052407925712,0.0,0.0,0.3753111898936108,0.0,0.5436229796350763,0.6337634570926082,0.4820816941466349,0.0,0.5118728678430922,0.4093532016438881,16.389294772715154,1.0282897146073973,1.2196983644083543,1.3173700395726475,1.395591831414607,0.2087678001446848,2.137597096520881,1.335340624422775,0.6452954088643146,0.300071895995137,0.3247347691345745,0.2171305329922523,2.0456378601193004,1.6575645055027133,1.8177412869696503
W1479,3,0.0,0.0,1.1867193329674468,1.1452210621759682,1.9861519461542223,1.3463101323786315,0.0,1.6437092273190304,1.848169771967903,0.0,0.6272691589634634,0.0,0.0,0.6764791702575667,0.5729798238647944,0.0,0.0,0.0,0.0,0.5281938187015605,0.0,0.0,0.6654880159370835,0.0,0.7028923089926369,1.0145168331075196,0.5786931759132528,0.0,0.5146514377510537,0.6948982490210803,0.0733860839587249,0.6413911154331455,0.4461618948649591,0.5252189621379606,0.6918236719120467,0.2735238510218946,1.064934703436968,0.6994380725118047,0.7102554803804809,0.5086961937813164,0.347924721601876,0.5666207174966557,2.6567428809645497,3.495974791263831,3.143339589578965
W1479,4,0.0,0.0,1.0446065605560144,1.0853981397391743,1.509501337025341,1.0704048213789932,0.0,1.305039519336782,1.1948940777098174,0.0,0.5632759498438314,0.0,0.0,0.567748193739971,0.4545153502009398,0.0,0.0,0.0,0.0,0.3781273721632212,0.0,0.0,0.3923832812098535,0.0,0.4005558791371211,0.9732224139297668,0.4963774537578471,0.0,0.3861766823065308,0.443634494742606,0.0044824363350125,0.1010634801845295,0.0320303740511672,0.137228657206481,0.167549336513705,0.0679938496499868,0.1327821335760476,0.0748886193322426,0.4198707904122832,0.2850519696316115,0.1848169060035617,0.2779196049216788,2.4312168317360783,3.073830306481315,3.715707564319115
W1479,5,0.0,0.0,0.5132681861240642,0.6935427444690616,1.068304538201014,0.7894044700858042,0.0,0.9628142121348228,0.8207374925706437,0.0,0.4533162284350457,0.0,0.0,0.4220025877169929,0.2678600776869403,0.0,0.0,0.0,0.0,0.251770950980541,0.0,0.0,0.2144849393858586,0.0,0.2185100983077712,0.956549799016416,0.2786899337795097,0.0,0.2640692215009984,0.3012786916472143,0.0256369135773267,0.010619086721679,0.0546179295547001,0.0732621446462771,0.1367899228800167,0.0288211690106808,0.0801992050085119,0.0223403352120282,0.2845217126366225,0.0964115840429373,0.1278417473191794,0.1512014896419995,2.252446004625159,3.3624444225681573,3.3097413721985007
W1479,6,0.0,0.0,0.3288605005825087,0.748270792525898,0.8340294172506454,0.5237510140774505,0.0,0.5875748399263915,0.5680592926650787,0.0,0.308381127770103,0.0,0.0,0.308883608090456,0.2279346490749049,0.0,0.0,0.0,0.0,0.1426787444257808,0.0,0.0,0.1567261124507538,0.0,0.1762018626260052,0.7963141536268511,0.16891930078743,0.0,0.1296731817590738,0.1651177886353075,-0.0147796219019234,0.0550124566375967,-0.1068359713443962,0.0484190123397893,0.0337110147782333,0.0628744142906539,0.1043753240468924,0.0521180040265518,0.2347967921096798,0.0649506521010863,0.0513303029977333,0.222774166697611,1.925889111557403,3.0159603577963425,3.08902278769158
W1512,0,0.0,0.0,0.2142857142857142,0.2142857142857142,0.2142857142857142,0.2142857142857142,0.2142857142857142,0.2142857142857142,0.0,0.0,0.0,0.2142857142857142,0.2142857142857142,0.0,0.0,0.0,0.0,0.0,0.0,0.2142857142857142,0.0,0.0,0.2142857142857142,0.2142857142857142,0.2142857142857142,0.0,0.0,0.2142857142857142,0.0,0.2142857142857142,40.0,0.0,0.0,0.0,0.0,0.0,0.0,0.0,0.0,0.0,0.0,0.0,0.0,0.0,0.0
W1512,1,0.0,0.0,0.3842642035404333,0.3266787202253627,0.4183138516166941,0.3313437646962777,0.370926495566795,0.4029731543393844,0.0,0.0,0.0,0.2965622366126381,0.3303087122281812,0.0,0.0,0.0,0.0,0.0,0.0,0.2965693378916409,0.0,0.0,0.324869095909108,0.3292042877006164,0.3090164374157567,0.0,0.0,0.2962941135291546,0.0,0.3227553978566014,29.748506425887275,0.3561551432365999,0.8145172551706494,0.8489279806104355,0.6961393385702387,0.2774156388611635,0.4241053261007265,0.4012535687878275,0.4590183101260515,0.1777590225332866,0.1506035044898814,0.0616554507062109,0.3498092751975481,0.6895337410541632,0.4363470031093473
W1512,2,0.0,0.0,0.8719810194457456,0.8598754119406256,0.9052041450692238,1.1857170661302372,1.1831880412885447,0.9630728562992557,0.0,0.0,0.0,0.4453299374253079,0.4499587249569421,0.0,0.0,0.0,0.0,0.0,0.0,0.5032330950015774,0.0,0.0,0.5429953112928889,0.5097898950900235,0.5104594768593991,0.0,0.0,0.5899612619189756,0.0,0.5025003852347446,11.048705905999398,0.6725591171885943,1.2805657455754145,1.2460255171644674,1.7555143760044822,0.4095226290458448,0.7044465642111208,1.4669618969805305,0.9895115926743072,0.5214427839040976,0.2646230168563477,0.2595220752341962,1.2517689705328294,1.4877528664635826,1.552037029536189
W1512,3,0.0,0.0,1.3407593680541252,1.3434087905580043,1.830346143181179,1.901477810878691,2.323567938120513,1.6839827846972522,0.0,0.0,0.0,0.5329186473236511,0.4285081160391476,0.0,0.0,0.0,0.0,0.0,0.0,0.6440456989798372,0.0,0.0,0.6686012026567434,0.5351951482409323,0.705130810258049,0.0,0.0,0.8101701348038326,0.0,0.7521184117584285,0.0309919284186596,0.424192578433096,0.3789317061216727,0.4477760141052727,1.0613566625660469,0.2405336363448403,0.7064156699700401,0.4306079018719931,1.5749107211483748,0.6575503672930968,0.3190042807700137,0.5079676359421259,2.614936354751106,3.30605088823636,2.968800671017026
W1512,4,0.0,0.0,0.9324153937850532,1.3293224705839786,1.3374756336980016,1.194810224502438,1.683117249851804,1.1985680460268755,0.0,0.0,0.0,0.3763073270874762,0.4742483853922636,0.0,0.0,0.0,0.0,0.0,0.0,0.4371323289365232,0.0,0.0,0.4889686097853029,0.4282313890315278,0.4375398308318312,0.0,0.0,0.6413263747163788,0.0,0.5753075214064008,0.0611599672972003,0.0108685234330598,0.0140024387169049,-0.0104131664703776,0.1903476248966257,0.0430630352784849,0.213172583036373,0.1160604818558673,1.1237995795958315,0.29574779860481,0.2204366564928341,0.2838659335606924,1.7615724203893044,2.768309274718492,2.879839179927023
W1512,5,0.0,0.0,0.6432385094828771,1.4016383108270585,0.997467420080458,0.849523377750074,0.854142750233248,1.2059313076528115,0.0,0.0,0.0,0.2484509123779594,0.3880888607570168,0.0,0.0,0.0,0.0,0.0,0.0,0.3238522293556435,0.0,0.0,0.3072743880883639,0.2982676754885863,0.3715049442319001,0.0,0.0,0.4192589046959069,0.0,0.3458116474085776,-0.0363098213280303,-0.0664620514090122,0.067437508481212,-0.00235544730539,0.1761854990925585,0.065873761114225,-0.013658447790013,0.0745060524892741,0.9395380858210995,0.2599929411192838,0.0843019562459452,0.2256229500642997,2.2567212873082942,2.9977556751739627,3.084399628200257
W1512,6,0.0,0.0,0.3717977941808423,1.0163041091012113,0.6253304496264674,0.58951724703403,0.6030592830064588,0.6953410789228891,0.0,0.0,0.0,0.133080895279788,0.2767830891402525,0.0,0.0,0.0,0.0,0.0,0.0,0.2326519775592789,0.0,0.0,0.2026598483875786,0.1793759895302112,0.2313036047805639,0.0,0.0,0.2820837756689656,0.0,0.2550716839312832,0.0319739695196145,0.0220106896312218,0.0852494805765172,-0.041603594508819,0.1362372299758863,0.0020472724768326,0.0945412251053734,0.003055457753215,0.6177089932783171,0.1212557101798018,0.0969322209371201,0.2576468823793498,1.4234682467897135,2.616467731478568,2.732621641661132
W1522,0,0.0,0.0,0.1764705882352941,0.1764705882352941,0.1764705882352941,0.1764705882352941,0.1764705882352941,0.1764705882352941,0.1764705882352941,0.0,0.1764705882352941,0.0,0.0,0.1764705882352941,0.0,0.0,0.0,0.1764705882352941,0.1764705882352941,0.1764705882352941,0.1764705882352941,0.0,0.1764705882352941,0.0,0.1764705882352941,0.1764705882352941,0.0,0.0,0.1764705882352941,0.0,40.0,0.0,0.0,0.0,0.0,0.0,0.0,0.0,0.0,0.0,0.0,0.0,0.0,0.0,0.0
W1522,1,0.0,0.0,0.3028676789973292,0.2789692666132438,0.3005726258904025,0.3245197974118821,0.3348776473126272,0.3332613453795958,0.2968743667416483,0.0,0.2631837674367029,0.0,0.0,0.3114370640792235,0.0,0.0,0.0,0.2329579384891938,0.2707021167929359,0.2142525861799684,0.2858628279424522,0.0,0.247251875462218,0.0,0.2339092938106576,0.3059514973558351,0.0,0.0,0.2681014349805114,0.0,29.61325947490855,0.4113747329426098,0.6991295373959522,0.4994832459968834,0.8329921234793171,0.2627186563423163,0.99527882009192,0.6773791381843829,0.3444359066362542,0.0702017468033195,0.1427318716219502,0.1604381812417746,0.6456916409041156,0.5314747587538023,0.5267478641394044
W1522,2,0.0,0.0,0.7236369669280963,0.6572980546106767,0.6132449879372281,0.8237843627859988,0.8408935603139504,0.8664125321632995,0.7299697045897915,0.0,0.3982477163846634,0.0,0.0,0.5036916872791642,0.0,0.0,0.0,0.5863676776746121,0.4645067680902538,0.3757183023266658,0.544613512557536,0.0,0.4166010788326629,0.0,0.4766365859830783,0.4636798886792257,0.0,0.0,0.4696400669292015,0.0,9.560328892705083,0.9221714988495366,1.138685049549222,0.855992882950116,1.6490758950625226,0.5266722450472522,1.3987038384972896,1.1680586479678718,0.631217582603694,0.3197440112749966,0.4920627862173528,0.3497616151215277,1.660749447875077,1.6847495811671351,1.7388923316438285
W1522,3,0.0,0.0,1.117447279870099,1.149522486015217,1.619018636292067,1.3681558487819785,1.494617033867375,1.670838304607689,1.6938631670826498,0.0,0.6167436125109153,0.0,0.0,0.7114952312268602,0.0,0.0,0.0,0.636853158430098,0.4815495311666188,0.4887081308324607,0.5948079627454704,0.0,0.5132977528031292,0.0,0.5055830767813826,1.0267527657725226,0.0,0.0,0.5079712384103862,0.0,0.0269987524604797,0.4976839292204116,0.2818791778746158,0.2695297554766236,0.5100754692139261,0.1784882239095062,0.5498859571329966,0.5270958881274791,1.1228525698748335,0.4648513361540267,0.3547208795669663,0.7257224772860368,3.0313646615788987,3.757324156692558,3.1750598507132177
W1522,4,0.0,0.0,0.6534666664652946,0.9412468018001862,1.2348906860756812,0.8483461265935346,1.2491541935910155,1.2723715994640368,1.1470309724234162,0.0,0.4986767929818816,0.0,0.0,0.543898350082023,0.0,0.0,0.0,0.4566919079709222,0.3564713565992803,0.346369756444952,0.4925384424126702,0.0,0.3463925637909125,0.0,0.3911645493316115,0.8524247764790139,0.0,0.0,0.3663037089372406,0.0,0.0994163910604371,0.0708828114147961,0.0971712990680674,0.0875470427641397,0.114947020440503,0.0433099462792141,0.0776360734852429,0.0625438499543824,0.6308384858375626,0.2509141700616466,0.2693721033756245,0.5011530628081835,2.5451676226322397,3.188961911162786,3.5550568774076834
W1522,5,0.0,0.0,0.4961456711190979,0.7473404170992823,0.9397866829913424,0.6687554877315771,0.6928763566456659,0.7691022545192373,0.59425503399962,0.0,0.474750077795714,0.0,0.0,0.4462963608371241,0.0,0.0,0.0,0.3250127696415691,0.2855324290839286,0.2783457300847183,0.3649888739634039,0.0,0.2600538945166417,0.0,0.2717652826190851,0.8662194845176294,0.0,0.0,0.2575148274013251,0.0,-0.0335174511020652,0.0288746290113704,0.0443371529796721,-0.0236800131999634,0.1539990085217837,-0.0468061931401549,-0.0073481912351056,0.007593809481356,0.3973767379812302,0.1095079512136473,0.1113965382702505,0.4082297516878035,2.3883083789448505,2.8169864601093773,3.3483869704709357
W1522,6,0.0,0.0,0.3087046476421997,0.6670263561248091,0.57983269183939,0.3619328462724068,0.4407058774914477,0.5985727521319012,0.529619776035073,0.0,0.2000074140100494,0.0,0.0,0.2602714780019335,0.0,0.0,0.0,0.196245736672047,0.1449239809218941,0.1541815905527209,0.2054719406585596,0.0,0.1479939981112608,0.0,0.1935794589783535,0.6569404907372537,0.0,0.0,0.1367783800954515,0.0,-0.0215298864895695,0.0104870866993252,0.1062653723794837,-0.0157967559475211,0.0693729399248427,-0.0642953891206075,0.0360133998903706,0.0099967235501257,0.203394304070064,0.0577724226720958,0.0783759122197316,0.2906461167743132,2.294178749167924,3.0058839002024618,2.727261736898159
W1525,0,0.0,0.0,0.1875,0.1875,0.1875,0.1875,0.1875,0.1875,0.1875,0.0,0.1875,0.1875,0.0,0.0,0.0,0.1875,0.0,0.1875,0.1875,0.0,0.0,0.0,0.1875,0.0,0.1875,0.1875,0.0,0.0,0.0,0.1875,40.0,0.0,0.0,0.0,0.0,0.0,0.0,0.0,0.0,0.0,0.0,0.0,0.0,0.0,0.0
W1525,1,0.0,0.0,0.3377184024125779,0.3123260172598603,0.3434767920301418,0.3413901700120739,0.4120697577884787,0.2935540532785267,0.3268237040813191,0.0,0.3051751770612195,0.2953247403563828,0.0,0.0,0.0,0.2297497845904378,0.0,0.2527186262149221,0.2567718269050136,0.0,0.0,0.0,0.3169283729829898,0.0,0.2823852211868156,0.3013418301460099,0.0,0.0,0.0,0.2492213534250315,25.424853370010037,0.3354169322271794,0.7114898063921081,0.5682465184681984,0.8739187040845187,0.3016048579466879,0.6931158338309548,0.8213555318535425,0.4287118386624286,0.137291653416384,0.102117668673302,0.0541347337327814,0.5544790051018823,0.6809130222643874,0.2146075345442551
W1525,2,0.0,0.0,0.7441516739516822,0.6194232717789911,1.0678429872689328,0.7396055874462746,1.110199579106375,0.7961401391120088,0.9500995734631816,0.0,0.3263665468521838,0.3945348339934168,0.0,0.0,0.0,0.3287453883689442,0.0,0.5054570613673585,0.4014985245860506,0.0,0.0,0.0,0.47365984252851,0.0,0.4465474862388924,0.6571568418943364,0.0,0.0,0.0,0.4785919358972685,12.36490811731324,0.7424831106904733,1.144968351696461,1.1027840872464214,1.47940705456303,0.4081220525180978,1.479311037353552,1.6329781592457122,1.0445282677956806,0.326636641074126,0.1981204016336894,0.2810910035808227,1.689348101044721,1.694695605586228,1.0886283024871506
W1525,3,0.0,0.0,1.186292960062669,1.19623139705684,1.5368601642305015,1.2692281577348583,1.8183746667202365,1.4055037007954647,1.9285680923147783,0.0,0.5113028881129786,0.4577063605177977,0.0,0.0,0.0,0.2960172585700531,0.0,0.7957654824263531,0.542979074021403,0.0,0.0,0.0,0.5277009035260676,0.0,0.6206670783588791,1.0530847701876431,0.0,0.0,0.0,0.572491652814455,0.1278104648505558,0.4701883845100553,0.3089077058530718,0.3532928617242935,0.5262952760703937,0.1772692773048189,0.6587648386280981,0.5235744443074284,1.6908756538752965,0.4096418444406852,0.3578233380490979,0.6555354603300052,2.995016110477257,3.42485607542838,2.7509323480691505
W1525,4,0.0,0.0,0.7137703765628616,0.94349333452097,1.479425043341478,1.1086451131488733,1.309846724815234,1.3216389957093369,1.522432142788508,0.0,0.4050031909432972,0.3608279235040852,0.0,0.0,0.0,0.2174861731058744,0.0,0.5910375978678866,0.4251445246725056,0.0,0.0,0.0,0.3854170726081098,0.0,0.4682690527263852,0.8275946575964325,0.0,0.0,0.0,0.4186355237921914,0.0491656151616576,0.112345337958551,-0.017761203830891,0.0379000226822247,0.1616970906496206,0.0441402092886429,0.1043580450127347,0.048614119372876,1.128057746600157,0.204826097341595,0.1969730366250179,0.5218863931718438,2.511348303972614,2.8686740541570384,3.190549624179286
W1525,5,0.0,0.0,0.5531477622877209,1.003226412352982,0.9277899698339837,0.7368845261384319,0.8010862299562268,0.7606717610339004,0.6849957739416412,0.0,0.4720962700672805,0.2285551495881115,0.0,0.0,0.0,0.1400866216574258,0.0,0.3671143027518742,0.2595463017309203,0.0,0.0,0.0,0.2603607549122443,0.0,0.2638430479206513,0.9582653580027604,0.0,0.0,0.0,0.2544369819802119,0.0117032265188502,0.0159962475743147,0.0824862468626566,0.0119077785538134,0.0487928451551406,0.0579401032655622,0.0232433726814171,0.0466909356610956,1.1623108716480537,0.1489647317283878,0.0806041414893405,0.216920955807809,2.414945460485905,2.6731021063228675,2.5668579152883746
W1525,6,0.0,0.0,0.3003687204549375,0.7907436257488965,0.5474144014673212,0.4355125488347466,0.4953190362715083,0.6083891372846222,0.5504032938324294,0.0,0.3479337226860071,0.146501617827383,0.0,0.0,0.0,0.0911621696444285,0.0,0.2668391682260027,0.1896665100616116,0.0,0.0,0.0,0.1504506235561301,0.0,0.1792338647077227,0.8100337432741849,0.0,0.0,0.0,0.1613519995476867,0.0061811604288453,0.0772517993086818,0.0420836997726605,-0.0288118062855145,0.090049950142333,-0.0151225410217806,-0.0027702951150544,-0.0258329747868824,0.6190161413371111,0.0461239932001673,0.1050897953814361,0.1797585008389421,2.020790802012256,2.9336125975424308,2.6235070665558373
W1545,0,0.0,0.2307692307692307,0.0,0.0,0.0,0.0,0.0,0.0,0.0,0.2307692307692307,0.2307692307692307,0.0,0.0,0.0,0.0,0.2307692307692307,0.0,0.2307692307692307,0.2307692307692307,0.2307692307692307,0.2307692307692307,0.2307692307692307,0.0,0.0,0.0,0.2307692307692307,0.0,0.2307692307692307,0.2307692307692307,0.2307692307692307,40.0,0.0,0.0,0.0,0.0,0.0,0.0,0.0,0.0,0.0,0.0,0.0,0.0,0.0,0.0
W1545,1,0.0,0.4662412693422647,0.0,0.0,0.0,0.0,0.0,0.0,0.0,0.3775798546242812,0.2729152013726624,0.0,0.0,0.0,0.0,0.2833383363944453,0.0,0.3939370667412966,0.3093742889370201,0.3256480244764156,0.3592771778383076,0.3333783191215286,0.0,0.0,0.0,0.2912167009470983,0.0,0.3912037110600831,0.3979305279363193,0.3933156782212326,25.12724902245415,0.4949420293011582,1.184521539408835,0.4400771971620657,1.164538390935967,0.6548571325798319,0.5302821648528543,0.5527251143916001,0.2204359655432513,-0.0594111518166876,0.2870374625058848,0.0246356351026773,0.3527891931236678,0.1734066005831572,0.5661734009043192
W1545,2,0.0,1.6065190343436877,0.0,0.0,0.0,0.0,0.0,0.0,0.0,0.7637577142806264,0.5601978649811165,0.0,0.0,0.0,0.0,0.3916729757784885,0.0,0.745630716867267,0.6333776200727216,0.4700278111646433,0.8417624199042376,0.8121665212652369,0.0,0.0,0.0,0.7274194245552409,0.0,0.7683224856127324,0.5972467651990977,0.6098590423177256,12.88983990566543,0.7391388501412708,2.250674591746681,0.9455318445334944,2.5184447167754853,1.084282657187582,1.3428798588664204,1.5795206267993336,0.4619943025549058,0.1645376621387386,0.5017831297159729,0.1591548331348847,1.4126008555236922,0.7294420167869294,1.5707526161459835
W1545,3,0.0,3.772535824580043,0.0,0.0,0.0,0.0,0.0,0.0,0.0,1.5132261197616,0.7534538589871023,0.0,0.0,0.0,0.0,0.3527496980398385,0.0,1.0555082701198977,0.7372049486430872,0.6257621841335447,1.0657477915855882,1.902187342746372,0.0,0.0,0.0,1.3364273348865088,0.0,0.9420510793802288,0.6510385869942187,0.9982899337750464,0.089779049472354,0.3569508410176726,0.941130487716348,0.5006525681218645,2.095485315773124,0.88718581109097,1.5177197786767984,1.182819872662759,0.7611465118341497,0.2450055416114531,0.4735484492101371,0.4014117028624553,3.026221071615771,1.2174903486464723,2.922049151739522
W1545,4,0.0,2.97885417677377,0.0,0.0,0.0,0.0,0.0,0.0,0.0,1.2619210272676036,0.516262523831511,0.0,0.0,0.0,0.0,0.2356856950461398,0.0,0.7719378254141136,0.5781267677194057,0.5463439089114146,1.0202944185304712,1.4812181080419469,0.0,0.0,0.0,1.450512910123598,0.0,1.106633908943046,0.4249879836175463,0.6208706858476254,-0.0848169887468765,0.0292418241896451,0.1539976152864235,0.0983895135710233,0.8299276132358671,0.1935170261787705,0.5162536587977582,0.3797498574545536,0.5100262743075206,0.1757598327125757,0.2063261995615644,0.2267053514238993,3.396248400663242,1.113910025444384,2.806093609290143
W1545,5,0.0,2.30836038467468,0.0,0.0,0.0,0.0,0.0,0.0,0.0,0.8481542409809216,0.5427609143119329,0.0,0.0,0.0,0.0,0.1551683721075862,0.0,0.5403615380110833,0.3366258603020442,0.4327890752417602,0.7010641875276852,0.9136314275487364,0.0,0.0,0.0,0.9626324810155944,0.0,0.5232043925251625,0.3308526522134892,0.4548147757836525,0.0209499587029269,0.0603303002006724,0.0664204092939893,0.0214037324417515,0.2484989141634622,0.02910301835812,0.1602866418223715,0.1438832738592987,0.121300631332931,0.0736670668249771,0.1028092706133265,0.1099989655321466,4.276308371058195,0.9617371470690506,2.282601567066903
W1545,6,0.0,1.6269056994886697,0.0,0.0,0.0,0.0,0.0,0.0,0.0,0.5692496418197538,0.4332158262455201,0.0,0.0,0.0,0.0,0.0826479270203754,0.0,0.3570449378200673,0.2438727344027934,0.2726059310627469,0.370823837680875,0.6892291021400536,0.0,0.0,0.0,0.8431444164420301,0.0,0.4201997689872022,0.2008248526305435,0.2606636915254883,-0.1203298208668351,0.0718172602920008,-0.0204586667654002,0.0047445674204298,0.1900425915445642,0.0670216687053772,0.0502881389305564,0.1088823369301453,0.0909072919590945,0.0965099017309795,0.109156183559888,0.117956709159025,4.495748113248816,0.6773901941841753,2.230814452627555
W1597,0,0.0,0.2307692307692307,0.0,0.0,0.0,0.0,0.2307692307692307,0.0,0.2307692307692307,0.2307692307692307,0.0,0.2307692307692307,0.0,0.0,0.0,0.2307692307692307,0.2307692307692307,0.2307692307692307,0.0,0.0,0.0,0.0,0.2307692307692307,0.0,0.0,0.2307692307692307,0.0,0.2307692307692307,0.2307692307692307,0.2307692307692307,40.0,0.0,0.0,0.0,0.0,0.0,0.0,0.0,0.0,0.0,0.0,0.0,0.0,0.0,0.0
W1597,1,0.0,0.3967869566910167,0.0,0.0,0.0,0.0,0.4323412070648376,0.0,0.4441926600807326,0.3832421284923187,0.0,0.335064444070672,0.0,0.0,0.0,0.271979536782603,0.3672600001541211,0.3948114063632418,0.0,0.0,0.0,0.0,0.3646275346721541,0.0,0.0,0.3785645513512865,0.0,0.367758170283198,0.3623234021758014,0.3902052271427149,29.79729540443672,0.5217013373408572,0.8359686320542195,0.4501549632381967,0.7998013939304947,0.2800136948883312,0.8843511636742861,0.3572489972190641,0.4851354743118448,0.2464432788649795,0.2588126566746046,0.0942244428420627,0.4082443865557436,0.1669095561022006,0.3867029036332188
W1597,2,0.0,1.3085718191737898,0.0,0.0,0.0,0.0,1.18029101082112,0.0,1.2485606855589328,0.9410927397601496,0.0,0.4537210379352819,0.0,0.0,0.0,0.3414817599056405,0.8235910350359447,0.6928752000877689,0.0,0.0,0.0,0.0,0.6500545482320365,0.0,0.0,0.7121032098889394,0.0,0.6704169156702269,0.6311185620136233,0.577762801478263,14.260818066019777,0.8451925134793398,1.9047570315330036,0.7024011312122838,2.1643613860974886,0.7241570972987567,1.8370082258774127,1.3479171311246836,1.005508235491123,0.6539678354838695,0.4065492066444121,0.2682588146744676,1.5667318496369564,0.7004269121764467,1.2027371743580355
W1597,3,0.0,2.795683446396397,0.0,0.0,0.0,0.0,2.5652621305060657,0.0,2.61015757400198,1.2994599741612551,0.0,0.6107474900570828,0.0,0.0,0.0,0.37278414796916,1.1133760668250192,0.8118819507773721,0.0,0.0,0.0,0.0,0.7816845501286503,0.0,0.0,1.263089688941741,0.0,1.0853194577466374,0.6581206049722632,0.9064985558971588,0.0254701092091842,0.2447667001105418,0.461891340279493,0.2200977116500176,1.3033054319412425,0.2095994501706796,0.7921486833843531,0.8617319844548256,0.8085777222428908,0.8285499023889661,0.3977307328207007,0.4328632929852387,3.1971396496380247,1.4775463457469864,2.322327904998437
W1597,4,0.0,2.2129461876900227,0.0,0.0,0.0,0.0,1.8293498044776484,0.0,1.504948745421478,0.8849706568039174,0.0,0.4355044610383924,0.0,0.0,0.0,0.2486718838353455,0.8822057608198396,0.6589286182448312,0.0,0.0,0.0,0.0,0.5361182385319987,0.0,0.0,1.1481788478948662,0.0,0.7994294793373893,0.5157761350211761,0.5801692600411889,-0.0153753312842737,0.0484310256589638,0.0617655220983643,0.0421307596166366,0.0813248804687329,0.0562182460502652,0.0305262882139021,0.2013702310032035,0.3282084399630208,0.3628412461714186,0.1877654713372946,0.191499217300627,5.393208468941051,1.2339390048485903,2.456609908071773
W1597,5,0.0,1.538558579189505,0.0,0.0,0.0,0.0,1.1681198352118596,0.0,1.5916255762269944,0.5589648083005356,0.0,0.2586718686160771,0.0,0.0,0.0,0.158391160104027,0.62954884402721,0.4373936397142993,0.0,0.0,0.0,0.0,0.4264127881962863,0.0,0.0,0.93439706175797,0.0,0.4543469446559717,0.3477784241399906,0.3630479864428714,-0.0175763557669009,-0.0081275086183097,0.0259227881116466,-0.0332562653569842,0.1099704989934817,0.0630721244231881,0.0664996419293161,0.0413076293824843,0.1464465098975574,0.1671931667245469,0.0577313317204365,0.0604554749230541,4.834382705848134,0.8999694924406798,2.5834203790298957
W1597,6,0.0,1.159906254071802,0.0,0.0,0.0,0.0,0.688751422029782,0.0,0.7744859477273935,0.370386337741163,0.0,0.1484706648462425,0.0,0.0,0.0,0.0972608705916697,0.3852944501346098,0.2954556237169692,0.0,0.0,0.0,0.0,0.1938338550708224,0.0,0.0,0.6492965432214988,0.0,0.2963231199195044,0.2289105680523084,0.2732108074962777,-0.0394135560333202,0.0311023190362595,-0.0224393085493404,0.0426024197687579,0.1034786757647621,0.018721377090222,0.0165014484119094,0.0486344926363089,0.112362634012487,0.126937697096842,0.0640926298408205,0.0428873352928054,5.604629239228974,0.7156041882351643,2.17362986471784
W1604,0,0.0,0.2,0.0,0.0,0.0,0.0,0.2,0.0,0.2,0.2,0.2,0.0,0.2,0.2,0.2,0.2,0.0,0.0,0.2,0.0,0.2,0.2,0.2,0.2,0.0,0.0,0.0,0.0,0.0,0.2,40.0,0.0,0.0,0.0,0.0,0.0,0.0,0.0,0.0,0.0,0.0,0.0,0.0,0.0,0.0
W1604,1,0.0,0.4111770887645304,0.0,0.0,0.0,0.0,0.3661931877993199,0.0,0.4296508502256946,0.2808587693562456,0.2349461835100831,0.0,0.1981953818739267,0.2747356506956185,0.2891122131305735,0.2508577409539905,0.0,0.0,0.2828893501153276,0.0,0.3169344187946352,0.3130410716423389,0.3208876607863278,0.3086048400484507,0.0,0.0,0.0,0.0,0.0,0.2899740509788486,29.149621683272937,0.402528620401443,0.5297356621778365,0.6155928540089521,1.1207323048571274,0.5392088742801161,0.8035739530366963,0.6930683002207817,0.4628166356816854,0.0984487458548874,0.1782762540019372,0.0424385902238642,0.3878719267278257,0.2321875992777267,0.4282963112608182
W1604,2,0.0,1.2276866757288425,0.0,0.0,0.0,0.0,1.2173766398386494,0.0,1.3275617213606652,0.7683563061655364,0.4830448623337189,0.0,0.3542279466382081,0.6847076140324104,0.6078685522157432,0.303451004980378,0.0,0.0,0.4609962480142163,0.0,0.6738407173377461,0.8409497827228904,0.5895392398369195,0.4670106634714545,0.0,0.0,0.0,0.0,0.0,0.4814819699964837,12.965763460393736,0.9530469711977052,0.8879826394227859,1.0388457136340583,2.31821107535833,1.0315766581842123,1.7437135594909543,1.53616037459504,0.7477229825951591,0.2863626492323955,0.433422117315654,0.356333751096538,0.8208942131344151,0.8213318960941115,1.4171725075311006
W1604,3,0.0,2.837787771514044,0.0,0.0,0.0,0.0,2.5130072874998115,0.0,2.6385789055915154,1.3125102048862969,0.6659469305182587,0.0,0.4430155180490053,0.7705106107576278,0.8932541887561218,0.2712330615367571,0.0,0.0,0.5715612838387466,0.0,0.8563792736016144,1.4554580696473132,0.5674579010911869,0.3790928599277995,0.0,0.0,0.0,0.0,0.0,0.5959262131228383,0.044276349358391,0.3070976702650669,0.4271063112011956,0.3209541885593171,1.012357209400542,0.5276183581286412,1.0732503619739542,1.1866691253707011,0.8206156660126913,0.4632831946825209,0.5049702434411207,0.6467092352858268,2.5142229038261856,1.4780003240180102,2.706807198660874
W1604,4,0.0,2.057421595113489,0.0,0.0,0.0,0.0,1.485705418361306,0.0,2.540402709852884,0.8295263853300414,0.6634925752536402,0.0,0.3688323466922647,0.7229327163404992,0.5080231851858541,0.2268882770413793,0.0,0.0,0.4004327083732686,0.0,0.6757303570685055,1.0873252987150213,0.4634382808436055,0.3461498661968914,0.0,0.0,0.0,0.0,0.0,0.3998035229779581,0.0650953033968289,0.081674521111142,0.0357913345513267,0.1308326894913161,0.177090621887638,0.0303687160945134,0.2228626661175611,0.1699208225883904,0.4503406884169333,0.3204150201139231,0.2405049344628164,0.3229700777797271,2.721463549623934,1.3981226320847764,3.471143800927756
W1604,5,0.0,1.2707667219290926,0.0,0.0,0.0,0.0,1.3953524345105972,0.0,1.8763408512711015,0.6100578458039667,0.4200400611624825,0.0,0.2806562033669294,0.4512772896003112,0.4435534534436915,0.1132728481928548,0.0,0.0,0.2602844819797713,0.0,0.4291708299718564,0.6174478471029784,0.2842108018166568,0.2181307713317469,0.0,0.0,0.0,0.0,0.0,0.3111308612537339,0.0947347164030925,-0.0527567635642554,0.0837810512285526,0.0828510591893047,-0.0211838232779668,0.1117563180933685,-0.0455184854151595,0.0649215036263868,0.2068441511115621,0.1139945793317406,0.1538397196453545,0.1308611223284866,2.977360441529289,1.1795766471545366,4.014808826790698
W1604,6,0.0,0.9411126605474432,0.0,0.0,0.0,0.0,0.7689104942963878,0.0,0.7804943215865584,0.4026426437288461,0.3553969854860314,0.0,0.2257795194379234,0.3072591761720815,0.2882358915986852,0.0861090404406428,0.0,0.0,0.2047545804453998,0.0,0.3012014111336825,0.3574263402077626,0.1594129768222838,0.1330405370180136,0.0,0.0,0.0,0.0,0.0,0.1817387500061992,0.0245258723214981,-0.007926207434541,0.0173744421709316,0.0153613078401998,0.0116896233281919,-0.0237870464504843,0.0475821586348416,0.0184377306945813,0.1880271480244947,0.1935969976567325,0.0658245111357997,0.0177831426205832,3.1349501584236017,1.2107370404999154,3.289122805603074
W1669,0,0.0,0.2307692307692307,0.0,0.0,0.0,0.2307692307692307,0.2307692307692307,0.0,0.0,0.0,0.0,0.0,0.0,0.0,0.2307692307692307,0.2307692307692307,0.0,0.2307692307692307,0.2307692307692307,0.2307692307692307,0.0,0.2307692307692307,0.0,0.2307692307692307,0.2307692307692307,0.0,0.2307692307692307,0.0,0.2307692307692307,0.0,40.0,0.0,0.0,0.0,0.0,0.0,0.0,0.0,0.0,0.0,0.0,0.0,0.0,0.0,0.0
W1669,1,0.0,0.3984520086476454,0.0,0.0,0.0,0.5021300628807654,0.4222041399730044,0.0,0.0,0.0,0.0,0.0,0.0,0.0,0.4117829536440116,0.2603463692619043,0.0,0.3234800255213877,0.3521794410663469,0.311184454023556,0.0,0.3762656547948415,0.0,0.2687436368699624,0.3833747245166867,0.0,0.3475530776526792,0.0,0.2915466647883294,0.0,32.79012119542446,0.3042999359330889,1.0769122549014607,0.7493444468347303,0.7446481808750297,0.3807254418071408,0.4198835450329417,0.7229513574550724,0.2885693307798032,0.0230924358528694,0.2780193455218009,0.0949765151626877,0.4267955486739149,0.367614464122098,0.6434151028409686
W1669,2,0.0,1.2516401727497437,0.0,0.0,0.0,1.1505999297849543,1.429447421855197,0.0,0.0,0.0,0.0,0.0,0.0,0.0,0.5623176005744506,0.4093718759013496,0.0,0.6781147265452393,0.5710090777754849,0.5077813709635934,0.0,0.756049201818975,0.0,0.5010551331812959,0.7054122868085902,0.0,0.6279835768501335,0.0,0.68039756019429,0.0,14.727655618000234,0.5728440062785458,1.7076771044863972,0.8057411489510046,1.5839584897454069,0.7149969423571021,0.8383852576287524,1.4384494479502483,0.6429719433707661,0.4340871601329625,0.7696198359019326,0.2366957435272885,1.1438454631441064,1.1606232506319745,1.720613363884631
W1669,3,0.0,3.1434057632557324,0.0,0.0,0.0,2.1485954929377806,2.1630577299013654,0.0,0.0,0.0,0.0,0.0,0.0,0.0,0.7307495392100647,0.3647724080218988,0.0,0.7182132625328417,0.6115632020440455,0.7496262145511823,0.0,1.3830445055093037,0.0,0.6175150917226968,0.9622502317617204,0.0,0.8317397223222875,0.0,0.8755544078010706,0.0,0.1050458438240841,0.1575186361930555,0.5094686489200165,0.2943688838042455,1.1192367586878054,0.4966917711401622,0.9754862042763314,0.780420433823413,0.6264417766884642,0.9371727295494534,0.923718097508838,0.307303534115651,3.2424140446617624,1.846442429841783,4.95311795875602
W1669,4,0.0,2.3483475566002103,0.0,0.0,0.0,1.5906317572789397,1.692968956789787,0.0,0.0,0.0,0.0,0.0,0.0,0.0,0.6653537921025368,0.2157279470065626,0.0,0.7664760480682749,0.5863694326831576,0.5339464566342729,0.0,1.287101379941068,0.0,0.3481645432093447,0.6884449332402742,0.0,0.5200028738018914,0.0,0.4641055541135828,0.0,0.0415574061089222,0.0658230477904131,-0.0296275659488511,0.0625815005971668,0.4741085155037265,0.1500751855923025,0.3991278623245277,0.07777341001526,0.4541982677767923,0.6404067625984711,0.5176986061562651,0.0959453673633966,4.001604625031834,1.6507872840525994,4.441822101094211
W1669,5,0.0,1.5444719207738735,0.0,0.0,0.0,1.196740058121475,1.2399119745026592,0.0,0.0,0.0,0.0,0.0,0.0,0.0,0.4845533400695813,0.1585403766707397,0.0,0.5499617923851793,0.3253693335085272,0.3803081418554782,0.0,0.643550111163289,0.0,0.2050061064117395,0.4166705106117427,0.0,0.4209461505127427,0.0,0.3201393460841147,0.0,-0.0117572370871174,0.0396034945801433,0.0816316140714333,-0.0067598618178104,0.1839149633772065,0.1194800024045201,0.1675161716126405,-0.0077700419064726,0.2767420617290779,0.5904266062717209,0.2511608046064161,0.1327975847882465,4.2370982285867775,1.3532768167992757,4.980446129770961
W1669,6,0.0,1.1764431686208936,0.0,0.0,0.0,0.6408493061006892,0.8654428267058734,0.0,0.0,0.0,0.0,0.0,0.0,0.0,0.2878988787758451,0.1040200793070727,0.0,0.3690220494357052,0.2409880874633298,0.2303381940043887,0.0,0.4646335580850437,0.0,0.1140115549813316,0.3246383896235634,0.0,0.2618009615106147,0.0,0.2492547533787514,0.0,0.0177672060226564,-0.0276885104019644,-0.0149247678821343,0.0227012343839674,0.0921715618441465,0.0226603251353684,0.0656955163971388,0.0159382761382609,0.1805088282251609,0.3235853372318473,0.2111548839563474,0.0115943246963058,3.872898882603279,1.2848501334630034,5.288825332315895
W1703,0,0.0,0.1666666666666666,0.0,0.0,0.0,0.1666666666666666,0.1666666666666666,0.1666666666666666,0.1666666666666666,0.0,0.1666666666666666,0.0,0.0,0.0,0.1666666666666666,0.1666666666666666,0.0,0.1666666666666666,0.0,0.1666666666666666,0.1666666666666666,0.1666666666666666,0.1666666666666666,0.0,0.1666666666666666,0.0,0.1666666666666666,0.1666666666666666,0.1666666666666666,0.1666666666666666,40.0,0.0,0.0,0.0,0.0,0.0,0.0,0.0,0.0,0.0,0.0,0.0,0.0,0.0,0.0
W1703,1,0.0,0.3121318773465518,0.0,0.0,0.0,0.3006293122420668,0.240448031049156,0.3192401653414573,0.298608408227559,0.0,0.2591258140001051,0.0,0.0,0.0,0.2644624810368712,0.2402516466777508,0.0,0.1909369399347953,0.0,0.2088273071518749,0.2600132970383496,0.3313166920853914,0.2582811055620096,0.0,0.2235962755436628,0.0,0.2820293989737842,0.2362765269443628,0.2516047914137017,0.2531681208720317,29.848536525232664,0.3982898401242875,0.8727809051410593,0.6474440774765067,0.8107898561650083,0.470802070958752,0.4755219181647235,0.7053333973001016,0.33683422003723,0.1738525126912339,0.2150151441262094,0.1264425154897317,0.3153419454288644,0.3681444216918903,0.4695619369322986
W1703,2,0.0,0.7475283956605566,0.0,0.0,0.0,0.9043733333990857,0.9568160467508642,0.6698869805547727,0.8683047384737534,0.0,0.3760922409517077,0.0,0.0,0.0,0.3873517746542145,0.2597706788495885,0.0,0.4808126708833833,0.0,0.4340864733221203,0.4533938257652388,0.5888448277986138,0.4335885045093569,0.0,0.416575346584331,0.0,0.4045846000522797,0.5129135947513962,0.430567036646339,0.4626231026180378,10.86410115353731,0.6955636502374651,1.598526554911647,0.8261752921524648,1.6025275951093716,0.8905838195134091,1.5753348492910872,1.6033137393223154,0.940602890781388,0.3162634479613918,0.6394957506765602,0.2350546929103379,1.1000970928967178,1.0332800636164547,1.8568624388676327
W1703,3,0.0,1.8350793025107448,0.0,0.0,0.0,1.7259854592394857,1.8846151781544709,1.498920043181951,1.8831967300972932,0.0,0.5508808726365092,0.0,0.0,0.0,0.5181508901965688,0.2422343484562649,0.0,0.7177706752960209,0.0,0.3766117133547116,0.662495746440819,0.8373654930454016,0.4399345350359241,0.0,0.664263651102191,0.0,0.490691071230814,0.4805224499344274,0.4495717059356348,0.4354635525565485,0.0093451739479947,0.2903570926074049,0.3407309076550319,0.3653640994203874,0.9073710016641116,0.2758090142574907,0.794212049822919,0.5371243344393998,1.194225659927567,0.578798441802032,0.4416656859779431,0.4494264134828887,2.477507147561296,1.6889412624846805,3.2513521670785424
W1703,4,0.0,1.737907949406977,0.0,0.0,0.0,1.1556288071542131,1.3792945129516752,1.4571510411756765,1.4642847213905852,0.0,0.3999457897989227,0.0,0.0,0.0,0.5393976046666127,0.1788609878000007,0.0,0.5180709141761757,0.0,0.4582705321831668,0.4713173931870028,0.8593789195291338,0.3828563678981377,0.0,0.4224114256530022,0.0,0.4802324216251049,0.5013201155230607,0.3292687231903329,0.4011577482282957,0.0222181437416647,0.0963342581230928,0.0097239776590367,0.0606325425927032,0.186910938706697,-0.0137926820318676,0.2169085111218485,0.161365471471487,0.722226857971246,0.4487839508011116,0.1707747128194647,0.2388599464308228,3.112511980020117,1.5262952142087898,3.8209715712029904
W1703,5,0.0,1.0721705990344366,0.0,0.0,0.0,0.7213716390461884,0.6761224887346985,0.70560096481647,1.0317454717919468,0.0,0.4172464961069435,0.0,0.0,0.0,0.3605049819587595,0.1092634401956047,0.0,0.3272111782302275,0.0,0.2248081514825169,0.3769010707991352,0.5338742761475165,0.2924115047550155,0.0,0.304601975978129,0.0,0.3948746105212098,0.2943696466706084,0.191303510714238,0.2771015323931452,0.0505284754903684,-0.02277847021981,-0.0154566638061936,0.0236028759677194,0.095597043695875,0.0824595952121697,0.1055025145684289,0.0665465854258955,0.4329393738746704,0.2608542685148747,0.0899465812230136,0.1845184579618403,3.3375110064459794,1.4912348321265003,3.0531071745394707
W1703,6,0.0,0.7981041765507589,0.0,0.0,0.0,0.5275166002319537,0.508910479778041,0.5936500838479736,0.5261354003314308,0.0,0.3328497358772853,0.0,0.0,0.0,0.2304528551521651,0.0758653809805003,0.0,0.1579840218789356,0.0,0.1775451810590064,0.1614342516311072,0.3939814226283631,0.1697829494262744,0.0,0.1676481221235397,0.0,0.1957812432852455,0.1956917395726024,0.1632795780855685,0.1662831951864993,0.038519970458553,0.0050737275763249,0.0649480734380816,0.045356032962069,0.0159461403203805,0.052663835408181,0.0587995232357255,0.0717991503583018,0.376222610940341,0.1398435355532677,0.0476129166797618,0.122322188169683,2.6922981196635583,1.3178428875059356,3.59255074473326
W1733,0,0.0,0.2307692307692307,0.0,0.0,0.2307692307692307,0.0,0.0,0.2307692307692307,0.0,0.0,0.2307692307692307,0.0,0.0,0.0,0.2307692307692307,0.0,0.0,0.0,0.2307692307692307,0.0,0.0,0.2307692307692307,0.0,0.2307692307692307,0.2307692307692307,0.2307692307692307,0.2307692307692307,0.2307692307692307,0.0,0.2307692307692307,40.0,0.0,0.0,0.0,0.0,0.0,0.0,0.0,0.0,0.0,0.0,0.0,0.0,0.0,0.0
W1733,1,0.0,0.4122280747396106,0.0,0.0,0.4072259653110473,0.0,0.0,0.4189767132901596,0.0,0.0,0.3962263709170817,0.0,0.0,0.0,0.3714337032249994,0.0,0.0,0.0,0.3023663247495322,0.0,0.0,0.4045646004202002,0.0,0.3260053336741065,0.3313455040249873,0.4354844868569595,0.3642073728235906,0.3761693022987422,0.0,0.397984042097067,30.763568638726525,0.3633535096157837,1.109857319143153,0.7775935234068609,0.98486914894941,0.4654339932848628,0.6312760156389327,0.823634549902149,0.1387933284125268,0.0479245321047329,0.0631549443103282,0.0055450928408523,0.5230573309241379,0.5117434251709043,0.3480367583221476
W1733,2,0.0,1.171308213075526,0.0,0.0,1.1724430124617202,0.0,0.0,0.9664566198902091,0.0,0.0,0.4944848004829939,0.0,0.0,0.0,0.580124747388871,0.0,0.0,0.0,0.4779961873647033,0.0,0.0,0.8618702056660178,0.0,0.5182381039956695,0.6555439861121838,0.6947017181414041,0.569863857749774,0.6895254687183509,0.0,0.5780842308883836,12.751102341393205,0.6112337522646694,1.7002433261107888,1.2622492009019453,2.3943974031007365,1.0671932965277162,1.5623284912958515,1.4752459396380602,0.4228044768501114,0.3633344311943395,0.2362346120601406,0.2944328747500608,1.682265040449601,1.2985689661756643,1.4768539184592095
W1733,3,0.0,2.893648384514226,0.0,0.0,3.204468159820986,0.0,0.0,2.2890626272285104,0.0,0.0,0.7375115500574622,0.0,0.0,0.0,0.5367039505014538,0.0,0.0,0.0,0.7138506893407329,0.0,0.0,1.3700080258862364,0.0,0.4207860544888221,0.8089258736604017,1.4115740502906418,0.6707094058371074,1.0089152977683145,0.0,0.8484154010991549,0.0743895476940166,0.2330397134206865,0.4521335043850494,0.457197781517573,1.4611532994786585,0.6394315398344532,1.0656462021677666,0.7729440779459864,0.5011910376578792,0.4258072420906115,0.2735148327151852,0.2865038901257556,2.760652392311488,1.933334024713575,3.232534926089192
W1733,4,0.0,2.2688482422225764,0.0,0.0,2.3343496505114385,0.0,0.0,2.056005489880243,0.0,0.0,0.562536294317932,0.0,0.0,0.0,0.4336967866950978,0.0,0.0,0.0,0.4613300333873358,0.0,0.0,0.9983143972269056,0.0,0.3393820918288323,0.6730030713085375,1.0828077972860215,0.517280984809526,0.7296369538165525,0.0,0.4933611906725666,-0.0233671882720536,0.0151127944839359,0.0934449906909393,0.104135904446243,0.3316003089593621,0.0703867392835252,0.205756276823682,0.1743053220041574,0.2954316942403056,0.2601404318323892,0.0882708782156581,0.1869682873189182,2.631894622763004,1.6294218427519611,3.581068024754417
W1733,5,0.0,1.523269549390266,0.0,0.0,2.0908783216275237,0.0,0.0,1.3261116073745551,0.0,0.0,0.440500065675265,0.0,0.0,0.0,0.2790964512996204,0.0,0.0,0.0,0.2873159382154191,0.0,0.0,0.6997721401067035,0.0,0.1563903300614609,0.5449535721131824,0.824140824160443,0.3842562806114698,0.4821492720027596,0.0,0.3785717550226012,0.0058298544507143,-0.057929812344032,0.0512531328124636,0.0402374510304219,0.1999268048476992,0.0730248885537682,0.035425377833298,0.0547834801098303,0.2210243722408866,0.1453108821814386,-0.0107527871542981,0.037354105259308,2.482564842917412,1.2261074729839665,3.0532019393878245
W1733,6,0.0,1.2214187647035026,0.0,0.0,1.0915962793376972,0.0,0.0,0.8894836139675916,0.0,0.0,0.3553054081250723,0.0,0.0,0.0,0.2202823097239054,0.0,0.0,0.0,0.1827145942268684,0.0,0.0,0.4767805434031721,0.0,0.1245898697578915,0.2488445640244194,0.6188765239197845,0.2446450873494909,0.3446693095107847,0.0,0.2031203379135933,0.0055250589628282,0.1378432846761515,0.1012073861837071,0.0023577806678517,0.0624923046166328,0.0387314513003779,0.035414063783877,0.0816569367357653,0.0693755508412044,0.1377641620198619,0.1155622748292226,0.088990765232638,2.2693734699147887,1.170000691565863,2.576358124401178
W1869,0,0.0,0.2307692307692307,0.0,0.0,0.2307692307692307,0.2307692307692307,0.2307692307692307,0.2307692307692307,0.0,0.0,0.0,0.0,0.2307692307692307,0.0,0.0,0.2307692307692307,0.2307692307692307,0.0,0.2307692307692307,0.0,0.0,0.0,0.0,0.0,0.2307692307692307,0.0,0.2307692307692307,0.2307692307692307,0.2307692307692307,0.0,40.0,0.0,0.0,0.0,0.0,0.0,0.0,0.0,0.0,0.0,0.0,0.0,0.0,0.0,0.0
W1869,1,0.0,0.4387305180107505,0.0,0.0,0.3911533361987293,0.3890398157054979,0.423419982039107,0.4016522771916578,0.0,0.0,0.0,0.0,0.3155659401498902,0.0,0.0,0.2980647780510959,0.2924134278398899,0.0,0.3398342296080602,0.0,0.0,0.0,0.0,0.0,0.3218760320304313,0.0,0.3716824965486984,0.3733562848703904,0.339439152231916,0.0,24.19811909361072,0.3928401850372223,1.1118238089253765,0.3239024817269255,0.8740997489883483,0.3978904616994863,0.3474585322145518,0.7106330996083268,0.2896864971175709,0.2585041425343817,0.3107341498220311,0.0220943029757084,0.432709068676349,0.5691821638296036,0.4634481070338858
W1869,2,0.0,1.29493317168606,0.0,0.0,0.7849082385423893,1.017370608903207,1.158291436087131,1.0112332465906646,0.0,0.0,0.0,0.0,0.3904528392272289,0.0,0.0,0.3650634479457898,0.7813662382400306,0.0,0.5626774165795011,0.0,0.0,0.0,0.0,0.0,0.5220061787993651,0.0,0.6164161693675584,0.717868065179005,0.5130852603098279,0.0,11.9806022910785,0.5540127314731196,1.701239327443234,0.5266309148711084,1.8772742641215168,0.7737795787085204,0.8548106092353751,1.2489264400344702,0.793352532810863,0.6568552018573293,0.608625912137108,0.1667844876997399,1.5157513193615446,1.0498835322491644,1.243180986255521
W1869,3,0.0,3.1085507391117817,0.0,0.0,2.0224053526954253,1.9337192271782424,2.1190640522227144,2.215867329502702,0.0,0.0,0.0,0.0,0.4922895917895686,0.0,0.0,0.3180936874269245,0.9530290588121332,0.0,0.6499122768836092,0.0,0.0,0.0,0.0,0.0,0.8063328792054624,0.0,0.9373385277777556,0.9634225298312512,0.5867044526595624,0.0,0.0433980222847379,0.1497442632675729,0.2997086420333378,0.2045285234392594,1.1377076585943808,0.3398298398321727,0.6669288881261827,0.4617957703870564,0.9150531462022704,0.9543600753892384,0.4381202192818151,0.3911397197392061,3.253256799024442,2.1482261510295,2.8273858597153896
W1869,4,0.0,2.133000142684155,0.0,0.0,1.7448233219875429,1.2081698986868643,1.0469440301539303,1.6222591852322823,0.0,0.0,0.0,0.0,0.4123261018307795,0.0,0.0,0.2225182861694343,0.8696487280511095,0.0,0.5287177920787536,0.0,0.0,0.0,0.0,0.0,0.6942227412386324,0.0,0.5806528732302985,0.6402376239949159,0.4603932797077734,0.0,0.0375519712237146,-0.0163740302419624,0.1419541492901612,0.0941353936858127,0.1714873286060376,0.1195492038457802,0.1380892061937262,0.097137875829514,0.5160605927177095,0.4664404687952963,0.1684985900349292,0.1977832690008156,3.690696230850585,1.6879715464205955,4.34048893162692
W1869,5,0.0,1.3235970282344207,0.0,0.0,1.3054053743120293,0.6354812651986343,0.8677677889224277,1.0806729124005092,0.0,0.0,0.0,0.0,0.3183758756502717,0.0,0.0,0.1586887920422804,0.7483078726974055,0.0,0.3416552144336183,0.0,0.0,0.0,0.0,0.0,0.4493473277314662,0.0,0.3372754278671394,0.4297376413456995,0.3165901172348671,0.0,0.0355180128479098,-0.0330617192597413,-0.0135548589393959,-0.0347455416757261,0.0848071873340034,0.1316762713980077,0.0858663868452035,0.0421930339810433,0.2183133915201775,0.2641286044736796,0.105169213344734,0.0961205917497072,3.168651735821701,1.6472654708000694,3.800795149267729
W1869,6,0.0,0.9224725236953304,0.0,0.0,0.8611367052610415,0.4578934880290043,0.5956248682919024,0.7796875739746771,0.0,0.0,0.0,0.0,0.3154210909437133,0.0,0.0,0.106182052381746,0.4547532883188315,0.0,0.2063943921780114,0.0,0.0,0.0,0.0,0.0,0.2874732598644556,0.0,0.2400880885814184,0.3003039750225472,0.2245458075100516,0.0,-0.0364623468935476,-0.0191379717181713,0.0257903430619601,-0.0161578404784735,0.0815627473011965,0.039506442315337,0.0242412159040631,0.0117340444987905,0.1344045969146125,0.2578590633245882,0.0649955395431888,0.1010131705271649,3.283851687956706,1.5783319043182236,4.326243886447907
W1931,0,0.0,0.2,0.0,0.2,0.0,0.0,0.0,0.2,0.2,0.0,0.0,0.2,0.2,0.2,0.2,0.2,0.0,0.2,0.0,0.2,0.2,0.2,0.2,0.0,0.0,0.0,0.2,0.0,0.0,0.0,40.0,0.0,0.0,0.0,0.0,0.0,0.0,0.0,0.0,0.0,0.0,0.0,0.0,0.0,0.0
W1931,1,0.0,0.3993180887182755,0.0,0.3549579590157911,0.0,0.0,0.0,0.3281164993679118,0.3929486989017107,0.0,0.0,0.2777658583408163,0.2119150277415112,0.3145795543408792,0.2936455343310208,0.2529044985455151,0.0,0.3039177659207097,0.0,0.2767791235277003,0.3284603415409184,0.383759715009057,0.3206589727934906,0.0,0.0,0.0,0.2277478252649523,0.0,0.0,0.0,28.146681431019356,0.3250352723627743,0.7087057135853302,0.6375843072678781,0.9813861983301476,0.4043051872669735,0.8047782486329271,0.4887945671396275,0.3245902377113094,0.2887960170301294,0.1739294315685167,0.0135675586793911,0.3758006804749803,0.2357925341033089,0.6263558559332626
W1931,2,0.0,1.0805102425874444,0.0,0.6837669750441104,0.0,0.0,0.0,1.0241514238620246,0.9928359406787924,0.0,0.0,0.4308057459930562,0.3240664754149353,0.5054046614481011,0.4676583702743008,0.3557770487770568,0.0,0.6749153712836375,0.0,0.5780840157689927,0.532731814624747,0.7870467811459534,0.5261495866362202,0.0,0.0,0.0,0.4306452457304492,0.0,0.0,0.0,14.076834292649798,0.5946652701876672,1.422238091954623,1.1042090566807952,2.2160435707009074,0.7650414245014547,2.274578300510787,0.9015003362262012,0.4278052523606072,0.4425367430043439,0.3483076996187909,0.2153958384543862,1.2844799655313994,0.8568397529362173,2.2138159562836544
W1931,3,0.0,2.265907644289975,0.0,1.4193198673262188,0.0,0.0,0.0,1.8273104339019763,2.525333252804395,0.0,0.0,0.4228663072031535,0.3651088894816959,0.947634514783102,0.6339701029388476,0.3221061700740296,0.0,0.9661389225613812,0.0,0.6476168146347576,0.8845461834768977,1.1933251790843098,0.6495004079746021,0.0,0.0,0.0,0.6778218082971962,0.0,0.0,0.0,0.1646423638573728,0.3608822714095594,0.6073113902070418,0.6130396180267803,1.110435037663511,0.3664671614344529,1.606091997706474,0.6584866476079065,0.3276266374456962,0.5951506147129688,0.2965658861780205,0.5511463500191871,2.196996246512989,1.7350709866524905,3.571375781401132
W1931,4,0.0,2.149749358593612,0.0,1.645628439200043,0.0,0.0,0.0,1.7656071443724894,2.0533085566714546,0.0,0.0,0.3252214747360071,0.3373929602595564,0.5693676117767055,0.4607390789186606,0.220801190437729,0.0,0.7830865513983394,0.0,0.5547505794523129,0.6790881902824828,0.8566002274424789,0.4797530231840607,0.0,0.0,0.0,0.5791778286361138,0.0,0.0,0.0,0.05289718341943,0.0190516342181002,0.1743903760188825,0.0527783726625967,0.3239449561184801,0.0848075254444035,0.3839031007270773,0.1369341356972921,0.1244095569428979,0.3599400324118989,0.2352943267233198,0.382670489654159,2.846872051803381,1.075112617988921,4.399176560000212
W1931,5,0.0,1.7298668945322977,0.0,1.20801388421193,0.0,0.0,0.0,1.03672314210874,1.6451907880901164,0.0,0.0,0.2061571994535118,0.2626453146136016,0.4131686615397332,0.2923600317888672,0.1576357404895297,0.0,0.474344836246878,0.0,0.3358028644196778,0.3623104723409406,0.6258184413436124,0.3326888026605402,0.0,0.0,0.0,0.3533328856627601,0.0,0.0,0.0,0.0227762751678592,-0.0100518121092759,0.0484398787512624,0.0173446255785009,0.1213082542304732,-0.0589927116247549,0.143901861233913,0.0831675360397913,0.0508025848991079,0.2345356383337729,0.0345400139398478,0.1602043442699693,2.8335068750243533,1.212584761424214,3.654351850979908
W1931,6,0.0,0.970527811915612,0.0,0.9652871777523252,0.0,0.0,0.0,0.7659332857783145,1.078696708999561,0.0,0.0,0.1185035924730503,0.1757955203233615,0.2269640226316298,0.27379234298871,0.0905283482451323,0.0,0.2491202730766757,0.0,0.1542216208280256,0.232776065462608,0.3638179904453448,0.1786255049347958,0.0,0.0,0.0,0.2082445355385641,0.0,0.0,0.0,-0.0436985316121644,-0.0143949209043581,0.0419027561570419,0.0242023991629386,0.1258064010637558,0.0791691378753113,0.0684283432338668,0.09091514023221,0.0907956536417106,0.1149204736083204,0.0790912491630664,0.1389626984260232,2.330876037861038,0.8222080181845701,2.9243002545072176
W2017,0,0.0,0.2,0.0,0.2,0.0,0.2,0.0,0.2,0.0,0.2,0.2,0.2,0.2,0.0,0.0,0.2,0.2,0.0,0.2,0.2,0.2,0.2,0.0,0.0,0.2,0.0,0.0,0.0,0.0,0.0,40.0,0.0,0.0,0.0,0.0,0.0,0.0,0.0,0.0,0.0,0.0,0.0,0.0,0.0,0.0
W2017,1,0.0,0.3170811377092961,0.0,0.2744549262892076,0.0,0.3300944222890259,0.0,0.349026072097634,0.0,0.3469848536791355,0.3458939589590621,0.3207413944337113,0.2744770820684523,0.0,0.0,0.2631577547259915,0.3005179163968774,0.0,0.3011308910431033,0.2847161036659542,0.3469871731729189,0.3542351236919007,0.0,0.0,0.3288330462921555,0.0,0.0,0.0,0.0,0.0,31.04059189844249,0.2917502359906,0.6523413138292585,0.6060363005655468,1.1617241207262723,0.3919342117064683,0.4307154419853272,0.6924844634449202,0.1531754207217411,0.3372000650952395,0.2006436744314062,0.1009050341086028,0.4612096400738743,0.3011056434115766,0.5029353500655445
W2017,2,0.0,1.0710865406704948,0.0,0.685326750961637,0.0,1.0566621786574075,0.0,1.0951140309711138,0.0,0.6706477263646896,0.4932371550153024,0.4295697935158398,0.3771173591581326,0.0,0.0,0.3035655711957457,0.5251498050635149,0.0,0.4909955468132531,0.4446152452918113,0.6360464424251916,0.684826649634048,0.0,0.0,0.5649097732021455,0.0,0.0,0.0,0.0,0.0,15.463003617910577,0.7189108786470054,1.1064280976817733,1.0741218829111292,2.248793308206224,1.0866142084350403,1.0563137915700045,0.9167178281104484,0.5094379369528261,0.657819686297343,0.2202328245454635,0.3099063950119144,1.383966914499279,1.08586006608631,1.1138818802819674
W2017,3,0.0,2.21757105587717,0.0,1.3789288702841438,0.0,2.1050688174539838,0.0,2.3979128754789145,0.0,1.212114828645546,0.7802755578664397,0.5348408765255365,0.5626148115398485,0.0,0.0,0.3335754079649009,0.939164856944951,0.0,0.5061810423012191,0.5213708278398249,1.008496786712687,1.2649901197871125,0.0,0.0,0.9110965025736292,0.0,0.0,0.0,0.0,0.0,0.0794924350551389,0.3206634121204321,0.4461381189051653,0.3817869262297891,1.6471434867747174,0.4717266852791734,1.0404075824251928,0.446771433822965,0.7141573372497478,0.7010529405495646,0.3330587097392678,0.3906047857287326,3.4368321313989822,1.425315168215334,2.2400975671937418
W2017,4,0.0,1.8948702717329124,0.0,1.802979395298046,0.0,1.5191178349959202,0.0,1.7618099959461884,0.0,0.8712429305233641,0.8295025282144671,0.3522342830726833,0.3872806249321909,0.0,0.0,0.2005225171995213,0.8088708070102203,0.0,0.5201941469754913,0.3966327835441063,0.7249732881165158,1.0226252130171956,0.0,0.0,0.7138727486693982,0.0,0.0,0.0,0.0,0.0,0.0420628025095893,0.0699934819964499,0.0916745035884496,0.1395696764716452,0.3600414542844394,0.0495446614156264,0.3455700391161406,0.1948943667526288,0.3999253668250138,0.3201639364091533,0.1006130821899171,0.3442701806458391,3.2994812144367245,1.5544205628808334,3.372487271313647
W2017,5,0.0,1.533683780926309,0.0,1.391227459798783,0.0,0.9992062845917048,0.0,1.127929146989271,0.0,0.565680960462742,0.5222722057201247,0.2097563020683796,0.3117009350319205,0.0,0.0,0.1418507917449378,0.5177888931783048,0.0,0.3047767096034111,0.3183695619269458,0.3927168256596994,0.5590675545877684,0.0,0.0,0.4389422634743696,0.0,0.0,0.0,0.0,0.0,-0.0617548840180487,0.0495342458127943,0.0449755535455042,-0.03678491210388,0.224940013409135,0.0634158003134154,0.1979838129820705,0.0185815325735308,0.2498706898383951,0.0707007303923893,0.0665192537976668,0.152220242500202,2.9877467261351653,1.2423453026293678,2.7828553300979912
W2017,6,0.0,1.0042363573238433,0.0,0.9686091052151218,0.0,0.649583000162997,0.0,0.7552384445698095,0.0,0.4373663150594861,0.3287106847145122,0.1430725970541292,0.2392379144964284,0.0,0.0,0.0917664334163284,0.4186677055598499,0.0,0.1769453729761338,0.2004546121057892,0.32136716141994,0.368165755136171,0.0,0.0,0.2385036100850265,0.0,0.0,0.0,0.0,0.0,0.0137731479390318,-0.1180553774478357,0.0788310647517104,0.0347109062028739,0.1651664809992512,0.03059718828638,0.0735141976785027,0.0444201056217741,0.2074819682860328,0.0191398569378301,-0.0136770421894651,0.0299274793225765,3.659049049739705,1.2734962643299272,2.899496656860563
W2018,0,0.0,0.2142857142857142,0.0,0.2142857142857142,0.0,0.2142857142857142,0.0,0.2142857142857142,0.2142857142857142,0.0,0.0,0.0,0.0,0.0,0.0,0.2142857142857142,0.0,0.2142857142857142,0.2142857142857142,0.0,0.0,0.0,0.2142857142857142,0.2142857142857142,0.2142857142857142,0.2142857142857142,0.0,0.2142857142857142,0.0,0.2142857142857142,40.0,0.0,0.0,0.0,0.0,0.0,0.0,0.0,0.0,0.0,0.0,0.0,0.0,0.0,0.0
W2018,1,0.0,0.4111196584952451,0.0,0.3261328737571271,0.0,0.3678929648726051,0.0,0.3466677224179484,0.3657227673512896,0.0,0.0,0.0,0.0,0.0,0.0,0.2119468714561934,0.0,0.3369554608883923,0.320426307534389,0.0,0.0,0.0,0.3385087235539515,0.2550467294298573,0.340062215938916,0.2649232380600406,0.0,0.3187095112237095,0.0,0.3487897643862795,30.074362343651934,0.2432059040735406,0.981028535500578,0.3778361207091324,0.9025874507529976,0.3287244734265485,1.151251607677042,0.7322036681808544,0.3164758083866712,0.088286612869157,0.1603017093250539,0.1219147564060843,0.5543319545890828,0.4023349841511849,0.2841563585225116
W2018,2,0.0,1.082628715939838,0.0,0.9080012764587946,0.0,0.8613833681934984,0.0,0.973470639635152,1.127953950010077,0.0,0.0,0.0,0.0,0.0,0.0,0.3578967890055235,0.0,0.7343899934783947,0.43637462968964,0.0,0.0,0.0,0.5867176843060619,0.329467418367837,0.6633915672946743,0.7549059533703408,0.0,0.641366571384637,0.0,0.5732786970105035,12.48502138331153,0.5438142449442602,1.5952364459259971,0.8988438019336099,1.6548106139032293,0.5269722925220134,2.181606496147148,0.9202205898316176,0.9044139555003792,0.3349487035725636,0.3157528541313315,0.3334324681831256,1.5432322252208484,1.1255380663454813,1.1715897609158423
W2018,3,0.0,2.5733721280356074,0.0,1.234226047521478,0.0,1.731561821115467,0.0,1.797851453621099,2.2103737614394423,0.0,0.0,0.0,0.0,0.0,0.0,0.3347603975837389,0.0,0.9564715420411684,0.6595574768153477,0.0,0.0,0.0,0.7726753961557957,0.5391279934999044,0.7771976680296652,1.143213854404428,0.0,0.8034719254964696,0.0,0.7852248214819979,0.0913781079793537,0.3262796991250508,0.2898877937484263,0.281282509514894,0.9240097848719868,0.2962509033637769,1.10137333323925,0.4888895290397841,1.0769347167930094,0.4587900234579999,0.2620260779062787,0.7592609897034923,2.5050497432916154,1.5422527994818005,2.378596469291393
W2018,4,0.0,1.7799471440014183,0.0,1.1900933088826244,0.0,1.2335068956009692,0.0,1.2401131441708513,1.8602267506502792,0.0,0.0,0.0,0.0,0.0,0.0,0.1951067753366517,0.0,0.6509094240031267,0.4941247906305636,0.0,0.0,0.0,0.4960595176742949,0.3396542365086542,0.5430305790976766,1.0600833753440626,0.0,0.65872948819591,0.0,0.4514011323747756,0.0513988369084402,0.1358192234886866,0.085728420023481,-0.0024755667383736,0.1459291423216904,0.0337150471460604,0.1517347480845522,0.0517213421458831,0.8867358260801544,0.3314548810032754,0.1460932603934815,0.4365409258533477,3.558509554541586,1.574799062120235,2.763934794208301
W2018,5,0.0,1.2576699397083304,0.0,1.133577329748929,0.0,0.9003916693699511,0.0,0.9038086266070048,1.2784734065549703,0.0,0.0,0.0,0.0,0.0,0.0,0.1435133880362586,0.0,0.4198681933005873,0.3074560763120612,0.0,0.0,0.0,0.3184422327542101,0.2338726086861397,0.3751291927445809,0.8797803640985236,0.0,0.331242468152263,0.0,0.3994526423079397,0.0368535975068409,-0.0017979119450765,0.1081105715776987,-0.1326878032220524,0.1111462707072692,0.0534530078766243,0.0384603271740398,0.0277842752173268,0.6424437836453901,0.2060638598423232,0.0616796445057823,0.3941107138402221,4.049807364746002,1.1664297172301947,2.7769049618469364
W2018,6,0.0,0.8918195565656349,0.0,0.7987363835612881,0.0,0.598231163278994,0.0,0.6930216328026858,0.7408368756537825,0.0,0.0,0.0,0.0,0.0,0.0,0.1407651716723338,0.0,0.2403874771370801,0.2163837529329985,0.0,0.0,0.0,0.2016294480044471,0.1663411962083374,0.2532057875714625,0.7707496363740854,0.0,0.2637403964242234,0.0,0.2048752732853818,-0.0710919384545214,-0.0416508354302331,0.02922132297838,-0.0030520661241511,0.0975922057149025,0.0983729809496273,0.0205231930124406,0.0563265607658517,0.3524580836039001,0.0534076695353306,0.0790294193439979,0.2049755631340986,3.280986020909179,1.468720133389789,2.0656208260571893
W2087,0,0.0,0.3,0.0,0.3,0.3,0.0,0.0,0.0,0.0,0.3,0.3,0.0,0.0,0.0,0.0,0.0,0.3,0.0,0.3,0.3,0.0,0.0,0.0,0.0,0.0,0.0,0.3,0.0,0.3,0.0,40.0,0.0,0.0,0.0,0.0,0.0,0.0,0.0,0.0,0.0,0.0,0.0,0.0,0.0,0.0
W2087,1,0.0,0.6332326747695383,0.0,0.4389416366717911,0.6321895299524785,0.0,0.0,0.0,0.0,0.499595934278385,0.4779345624007888,0.0,0.0,0.0,0.0,0.0,0.4961530365741106,0.0,0.4636488118957025,0.4413427230304174,0.0,0.0,0.0,0.0,0.0,0.0,0.404539640103541,0.0,0.3779638157638305,0.0,30.66205510518587,0.4333536782128514,0.8486797125562437,0.3641323226196674,1.1705890549763986,0.4314768432366145,0.5470503994538797,0.7927236187558329,0.1149499272320584,0.2268170604130363,0.1513988488138999,0.0964437428878963,0.4026341255698177,0.3487804798239368,0.5927026193236009
W2087,2,0.0,1.6915321857734784,0.0,0.9658592798473594,1.3359740849902062,0.0,0.0,0.0,0.0,0.9797871189272912,0.6661834122107106,0.0,0.0,0.0,0.0,0.0,0.8017358506847426,0.0,0.7308815897425525,0.8360897635257964,0.0,0.0,0.0,0.0,0.0,0.0,0.739536666654623,0.0,0.7223604649004175,0.0,13.420908496307096,0.4462202802836036,1.7544099782437534,0.7372362240556476,2.384139478819574,0.9636913107488894,1.2101129548068137,1.8033752366154865,0.3772542003613814,0.428844169008881,0.3030582624900633,0.1267679636409613,1.4367357162533594,1.1826443605908696,1.729744807715912
W2087,3,0.0,3.692069608103124,0.0,2.088582272061806,3.738915309082949,0.0,0.0,0.0,0.0,1.91077789787071,1.1680090253184097,0.0,0.0,0.0,0.0,0.0,1.1474720585587483,0.0,0.7511626392128546,0.8318475560006069,0.0,0.0,0.0,0.0,0.0,0.0,0.9488922997039876,0.0,0.9514983526840184,0.0,0.1389680728345529,0.0817294542151279,0.6683167579422803,0.2715888467224095,1.6451707673435438,0.6205062851054371,0.907634806316506,0.975749332857088,0.5052429618512569,0.4389403991355082,0.3494143823582558,0.3643198100252363,2.426735108792632,2.261455792698786,3.205537229236693
W2087,4,0.0,2.5418922924969416,0.0,2.023223906326454,3.638525378250967,0.0,0.0,0.0,0.0,1.1937550328872648,0.8030048543974995,0.0,0.0,0.0,0.0,0.0,1.003159629508587,0.0,0.6817084832851935,0.6494150063542106,0.0,0.0,0.0,0.0,0.0,0.0,0.751914860156885,0.0,0.4824290323296986,0.0,0.0424878920171933,0.0034722595775284,0.1443901719671543,0.010480875968953,0.3836495510031174,0.1270323669438938,0.23740577186585,0.1820117378685832,0.2169611068431205,0.1990431894791924,0.1964515427966924,0.2077449782094716,1.9748115777978177,1.891532524640584,3.0394520937584235
W2087,5,0.0,2.4007692711150246,0.0,1.543977482513226,2.0680419987976397,0.0,0.0,0.0,0.0,0.7971896905719864,0.5776254152040393,0.0,0.0,0.0,0.0,0.0,0.6806009795887833,0.0,0.4845631067864082,0.5064572183801871,0.0,0.0,0.0,0.0,0.0,0.0,0.5038404259273876,0.0,0.356993956070891,0.0,-0.046301047427431,0.0025938535773985,0.0211997343830827,0.0533547578646763,0.2249514442264543,0.1030425185197594,0.1273663673725077,0.1031698477796646,0.0971916831762116,0.1512233326038851,0.0598378974103647,0.0999783696036928,1.761703701733873,1.6881049756046618,2.6718883079275764
W2087,6,0.0,1.411112245653446,0.0,1.1606615187802842,1.4154805340865273,0.0,0.0,0.0,0.0,0.4767034507295821,0.501421631319868,0.0,0.0,0.0,0.0,0.0,0.477567561315577,0.0,0.2567999517831621,0.3068161084953649,0.0,0.0,0.0,0.0,0.0,0.0,0.3172258494607207,0.0,0.227814702646239,0.0,-0.0144456470847524,0.0079048416576522,0.0304414686684745,0.009069042562965,0.2195854944322859,0.0021868934707546,0.0544615957950039,0.0499815079754093,0.1892941274597639,0.0962946496365151,0.0412005059667296,0.1000505589836792,1.2335096104541785,1.5597704272538562,2.7809564381273555
W2139,0,0.0,0.3,0.0,0.3,0.3,0.0,0.3,0.0,0.3,0.0,0.3,0.0,0.0,0.0,0.0,0.0,0.3,0.0,0.0,0.0,0.3,0.0,0.0,0.3,0.3,0.0,0.0,0.0,0.0,0.0,40.0,0.0,0.0,0.0,0.0,0.0,0.0,0.0,0.0,0.0,0.0,0.0,0.0,0.0,0.0
W2139,1,0.0,0.4805462347571113,0.0,0.4861455394043337,0.531691434990831,0.0,0.5909491794141832,0.0,0.6110864584807303,0.0,0.425882495687354,0.0,0.0,0.0,0.0,0.0,0.4329826227158385,0.0,0.0,0.0,0.4689296911596385,0.0,0.0,0.4032189197815192,0.5399030890041556,0.0,0.0,0.0,0.0,0.0,37.22021884536934,0.5206140959305641,0.7063117868241059,0.4283467382126593,0.7777292480986885,0.4118177530634502,0.6999002764525065,0.8982481692882436,0.2218480609228764,0.3872637429068893,0.0551345188669278,0.0888937503994934,0.433850745271515,0.714528404464063,0.2008213652848526
W2139,2,0.0,1.659999284608598,0.0,1.1709605565600687,1.4051373489413872,0.0,1.528987807785165,0.0,1.4838251420877593,0.0,0.5344263023042436,0.0,0.0,0.0,0.0,0.0,0.9205265605445349,0.0,0.0,0.0,0.9802409656459165,0.0,0.0,0.4226058618547526,0.9111322452798684,0.0,0.0,0.0,0.0,0.0,10.95411348097356,0.655952866872054,1.3147737212516415,0.5710866318936849,1.6467796409599211,0.6064923006732834,1.478474034440806,1.607504872558415,0.6162290619919418,0.5383596077745969,0.1810265030692485,0.431991831846914,1.4676069447228348,2.0029449042931944,0.969846140051464
W2139,3,0.0,2.862918937350079,0.0,1.8601774012932095,2.315270620198095,0.0,2.2335982953261597,0.0,2.621634914673032,0.0,0.8623522366273908,0.0,0.0,0.0,0.0,0.0,1.1593899588228065,0.0,0.0,0.0,1.2572738753089878,0.0,0.0,0.4703552270402129,0.8872687945855038,0.0,0.0,0.0,0.0,0.0,0.0709697225809174,0.1716208996953309,0.2951596096362019,0.1257070661704569,0.4875039272740957,0.2478551499786964,0.5527956034143551,0.5475664738791753,0.6981999802061505,0.4410288232491619,0.2867850103856727,0.6948186847261785,2.021160218653029,3.607400967780937,2.460033212171296
W2139,4,0.0,2.3454027325513085,0.0,1.2975505708752586,1.839451906719925,0.0,1.587636383502957,0.0,1.8888385237850307,0.0,0.8165743903344541,0.0,0.0,0.0,0.0,0.0,0.9865800988232456,0.0,0.0,0.0,0.8281212130756673,0.0,0.0,0.3673780893826922,0.6817128745937535,0.0,0.0,0.0,0.0,0.0,-0.0300751483898005,0.0061159305121582,0.0452626181026525,0.0447698259218681,0.1476186000005542,0.0759334956827738,0.0351253993860655,0.0304050696626874,0.3850459060616209,0.3141840330598741,0.1449053346545903,0.4813804034270775,1.966229428092192,3.1827880774835853,2.8242571587514917
W2139,5,0.0,1.61929243755577,0.0,1.3675978237586173,1.25986703653987,0.0,1.143983767822527,0.0,1.36465754572117,0.0,0.5212740277216518,0.0,0.0,0.0,0.0,0.0,0.6132808835196687,0.0,0.0,0.0,0.5070156107173888,0.0,0.0,0.2656050809000971,0.3940283448960572,0.0,0.0,0.0,0.0,0.0,-0.0109681236007882,-0.1059500315861248,-0.0580629974856258,-0.0049941295088939,0.0557828239381901,-0.0454744585385966,0.0441200632830487,0.0654357728814611,0.1589380486488215,0.1548040772952732,0.1116924160978885,0.3232898463218324,2.029658379161124,2.474547572701485,2.4474157495029605
W2139,6,0.0,1.024337947247998,0.0,1.0242689866508417,0.8048389887442371,0.0,0.7084764747993404,0.0,0.781012309598574,0.0,0.4370665673417109,0.0,0.0,0.0,0.0,0.0,0.5853876268836165,0.0,0.0,0.0,0.340505172648361,0.0,0.0,0.1323989321482551,0.3049133089455654,0.0,0.0,0.0,0.0,0.0,-0.0429437713826861,0.0003342723853323,0.0831399005085383,0.094838963691136,0.1258705945441479,0.0275670862483047,-0.0365488006175847,-0.0044193966568734,0.1092633519878355,0.0638724710825276,0.0986028897157675,0.1714160228846221,1.3497256052956017,2.3248676640547483,2.950259757526689
W2265,0,0.0,0.2142857142857142,0.2142857142857142,0.0,0.0,0.0,0.0,0.0,0.2142857142857142,0.2142857142857142,0.0,0.0,0.0,0.2142857142857142,0.2142857142857142,0.2142857142857142,0.0,0.2142857142857142,0.0,0.2142857142857142,0.2142857142857142,0.2142857142857142,0.0,0.0,0.0,0.0,0.2142857142857142,0.2142857142857142,0.2142857142857142,0.0,40.0,0.0,0.0,0.0,0.0,0.0,0.0,0.0,0.0,0.0,0.0,0.0,0.0,0.0,0.0
W2265,1,0.0,0.4495972143433676,0.3867539779939731,0.0,0.0,0.0,0.0,0.0,0.3417407970599913,0.3888178350856736,0.0,0.0,0.0,0.3407759201864762,0.3330101055536607,0.2722735256077321,0.0,0.3192384980727421,0.0,0.2835214321403443,0.3488072776743312,0.405872526191076,0.0,0.0,0.0,0.0,0.2612683678355924,0.3014624852851567,0.2787290587779114,0.0,28.03498060572753,0.4752755865369996,1.130833848585999,0.5598099804757161,0.7361797849941459,0.57092911530091,0.6318547332384078,0.3501896677442841,0.1139874657585844,0.0553725896843952,0.2713343683863483,0.0516204687968165,0.3168859983318028,0.220500713320195,0.7951522009147088
W2265,2,0.0,1.483720626123291,1.0084577304206526,0.0,0.0,0.0,0.0,0.0,1.0462103981526716,0.753462279660239,0.0,0.0,0.0,0.5529887450756226,0.4579716924114397,0.3107357161787806,0.0,0.7343783326543287,0.0,0.5438535796831072,0.6096822014047689,0.8503719969977479,0.0,0.0,0.0,0.0,0.6647009347165371,0.7284934282968081,0.5145206465097192,0.0,11.21278308462946,0.8633013394529568,2.0604954012433194,1.0504489879946652,1.563602526560319,0.8877833331943574,1.685260410630933,1.0200268783049844,0.3734040807044207,0.3597339518975878,0.5342062746694782,0.1916354063058522,1.2945640033064625,0.9104888179234988,2.240796609605865
W2265,3,0.0,3.072444836366366,1.6734783889888345,0.0,0.0,0.0,0.0,0.0,2.7297860880624603,1.2993404190367976,0.0,0.0,0.0,0.6566494566029024,0.6765484761623939,0.3638629575608709,0.0,1.0623950024128042,0.0,0.6493637855160468,0.709797446397767,1.5816709327630232,0.0,0.0,0.0,0.0,0.7262207894483189,0.7966428037747639,0.622742414970336,0.0,0.0148312923439203,0.3059247153619973,0.584958829958808,0.4864600352661812,0.6531915301276344,0.4231821967892191,1.134280003637459,0.7794881779951368,0.4850394069056783,0.4969909566771369,0.4960941141842894,0.437632448948138,2.204937529685812,1.461189397003231,4.163072774634199
W2265,4,0.0,2.357425107911177,1.1937264613457703,0.0,0.0,0.0,0.0,0.0,1.8285455138464168,0.9181262211290986,0.0,0.0,0.0,0.5576180020699465,0.5104265491561325,0.2469181323036911,0.0,0.7739165695299471,0.0,0.453025381552923,0.5135287365726946,1.0153587970107527,0.0,0.0,0.0,0.0,0.614649670328976,0.7209452784829928,0.3687719821958058,0.0,0.0365644393160478,-0.0141909162595187,0.0660356483451069,0.1166954939043192,0.1725171539339589,0.0932355717457139,0.2699203377957836,0.2769519931060234,0.1505104800255193,0.4918047000483083,0.2737574178148581,0.2888734012816793,3.014791865224132,1.2307229277407434,4.700211026486383
W2265,5,0.0,1.3370857767891369,0.6329640844261927,0.0,0.0,0.0,0.0,0.0,1.361545322665412,0.4888719649878522,0.0,0.0,0.0,0.3503789898309897,0.263534188361115,0.149228406677107,0.0,0.4690007089699994,0.0,0.3413368876299568,0.3968934990309267,0.6642886217447245,0.0,0.0,0.0,0.0,0.3083818611620127,0.4490803054794042,0.289910337770966,0.0,0.0565313337475061,0.0632205496446639,0.0634231193026088,0.0281944735755518,0.102399822623824,-0.0190623092650019,0.0559273118501117,0.1089690256095254,0.1148222035256322,0.1888302330024144,0.1754139624127018,0.1511024864077156,3.0827002511055266,0.709929369393135,4.647798067556305
W2265,6,0.0,1.1296135068199975,0.4950099721014531,0.0,0.0,0.0,0.0,0.0,0.7261874993774315,0.3951329819112888,0.0,0.0,0.0,0.2528511783651747,0.2385798758396835,0.0891803407237729,0.0,0.2547130897615096,0.0,0.1979352624127485,0.2521395576598816,0.4007277649519678,0.0,0.0,0.0,0.0,0.2546342847458263,0.4253327101885719,0.2118045642534891,0.0,0.0403245471913724,0.0217777157519973,0.021522413949787,0.0147867245944818,-0.0031512037840478,0.0563271821659638,0.0230911940544443,0.0408890832894372,0.1109098388080162,0.2232447139983026,0.1494614472583946,0.0876842897728409,4.338505162399935,0.6843144405648616,3.723261158699382
W2316,0,0.0,0.2307692307692307,0.2307692307692307,0.0,0.0,0.0,0.2307692307692307,0.0,0.2307692307692307,0.2307692307692307,0.0,0.2307692307692307,0.2307692307692307,0.0,0.0,0.0,0.0,0.0,0.0,0.2307692307692307,0.2307692307692307,0.0,0.0,0.2307692307692307,0.2307692307692307,0.2307692307692307,0.0,0.0,0.2307692307692307,0.0,40.0,0.0,0.0,0.0,0.0,0.0,0.0,0.0,0.0,0.0,0.0,0.0,0.0,0.0,0.0
W2316,1,0.0,0.3763417057385243,0.4603191870063844,0.0,0.0,0.0,0.3980795470748127,0.0,0.4095801874112339,0.3736015175866465,0.0,0.3760177021990008,0.2963057964746123,0.0,0.0,0.0,0.0,0.0,0.0,0.2912646250434327,0.454100117936673,0.0,0.0,0.2719707054553338,0.3945658029930006,0.284241710672686,0.0,0.0,0.3534647277057623,0.0,30.209095787515373,0.4335375148242446,0.6955534280674494,0.7464912583264726,0.6980812322321324,0.3928588647012387,0.8142731103519629,0.3835320658693502,0.1647547769444678,0.1195882801845133,0.0929648645486743,0.0938140335022003,0.4702689437348991,0.3846696712797252,0.4255784995312546
W2316,2,0.0,1.2961872487686945,0.6895781306865492,0.0,0.0,0.0,1.0672160268472777,0.0,1.126401274103091,0.7838399988097855,0.0,0.483563098192969,0.415791560129585,0.0,0.0,0.0,0.0,0.0,0.0,0.60722450024748,0.715405422160981,0.0,0.0,0.4719704754204604,0.6674979514999198,0.8576105092922005,0.0,0.0,0.6377660794876647,0.0,10.64424900489318,0.8884406696145255,1.2760051516065654,0.9875289698074146,1.2274285272873722,0.6992178804547007,1.4811858644328468,0.9813062532469988,0.5169179606800008,0.3863790276312717,0.4170202876769985,0.3423165816928928,1.6530591230453413,1.2586235607770937,1.847318205608905
W2316,3,0.0,3.1185128735736782,1.5339666795788285,0.0,0.0,0.0,2.401391633620056,0.0,2.1735477751789443,1.3075180726860274,0.0,0.5223128265924369,0.5676327986254749,0.0,0.0,0.0,0.0,0.0,0.0,0.6014030444550871,0.8454836578164013,0.0,0.0,0.4590482518205472,0.7820600517454919,1.2812941196521124,0.0,0.0,0.713884921372673,0.0,0.0433785174721127,0.2914349828448482,0.4310164653770909,0.3266023670715313,0.8155832067405367,0.2993117483267459,0.6888886041744455,0.6334310754067984,0.7000732190495702,0.5081943110200734,0.4304610432137879,0.7207673859670647,3.3959729711645763,1.863365657230924,2.710361780028968
W2316,4,0.0,2.123891525942992,1.1568877692844115,0.0,0.0,0.0,1.8109577102647607,0.0,1.867943935629684,1.028458688401415,0.0,0.4014855812237901,0.4584675116412942,0.0,0.0,0.0,0.0,0.0,0.0,0.3706337190064223,0.6633918271836091,0.0,0.0,0.2737230529645565,0.6219144857034999,1.1916546495307925,0.0,0.0,0.5685651941844556,0.0,-0.0250321973958057,0.0164860095592816,0.0758137766265777,-0.0238237472238026,0.1137719464053825,0.120422258100791,0.0867015222014329,0.1697525698070969,0.3374142405838295,0.2854171744005618,0.2264797962056711,0.4455828956507515,4.871506587690622,1.2915348041143784,2.7322667959797133
W2316,5,0.0,1.4983091320457518,0.6292868318260032,0.0,0.0,0.0,0.967116980722584,0.0,1.010282606567818,0.6153544991691655,0.0,0.2065275409642863,0.2937255869634682,0.0,0.0,0.0,0.0,0.0,0.0,0.2391756918925822,0.5235190872636262,0.0,0.0,0.2176665678802604,0.3821643844929298,1.0483363547202884,0.0,0.0,0.3853875177130279,0.0,-0.0596402485305979,-0.0455024542321059,0.0468708388289874,0.0031193971371337,-0.0452716053414886,0.0219635168716987,-0.0362170969835618,0.0449100913938713,0.2763787553452818,0.3005191779919807,0.1170701125764739,0.2332817554335143,5.611030583514085,0.8473858554067158,3.110509521198592
W2316,6,0.0,1.1417382767142872,0.4913709571232076,0.0,0.0,0.0,0.6300176126521027,0.0,0.7284508320380433,0.3753767161525683,0.0,0.1508514074219906,0.2320228259384956,0.0,0.0,0.0,0.0,0.0,0.0,0.212122386451567,0.2667736158140664,0.0,0.0,0.1743201731100154,0.2158633848317458,0.8491523574349841,0.0,0.0,0.1971610486110432,0.0,0.0200745438722743,0.0754572171101199,0.0058258391644721,0.0067057298648103,0.011428864088119,0.0374226236327731,0.0594234734715729,0.0468527367825855,0.1600867506770125,0.0850041031639521,0.069612639334434,0.1339786695742793,5.049743909951764,0.8236634891619138,2.3019983772106385
W2459,0,0.0,0.1666666666666666,0.1666666666666666,0.0,0.1666666666666666,0.0,0.0,0.1666666666666666,0.0,0.1666666666666666,0.0,0.1666666666666666,0.1666666666666666,0.1666666666666666,0.0,0.0,0.0,0.1666666666666666,0.1666666666666666,0.0,0.1666666666666666,0.1666666666666666,0.0,0.1666666666666666,0.1666666666666666,0.1666666666666666,0.1666666666666666,0.1666666666666666,0.0,0.1666666666666666,40.0,0.0,0.0,0.0,0.0,0.0,0.0,0.0,0.0,0.0,0.0,0.0,0.0,0.0,0.0
W2459,1,0.0,0.337477144424931,0.2840715066666081,0.0,0.3382205717745089,0.0,0.0,0.3697479862444159,0.0,0.2814851457002014,0.0,0.2506990260849955,0.1764809082849582,0.2360723980966307,0.0,0.0,0.0,0.265740265137101,0.2522685911471657,0.0,0.2794095009799429,0.307769328346518,0.0,0.2359353196283663,0.2593212862669901,0.3034153945906602,0.2759414884420854,0.2775433635834667,0.0,0.2627402863109289,31.26079834657348,0.3883621798213844,1.027329195230261,0.7506539573736537,0.9847300074043308,0.4237432985784206,0.5299690445411531,0.3709341154014853,0.0261591703157211,0.1390986642338298,0.0976095121840049,0.051338772512602,0.4749384671450858,0.3305290282778987,0.414273604782231
W2459,2,0.0,0.850867485395183,0.7643962698108325,0.0,0.7999788297921628,0.0,0.0,0.8611483054492076,0.0,0.6456138451124512,0.0,0.3276414476618529,0.3486538486147709,0.4000274042113918,0.0,0.0,0.0,0.4464646917044815,0.4643653464492933,0.0,0.4529324630606228,0.6611789126113938,0.0,0.3374477087949432,0.4663567751936477,0.5602690320019957,0.4701815339884652,0.5230366388335097,0.0,0.4662362295953121,12.934870144010592,0.6244115058289238,2.133507285295344,1.124521864616253,1.9740748059528093,0.9869312082925236,1.0455993619183546,0.9764264633160624,0.2970411791499892,0.4368820415979932,0.2016408077320484,0.2473324068644253,1.51290359405762,1.2144816862496814,1.6518587418838773
W2459,3,0.0,1.860060310657788,1.3944613862093236,0.0,1.660516140094087,0.0,0.0,1.664986084354983,0.0,1.0895940715662067,0.0,0.3599517106015822,0.307875032089813,0.6219436549588333,0.0,0.0,0.0,0.7324545323030591,0.443669367131433,0.0,0.594216008698883,1.0574143520839134,0.0,0.3668231555116497,0.6330503080265442,0.9775285348837356,0.5411709557895141,0.7151537214216055,0.0,0.5905641822016778,0.1002602801757198,0.1931277928123095,0.6939659053153824,0.5771113849377015,1.0342691300743097,0.7282603322134852,0.9093507943659644,0.5343947063982429,0.5110373335844296,0.5506813354933996,0.1584513909923735,0.5728945741125111,3.399854347473924,1.976902207922716,3.0340392514621177
W2459,4,0.0,2.14217935345217,0.8174729183391245,0.0,1.9375058652435189,0.0,0.0,1.3811318321374848,0.0,0.7705378252335017,0.0,0.2188472091937399,0.2555508228320888,0.4456312215991106,0.0,0.0,0.0,0.4666120163767439,0.3630169606426348,0.0,0.4128114461698026,0.8942642233119151,0.0,0.2156337178294527,0.5590546886445094,1.034578817929905,0.3588025502808963,0.519537989535549,0.0,0.412491021422158,0.0181833729024111,0.0826722693839284,0.1450627408066613,0.0954346304647066,0.2849652560989524,0.2206823356331441,0.2123160613411497,0.17478126026747,0.2909340745464523,0.2906354411315761,0.1656687593949948,0.4111858237381006,3.7181457892634913,1.805196035396816,3.3303735190306067
W2459,5,0.0,1.4408224292613525,0.8068739532542761,0.0,1.6324469201355998,0.0,0.0,0.9272466852433106,0.0,0.489129367358443,0.0,0.1784992717505352,0.1954309949621697,0.3189537651981934,0.0,0.0,0.0,0.3171299013451361,0.2295037247200901,0.0,0.3371715796177689,0.534334978291701,0.0,0.1627435563358942,0.3117468933050664,0.753346124697324,0.2614700000711013,0.344944763282598,0.0,0.2750944513546635,0.0267294596796661,0.0239290235569807,0.1059580700998371,0.1141988253317229,0.0573118522291862,0.0614155913448029,0.0737530571630225,0.0982675718842906,0.183053414670524,0.1207799724158246,0.0585540846523339,0.0975004368585225,2.8162363298841067,1.3084969080521331,3.407738846819057
W2459,6,0.0,1.0270638014015607,0.4323002295666134,0.0,0.9328899236258834,0.0,0.0,0.626630962286055,0.0,0.343632300721845,0.0,0.0760387989061248,0.1103702962007787,0.2124595373989318,0.0,0.0,0.0,0.2121264145433773,0.1524677277683092,0.0,0.1961266285027354,0.3520994173328504,0.0,0.1068624006289263,0.182466738232038,0.6897880582898814,0.1866179992414831,0.307765857546061,0.0,0.1903681213631664,-0.0047948640678121,0.0287214070028789,0.0875946215924569,-0.0320900003291942,0.0728683383011666,0.0646019331127844,0.0355047528496969,-0.0346644376769663,0.1097556515115999,0.0944282055542521,-0.0202218293015903,0.0819544617204862,3.203872172098584,1.0558561715345964,3.5668484714620696
W2503,0,0.0,0.2142857142857142,0.2142857142857142,0.0,0.2142857142857142,0.0,0.2142857142857142,0.2142857142857142,0.0,0.0,0.2142857142857142,0.0,0.0,0.0,0.2142857142857142,0.2142857142857142,0.0,0.0,0.2142857142857142,0.2142857142857142,0.2142857142857142,0.0,0.0,0.0,0.0,0.0,0.2142857142857142,0.2142857142857142,0.0,0.2142857142857142,40.0,0.0,0.0,0.0,0.0,0.0,0.0,0.0,0.0,0.0,0.0,0.0,0.0,0.0,0.0
W2503,1,0.0,0.4057764828326633,0.34284918966724,0.0,0.4165868263090972,0.0,0.4178520385725915,0.3774476796852041,0.0,0.0,0.2938403845165115,0.0,0.0,0.0,0.2656029508345774,0.2647628553933514,0.0,0.0,0.2685002702874485,0.3140796072149774,0.3630557012609456,0.0,0.0,0.0,0.0,0.0,0.3447068047039007,0.3785449930739369,0.0,0.3147544988697486,32.51104864425727,0.3840300488004659,1.038444222197588,0.4775854979272874,0.8966882442386694,0.539101198610461,0.2881239657622135,0.6661985508811281,0.1632266691171307,0.092809796978049,0.1773806133160982,-0.0257983155748806,0.3184423204573817,0.3079241731673723,0.474772780226075
W2503,2,0.0,1.125748747419407,0.8992089323175607,0.0,1.0587682204258908,0.0,1.4135816938023626,1.112108199292225,0.0,0.0,0.5436154996909713,0.0,0.0,0.0,0.5443357884284415,0.3081943617296803,0.0,0.0,0.5437768272699709,0.5063727018987048,0.6784530512450335,0.0,0.0,0.0,0.0,0.0,0.584127976977462,0.5913612346185827,0.0,0.6434944494720387,12.289289398080122,0.6947248134969968,1.740276687560507,1.223890661271981,2.1112255628598025,0.9564844632969084,1.0353605911788997,1.5653002194484311,0.831649830969149,0.3667457305002498,0.2657273581781537,0.1974772212765806,1.1744430792790383,1.2050603368914707,1.6890721172699263
W2503,3,0.0,2.6846421290762708,1.4480940458489653,0.0,2.0721089606167173,0.0,2.310073602514642,2.034889947939132,0.0,0.0,0.5905766465655559,0.0,0.0,0.0,0.7298860431531542,0.2504185895889657,0.0,0.0,0.6628177566071999,0.613334839279361,0.710005084570864,0.0,0.0,0.0,0.0,0.0,0.6431063783952904,0.8328311609449429,0.0,0.6463796653349512,0.080120151599982,0.233305791244391,0.3049789914467862,0.2994034898445471,0.6107880651115833,0.5310636659132539,0.4956717607476888,0.5158118775827092,0.9011150765480151,0.4107862923689931,0.4580791996424121,0.3532729482562301,2.336384103807565,1.8668542456364652,3.8473855358491575
W2503,4,0.0,2.550851300008349,0.9723219081779806,0.0,1.640246791844833,0.0,1.4678495069736528,1.5906438154687572,0.0,0.0,0.5336108694067458,0.0,0.0,0.0,0.5067852945056556,0.2105122794528151,0.0,0.0,0.4183022093022132,0.4514427237849685,0.6835306351697439,0.0,0.0,0.0,0.0,0.0,0.5146459007883754,0.6063011994098354,0.0,0.5528660145960903,0.0854695217341392,0.0068104908910136,0.0689274566281512,0.116319399494744,0.1244692148573548,0.1082978948858423,0.1147011783643786,0.156646991292158,0.7192225714378672,0.4201572014955217,0.1811212412388559,0.2530874247971091,2.209841511661082,1.93884345893808,3.671914776237756
W2503,5,0.0,1.6128360291893349,0.5404506268738635,0.0,1.159304009438079,0.0,1.011064234373393,1.13867776506168,0.0,0.0,0.4669971783124445,0.0,0.0,0.0,0.3589460029315133,0.1399251358288449,0.0,0.0,0.3109765580079673,0.2857728632099778,0.4664768282262593,0.0,0.0,0.0,0.0,0.0,0.3361015724208231,0.4431580632290339,0.0,0.284289521280122,-0.0310640680611751,0.033870241602072,-0.0390504509189021,0.0128538785140368,0.0333182145022318,0.0004199987364079,0.0591870812612591,0.0518297658224529,0.6700663031591877,0.1947367139132491,0.0844740994698796,0.1660676062701809,2.3209118835023013,1.5107542800394396,3.971068249487742
W2503,6,0.0,0.988743462665896,0.439166098315672,0.0,0.699492211909545,0.0,0.7817064995827765,0.6975052869246625,0.0,0.0,0.390148525484392,0.0,0.0,0.0,0.2879274553013102,0.0709086502678138,0.0,0.0,0.1671509267830777,0.2232175645982494,0.2865887185746716,0.0,0.0,0.0,0.0,0.0,0.2328420079061152,0.3004421026642795,0.0,0.1890955417515703,-0.0371152898088558,0.0180387682636376,0.0511936938382255,0.094951427196377,-0.007690260734387,0.0228062503479457,0.0423226510003583,-0.0374029989326575,0.5173229581558667,0.1835464955662991,-0.0060593014062367,0.0891131900654389,1.8333124234775016,1.0739784157035388,3.9555846570967312
W2578,0,0.0,0.1666666666666666,0.1666666666666666,0.0,0.1666666666666666,0.1666666666666666,0.1666666666666666,0.0,0.1666666666666666,0.0,0.1666666666666666,0.1666666666666666,0.1666666666666666,0.1666666666666666,0.1666666666666666,0.0,0.0,0.1666666666666666,0.1666666666666666,0.0,0.1666666666666666,0.0,0.1666666666666666,0.1666666666666666,0.0,0.1666666666666666,0.1666666666666666,0.0,0.0,0.0,40.0,0.0,0.0,0.0,0.0,0.0,0.0,0.0,0.0,0.0,0.0,0.0,0.0,0.0,0.0
W2578,1,0.0,0.314903815395248,0.2905855644500108,0.0,0.2933598387339817,0.3285117595047268,0.300278680155738,0.0,0.2687493918659628,0.0,0.202906171136968,0.2358969892604551,0.2125756141767118,0.2746727077322568,0.2499678978453343,0.0,0.0,0.2033392996919137,0.2610384802377089,0.0,0.3239230710462939,0.0,0.2828740554092874,0.205887343819396,0.0,0.2084921601787625,0.250507080821103,0.0,0.0,0.0,32.2862757812268,0.3556338642421137,0.8182749258546825,0.8294199426055258,1.0811553041113826,0.3537119948826647,0.8751858192009422,0.6664569808870754,0.2555245058901642,0.1359271876106115,0.1789615855076216,0.1340746837778891,0.5728628148186734,0.365523465713345,0.2357687264875313
W2578,2,0.0,0.9425960404120096,0.8707356390683787,0.0,0.937113940403046,0.8136936997419688,0.7651884539671653,0.0,0.8378953075762186,0.0,0.427583152759933,0.3055753945271318,0.3280925275232039,0.3455006373311445,0.4217915134819316,0.0,0.0,0.4249965949709549,0.3555928280064294,0.0,0.5023335254256257,0.0,0.4048828771078441,0.3818503485419482,0.0,0.5562007913308814,0.5097722302087421,0.0,0.0,0.0,9.442957013368488,0.5918936710479878,1.5621809833950144,1.292127626123177,1.7873655630929697,0.6389517017323658,2.15101616853146,1.638134940574723,0.5613316888459228,0.3187676722191722,0.3187444452260521,0.3678178700986645,1.6983861694544744,1.0585074238481735,1.3850345650915985
W2578,3,0.0,2.0247030496829743,1.226992916199799,0.0,1.5920769351126478,1.2499470155029022,1.9292802348466,0.0,1.8357838775084756,0.0,0.5004927869735473,0.4201579725683746,0.3575292941767092,0.7283006837923147,0.5171555629569904,0.0,0.0,0.5808425026924219,0.5160073805577887,0.0,0.5486912093751531,0.0,0.5406938777796264,0.3070152144818707,0.0,0.9930847756469844,0.5245780962391193,0.0,0.0,0.0,0.0920788647373588,0.302476914018398,0.5139578422077706,0.3218691010255141,0.7381576172547072,0.1519850346158672,0.6842723544889502,0.5386320400273439,0.7348850475733658,0.606318463824954,0.2534844760007661,0.5333078718909057,2.597357591933683,1.9374326201314425,3.1302184507951054
W2578,4,0.0,1.6316896829519392,0.6652629673845739,0.0,0.9957569238774384,1.1973026882102746,1.08656985376316,0.0,1.4095349676882662,0.0,0.3926676848719956,0.2760396880557255,0.2966369255573756,0.4375011255556008,0.3947262223655475,0.0,0.0,0.5327338086810253,0.3311488901779636,0.0,0.4097263552463271,0.0,0.3755130728022037,0.2464702734482405,0.0,0.7018396723338345,0.3944850943471331,0.0,0.0,0.0,0.0035638305357427,0.0603645493483529,0.1192149754378878,0.0485828018414589,0.0960724459630047,-0.0350948824881165,0.0682304492033229,0.1497769527368556,0.3879570312598298,0.3136617289111184,0.2508727381071901,0.2281368958214646,2.595883267690532,2.1032645720796226,3.262392941545253
W2578,5,0.0,1.2370230242925635,0.4390121578113912,0.0,0.908275257376717,0.7741197581395728,0.871838134420082,0.0,0.8770201197582819,0.0,0.3639891039330269,0.1544276567815606,0.2088264269984623,0.326527941684674,0.2810751257699204,0.0,0.0,0.2724935805306211,0.2323940542940401,0.0,0.2840737695099239,0.0,0.2587640757152756,0.1637011680236501,0.0,0.8338812880843179,0.2274209150625514,0.0,0.0,0.0,-0.007195167451512,-0.0157311964908589,-0.0162292482691308,-0.1046054870621335,0.0372481147177963,0.013314916518018,0.0022540679041864,0.0673974475644553,0.2612052364881482,0.1964626749871743,0.0414149327121782,0.0798672697218927,2.146997794587816,1.786137749912823,3.5471861956716526
W2578,6,0.0,0.742517499943632,0.3062551275912297,0.0,0.6274138656837137,0.4277990486535893,0.5000058952126291,0.0,0.5962821387586257,0.0,0.2224480513671752,0.1123807526042728,0.1417051057986558,0.2318137571719657,0.1355126335804206,0.0,0.0,0.2045386549098925,0.1467710662411291,0.0,0.1791447211363315,0.0,0.1361428759664258,0.0878916499604263,0.0,0.5109384870452985,0.189294951877215,0.0,0.0,0.0,0.0205965710383889,0.0677873128300177,0.0448665794788612,0.0339575247724909,0.1083804113990421,-0.0200607434175614,0.0331080767401915,0.0046363535115722,0.1930851067683358,0.1441712496949746,0.0518108908727603,0.1460972243636357,2.765868647664924,1.5846772474520805,3.516081832138126
W2622,0,0.0,0.1578947368421052,0.1578947368421052,0.1578947368421052,0.0,0.0,0.0,0.1578947368421052,0.0,0.1578947368421052,0.1578947368421052,0.1578947368421052,0.0,0.1578947368421052,0.1578947368421052,0.1578947368421052,0.1578947368421052,0.1578947368421052,0.1578947368421052,0.0,0.1578947368421052,0.1578947368421052,0.1578947368421052,0.0,0.1578947368421052,0.1578947368421052,0.0,0.0,0.1578947368421052,0.0,40.0,0.0,0.0,0.0,0.0,0.0,0.0,0.0,0.0,0.0,0.0,0.0,0.0,0.0,0.0
W2622,1,0.0,0.2740052599718733,0.3004553537725531,0.2555144923069055,0.0,0.0,0.0,0.259189972387053,0.0,0.2660919946300948,0.2512954290333313,0.2301167939666205,0.0,0.2336520441158754,0.232901383780591,0.2133437270616955,0.2015902526767095,0.2562349007491143,0.244197803261489,0.0,0.237483514169113,0.2565842423479382,0.2356758960270394,0.0,0.2502495945071187,0.2537215814530541,0.0,0.0,0.2663733558686494,0.0,28.231645806796152,0.4867855402769451,0.657175145291913,0.7396347009120267,0.9697250015597598,0.4556642210902931,0.5104932251329897,0.5637416420081027,0.0948114034368372,0.2977414540889909,0.2520780204166237,0.0631921041910837,0.5738445339362143,0.3180089880963714,0.5179111087931749
W2622,2,0.0,0.8526375768610212,0.6269730251013251,0.6815126016263463,0.0,0.0,0.0,0.7836080899918867,0.0,0.5147868770292735,0.3490091963079991,0.3453351614996462,0.0,0.4547475330620074,0.4026442741366138,0.2870728396040316,0.5040487735588505,0.4043464681590923,0.3993190419714595,0.0,0.4001276131590331,0.5230980010736335,0.4168808514450076,0.0,0.454642361670621,0.4989574810839761,0.0,0.0,0.3698509150913066,0.0,12.138814114505942,0.8641774856193917,1.3841663725405386,1.1604303976527102,2.3268650847355565,0.9484549475532382,2.0020932407021244,1.4170160893324752,0.4847047248056901,0.6118607144777692,0.3256815497817095,0.168170390940019,1.9772896840625929,1.0733751013263146,1.145002555704414
W2622,3,0.0,1.9405919028604357,1.3635569541420345,1.453705323799929,0.0,0.0,0.0,1.5869726526201782,0.0,0.9318329465706456,0.464719477888915,0.3464199337242589,0.0,0.6157592350794616,0.5641206351059297,0.2096984813079718,0.706513476225345,0.6891772441326843,0.4059904954486665,0.0,0.7385490986446928,0.9156473637488092,0.6611878855664588,0.0,0.5543973917764116,0.8648762880876683,0.0,0.0,0.3940728097410961,0.0,0.1146931156794926,0.3559104574726926,0.7122381001675681,0.4695095419208763,1.0913765044186174,0.4322906337810069,1.7341809722373338,1.198154832906061,0.4577060260526177,0.5680866447983217,0.2391911070459804,0.2917050295799062,3.4532502501199525,1.7821322316992718,2.742971095475627
W2622,4,0.0,1.9644097813281631,1.0824888547092577,1.3306529732682415,0.0,0.0,0.0,1.6632724293663346,0.0,0.7502536932705904,0.3722945602312965,0.2222496261990192,0.0,0.3804427153106115,0.4021501404319557,0.1406872493156787,0.6265742206568475,0.5362127251195727,0.424940594085867,0.0,0.5103349971267533,0.7621936670247089,0.3746172540275536,0.0,0.4573210561188486,0.8648705426164923,0.0,0.0,0.3121008698089857,0.0,0.0951646208064518,0.0952812068348895,0.1469197431655237,0.1146675208919003,0.3190982576708681,0.0875602800262715,0.5764615295062803,0.2431719466144795,0.2695677969841084,0.2850395949312284,0.1831473706535031,0.2430096276204823,4.327849996714529,1.7884994351542594,3.053223548929385
W2622,5,0.0,1.3357149230087917,0.6186842474527623,1.0577470478965991,0.0,0.0,0.0,0.9919882562222856,0.0,0.5431210901084831,0.3290438158216334,0.1414740176268362,0.0,0.2480366995361553,0.2915109722280986,0.1078402492756987,0.3968838712811613,0.2682258042418504,0.2718380989826742,0.0,0.3475861870879564,0.5452589562511962,0.2428658433111426,0.0,0.3638363087404369,0.786160203761428,0.0,0.0,0.2215803775850477,0.0,-0.0225128632406755,0.1005740003270083,0.0133339332326764,0.01006020009599,0.1446071129827176,0.0975779335176245,0.3082987056266542,0.1504405050310462,0.0428090921093104,0.1792093296305263,0.0613404878933838,0.0855677864582485,3.527459269638065,1.0332630687330564,2.754467150667267
W2622,6,0.0,0.9337947015893724,0.4052263691469193,0.8840573516738334,0.0,0.0,0.0,0.6842153158208659,0.0,0.3770134498879614,0.2890187950838167,0.1107388560548185,0.0,0.2392614781533072,0.1789936374477767,0.0707984413247255,0.2897169129302542,0.1973098958526867,0.1851005424886231,0.0,0.2369872344967604,0.3804101806168233,0.140863360501883,0.0,0.1821906989549882,0.644443221816086,0.0,0.0,0.1493708326382727,0.0,-0.0239108023426966,0.0681085913879619,0.0267402730966304,0.0473685254012404,0.1311085010038098,0.0405824241749508,0.125898905770494,0.0638196093428565,-0.015795797468662,0.0236765814296152,0.0275510155692553,0.1031924653172028,2.909320249116042,1.104213280818474,2.122710817303598
W2708,0,0.0,0.2142857142857142,0.2142857142857142,0.2142857142857142,0.0,0.2142857142857142,0.0,0.2142857142857142,0.0,0.2142857142857142,0.0,0.2142857142857142,0.2142857142857142,0.0,0.2142857142857142,0.2142857142857142,0.0,0.0,0.2142857142857142,0.2142857142857142,0.0,0.2142857142857142,0.0,0.0,0.0,0.0,0.0,0.0,0.2142857142857142,0.0,40.0,0.0,0.0,0.0,0.0,0.0,0.0,0.0,0.0,0.0,0.0,0.0,0.0,0.0,0.0
W2708,1,0.0,0.4636762136739787,0.4108900630158739,0.3671425026383833,0.0,0.4223869317660138,0.0,0.3670547947274873,0.0,0.3009327078801165,0.0,0.310984074739953,0.2528219634712727,0.0,0.3309752462415068,0.2485982721442169,0.0,0.0,0.3381264344996804,0.316713474629202,0.0,0.3290068346994805,0.0,0.0,0.0,0.0,0.0,0.0,0.3427140934633993,0.0,29.7863801578629,0.4536614862247933,0.7374510086070196,0.857794651303004,0.8436443478189737,0.2601893900772743,0.5390977899374598,0.6069201589357683,0.1242497486228624,0.2349873006706508,0.2419497104113232,0.0405743942603429,0.173034383322744,0.3218979994172953,0.7165644938699001
W2708,2,0.0,1.0883476776386731,0.824114902831377,0.7777768173039713,0.0,1.0042665475324002,0.0,0.9516969960329472,0.0,0.7500329423178062,0.0,0.5635873023602483,0.4364832334424081,0.0,0.5566101006768921,0.3382910255850392,0.0,0.0,0.4526482491968153,0.442454296425351,0.0,0.7858569661949453,0.0,0.0,0.0,0.0,0.0,0.0,0.5070032164379976,0.0,14.0319350280498,0.6582368681162822,1.4325837220956594,1.33716154270721,1.8572516755206576,0.5942465722914718,1.473375246027544,1.095271237589691,0.4704009707919093,0.5609847148656775,0.5756563208303984,0.2075743003964539,1.0702303521674472,0.8174097075361443,2.2640283498468965
W2708,3,0.0,3.0963221324198384,1.6827303037452,1.5080215694125698,0.0,2.0880758224023457,0.0,2.044614173943901,0.0,1.2330476039968326,0.0,0.545647392812931,0.4939627385283225,0.0,0.6400527342473737,0.333749285435403,0.0,0.0,0.6567259245033563,0.6992944562417158,0.0,1.3026544194043892,0.0,0.0,0.0,0.0,0.0,0.0,0.7620737443554626,0.0,0.1043559549557296,0.315438560476872,0.3993138024828241,0.4261023082709517,1.1239853622824336,0.4474912999894734,1.0453383385568409,0.4508941771249737,0.9087257504396762,1.0045802576058973,0.5023802952606216,0.2620789934296998,2.6636230896107382,1.4670211854835038,3.7104105719550913
W2708,4,0.0,2.046378842229763,1.0124744781294208,1.5988934414396987,0.0,1.6834163647757685,0.0,1.575973407386447,0.0,1.0303085112525454,0.0,0.4236040856560191,0.4394843149635696,0.0,0.5406460885425687,0.2446763379122905,0.0,0.0,0.4907715636593317,0.4107418653058389,0.0,0.9827141852049956,0.0,0.0,0.0,0.0,0.0,0.0,0.4706307302103119,0.0,0.0005722207259647,0.0080511682776351,0.0520868936982564,0.0520684245143564,0.2043567298277237,0.1110307501254981,0.2910459348325868,0.0942198835765924,0.4266825632710348,0.4913510238884342,0.2490531461539897,0.3015240016570499,2.9485318132804954,1.0429079688157372,3.451290627435427
W2708,5,0.0,1.1921829315073946,0.8041916028744233,1.35024971808651,0.0,0.9332545008698332,0.0,1.1466826223465116,0.0,0.5951094721947878,0.0,0.2749870145958382,0.3590379019356822,0.0,0.3876064896883507,0.1600786828882346,0.0,0.0,0.3942281715189484,0.3254656795190801,0.0,0.6323539391693505,0.0,0.0,0.0,0.0,0.0,0.0,0.4295890922990747,0.0,0.0230449244003977,-0.0072295078066163,0.0506507267622854,0.085551065003195,0.2436263936918207,0.0587761596722157,0.0895875219979559,0.1073659219136044,0.2862237258777669,0.2652384547565776,0.1874694901560947,0.1549605923991703,2.581012683147572,0.8819964811492524,3.854466613375534
W2708,6,0.0,1.0135112956447976,0.4872865453303467,1.239859167154129,0.0,0.6960998729782042,0.0,0.7578269357002329,0.0,0.3936611177418776,0.0,0.1686059627077626,0.244929178639901,0.0,0.2183957078385032,0.1098199735938091,0.0,0.0,0.1968577146047206,0.188849837411437,0.0,0.4562588712054665,0.0,0.0,0.0,0.0,0.0,0.0,0.2332562414554939,0.0,-0.0120408316650485,-0.0051333595861583,0.0817505288506801,0.0738682400339311,0.1827142861109814,0.1208882160199404,0.0893531532480149,0.0776384738248471,0.2212736283556038,0.2109852099116823,0.0970563956894265,0.1104366059407026,2.549824337603236,0.8154358285357396,3.638780985955778
W2740,0,0.0,0.15,0.15,0.15,0.0,0.15,0.15,0.0,0.15,0.0,0.15,0.0,0.0,0.15,0.15,0.0,0.15,0.0,0.15,0.15,0.0,0.15,0.15,0.0,0.15,0.15,0.15,0.15,0.15,0.15,40.0,0.0,0.0,0.0,0.0,0.0,0.0,0.0,0.0,0.0,0.0,0.0,0.0,0.0,0.0
W2740,1,0.0,0.2522753037399443,0.2497206199219493,0.2254459635103861,0.0,0.2459471786459566,0.3025500533202264,0.0,0.2603179123105647,0.0,0.2739461779069359,0.0,0.0,0.2165411331134545,0.214128141491797,0.0,0.232976827473995,0.0,0.2304796132605644,0.2157300069837591,0.0,0.2665638379928173,0.217617747428811,0.0,0.2076529639573452,0.2561343545767469,0.2672803124428169,0.2603000879871787,0.2228637458583454,0.2306456725631215,27.443745685124263,0.4483650307583456,0.8023044904264681,0.4147570114074537,0.6000485988848531,0.2159930724008871,0.8073972133014552,0.6804489014984183,0.2362974638192026,0.1613378286022654,0.2345114588832516,0.0572148611156132,0.4315324722536105,0.3907383075949886,0.556150637273955
W2740,2,0.0,0.7418975413310739,0.4781774094600423,0.6098365953145363,0.0,0.7113337239353983,0.7350204006859489,0.0,0.8380740372894037,0.0,0.4427796882917199,0.0,0.0,0.4270959268022706,0.3194384931138011,0.0,0.3814114443283213,0.0,0.349929936771589,0.3947674098471684,0.0,0.6333247308409394,0.3501150105427078,0.0,0.4365502982716014,0.5177529022874937,0.3264633966493342,0.4682519498282503,0.3883116864895669,0.3775814437954202,11.73277198594122,0.8270209489415137,1.440690023732368,0.7625920461995412,1.4058121961287726,0.6875199825249702,1.860325509739324,1.5826614323134038,0.5833758812733915,0.3778755107994738,0.3983832519025127,0.1402505839044587,1.785308046281718,1.2957074602093557,1.5749134174563488
W2740,3,0.0,2.008246710336676,1.0284129004679543,0.8932006461834746,0.0,1.5056309798839302,1.3529790463763836,0.0,1.461576988013968,0.0,0.4848673380985752,0.0,0.0,0.547256967515561,0.4234575639464299,0.0,0.6682968872205282,0.0,0.3579594564759751,0.3902027982330954,0.0,0.8063325328420397,0.5066898070500717,0.0,0.5581537894142722,0.8563601529152077,0.4752334985340427,0.5622829454908377,0.4697582073600018,0.4244855187104238,0.0490818841433003,0.2760679044702012,0.4659203865529593,0.2348133232106432,0.8492182430795885,0.2764528592617077,0.9498989612142132,0.8590315309451151,0.5205006307455632,0.5795640791299845,0.5114277324009292,0.3986752761552353,3.342749768455737,2.0930898087491427,3.172103936669008
W2740,4,0.0,1.6983580055042835,0.695272680319715,0.9405140295922838,0.0,1.065787155239975,1.1735806180541493,0.0,1.3237835462951917,0.0,0.3819960949146495,0.0,0.0,0.4196524855752626,0.3846775981838589,0.0,0.4249957581951051,0.0,0.3175776667454001,0.3095503668230867,0.0,0.5967318565249873,0.3186612352160682,0.0,0.4083869547987958,0.6493752035869907,0.3493073856914259,0.3935593324006284,0.3009500836896332,0.3234834144900487,0.0193170540051558,0.0368826351636596,0.1024826266713642,0.0127608133757859,0.1684074426513469,0.1347934020433965,0.1007900080551769,0.1671459863314478,0.3000521569732994,0.1846923540274358,0.2773132834953353,0.2246683344909761,4.1593657258990016,2.365610849646321,3.0327569450348912
W2740,5,0.0,1.090447091612893,0.4701900513017886,0.8789029284196995,0.0,0.741470507268522,0.82309592836516,0.0,0.7378601726652192,0.0,0.3658720538925566,0.0,0.0,0.357416760757188,0.2611596737453345,0.0,0.3791500765425413,0.0,0.242953399407273,0.1963215638717391,0.0,0.3961912949629488,0.2261124874845446,0.0,0.320575029427567,0.7106349323989538,0.2305886361119903,0.3117562431162207,0.1788699172823735,0.2293512938173424,0.0041852862534519,0.0144955043729469,0.0615876602961883,0.0561192868550732,0.0802969402079549,0.0523980958731833,0.0316772804149489,0.0934867499905999,0.0942261817891487,0.1059980104101783,0.0852568247351442,0.0720299176220863,3.944595348378417,2.010312731924552,3.331881634324673
W2740,6,0.0,0.7055498168436245,0.2812269699176111,0.5486376300446109,0.0,0.4523024644014356,0.4998865501732537,0.0,0.6265464952360813,0.0,0.2974787407405974,0.0,0.0,0.1717893438444789,0.1635670343715879,0.0,0.2018262325468947,0.0,0.1114064462924973,0.1261503831157511,0.0,0.2503273149732291,0.1021884906569562,0.0,0.1561999263339077,0.4298692665335477,0.1512980059527835,0.2077794121067793,0.1189047727970041,0.1440779550626194,0.1003926172715345,0.0894405300355435,-0.0515236643141231,-0.057914737064262,0.1029417369179156,0.0709223258961304,0.0421226350436647,0.1053254372956031,0.0591944643651025,0.0444649049761016,0.0520624282452021,0.1078756678877777,3.775429706210731,1.8047905074067476,2.3830486949993874
W2885,0,0.0,0.1875,0.1875,0.1875,0.1875,0.1875,0.0,0.0,0.1875,0.1875,0.0,0.1875,0.0,0.1875,0.1875,0.0,0.0,0.1875,0.0,0.0,0.0,0.0,0.0,0.0,0.1875,0.0,0.1875,0.1875,0.1875,0.1875,40.0,0.0,0.0,0.0,0.0,0.0,0.0,0.0,0.0,0.0,0.0,0.0,0.0,0.0,0.0
W2885,1,0.0,0.374234570857991,0.3323085599362405,0.3103646945105263,0.2497312755595329,0.36406413491459,0.0,0.0,0.3635985704282775,0.3291359340172128,0.0,0.2766276731455117,0.0,0.3263996166923916,0.2945255744267573,0.0,0.0,0.3226315915531949,0.0,0.0,0.0,0.0,0.0,0.0,0.3025477029320572,0.0,0.283402824844453,0.2646924734892975,0.2825845456724515,0.260469187518509,35.10750796037639,0.359530133021999,1.043847808414542,0.720529246203047,0.8315661659214061,0.304452924446928,0.6801532536466797,0.6145151030719097,0.1255321610161299,0.0732045092747782,0.1816331258793961,0.0930187686164578,0.3847248350155685,0.5569761781785845,0.5693574158248511
W2885,2,0.0,1.1010795551181476,0.7388010118132394,0.7895264050145748,1.000042135947956,0.8150488981924419,0.0,0.0,1.0332314016763222,0.6684629456655404,0.0,0.443783561783556,0.0,0.4882304880136786,0.4438027710240154,0.0,0.0,0.6139580031382028,0.0,0.0,0.0,0.0,0.0,0.0,0.4487368895306687,0.0,0.5035014305412946,0.5332439957176005,0.5324050934780789,0.5637269638031794,12.564321565203535,0.6411994415100417,2.065579662519842,1.085230971246462,1.4952261487299046,0.6216390197663004,1.8563167335263564,1.3279199014070318,0.3698218502333742,0.452366169058479,0.4038987214170509,0.2953978661625237,1.5081117592706197,1.406283074379776,1.5816407298923183
W2885,3,0.0,1.853508259617984,1.1842697453263846,1.1229308186437104,1.521160711767067,1.7551843150379998,0.0,0.0,1.5277347055878727,0.918779913982084,0.0,0.2444204852990272,0.0,0.6150995628629118,0.5565873343681597,0.0,0.0,0.770998969751228,0.0,0.0,0.0,0.0,0.0,0.0,0.6927595656690817,0.0,0.5584605117399153,0.7620415987727719,0.5335419686495321,0.6394997032477644,0.0369550703097286,0.1879966919625192,0.3137790749170159,0.2178734772182118,0.4692919329346562,0.3591161466796002,0.6942167921124889,0.7798746577515931,0.4930853324712888,0.5904938794948931,0.4828870299486431,0.4039558834659269,3.094598625342483,2.1408008488290013,3.418682403856707
W2885,4,0.0,1.6881210981777073,0.6870337558055132,1.1431666376929903,1.244287790400613,1.1249675623740805,0.0,0.0,1.505580654018804,0.5934025475105309,0.0,0.307879912365757,0.0,0.4598200704970671,0.4561267893379924,0.0,0.0,0.657433946780492,0.0,0.0,0.0,0.0,0.0,0.0,0.5167937681084986,0.0,0.4087507622875209,0.5632161299392778,0.3445318972484522,0.4225035003296761,0.035293403236573,0.0217856716702,0.0209803845520775,0.0504572778626919,0.0816065334298362,-0.0005903040610564,0.1511969311591956,0.1040141659304783,0.3959350209945765,0.3012168428059044,0.1833397087791788,0.2172366488451467,2.521232619852269,2.481006883137812,4.167879351877573
W2885,5,0.0,1.2370124921692764,0.489163274583734,0.9521048127668796,0.9767720971206816,0.8356004584828995,0.0,0.0,0.7483370639570279,0.3769431594814096,0.0,0.2326757836562883,0.0,0.3609689054908467,0.2930401092515326,0.0,0.0,0.3228182886856637,0.0,0.0,0.0,0.0,0.0,0.0,0.3269913416137903,0.0,0.3028448269124316,0.3990646725549886,0.2724036655161054,0.2788861301076841,0.0061792399489936,-0.0633486888138016,-0.0309239775863405,-0.0083766684488042,0.0857273702155602,0.1557704586993804,0.0971916411536001,0.09085844502151,0.1846392281030481,0.2242049545584103,0.1414172646930693,0.2346063107270443,2.3444208741165533,2.142338292666748,3.1932251792064448
W2885,6,0.0,0.874076038576516,0.363521216506446,0.8354475750521081,0.671906209792162,0.4844656012540588,0.0,0.0,0.5166165755082162,0.3181389357736766,0.0,0.1155436024532629,0.0,0.240829101719376,0.1950392980590727,0.0,0.0,0.2139588358591665,0.0,0.0,0.0,0.0,0.0,0.0,0.1591264530816827,0.0,0.1600091566442742,0.3073932539318828,0.1521189253408358,0.2001248759126462,0.0180136713060243,-0.0136165018826136,0.0112763131735576,0.0192364019440042,0.1036086824128665,-0.0368397362710757,0.1436396511835718,0.0111145399253052,0.0919744492026695,0.1933035766823211,0.1799946419158103,0.1093947122335861,2.618089906184649,1.595663555833553,3.6169409132726016
W2929,0,0.0,0.1578947368421052,0.1578947368421052,0.1578947368421052,0.1578947368421052,0.1578947368421052,0.1578947368421052,0.0,0.0,0.1578947368421052,0.1578947368421052,0.1578947368421052,0.1578947368421052,0.0,0.0,0.1578947368421052,0.1578947368421052,0.1578947368421052,0.1578947368421052,0.1578947368421052,0.0,0.1578947368421052,0.0,0.0,0.0,0.1578947368421052,0.1578947368421052,0.0,0.1578947368421052,0.0,40.0,0.0,0.0,0.0,0.0,0.0,0.0,0.0,0.0,0.0,0.0,0.0,0.0,0.0,0.0
W2929,1,0.0,0.2379087647462689,0.2866664543840672,0.272382280695956,0.3199427271591146,0.2729104310216261,0.2803613284038965,0.0,0.0,0.2459474126762568,0.2428783532123288,0.2106908503459175,0.2106780011852362,0.0,0.0,0.2155689210073714,0.277767017546959,0.251107141606276,0.2534954097150435,0.2173263963689841,0.0,0.2818075965833914,0.0,0.0,0.0,0.2016045985390826,0.2709022902883254,0.0,0.2454594404095824,0.0,24.33649330968916,0.4623446177379037,0.8171886776555453,0.484105548447572,0.8217716641621859,0.3900192634023556,0.4875754425845205,0.6901182444283079,0.1232361575501491,0.1515038228348169,0.2384184536461352,0.1824877425801029,0.3968659396739584,0.3652512092449564,0.4465163179168385
W2929,2,0.0,0.9593280402178814,0.567219771331589,0.6457518444420209,0.8258353435228801,0.6793514182703111,0.9677639107219488,0.0,0.0,0.5809280298414273,0.4839312346354266,0.3148321552786042,0.3140585996466764,0.0,0.0,0.2998847827838609,0.4301091305067855,0.5005506908953864,0.4032660639687803,0.3608968098364248,0.0,0.5696930154926455,0.0,0.0,0.0,0.4657771361377119,0.4315160959134919,0.0,0.4087802130368281,0.0,11.861610617409395,0.8658329499686845,1.743838394374564,0.772813231125948,1.8247999500666676,0.7227897130863435,1.0661926698835589,1.471506979243213,0.559709364275062,0.4976567071345381,0.4675401851733602,0.2844918684330011,1.6417350231146794,1.241572327688745,1.508718738194961
W2929,3,0.0,1.8245502195303207,0.915560375278944,0.989096596892138,1.60087075630399,1.366620810841333,1.6899651788873993,0.0,0.0,0.799235970107482,0.4879293229209043,0.4282046092272141,0.3611798576404134,0.0,0.0,0.2677145450244708,0.6866065441870681,0.6422980450002407,0.428377938979614,0.4181088073879232,0.0,0.9994816616489248,0.0,0.0,0.0,0.8384773234396196,0.6046790826894701,0.0,0.5317070929236121,0.0,0.0467167849486333,0.2072885701217987,0.4826808754251412,0.2445135350885335,1.0591561695398042,0.3377719581320595,0.7721493223182055,0.7271398353180525,0.6921783052018048,0.5232297313978109,0.5617561737041606,0.340244212198394,2.4340724447621285,2.912773946749047,3.4358934700140646
W2929,4,0.0,1.6583807660034673,0.8580690643665045,0.9101755340202476,1.3252542442263555,1.2266237835146734,1.3050178500840588,0.0,0.0,0.6327974981143968,0.520193003083735,0.2482967609277236,0.383418321484373,0.0,0.0,0.1552696049717206,0.5338551210676519,0.4440477637512325,0.3812412623376089,0.3406063233416365,0.0,0.6174647845122817,0.0,0.0,0.0,0.8962630575622983,0.3714159373114128,0.0,0.3607366137741761,0.0,0.0264705133511121,-0.0373574055529612,0.0557760477534092,-0.0078496075368202,0.2661458042870738,0.0598199111240704,0.1918274328170701,0.0629329794368563,0.3273872210380821,0.1778575592969511,0.1801865788201083,0.1480509170747043,2.98090554518976,1.7689198374503885,3.4712794906305984
W2929,5,0.0,0.8803226047686428,0.516386409869208,0.7880455865070467,0.8813193657621402,0.6504992114407828,0.7332095229596712,0.0,0.0,0.3981167848833252,0.4970968637135545,0.1280474491344317,0.2637321137022444,0.0,0.0,0.095755762330411,0.3772779851475857,0.3063601882237558,0.1844604967132956,0.2472106587386,0.0,0.4810337171720295,0.0,0.0,0.0,0.5645938217131351,0.2625608697328531,0.0,0.2176725098616536,0.0,-0.0161889336400949,-0.050380933917728,0.0487860058448976,-0.012803913502597,0.1530499442168982,0.0596437028679699,0.014021434589743,0.0637873407820068,0.2429166078113717,0.1461942918976987,0.0849679748182198,0.0599378666795129,2.832861638545079,1.7141717140895,3.447153681344939
W2929,6,0.0,0.7871551817203748,0.3353600640100189,0.7723493590327332,0.6877680085149651,0.3806310619273174,0.455695535626392,0.0,0.0,0.2730217134926866,0.266890201608249,0.0976916273447939,0.1734747411520183,0.0,0.0,0.0514507815982113,0.3279540966697601,0.1729318602181467,0.1424109541781378,0.1322840711377978,0.0,0.3157238390188827,0.0,0.0,0.0,0.4519639997407778,0.157048036294265,0.0,0.142085804090143,0.0,0.0789607283817256,-0.0098559130980009,0.0518126820742044,0.0610544826441683,0.1627378397049871,-0.049314001723143,-0.0475475860475165,-0.0072350861695665,0.1630715393555181,0.0989024121802864,0.0505519813790876,0.0594156782339259,1.9071620824338504,1.3932406060342144,2.243135326461207
W2978,0,0.2727272727272727,0.0,0.0,0.0,0.0,0.0,0.0,0.2727272727272727,0.0,0.0,0.0,0.2727272727272727,0.0,0.0,0.0,0.0,0.2727272727272727,0.0,0.2727272727272727,0.0,0.2727272727272727,0.2727272727272727,0.2727272727272727,0.2727272727272727,0.0,0.2727272727272727,0.0,0.2727272727272727,0.0,0.0,40.0,0.0,0.0,0.0,0.0,0.0,0.0,0.0,0.0,0.0,0.0,0.0,0.0,0.0,0.0
W2978,1,0.4774265005856385,0.0,0.0,0.0,0.0,0.0,0.0,0.5151197763486131,0.0,0.0,0.0,0.4302770311617825,0.0,0.0,0.0,0.0,0.4349463760220369,0.0,0.3994382778249181,0.0,0.4615162281454585,0.5388050472686816,0.404321627293792,0.3339435299496726,0.0,0.3806260471002159,0.0,0.4628273003853891,0.0,0.0,26.414748979562443,0.5931047220709542,0.6846843647462162,0.6167113266452072,0.9538218589493692,0.4996136073774261,0.6545855964379859,0.4627263390168738,0.3121074056653595,0.5007785816407361,0.0567872042252041,0.1172933247885938,0.5112379237967458,0.0812773175242399,0.1797471014914985
W2978,2,1.6459298598992622,0.0,0.0,0.0,0.0,0.0,0.0,1.2711818919740214,0.0,0.0,0.0,0.4802828137442135,0.0,0.0,0.0,0.0,0.8630675745600572,0.0,0.6991136499199396,0.0,0.850007318637141,1.3353323228087688,0.7778628056720481,0.6889141878185885,0.0,0.8612956544428154,0.0,0.8072204616645176,0.0,0.0,12.029585398509504,1.0224246850248362,1.378894903160561,1.4145972469724348,2.281977260519817,0.850219979860586,1.6279383318969518,1.0477750820915857,0.4241716049321875,1.1630419728777672,0.2489005709829763,0.3095409674686333,1.4925435953329274,0.5245945105101845,1.3890492847391087
W2978,3,2.8834937295146,0.0,0.0,0.0,0.0,0.0,0.0,3.089713370916169,0.0,0.0,0.0,0.495512974503898,0.0,0.0,0.0,0.0,1.2034901756621457,0.0,0.9794006081588388,0.0,1.1322759371776727,1.957436237207624,0.9323896751786692,0.5964818731903503,0.0,1.813581585721788,0.0,1.195249714299419,0.0,0.0,0.1793971196032705,0.3778107563828508,1.0016233432537036,0.6774156727654376,0.7348797387969863,0.4765925657366027,1.314173393586683,0.8558572370356975,0.3570848128758304,1.0324138271040395,0.293095445536832,0.4280738044796211,4.00608302846445,1.2017257100252912,2.259299610545626
W2978,4,2.6166211146356955,0.0,0.0,0.0,0.0,0.0,0.0,2.142735159487083,0.0,0.0,0.0,0.4195426715155869,0.0,0.0,0.0,0.0,1.2219261907583276,0.0,0.6042635332426931,0.0,1.0353992789379416,1.4345287320426772,0.7403098783375696,0.3946048494505628,0.0,1.4588028345322472,0.0,0.8889843340250887,0.0,0.0,0.0376473771583867,0.1117970355290411,0.2539221033416026,0.1338257428107499,0.0729982452655559,0.0751255061402926,0.3134979042539367,0.1883133573914709,0.0804724660435022,0.4721811997080595,0.147363724818444,0.2148229483875332,4.881350011777104,1.2460775416225585,2.302507447662382
W2978,5,1.6329725354601514,0.0,0.0,0.0,0.0,0.0,0.0,1.740783966499161,0.0,0.0,0.0,0.2470507322660721,0.0,0.0,0.0,0.0,0.6825047099722258,0.0,0.4573471673396788,0.0,0.5686140277778611,1.0976786065176434,0.408682414019671,0.2642733142411555,0.0,1.102561331790958,0.0,0.7047364578591604,0.0,0.0,0.014901089373152,0.0093743147512889,0.0824147187584437,0.0846075313029517,-0.004909665747589,0.0639979343718747,0.1559949870868593,0.1579684580027293,0.1326460705715785,0.292115137915942,-0.0090514762675504,0.2452758980173565,5.343311552919332,1.3244771332675196,2.005915611797735
W2978,6,1.0684175767759252,0.0,0.0,0.0,0.0,0.0,0.0,0.8520729967147175,0.0,0.0,0.0,0.1683183089902529,0.0,0.0,0.0,0.0,0.4906929854150205,0.0,0.3042811160670147,0.0,0.3647342760420126,0.5337696000755051,0.2793117032896131,0.1758227845550235,0.0,0.8676902701014885,0.0,0.4275100379283055,0.0,0.0,-0.0796605226391566,0.0937959959505809,0.0629362833073837,0.01766794618788,0.0629487294903938,0.1094425838277808,0.1315559468785571,0.0544773449665081,0.0614728086898136,0.2026296443538719,0.0575399948945029,0.002188843795637,6.162541128277808,0.9491343686016336,1.959850666152969
W2982,0,0.2307692307692307,0.0,0.0,0.0,0.0,0.0,0.0,0.2307692307692307,0.0,0.0,0.2307692307692307,0.0,0.2307692307692307,0.2307692307692307,0.0,0.0,0.2307692307692307,0.2307692307692307,0.0,0.2307692307692307,0.0,0.0,0.2307692307692307,0.2307692307692307,0.0,0.2307692307692307,0.2307692307692307,0.2307692307692307,0.0,0.0,40.0,0.0,0.0,0.0,0.0,0.0,0.0,0.0,0.0,0.0,0.0,0.0,0.0,0.0,0.0
W2982,1,0.3813882531380148,0.0,0.0,0.0,0.0,0.0,0.0,0.3811203450532927,0.0,0.0,0.3993162476811303,0.0,0.2566867917331601,0.3614222440366887,0.0,0.0,0.3739377927396293,0.3540643740870218,0.0,0.267594322890766,0.0,0.0,0.3627755505516957,0.3113028019042608,0.0,0.3621582535429395,0.3138008301398937,0.4380904734716149,0.0,0.0,31.901660623085355,0.5041726938212978,1.049104062729077,0.6251080876452185,1.4129741178140254,0.1505328358481356,0.5004881155342197,0.4114079520008613,0.2386086159847713,0.2469055788516217,0.1458614716423661,0.0379618447140439,0.4803153662580061,0.150263364617927,0.3114100278803047
W2982,2,1.168686751828703,0.0,0.0,0.0,0.0,0.0,0.0,1.0660211629732834,0.0,0.0,0.5969162820499113,0.0,0.4181897090695206,0.8173645079851471,0.0,0.0,0.6780145836230066,0.6497310160346403,0.0,0.5943064884162271,0.0,0.0,0.6470077376951858,0.6085390356561585,0.0,0.6021564597198701,0.5281147581130252,0.6806476688971043,0.0,0.0,15.35540695574635,0.8754904975775073,1.657269060685901,1.0453095671034938,2.2258929022046376,0.5910282674879499,1.1456529460667977,0.9612989051444012,0.6388518877932443,0.6603305759600286,0.2083582665303505,0.2438525244968814,1.945026155545262,0.483216474110109,1.2314618576848475
W2982,3,2.4949906917543343,0.0,0.0,0.0,0.0,0.0,0.0,2.2975988492612784,0.0,0.0,1.0117313377340684,0.0,0.4554888399291498,1.198338539786075,0.0,0.0,1.1195672867111324,1.0975803006810836,0.0,0.8090302183601947,0.0,0.0,0.890703419507455,0.5184349850864592,0.0,1.2560536663234734,1.013986389476564,0.98951391698941,0.0,0.0,0.0573691983608953,0.4523756626708323,1.287858300735452,1.06808412101792,1.35396310026723,0.5076177369298341,1.1517591584628513,1.0493862611859104,0.4831063510874747,0.6261135545011558,0.2697767921696137,0.2070044057713073,4.203115929615199,1.1202434228260234,2.414573217946421
W2982,4,2.207718304203993,0.0,0.0,0.0,0.0,0.0,0.0,2.104587243823937,0.0,0.0,0.7125557579819065,0.0,0.4316523898444058,0.6559739501348517,0.0,0.0,0.9978763129335956,0.8227834870519068,0.0,0.5491579254761343,0.0,0.0,0.6712399526785845,0.3673342437268566,0.0,0.962455508274154,0.674568092513733,0.8501483898324076,0.0,0.0,-0.0093385623979992,0.0319397637471306,0.3223723994034488,0.3132348964282971,0.1593115866253972,0.1624352291958736,0.4336291394911776,0.2642628921685552,0.2275381371648908,0.259606655726522,0.0961592637144285,0.1049578273398946,5.296449592581659,1.5059365645685616,2.480062181659122
W2982,5,1.6886357309892046,0.0,0.0,0.0,0.0,0.0,0.0,1.7098518407496237,0.0,0.0,0.5983904275186387,0.0,0.2435130367256042,0.5844914380436962,0.0,0.0,0.6321739680391357,0.5100783638325557,0.0,0.3697534469609739,0.0,0.0,0.3785842602858266,0.2515925986342632,0.0,0.984129147764059,0.4676219195098658,0.5851583844478778,0.0,0.0,0.0467017317684009,-0.0129697906837925,0.1090080651490437,0.146557755048678,0.0431582432610415,0.0935043369023606,0.2007838970249726,0.1477852859111446,0.1428670421235098,0.0909321268796014,-0.0085528304074146,0.175591315554365,4.924808464208766,1.0861317734152671,2.511806121605901
W2982,6,1.184968179464292,0.0,0.0,0.0,0.0,0.0,0.0,1.2821602593118493,0.0,0.0,0.4693227520655542,0.0,0.1697259961728027,0.3799373409031475,0.0,0.0,0.4111664502421956,0.3326009744657249,0.0,0.2622910624115658,0.0,0.0,0.2946784843404038,0.1339319939409071,0.0,0.73186823625651,0.2816869323004848,0.394218870735784,0.0,0.0,-0.0177833991776518,0.006639591977308,0.0920758772887027,0.0015718580148474,0.0293027320922142,0.0486414462636458,0.1122883141422748,0.0454614781411021,-0.0029620569857331,0.091753997191396,0.1318524167043997,0.1014929645437161,5.684674026433826,1.2582113679290916,2.1526455239781987
W2999,0,0.2307692307692307,0.0,0.0,0.0,0.0,0.0,0.0,0.2307692307692307,0.2307692307692307,0.2307692307692307,0.2307692307692307,0.2307692307692307,0.0,0.2307692307692307,0.2307692307692307,0.2307692307692307,0.2307692307692307,0.0,0.0,0.0,0.2307692307692307,0.0,0.2307692307692307,0.0,0.2307692307692307,0.0,0.0,0.0,0.0,0.0,40.0,0.0,0.0,0.0,0.0,0.0,0.0,0.0,0.0,0.0,0.0,0.0,0.0,0.0,0.0
W2999,1,0.4731549215882809,0.0,0.0,0.0,0.0,0.0,0.0,0.447630995687732,0.5030852650525842,0.3556651968937028,0.3465266431425426,0.3232467084790437,0.0,0.4003756964413539,0.3830983593687462,0.2960195965824445,0.3614524658380212,0.0,0.0,0.0,0.3736156213714798,0.0,0.3340819676789618,0.0,0.4135373973579998,0.0,0.0,0.0,0.0,0.0,32.15767604572629,0.5199400754119378,0.1536956172539488,0.819246576567241,1.0651043881635085,0.2885196488952751,0.8879201405988979,0.407452790564721,0.3164008571850907,0.36710970896076,0.2030685369645813,0.0761012107881648,0.6262137479639712,0.4052820573618273,0.3907863302628287
W2999,2,1.5414535672550491,0.0,0.0,0.0,0.0,0.0,0.0,0.9525171264167448,1.1404175308155409,0.962196325759109,0.5608424765461847,0.4882431518196158,0.0,0.664282100294406,0.6862560676169283,0.4557175989993667,0.6641970089481493,0.0,0.0,0.0,0.703604337239317,0.0,0.6428419473355566,0.0,0.5558450247616177,0.0,0.0,0.0,0.0,0.0,10.60415335047794,1.200663417335838,0.5586234792529163,1.5175051505109107,1.7724962429202933,0.591467512648957,1.9494302220098905,1.3462843151970485,0.7395393729056893,0.8321491548268731,0.2751160999212785,0.3155514531390202,2.211188167629709,1.0502979959633305,1.275484270443922
W2999,3,2.378251674617934,0.0,0.0,0.0,0.0,0.0,0.0,2.3736314051238225,2.5539706451722206,1.4760928668353588,0.8726579527952405,0.505406282379769,0.0,0.8274194424510215,0.7201936635198777,0.3507526568889004,0.9837239829569856,0.0,0.0,0.0,1.0437242359071162,0.0,0.672767098022278,0.0,0.692722494836354,0.0,0.0,0.0,0.0,0.0,0.14232622258293,0.4624110212125927,0.5606063840473882,0.80817230515008,0.226628332236895,0.385863689035143,0.9114412686809396,0.9162213492161,0.5780093993384822,0.81123790158797,0.3263455095011889,0.5861210490740635,3.655218908582432,1.8721192729024172,2.710727245471669
W2999,4,2.067482467370832,0.0,0.0,0.0,0.0,0.0,0.0,1.668234396550806,1.8530018535545256,1.075057522568185,0.8328775979504467,0.3532130345498606,0.0,0.6842427335176722,0.5612575853244031,0.2504824804361276,0.8792999237029273,0.0,0.0,0.0,0.6872679611844202,0.0,0.4483533431812215,0.0,0.5459360819665943,0.0,0.0,0.0,0.0,0.0,0.0719780800504303,0.1980297247838474,0.213918492285994,0.1558738291957678,0.0320498545729987,0.1050578033571837,0.1808745452177128,0.2041274281988573,0.3511024293578957,0.4475175943889455,0.1384000854153691,0.2668639208665684,3.938085915966119,1.8990120414916625,3.346378246196814
W2999,5,1.2353845449709056,0.0,0.0,0.0,0.0,0.0,0.0,0.980612848392379,1.5430203990947993,0.7396290349788396,0.6120254209768339,0.234875435235012,0.0,0.4101548818611368,0.3659602442464048,0.1909841896762194,0.752140738245107,0.0,0.0,0.0,0.4644833500558968,0.0,0.3017954813380104,0.0,0.4343635404636062,0.0,0.0,0.0,0.0,0.0,0.0155903258526066,0.0422470769773741,0.0647348669083989,0.0197313370516871,0.0429072774339628,-0.0184855007874083,0.0571628548856732,0.0443162719108791,0.1779972319927649,0.1622855468003647,0.0826370686007251,0.1625657402095271,4.509155895435411,1.5516841027099275,3.163874825978711
W2999,6,0.8019001474468463,0.0,0.0,0.0,0.0,0.0,0.0,0.7918574901228979,1.0769421260596168,0.4387052936113804,0.5442049321419935,0.129086002555056,0.0,0.3378132513438474,0.3021065707205579,0.1058131857706127,0.4768159168231208,0.0,0.0,0.0,0.2748600940779163,0.0,0.1998901544009394,0.0,0.2447607651760076,0.0,0.0,0.0,0.0,0.0,0.0318745969175344,0.0170256442254278,0.0504756270544045,0.0099088418951606,-0.0593299139612947,-0.0073131549017689,-0.0153598779061665,0.0946225379842036,0.2200240930008539,0.2098530419371905,-0.0018877843045938,0.0012987229544508,4.060842459188148,1.6046153186152206,3.0211478896642574
W3042,0,0.1875,0.0,0.0,0.0,0.0,0.0,0.1875,0.1875,0.1875,0.0,0.0,0.1875,0.1875,0.0,0.1875,0.0,0.1875,0.1875,0.0,0.1875,0.1875,0.1875,0.0,0.1875,0.0,0.0,0.0,0.1875,0.1875,0.1875,40.0,0.0,0.0,0.0,0.0,0.0,0.0,0.0,0.0,0.0,0.0,0.0,0.0,0.0,0.0
W3042,1,0.3989950351281121,0.0,0.0,0.0,0.0,0.0,0.3628493042223658,0.3510220222148738,0.3197436927260778,0.0,0.0,0.2634656621699645,0.2263022617435911,0.0,0.2794975925863526,0.0,0.342147974738177,0.3178158830798033,0.0,0.2462609475773199,0.315177151642288,0.3071306032511944,0.0,0.2318800260528227,0.0,0.0,0.0,0.3067651647889092,0.2578048944084833,0.2770515899076202,21.74674000293983,0.6987128609973555,0.735267341566221,0.964617127228193,0.9847377356958316,0.3746476122046413,0.7225736748526194,0.5684259356263336,0.2153985730284421,0.3298660946285641,0.0956247257804459,0.0876389788197014,0.2638282343716496,0.1077434735123776,0.5332982569488999
W3042,2,1.005885544930102,0.0,0.0,0.0,0.0,0.0,1.211440353337805,0.8938348453193412,1.0389912096231493,0.0,0.0,0.4327682317134041,0.3748801189749395,0.0,0.4670384990107584,0.0,0.6298074083337344,0.6721733888523056,0.0,0.3818470286686648,0.5841557770817403,0.7690531417342945,0.0,0.3850807596306946,0.0,0.0,0.0,0.5164898495846173,0.5964591410356782,0.5080690825873302,10.62864287144232,1.4185441095160916,1.324791905033999,1.285079649984628,1.6735256004179877,0.7676889455935613,1.6027879268097491,1.3164152883253075,0.5027138713796423,0.8407232837359278,0.3700244972233423,0.2609325037207498,1.1256084496673315,0.5726195945720077,1.7108517280181796
W3042,3,2.144495836196073,0.0,0.0,0.0,0.0,0.0,2.2702447104792616,1.7565488915808791,2.2534296311637383,0.0,0.0,0.3563144630359071,0.4606940743210399,0.0,0.5170868039637888,0.0,0.6987362426721933,0.7082060151477163,0.0,0.4438722908299719,0.7875210251163961,1.2553915398264088,0.0,0.38848390391867,0.0,0.0,0.0,0.8482780016455221,0.7188590096409498,0.694181032303565,0.0502383788537067,0.6254987110309269,0.5551676022543591,0.4745668796348429,0.4518326463191913,0.2468148746471114,0.8387259780943767,0.5726594790648345,0.5640249471036577,1.0487485676677617,0.4076176350309353,0.3408244419417864,2.3220292447399045,1.0594000707600002,3.896740261644848
W3042,4,1.4545499726844984,0.0,0.0,0.0,0.0,0.0,2.005834565267833,1.2881717631411238,1.647662750548004,0.0,0.0,0.2905902330541854,0.4471304116085618,0.0,0.4305227764294849,0.0,0.6657236310339277,0.4810780286869666,0.0,0.3338201269393561,0.5994208376576792,1.0322450492014554,0.0,0.2844843110714216,0.0,0.0,0.0,0.7077288226238759,0.5720113759379801,0.5631679494987687,0.0091303037234374,0.1341400472886671,0.0974571028886435,0.0339407592808204,0.0610343774880739,0.0499987764035488,0.1257609720510758,0.1741686830088157,0.3606332014403676,0.4730106635795197,0.1321999980875315,0.1161331658333642,3.3611755580875053,1.5710188606710922,4.189187016047155
W3042,5,1.0731355068735324,0.0,0.0,0.0,0.0,0.0,1.2085583682784966,0.9738490554245568,1.0954958502576426,0.0,0.0,0.1843943518016191,0.2979920575590976,0.0,0.2216937612578527,0.0,0.5189691409986368,0.2879789394155996,0.0,0.2395933204563148,0.4141586994174084,0.6135786679692776,0.0,0.1733658548225173,0.0,0.0,0.0,0.4028903419129816,0.326138882577047,0.3090221818550433,0.0317763432121477,0.0013040006216097,-0.0257915894952411,-0.0474287534804614,0.0321529939998465,0.0436514065445706,0.0048352295664039,-0.0204346057544325,0.2594403262241752,0.2687228329712962,0.1028814228978751,0.1000657753649183,3.0402115875473035,1.506521655857423,3.643247708226381
W3042,6,0.5898271866870827,0.0,0.0,0.0,0.0,0.0,0.8159174344648756,0.5643857929035181,0.6792988013423404,0.0,0.0,0.1298845182757963,0.1883665133549644,0.0,0.1738302060940462,0.0,0.3040317612697434,0.2087600802295361,0.0,0.1770009824244721,0.2396690712773692,0.3863400145939778,0.0,0.1062652628283433,0.0,0.0,0.0,0.3175004661332451,0.1592212323397915,0.1850799131539306,-0.0874708839786221,-0.0337248133328673,-0.0008144943690234,-0.014703838280528,0.1090721149702374,-0.000724580324505,0.0738901622254904,0.0080799543434072,0.0683770228939778,0.1756839932856176,0.0516790653026333,0.0809753417949488,3.8659388170206057,1.2054785829462973,3.595982700050944
W3072,0,0.1764705882352941,0.0,0.0,0.0,0.0,0.1764705882352941,0.0,0.0,0.1764705882352941,0.1764705882352941,0.1764705882352941,0.1764705882352941,0.1764705882352941,0.1764705882352941,0.1764705882352941,0.0,0.1764705882352941,0.0,0.0,0.1764705882352941,0.1764705882352941,0.0,0.1764705882352941,0.1764705882352941,0.0,0.1764705882352941,0.1764705882352941,0.1764705882352941,0.0,0.0,40.0,0.0,0.0,0.0,0.0,0.0,0.0,0.0,0.0,0.0,0.0,0.0,0.0,0.0,0.0
W3072,1,0.3672077002119611,0.0,0.0,0.0,0.0,0.2839616245804294,0.0,0.0,0.3603974374167565,0.2540748812452319,0.236321691944771,0.2656901211406504,0.2442052466053365,0.2130692197269681,0.2643273043669083,0.0,0.2152707123786087,0.0,0.0,0.215472737823044,0.2569953960093192,0.0,0.2856636670241159,0.2447295747439953,0.0,0.2401404984495967,0.2579188403312933,0.2408477276777672,0.0,0.0,27.18130913411245,0.5157684387582532,0.6619826541233589,0.7329115957216845,0.9526328151945858,0.3430032673959845,0.6862851734759255,0.5293052670400928,0.2635576951591504,0.2041440280659248,0.1337599345144193,0.1326345863185471,0.4336593978792681,0.1361363381365165,0.464756553360045
W3072,2,1.0155501399343236,0.0,0.0,0.0,0.0,0.946444097540466,0.0,0.0,0.8566776363802441,0.6838392242414431,0.4536832310510991,0.3863520414355158,0.3383558738010632,0.4879051864569527,0.4348481533525528,0.0,0.5384081643643578,0.0,0.0,0.4492212455387737,0.4291200519724301,0.0,0.4530754414420617,0.3242646660087059,0.0,0.4735927079161726,0.4586950734256649,0.4850125446578797,0.0,0.0,12.202013116548605,0.9927846656858224,1.57100768679493,1.5051663498102728,1.8591260623613977,0.691611434423749,1.9922486503818209,1.532069477092328,0.5266821338465982,0.7265853762373633,0.2151970299595946,0.2117990508482902,1.5113578152660925,0.6280338055712206,1.296393615309961
W3072,3,1.959429540729653,0.0,0.0,0.0,0.0,2.4190076119800192,0.0,0.0,2.18701766616268,1.1410279700576724,0.6514744159114244,0.3773408103506767,0.4142795190958679,0.701758651483242,0.4640694660095372,0.0,0.8915113542072809,0.0,0.0,0.520549327486988,0.8469751189669581,0.0,0.7016278286314405,0.3417254735328472,0.0,0.8872425830456642,0.6053799916098996,0.7267071587263912,0.0,0.0,-0.0101036773557973,0.6099184906771873,1.1527290284830989,0.6492323659062696,0.7071890818621089,0.1270184560863767,1.0017234351093454,1.039386243159205,0.6098305521706406,0.9037005821049228,0.2794058703493955,0.316036459372815,3.886485055977985,1.667158578349101,2.8081029025773083
W3072,4,1.4210393711545397,0.0,0.0,0.0,0.0,1.813274047675124,0.0,0.0,1.9446911613044944,0.7528858184389771,0.6158917009268091,0.2312463844642143,0.3307119286411023,0.592401269033249,0.3044432655906447,0.0,0.7457665997220888,0.0,0.0,0.3873635866330656,0.4783099845270933,0.0,0.4662903315918353,0.276427114386833,0.0,0.8458416207067346,0.4230105420121877,0.6341982031694148,0.0,0.0,-0.0242200695392928,0.0322681333609735,0.2468098650931356,0.092739773946664,0.0696393161835553,0.017255006870956,0.1553236281362468,0.2239642531541665,0.2924199002874035,0.4052316364056001,0.0601538328817644,0.2068589627465172,4.86101418833523,1.7196765922566422,2.715741010374251
W3072,5,1.099396188225215,0.0,0.0,0.0,0.0,1.0599142192859017,0.0,0.0,1.0802483199670858,0.4779067874281861,0.4572945743228283,0.155713910362705,0.2246071242445997,0.4121601999488124,0.2482386694254229,0.0,0.4860896417419095,0.0,0.0,0.2447795965488487,0.3875717223863019,0.0,0.2827307840136418,0.16257192102652,0.0,0.8361811205761154,0.3307781882322111,0.4528056011784045,0.0,0.0,0.0635414783816333,0.0500594538344039,0.1121105423869258,0.0452211921559978,0.0179355055944499,0.0909497873341382,0.0254340818132761,0.0994608833172857,0.2579080857241451,0.0878856662383219,0.1577062003366403,0.0048599534576816,4.939341292602718,1.7248184106217637,2.124974887514978
W3072,6,0.6871937726551407,0.0,0.0,0.0,0.0,0.7778851650562035,0.0,0.0,0.5799865351080047,0.4285484257040819,0.3996678445951548,0.0951884348125129,0.1746186752456104,0.2606237776543551,0.1887248253751394,0.0,0.2541613580015442,0.0,0.0,0.1452297187952909,0.2140860097126386,0.0,0.2278567600066415,0.1138697401828005,0.0,0.6051695264501458,0.1569941367145412,0.2490149094760096,0.0,0.0,0.0062174876541666,0.0048254028256701,0.0517715366402936,-0.0220170200973456,0.0563561797203121,0.0369895618672704,0.1238045446241463,0.0026691579955934,0.0727200799531261,0.0121685415170498,0.0754822843438089,0.0698620595366948,5.518924199633279,1.616790558285314,2.50660322731509
W3088,0,0.2142857142857142,0.0,0.0,0.0,0.0,0.2142857142857142,0.0,0.2142857142857142,0.0,0.2142857142857142,0.2142857142857142,0.2142857142857142,0.2142857142857142,0.0,0.0,0.2142857142857142,0.2142857142857142,0.0,0.0,0.2142857142857142,0.0,0.0,0.0,0.2142857142857142,0.0,0.2142857142857142,0.2142857142857142,0.2142857142857142,0.0,0.0,40.0,0.0,0.0,0.0,0.0,0.0,0.0,0.0,0.0,0.0,0.0,0.0,0.0,0.0,0.0
W3088,1,0.3783177267249069,0.0,0.0,0.0,0.0,0.4367918934961426,0.0,0.3969653421429014,0.0,0.3544805500287009,0.3078912524420152,0.2914464488423118,0.3003370920423673,0.0,0.0,0.2282125605243385,0.3980848332711661,0.0,0.0,0.2829358918089439,0.0,0.0,0.0,0.3065172163036446,0.0,0.4309167244943866,0.2895981525247984,0.2921543041826311,0.0,0.0,25.142839627565408,0.4472509148468499,0.7872862822050533,0.7769953937527083,0.9059782584995726,0.2029480657602431,0.3843677551913088,0.6156774505968344,0.1393066046473034,0.3576280713502349,0.1675656856921462,0.1142796090701288,0.5529335296674797,0.2057975523868241,0.3217138799884827
W3088,2,1.1697860982635615,0.0,0.0,0.0,0.0,0.942975454099429,0.0,1.1157644796427242,0.0,0.6652102150145655,0.5180346964631555,0.5785880694923313,0.4523156935055227,0.0,0.0,0.3010388707142511,0.7784061981550098,0.0,0.0,0.3888224121481528,0.0,0.0,0.0,0.4364755883735736,0.0,0.627371419949539,0.5523882675955369,0.6616256676631949,0.0,0.0,13.024747785996988,0.8528302588170922,1.710887088108851,1.5730255368768378,2.2229977666665928,0.695299617587933,0.864944609484181,1.437287711619394,0.3719095226357456,0.7648379089793319,0.1913038937606013,0.1607747762106419,2.020052195615724,0.4395255477382521,1.089923050457826
W3088,3,2.356431059661364,0.0,0.0,0.0,0.0,2.9709031727158117,0.0,2.004139234926569,0.0,1.1917370038967865,0.8985565062535811,0.5533899613222414,0.5574826718242545,0.0,0.0,0.3098355271184688,1.059555767221188,0.0,0.0,0.609878377486358,0.0,0.0,0.0,0.5446033868164438,0.0,1.441910578277969,0.9439876211037485,0.9446171964057212,0.0,0.0,0.1397041830820023,0.3353298784891209,1.2261278559736728,0.7097596487152819,1.0565420406171655,0.3867134107549315,0.7979176562105064,0.9788466469014346,0.8480960308731023,1.0764545398429404,0.287058941093881,0.3700896338659821,4.142005102790392,1.2027654078070666,2.839696633334399
W3088,4,1.7766230126867353,0.0,0.0,0.0,0.0,2.141428424945552,0.0,1.8785006802524944,0.0,0.951856519225236,0.950553068439586,0.2584557905103483,0.4364525131875081,0.0,0.0,0.1806575135766286,0.6542854138791904,0.0,0.0,0.5949226806297804,0.0,0.0,0.0,0.296274090737907,0.0,0.9433386040552912,0.5952431735800429,0.7622136657863654,0.0,0.0,0.090697543527558,0.1484571635304418,0.1800957353504689,0.1392297998507514,0.1019310631805867,0.0855547130836439,0.2255885535818786,0.1291011835373645,0.5156960237472517,0.3743367269110526,0.1855590301499941,0.1339594028621646,3.904666222529913,1.2100603337080025,2.583559450865696
W3088,5,1.202362891442782,0.0,0.0,0.0,0.0,1.481043700823799,0.0,1.18329509268246,0.0,0.6061891195327086,0.4935017560987335,0.1983690762597088,0.3227540306289899,0.0,0.0,0.1522658050437768,0.5852465483281334,0.0,0.0,0.3952895740966006,0.0,0.0,0.0,0.2322640572076491,0.0,0.8686538406959431,0.3914125406348807,0.5743647966405818,0.0,0.0,-0.0083541273954046,0.0695527468334578,0.0953647156331414,-0.0008363412371678,-0.0280171898306136,0.0518408420140224,0.1542000849120931,0.0011275229583766,0.2519368791093549,0.203147550979675,0.0360094268782905,-0.0147500752711478,5.926459166713375,0.8648106115902523,2.282843191911424
W3088,6,0.7887520440096413,0.0,0.0,0.0,0.0,0.6942673754542568,0.0,0.8857966124112407,0.0,0.3930698078057973,0.5337477312505096,0.1537204226677776,0.2026648849029101,0.0,0.0,0.0959709902503669,0.448778729895978,0.0,0.0,0.2557540810503189,0.0,0.0,0.0,0.1485619027667775,0.0,0.5866168585300097,0.2828522378312073,0.3901853052945029,0.0,0.0,0.0570281297565545,0.0271107811441512,0.0584623366389687,0.0147249267530239,-0.0209490191521189,0.1137389337316502,0.0496499807367955,0.0629831671784249,0.2965658703718431,0.1248378181407521,-0.0007879997017289,0.0168573480791589,5.308508273319424,1.2241272919076838,2.763492517478824
W3091,0,0.2727272727272727,0.0,0.0,0.0,0.0,0.2727272727272727,0.0,0.2727272727272727,0.2727272727272727,0.0,0.0,0.0,0.0,0.0,0.0,0.2727272727272727,0.2727272727272727,0.2727272727272727,0.0,0.2727272727272727,0.2727272727272727,0.0,0.2727272727272727,0.0,0.0,0.0,0.0,0.2727272727272727,0.0,0.0,40.0,0.0,0.0,0.0,0.0,0.0,0.0,0.0,0.0,0.0,0.0,0.0,0.0,0.0,0.0
W3091,1,0.4288645422193458,0.0,0.0,0.0,0.0,0.5341221741543706,0.0,0.4299813771573422,0.486261007839595,0.0,0.0,0.0,0.0,0.0,0.0,0.2877721867670285,0.3854867119426923,0.548054552542144,0.0,0.3468319659899574,0.3697776738226521,0.0,0.455033082095031,0.0,0.0,0.0,0.0,0.4344130403778253,0.0,0.0,36.33758600021777,0.4970977420284951,1.1018579779704938,0.4908007905126894,0.8322371371259057,0.3531078128683423,0.8198444415542877,0.4774684393091534,0.4288362261653161,0.2472865074029004,0.2069324496418969,0.1594692851136986,0.4008030481962559,0.2066273724784968,0.5078268974133925
W3091,2,1.4080582466961693,0.0,0.0,0.0,0.0,1.0704541439440365,0.0,1.145447095097928,1.5365181860643478,0.0,0.0,0.0,0.0,0.0,0.0,0.4205511691614171,0.7383308006245323,0.8650214783769501,0.0,0.7326928658748662,0.8318075884497207,0.0,0.7201668589441927,0.0,0.0,0.0,0.0,0.8989277253631541,0.0,0.0,13.695855378175356,0.8595450465641191,1.6743441795234415,0.9171538276290844,1.212382404103691,0.5881267847076046,1.7148765796039271,1.1180782961972069,0.869296346090749,1.046574001798097,0.4365037141551947,0.2858671575593804,1.444371427014452,0.7740887366591723,1.5288622184455831
W3091,3,2.3110787681076213,0.0,0.0,0.0,0.0,2.768112889802171,0.0,2.439648518666493,2.925627595209055,0.0,0.0,0.0,0.0,0.0,0.0,0.3728549156866597,1.2840398309733827,0.8643931017578479,0.0,0.8653871349536303,1.2265966773253192,0.0,0.8510225414265912,0.0,0.0,0.0,0.0,1.057006714148785,0.0,0.0,0.0842961603942242,0.5076503625135946,0.6212756866401414,0.3418473030048594,0.3348122449808819,0.1654283557715417,0.8134012446839,0.4282835808315507,0.8444174141131338,1.3377403208742171,0.2993038740608483,0.5987518328788649,3.5579564811079782,1.4407496397203712,2.9877833438283106
W3091,4,1.2320013073941103,0.0,0.0,0.0,0.0,1.8748379800645645,0.0,1.8198226661432853,1.848315867068385,0.0,0.0,0.0,0.0,0.0,0.0,0.3268125929744384,1.303826568718469,0.7620915682008936,0.0,0.553651762460545,0.7235667452577026,0.0,0.6142489216239421,0.0,0.0,0.0,0.0,0.812940566194827,0.0,0.0,0.031071406225627,0.1257284192363481,0.144479021356065,0.0797692117104866,0.1149030888781655,0.0750339352078128,0.1305546453262322,0.0765521490060825,0.5806469149472809,0.8752287016650221,0.1991981333716661,0.1775628628506316,3.8708758692656233,1.4173631045146318,3.8807558798212263
W3091,5,1.1118361625593338,0.0,0.0,0.0,0.0,1.1542921253375615,0.0,1.1436681417162324,1.173666103150354,0.0,0.0,0.0,0.0,0.0,0.0,0.2159683239258209,0.9353629596254244,0.6635775031082124,0.0,0.4757318780434665,0.4845969358324644,0.0,0.389376210504762,0.0,0.0,0.0,0.0,0.6905991156044281,0.0,0.0,-0.0203302868699334,0.0003771589407943,0.0138210820989827,0.0155553150619599,-0.0038833366028013,-0.0014915806127446,0.0873824077424721,0.0070175560482517,0.1899052255464104,0.679760740262148,0.1336078554760714,0.2188106136181983,4.573402681514345,1.481212030378508,3.0271527373927825
W3091,6,0.6171874823873844,0.0,0.0,0.0,0.0,0.6834852832109884,0.0,0.7174887851053265,0.6299379639227498,0.0,0.0,0.0,0.0,0.0,0.0,0.1465231642404245,0.5160838768286631,0.3186717491120175,0.0,0.2895932189724483,0.3653671385288703,0.0,0.1802823445239516,0.0,0.0,0.0,0.0,0.4178444835620568,0.0,0.0,0.0245324437096834,-0.0286903412841259,-0.0236836197491789,-0.000430601481382,0.0155213466661515,0.0493262501764575,-0.0090954292015407,0.0482919156310802,0.1414043697600405,0.4784949408628554,0.0778790269282897,0.135342611468001,4.192958339651415,1.5878044559500708,3.304884711650788
W3143,0,0.25,0.0,0.0,0.0,0.0,0.25,0.25,0.25,0.25,0.0,0.25,0.0,0.0,0.25,0.0,0.0,0.0,0.0,0.25,0.25,0.0,0.25,0.0,0.0,0.25,0.0,0.25,0.0,0.0,0.0,40.0,0.0,0.0,0.0,0.0,0.0,0.0,0.0,0.0,0.0,0.0,0.0,0.0,0.0,0.0
W3143,1,0.4519234623564709,0.0,0.0,0.0,0.0,0.4750677472716662,0.3560268113690155,0.4811926876983985,0.435536744866574,0.0,0.3952427472351822,0.0,0.0,0.3753335721875859,0.0,0.0,0.0,0.0,0.3828139479773327,0.3846173249300794,0.0,0.3823588707185538,0.0,0.0,0.4265687333611101,0.0,0.3117193747451728,0.0,0.0,0.0,31.177764653801383,0.3980315687611868,0.4518250729484718,0.34267557157501,1.0471899234265,0.149777087889696,0.6979250535390684,1.0583234905869725,0.1148035685422023,0.1280772263591473,0.1261034960766545,0.1163879572788268,0.7133304055433125,0.3130141858008424,0.5177966898290621
W3143,2,0.9293624035269124,0.0,0.0,0.0,0.0,1.1735126408593264,1.4555711591379568,0.957536693625375,1.3261508038921002,0.0,0.6153916587332222,0.0,0.0,0.6179385090771528,0.0,0.0,0.0,0.0,0.5990212621512246,0.547512686437383,0.0,0.96872810226104,0.0,0.0,0.636053228303754,0.0,0.7129035934405092,0.0,0.0,0.0,12.243968863117844,0.8652475899011212,0.7314678523229169,0.850023918678557,1.4381863911106647,0.5126110897923073,1.4810915954190969,1.898925849287624,0.6360067988004965,0.357905525658464,0.3977055329698625,0.4659424832980776,1.4520601084902929,1.2151444410218175,1.8912849864718475
W3143,3,1.7238445496202457,0.0,0.0,0.0,0.0,2.182958619713556,1.940842985821892,1.800315228239631,2.3852073291971534,0.0,0.725887502100972,0.0,0.0,0.7852553009960396,0.0,0.0,0.0,0.0,0.7068374083875936,0.6180734775895285,0.0,1.2851903065712618,0.0,0.0,0.7414060473975846,0.0,0.8275797389775931,0.0,0.0,0.0,0.0812282520613434,0.1676212083979401,0.2551349591921347,0.2636268522451436,0.3254335799690064,0.1754297369413158,0.5095001640202645,0.44818205844172,1.026265420134978,0.5400354572596305,0.4283256752229314,0.8829281532610236,3.1744453066978404,2.169922943197133,3.887745992790541
W3143,4,1.311483966715138,0.0,0.0,0.0,0.0,1.2380101546480784,1.5261349538726992,1.6998566004587288,1.6622230647927447,0.0,0.8121814823336622,0.0,0.0,0.7951577324433368,0.0,0.0,0.0,0.0,0.3672789364970632,0.4095732453492796,0.0,1.054513901598366,0.0,0.0,0.5628935651253064,0.0,0.6169587606345533,0.0,0.0,0.0,0.1288105786800674,0.0203238919177762,0.0263782489913768,-0.0060914264232271,0.0396355266159711,0.1262265688837204,0.0709959837273543,0.0897675857061612,0.6112388984835293,0.2508440789658722,0.1589198516868736,0.3787122518359993,3.445302191317156,2.0515003074269247,3.387400248652421
W3143,5,0.6572802137005394,0.0,0.0,0.0,0.0,0.9099447633023752,0.8284018583674697,1.0727179263564668,1.08045719073727,0.0,0.6438120113890804,0.0,0.0,0.4671800404269808,0.0,0.0,0.0,0.0,0.3076984973319271,0.3095152588122414,0.0,0.546037251206412,0.0,0.0,0.4010533145069619,0.0,0.3985235618518211,0.0,0.0,0.0,-0.0488533613664677,0.0091514109315601,-0.0191209802058542,0.0251903610708455,0.0018672744518277,0.0349502987677315,0.0134382149741402,0.0190185703779786,0.3705351848713368,0.0874609358742238,0.172600049740741,0.2509466075845235,3.867922347904641,2.416524142961938,3.7126626957654696
W3143,6,0.4881421120760729,0.0,0.0,0.0,0.0,0.4179647979321877,0.5913840776284973,0.7378863623766364,0.6478552689270881,0.0,0.5328600478963142,0.0,0.0,0.3302832829105138,0.0,0.0,0.0,0.0,0.1614741158451559,0.2020595291774472,0.0,0.4018595600927978,0.0,0.0,0.2081222116376074,0.0,0.2642596437370908,0.0,0.0,0.0,-0.0101449419957128,0.0154499099498588,0.0756989199676323,0.0641332054648019,-0.1058801020488878,0.113499445936596,0.060070090780587,-0.0063607329561586,0.2807681868006623,0.0343967626426113,0.1076644732622986,0.2084672475167002,3.246373546764725,2.536638632602032,4.44842756370242
W3198,0,0.3,0.0,0.0,0.0,0.3,0.0,0.0,0.3,0.3,0.3,0.0,0.0,0.0,0.3,0.0,0.3,0.0,0.3,0.0,0.0,0.0,0.0,0.0,0.0,0.0,0.0,0.3,0.0,0.3,0.0,40.0,0.0,0.0,0.0,0.0,0.0,0.0,0.0,0.0,0.0,0.0,0.0,0.0,0.0,0.0
W3198,1,0.4896381314560766,0.0,0.0,0.0,0.5947990509356922,0.0,0.0,0.5225440348266561,0.4794457486546672,0.4633111421798203,0.0,0.0,0.0,0.4038589537278715,0.0,0.3504284306820419,0.0,0.5062892117120102,0.0,0.0,0.0,0.0,0.0,0.0,0.0,0.0,0.4589923833143452,0.0,0.3444171951509739,0.0,28.95267747683704,0.4831288569354478,0.996775674939017,0.4434027957465061,1.0033065812994018,0.2658003418524613,0.8162321560743299,0.3196361924023378,0.2397388098447173,0.118169453100929,0.195924227327965,0.0276503741110966,0.4647126464772085,0.4269093430400899,0.5269890096483212
W3198,2,1.3348425746045238,0.0,0.0,0.0,1.2970881422711829,0.0,0.0,1.478897229462779,1.463114901494487,1.110288140738357,0.0,0.0,0.0,1.0254360169634555,0.0,0.4791461454517286,0.0,0.7940857656446109,0.0,0.0,0.0,0.0,0.0,0.0,0.0,0.0,0.6817022979183904,0.0,0.6666659892123792,0.0,12.12585005572646,0.8380848177838696,1.3882314870973365,0.9370879885346788,1.636990287522746,0.4572931905843271,1.4234530883516168,0.9243482384150924,0.5549472204773581,0.5179801351833843,0.5115815158787916,0.4621300024246249,1.895937300285203,1.168790922362152,1.4520266129446169
W3198,3,2.5624297487998384,0.0,0.0,0.0,2.3422776092135287,0.0,0.0,2.406831247299288,2.587212522472793,1.6379599434190824,0.0,0.0,0.0,1.1511766491505202,0.0,0.4795624850289712,0.0,1.3543083013999802,0.0,0.0,0.0,0.0,0.0,0.0,0.0,0.0,1.136024233819212,0.0,0.6997600703203324,0.0,0.0539146373369746,0.1998135939621058,0.629740820173095,0.5294158647433213,0.3998270076679711,0.2758799250766225,0.4687199927547261,0.4895414419148419,0.7646464810183018,0.5522114285371985,0.4879128803678014,0.8300696448070036,3.0727684481147706,1.725192069736834,3.533451126717287
W3198,4,1.8327035787720571,0.0,0.0,0.0,1.932632203152026,0.0,0.0,1.6854687010646754,2.100707303044107,1.176928080759111,0.0,0.0,0.0,0.8054878245329213,0.0,0.3854691650655767,0.0,0.8122580105840039,0.0,0.0,0.0,0.0,0.0,0.0,0.0,0.0,0.5778544977745935,0.0,0.5928944578021894,0.0,0.106839986439887,0.0716249264596506,0.0918138936999933,0.0582897725105311,0.0375168193557008,0.1079271046966663,0.0028310369022557,0.0599018074878313,0.3336924332139255,0.2963679567240468,0.1231749694335907,0.5621425369432164,2.477619564769224,2.5416782158884192,4.259514221250934
W3198,5,1.0451043181135804,0.0,0.0,0.0,1.556880885397255,0.0,0.0,1.2090339786154107,1.1533456937244737,0.7355343046361841,0.0,0.0,0.0,0.657353634948664,0.0,0.2606570793415156,0.0,0.5709122597679642,0.0,0.0,0.0,0.0,0.0,0.0,0.0,0.0,0.548420311112645,0.0,0.3905601340868309,0.0,0.0088632540679887,0.0271954776085731,0.0864751190197341,0.0293023993739212,-0.0501322144051044,-0.0277542351042943,0.0139945750147384,0.0424338656119537,0.2505889268987545,0.2613382281215574,0.0650247587961852,0.3963213966024876,2.6252924157849384,2.3560353975220454,4.973261126885436
W3198,6,0.6755953884268798,0.0,0.0,0.0,1.0515174328869987,0.0,0.0,0.8018816807249165,0.6731832946681194,0.4222941806476536,0.0,0.0,0.0,0.4522058050231796,0.0,0.1392130759985999,0.0,0.4015710219361778,0.0,0.0,0.0,0.0,0.0,0.0,0.0,0.0,0.3803925907350666,0.0,0.2428557281892523,0.0,0.0436934919496708,0.0158868814447547,0.0245852012869827,-0.0237102317601149,0.1181015901749407,-0.0112556515098723,0.0765236756849367,0.0708670593329682,0.1445337052771219,0.1900999561581721,0.1484341968678481,0.2930503297333001,2.3248867840838146,2.15313134004509,5.137617202788104
W3216,0,0.2142857142857142,0.0,0.0,0.0,0.2142857142857142,0.0,0.2142857142857142,0.0,0.2142857142857142,0.0,0.0,0.2142857142857142,0.0,0.0,0.2142857142857142,0.2142857142857142,0.0,0.0,0.2142857142857142,0.2142857142857142,0.0,0.2142857142857142,0.2142857142857142,0.0,0.2142857142857142,0.0,0.2142857142857142,0.0,0.0,0.2142857142857142,40.0,0.0,0.0,0.0,0.0,0.0,0.0,0.0,0.0,0.0,0.0,0.0,0.0,0.0,0.0
W3216,1,0.3865042361566592,0.0,0.0,0.0,0.330761492570065,0.0,0.4253324667103425,0.0,0.4081543725183324,0.0,0.0,0.3140386922524256,0.0,0.0,0.3183441549246762,0.2646206902014792,0.0,0.0,0.3587262561881186,0.2672090917016056,0.0,0.3492921858942487,0.3255901671316394,0.0,0.2775343882481574,0.0,0.3085583085191797,0.0,0.0,0.3443517961541444,32.41449653159601,0.4605181324481787,0.5971840229309701,0.587882229668334,0.797441456400895,0.3215179593953962,0.8846253338342529,0.4491246369182311,0.3546334031316482,0.1744558690504978,0.2749388765258916,0.0089962712498487,0.6071980587838851,0.4749810076883407,0.4943275900992883
W3216,2,0.8690821039370417,0.0,0.0,0.0,1.0722744008356142,0.0,0.9826857430450332,0.0,1.1677967077361795,0.0,0.0,0.4335928644264307,0.0,0.0,0.524643684201001,0.354848124188633,0.0,0.0,0.5082909281012277,0.4469416891670626,0.0,0.7365023204904886,0.606822470435621,0.0,0.6729696749336838,0.0,0.5553162846043347,0.0,0.0,0.6052814625617559,12.426262024964457,0.8324202589356112,0.717574047276128,1.2783704413920451,1.3430341711977083,0.5993922416966356,1.6611051171247708,1.4114680744126746,0.8967746659299272,0.3361487892939066,0.502702103248752,0.2523291333007861,1.402360328405211,1.5928559649478031,1.4274690009335858
W3216,3,1.9082726611010552,0.0,0.0,0.0,1.9395432011421656,0.0,2.5692583918644862,0.0,1.6949357246911734,0.0,0.0,0.5262559112121875,0.0,0.0,0.6184781796732449,0.2839656853943937,0.0,0.0,0.6428618945752776,0.5549201517337958,0.0,1.204951127206541,0.5774063753160523,0.0,0.7342363537420764,0.0,0.8690002641016679,0.0,0.0,0.6989325638437331,0.1010284113607296,0.411422077503524,0.2966058115696766,0.5088173945214143,0.6095536251292518,0.3336877217931618,0.6212319424394082,1.1144228496592707,0.8825136594285112,0.7479388535260887,0.5542593712606825,0.3355638201399425,2.8665379114327605,3.0154043899750165,3.2392121868092603
W3216,4,1.202579752639461,0.0,0.0,0.0,1.8497590885905169,0.0,1.9262208345691112,0.0,1.6059620046980738,0.0,0.0,0.3811195260278159,0.0,0.0,0.6127539323679098,0.2551369923569163,0.0,0.0,0.4259567047535091,0.4487308387386163,0.0,0.9310089581709085,0.4032958656007153,0.0,0.5452806785225895,0.0,0.6109866113762619,0.0,0.0,0.4609803824724213,0.1093453963298212,0.0560712324201931,0.1137780420484737,0.0705019006642264,0.1174851227331301,0.1122757457712873,0.08315227564205,0.2529364069631298,0.372156523656786,0.6076293127102879,0.4291643296517679,0.175999288580794,2.491165460082841,4.002043684727739,4.202309363352712
W3216,5,0.8637017364519722,0.0,0.0,0.0,1.2202527632360134,0.0,1.2762296667515507,0.0,1.0084851056351662,0.0,0.0,0.308832411901868,0.0,0.0,0.3869538837563211,0.1396396721482751,0.0,0.0,0.3228907084434408,0.2555463312827344,0.0,0.6820869343188503,0.2832210017801883,0.0,0.3770402823060659,0.0,0.3723518797346946,0.0,0.0,0.3360179186312956,-0.0153352980698333,-0.0129442781974156,-0.0194700921991975,0.0206189615583018,0.0394499376645923,-0.0558789206711611,0.075970069145353,0.1116345339851992,0.1814248521558221,0.363053625014698,0.2494472036321383,0.1095874845974524,2.5506888466967026,4.165884954075784,4.398553754908126
W3216,6,0.4731516820078386,0.0,0.0,0.0,0.7802626310275065,0.0,0.7064249737719428,0.0,0.698023092795443,0.0,0.0,0.1875420641721739,0.0,0.0,0.2586863632690242,0.105399330556913,0.0,0.0,0.2255994307337192,0.2026973565194944,0.0,0.4170711738075379,0.1305304005025585,0.0,0.1949809660702062,0.0,0.2833755516476653,0.0,0.0,0.2554873474399289,-0.0454754195092622,0.0058662905988941,0.0319749601629032,-0.0204722551485374,0.0476458067887152,-0.076654320579247,0.014144854885525,0.0026813091691158,0.2293381267753641,0.2914782169178744,0.1572832044700879,0.0749198473301745,1.855540918389765,4.101009069375791,4.276693706795758
W3222,0,0.2142857142857142,0.0,0.0,0.0,0.2142857142857142,0.0,0.2142857142857142,0.0,0.2142857142857142,0.2142857142857142,0.0,0.0,0.0,0.0,0.0,0.2142857142857142,0.0,0.2142857142857142,0.2142857142857142,0.0,0.2142857142857142,0.0,0.2142857142857142,0.2142857142857142,0.0,0.0,0.2142857142857142,0.0,0.2142857142857142,0.2142857142857142,40.0,0.0,0.0,0.0,0.0,0.0,0.0,0.0,0.0,0.0,0.0,0.0,0.0,0.0,0.0
W3222,1,0.3903362041790177,0.0,0.0,0.0,0.4057389236751045,0.0,0.404837373427839,0.0,0.4456782138190091,0.3289528822011295,0.0,0.0,0.0,0.0,0.0,0.2804127765220305,0.0,0.2981523746276049,0.38385616506079,0.0,0.2845637142971749,0.0,0.3578023930445834,0.329351439420516,0.0,0.0,0.2994228008488613,0.0,0.3217628014283142,0.3021264583368814,26.45994909671416,0.5424985521111136,0.8212803902010306,0.4304340937233275,1.1351789568843988,0.4220932626389801,0.8414636025495977,0.397521005289733,0.5196596498297249,0.020345958108357,0.2346681016127089,0.1690595663000904,0.3311923261501578,0.3441444088979451,0.241897720292132
W3222,2,1.1868148808829126,0.0,0.0,0.0,0.8859855028931987,0.0,1.194004312779671,0.0,1.3592658354430338,0.7684641833041419,0.0,0.0,0.0,0.0,0.0,0.3626657498777964,0.0,0.6712981302082796,0.4780542959604914,0.0,0.7475623796498029,0.0,0.5126120346283072,0.5096837222438029,0.0,0.0,0.659188765297109,0.0,0.5256078762258188,0.6238589610448757,14.448917027994776,0.893810431589326,1.1569656992899495,0.9103966383808751,1.6728031637206255,0.569849959129093,1.1554351131782834,1.143332811717959,1.053626227674583,0.3847633366772592,0.6141846699713664,0.4466071475027335,1.450103455730933,1.4305412959821755,1.170697804092148
W3222,3,2.1260455197689083,0.0,0.0,0.0,1.9668991973721115,0.0,2.653431938768525,0.0,2.270264210485594,1.1238417063005954,0.0,0.0,0.0,0.0,0.0,0.3364053508395869,0.0,0.949595807366592,0.6781637594636838,0.0,0.9292620964143112,0.0,0.4932957172430975,0.5385897210172317,0.0,0.0,0.9016078653647652,0.0,0.6608052394089896,0.6738622188648177,-0.0163278087625232,0.3371696703965922,0.3488202862811165,0.3431957756396562,0.7549724823723354,0.2955159399884406,0.4079676115896626,0.6988650770023479,1.1886299033343175,0.3639067963153042,0.5002469189346876,0.8163722045760112,2.6949051541393065,2.88748072003765,2.48711839497814
W3222,4,1.4013867593404803,0.0,0.0,0.0,1.631726016161055,0.0,1.4512061882699805,0.0,1.5643707176989012,0.6471287205734129,0.0,0.0,0.0,0.0,0.0,0.2805017202357331,0.0,0.7726240070277414,0.5053472174139665,0.0,0.8016326013672112,0.0,0.474229064656834,0.4387543871584932,0.0,0.0,0.8036017614306364,0.0,0.4522297375107654,0.5371731664765149,0.0173878016919205,0.0042168985918784,0.1032750876591377,0.0899310656318782,0.0706099082375653,0.0362152708381754,0.0714920566255862,0.1911999502891882,0.9837534367256136,0.2936381378980988,0.3689419029129086,0.570728472769979,2.717342243827021,3.4084725166338044,3.473101461164437
W3222,5,1.0451535070097888,0.0,0.0,0.0,1.1610092028431296,0.0,1.0420221161943537,0.0,0.943243808958508,0.4586308385148422,0.0,0.0,0.0,0.0,0.0,0.1850476191946734,0.0,0.456143708212424,0.3449879688770531,0.0,0.5014840183852942,0.0,0.3336111655647822,0.2775166173297719,0.0,0.0,0.4652857451956562,0.0,0.320263985961139,0.34045594867627,0.0602554890194302,0.0592158360735205,0.0383555619525784,-0.0126718931330703,-0.0011865516772006,0.1221145623307117,0.0067604659340581,0.1123898240845811,0.684023361124558,0.2302771978619811,0.3441984173606445,0.3214844830250035,2.201750069893023,3.0167604850631062,3.839337793154184
W3222,6,0.607624339220997,0.0,0.0,0.0,0.726886160711181,0.0,0.6192042389347358,0.0,0.7293708076113861,0.373406642075132,0.0,0.0,0.0,0.0,0.0,0.1126280048934362,0.0,0.2907932214754453,0.2280415320739262,0.0,0.279140700224188,0.0,0.1762289742468672,0.1725104375297605,0.0,0.0,0.3250497005000876,0.0,0.2075002238723819,0.223431544293664,0.0234975934726778,0.0797241337861535,0.0270311220330636,0.0200477280754556,-0.0194172180110265,-0.0182185980146123,0.0362277307933062,-0.0067356696310442,0.5549604578129863,0.0812631825419542,0.2533557128592647,0.3389845338501001,1.7625453719771356,3.2311518621360698,4.605084641048576
W3238,0,0.1764705882352941,0.0,0.0,0.0,0.1764705882352941,0.0,0.1764705882352941,0.1764705882352941,0.0,0.1764705882352941,0.1764705882352941,0.1764705882352941,0.1764705882352941,0.0,0.1764705882352941,0.1764705882352941,0.1764705882352941,0.0,0.1764705882352941,0.1764705882352941,0.1764705882352941,0.1764705882352941,0.1764705882352941,0.0,0.1764705882352941,0.0,0.0,0.0,0.0,0.0,40.0,0.0,0.0,0.0,0.0,0.0,0.0,0.0,0.0,0.0,0.0,0.0,0.0,0.0,0.0
W3238,1,0.3157819408146151,0.0,0.0,0.0,0.3810656624838228,0.0,0.3574158993043844,0.3095006695820561,0.0,0.2758678140677321,0.2406876837443116,0.224359160286244,0.2198393519394237,0.0,0.2646768584201019,0.2443549544106317,0.2427663253139736,0.0,0.2355458705687468,0.2274028488461686,0.2926723218576885,0.2714620656512125,0.2605613799536544,0.0,0.2117426001022074,0.0,0.0,0.0,0.0,0.0,26.151270680734505,0.4318079259612184,0.3992786853516259,0.8165866466693852,0.928275729965382,0.4219339595451691,0.5649036260398888,0.5271623729938146,0.1975682787891126,0.3081145561455668,0.3092492220671114,0.1206120771689825,0.6286635730354022,0.3786981766955137,0.4171277426178949
W3238,2,0.880698034392212,0.0,0.0,0.0,0.8544737438895058,0.0,0.8242796882519803,0.7069183108238601,0.0,0.5313613285266028,0.5147291449082709,0.3334424142030335,0.3335404555233632,0.0,0.4566329599151019,0.3344078288614205,0.5665455544666166,0.0,0.4313658790530734,0.3878077212555574,0.5315091119235278,0.7173690201802776,0.3666780642388757,0.0,0.4909630324615847,0.0,0.0,0.0,0.0,0.0,13.18547401800093,0.8621756147455922,0.7440650659794704,1.1902241692159057,2.06172117153893,0.9230486753918304,1.000725772742657,1.2108374542805564,0.6943521921775694,0.7463032503653992,0.3634380778002022,0.2755604145867543,1.6288462052623016,1.023560388509078,1.6175105485876693
W3238,3,1.9792901149785505,0.0,0.0,0.0,1.3813664938417245,0.0,1.897877105720293,1.662337247864562,0.0,1.176122815346195,0.5731633667567528,0.4143726529130514,0.440192018216006,0.0,0.6589690875663602,0.2484829193235128,1.082092178771741,0.0,0.5540375480046426,0.3901194613379082,0.8654956647242162,1.172804655647239,0.4852309693668396,0.0,0.667704916201958,0.0,0.0,0.0,0.0,0.0,0.1178779782683119,0.323125289857713,0.4282870823409668,0.6638793044669992,1.1032676238675982,0.3151352805337394,0.7105183865488548,0.8720790772412786,0.7022850567613806,0.8591678208971738,0.4367641684510537,0.4595187194976444,2.864518942636935,2.556376832378156,3.491220199261364
W3238,4,1.4170238182967323,0.0,0.0,0.0,1.578267027412594,0.0,1.4623094658429878,1.2552872350994706,0.0,0.7879251700149186,0.6199100639211653,0.2788448113672926,0.4075332947294792,0.0,0.488068577591127,0.1752476818898407,0.793309881332542,0.0,0.3945347424904383,0.3539763663387235,0.6124988874203794,0.7684118319826059,0.4509215547337895,0.0,0.4468819179355829,0.0,0.0,0.0,0.0,0.0,0.0457595413241385,0.1012179194502483,0.0885825506603101,0.0066485656940784,0.1373211972329254,0.1087663561528098,0.1439114323089102,0.1660266437065497,0.421567518992085,0.3326418185854169,0.1376969984343083,0.1840543483919403,3.027515520507131,2.650930866794685,3.327329830663877
W3238,5,0.9565639620893124,0.0,0.0,0.0,0.9942365974112995,0.0,0.9862152519860242,1.063460437342569,0.0,0.4882451640479269,0.4991098299960514,0.2298892170649923,0.2499882206312951,0.0,0.2789702298434279,0.1445998711313965,0.6234212469896446,0.0,0.2209200190027134,0.2241051791690682,0.4211891626263567,0.4902619909678437,0.2462868807543025,0.0,0.3009839610785499,0.0,0.0,0.0,0.0,0.0,0.0309562127244153,0.0074248856250928,0.0889705156350545,0.006750392237778,0.0451440493467206,0.0804972670879606,-0.0390178692801758,0.0781431996049457,0.2698098052174471,0.2305821229224026,0.0767240020889073,0.1737016214147348,3.1516202548203345,2.6842928859536666,3.82498541467525
W3238,6,0.6321190731151789,0.0,0.0,0.0,0.7678410848016597,0.0,0.555519384245291,0.7320666872706391,0.0,0.2957690175852234,0.4732138403574838,0.1465902974404947,0.2043778788798498,0.0,0.2413482984396479,0.0689060851663484,0.384891110547708,0.0,0.1392150763122512,0.1678221580881029,0.3197980356202187,0.2989425934978691,0.1361231747548535,0.0,0.1905666383888717,0.0,0.0,0.0,0.0,0.0,0.0376393708753861,-0.0701854188626676,0.1064195512681621,-0.0064905260884349,0.0400799950781675,0.0799745960328705,0.0476849193165637,0.0779566788653482,0.2141587440639837,0.1881905414512206,-0.030682413200795,0.0698745389374705,2.135521696617788,2.565050607495931,3.1987184501540527
W3270,0,0.2142857142857142,0.0,0.0,0.0,0.2142857142857142,0.2142857142857142,0.0,0.2142857142857142,0.0,0.2142857142857142,0.0,0.2142857142857142,0.0,0.2142857142857142,0.0,0.0,0.0,0.2142857142857142,0.0,0.2142857142857142,0.2142857142857142,0.2142857142857142,0.2142857142857142,0.2142857142857142,0.0,0.0,0.2142857142857142,0.0,0.0,0.0,40.0,0.0,0.0,0.0,0.0,0.0,0.0,0.0,0.0,0.0,0.0,0.0,0.0,0.0,0.0
W3270,1,0.3673685872448143,0.0,0.0,0.0,0.3790966503203253,0.3986529086373389,0.0,0.3839377445544701,0.0,0.3539661654409475,0.0,0.2684130868776944,0.0,0.3335812768125479,0.0,0.0,0.0,0.3392261507043212,0.0,0.2868773847070219,0.3374178549208972,0.2958802655864572,0.3020800302739871,0.2937604934161407,0.0,0.0,0.3072468883751412,0.0,0.0,0.0,26.36099966450605,0.3563342833527625,0.6648633526251211,0.893918136323282,1.1626336725256186,0.4944356334197697,0.3779451792635238,0.4827590172593274,0.2596178756099083,0.1889584231559192,0.119032863868402,0.0732721640692478,0.3307200991028378,0.2789131390325234,0.7466350679542024
W3270,2,1.1648481849097552,0.0,0.0,0.0,0.8975884161623019,1.0430231979547615,0.0,1.0957577338732236,0.0,0.7736880375069816,0.0,0.461236378082556,0.0,0.5539473155803154,0.0,0.0,0.0,0.6887728148950829,0.0,0.5308106879368132,0.5939027735916113,0.8846411497606459,0.5525861218907403,0.3893134444083831,0.0,0.0,0.5781391198144975,0.0,0.0,0.0,14.685045676303451,0.6723386007430641,1.493784756404687,1.5244013690741745,2.140399619785368,0.7472727694451667,0.7277835868094523,1.0929952852593263,0.543071001222873,0.744697257502177,0.2669007091184923,0.4560073959227654,1.6435234421091809,1.0797440835971568,2.0593983082566014
W3270,3,1.645880401830928,0.0,0.0,0.0,1.8616802201203344,1.7030116801944186,0.0,1.828674939695553,0.0,0.950396128947812,0.0,0.4626158273656235,0.0,0.8657811699846037,0.0,0.0,0.0,0.7278740871471798,0.0,0.5865172574441017,0.9657127301906304,1.3192659397916406,0.780319352808538,0.4527754441240879,0.0,0.0,0.5748397858985015,0.0,0.0,0.0,0.0426723698758453,0.2001746038854911,0.5969516943106405,0.6518312292238662,0.6085325026158377,0.2799385671678752,0.6739977974002559,0.6374060354786284,0.5627359478487994,1.0883759030778355,0.3793538793191811,0.5196901321581969,2.800889755268275,1.907185059071344,4.396336714255956
W3270,4,1.4652945208404653,0.0,0.0,0.0,1.3828040692844892,1.6480597259942098,0.0,1.5430813310832032,0.0,0.8593010189576366,0.0,0.2628458076216277,0.0,0.770003328863911,0.0,0.0,0.0,0.6663963336995272,0.0,0.3909803721772761,0.6353226919541362,0.9883621560982692,0.5728062210596128,0.3012963610493368,0.0,0.0,0.5459632268617631,0.0,0.0,0.0,0.0439656459066117,0.0491682404681511,0.0839929151355564,0.1574194812777998,0.0969419571686466,0.0721944029808326,0.103159825100964,0.1244273068951052,0.3525974584176738,0.5972968995964371,0.262643952964528,0.3799857332710968,2.679911028602068,1.9525444389365547,4.550880593833831
W3270,5,0.8812319673392333,0.0,0.0,0.0,1.0783467636142974,0.9255585424658784,0.0,1.0063210986948874,0.0,0.5320951668440858,0.0,0.2316932932668225,0.0,0.5786279760797455,0.0,0.0,0.0,0.3496258259631711,0.0,0.308913533528203,0.4328859172935786,0.6500091080359975,0.2586713352445164,0.2068521283368268,0.0,0.0,0.4752354258927219,0.0,0.0,0.0,-0.0030113425780618,0.045526417812531,0.0520598961978149,0.0859632027667442,0.0656801668165893,0.0662630298941031,0.0049193957216886,0.0672247974544375,0.1697325311475369,0.5315931980437145,0.1442585939425021,0.2267599688664489,2.436398759806183,1.5829719123953272,5.955323223086636
W3270,6,0.5903687675490676,0.0,0.0,0.0,0.7307672402090909,0.6022440647487116,0.0,0.6450553799815761,0.0,0.3886025570402251,0.0,0.1429888271435021,0.0,0.3992299381438194,0.0,0.0,0.0,0.2380765548012366,0.0,0.2166222473523244,0.2680688890333392,0.3717085789908779,0.2086729879330637,0.1287044039833856,0.0,0.0,0.195379938318006,0.0,0.0,0.0,-0.0598936178161781,0.0494831665622314,0.0742524584319177,0.0751147650873808,0.0376906503341885,0.0107655749865532,-0.0837277466039771,0.0070793653138938,0.187260371414013,0.3636199244857459,0.077068444582378,0.1807979913421652,2.3705778121027667,1.9401186392223817,5.413170962062952
W3271,0,0.1875,0.0,0.0,0.0,0.1875,0.1875,0.0,0.1875,0.0,0.1875,0.1875,0.0,0.1875,0.0,0.0,0.1875,0.1875,0.1875,0.1875,0.0,0.0,0.1875,0.1875,0.0,0.0,0.0,0.1875,0.0,0.1875,0.1875,40.0,0.0,0.0,0.0,0.0,0.0,0.0,0.0,0.0,0.0,0.0,0.0,0.0,0.0,0.0
W3271,1,0.3451501079015751,0.0,0.0,0.0,0.2721020446072534,0.3859605683922484,0.0,0.3085483720802098,0.0,0.3310302626957271,0.3016245082398811,0.0,0.2629173784398815,0.0,0.0,0.2850822979209176,0.3128201538071721,0.2961560255538084,0.2864912657957187,0.0,0.0,0.3668165705057287,0.2509677806755135,0.0,0.0,0.0,0.2629534581531331,0.0,0.299544891327674,0.3084348267470318,28.574720350991395,0.6272166523898868,0.633817700422925,0.4003173432685882,1.2068159109525962,0.264801372292835,0.4708628850183584,0.5928321617512974,0.1944619565302208,0.2918888888914193,0.2096176058816232,0.0616513327385817,0.428035802192694,0.2648906399359366,0.4584731203054752
W3271,2,1.0024905178808965,0.0,0.0,0.0,0.9561078871080496,0.8467903418826043,0.0,1.0284850867433388,0.0,0.55934716807833,0.4900108309533267,0.0,0.3407485994886964,0.0,0.0,0.3991255481847828,0.6666474134172687,0.5397001393474768,0.4515997478167467,0.0,0.0,0.7251071712754523,0.4923124234671829,0.0,0.0,0.0,0.5368659685981177,0.0,0.4530230320846427,0.5020183285505817,11.25796287177399,0.8613379660913247,1.5667546715301084,0.8582136988977273,2.8104125668611024,0.7334953822340841,1.2424744907688878,1.212068175166128,0.9959845634366672,0.5070240303308282,0.5908350882217058,0.2218084891041402,1.2767166790836215,0.7286343165422257,1.7438004917832122
W3271,3,2.171165868298946,0.0,0.0,0.0,1.3071392934529125,1.70586550025828,0.0,1.9268733430555536,0.0,0.7643763480041325,0.6888961301617461,0.0,0.4185835113035845,0.0,0.0,0.2929774196949929,1.016891349804841,0.7066853168569867,0.5618258594363473,0.0,0.0,1.3798198160456692,0.4867016803281623,0.0,0.0,0.0,0.6547958807839581,0.0,0.7292795091512022,0.5698023074674146,0.0140423248251881,0.2536050265705947,0.6890539322955542,0.4562103420656133,0.9759534950790092,0.3900874443932385,0.7639686380721465,0.6196242388363923,0.928560913178381,0.6292990617265992,0.3968263049489272,0.4772334528367987,2.996205953906958,2.100627293568305,3.165596410203176
W3271,4,1.3847043107483703,0.0,0.0,0.0,1.7357727708810975,1.2636389799407808,0.0,1.8046021181184329,0.0,0.7452091438136921,0.7403136830374175,0.0,0.37699765250148,0.0,0.0,0.2136768018533221,0.7954699889540439,0.4879141397623889,0.3865206524434572,0.0,0.0,0.9881908371460338,0.4194095080258543,0.0,0.0,0.0,0.5621791536210081,0.0,0.4015980195753871,0.5492857006364401,0.1009154896806661,-0.0468407991058719,0.1801217857241118,0.1474023693491775,0.1472568900463838,0.0972963567667711,0.1860412149696079,0.1274647963913914,0.587365507268275,0.3242813248841936,0.2619226261504289,0.2319819180886352,2.8045037748992296,1.9682121287066925,3.6371104968010406
W3271,5,0.8594232847791431,0.0,0.0,0.0,0.8435994807355889,0.8745417975344294,0.0,0.9654909017240908,0.0,0.5496926652168996,0.6065294091646362,0.0,0.2825478836703159,0.0,0.0,0.1223477505487106,0.7188619402204759,0.3966468413943303,0.2673753288039366,0.0,0.0,0.6869434670897568,0.2640641140281957,0.0,0.0,0.0,0.4407653569359026,0.0,0.2976155926546993,0.3620330965707687,0.0137986183612515,0.0455334264488773,0.1329620797776642,0.0687258527613434,0.0371571101748049,0.0887946014815572,0.0788356318088169,0.0483267917831325,0.4065864102786988,0.1252700733877922,0.1207249113751771,0.0735112777137422,2.6482961893065093,2.1788096406529056,4.282962272808225
W3271,6,0.4535175287822773,0.0,0.0,0.0,0.9012783945095856,0.5624774799860985,0.0,0.6524172225185182,0.0,0.2932426966047773,0.4735289679591697,0.0,0.2230781517938367,0.0,0.0,0.0790185381540253,0.4343977311123922,0.2154491012546912,0.1467240123964693,0.0,0.0,0.3465519692624378,0.1678784711159209,0.0,0.0,0.0,0.2364983295562067,0.0,0.1818336537286183,0.2001082744131016,-0.0817042629166369,-0.0107403626620586,0.091524029428988,0.0337532908072802,0.000526047088503,0.0171498389917486,0.0342635265298071,0.0869825624837394,0.1136721296799159,0.1182071802766229,-0.007654788604953,0.023802482722531,2.215681928703628,1.7834908903134443,4.1534233084926
W3291,0,0.1764705882352941,0.0,0.0,0.0,0.1764705882352941,0.1764705882352941,0.1764705882352941,0.0,0.0,0.1764705882352941,0.0,0.1764705882352941,0.1764705882352941,0.1764705882352941,0.1764705882352941,0.1764705882352941,0.1764705882352941,0.0,0.0,0.1764705882352941,0.1764705882352941,0.0,0.0,0.0,0.1764705882352941,0.0,0.1764705882352941,0.0,0.1764705882352941,0.1764705882352941,40.0,0.0,0.0,0.0,0.0,0.0,0.0,0.0,0.0,0.0,0.0,0.0,0.0,0.0,0.0
W3291,1,0.3187467788256576,0.0,0.0,0.0,0.2858810418404036,0.2674287738685257,0.2685860126006301,0.0,0.0,0.273531331627823,0.0,0.2407469781078915,0.2266134289269973,0.2520753315417731,0.2465797521702739,0.234442488950014,0.2804558142889948,0.0,0.0,0.2609189016100786,0.2395176429432627,0.0,0.0,0.0,0.2903167992577567,0.0,0.2929526682519291,0.0,0.2409516790378814,0.2890391091631968,30.2147202092814,0.4730498459792525,0.4656767318367613,0.747183012160677,1.02635530575524,0.3738389363805977,0.3046761458487536,0.5789695162573116,0.1640468258159965,0.2998199130652366,0.2242944846332336,0.0438010401468921,0.5012949048238231,0.3562329353252306,0.4807601859536015
W3291,2,0.8230245823600306,0.0,0.0,0.0,0.7736397745902716,0.7671275228914524,1.030882959783332,0.0,0.0,0.5949095572683722,0.0,0.4492646042277729,0.3530352293390941,0.624271480325056,0.354552425580553,0.3319906577852651,0.6535015726411175,0.0,0.0,0.3950957700101985,0.3979777542402948,0.0,0.0,0.0,0.5409150226249975,0.0,0.4251835501196534,0.0,0.5171437230894435,0.4607120037996843,13.051314741029238,0.9596920157903016,1.0595883173411946,1.3072712255435237,1.9475296965992548,0.8766223415329593,0.8914225255753339,1.31949198536636,0.4747738228358505,0.7023702004130047,0.3787601523415042,0.1470704717453547,1.8069299581043743,1.2945307404764113,1.7465695739523412
W3291,3,1.535819470460478,0.0,0.0,0.0,1.6174436901153717,1.454420464005751,1.9707931558039624,0.0,0.0,0.9588238199252452,0.0,0.4303267904122433,0.5184977133747473,0.815471846134131,0.4470375052262982,0.2784585772877384,0.9383966259988696,0.0,0.0,0.3955693452612186,0.6944412431572402,0.0,0.0,0.0,0.7936389984966541,0.0,0.5646799820523748,0.0,0.7256674224188528,0.679288843340405,0.0534403923531941,0.260500291927654,0.5736624884109998,0.398877093704965,0.9868947222464688,0.4009945050226973,0.7541312727772858,1.2238748120289378,0.3362116170031489,0.8126190998234244,0.5540650945292405,0.2842925257183443,4.388153969709476,2.3947187990619043,2.917771203504722
W3291,4,1.3476986154221473,0.0,0.0,0.0,1.4420952513145997,1.2640195778142047,1.3353901032336968,0.0,0.0,0.884126043593124,0.0,0.3296757225172137,0.3463316247590651,0.6329279469597057,0.4518667172635305,0.1993637219808634,0.6262131731821071,0.0,0.0,0.4211744055907386,0.5762323535765721,0.0,0.0,0.0,0.5337130653905114,0.0,0.453215236516073,0.0,0.4915525073714167,0.4698563211359423,0.0050582826593436,0.0268781438018102,0.1017821352148706,0.0337573535964477,0.1343729114447903,0.106965018571655,0.1531154474786062,0.1627224636254871,0.1615631310913429,0.4147437921910431,0.2123911229653021,0.0774307886071324,4.125178342605347,2.426291038096133,3.544742605892006
W3291,5,0.7567244862778314,0.0,0.0,0.0,1.147221608409775,0.8713247922966054,1.0454384430985395,0.0,0.0,0.5090848698880718,0.0,0.1393384108606752,0.3145005867904764,0.4005701134947143,0.2544236888050179,0.1198500235336053,0.525454023739614,0.0,0.0,0.2268774148368644,0.4110273638858127,0.0,0.0,0.0,0.3083942589810061,0.0,0.2958842118994245,0.0,0.3032083563038894,0.345966133867311,-0.0072195018850662,-0.0181598175534657,0.1392109572217814,0.0042435005099171,0.0782577194616273,0.0477700909103291,-0.0069769524414298,0.0294545504202395,0.0996863297370094,0.1826583935204847,0.1161803089545893,-0.0188838619845911,4.121290549907416,3.050861198423537,3.852495159507229
W3291,6,0.5860756622605615,0.0,0.0,0.0,0.8092966179437419,0.5365647180727696,0.7407432603503509,0.0,0.0,0.3092986229687079,0.0,0.121412198784827,0.2650949720871473,0.2729234520726006,0.1766117301801706,0.077355194925476,0.3205351517689323,0.0,0.0,0.1427238636363312,0.2639708224093491,0.0,0.0,0.0,0.2011468947474043,0.0,0.1924221259629713,0.0,0.1887702135313275,0.2120732184859434,0.0135644670367777,0.0359995295191592,-0.05730473043842,0.0222033561173622,0.0347717875976554,0.0314404691569002,-0.0170969828945198,-0.0279683544414848,0.0567437267314883,0.1124162141741269,0.0559071362176654,0.0782664654877499,3.117340384939548,3.4330620631835598,3.7670277196191178
W3319,0,0.1764705882352941,0.0,0.0,0.0,0.1764705882352941,0.1764705882352941,0.1764705882352941,0.1764705882352941,0.0,0.1764705882352941,0.1764705882352941,0.0,0.0,0.1764705882352941,0.1764705882352941,0.1764705882352941,0.1764705882352941,0.0,0.0,0.1764705882352941,0.0,0.1764705882352941,0.0,0.0,0.1764705882352941,0.1764705882352941,0.0,0.1764705882352941,0.1764705882352941,0.0,40.0,0.0,0.0,0.0,0.0,0.0,0.0,0.0,0.0,0.0,0.0,0.0,0.0,0.0,0.0
W3319,1,0.3025583101685239,0.0,0.0,0.0,0.2895114407312447,0.3161288177071882,0.3457532874877688,0.3205691901982598,0.0,0.3048658745867501,0.2411704519583098,0.0,0.0,0.3274960022597661,0.2765958940969389,0.2517556534767222,0.3110670364304667,0.0,0.0,0.2518205311318177,0.0,0.2687313472118363,0.0,0.0,0.266437211356701,0.2516538061959832,0.0,0.2874457538366832,0.3050527209930465,0.0,24.863107890996243,0.509574639406927,0.6724217981949094,0.5414051443265232,0.992492377011258,0.2228204045401614,0.4268941664851165,0.743333771260821,0.2545135143714746,0.2465763962681376,0.1479319557859872,0.0928470973700825,0.6318750499197564,0.3188971106540542,0.6362025325295226
W3319,2,0.9667861498240886,0.0,0.0,0.0,0.8974942612277952,0.7499431561040981,0.7832045097395188,0.8850848253495976,0.0,0.641473077299309,0.5086399455267289,0.0,0.0,0.5939690518288353,0.4683693165423014,0.3383541828898452,0.488417202948896,0.0,0.0,0.3867550236752231,0.0,0.6607802170970383,0.0,0.0,0.4858938013958854,0.5861651016897172,0.0,0.4405898771925309,0.4467081291006261,0.0,14.639171787785102,0.9223432799121942,1.1980368520451556,0.9930848974874,1.745134331819802,0.6739844198376297,1.0230683458551784,1.6033285734463163,0.5201968584701829,0.5512051452772839,0.4977851471691192,0.2315607980448185,2.21028540344129,1.2618272780075668,1.934271531814236
W3319,3,1.4130019275945882,0.0,0.0,0.0,1.592260559205327,1.347674403900067,1.3042179379318466,1.370255641660315,0.0,0.793151166480341,0.7007435624305511,0.0,0.0,0.551014099050811,0.5038869603580077,0.243497059902481,0.812089052484516,0.0,0.0,0.4068855674235923,0.0,1.084373346277398,0.0,0.0,0.6779876094579785,1.0234945577111905,0.0,0.5434402568159343,0.4444240446947334,0.0,0.0720857306187984,0.2459956208221046,0.3614582897111833,0.37501948814615,0.7944327882213256,0.2381203359142382,0.5135055934306986,0.7114810576042057,0.635550217760368,0.7608232241546751,0.335626627014489,0.2909899533154185,3.5618678524662246,2.157973963278879,4.202860483282842
W3319,4,0.9268969183332724,0.0,0.0,0.0,1.2970891662828854,1.1892549361469245,1.2398937078500525,1.3104217312874515,0.0,0.6286908719521517,0.6330384306564552,0.0,0.0,0.507830746267709,0.3810460194875116,0.165114906018756,0.6430477016222848,0.0,0.0,0.3184472220897454,0.0,0.6654742167505482,0.0,0.0,0.5101309875573328,0.8824615498979833,0.0,0.4958810717582416,0.3990387554167349,0.0,-0.0205899589992724,-0.0091682862441528,0.0912650469988788,0.0400389887403876,0.1631175900214506,0.0480593182472531,0.1081370477970287,0.174662828249398,0.2382398968252961,0.3572983894937224,0.2146738965077698,0.1749359272786272,3.894008668519666,2.2800304387436903,3.493818987730328
W3319,5,0.6404458113411406,0.0,0.0,0.0,0.9762988830518348,0.663443681438567,0.7079516782592638,1.0678933428407174,0.0,0.3944349987133339,0.5689887621963683,0.0,0.0,0.3694625247379293,0.2750398338259808,0.131759644576809,0.4203235198726056,0.0,0.0,0.2476818043897741,0.0,0.4458050759108604,0.0,0.0,0.2432876713019082,0.7900509866429088,0.0,0.3161232933555087,0.2524141503494135,0.0,0.0221692727395822,-0.0571501383402572,0.0420870838509205,0.0798796970599417,0.0369114947813413,0.1315084823350791,0.0193914190347667,0.0737177397558234,0.1359835297836365,0.1785893954350859,0.0531326889151586,0.0778810040346995,3.2487063996602967,2.690808230797749,3.813839855901341
W3319,6,0.4740849814066199,0.0,0.0,0.0,0.7800404850121608,0.4454318363353097,0.5270745788616078,0.6365883349783077,0.0,0.267100317271138,0.3782859194033042,0.0,0.0,0.2233495326564662,0.2289285492229625,0.0738476736732164,0.3102277825720312,0.0,0.0,0.1318466523084638,0.0,0.2837009022900707,0.0,0.0,0.1826174837963197,0.6107948719277805,0.0,0.1962555739072855,0.1574164164853569,0.0,-0.0153623492886908,0.1252346655377753,-0.081471190479065,0.0188411197813166,0.0517655668404317,0.0775748842669146,-0.011018022507104,-0.0501707254073084,0.0570706144659019,0.1026974769146001,0.0795896450873178,0.006921962098959,3.157136382563119,2.3990116869021447,3.592810254810426
W3359,0,0.2,0.0,0.0,0.2,0.0,0.0,0.0,0.2,0.0,0.0,0.2,0.0,0.2,0.0,0.0,0.0,0.0,0.2,0.2,0.0,0.2,0.0,0.2,0.2,0.2,0.2,0.2,0.2,0.0,0.2,40.0,0.0,0.0,0.0,0.0,0.0,0.0,0.0,0.0,0.0,0.0,0.0,0.0,0.0,0.0
W3359,1,0.3924024722371115,0.0,0.0,0.2897743584489826,0.0,0.0,0.0,0.3645955426830909,0.0,0.0,0.312170685909579,0.0,0.2325733603939457,0.0,0.0,0.0,0.0,0.3157245715960231,0.2446930230672739,0.0,0.386656816175416,0.0,0.3303336555865721,0.2922631404140747,0.2689132720441969,0.260758980642283,0.2816746498460764,0.3604419404996853,0.0,0.2886085878355822,31.188206563103,0.4012178290130094,0.867214281049123,0.5613982219499981,1.572377061146703,0.5234313973707585,0.6809150861647802,0.4867878485908471,0.2928747219772363,0.0115891505341194,0.0833817377297948,0.0927215390735992,0.4434787921065706,0.3745806486618236,0.139185850822173
W3359,2,0.9512369241796108,0.0,0.0,0.634474181000481,0.0,0.0,0.0,0.8249142886977562,0.0,0.0,0.4810511828022121,0.0,0.3670632622353362,0.0,0.0,0.0,0.0,0.6090210669582005,0.5288389050759762,0.0,0.5638609348613908,0.0,0.5145302667561312,0.3644717109282737,0.580596722860945,0.5450222238427409,0.5294518190836613,0.5621464247247707,0.0,0.5871722056114681,13.041528781692556,0.9532264488772606,1.486127599887329,1.0490118895589815,2.4718968762207263,0.9088614332586328,1.602712030651601,1.1760190467971936,0.8059032334036513,0.1569699867501033,0.1837034966211823,0.2425999489549344,1.7179099040654382,1.0832209569855946,0.8195508871926158
W3359,3,2.3860155730749795,0.0,0.0,1.4618566524618222,0.0,0.0,0.0,2.0421713374682606,0.0,0.0,0.6432361410804454,0.0,0.364793757955472,0.0,0.0,0.0,0.0,0.8190188576928711,0.7712903861006876,0.0,0.7971690349211371,0.0,0.6847129704438439,0.4122657260262157,0.9393393002594004,1.1021335669119865,0.7645558184148902,0.8837541442748161,0.0,0.89125516694599,0.1758523291183198,0.4398575366001359,1.1721841827538946,0.7858355165335089,1.5010315251224569,0.4671685836093272,1.6409417770367725,0.8313361408416534,0.8731826705543788,0.28354896038602,0.223077018322807,0.3219841465500488,4.01577072093432,2.1780744154818383,2.152725651346356
W3359,4,1.8163738036607828,0.0,0.0,1.6548951112811698,0.0,0.0,0.0,1.8835799612261623,0.0,0.0,0.6014261546253586,0.0,0.330864190733966,0.0,0.0,0.0,0.0,0.6297733609889233,0.5198433165953148,0.0,0.7831712716090131,0.0,0.5663172825910072,0.2938359365582444,0.6412107048824925,1.1227687670820394,0.7254256337176537,0.6758424537005001,0.0,0.6297147188853179,0.1073019934619869,0.0848323637988112,0.2381794338540112,0.1909939970166486,0.2766934667734705,0.0072332110494886,0.3667784477465551,0.2219030459336273,0.7002973449280585,0.2011509241005994,0.1452986378054811,0.2922559698937608,3.943747738385699,2.3125265723682134,2.0136424981964334
W3359,5,1.6668138179230956,0.0,0.0,1.605547657914964,0.0,0.0,0.0,1.6906756430610168,0.0,0.0,0.4580488644890914,0.0,0.2616398368862144,0.0,0.0,0.0,0.0,0.4195721079860238,0.3403891112531052,0.0,0.4765661937121798,0.0,0.4364598372784463,0.2364064523891841,0.4500747681898994,0.888497538646159,0.3616381387958132,0.46177665708317,0.0,0.3927501331178314,0.0309315783050697,0.010890262060834,0.0505350547996563,-0.0239348786979349,0.1452637939942035,0.048174290838788,0.2355069126889715,0.0730060489142904,0.464876512337858,0.0287316478578845,0.0165692198761165,0.2047551098150672,3.960138941455989,2.015913006800381,1.7436412177145146
W3359,6,0.8208176393757274,0.0,0.0,1.1479781246581462,0.0,0.0,0.0,0.7832760611410985,0.0,0.0,0.2455679358448258,0.0,0.1587750232155451,0.0,0.0,0.0,0.0,0.3132803032791187,0.1913020916256778,0.0,0.264175546059716,0.0,0.2211705724774446,0.1336861240857031,0.2934613406534994,0.667445120063398,0.2388812733224622,0.3417418502739555,0.0,0.2439299383109648,-0.0262769486124756,0.0467866212148158,-0.033294151708334,0.0441035372733569,0.0638069603242779,0.012907476643851,0.0871765682480451,0.0194418884784147,0.2121771300070377,0.0231011174700006,0.0920688554600003,0.1142864049906091,3.231075001676245,1.6354229208993136,1.816154177253403
W3378,0,0.2142857142857142,0.0,0.0,0.2142857142857142,0.0,0.0,0.2142857142857142,0.0,0.0,0.0,0.0,0.2142857142857142,0.0,0.0,0.2142857142857142,0.2142857142857142,0.2142857142857142,0.2142857142857142,0.2142857142857142,0.0,0.2142857142857142,0.2142857142857142,0.0,0.0,0.0,0.2142857142857142,0.2142857142857142,0.0,0.0,0.2142857142857142,40.0,0.0,0.0,0.0,0.0,0.0,0.0,0.0,0.0,0.0,0.0,0.0,0.0,0.0,0.0
W3378,1,0.4031877390907672,0.0,0.0,0.2901779419430355,0.0,0.0,0.4040851299336369,0.0,0.0,0.0,0.0,0.3390492132560917,0.0,0.0,0.3247415943452403,0.3058723842210886,0.3350539884905625,0.3054163723152533,0.2953618434711453,0.0,0.328527335854933,0.3617089016741369,0.0,0.0,0.0,0.3555484715832822,0.3369914752588369,0.0,0.0,0.33376676601297,35.11590945297787,0.6090743444309542,0.6562962648823623,0.6600926219249216,1.095231424641635,0.3872073685132544,0.6056781015202726,0.6459481158621213,0.1040880051371014,0.2487659751402151,0.1699564055745735,0.0434341305205296,0.5543760305279468,0.3190413455761601,0.3694583965214694
W3378,2,1.3065289912932614,0.0,0.0,0.9085145233079734,0.0,0.0,1.1726364042245507,0.0,0.0,0.0,0.0,0.3712598763055894,0.0,0.0,0.4259612644486367,0.3736046019288179,0.6016768594282802,0.7835986301553522,0.5636295423240896,0.0,0.6704695806811586,0.9143732785608044,0.0,0.0,0.0,0.6700662777689538,0.7187865858802516,0.0,0.0,0.5916887259052548,13.460494820319438,1.052891982338815,1.1596973864314633,1.1085776114228303,2.248350300390052,0.6588350314088923,1.1713484837949073,1.6135374885715446,0.299297427669944,0.7569916775841858,0.4081200059634289,0.1624413889711946,1.7631326720488618,0.9797954241581236,1.1064235048503754
W3378,3,2.4942785408681982,0.0,0.0,1.6883263403665594,0.0,0.0,2.5927520418873544,0.0,0.0,0.0,0.0,0.5027233373857213,0.0,0.0,0.6519849309198518,0.3466181588570597,0.9129334008968254,0.9441289451422992,0.6414246188328809,0.0,0.8674202018820966,1.3387537920981267,0.0,0.0,0.0,1.3479720178451746,0.8141950095200453,0.0,0.0,0.7279093512382676,0.0754229187846139,0.3298792425819195,0.7313183484752536,0.2694535535531652,1.1645242851575317,0.2543036189044739,0.9249469592356218,1.5871619975284497,0.4019501530211327,0.6790533227890128,0.3538112569899123,0.3039832747547416,3.545847562282997,2.5081663536566854,2.302413578726818
W3378,4,1.6908416214070556,0.0,0.0,1.7325399945180917,0.0,0.0,1.884161922832245,0.0,0.0,0.0,0.0,0.3119895930850561,0.0,0.0,0.4176015841117582,0.2328219917613155,0.7031232203645236,0.6911768204304276,0.4672523997146232,0.0,0.7192749484672408,0.909629059471215,0.0,0.0,0.0,1.2649984754171295,0.7059393567827954,0.0,0.0,0.647891165344228,-0.0182187501989656,0.0375282487129135,0.1597964040295234,0.0409983857884573,0.141542233428857,0.1664193464792757,0.2801420024924141,0.406649280192919,0.1237909668712487,0.300326137284794,0.0951559094190586,0.0346884263642041,3.844081787124805,2.717656701604579,2.027164268347075
W3378,5,1.3930139957190846,0.0,0.0,1.5403962929416348,0.0,0.0,1.7580345438651626,0.0,0.0,0.0,0.0,0.2100384177636648,0.0,0.0,0.2705453232787941,0.1145855312150987,0.5556574484245381,0.451649148155922,0.2925421934477657,0.0,0.536478299290282,0.6463253518710403,0.0,0.0,0.0,0.9320185082646364,0.3353329185604905,0.0,0.0,0.2629771515781035,0.039512496433974,0.0069107671048348,0.0766500716562537,-0.0775300888748953,0.1294939535621873,-0.0331772215094838,-0.0022510785715077,0.2330490048470406,0.0664784218689084,0.0800857324011734,0.1366351368574915,0.1220137860363123,3.679120702052564,2.462232497510401,2.2902015351073484
W3378,6,0.8428821513020491,0.0,0.0,1.170454538630738,0.0,0.0,0.971916092370038,0.0,0.0,0.0,0.0,0.1362889436981995,0.0,0.0,0.1823180730259156,0.0839104696658151,0.3089480123316862,0.2574855979323092,0.199269572450972,0.0,0.3151037371616684,0.5157527935224541,0.0,0.0,0.0,0.7198042781852659,0.2083407938412416,0.0,0.0,0.1991869499378188,-0.0150711698394709,-0.019672809114337,-0.0363854869617799,-0.0355777343312825,0.1431538107314962,0.0243282497661184,0.0947238201518919,0.0710286324574403,0.0609485397998929,0.0954359150062933,0.034261961814682,0.0008488016467222,3.6854192115499136,2.778522992181617,1.8349829160408384
W3381,0,0.2727272727272727,0.0,0.0,0.2727272727272727,0.0,0.0,0.2727272727272727,0.0,0.0,0.2727272727272727,0.0,0.0,0.0,0.2727272727272727,0.0,0.2727272727272727,0.2727272727272727,0.0,0.0,0.0,0.0,0.0,0.2727272727272727,0.0,0.0,0.0,0.2727272727272727,0.0,0.2727272727272727,0.2727272727272727,40.0,0.0,0.0,0.0,0.0,0.0,0.0,0.0,0.0,0.0,0.0,0.0,0.0,0.0,0.0
W3381,1,0.588820949545367,0.0,0.0,0.4322554506239064,0.0,0.0,0.5228681598280901,0.0,0.0,0.4224621457625772,0.0,0.0,0.0,0.4644176255838316,0.0,0.3067716601267388,0.3450961323525419,0.0,0.0,0.0,0.0,0.0,0.3930541741106685,0.0,0.0,0.0,0.4521166682055698,0.0,0.4229042573111349,0.3897952286397981,32.07690904376595,0.7168220082821574,0.4672851845050362,0.2848309049518113,1.1837178119616063,0.2637371281629996,0.4078669091737341,0.617289291418318,0.3695594648541354,0.2171329996692448,0.2890161396110395,0.0918296530711518,0.507309117789129,0.4495795704028111,0.356248207689067
W3381,2,1.4407134458320612,0.0,0.0,1.0121044902411955,0.0,0.0,1.1547759301395164,0.0,0.0,0.7661868711359395,0.0,0.0,0.0,0.8889687272891081,0.0,0.4409211588139766,1.0861196588500222,0.0,0.0,0.0,0.0,0.0,0.7393794843981492,0.0,0.0,0.0,0.7854883618070831,0.0,0.844025803858549,0.7962836821256201,13.940742756715805,1.0447544054756237,0.8909893622739957,0.5549685407622383,1.989745741596411,0.6243091711089883,1.076454763857684,1.9136569022588816,0.6144420497708096,0.6073629694253829,0.753246914715106,0.2333839614157984,2.1721644267471287,1.244101990368402,1.2243006361849946
W3381,3,2.8084781712911058,0.0,0.0,2.0330563818952085,0.0,0.0,2.711369385384005,0.0,0.0,1.4203906258641918,0.0,0.0,0.0,1.3131375988274137,0.0,0.4334202467939851,1.3878684750991357,0.0,0.0,0.0,0.0,0.0,0.7995429158273116,0.0,0.0,0.0,1.1346579582758116,0.0,0.7464582946828773,0.9592387657528578,0.1050788190271271,0.2964917501615669,0.5482764354120565,0.2102414090022594,1.1528682481089767,0.2905661143165882,0.5798940962750831,1.7234031661766764,0.5525825542314264,0.6583537108243099,0.5486549927264284,0.38883968935136,4.026455762018171,2.5507511130509823,1.7289457652432318
W3381,4,2.297955490848402,0.0,0.0,1.5485590935434834,0.0,0.0,2.032317459626202,0.0,0.0,0.7841899294316802,0.0,0.0,0.0,1.1351826447465403,0.0,0.2714772260334508,1.029862946247735,0.0,0.0,0.0,0.0,0.0,0.6694161673908615,0.0,0.0,0.0,0.87159935201026,0.0,0.6283491201564534,0.6878454100274616,0.1265123545903977,0.0214102722861948,0.0198196021363304,0.1484289873474467,0.2104515110611028,0.0865676811808307,0.2056025587150757,0.6060646031964619,0.0561940171272074,0.1732755674797333,0.1988524636670149,0.1516901502972598,4.698886651184491,2.7276373092115254,2.4642877927813074
W3381,5,1.2590374283234484,0.0,0.0,1.3992541556805198,0.0,0.0,1.4514479891363987,0.0,0.0,0.6043554620204876,0.0,0.0,0.0,0.7344250377827464,0.0,0.1938221884126392,0.8221065755387384,0.0,0.0,0.0,0.0,0.0,0.377171942793185,0.0,0.0,0.0,0.5262151328940382,0.0,0.3445282566164597,0.4784059600077025,-0.0191644417132901,0.103697995329708,0.0534284324774054,0.0727039943573354,0.1062758815872923,0.0815673088192717,0.0888714853099123,0.2381076706526973,0.0916509442383445,0.2332396005312511,0.1510368378879601,0.1258165677796275,3.8435993761890432,3.0060273223629537,2.044598111019607
W3381,6,0.8225992241276011,0.0,0.0,1.511375311857011,0.0,0.0,0.8995656814505518,0.0,0.0,0.4700038500837987,0.0,0.0,0.0,0.4439184684825855,0.0,0.1185092404060443,0.5640812413764041,0.0,0.0,0.0,0.0,0.0,0.2578370648916588,0.0,0.0,0.0,0.2897046894202326,0.0,0.2875755715388194,0.2651252779348428,0.1011661428903862,0.0091897483592241,0.0363411370899808,0.0331594236749222,0.0792914419161059,0.0037163357861398,0.0522642495017761,0.1155945825820164,0.0260252844131486,0.1012012442401913,0.0429874789605005,0.0949304717087013,3.091902345828826,3.153740073187121,2.4374012200524007
W3460,0,0.2142857142857142,0.0,0.0,0.2142857142857142,0.0,0.2142857142857142,0.0,0.2142857142857142,0.0,0.0,0.2142857142857142,0.0,0.2142857142857142,0.2142857142857142,0.0,0.2142857142857142,0.0,0.0,0.2142857142857142,0.0,0.2142857142857142,0.2142857142857142,0.0,0.0,0.2142857142857142,0.2142857142857142,0.2142857142857142,0.0,0.0,0.0,40.0,0.0,0.0,0.0,0.0,0.0,0.0,0.0,0.0,0.0,0.0,0.0,0.0,0.0,0.0
W3460,1,0.4035766851372222,0.0,0.0,0.3818940940177288,0.0,0.3561770344914272,0.0,0.3505673820596338,0.0,0.0,0.2607642745240786,0.0,0.2688025737168082,0.2603646588375702,0.0,0.2375097034243475,0.0,0.0,0.3459384131849413,0.0,0.3984089548293354,0.3627030864306604,0.0,0.0,0.2868426417914681,0.3351927807125143,0.291156327921278,0.0,0.0,0.0,32.305923550199324,0.2511459664489456,0.5114474140392139,0.5587184356786816,1.0601854158504052,0.391238488386806,0.656108945121245,0.7792660294824586,0.1860185248609429,0.2484155894754647,0.221199039247335,0.1395051006486718,0.5916123364233079,0.4702015318658301,0.3916887714214942
W3460,2,0.9917618816014314,0.0,0.0,0.8213011920116912,0.0,0.9524629093546014,0.0,0.977288171621996,0.0,0.0,0.4905649338539867,0.0,0.4454537631951149,0.6585673273937899,0.0,0.3844787670052815,0.0,0.0,0.5555744320309878,0.0,0.6613316307739016,0.6056191104532322,0.0,0.0,0.5826861194360681,0.6851003866820302,0.5342560508357448,0.0,0.0,0.0,12.61615779199974,0.6971632041000162,0.9607646473576952,1.0824178233267,1.9411472251916564,0.7791402227878057,1.4984108020071862,1.330246529058138,0.4644328089438193,0.3416335322702312,0.4462306680579637,0.2885481876546592,2.324881822528939,1.126889977870911,1.2676461894993458
W3460,3,2.3953602428128487,0.0,0.0,1.7645703166698103,0.0,2.1030835062734967,0.0,2.3557076363379243,0.0,0.0,0.6943778357071247,0.0,0.4668331948528741,0.8332809213311955,0.0,0.3248204444091323,0.0,0.0,0.574830756129336,0.0,0.9805062207589246,1.566671777450715,0.0,0.0,0.782534279645534,1.2518421067952126,0.634867554452225,0.0,0.0,0.0,0.0784788496979108,0.338704724965766,0.5962537643911199,0.3654113026945628,0.8564370569047778,0.3642572680678207,1.2983069806199314,0.5561729663041994,0.6485740016075279,0.3970337442921339,0.3030688408826742,0.5397080911243705,4.090729591048252,2.5437675233443526,2.389091148269773
W3460,4,1.66497307676316,0.0,0.0,1.2523078052529195,0.0,1.799695525602638,0.0,2.076162020830748,0.0,0.0,0.6595194030000802,0.0,0.3880153110881503,0.7809864747477865,0.0,0.1724315552991325,0.0,0.0,0.3857640618301768,0.0,0.7024651650932027,1.037751719664666,0.0,0.0,0.5238030652346437,1.1290217431130438,0.6457580586372238,0.0,0.0,0.0,0.0418351339186848,0.1019119412657053,0.1572759856698864,0.0170450417937348,0.0903807929199997,0.0511962834547059,0.4670938348007727,0.0910592993851674,0.3873541077875346,0.1960346387663137,0.0606040540445534,0.3187776684456924,3.689187517771714,2.172111065600605,2.5255896367540918
W3460,5,0.9856705967127164,0.0,0.0,1.126875326582627,0.0,1.1520510028741713,0.0,1.3009274887608064,0.0,0.0,0.4675427012479028,0.0,0.271137722262909,0.3954582115155395,0.0,0.1504201229000683,0.0,0.0,0.2663392785611772,0.0,0.4569906501052714,0.6356218284100643,0.0,0.0,0.3726633273244024,0.7390753791088425,0.407719017329153,0.0,0.0,0.0,-0.0008005718199001,0.0290084363892038,0.0485199278405987,0.0692793519113726,0.0578153379298022,0.0233894370399889,0.1026136915767562,0.0884288913688652,0.2102222641922557,0.1005119873301239,0.0736860340652299,0.0981627300455684,3.815789293109608,2.0034437904290057,1.888560430568572
W3460,6,0.6036033713109631,0.0,0.0,1.0292977177730755,0.0,0.5455995645635623,0.0,0.795039499153663,0.0,0.0,0.3590827129514863,0.0,0.2009108844190646,0.2597930097296798,0.0,0.1077077309280997,0.0,0.0,0.1665203977652649,0.0,0.2738249125609291,0.3838907724570697,0.0,0.0,0.2298509540105796,0.6794901073476238,0.244808654455645,0.0,0.0,0.0,0.0586773084698796,0.0598542030673187,0.0136595865723179,0.0169802258487041,0.0414787847157345,0.0398665625097803,0.0550443910328157,0.0298140640738623,0.158957999283067,0.0905488938075242,-0.0150668663125144,0.0887154280949906,3.497020128681917,1.8403754388158309,2.463950522408489
W3514,0,0.1666666666666666,0.0,0.0,0.1666666666666666,0.0,0.1666666666666666,0.1666666666666666,0.1666666666666666,0.0,0.1666666666666666,0.0,0.1666666666666666,0.1666666666666666,0.0,0.1666666666666666,0.1666666666666666,0.0,0.1666666666666666,0.0,0.1666666666666666,0.0,0.1666666666666666,0.0,0.1666666666666666,0.1666666666666666,0.1666666666666666,0.0,0.0,0.1666666666666666,0.1666666666666666,40.0,0.0,0.0,0.0,0.0,0.0,0.0,0.0,0.0,0.0,0.0,0.0,0.0,0.0,0.0
W3514,1,0.2966139781804925,0.0,0.0,0.2886175265397622,0.0,0.3378937715388241,0.2818279050407411,0.3188216174611555,0.0,0.2447352026148847,0.0,0.2304334244688213,0.2242914576870191,0.0,0.2233900813467385,0.2212197811967269,0.0,0.2822051212162464,0.0,0.2195422513823461,0.0,0.2898386317604178,0.0,0.2264152813956982,0.2510883365619501,0.2633987087501012,0.0,0.0,0.2447419057132515,0.2330384661876416,33.254816742408146,0.5073457582391782,0.5668699384927692,0.8057179329183211,1.0826134438594732,0.2404150780086808,0.6125744082450285,0.630558684157899,0.158663624754846,0.0786857453510987,0.3401261872446692,0.0371871661702755,0.4727099804018798,0.4723285128078114,0.420730650598047
W3514,2,0.9091008651298962,0.0,0.0,0.6355239916622268,0.0,0.7495983759682086,0.7953700872968845,0.7342422044733402,0.0,0.6666415844266509,0.0,0.3231214529386408,0.2795447496151953,0.0,0.3633073464637598,0.2830243189063048,0.0,0.495237172684299,0.0,0.3320123672603489,0.0,0.567924128698107,0.0,0.405258986070466,0.5400796786913716,0.4821064677901839,0.0,0.0,0.3854793939489728,0.5084611526792183,13.807002860534702,0.8755028418298408,1.04850119435431,1.0147832635225646,2.1254962357133897,0.6554872550285248,1.1296747168433707,1.3028695667121823,0.5714713034486013,0.4840140231418103,0.6396915886030942,0.2013968476209839,1.581432798187553,1.311990940861357,1.7322319238720996
W3514,3,1.7751028271776976,0.0,0.0,1.0793323624038709,0.0,1.4497994698782968,1.941771138898364,1.469855663394508,0.0,0.9725341578180208,0.0,0.482148434509218,0.4181702128274436,0.0,0.5584365917090727,0.3417699923646555,0.0,0.7048193098239619,0.0,0.5065685113630406,0.0,0.8993830695041264,0.0,0.3693205588653603,0.6316170853252577,1.0761916612684512,0.0,0.0,0.5651636551167689,0.6613361602794591,0.1991945366092485,0.334859356249807,0.4478809213622776,0.4393083290950235,1.038548612725792,0.2215001979436929,0.8301454305330442,0.6581152330096905,0.58560616263787,0.5739616803070104,0.6104653760216058,0.346584879957996,3.401254946514338,2.159431617021171,3.520244472726459
W3514,4,1.3205997322680385,0.0,0.0,1.1145048565552398,0.0,1.147118438715707,1.504485991704467,1.3785991982428352,0.0,0.8017083805778058,0.0,0.2630788138122206,0.359263804808911,0.0,0.427003869413915,0.1795921327554996,0.0,0.5232364542819545,0.0,0.3751463021273592,0.0,0.724563981246375,0.0,0.2073187504302924,0.5378187657961033,0.92971471477274,0.0,0.0,0.3857673552241614,0.5089260874992654,0.0854854400333946,0.0451482154514972,0.0917172531427645,-0.0123397526873702,0.2115891007790578,0.0701792221567699,0.0884252317999972,0.1831753773843891,0.4765697329812876,0.4169322385408963,0.2443753658813103,0.1532085053164162,4.558643634896882,1.9572652625348697,2.529218694329301
W3514,5,0.8534205954663838,0.0,0.0,1.078541066080514,0.0,0.76219060394232,0.9760577681820368,0.9551690257081364,0.0,0.4292905700337796,0.0,0.197093974075863,0.3017185791864576,0.0,0.3104638924686669,0.1379727508896142,0.0,0.3461830229484136,0.0,0.2403644982028681,0.0,0.5202333693341958,0.0,0.1732154069756305,0.2737613478299378,0.7412141116858566,0.0,0.0,0.2976570161585106,0.2329465966763296,0.059020161844888,0.0480306163600856,0.0215884219952652,0.014023809033073,0.080642550110528,0.0164959973552864,0.1166739618646844,0.0384156567364634,0.2387768790595159,0.208484670768841,0.093969647020273,0.0716664363951012,3.4581145177916177,1.591815564563103,2.4338505569676787
W3514,6,0.5186379122417212,0.0,0.0,0.8086897478796204,0.0,0.5358685620864506,0.5320267091173085,0.5776093942426029,0.0,0.322253830476916,0.0,0.1227011714938849,0.1742889642118864,0.0,0.2076704454768667,0.076495925817083,0.0,0.243804339838468,0.0,0.1399068044290715,0.0,0.27493647257008,0.0,0.1172798216303715,0.2034415044632825,0.6150207115135131,0.0,0.0,0.1763613636176604,0.1811682667549192,0.0153322626387546,0.0296854480083534,0.0269489158764724,0.104611639385044,0.0840342418019139,-0.0310785158773637,0.0661265819835631,-0.0657452711640094,0.1387862845163524,0.0900784184179813,0.0876320779964282,0.0287250342180191,3.817563894822696,1.5174936582551792,2.602682239554128
W3537,0,0.2,0.0,0.0,0.2,0.2,0.0,0.0,0.0,0.0,0.2,0.0,0.2,0.2,0.2,0.0,0.0,0.2,0.0,0.0,0.0,0.0,0.2,0.2,0.2,0.2,0.0,0.2,0.2,0.2,0.0,40.0,0.0,0.0,0.0,0.0,0.0,0.0,0.0,0.0,0.0,0.0,0.0,0.0,0.0,0.0
W3537,1,0.409104146574382,0.0,0.0,0.3478567781292249,0.3486501543192649,0.0,0.0,0.0,0.0,0.3141832713458326,0.0,0.2785401241864408,0.2507416914814857,0.3063418343394114,0.0,0.0,0.2988807942785471,0.0,0.0,0.0,0.0,0.3220494402910933,0.3064061762729223,0.2889434599287214,0.3238993356449964,0.0,0.2503390740767712,0.2961160069080443,0.3114808930793694,0.0,28.963170103611525,0.7012478798268524,0.797106163431328,0.5474544822544857,0.9089950588810009,0.3633662218284001,0.2919566714662808,0.4294556651270579,0.1935142919250637,0.2986418649244508,0.0678878901324531,0.1747018846761532,0.570100934899508,0.4551250499628377,0.38388457694368
W3537,2,1.0559817077685718,0.0,0.0,0.6578572370575473,0.8063872951266894,0.0,0.0,0.0,0.0,0.6660339012428785,0.0,0.4276039403403781,0.4478793640821094,0.5067222018691784,0.0,0.0,0.6972971748629981,0.0,0.0,0.0,0.0,0.6657702957842233,0.5692346623892013,0.4070038057762262,0.68060331237745,0.0,0.5054553631798466,0.6034421733573464,0.4812838745021006,0.0,15.010247527717812,0.7728491333018968,1.3717988373275394,0.9968051997266464,1.8449536482576117,0.5743224511844262,0.989958626978041,1.275789575404581,0.3967345510138712,0.6729155694918836,0.4596018633564027,0.1911067753822209,1.9251967006724076,1.390092876514894,1.2725878416232452
W3537,3,2.330258951922802,0.0,0.0,1.457161233428227,2.271429193736748,0.0,0.0,0.0,0.0,0.9410386708545836,0.0,0.4697025785208257,0.4321083081185212,0.8211148536349105,0.0,0.0,1.0248286992237494,0.0,0.0,0.0,0.0,1.340540351304936,0.7829896114135667,0.4579249963972683,0.8277694179116475,0.0,0.7089988982295828,0.8465976846247623,0.6526724692772538,0.0,0.1341291889018551,0.3508734452411045,0.8206942022731731,0.4811014584357022,1.0529447279060462,0.3682028164022941,0.787141713590635,0.9482090686840656,0.2936577001139655,0.703542531976584,0.4029574464222354,0.3196462455930379,3.462282235045127,3.6017691118658743,2.7024189350245638
W3537,4,1.3141714128670148,0.0,0.0,1.8236647834377664,2.2678188635909446,0.0,0.0,0.0,0.0,0.7606535900984372,0.0,0.3462421932055011,0.4104334104673771,0.7184390514888214,0.0,0.0,0.7717026608150624,0.0,0.0,0.0,0.0,0.6297648952075355,0.4416351327531754,0.3230464572529599,0.5189944546682554,0.0,0.606403557305681,0.5865870873586393,0.5082637845866376,0.0,0.0233439261125025,0.0503785712337387,0.0718526395567079,0.1165200919246008,0.3061205222476069,0.0351857073319079,0.2859620417825283,0.4160962293548436,0.1005427635430786,0.2432584555980446,0.2631148187991008,0.2552727332894508,2.662402461193349,2.831755650697151,2.8238904625433907
W3537,5,1.0532788010551843,0.0,0.0,1.5300613556450031,1.466005217982165,0.0,0.0,0.0,0.0,0.6521874839584884,0.0,0.2193213596885541,0.3417116255120917,0.4168138812231903,0.0,0.0,0.4556643237491447,0.0,0.0,0.0,0.0,0.5494965248705925,0.3412141599067751,0.1767448412082772,0.4202810083907172,0.0,0.3020907752909139,0.4953144652327568,0.3190601691546784,0.0,-0.0082636639599135,-0.0141608041758064,-0.0738968476718633,-0.0334997231791391,0.1786883745490545,-0.0133796336938494,0.1178683253636784,0.1203660874006294,-0.0119100775777675,0.151774925014691,0.0622888136542817,0.0717201836684257,2.4581923140834205,3.705027294895484,3.535501359645038
W3537,6,0.53787920836624,0.0,0.0,1.32717847625673,1.2733006846519384,0.0,0.0,0.0,0.0,0.457005099584339,0.0,0.1363439974563684,0.255657336006133,0.296526320987136,0.0,0.0,0.3448337957655962,0.0,0.0,0.0,0.0,0.385629234641151,0.2048010717252008,0.1191390469196877,0.2790726602175916,0.0,0.2266621165759555,0.3001596321649147,0.2061463904104966,0.0,0.0956489521579096,0.0130507602498726,0.0209270134600629,0.0012285519632572,0.1112802607534439,-0.0154840706951962,0.0639291329783354,0.1817229734037997,0.0094431338607889,0.0701896360667098,0.0374853756744924,0.0186864184253448,1.9883978011646084,3.8447471718518704,2.951498784637962
W3613,0,0.1875,0.0,0.0,0.1875,0.1875,0.0,0.1875,0.1875,0.1875,0.0,0.1875,0.0,0.1875,0.0,0.0,0.0,0.0,0.1875,0.1875,0.1875,0.1875,0.0,0.1875,0.1875,0.1875,0.0,0.0,0.0,0.0,0.1875,40.0,0.0,0.0,0.0,0.0,0.0,0.0,0.0,0.0,0.0,0.0,0.0,0.0,0.0,0.0
W3613,1,0.2900563981339204,0.0,0.0,0.3472569987615987,0.3175243245869971,0.0,0.2952641557161045,0.3463724487296362,0.309008999165481,0.0,0.2651484712751757,0.0,0.2619460870149269,0.0,0.0,0.0,0.0,0.3638051601780764,0.2713054506812314,0.2433881195152888,0.3379687892117937,0.0,0.2728750798981072,0.2565839489506155,0.261397893816464,0.0,0.0,0.0,0.0,0.2339305042356305,27.762050305586214,0.3706138427273827,0.5452327939432029,0.6130364894989716,1.148036083609706,0.3852277224288639,0.8113915054060316,0.5404980372032964,0.2591102359163257,0.1514408349787413,0.0813525163464653,0.0505950255026795,0.3226540788067638,0.4996249975276935,0.2853055040068789
W3613,2,1.114805018104608,0.0,0.0,0.6019448419266344,0.7798343667513484,0.0,0.9472049214712636,0.8243621392075167,1.087465012725401,0.0,0.4759262597099166,0.0,0.274095154018274,0.0,0.0,0.0,0.0,0.5509737354310207,0.4197948176730045,0.5063571423624537,0.5175735418664537,0.0,0.4887589835026036,0.4608075802447957,0.4894557588857763,0.0,0.0,0.0,0.0,0.4691288021824443,15.116307326631132,0.8369416445182328,0.942219219012564,1.0160496817458713,2.004280988301424,0.5626190118548792,1.3772318942502515,1.4497374282595932,1.1645709417354737,0.3916147477229126,0.2177364956918951,0.4146782225081216,1.316724572818688,1.5090284395863722,1.1534498712291
W3613,3,1.822563114132023,0.0,0.0,1.1686839879300566,1.5467711713070738,0.0,1.85266354904254,1.6770609946671948,1.7642230779307753,0.0,0.5810980750819423,0.0,0.4069586109221118,0.0,0.0,0.0,0.0,0.8010567354010596,0.5616966355802435,0.5542673556646638,0.775856778244051,0.0,0.5197967371062717,0.4968249138060109,0.6332575613011994,0.0,0.0,0.0,0.0,0.6185274776677977,0.0499979716457389,0.2565631018526018,0.4200250992922348,0.4131324092087041,0.6150869421514071,0.2710803568576825,0.7108817207502887,0.5100815965206233,1.4757531102895285,0.3141827409556322,0.2398490017755424,0.7399458309587646,2.2580938326868365,2.6917007640072006,2.393429380821076
W3613,4,1.3544807681673516,0.0,0.0,1.2317671597462845,1.3601934124085775,0.0,1.3861068318967191,1.1910030226923545,1.4802702948073014,0.0,0.5122062876262455,0.0,0.3839235034268481,0.0,0.0,0.0,0.0,0.5685195270503381,0.3312363645762545,0.3358457562667697,0.5432074591284045,0.0,0.3040069417055418,0.3595866616023302,0.4384847359411539,0.0,0.0,0.0,0.0,0.4436832902762986,-0.0043856372989332,-0.0418123302713879,0.0197677293434754,-0.0281697635031508,0.1445430077770737,-0.0121986244227129,0.0980348058022648,0.0496032929643148,0.9270787157948688,0.1982390211764326,0.1913809244832518,0.4716619140561552,2.691037355306476,3.169026110346247,2.80146854117508
W3613,5,0.9045791983921974,0.0,0.0,0.9912572528820732,0.8827831549034497,0.0,0.9726086351622688,0.8668379893236604,0.8780586910768626,0.0,0.4043111129947977,0.0,0.2599820988379734,0.0,0.0,0.0,0.0,0.2701653244932321,0.2352638750064807,0.2702210087159074,0.413604517475402,0.0,0.2321945771866137,0.2128717452195546,0.3121309412570827,0.0,0.0,0.0,0.0,0.305684184679915,0.028717450733172,0.0472033293139942,0.0164793935457546,-0.0043355616906876,0.1159283120150998,0.0395281039555678,0.0216254738240663,-0.0709964714822479,0.8226313799806674,0.177720803197111,0.1037537905174553,0.3762943422229492,2.110743212447425,2.783807661649466,2.7449919506457454
W3613,6,0.5232694173532193,0.0,0.0,0.7333060011123871,0.5709824891260318,0.0,0.6359340776735118,0.4674725919120288,0.6202075744430038,0.0,0.2805671776868257,0.0,0.2356106729117733,0.0,0.0,0.0,0.0,0.2544642588212469,0.1594696452365391,0.201026216508228,0.264948192669331,0.0,0.1587371310959933,0.1630907284695233,0.1702875894993605,0.0,0.0,0.0,0.0,0.1738777343208247,0.049356076871623,0.0448887152914812,0.0447288689169816,-0.0449861071566514,0.0578606527010634,0.0374608471397795,0.0577873560423745,-0.0610170715169459,0.6596528478260132,0.0462729257731451,0.0507485692766643,0.187782785348859,1.671643782117342,2.707213062552729,2.561300526825432
W3644,0,0.1875,0.0,0.0,0.1875,0.1875,0.1875,0.0,0.1875,0.0,0.0,0.0,0.0,0.0,0.0,0.0,0.1875,0.0,0.1875,0.1875,0.1875,0.1875,0.1875,0.1875,0.1875,0.0,0.1875,0.0,0.1875,0.0,0.1875,40.0,0.0,0.0,0.0,0.0,0.0,0.0,0.0,0.0,0.0,0.0,0.0,0.0,0.0,0.0
W3644,1,0.3689413332080501,0.0,0.0,0.2879995757137975,0.349298233993565,0.2720145448175196,0.0,0.2872504815234968,0.0,0.0,0.0,0.0,0.0,0.0,0.0,0.2447401281591764,0.0,0.3402597861429862,0.2498905054526111,0.261725620190378,0.2709668581930877,0.3002983738172698,0.2580762293277825,0.2609404062945534,0.0,0.2591261013254652,0.0,0.2762903095429562,0.0,0.2733177406459556,31.117100073292608,0.4722615579888084,0.8112926887007774,0.6466390265897428,1.068006058025117,0.4100100777459752,0.5417376935404445,0.4293191120373106,0.2679475959133737,0.0456066339904851,0.2101165194015749,0.0814224199191751,0.3178990030673084,0.2996861904206017,0.3905453428902672
W3644,2,0.8512648430870039,0.0,0.0,0.7848213365888632,0.8881037768595098,1.0168551965741617,0.0,0.7725840992257034,0.0,0.0,0.0,0.0,0.0,0.0,0.0,0.3358193084909662,0.0,0.5330905033127932,0.4592294455609617,0.4340733707552681,0.5618399486756269,0.6678101783936634,0.5452255405979443,0.3680536829689163,0.0,0.5646959724337837,0.0,0.6687331403897234,0.0,0.5344586107942237,12.269807745384142,0.8588039378781585,1.7097366472118485,1.1202278013030014,1.9163439663236468,0.6394085344292313,1.3575834613115223,0.9748833203356836,0.7764435504759324,0.3994664812135343,0.4870867739877746,0.3384604172415736,1.462549484813408,0.9932282109249184,1.4360351722036504
W3644,3,1.6509923075314747,0.0,0.0,1.1711053971462009,1.6629374119795666,1.8183927558292488,0.0,1.5332074865156806,0.0,0.0,0.0,0.0,0.0,0.0,0.0,0.2979551104406961,0.0,0.8972725857992199,0.5213183523518771,0.5919608719173213,0.7832353851601233,1.2197268379031152,0.6939598018361565,0.4322845448921654,0.0,1.1159912004188326,0.0,0.8135959316828847,0.0,0.6773948561331344,0.0439878745778372,0.2783190753879519,0.5636628451505369,0.4869387687007691,0.8081935728950824,0.3251243590449459,0.8456184824183115,0.5655888034378816,0.868815912757416,0.5847043039492595,0.4300839044493819,0.5982122567418318,2.7807226213270297,2.550302171313577,3.0472119538968427
W3644,4,1.3481872928496568,0.0,0.0,1.3599789903519668,1.485538941780358,1.5740111869846931,0.0,1.5126472920151908,0.0,0.0,0.0,0.0,0.0,0.0,0.0,0.184677008429232,0.0,0.6444380129836684,0.3458479935076951,0.3571693274206916,0.6765249211482778,0.9087021813760684,0.3863166539132237,0.2576137775905015,0.0,1.089796833490158,0.0,0.5993221880339114,0.0,0.4837851569235943,0.0611263072005101,0.066699725671443,0.0855850630257917,0.1272019404590827,0.1639936075633363,0.0441754303140988,0.2695591686429265,-0.0046086435129498,0.5160299890320134,0.3267379165075493,0.1648935151651255,0.3033206459780782,2.799696601965884,2.513603833544246,3.4310401167894224
W3644,5,0.7342852088593864,0.0,0.0,0.9918966245184112,0.996024470337612,0.9444982599869056,0.0,0.8188737909947984,0.0,0.0,0.0,0.0,0.0,0.0,0.0,0.1686400400608154,0.0,0.352511739620672,0.2847252397316492,0.2965881743509878,0.3840046555982894,0.5852679107020223,0.2597453938367324,0.2021411561516152,0.0,0.8795824439869893,0.0,0.3951035759626651,0.0,0.3847882261924026,-0.0370425154695154,-0.0682146524274853,0.0612115753087353,0.0055558702820304,0.057881500202874,0.0324191341968775,0.056614137908644,0.025262488950909,0.2694909075905631,0.1647967661271528,0.1701850684774459,0.161212503947014,2.3916978813972745,2.458932215959811,2.689415079026687
W3644,6,0.6031654750488837,0.0,0.0,0.935903370356036,0.6981930883074449,0.5145296671834326,0.0,0.5342737781494844,0.0,0.0,0.0,0.0,0.0,0.0,0.0,0.0950097958145264,0.0,0.1995552203404633,0.1839039103056497,0.2014716861900897,0.2555452800956897,0.3660943124056101,0.1669116844618269,0.127431898820506,0.0,0.7261937177721027,0.0,0.2382139590719956,0.0,0.2337464005656421,-0.0114788149574461,0.0308224802878165,0.0118712000044917,0.0773151632457694,0.04487504460397,0.0145379368248532,0.0437857547610285,-0.0130008857540683,0.1876089128647898,0.0534490233081457,0.0176098837451337,0.1060682735945554,1.9995350116262516,2.255456588940128,2.862983843821461
W3684,0,0.1578947368421052,0.0,0.0,0.1578947368421052,0.1578947368421052,0.1578947368421052,0.1578947368421052,0.0,0.1578947368421052,0.0,0.1578947368421052,0.1578947368421052,0.1578947368421052,0.0,0.1578947368421052,0.0,0.1578947368421052,0.1578947368421052,0.0,0.0,0.1578947368421052,0.0,0.1578947368421052,0.1578947368421052,0.1578947368421052,0.0,0.1578947368421052,0.1578947368421052,0.0,0.1578947368421052,40.0,0.0,0.0,0.0,0.0,0.0,0.0,0.0,0.0,0.0,0.0,0.0,0.0,0.0,0.0
W3684,1,0.2871692691379514,0.0,0.0,0.2405164024296931,0.2278129259681971,0.3400809314421799,0.3208986410494073,0.0,0.3460627032580513,0.0,0.2237640552824409,0.2286140736620344,0.1759963051562366,0.0,0.2624468110003061,0.0,0.2960523280012194,0.2368725955980196,0.0,0.0,0.207024595350094,0.0,0.2107053938953541,0.2301657835879523,0.279373568958832,0.0,0.2146046936224876,0.2467435095754221,0.0,0.2286046157443917,24.534937199715767,0.5759555125536716,0.937202504652291,0.7044617905532606,0.8594560647290663,0.2439241427703123,0.6582393999556526,0.601704972177607,0.2022152549045162,0.1579965010856278,0.0402912625268039,0.0971122376248656,0.3849624090556611,0.3757266698619946,0.0833161446675488
W3684,2,0.8549892279938772,0.0,0.0,0.6672586414353988,0.918044883691195,0.6819302770068894,0.9301080235827354,0.0,0.7460563532606354,0.0,0.4314229143134707,0.2674098470067345,0.2627090321567801,0.0,0.4500848672508461,0.0,0.5414421797167254,0.5714595834202778,0.0,0.0,0.4640548209930946,0.0,0.448772432440334,0.360166829602297,0.4503578581589217,0.0,0.4424019740818388,0.522440928727548,0.0,0.4484582189296968,12.881597773841854,0.6719768479529842,1.5935695193394264,1.223111431025362,1.978287985982599,0.6253862063863842,1.3472708921373426,1.346210504050569,0.6483241449778268,0.6103138537582974,0.232541197675872,0.2948684881208819,1.43287735951706,1.4726069844369127,0.8450388710031431
W3684,3,1.3895388859328162,0.0,0.0,1.2977909990932694,1.6621766993114715,1.8571965688974776,1.5072203314266883,0.0,1.8364724003521988,0.0,0.5642477144903084,0.3138822425758045,0.3375572525339248,0.0,0.4503210015215811,0.0,0.6735813719930026,0.6646933604826154,0.0,0.0,0.5261644082270329,0.0,0.3748917846338252,0.310172371241144,0.5606531913790843,0.0,0.5336207539292611,0.5074166281160107,0.0,0.5614476988680733,0.1115580945814769,0.3036494487418884,0.4366468419731493,0.3569144434254338,0.7373141818119703,0.2802137362790149,0.5495983971609494,0.7163532751177657,1.090690018010562,0.6726090061482374,0.3545522288069506,0.4575371619590554,2.4030727965219736,3.572675889384335,2.8855612820399124
W3684,4,1.0214539223941177,0.0,0.0,1.1490338978303145,1.2398580944195066,1.240322234428913,1.2273380718398323,0.0,1.3888212530345228,0.0,0.4887426070568277,0.2191508383839332,0.3186538694945882,0.0,0.4079590779945463,0.0,0.5846961629509558,0.3628354306824517,0.0,0.0,0.4851357494580536,0.0,0.3706168693590628,0.2205291958441952,0.3670231940636603,0.0,0.4928702570958373,0.5185641071571117,0.0,0.3095063187840416,-0.007921888677129,-0.0408813805739162,0.0894982187166566,0.0889207206326322,0.0924935778980733,0.0378583030298602,0.1213020383840456,0.0975500570363605,0.4158651454057179,0.241562715145315,0.1559470504181765,0.2798262426340398,2.0532568153316677,3.5533302689849444,3.470429796333684
W3684,5,0.6602332994629344,0.0,0.0,0.9911180063315111,1.0452063583572566,0.769891624049227,0.7720345140067043,0.0,0.7861292072313463,0.0,0.3474200295647028,0.1377071495746932,0.2741071584360973,0.0,0.3012749794826598,0.0,0.4437650785458195,0.2886436344088477,0.0,0.0,0.344494879616352,0.0,0.2130069972499455,0.1679707977542742,0.2420643276987093,0.0,0.238932181659907,0.3206410986620857,0.0,0.2518713297218061,-0.0438240412297243,0.0424789914757362,0.0540953197023879,0.034392651688103,0.1400742465470825,-0.0200668969687754,0.0983447847347088,-0.0314306285260659,0.2577007730941533,0.1878315996463808,0.1249696656382705,0.0658308741820173,2.496468497496027,3.564716545184098,2.797561883924316
W3684,6,0.4142017776240759,0.0,0.0,0.8023198679453702,0.5928339361433319,0.4809862945719449,0.4275476233379865,0.0,0.4986802337870025,0.0,0.2525001208384232,0.1060110962060124,0.228915420828995,0.0,0.1724558286174231,0.0,0.3042243079897899,0.2104532830048821,0.0,0.0,0.2139214651460922,0.0,0.140160666854766,0.1006304337804046,0.1607385735291683,0.0,0.1734148964798217,0.1859587394524746,0.0,0.1454020805757265,-0.0871008065634553,0.0389122504598859,0.0077214362712801,0.0078934236795441,0.068950723797139,0.0579671399246342,0.0367602130049104,0.0756307394402618,0.1579205787827187,0.0794998591667429,0.0989085763881541,0.0281869603136863,1.8358457179784904,3.656128123893984,2.1541711072647214
W3804,0,0.2,0.0,0.2,0.0,0.0,0.0,0.2,0.2,0.0,0.2,0.0,0.2,0.0,0.0,0.2,0.0,0.0,0.2,0.0,0.0,0.2,0.2,0.2,0.2,0.0,0.2,0.2,0.0,0.0,0.2,40.0,0.0,0.0,0.0,0.0,0.0,0.0,0.0,0.0,0.0,0.0,0.0,0.0,0.0,0.0
W3804,1,0.3538621192706389,0.0,0.3274615325818689,0.0,0.0,0.0,0.3750923056613994,0.4030787355926861,0.0,0.3355369691489928,0.0,0.318052783789948,0.0,0.0,0.2391546012782607,0.0,0.0,0.3511091815171097,0.0,0.0,0.3008490734778787,0.3552520162097431,0.3274719945280913,0.3034549342881703,0.0,0.3228490706933418,0.2946209143349006,0.0,0.0,0.3275250873387691,23.862451490247786,0.6527014752219642,0.7866467052314576,1.0444800112320882,1.1459382465697794,0.3728724350673072,0.5625750583912291,0.7324983556831319,0.3198269665502593,0.2228742480201246,0.1526336635260783,0.0874494215295806,0.4369387073249512,0.1388131976245789,0.425126281670428
W3804,2,0.7997963537459261,0.0,0.8813372281144362,0.0,0.0,0.0,1.1472044850277392,0.997686563541312,0.0,0.7815187404655248,0.0,0.3835773440816335,0.0,0.0,0.5168602574701074,0.0,0.0,0.6294757850991336,0.0,0.0,0.7695205821209856,0.9396182814115656,0.546720220751361,0.5127450029666122,0.0,0.630640876092747,0.5750149327266767,0.0,0.0,0.7109670101670575,14.33787136570642,0.9974144868017368,1.318969860240063,1.391000776194402,1.5477131022627648,0.7322876306938506,1.3585361509089948,1.2907187545795695,0.6922988866827418,0.539504631550064,0.3304453209005007,0.3215614599205272,1.4029300126937212,0.9707692608160584,0.942441160763084
W3804,3,1.9634585839569108,0.0,1.4756752302408724,0.0,0.0,0.0,2.59669831014028,1.565787068300978,0.0,1.1886369074967722,0.0,0.4240815500210065,0.0,0.0,0.6013623607511367,0.0,0.0,0.8675264629458836,0.0,0.0,0.8300634748066433,1.3920726344227794,0.5832694473859086,0.4768052423146005,0.0,1.2604897428890218,0.6779780983181716,0.0,0.0,0.4284036612305927,0.0630808163662486,0.3302239063103544,0.5687151771191035,0.3665450724266988,0.6552119586372568,0.3036018794609679,0.4982637703008175,0.7559461147598652,0.5134765546639031,0.6543427465208473,0.4622001410575484,0.5439707185903412,3.379166091859192,2.126696749181541,3.251967289029049
W3804,4,1.5039766033308468,0.0,0.9528468514552396,0.0,0.0,0.0,1.829202459221868,1.486617614717083,0.0,0.826415382406437,0.0,0.2827139266391673,0.0,0.0,0.4770521285231449,0.0,0.0,0.4808177725833776,0.0,0.0,0.6442600733123444,0.974055748117346,0.4011412062288951,0.3437851377145879,0.0,1.091757557044576,0.5787497551848106,0.0,0.0,0.4894034624028952,0.026829576195537,0.0223684589951892,0.156723115175317,-0.0188256185105745,0.1369700027436764,0.0235630970393067,0.1069601893768655,0.1225955876074997,0.2811231239234692,0.5494678742050669,0.1941882574657732,0.2117056860388285,3.2194283205902083,1.350869297782337,3.499703091748256
W3804,5,0.9627496295568132,0.0,0.6266977414739509,0.0,0.0,0.0,1.151037118501827,1.0098774143634748,0.0,0.5479276000432366,0.0,0.1904625884969591,0.0,0.0,0.3487426569765335,0.0,0.0,0.3530023615530784,0.0,0.0,0.3903135804192013,0.5404639166298331,0.2909429822581045,0.2115615056875351,0.0,0.8455886987967743,0.4114113246719116,0.0,0.0,0.3781507654019826,0.0025569325597641,0.0501387997170482,0.0365593168211333,0.1074174707745094,0.0151647120871854,0.0727459552253863,-0.0505040797249222,0.0241068982814962,0.1835272644284923,0.3302057990223643,0.1027329704070388,0.071714153087541,5.243941287283495,1.5935775158877536,2.998286293095619
W3804,6,0.5469636934027017,0.0,0.4249391346283601,0.0,0.0,0.0,0.7226905514156846,0.6033545220866765,0.0,0.3490911052204917,0.0,0.150933099143872,0.0,0.0,0.1935984974139317,0.0,0.0,0.2303406949575295,0.0,0.0,0.2373884450988449,0.4277844403545692,0.1779468645545837,0.1119707111636854,0.0,0.6917692554835593,0.2334351399404532,0.0,0.0,0.2424593265368879,0.0564533202253601,-0.0043282436214657,0.032873620391121,0.0303044726598278,0.0728797689746951,0.0425299514503744,0.0335790281796974,0.0467596983047042,0.0459068726960169,0.3297621924910658,0.1170753136678882,0.0324931517404115,5.083488590594458,1.2670513031387862,3.403223438323305
W3833,0,0.2142857142857142,0.0,0.2142857142857142,0.0,0.0,0.2142857142857142,0.0,0.0,0.0,0.0,0.2142857142857142,0.2142857142857142,0.0,0.0,0.2142857142857142,0.2142857142857142,0.2142857142857142,0.0,0.2142857142857142,0.0,0.2142857142857142,0.2142857142857142,0.0,0.0,0.0,0.2142857142857142,0.0,0.2142857142857142,0.2142857142857142,0.0,40.0,0.0,0.0,0.0,0.0,0.0,0.0,0.0,0.0,0.0,0.0,0.0,0.0,0.0,0.0
W3833,1,0.4649784065960759,0.0,0.3459455095716148,0.0,0.0,0.4443599431875477,0.0,0.0,0.0,0.0,0.2938818994949767,0.2746090552678842,0.0,0.0,0.3093198010396261,0.3386313619358624,0.3642136771416683,0.0,0.3412271141778313,0.0,0.3331701543835036,0.3877998288586913,0.0,0.0,0.0,0.3899266086240465,0.0,0.3157175832276789,0.3363347861823365,0.0,18.67462663246565,0.7260978906749453,0.8210503752612411,0.6283970464303188,0.8631375086169417,0.4453934725938429,0.7396504616027997,0.7358538192232876,-0.0142971000563966,0.4246179057546181,0.3199188245491299,0.0519551777131438,0.5109391731736596,0.2542853993657954,0.4053293466643349
W3833,2,1.08476046759791,0.0,1.0799360224424874,0.0,0.0,0.8137755111375342,0.0,0.0,0.0,0.0,0.5620749375400343,0.4277999453247168,0.0,0.0,0.4650303684340203,0.4236323296102691,0.6977354163416666,0.0,0.5489257240837628,0.0,0.7156990093674034,0.6663940367705299,0.0,0.0,0.0,0.6698764319849265,0.0,0.6428755529720395,0.5840080047866123,0.0,9.98411455779214,1.2411148149891398,1.905119293387141,1.3525497382129998,1.4961120401753272,0.9284112429329088,1.3767332233581335,1.7451978287096848,0.4014158320875989,0.7488048729519863,0.4427918005990497,0.2266343199845605,1.8013642671208916,0.8998968192978883,1.156474964250104
W3833,3,1.9741453843088137,0.0,1.255020585409396,0.0,0.0,2.444115627528997,0.0,0.0,0.0,0.0,0.8292001072290001,0.4763023590948718,0.0,0.0,0.6460881887259339,0.3162702455318118,0.9120416013592008,0.0,0.7119747989688958,0.0,0.915164880344288,1.4581280736913866,0.0,0.0,0.0,1.110112448437221,0.0,1.02175787087001,0.86593835968501,0.0,0.006651981084819,0.4056235109761627,0.9914244287851052,0.4601326907425299,0.386464379912012,0.3129681747281002,1.1707477984004564,1.4760469207072175,0.5610712111523681,0.8918161179036346,0.3820482672829719,0.274169197608907,3.808512402749296,2.0749277043188377,2.961831347475425
W3833,4,1.358066489165403,0.0,1.0294113197120591,0.0,0.0,2.3133244164101088,0.0,0.0,0.0,0.0,0.7030983819976392,0.3747913997264949,0.0,0.0,0.452895058881695,0.205642577143386,0.8133148620801024,0.0,0.4978622352894596,0.0,0.6489119990637071,1.1733260867805662,0.0,0.0,0.0,1.1333293099563038,0.0,0.8053357113099671,0.6606770046077228,0.0,0.0223550046503202,0.1796576290278846,0.2141906363753712,0.0159289532617306,0.0873241721587347,0.0950145031082671,0.3894443668224976,0.3236914074669177,0.2280195837124918,0.3365694586185124,0.142974837764218,0.097625733185441,4.230195511567356,2.088623438345698,3.1319080320419315
W3833,5,0.9183646715387976,0.0,0.7103516668599434,0.0,0.0,1.6802109761727506,0.0,0.0,0.0,0.0,0.4949495932665974,0.1779033492332438,0.0,0.0,0.3079787294137464,0.1273663031876628,0.4916096377810497,0.0,0.3272781490992633,0.0,0.4629926334448405,0.637733912378547,0.0,0.0,0.0,0.9982545479577004,0.0,0.5183832703081692,0.3505534577602767,0.0,0.0468966943588994,0.0164610585787468,-0.0003486430833497,0.0260323456717202,-0.00952662009674,0.0703876921630864,0.1835143001972569,0.1097317728423517,0.1205370393390446,0.1668497310209551,0.1007692976244536,0.0508637052500381,4.203425127767412,2.2146271262404253,2.177656111621987
W3833,6,0.6137464768192766,0.0,0.4342174529877874,0.0,0.0,0.7616457690874687,0.0,0.0,0.0,0.0,0.3813431863802183,0.1307057524053385,0.0,0.0,0.15428954713508,0.0799246269493133,0.3266129531175438,0.0,0.1733403566018855,0.0,0.2769738660883971,0.5132974250475499,0.0,0.0,0.0,0.8810532544286109,0.0,0.3505844216844193,0.2408628880830243,0.0,-0.0281987823579207,-0.017603054738494,0.1262294121587024,-0.0103555418901367,0.063577784403232,0.0742309018960457,0.0052635013598193,0.0145034752672601,0.0217267490498839,0.1115475987188531,0.0508758084029128,0.0551277245189465,4.634458044609856,1.8778885641970533,1.9927811386377567
W3870,0,0.2307692307692307,0.0,0.2307692307692307,0.0,0.0,0.2307692307692307,0.0,0.2307692307692307,0.2307692307692307,0.0,0.0,0.0,0.0,0.2307692307692307,0.0,0.2307692307692307,0.2307692307692307,0.2307692307692307,0.0,0.2307692307692307,0.2307692307692307,0.0,0.0,0.2307692307692307,0.0,0.0,0.0,0.0,0.0,0.2307692307692307,40.0,0.0,0.0,0.0,0.0,0.0,0.0,0.0,0.0,0.0,0.0,0.0,0.0,0.0,0.0
W3870,1,0.4412843455202853,0.0,0.3599228790373578,0.0,0.0,0.4041888731659609,0.0,0.4464466008017396,0.4550183727611903,0.0,0.0,0.0,0.0,0.3505513651638686,0.0,0.31095310410256,0.4466400951709502,0.393091790676706,0.0,0.3089227075873609,0.3305093101015136,0.0,0.0,0.2738584958891037,0.0,0.0,0.0,0.0,0.0,0.4027521965690295,29.28425562681871,0.6909172541557812,0.8041314677557148,0.6427523431316969,0.8832987814395061,0.3428653980928284,0.5395082303250676,0.4352820831454422,0.1398373959992831,0.2888745673367822,0.2185807573687161,0.0549693880844636,0.4442171182867991,0.3542235989734084,0.487638058892741
W3870,2,1.1953027376316396,0.0,0.9637139129308244,0.0,0.0,1.2913132059069643,0.0,1.1732034842762915,1.1297481745784996,0.0,0.0,0.0,0.0,0.7192813761665577,0.0,0.4653330861160807,0.6896076256431608,0.7352564678524878,0.0,0.4917982321338449,0.6776849017860663,0.0,0.0,0.4454786856286281,0.0,0.0,0.0,0.0,0.0,0.5862002623294648,14.553133947503277,1.53910202553158,1.3015682211942734,1.531076337565637,1.638516103693794,0.8563676152267654,1.5768229993064888,1.0741109939466242,0.4187973757020619,0.6125751269590533,0.3889424057451581,0.2676901615345343,1.6988575206026657,0.9084910974528252,1.9017326208532133
W3870,3,2.430648053896517,0.0,1.4579327493023373,0.0,0.0,2.6106852568360432,0.0,1.871110603498296,2.1123655850183387,0.0,0.0,0.0,0.0,0.8301493319755758,0.0,0.3978584992517237,0.8952451237020136,0.9392745782268423,0.0,0.6409063649979528,0.8894565311488304,0.0,0.0,0.5068943811339827,0.0,0.0,0.0,0.0,0.0,0.8672936376377642,0.0469238808663388,0.5874188910394248,0.8351823806816894,0.4671613504734931,0.2060712267967501,0.266723467520818,0.7626097484025308,0.3828022705814023,0.6817979413156685,0.9878417393255868,0.3304476532835636,0.7038657007719231,3.7969100875210153,1.6439516144418425,3.1668044560622155
W3870,4,1.4406071915264862,0.0,1.1338848313081384,0.0,0.0,1.6155274207917778,0.0,1.5368116799764195,1.7292380586219964,0.0,0.0,0.0,0.0,0.6856237289046991,0.0,0.3096397046317358,0.9140795705468888,0.7103004206821758,0.0,0.4597409161270726,0.7124590734339402,0.0,0.0,0.372482320456006,0.0,0.0,0.0,0.0,0.0,0.6255180539246625,-0.0842049655988804,0.0840313405203645,0.1183921926853829,0.0679562587186892,-0.0250804907573561,0.1814275786646859,0.1117530335503057,0.1082785138952776,0.3222699852112399,0.5940114394087659,0.167861570445949,0.4277676845092359,4.060441888996342,1.4828457030686777,3.4281515901510624
W3870,5,1.0007253803939808,0.0,0.4049540865294641,0.0,0.0,1.1014306959067186,0.0,1.084441134627189,0.8565213477245633,0.0,0.0,0.0,0.0,0.4807579404648774,0.0,0.1778958708963515,0.632700248184801,0.3301542538207432,0.0,0.3440142879246676,0.3240183866796363,0.0,0.0,0.1774661515355768,0.0,0.0,0.0,0.0,0.0,0.3535912308870865,-0.0142408482114885,0.0320552361174495,0.0634131469123467,0.1579912484438579,0.0090759660942338,0.0043931225700725,-0.0254988035040443,0.0630205293246175,0.2134992893657053,0.2994688636191255,0.1535346817040741,0.2996245036225804,4.798100580762733,1.3550953548488442,3.966192086969976
W3870,6,0.5972172356506902,0.0,0.364661814550577,0.0,0.0,0.5945464052032278,0.0,0.6546022510018727,0.6884750317127863,0.0,0.0,0.0,0.0,0.3107421735917162,0.0,0.0991267803199518,0.4181887767098948,0.2722716135063845,0.0,0.2278762390810355,0.2419669432518036,0.0,0.0,0.1453146795162422,0.0,0.0,0.0,0.0,0.0,0.2099473730554601,-0.0440678995479416,0.0129319332320079,0.0542453620025967,-0.0257206428474464,0.1173194795290095,-0.0215508518571672,0.0585185374997552,0.0217595924209732,0.133255151009458,0.2790565284555091,0.0536853649760688,0.1580611068247413,4.649086776105391,1.2506459189942902,4.460668040768319
W3898,0,0.1764705882352941,0.0,0.1764705882352941,0.0,0.0,0.1764705882352941,0.1764705882352941,0.0,0.1764705882352941,0.1764705882352941,0.0,0.1764705882352941,0.1764705882352941,0.1764705882352941,0.0,0.0,0.0,0.1764705882352941,0.0,0.0,0.1764705882352941,0.0,0.1764705882352941,0.1764705882352941,0.1764705882352941,0.1764705882352941,0.1764705882352941,0.0,0.0,0.1764705882352941,40.0,0.0,0.0,0.0,0.0,0.0,0.0,0.0,0.0,0.0,0.0,0.0,0.0,0.0,0.0
W3898,1,0.3155178197371912,0.0,0.2619603696629921,0.0,0.0,0.3239888404642937,0.3134918645737027,0.0,0.3548103970453318,0.2819489073091131,0.0,0.2720719685485154,0.224532979104693,0.2774734705726455,0.0,0.0,0.0,0.2353560319005734,0.0,0.0,0.2468129505513757,0.0,0.2612920778742767,0.2668495404722547,0.2677562070980732,0.2536144107730826,0.2671340860871848,0.0,0.0,0.2972361468048481,31.73647258671233,0.4670229175285884,0.6382392009510123,0.8146711224876072,1.0997672201725492,0.2277656281847044,0.5440819470538517,0.4545029614075389,0.2660960356207567,0.168411917143959,0.0833649945455118,0.1276588249243781,0.6026746942831596,0.3105853067230222,0.3464986356344142
W3898,2,0.924518650963682,0.0,0.7953675705815855,0.0,0.0,0.752298258249768,0.988612356341728,0.0,0.9499788768886744,0.612385466580794,0.0,0.4258077797597515,0.2600737021257588,0.5564517698707788,0.0,0.0,0.0,0.5673538621602259,0.0,0.0,0.5092732423112547,0.0,0.4903985027949544,0.3699076627753017,0.4749123738777203,0.5455572153841257,0.5820831228137198,0.0,0.0,0.541502378040601,13.277652551721758,0.9530221871391136,1.229511553095609,1.3198455928514878,1.7927847718934646,0.5190797945373712,1.564360476659343,1.1546222091317917,0.8425771621555259,0.4286040169935761,0.2998056928167207,0.3392770583935811,2.179772589150124,1.1923972394457425,1.1976186208511044
W3898,3,1.7831527813788153,0.0,1.198591730905162,0.0,0.0,1.6580894852728658,1.9023491170576023,0.0,1.9327230826470445,0.8607280293646016,0.0,0.407563837957595,0.3664640373274151,0.5929380993956161,0.0,0.0,0.0,0.6492326061535356,0.0,0.0,0.7346633546034013,0.0,0.5293044457875586,0.3160586394958551,0.6823680883569588,1.0647941638187628,0.5861957320751625,0.0,0.0,0.6605320641488341,0.0638207115286838,0.3831196391674775,0.4132586658883406,0.3754414125390048,0.3206404790444334,0.2428115644770853,0.6541904978961505,0.802882814332133,0.9172253857109474,0.5949536024811655,0.387750471857239,0.4249067263955472,4.220430452859325,1.9901769430632856,2.6992288737168413
W3898,4,1.3075805478623328,0.0,0.8104171683589995,0.0,0.0,1.263391433898997,1.312495855281891,0.0,0.9869713538569804,0.721989914158357,0.0,0.2755158153770385,0.3990371148795745,0.5747944851675869,0.0,0.0,0.0,0.5039853754823992,0.0,0.0,0.5054137114976062,0.0,0.3501966142432223,0.2452056304873087,0.3908139274396931,0.8234667134118342,0.480423649320878,0.0,0.0,0.4320145900232093,0.0617925405162469,0.0523051806281806,0.0963496773742298,0.1226305564952809,0.0503183071241382,0.128254388152924,0.136003320432411,0.1100680818174046,0.320288321464489,0.4105686154335466,0.2436201240649839,0.3476139712442426,4.925601681519807,2.182354448176885,3.4056821892092217
W3898,5,0.8051361908800072,0.0,0.5490616876356422,0.0,0.0,0.7264892563079298,1.0387228123942815,0.0,0.8441738797391949,0.4818580044897115,0.0,0.1686955521630046,0.2800100866712826,0.3688311772785057,0.0,0.0,0.0,0.3743344995236306,0.0,0.0,0.3540455080700024,0.0,0.2276790756872398,0.1886000843879194,0.2582881463400653,0.8051337665802263,0.335006595474542,0.0,0.0,0.293150550177241,0.0145619684607825,0.077672185805261,0.0216921074704743,0.0557992050581416,0.0010417274511091,0.0007189474281581,0.0773973119111973,0.0092372132936324,0.1917615144713466,0.1751482987865069,0.1342788551624509,0.2381368868834681,5.397653725566268,1.7927547975075182,2.994363805747722
W3898,6,0.4027178362936968,0.0,0.3463349893193196,0.0,0.0,0.5732188218747345,0.509867840226297,0.0,0.562825293153552,0.2562493281051,0.0,0.128363072655798,0.1845269777238868,0.2531750839376894,0.0,0.0,0.0,0.2196589134348151,0.0,0.0,0.1774305857571561,0.0,0.1230640815740423,0.1059609282371059,0.1465675558442927,0.5420109622385547,0.2223299072049341,0.0,0.0,0.1962556356207381,0.0089547245896885,0.0820032490806892,0.0623169660247615,-0.0434352663897343,0.0069570248104769,0.0317982409678517,0.0122731023900914,0.0669053943866599,0.1948102712391199,0.1561466274245698,0.0268928160058208,0.1237998186403306,5.509893621029227,2.175636850730106,2.8018414879668443
W3937,0,0.3,0.0,0.3,0.0,0.3,0.0,0.0,0.0,0.3,0.0,0.0,0.0,0.3,0.0,0.0,0.0,0.0,0.0,0.3,0.3,0.0,0.0,0.0,0.0,0.0,0.3,0.0,0.0,0.3,0.3,40.0,0.0,0.0,0.0,0.0,0.0,0.0,0.0,0.0,0.0,0.0,0.0,0.0,0.0,0.0
W3937,1,0.596943776240719,0.0,0.4349019096661274,0.0,0.5423136735356506,0.0,0.0,0.0,0.5628230176530442,0.0,0.0,0.0,0.4202584030952301,0.0,0.0,0.0,0.0,0.0,0.4284311699593288,0.3437232275926363,0.0,0.0,0.0,0.0,0.0,0.4826373655461377,0.0,0.0,0.4402645232792454,0.4259568124857629,28.95121387620449,0.6557867177258544,0.7717441507368089,0.5407004022755812,0.7520804541246797,0.2495964525456844,1.1140564871451255,0.2438213889726202,0.0904756553367899,0.1665308635600355,0.2436208196134597,0.0998108785420582,0.3909131092550066,0.3491391132406354,0.514840888088065
W3937,2,1.703520449224179,0.0,1.2846865706329862,0.0,1.6180374280608567,0.0,0.0,0.0,1.2675270223873554,0.0,0.0,0.0,0.5033568051259425,0.0,0.0,0.0,0.0,0.0,0.8376256171526316,0.6183131631392927,0.0,0.0,0.0,0.0,0.0,0.897088670698478,0.0,0.0,0.7834943483161942,0.8443835758960162,11.517505347080288,1.063698990504837,1.1630851161786515,1.1266674273578312,0.8352688208540483,0.5862012885411072,2.3318445815940474,0.7425961474653398,0.4412602091308398,0.3506543727099267,0.4544778470780212,0.3374397162125956,1.485484913848374,1.2461597505292032,1.4645639927237497
W3937,3,2.804217720794165,0.0,1.6600894921985474,0.0,2.729057151644832,0.0,0.0,0.0,2.545451126887885,0.0,0.0,0.0,0.6526245868070142,0.0,0.0,0.0,0.0,0.0,0.7524587388795273,0.8060086783605979,0.0,0.0,0.0,0.0,0.0,1.5651535197680335,0.0,0.0,0.9225112892523414,0.9766462696979182,0.0793436665561269,0.415497807770489,0.6583837468473653,0.4638990368408958,0.2622176379681272,0.2296462190522604,0.6324334104572643,0.5920406004651626,0.521462589988948,0.3156307437132343,0.5083021993153004,0.6296632329481415,3.0127917390548187,2.659011408228729,2.5682315617282567
W3937,4,1.8855984216826556,0.0,1.573575989984135,0.0,2.610331288975289,0.0,0.0,0.0,2.472039027952355,0.0,0.0,0.0,0.5482556466986375,0.0,0.0,0.0,0.0,0.0,0.6185053096022572,0.5849706279715888,0.0,0.0,0.0,0.0,0.0,1.7992101921221468,0.0,0.0,0.6481624604571408,0.8572432708811698,0.0210030139746218,0.0374882391458885,0.1212422393582545,0.0888257607827853,-0.037909283811898,0.0508752937518225,0.1673502902651577,0.1097068323202753,0.4588139751813554,0.234733389728524,0.3328758193101417,0.2890803713639305,2.76060837114782,2.631553148588275,2.572769973553294
W3937,5,1.1709029790732304,0.0,0.8089381305840815,0.0,1.862065096390076,0.0,0.0,0.0,1.0161158225215845,0.0,0.0,0.0,0.4396832607802814,0.0,0.0,0.0,0.0,0.0,0.4985100871807955,0.4226809738809049,0.0,0.0,0.0,0.0,0.0,1.4647761342477066,0.0,0.0,0.4550040831250084,0.5703752338110988,0.0634432286101996,-0.002692169687219,-0.0682668543539986,-0.0141910765265679,-0.0236618686228799,0.007848316563517,0.0100923766039733,0.0356368656090611,0.3747187518782522,0.1333778442090578,0.1770874696320504,0.1382627652938989,2.3357712593252407,2.3187114327474787,3.4032718820891774
W3937,6,0.7295837491878815,0.0,0.7013455172266769,0.0,1.2840074176585716,0.0,0.0,0.0,0.7702153854775096,0.0,0.0,0.0,0.2856974949993815,0.0,0.0,0.0,0.0,0.0,0.3107380737340768,0.2571771376046675,0.0,0.0,0.0,0.0,0.0,1.1337479329454334,0.0,0.0,0.2168625933751247,0.2416974821758709,-0.0420845779481967,0.0199283543982638,-0.0281630751306676,-0.007213724017842,-0.0448812237702819,-0.0226729723803712,0.0649663992896185,-0.0584890434613102,0.2142799207352124,0.1782654105760743,0.0766560797866054,0.1214212602977409,2.176056216510541,2.240121043765479,3.483496898343053
W3954,0,0.2,0.0,0.2,0.0,0.2,0.0,0.0,0.2,0.0,0.0,0.0,0.2,0.0,0.0,0.2,0.2,0.2,0.2,0.0,0.2,0.0,0.2,0.2,0.0,0.0,0.0,0.0,0.2,0.2,0.2,40.0,0.0,0.0,0.0,0.0,0.0,0.0,0.0,0.0,0.0,0.0,0.0,0.0,0.0,0.0
W3954,1,0.3887675237255112,0.0,0.2912618308467403,0.0,0.3760640795191751,0.0,0.0,0.3803592231955934,0.0,0.0,0.0,0.3264667954377109,0.0,0.0,0.2710274328379662,0.2771191737400958,0.2861895338314436,0.3681195747747614,0.0,0.2732450071987037,0.0,0.368435066061788,0.3324683610907433,0.0,0.0,0.0,0.0,0.2796082804715403,0.3053514198035289,0.332548446687273,35.45249351675713,0.5433451768476041,0.8304662904209612,0.8754039261387416,0.7715580842901959,0.2293643768590567,0.4707220819509127,0.4071136369071742,0.1598881962289685,0.3199233257620704,0.2466544793488639,0.044263364775485,0.280578865738338,0.3574094594238601,0.5800462557405163
W3954,2,0.9710266340312186,0.0,0.8057054395575687,0.0,0.8484056942761445,0.0,0.0,0.9317562972845752,0.0,0.0,0.0,0.4348943522549419,0.0,0.0,0.5195693155968344,0.3655128040474321,0.7260661989369032,0.5737742397165518,0.0,0.5143183858747561,0.0,0.8527948122789756,0.3584805855045494,0.0,0.0,0.0,0.0,0.6566755852070502,0.5768340594563528,0.5590618230844472,12.14354430185873,1.39257565309927,1.7250737328301295,1.5786171850231918,1.272148569533803,0.7549056138653906,1.233135081698542,0.8822215974731473,0.599093100818376,0.7949251409844621,0.4522758024074483,0.1974100282140756,1.3304979950855185,1.0395224708739206,1.9843617325346905
W3954,3,1.834472365780551,0.0,1.3828838806575137,0.0,1.869638802129595,0.0,0.0,1.806310871799835,0.0,0.0,0.0,0.5034893418021464,0.0,0.0,0.5453078093548367,0.236120021163623,1.1170168635443076,0.7486830174874428,0.0,0.5877356331395731,0.0,1.2102849067619177,0.6681652965130436,0.0,0.0,0.0,0.0,0.8646392071305328,0.8819081287434771,0.7497631050790547,0.1021346689725884,0.4373799030168441,0.5673699585914034,0.6941056906478748,0.8149481478313887,0.4978976306156165,0.8627628712213801,0.7350140730624644,0.559816838454295,1.155915740038975,0.4335349006295165,0.1652462799265755,2.2284682084611247,2.251959320264089,3.4107866723606417
W3954,4,1.271137038395808,0.0,1.0263015934648478,0.0,1.5786691555839591,0.0,0.0,1.3601542040491157,0.0,0.0,0.0,0.3634580415004931,0.0,0.0,0.4583764374989373,0.2018776568222792,0.920185278584059,0.7053539967388457,0.0,0.4526656759602153,0.0,0.9179327915882964,0.5594751097006289,0.0,0.0,0.0,0.0,0.7400769439588466,0.5842909979393325,0.6027766721028008,0.075772221208388,0.0371590972954564,0.0906426689375002,0.1208685557434222,0.1746901162825351,0.1577370089991338,0.1849549493111096,0.1625602877653302,0.3118553640472423,0.7799073343629046,0.2497502744442755,0.1610642814235534,3.3765486766906947,2.77264233728578,4.385763348820541
W3954,5,1.0848790511591788,0.0,0.7134850874747545,0.0,1.326689175624311,0.0,0.0,0.9370132580374456,0.0,0.0,0.0,0.1887562020033253,0.0,0.0,0.3431042346518173,0.1439247218429769,0.5642636214248308,0.3839288651542972,0.0,0.3126699368447724,0.0,0.660577101129623,0.2882756809978207,0.0,0.0,0.0,0.0,0.5125231405547523,0.3813384048469471,0.3784871506184494,-0.0008812918955238,0.0842232408318858,0.0284178150868554,0.0770624716310476,0.0720760872925082,0.0515162567693356,0.1136323404077081,0.0631438309064663,0.2013302237548477,0.4249393824042763,0.1036056391555433,0.0942757498254633,2.695172777643703,2.861870799635526,3.679741306633725
W3954,6,0.587440690451089,0.0,0.4417418276884275,0.0,0.9433556374451428,0.0,0.0,0.7962786233775918,0.0,0.0,0.0,0.1186013093988418,0.0,0.0,0.212028383018277,0.0913562531353745,0.3639284360923897,0.2617860002639662,0.0,0.2150795449350716,0.0,0.4595800910793159,0.1830832143224544,0.0,0.0,0.0,0.0,0.3308875835553039,0.2732541736124526,0.2870813720149875,0.0142815128321989,0.0202095557433182,0.0351192954673848,0.1222157470198122,0.0528505932638983,0.0275607818057561,-0.0838678489922056,0.0680929628767551,0.0540727863801747,0.332930673137735,0.0794116084608397,0.0038285122102862,1.9901641612829584,2.5089960583826443,3.468964502768448
W3963,0,0.25,0.0,0.25,0.0,0.25,0.0,0.0,0.25,0.25,0.0,0.0,0.0,0.0,0.25,0.25,0.0,0.25,0.0,0.25,0.0,0.25,0.0,0.0,0.0,0.0,0.0,0.0,0.25,0.25,0.0,40.0,0.0,0.0,0.0,0.0,0.0,0.0,0.0,0.0,0.0,0.0,0.0,0.0,0.0,0.0
W3963,1,0.5376180373906193,0.0,0.4578995162270953,0.0,0.4207232014768533,0.0,0.0,0.5007780793131318,0.4492069865329288,0.0,0.0,0.0,0.0,0.3821140935039396,0.3777714790438706,0.0,0.3881540570608553,0.0,0.3272041175410461,0.0,0.4293689075436077,0.0,0.0,0.0,0.0,0.0,0.0,0.4151740332131824,0.3899576005096443,0.0,30.74547555111944,0.5696645926791101,0.8131404185701129,0.6017108592976593,0.8533733684579694,0.3684862949298841,0.8229814367225077,0.321626139041818,0.1610633385172065,0.2441630412339708,0.1345203790044837,0.1679487354317364,0.5109683941365809,0.3358039015682963,0.5113662682033384
W3963,2,1.0429445607746612,0.0,1.056477040374858,0.0,1.1238481199906425,0.0,0.0,1.1601604701159582,1.428452606677849,0.0,0.0,0.0,0.0,0.6968050516113786,0.5376862187147043,0.0,0.7786138153105814,0.0,0.632206998945133,0.0,0.6575247080047841,0.0,0.0,0.0,0.0,0.0,0.0,0.774026003419066,0.7506268951650286,0.0,10.251706995803632,1.1503596885235106,1.6524087602942303,1.0485515438329411,1.2209472646356092,0.8023933308814066,1.8450117438952345,1.0001053355037277,0.4130136246641236,0.7647920478240249,0.3782011786082962,0.3307577727533222,1.4700634461902269,1.0343289510796514,1.6743045002573491
W3963,3,2.010848893603899,0.0,1.8983957000991625,0.0,2.475152010785427,0.0,0.0,2.015851178673549,2.217872842094037,0.0,0.0,0.0,0.0,0.6900224796598656,0.7309063062391282,0.0,1.016971673679631,0.0,0.6178564175258185,0.0,0.8455267789513997,0.0,0.0,0.0,0.0,0.0,0.0,1.1122267475662562,0.697357037027469,0.0,0.0977791147340558,0.2998308530212828,0.3950426499029703,0.4513366300405463,0.2408586179498471,0.2301437898458576,0.5614003968717745,0.6714611740863649,0.4203616200980705,0.7178406833459275,0.2613003429882081,0.4969535101847316,2.816310457393848,2.674852652996276,3.1020088750938983
W3963,4,1.4964375698422496,0.0,0.9058355211959684,0.0,2.110711290085245,0.0,0.0,1.559492487764169,1.7677159522237873,0.0,0.0,0.0,0.0,0.5664907667371124,0.545518320155716,0.0,0.8023648586845619,0.0,0.489936062158575,0.0,0.665649043093459,0.0,0.0,0.0,0.0,0.0,0.0,0.8476315383603048,0.7260102098266786,0.0,-0.0018876518861456,0.0125637493676236,0.0512184598340923,0.138078814755914,0.0780094776531906,0.1426761331420638,0.1453070113156194,0.2034995543538939,0.2126330198438107,0.5883375968722615,0.2160876865485163,0.2658054034498529,2.7966263778369798,2.2251731498242773,3.786319529222935
W3963,5,0.9230996762383372,0.0,0.6312359636328013,0.0,1.2681750679070452,0.0,0.0,0.8589664668734535,1.318711402417453,0.0,0.0,0.0,0.0,0.3591668249521151,0.3790296608817612,0.0,0.5196375585752829,0.0,0.3473866622510228,0.0,0.3803974051829847,0.0,0.0,0.0,0.0,0.0,0.0,0.5740545252362113,0.3790426541524189,0.0,-0.0076116909619034,0.035501306820361,0.040762954755076,0.0926518166844707,-0.04363152740687,0.0270572678425783,-0.0100345679833031,0.0309259833281987,0.1231222027375699,0.3981119964643153,0.1387500579646014,0.106916267696917,2.32996097014972,2.3894334323475186,4.791676290810137
W3963,6,0.5407084843060692,0.0,0.3967955232894413,0.0,0.8591082000193713,0.0,0.0,0.723011988719399,0.7887557465523751,0.0,0.0,0.0,0.0,0.3066464231900623,0.2129791415057194,0.0,0.3697240429384307,0.0,0.2260384342407785,0.0,0.2500463801177141,0.0,0.0,0.0,0.0,0.0,0.0,0.350544495764173,0.2441926495107613,0.0,-0.0354562441514526,0.0109596789767764,-0.0436812859773923,-0.0790960900025254,-0.0147407494888412,-0.0009537045696033,0.0607222252245106,0.0572068260346545,0.1581376215444573,0.1791175747576181,0.0410689972153931,0.1715919313352316,1.7529955129659804,1.9816873388456533,3.4854495436162125
W3999,0,0.2,0.0,0.2,0.0,0.2,0.0,0.2,0.2,0.0,0.0,0.0,0.0,0.0,0.2,0.2,0.0,0.2,0.2,0.2,0.0,0.2,0.0,0.0,0.0,0.2,0.2,0.2,0.2,0.0,0.0,40.0,0.0,0.0,0.0,0.0,0.0,0.0,0.0,0.0,0.0,0.0,0.0,0.0,0.0,0.0
W3999,1,0.3814172326751864,0.0,0.3551965986026129,0.0,0.3347540720981013,0.0,0.412921950813514,0.2937834187831825,0.0,0.0,0.0,0.0,0.0,0.3215179463798384,0.3015302778730445,0.0,0.3282807974467039,0.3022250511235571,0.2808715995713061,0.0,0.2923898878886317,0.0,0.0,0.0,0.2912506875320939,0.3077202713010712,0.3099854300910795,0.3193829981346179,0.0,0.0,27.97180470187208,0.4979825990917214,0.909509998682266,0.510164489445091,0.932636149592508,0.3378478811842581,0.5489025509131265,0.498518835106834,0.2216466820578037,0.3035423705116482,0.0523855433680118,0.0479798841057948,0.613595537512923,0.3452158116919828,0.317602330338929
W3999,2,1.1351671139309358,0.0,0.8404121405250433,0.0,1.038207066666193,0.0,1.0384210050543718,0.9590878016077372,0.0,0.0,0.0,0.0,0.0,0.5387132808177428,0.3957904085336498,0.0,0.664942433746928,0.548282423526384,0.5157235552106867,0.0,0.5244909490850678,0.0,0.0,0.0,0.6397583059104306,0.727924518549718,0.5138700993235372,0.5550069530143056,0.0,0.0,10.79925908090413,0.6945511727884642,1.6486831446094552,1.044115776889177,1.3797286530433093,0.8393361606542923,1.1015043552825894,1.4625198697498587,0.3774020883641216,0.6092668214732795,0.1942364545611936,0.2578085556454634,2.282077792794222,1.500457692892469,1.3055557255415342
W3999,3,1.6098274551869958,0.0,1.4429434115796331,0.0,1.950801876036904,0.0,2.2965083049957054,1.5867560591571022,0.0,0.0,0.0,0.0,0.0,0.6168572217641648,0.606186931646262,0.0,0.7298816992418861,0.7932949414842554,0.6023470245107877,0.0,0.7340375716738836,0.0,0.0,0.0,0.6624130170161739,0.9087269681571616,0.5925483358894728,0.6540917666083363,0.0,0.0,0.0316953662539985,0.2479672496613674,0.4787969732736536,0.357208238066514,0.5604461661938736,0.3688056125992713,0.5096237708419967,0.7535160832008573,0.369842505664514,0.6148807581765031,0.2354429870376347,0.3091793528247073,3.5555493998729557,3.3189816761398623,2.634282587821315
W3999,4,1.215541049424204,0.0,0.9106470001018016,0.0,1.7817956600960585,0.0,1.2508196889161278,1.4578652319594634,0.0,0.0,0.0,0.0,0.0,0.563873800417082,0.4141875591890026,0.0,0.6417924485516143,0.523162224292895,0.348697169698721,0.0,0.6422454289481012,0.0,0.0,0.0,0.5102878850021206,0.9171216806766312,0.4449631632514392,0.7052404187121993,0.0,0.0,0.0066736256494998,0.0271514378580697,0.1054720991483762,0.0942082851245712,0.2377759454372831,0.1382823510018332,0.117956208415044,0.0904980868261007,0.2611475569429732,0.4473811399677565,0.1424451279074998,0.1816555338509407,3.5610222154383417,2.657957528795774,3.834805288545376
W3999,5,0.7565661252444577,0.0,0.4885882535119205,0.0,1.0365817248454456,0.0,0.7392219819622821,0.8374076228236268,0.0,0.0,0.0,0.0,0.0,0.3435006583443958,0.2656730183296363,0.0,0.3890782506587221,0.3071398057014916,0.2759685460059298,0.0,0.334395772592108,0.0,0.0,0.0,0.3735925310160775,0.9953094940718222,0.2736004552524528,0.395661825602752,0.0,0.0,0.0570973980999415,0.0254413373762424,0.1027091913788529,0.0714692655853707,0.04596646305622,0.0921680823025079,0.0356803521377188,0.0278430980162463,0.1624105864990533,0.2651798811422241,0.0201359419524553,0.1119053200704956,3.565586255658107,3.3094407151468186,2.902325241235418
W3999,6,0.4887454773582912,0.0,0.2852529563221217,0.0,0.7504538965982173,0.0,0.6067268184504223,0.5170916280098409,0.0,0.0,0.0,0.0,0.0,0.2218878517022435,0.189785009547266,0.0,0.2234349899299023,0.1936671984097414,0.1667903719547027,0.0,0.1965810421998378,0.0,0.0,0.0,0.1954966564508185,0.6745102306167765,0.20245170164488,0.2778335279656929,0.0,0.0,0.0312763164086648,-0.1092013183506108,0.0050087475081296,0.0529291284655978,-0.0034771001737434,0.046854000683402,0.0039253458883179,0.0985276841524503,0.0120087055307131,0.1405959879189916,0.0298939918725869,0.0290702995902129,2.9840471037753065,2.438909315922229,3.899446277397667
W4039,0,0.2,0.0,0.2,0.0,0.2,0.2,0.0,0.0,0.2,0.2,0.0,0.2,0.2,0.0,0.2,0.0,0.2,0.2,0.0,0.0,0.2,0.0,0.2,0.0,0.2,0.0,0.0,0.0,0.2,0.0,40.0,0.0,0.0,0.0,0.0,0.0,0.0,0.0,0.0,0.0,0.0,0.0,0.0,0.0,0.0
W4039,1,0.3761755365023694,0.0,0.3473450574404054,0.0,0.3472077292467286,0.3813833864691624,0.0,0.0,0.367999124891899,0.3367479611985813,0.0,0.2929509984992343,0.2439468668905281,0.0,0.3448393999734288,0.0,0.3493475223740753,0.3079602508514728,0.0,0.0,0.2645186754555807,0.0,0.2442206020112967,0.0,0.3364431358774032,0.0,0.0,0.0,0.3064170059694779,0.0,39.04314661266895,0.5301979450286016,0.7288384875705257,0.8888102118992516,0.893873254314614,0.311669312567724,0.7770339799770875,0.4440657319486322,0.1807595695735439,0.404496921934327,0.1862558547279174,0.059560956775702,0.5234472480691593,0.5091782484889089,0.3498820595747985
W4039,2,0.8869661062371534,0.0,0.9057637867436156,0.0,0.8329951340869352,0.9242626818784162,0.0,0.0,0.9729590421285964,0.8123568520906147,0.0,0.4097114171577856,0.3393413186616796,0.0,0.4781428601351227,0.0,0.6194919157075233,0.5655597095597424,0.0,0.0,0.5518780767315055,0.0,0.652055184520167,0.0,0.6220168225625642,0.0,0.0,0.0,0.5023144286369723,0.0,10.652840053060038,1.2792425741494229,1.407778163231051,1.428354000854365,1.482868116062218,0.613813711035394,1.551409993276193,1.00091197651637,0.5309359807868168,0.9890090217837718,0.395211409261916,0.2674373687720289,1.554135410829556,1.443142751678531,1.4284249950177008
W4039,3,1.7588979876752764,0.0,1.623331735831654,0.0,1.978794666256728,1.750704120595123,0.0,0.0,1.7987339862534455,0.941954226715586,0.0,0.3929548749369674,0.4560884620162582,0.0,0.5510062813191967,0.0,0.9875677025196644,0.780999616558097,0.0,0.0,0.7513338825684912,0.0,0.5985898372343975,0.0,0.7775205280291506,0.0,0.0,0.0,0.7132010434611046,0.0,0.0705469645633902,0.5423427602079686,0.5559057577744833,0.432753553696249,0.4691795735318914,0.1648334614371267,0.6111005532759328,0.566005059549789,0.5860840662394453,1.174965905071795,0.333874165687806,0.3268144002913143,3.983215657906764,2.742209445265199,3.289380483106535
W4039,4,1.324692165748536,0.0,1.0467276474158909,0.0,1.3623267992292745,1.2088654465931814,0.0,0.0,1.1852125223827006,0.869505715018758,0.0,0.3433390039761733,0.4074409483147788,0.0,0.4919813420357788,0.0,0.8892175772776962,0.6117282298942885,0.0,0.0,0.5571175088202496,0.0,0.4174159102398986,0.0,0.4899619247284421,0.0,0.0,0.0,0.5200943631165992,0.0,-0.0204806661572763,0.0232031075497473,0.1181045221783008,0.0722801180947995,0.1129453732786422,0.0462842366553485,0.1180175056380734,0.1105205559886436,0.3098624372252641,0.7488542438210105,0.1885104114023835,0.1922984908741573,2.770725947098614,3.509517536809888,3.3045514868240886
W4039,5,0.8193911134111979,0.0,0.5405919870788756,0.0,1.1150097318597625,0.8189644355746928,0.0,0.0,0.7946318887645518,0.5601025433217266,0.0,0.2016482347206558,0.3382709764501128,0.0,0.3381545713238559,0.0,0.5706501440454007,0.4048837160711546,0.0,0.0,0.3801643292147799,0.0,0.2653625046011551,0.0,0.3849207613632174,0.0,0.0,0.0,0.3237500451615069,0.0,-0.0326789615268342,0.044539858188228,-0.0216069571158042,-0.0373640125243206,0.1078743795906955,0.0198621347410966,0.0272510952995338,0.0508670104609779,0.1953101073276801,0.3823639824033587,0.1323148538577341,0.0698648859558345,2.677068635291372,2.7129254325756524,3.5167551133804973
W4039,6,0.4846946423252946,0.0,0.4255554797838479,0.0,0.8328500461607344,0.545445750472004,0.0,0.0,0.5461350587878524,0.3322967977263946,0.0,0.1747949095789554,0.3020946705042762,0.0,0.1990727127963641,0.0,0.4074447793635707,0.252050006379573,0.0,0.0,0.2260423517850328,0.0,0.1605366279588297,0.0,0.2296699379489403,0.0,0.0,0.0,0.1890223103705561,0.0,0.0326009933179738,0.0254520037176634,-0.0094752533728328,0.0320833320659387,0.0659566162003972,-0.0517157073465501,0.013904735394555,0.0022064676337494,0.1017526527694759,0.29772144687192,0.0599198954941151,0.0733366732911624,3.161447961333787,2.814670834304098,3.9730333195795295
W4107,0,0.1875,0.0,0.1875,0.1875,0.0,0.0,0.0,0.0,0.0,0.1875,0.1875,0.0,0.0,0.1875,0.1875,0.0,0.0,0.1875,0.1875,0.0,0.1875,0.1875,0.0,0.1875,0.1875,0.1875,0.0,0.1875,0.1875,0.0,40.0,0.0,0.0,0.0,0.0,0.0,0.0,0.0,0.0,0.0,0.0,0.0,0.0,0.0,0.0
W4107,1,0.3755250990205194,0.0,0.3264035032244236,0.3230552207558483,0.0,0.0,0.0,0.0,0.0,0.2815535474731578,0.2749069349157645,0.0,0.0,0.2828279903672185,0.2546879949347765,0.0,0.0,0.3008692961787252,0.2694188625342304,0.0,0.3141421367330394,0.2838743946679428,0.0,0.2717650291353355,0.2993703550147858,0.2514138302015517,0.0,0.2942423605460603,0.3189411129829485,0.0,27.309211667162195,0.5442138620380098,0.7389883774254863,0.7701708607275721,1.0085039925834842,0.4002347658947368,0.7061622990446413,0.4718786802824584,0.1032927786859589,0.0305081930838427,0.1587000135839211,0.1796351920021616,0.5070115746338952,0.4600593234028794,0.455979087156357
W4107,2,0.9705414731131105,0.0,0.8640791457575694,0.7919265314700651,0.0,0.0,0.0,0.0,0.0,0.7441527682252735,0.4964381760649394,0.0,0.0,0.4366645970766318,0.4929676242397697,0.0,0.0,0.5599124437725802,0.5121954733302426,0.0,0.5234640840366983,0.6004040811867914,0.0,0.3550434107455409,0.541195935207147,0.5096239074491352,0.0,0.6104424167596149,0.4802315280030809,0.0,13.9038676774825,0.8093645338822839,1.6577279972839558,1.3318130687693632,2.0411073120290792,0.7748494444489986,1.3430157371256837,1.4243813516176105,0.3704323563827897,0.3084324616689239,0.3952626999722129,0.2255557024595136,1.8348136094351608,1.426973248816382,1.2449820989143068
W4107,3,2.0358902218924677,0.0,1.6824940065648106,1.543147040546066,0.0,0.0,0.0,0.0,0.0,0.9304187146443168,0.6760243875816773,0.0,0.0,0.6490469074386879,0.5742443066072399,0.0,0.0,0.6444950416073023,0.5838538195461572,0.0,0.9591586203796728,1.2082563814057603,0.0,0.3520686349605169,0.7801276374243733,1.1445926172275065,0.0,0.5985626562473408,0.6136544583251963,0.0,0.0474462045958511,0.3689286923655741,0.9141037019521716,0.6416895588889046,0.8449237723237333,0.4054970885931143,0.994739242032558,1.4292303538256983,0.4055868550761821,0.3985012497891665,0.4097120838403187,0.3568598604409412,3.403043789368596,2.542226422819976,2.2596309093457525
W4107,4,1.5775696681136258,0.0,1.2148404264731087,1.9250899434666917,0.0,0.0,0.0,0.0,0.0,1.1706518674913646,0.538708434987224,0.0,0.0,0.4518872793073203,0.37265369677547,0.0,0.0,0.6704328407877334,0.4386437635363775,0.0,0.5599880357400531,1.094025277049733,0.0,0.2841329326613215,0.6167682378484312,1.1138906720474415,0.0,0.6760244270431486,0.4641766449334537,0.0,0.0406355287104255,0.1432288886086085,0.2349040730514219,0.1663666230215727,0.2024725364104305,0.1277127928453533,0.3015496301369854,0.8345218209205667,0.1786296828607246,0.140673258834685,0.1849175696932176,0.2155109509829552,3.696058973531348,2.6905423376079844,2.7343114816312077
W4107,5,0.9093212608521192,0.0,0.7492924977632733,1.261788308826573,0.0,0.0,0.0,0.0,0.0,0.7538879850863952,0.4417941863455071,0.0,0.0,0.3715677089296291,0.289539707107093,0.0,0.0,0.5662905851550915,0.250326717301976,0.0,0.3268535879313097,0.7448604626193691,0.0,0.2015835526537256,0.4219835249486438,0.87330146505497,0.0,0.4298864922658547,0.2998009653416482,0.0,-0.1180116202862789,0.0013867633765866,0.1101017809702688,0.0390313079077814,0.1248914824401534,0.0735144696729141,0.1843596931122983,0.4367422767295751,0.0921525525753894,0.0082631801795688,0.1173848340611683,0.1787617985568657,3.195302833044469,2.198420989284489,2.352584800325875
W4107,6,0.6189292809511805,0.0,0.5130391920286931,1.139944538548992,0.0,0.0,0.0,0.0,0.0,0.4095975974776415,0.2563648183896167,0.0,0.0,0.2778724048523984,0.197241235324418,0.0,0.0,0.3131892045007032,0.1550630653492311,0.0,0.2641569893304883,0.4279183585777692,0.0,0.1258627989132121,0.2530472453664247,0.6144290484796634,0.0,0.2709575826640605,0.1575342690632842,0.0,0.0236908125303996,0.0585147548794961,0.0886827053826856,-0.0241388765433615,0.1109658317188744,-0.0171114794715755,0.0764529207144475,0.1574629351952642,0.1504811362367853,0.1345313016896616,0.0994581604856669,0.0920675910457739,2.8199343593110324,2.8722938349686307,1.8686113400018756
W4112,0,0.1764705882352941,0.0,0.1764705882352941,0.1764705882352941,0.0,0.0,0.0,0.0,0.1764705882352941,0.0,0.0,0.0,0.1764705882352941,0.1764705882352941,0.1764705882352941,0.1764705882352941,0.1764705882352941,0.1764705882352941,0.0,0.1764705882352941,0.1764705882352941,0.1764705882352941,0.0,0.0,0.1764705882352941,0.0,0.1764705882352941,0.1764705882352941,0.1764705882352941,0.0,40.0,0.0,0.0,0.0,0.0,0.0,0.0,0.0,0.0,0.0,0.0,0.0,0.0,0.0,0.0
W4112,1,0.3295466060321413,0.0,0.3169938547534223,0.3087582564810591,0.0,0.0,0.0,0.0,0.3838897178119552,0.0,0.0,0.0,0.2003429783941625,0.2566599880892082,0.3012399789285654,0.2307280008245426,0.2618906717619813,0.267341743154655,0.0,0.2242781843941692,0.2243504819031432,0.3364523419453999,0.0,0.0,0.2576391107585952,0.0,0.2697179473876831,0.2736844941300458,0.2783720750255567,0.0,33.103078669727594,0.4619087825072807,0.9299618362509834,0.6045603973089962,0.8592722134832673,0.404715951540226,0.7839863558973956,0.4152109219356352,0.1885597010842232,0.2267222083118268,0.2258021991212593,0.0522956097484344,0.4944318453387976,0.5178751197543285,0.5389617291352331
W4112,2,0.8866936536374209,0.0,0.7688189420687321,0.6316885600833417,0.0,0.0,0.0,0.0,0.9218902113244054,0.0,0.0,0.0,0.2806224216883436,0.5575967470106682,0.458333129405936,0.3127089122875078,0.445694453827209,0.4818914684470803,0.0,0.4333988508906679,0.514147470507612,0.6941612876749464,0.0,0.0,0.5391260425027646,0.0,0.4325158841472539,0.5156910785155728,0.4418005541156757,0.0,12.698617417360182,1.0503955593811416,1.7494651846533424,1.2073645547964147,1.216182109156268,0.704253431626895,1.8461627901799968,1.1330885406792992,0.2830766849872564,0.4953118442786709,0.5353403805508836,0.2350541020891132,1.5579231033163936,1.4566563718304708,1.532618254365868
W4112,3,1.7864462796808809,0.0,1.3958620595887532,1.306873048516466,0.0,0.0,0.0,0.0,2.1038316024407844,0.0,0.0,0.0,0.4040382987274905,0.4912394158862231,0.5505380700339421,0.3099021770883388,0.8165164719225614,0.7446258101905734,0.0,0.5579883733709976,0.7402953396823132,1.1923820835855392,0.0,0.0,0.6904130314431549,0.0,0.6961484614480048,0.9352383160426156,0.547085207373739,0.0,0.0556446313131968,0.6471656911911032,0.8783297470823039,0.5474464793853923,0.5693191310007061,0.4919049467949268,1.5224181788178817,1.065203941704434,0.3510875467407791,0.6221279654111793,0.4507974071302515,0.4012142865759336,2.775947014443509,2.338351829856329,2.708204514629754
W4112,4,1.4842246864386996,0.0,1.26138801625489,1.5845060694348592,0.0,0.0,0.0,0.0,1.821567115230518,0.0,0.0,0.0,0.3999017309056721,0.3802959834470535,0.4371306500214195,0.19107008458373,0.6286600261972459,0.6253919753735099,0.0,0.3978961844444588,0.595372556876872,0.8054327966747769,0.0,0.0,0.5455199411950873,0.0,0.4685765689360219,0.7319074624940878,0.3907061600864541,0.0,0.0665999472117494,0.0069872075000201,0.1909479338851576,0.1340659735637985,0.1358784670359103,0.0962402490796605,0.2809983554264267,0.3196812068814508,0.1328517091285321,0.2484991602687911,0.2646107901332731,0.2902577816118373,3.074461661292509,3.067665501470504,2.637776100227699
W4112,5,0.9431660479724564,0.0,0.6479429591365112,1.3741456744711662,0.0,0.0,0.0,0.0,1.2830883714098829,0.0,0.0,0.0,0.2582102758098864,0.287576454390832,0.2582963449301666,0.1182594162239988,0.4593774483358614,0.4485663362609896,0.0,0.2452280504112775,0.350060704746452,0.6369237693493232,0.0,0.0,0.3182826747665723,0.0,0.3206702336933879,0.4304949116396068,0.3100567071359607,0.0,0.0348365743884395,0.0796471377618967,0.0889523342634096,0.1010629664956008,0.036148899755784,0.0134006541163154,0.1343904995600491,0.0898372066785891,0.0671635499501629,0.2495760793164533,0.0946528891131063,0.1156069940891233,3.8902791302977096,2.688192210961522,2.543228298382372
W4112,6,0.521681493834912,0.0,0.3688914366584892,1.0270078020101787,0.0,0.0,0.0,0.0,0.7071435389994633,0.0,0.0,0.0,0.2514366549178221,0.2335105239548199,0.1815277812225567,0.0696046040304005,0.3104906805895732,0.2031509483134982,0.0,0.1675649395496757,0.2267593558564787,0.3270472535683389,0.0,0.0,0.1771430676703595,0.0,0.2391710124104178,0.2534928366759858,0.1605325902159887,0.0,0.0398293657552723,0.04871776213783,0.0695946450342052,0.0173630595098376,0.0557341855314786,0.0591934658845641,0.1453462767449345,0.0827642911746339,0.0736405159664839,0.057813100123133,0.0146765328782198,0.0807080014389309,2.870939235111241,3.343491304433005,2.963828728009939
W4118,0,0.1764705882352941,0.0,0.1764705882352941,0.1764705882352941,0.0,0.0,0.0,0.0,0.1764705882352941,0.0,0.1764705882352941,0.1764705882352941,0.1764705882352941,0.1764705882352941,0.1764705882352941,0.1764705882352941,0.0,0.0,0.0,0.1764705882352941,0.1764705882352941,0.1764705882352941,0.0,0.1764705882352941,0.0,0.1764705882352941,0.0,0.1764705882352941,0.1764705882352941,0.0,40.0,0.0,0.0,0.0,0.0,0.0,0.0,0.0,0.0,0.0,0.0,0.0,0.0,0.0,0.0
W4118,1,0.3191361394656912,0.0,0.3302393825248458,0.2893061268941395,0.0,0.0,0.0,0.0,0.3382911018185418,0.0,0.2424170380932103,0.2590959837563455,0.2326573292793343,0.2540944522571806,0.2889305639185491,0.2465030043060543,0.0,0.0,0.0,0.2496751429011863,0.3259589770958448,0.3068930728260902,0.0,0.2597813375772815,0.0,0.2889439176522261,0.0,0.3184262718249739,0.3238320084522962,0.0,31.769707283146044,0.5942633935291324,0.6731706695750266,0.8378138730130509,0.6336105362531033,0.3799992112908595,0.8108309499056583,0.5317384274267919,0.0543556246780248,0.1785619627351273,0.1696408667126755,0.163460108719205,0.5399337218731357,0.3164095807482266,0.4600306826955002
W4118,2,0.78427251881466,0.0,0.7933621839875216,0.7930445108122883,0.0,0.0,0.0,0.0,1.0181460634608488,0.0,0.3875953458551657,0.4009953707283825,0.3343186863541945,0.4386469813606453,0.3288837972415043,0.2926299595141221,0.0,0.0,0.0,0.4088378780311222,0.4149935995778328,0.6777777992770535,0.0,0.3870864988104263,0.0,0.6538832776528763,0.0,0.617810168084293,0.4781713832394041,0.0,15.16303437967264,1.1519489156856784,1.4124263291531858,1.5975133498037792,1.2041019451469148,0.5720953339277693,1.9631053690321876,1.2127101328284473,0.3150613220306534,0.3579718426010611,0.4573635101766904,0.2253113216887848,1.3073266018872984,1.2118619832495194,1.542117311432306
W4118,3,2.097562446501632,0.0,1.606139603289033,0.9508944853277412,0.0,0.0,0.0,0.0,2.1252851483078685,0.0,0.5854584559575787,0.3584321892090732,0.4044953115006541,0.6497847091582726,0.5716151657234979,0.2861565645634348,0.0,0.0,0.0,0.6187365473450194,0.7617352752996192,1.4952698512911098,0.0,0.3956071911024004,0.0,1.2118020372504057,0.0,0.8653735637462125,0.6934031910639493,0.0,0.0423630372607625,0.7001589950054801,1.0322244079296092,0.99977707637792,0.4909021599377601,0.3174734225112645,1.462068791979548,1.1845303942086831,0.3672148784129107,0.4333872257603322,0.4608900986802617,0.4948724281103047,2.623351770005006,2.6062159388562782,2.351965182785716
W4118,4,1.6416898725678135,0.0,1.25629669497078,1.6037711669999306,0.0,0.0,0.0,0.0,2.1353575752351834,0.0,0.6060742062574367,0.3594257384183457,0.3411664038365447,0.4821649963077163,0.3893717309981562,0.1730654815853564,0.0,0.0,0.0,0.4218348182585387,0.6078240469153422,0.9816740971263052,0.0,0.3099715865347758,0.0,1.091616685748232,0.0,0.7123556593383898,0.4420125941917818,0.0,0.0621794874594906,0.2589183180631728,0.2548083016793692,0.2338616872671902,0.1303588191433425,0.1237736699743559,0.3761342666589822,0.4738288437912381,0.2277282764087355,0.2654735705147191,0.23513679629039,0.2730500418107376,2.994075565068871,2.252884733495337,2.389277183648528
W4118,5,1.240095730660052,0.0,0.8648135191578051,1.243526550286252,0.0,0.0,0.0,0.0,1.6167198185285654,0.0,0.4535710785704768,0.1897801696369263,0.3124793016194503,0.3185487570781782,0.3359245534607818,0.1265428013798204,0.0,0.0,0.0,0.3410932621699289,0.3869463647999873,0.6298580433194224,0.0,0.1839747038709166,0.0,0.9797704852724148,0.0,0.4925243185434552,0.2494396641941889,0.0,0.0427006505085227,0.0543904518038092,0.0726608480877855,0.0599596372104693,0.159650910792805,-0.0157057074565283,0.1029585690281652,0.1064775537822615,0.0975551716895871,0.0441979757522817,0.0666447058163858,0.0634671409255203,3.2289896651449603,2.371758956743006,2.22515343266758
W4118,6,0.7250197584730442,0.0,0.4177692870442919,1.0514423365920706,0.0,0.0,0.0,0.0,0.7617362876343463,0.0,0.3129012925708805,0.1292598588496699,0.2160318073022259,0.2286602338518641,0.2136709510671899,0.0669327981093491,0.0,0.0,0.0,0.1860979533401335,0.2267849140762519,0.4373123330943627,0.0,0.1137838557176337,0.0,0.6404279387970528,0.0,0.3133178909070352,0.2104177868875751,0.0,0.0346838975444982,-0.0080627674044398,0.0319073688923111,-0.0708935398113197,0.0528221905565957,0.0366759158885996,-0.023616976217445,0.1286054852983095,0.0797992806552714,-0.0975486058826881,0.0361821255769467,0.1120778783237175,2.8043679129130887,2.549104595908515,2.0528670692955693
W4128,0,0.2307692307692307,0.0,0.2307692307692307,0.2307692307692307,0.0,0.0,0.0,0.2307692307692307,0.0,0.2307692307692307,0.0,0.0,0.2307692307692307,0.2307692307692307,0.0,0.0,0.2307692307692307,0.0,0.2307692307692307,0.0,0.0,0.2307692307692307,0.0,0.2307692307692307,0.0,0.0,0.2307692307692307,0.0,0.2307692307692307,0.0,40.0,0.0,0.0,0.0,0.0,0.0,0.0,0.0,0.0,0.0,0.0,0.0,0.0,0.0,0.0
W4128,1,0.5061179537987228,0.0,0.4645705431011397,0.2976550606164782,0.0,0.0,0.0,0.4316499237281884,0.0,0.3887548287639422,0.0,0.0,0.2707540979679866,0.393156361567972,0.0,0.0,0.4054472172883497,0.0,0.281462950549424,0.0,0.0,0.3428286028902967,0.0,0.3228003396736779,0.0,0.0,0.3293996613314995,0.0,0.3152284512234408,0.0,28.34520648565331,0.6320664574398582,0.6241610395113686,0.4844100957707789,1.2326866964347725,0.3493729987829329,0.4985230769234397,0.3066733161277968,0.1036893043467696,0.2867235814690419,0.2124426056480517,0.0510216670914594,0.4029891868034586,0.3073693411041504,0.4871387151144982
W4128,2,1.08148332626585,0.0,0.966324443144969,0.8070192874508901,0.0,0.0,0.0,0.972807804948588,0.0,0.6585979349119906,0.0,0.0,0.4581063629215156,0.7328915226643073,0.0,0.0,0.7549889228027284,0.0,0.6599759453198262,0.0,0.0,0.9704116069623868,0.0,0.4759086993424239,0.0,0.0,0.6647550942167687,0.0,0.5883401509775918,0.0,9.231832436940252,1.0816953667433251,1.5817126809026094,0.8237194196946034,2.042956475963835,0.716279853693682,1.1541078465423864,1.2881313027844377,0.2054813685828809,0.7191291168279708,0.4100444528294609,0.3376924463128122,1.1954382591045367,0.9349755561764868,1.5528485014040443
W4128,3,2.1842953038049595,0.0,1.6060735151681016,1.7997973823060205,0.0,0.0,0.0,2.2472378449659107,0.0,1.354537985702534,0.0,0.0,0.5088475697221251,1.0794335868522045,0.0,0.0,0.9706783341575522,0.0,0.7129701057253496,0.0,0.0,1.424562206894104,0.0,0.5073880561610922,0.0,0.0,0.6836334717015716,0.0,0.7388961336173678,0.0,0.1437859184775843,0.3169260946248775,0.7273303603697181,0.3971315291501074,0.6305019083876555,0.4019459609251746,1.0107177332206367,0.8620947376769855,0.2741817683908802,0.7899806473280387,0.522821329454359,0.5306601600186347,2.674206698196925,1.7630248480633688,3.039006567427959
W4128,4,1.5425952345632354,0.0,1.3383887133485144,1.6510663274671986,0.0,0.0,0.0,1.7686234074856193,0.0,0.7684368803459386,0.0,0.0,0.548648380995489,0.7123850430234575,0.0,0.0,0.7641263596276312,0.0,0.4216285089484893,0.0,0.0,1.0668414865160138,0.0,0.3332312619333097,0.0,0.0,0.5722698277641928,0.0,0.468074670137244,0.0,0.0337317223833977,0.0545253930429215,0.1995109668138849,0.109674737665106,0.1001180235107743,0.0707940737035568,0.3038489620095761,0.2050747275514635,0.1278727021355805,0.3148597073117582,0.2184015422480093,0.1931928296879081,3.1089853143376898,1.9351607168668168,3.4559543392316225
W4128,5,1.3358714710597783,0.0,0.9114866214774128,1.7566364599629665,0.0,0.0,0.0,1.2258706270770006,0.0,0.7298889615420197,0.0,0.0,0.3828263527449929,0.6091006200038076,0.0,0.0,0.5655131603989764,0.0,0.3261705591267386,0.0,0.0,0.7304208039484752,0.0,0.211620287364679,0.0,0.0,0.525930860542407,0.0,0.337595362534809,0.0,0.0506278776243902,0.0198737051077457,0.051442313433748,-0.0221691955909604,0.0740823282317654,0.0625922742979787,0.1621112528048535,0.100702606389374,0.1195853075333921,0.0870396445627039,0.0438496796898999,0.1105267530756877,3.4403151516031105,1.807001773699304,3.0766376995596025
W4128,6,0.7185543295439547,0.0,0.6120687507467543,1.379803258259955,0.0,0.0,0.0,0.9497096091900198,0.0,0.4849137304285766,0.0,0.0,0.3054955801991378,0.3212988976659037,0.0,0.0,0.3917576391830713,0.0,0.227346436768167,0.0,0.0,0.4260379178046524,0.0,0.1458734555782357,0.0,0.0,0.2374011657344047,0.0,0.1919439360676368,0.0,0.0038858529101603,-0.0866641522649263,0.053982855950175,-0.0147111927541936,0.1327274121118488,0.042564510410309,-0.0001770839141846,0.0749806466776897,0.0606633272938481,0.0454058241460561,0.0455392357526604,0.1589551755146677,2.9628350220336133,1.751618459396047,3.231267200028536
W4136,0,0.2307692307692307,0.0,0.2307692307692307,0.2307692307692307,0.0,0.0,0.0,0.2307692307692307,0.2307692307692307,0.2307692307692307,0.0,0.0,0.0,0.0,0.2307692307692307,0.0,0.0,0.2307692307692307,0.0,0.0,0.0,0.0,0.2307692307692307,0.0,0.0,0.2307692307692307,0.2307692307692307,0.0,0.2307692307692307,0.2307692307692307,40.0,0.0,0.0,0.0,0.0,0.0,0.0,0.0,0.0,0.0,0.0,0.0,0.0,0.0,0.0
W4136,1,0.4144612822008112,0.0,0.4100059211343277,0.3482767218005452,0.0,0.0,0.0,0.4514067027301721,0.3854814930100478,0.3623267046021827,0.0,0.0,0.0,0.0,0.3544756002394424,0.0,0.0,0.3289576791420223,0.0,0.0,0.0,0.0,0.2961371145599583,0.0,0.0,0.3483507376131042,0.3849493856803467,0.0,0.3548694028810394,0.4013105478488801,29.38716397575841,0.5841399797954924,0.593692557438463,0.5050855106580668,1.0464358440298616,0.2081898933711728,1.020231112858306,0.3922241521865982,0.2577542950942142,0.1800974818350464,0.1637149863107058,0.0378903272535825,0.2500384910731428,0.3696617899689521,0.35104076601692
W4136,2,1.445097388746106,0.0,1.048704202428333,0.8215188228313238,0.0,0.0,0.0,0.9423168324515984,1.286077789804254,0.8278685451329286,0.0,0.0,0.0,0.0,0.6227365772004128,0.0,0.0,0.771404878865322,0.0,0.0,0.0,0.0,0.5694154653151385,0.0,0.0,0.7218484097917788,0.6340000415350259,0.0,0.5744636258917194,0.6223470998714515,13.386119243748103,1.0024686424911733,1.5975665626685784,1.1201637534705549,1.5682495656736526,0.2989688398061771,2.220433742299075,0.8690221949513944,0.8114244730396709,0.3874975505686493,0.3535565860463047,0.3428366567249769,1.3147622114108473,1.1320171277070004,1.6048096599636708
W4136,3,2.345383880573898,0.0,1.582282439330938,1.488369873075461,0.0,0.0,0.0,1.7817463787604495,2.370189068221996,1.1597402144505575,0.0,0.0,0.0,0.0,0.6813251897075998,0.0,0.0,1.150556485686683,0.0,0.0,0.0,0.0,0.6679131421157232,0.0,0.0,1.060060259224107,0.7327497941377836,0.0,0.6913949990691788,0.7571577671207821,0.1345636154080552,0.2598666441081295,0.5939777525368021,0.4320830559661121,0.3553861713222176,0.2604316529840823,0.7085854106061138,0.7923073551505474,0.965742781655519,0.4985583841195932,0.4393188066168033,0.5514327638029334,2.7289131321381404,1.810362491590608,3.0238572184551
W4136,4,1.5900303998932388,0.0,1.104091347000342,1.516862192017989,0.0,0.0,0.0,1.620105209773839,1.432849271639873,0.9426526478655768,0.0,0.0,0.0,0.0,0.5824999387906964,0.0,0.0,0.898768864778527,0.0,0.0,0.0,0.0,0.4696687714316707,0.0,0.0,1.0428289742390473,0.729824759615056,0.0,0.4485528656976524,0.5874332651701626,-0.0076783940772688,0.1053587039384986,0.0956278441599422,0.1103314304386805,0.0962401568162722,0.0463905504171047,0.1913621469877338,0.1026578833858461,0.5804833934307359,0.3809485343975837,0.2690990925821102,0.2413187381604146,3.150018039646682,1.972789185049772,2.023795019093221
W4136,5,0.9035196519315049,0.0,0.9226575627651816,1.142470899954404,0.0,0.0,0.0,1.1146182015240276,1.2002926402331726,0.593649746381203,0.0,0.0,0.0,0.0,0.4562281318788812,0.0,0.0,0.4102411953825139,0.0,0.0,0.0,0.0,0.3374696204558829,0.0,0.0,0.8671778521347746,0.3860205525994263,0.0,0.3579884179113287,0.3587459921229874,0.0144661863332679,0.0067057771876047,0.0605044377851092,-0.0064929846939809,0.0425689215698722,0.0212177568326623,0.0152038079345567,0.0921242436593177,0.3690011333592897,0.2111733021823917,0.0658385510809256,0.1378285715842659,2.965161353908845,1.5372781843759684,2.000894203691462
W4136,6,0.6086949015134255,0.0,0.4899285638446969,0.830973944882258,0.0,0.0,0.0,0.5636088241301944,0.7427345776386041,0.374717084813242,0.0,0.0,0.0,0.0,0.2568976293367891,0.0,0.0,0.2266733608193711,0.0,0.0,0.0,0.0,0.225133509928066,0.0,0.0,0.7137217710866433,0.2830234053803706,0.0,0.1975357512516326,0.2439493623877574,-0.0231947873686007,-0.035400657982487,0.0506761249561254,0.0286797687869559,0.0722553520178432,-0.0062771506034216,0.054479024616046,0.0150854751246821,0.2852740056314085,0.1476953834620562,0.0043065744467556,0.032421795574506,2.8464227383727234,1.3121155368141713,2.546108653488163
W4138,0,0.2142857142857142,0.0,0.2142857142857142,0.2142857142857142,0.0,0.0,0.0,0.2142857142857142,0.2142857142857142,0.2142857142857142,0.0,0.0,0.2142857142857142,0.0,0.0,0.0,0.2142857142857142,0.2142857142857142,0.0,0.2142857142857142,0.2142857142857142,0.0,0.0,0.2142857142857142,0.2142857142857142,0.0,0.2142857142857142,0.0,0.0,0.0,40.0,0.0,0.0,0.0,0.0,0.0,0.0,0.0,0.0,0.0,0.0,0.0,0.0,0.0,0.0
W4138,1,0.3735508561295216,0.0,0.3710505335530505,0.3629623317404851,0.0,0.0,0.0,0.3365191778577835,0.4572849491905201,0.3531007310304292,0.0,0.0,0.2909162576502155,0.0,0.0,0.0,0.3513251903062915,0.3689680443019225,0.0,0.2806079288596037,0.3146802954910082,0.0,0.0,0.3187513773023696,0.3406041298172625,0.0,0.3099372655542999,0.0,0.0,0.0,34.97674489868605,0.6336126315616695,0.6488158215068828,0.6483023559654162,1.2126877413994308,0.3976825036107305,0.6896774515699722,0.3481683898827755,0.0030047172381677,0.3015562288804003,0.1278693127528882,0.0875533812696048,0.4430674030746239,0.4480322809041297,0.4695382657547441
W4138,2,1.148718427999479,0.0,0.8346148481147253,0.8878969181112107,0.0,0.0,0.0,0.9564298022412197,1.106018179055565,0.845457172134765,0.0,0.0,0.3505850949316925,0.0,0.0,0.0,0.6876734682521481,0.7154943659827651,0.0,0.5133493228382026,0.6323083340969917,0.0,0.0,0.3529092329564048,0.5515214774489531,0.0,0.5402550107231743,0.0,0.0,0.0,14.058913466212193,0.963605490327043,1.1402361343303866,1.1087530160783456,1.857704871282256,0.7006240466452192,1.74431491752915,0.9043638188911672,0.22033603178814,0.7210519094116948,0.365464547463516,0.2719411560144786,1.3565723826555915,1.3417342369579657,1.4544089399323337
W4138,3,2.1873056380066944,0.0,1.6590624159966945,1.580699582067178,0.0,0.0,0.0,1.653735294947404,2.3552532005424727,1.1826216278992694,0.0,0.0,0.4375709111436722,0.0,0.0,0.0,0.853114577900726,0.7749459756890007,0.0,0.5678300719171373,0.8640072052610207,0.0,0.0,0.4329182202228433,0.7387078014461095,0.0,0.6631835724058508,0.0,0.0,0.0,0.0859123434803362,0.4208054383212541,0.7004705765212436,0.5332442612643459,0.4036466890572618,0.2934871382677164,0.9354237965492448,0.5806185572873545,0.6755984362150846,0.8460361777547172,0.2730671547300189,0.5209642949079828,3.552068796194245,2.453673230921233,2.706070113757197
W4138,4,1.6921202396691188,0.0,1.1882335162015767,1.4094306977975888,0.0,0.0,0.0,1.388624924685436,1.903657024496088,1.000733837286926,0.0,0.0,0.5312295146402949,0.0,0.0,0.0,0.8284597172020365,0.5601478733496142,0.0,0.4857549304377618,0.5796885625290001,0.0,0.0,0.3240441817623294,0.5958337078404397,0.0,0.5019296757073377,0.0,0.0,0.0,-0.005146026017607,0.165999693858801,0.1681933356084055,0.1326779803555491,0.1671427539831232,-0.0132862525253999,0.084811605533427,0.0622819053598094,0.3381034184496722,0.3507018520803893,0.1319955855623438,0.3026978533866197,3.543645776226183,2.144287511258501,3.418104972659313
W4138,5,1.1070948441374957,0.0,0.6662522382913476,1.2666523143961286,0.0,0.0,0.0,1.0614449414945826,1.3138530277496212,0.6141615856442217,0.0,0.0,0.3336290124306098,0.0,0.0,0.0,0.5287561652055889,0.3812405153271454,0.0,0.2902728448581799,0.3935163240957716,0.0,0.0,0.1868579589959942,0.4166203606988163,0.0,0.4055152229248979,0.0,0.0,0.0,-0.0265266007527928,0.0364012771835377,0.0978029640514382,-0.0437943274776486,0.1151708339088394,0.0301355498670225,0.1580010969898116,0.0596066935087538,0.1725325093152944,0.2173070530115208,0.0355694215530854,0.2552778041673225,2.9718179130144025,1.69651128694346,2.3674039384143617
W4138,6,0.542280477389198,0.0,0.4576238672100754,0.9668875952188206,0.0,0.0,0.0,0.5815202920946341,0.8381327388850506,0.4526176345636465,0.0,0.0,0.2329978492243566,0.0,0.0,0.0,0.3919609675875797,0.2448453761591091,0.0,0.2005151333116013,0.3122057046386384,0.0,0.0,0.1192580324537754,0.2792545620513294,0.0,0.2767673296510705,0.0,0.0,0.0,0.0597991834001305,0.1534749086685063,0.042544586552951,0.0384195996608156,0.0050828196588745,0.0161034968117224,0.0351464479945734,-0.0061185441286744,0.2194158775238782,0.0706564505278721,0.1099979188358649,0.1622893264666866,3.389915443982611,1.6343856351526709,2.4644998261596585
W4163,0,0.25,0.0,0.25,0.25,0.0,0.0,0.25,0.0,0.25,0.25,0.25,0.0,0.0,0.0,0.25,0.0,0.25,0.0,0.25,0.0,0.25,0.0,0.0,0.0,0.0,0.25,0.0,0.0,0.0,0.0,40.0,0.0,0.0,0.0,0.0,0.0,0.0,0.0,0.0,0.0,0.0,0.0,0.0,0.0,0.0
W4163,1,0.5093221316523244,0.0,0.4660765351816579,0.3793596083095004,0.0,0.0,0.4359500351924623,0.0,0.4527670131596004,0.4283555782215035,0.3786174832275449,0.0,0.0,0.0,0.4191125017872686,0.0,0.3447394578342482,0.0,0.432288229068392,0.0,0.4034502049266424,0.0,0.0,0.0,0.0,0.4498806984455094,0.0,0.0,0.0,0.0,29.71770810808296,0.6945481399030838,0.4411984158185709,0.563191389717352,0.9167450935033834,0.3450682881147459,0.8194510870665528,0.8630464229567792,0.20239511355341,0.2503570795423775,0.0640163439190034,0.0806025276026092,0.4005065680863784,0.4064238406259618,0.3898229247275386
W4163,2,1.4145598503954977,0.0,0.9421321723929844,1.012989606391577,0.0,0.0,1.5765098386517225,0.0,1.4807885635906994,0.815846306890831,0.6326105101036624,0.0,0.0,0.0,0.6208156090201069,0.0,0.8787943532322562,0.0,0.6294255908385595,0.0,0.8554576598214569,0.0,0.0,0.0,0.0,0.9030286373266472,0.0,0.0,0.0,0.0,9.946368949284368,1.2476411208013292,0.9959720649786312,0.914820763835175,1.7607566491569118,0.6222714869974824,1.848635348244282,2.1349053089380914,0.585686749384543,0.6293321578692332,0.3765458849678544,0.2910069477332087,1.6902744892216717,1.2111956847260534,1.2021218397814375
W4163,3,2.0403548696978278,0.0,1.41245932774085,1.3862426468057016,0.0,0.0,2.12231967112786,0.0,2.406633607630789,1.224953195907506,0.8297684802150415,0.0,0.0,0.0,0.5238734390468612,0.0,1.124021028389191,0.0,0.7074706010378784,0.0,1.01240338262891,0.0,0.0,0.0,0.0,1.1645942407577663,0.0,0.0,0.0,0.0,-0.0994366209471019,0.4020905062756593,0.4251179361242855,0.2231335693599155,0.3003342399261894,0.2311671294226933,0.3794450396508149,0.981098798866289,0.6109076695357193,0.4977759883620541,0.3772915035878851,0.4504862559255317,3.0654484486908573,2.4689885336267747,1.9758321278581712
W4163,4,1.6266583502413343,0.0,0.9454411816486824,1.4034404247382746,0.0,0.0,1.735426685633093,0.0,1.9547735085004887,0.8528313048962549,0.7359926059116831,0.0,0.0,0.0,0.5729583346256764,0.0,0.9557580979216505,0.0,0.527080447031542,0.0,0.59985214045315,0.0,0.0,0.0,0.0,1.0081605049127156,0.0,0.0,0.0,0.0,0.0118298184679092,0.0800764206054635,0.0888563379078613,0.0773950568953664,0.1034476532448516,-0.0111832979859424,0.0815406204884284,0.3217230743985965,0.1894763626184765,0.2545015019338641,0.1390703242862626,0.2194791749324027,3.840946952081387,2.502913367593776,2.6450233562499936
W4163,5,1.1440893933230754,0.0,0.7011390151851878,1.0994753188917836,0.0,0.0,1.203464975538074,0.0,1.263143732671216,0.5323966143829089,0.4888922968839754,0.0,0.0,0.0,0.3330185007374313,0.0,0.4917141273790772,0.0,0.3410811503046598,0.0,0.4883673028942625,0.0,0.0,0.0,0.0,0.94253676509703,0.0,0.0,0.0,0.0,-0.0090859417223435,0.0202767839989199,0.0286840630728144,-0.0092411141097958,0.0464276274817321,0.0313302483028068,0.0500808000882045,0.1261279636174433,0.0991180820093397,0.1224621160359491,0.1371952961787189,0.0796217175349051,2.778389817529633,1.7732305774642585,1.8546672195523195
W4163,6,0.5373620895728285,0.0,0.4027453893426189,1.0132503987524089,0.0,0.0,0.6896121041998658,0.0,0.7827104891548751,0.3298551911374157,0.3993041858669233,0.0,0.0,0.0,0.2193666953544196,0.0,0.3954582607254623,0.0,0.202734319642245,0.0,0.3108843689545006,0.0,0.0,0.0,0.0,0.6117895553797866,0.0,0.0,0.0,0.0,-0.0063342946122263,-0.0666941018454462,0.0250393430849944,0.0141927174961602,0.0808099879812151,-0.01391346182291,-0.0476504751564367,0.064025286476402,0.1003907317892118,0.0453403210677523,0.0855937200680636,0.0962174414359303,2.6936338242706825,2.114109117138769,1.823284807455493
W4196,0,0.2142857142857142,0.0,0.2142857142857142,0.2142857142857142,0.0,0.2142857142857142,0.0,0.0,0.0,0.2142857142857142,0.2142857142857142,0.0,0.0,0.0,0.0,0.2142857142857142,0.0,0.2142857142857142,0.0,0.2142857142857142,0.2142857142857142,0.0,0.2142857142857142,0.2142857142857142,0.0,0.2142857142857142,0.2142857142857142,0.0,0.0,0.0,40.0,0.0,0.0,0.0,0.0,0.0,0.0,0.0,0.0,0.0,0.0,0.0,0.0,0.0,0.0
W4196,1,0.3339878213909295,0.0,0.431034354014068,0.393514507079171,0.0,0.3854925240756744,0.0,0.0,0.0,0.4347069408094243,0.3332191633985239,0.0,0.0,0.0,0.0,0.3003403571840182,0.0,0.3019849701445904,0.0,0.3409869077493995,0.2924582906459289,0.0,0.3345434720825216,0.1854171200298977,0.0,0.3366421924222256,0.3200901577202953,0.0,0.0,0.0,31.27632944671505,0.4033727881716288,0.9448924055406768,0.54452147783753,1.2929252955673762,0.2920883815747456,0.4377621706314808,0.6134212699040952,0.307867286056379,0.0784930047273815,0.2122093689927455,0.0350002584211045,0.3540756459735124,0.4210729327925086,0.447336244320791
W4196,2,1.1562877131853466,0.0,0.8089989777186772,0.8360020463339601,0.0,1.029253647817762,0.0,0.0,0.0,0.612706083717162,0.5556577378563108,0.0,0.0,0.0,0.0,0.345675757038867,0.0,0.6867414098570206,0.0,0.4341782221571614,0.5391161092103258,0.0,0.6074887995302019,0.4436798155033821,0.0,0.5994398338460465,0.5846015331837625,0.0,0.0,0.0,14.532711553501946,0.8226096925897417,1.6564467272582626,1.209888022870103,1.9543724207814095,0.5830100282543593,1.0814834324262093,1.3614190195922131,1.0269741415645062,0.3817855127861488,0.3305802075013846,0.1761738803421461,1.4406703243640573,1.1972521908798828,1.2267789341034578
W4196,3,2.037218425516192,0.0,1.650197727206003,1.8351087889305675,0.0,2.198854206031182,0.0,0.0,0.0,1.1468893794693915,0.6486201221103041,0.0,0.0,0.0,0.0,0.37789686401506,0.0,0.8667231967959002,0.0,0.6202131597587597,1.0585131721601235,0.0,0.7982260857836208,0.4971180710917788,0.0,1.164652198359723,0.6388354102310906,0.0,0.0,0.0,0.0772809706754279,0.2929351004491818,0.910368481112432,0.5323241814266593,0.6845970163488352,0.2236788608401371,0.772340538218936,1.0046044543943666,1.0446198097138746,0.6811754928906095,0.4350270982816021,0.4059122893030046,3.626461851083895,2.3420783372508294,2.4908137886118222
W4196,4,1.4274130362302522,0.0,1.2173661744127742,1.5057041996262142,0.0,1.767000962394265,0.0,0.0,0.0,0.8179601805035646,0.6896140437825689,0.0,0.0,0.0,0.0,0.1777615449226021,0.0,0.6494748857986171,0.0,0.4594519744611912,0.7245466837471164,0.0,0.5552086698978114,0.4350478891942334,0.0,0.9475658154073076,0.6752613541791245,0.0,0.0,0.0,0.0746223167588835,0.1562348435828457,0.2337974374305226,0.1103155255483794,0.1108590475610434,0.0610638770937209,0.1730011710901621,0.1932191709045728,0.722352596904809,0.3000584671770663,0.3102686327438748,0.2702841319379782,3.7528523699539775,2.385727459996768,2.379883594228721
W4196,5,1.0633130923688587,0.0,0.675198940139305,1.476340169584595,0.0,0.927700412121964,0.0,0.0,0.0,0.6354614584138929,0.5323071543563881,0.0,0.0,0.0,0.0,0.1540120150152828,0.0,0.5144378917464116,0.0,0.3915147453910179,0.4416472659542774,0.0,0.3370416942987803,0.2341216763528004,0.0,1.2026136100731288,0.4262914938338237,0.0,0.0,0.0,-0.0478850420921726,-0.0323064115582227,0.0033894343868431,0.0878997220112493,0.1642659936444218,-0.0283522984246838,0.0883840995460457,0.1229116953402646,0.4334948193508258,0.0904186846195569,0.1726462576536503,0.0707211627029441,3.023786986175111,2.5024143432533004,2.275251628303057
W4196,6,0.5981918666570964,0.0,0.5090782176725259,1.1414345785453894,0.0,0.818309449157939,0.0,0.0,0.0,0.3422279879774893,0.3632506228287215,0.0,0.0,0.0,0.0,0.0871231622321958,0.0,0.3335614873365706,0.0,0.2739206934543073,0.248510561999047,0.0,0.19004259524084,0.165262979033152,0.0,0.6977621171331114,0.2821498938507778,0.0,0.0,0.0,0.0723654513312221,0.0527804225810715,0.0379694719060571,0.0498425166934088,0.1105010631579216,0.0501931856173921,0.0385077791463538,0.0143141424495786,0.258880884512317,0.2020757609435703,0.1045305313600308,0.1275320899603314,3.057139171750892,2.48564713574266,2.2339300058719624
W4197,0,0.1875,0.0,0.1875,0.1875,0.0,0.1875,0.0,0.0,0.1875,0.0,0.0,0.0,0.1875,0.1875,0.0,0.0,0.0,0.1875,0.0,0.0,0.1875,0.1875,0.1875,0.1875,0.1875,0.0,0.1875,0.1875,0.0,0.1875,40.0,0.0,0.0,0.0,0.0,0.0,0.0,0.0,0.0,0.0,0.0,0.0,0.0,0.0,0.0
W4197,1,0.3473684660098133,0.0,0.3281311407355489,0.3468166772761076,0.0,0.2651432644007874,0.0,0.0,0.3326783404370816,0.0,0.0,0.0,0.2506630846640879,0.317179127483181,0.0,0.0,0.0,0.230804149086848,0.0,0.0,0.2834363095829452,0.3122068623405794,0.2672864720149231,0.2863278098540989,0.2612429013910498,0.0,0.2595725378944861,0.2745703827759119,0.0,0.2861964752274805,31.73980953394459,0.479369398309583,0.7329191813978869,0.5406658527109369,0.8710214018599272,0.4611274501845533,0.6876141290317255,0.4751425540194674,0.29694021064908,0.1419082687592857,0.108990048749999,0.1471551105340018,0.4389209989037199,0.4976677578452121,0.2900736356664242
W4197,2,0.8207192163150309,0.0,0.7209043458136175,0.7365853111404673,0.0,0.8878314070018065,0.0,0.0,1.179969482281894,0.0,0.0,0.0,0.3443788445451282,0.6051767657293824,0.0,0.0,0.0,0.6337851739521982,0.0,0.0,0.6080223371682539,0.7734444819827592,0.5084774160413602,0.4239632361791914,0.5949966338340202,0.0,0.4966262549460261,0.6974296622712489,0.0,0.5104998754160319,11.674090341284469,1.2118538093865387,1.6182199988557735,1.1607722950401769,1.375594971737157,0.6206535728771506,1.6903112774715334,1.04497959597636,0.5991857970222614,0.3019384162213199,0.4133865069681371,0.3489034593115828,1.5978083479612544,1.7016948448791296,1.2226654013811091
W4197,3,1.7199186413066616,0.0,1.295449395328493,1.331864062340352,0.0,1.5171878978332138,0.0,0.0,2.260501409689506,0.0,0.0,0.0,0.4253641306123116,0.6781609416789229,0.0,0.0,0.0,0.7762694659743333,0.0,0.0,0.6770201574468244,1.228684463743171,0.5747032955971073,0.3924505123255378,0.6580121092984953,0.0,0.7800600447304549,0.8761529598932153,0.0,0.717774556020683,0.0483325918306,0.4246071410441607,0.7018388221300105,0.4545607174205062,0.4378491720215758,0.3382332865365501,0.8113366698738975,0.6481404208738364,0.5821600947456163,0.5798997501767574,0.4985647842860374,0.6151583945433785,2.7673705490599967,2.639347364046745,2.770223294284252
W4197,4,1.2759075095185914,0.0,0.919046506611961,1.3832274721638365,0.0,1.067847339464099,0.0,0.0,1.48820733362461,0.0,0.0,0.0,0.3492817856615434,0.6596602284694321,0.0,0.0,0.0,0.6257863474564845,0.0,0.0,0.4581879390095852,0.8312076230544407,0.3647927382502441,0.2894018475847605,0.4706976105738398,0.0,0.505358014865192,0.5458603075502593,0.0,0.4663833828196312,0.0461250400126405,0.0822182273027402,0.1438512283853235,0.0371382565716362,0.1067707506350883,0.0840092420513813,0.229825444799641,0.0873322001626076,0.3261333624748341,0.2721208254134321,0.267318343634265,0.4112031293320587,3.333953008872904,3.2124910318973674,3.002173250669708
W4197,5,0.7433459423878316,0.0,0.5607092486633093,1.0290548659892254,0.0,0.8641371840222454,0.0,0.0,0.9773366746548122,0.0,0.0,0.0,0.3249277250128128,0.41580422380994,0.0,0.0,0.0,0.330439926791907,0.0,0.0,0.3106486753734265,0.665974034046194,0.2216811084256681,0.2109123149470089,0.3072397553338885,0.0,0.3845281222774672,0.3125145114310673,0.0,0.2803672429319045,0.0202288471105968,0.0555737776162032,0.0226319608414856,0.081941247869968,-0.0312067654696003,0.0545291405813844,0.0624966681984125,0.1131342853868812,0.1699604285205691,0.2386481143470506,0.1365551486709511,0.2230060709490241,3.122189079582854,2.846743607935537,2.653491272386978
W4197,6,0.5575738120477677,0.0,0.3994617200878287,0.7846147075333636,0.0,0.5941673209018837,0.0,0.0,0.7437765930642768,0.0,0.0,0.0,0.2104759550292111,0.2537438100935101,0.0,0.0,0.0,0.2144670731412087,0.0,0.0,0.2210826608133745,0.4368783747791434,0.1937908794885915,0.1083265654349663,0.18466225514564,0.0,0.2488872553466567,0.3024052084775974,0.0,0.2000958977380434,-0.040392695941866,0.0286334952495123,0.0084162686297501,0.0070990830478878,0.0785458439743641,-0.0475072145570672,0.1207300479270206,0.0425851442475053,0.1691664717544873,0.1393137649004988,0.0469374010107126,0.114208534372788,3.4159361841877915,2.387535380278454,2.837892169554094
W4214,0,0.2,0.0,0.2,0.2,0.0,0.2,0.0,0.2,0.0,0.2,0.0,0.0,0.0,0.2,0.0,0.0,0.0,0.2,0.0,0.2,0.0,0.2,0.0,0.0,0.2,0.2,0.2,0.0,0.2,0.2,40.0,0.0,0.0,0.0,0.0,0.0,0.0,0.0,0.0,0.0,0.0,0.0,0.0,0.0,0.0
W4214,1,0.325763875387192,0.0,0.3265142476031665,0.3664184471165518,0.0,0.3390504670872388,0.0,0.3092600267548223,0.0,0.3365276933213478,0.0,0.0,0.0,0.3073452011163475,0.0,0.0,0.0,0.3305033777472063,0.0,0.2215450037029059,0.0,0.3956035248127959,0.0,0.0,0.332034458537491,0.303027086845498,0.3010539923457306,0.0,0.3420866639823977,0.2655758181124433,27.59131588314073,0.5414350262449331,0.898695703312655,0.504286045365075,1.0555999841516548,0.3351186649403826,0.475525142504772,0.4445689251767947,0.1405113754631544,0.1241578650234154,0.1104890367228233,0.0904099578800717,0.4549824224284882,0.3686608735444919,0.4771527232773983
W4214,2,0.9548548148779986,0.0,1.013690313866768,0.8836717377919558,0.0,0.9557426866099668,0.0,1.0289451193742507,0.0,0.6862653365496028,0.0,0.0,0.0,0.5683957853766491,0.0,0.0,0.0,0.6325297910307344,0.0,0.5430678727536563,0.0,0.6844344669566365,0.0,0.0,0.5311569288704467,0.6268622757723962,0.4959018670338712,0.0,0.4904370010342797,0.6601580215222036,13.418443454648806,0.8738732880633852,1.222544462165881,0.6876724796041279,1.7731944949435567,0.505168761838649,1.2576887380868098,1.198503345469648,0.3368100053482529,0.4367754187001972,0.5004027626867298,0.2213407949617935,1.5524605049702895,1.2327748204105606,1.5309553998018586
W4214,3,2.1034386035562758,0.0,1.1981622626149768,1.4758962136032598,0.0,1.5511836956612592,0.0,1.962295376484104,0.0,1.042430566525158,0.0,0.0,0.0,0.7386559655829654,0.0,0.0,0.0,0.9029360007846616,0.0,0.5342555162741369,0.0,1.0846483896326349,0.0,0.0,0.6463682226642782,1.0758408490180045,0.7224362452475367,0.0,0.5899606371231884,0.6648725610679671,0.0694838110555448,0.3605783616420323,0.7428255077370689,0.4093857659766613,0.5110349105207345,0.3441406827502496,0.6880486512544598,0.6545006479868589,0.3921905382233543,0.6382126801948844,0.4234694247128635,0.562325635289561,4.047804937881423,2.504545918528432,3.885167800860465
W4214,4,1.0336470034121374,0.0,0.999538533717088,1.3926125073968287,0.0,1.190049842093547,0.0,1.520889030558737,0.0,0.7484636153619771,0.0,0.0,0.0,0.4552761949030198,0.0,0.0,0.0,0.5835728793179059,0.0,0.3779992288241086,0.0,0.7441704667621906,0.0,0.0,0.4765750129594864,0.9893841904354896,0.3985680273820936,0.0,0.3947797937390808,0.4501805159394405,0.0809442379951243,0.1170257279456984,0.0896595048885267,0.0561862216133547,0.1272073332745896,0.1001683628446677,0.3047845311357517,0.1003661654446884,0.3164371440715978,0.2434777042807029,0.2248482928439351,0.284907260966417,4.322100317258925,1.4680492393535882,2.9582195312450352
W4214,5,0.862283160206768,0.0,0.7536866722301451,1.144453735565572,0.0,0.7435363370291022,0.0,0.9270721249891348,0.0,0.4635355925696462,0.0,0.0,0.0,0.3668659139602538,0.0,0.0,0.0,0.3013865136793874,0.0,0.2556255644857138,0.0,0.5063626903869431,0.0,0.0,0.3069760473775805,0.8402027422621297,0.3786943426305889,0.0,0.2837312001115216,0.3167437122949169,0.0096568627397733,0.0842095401980586,0.0729194432038891,0.0460323767503649,0.0374320078211417,0.0636552786335776,0.0753209974576248,0.0358775932345114,0.2006513951203085,0.1445777044939546,0.159312930669975,0.2041222233765975,4.1794460711159696,1.6936037508991102,2.8491286617745963
W4214,6,0.5178968917794636,0.0,0.3746995096125783,0.8004229979928901,0.0,0.5366544232876214,0.0,0.693906318749997,0.0,0.3165847175737706,0.0,0.0,0.0,0.2382592655948283,0.0,0.0,0.0,0.2324107453457478,0.0,0.1529149447507519,0.0,0.3347909933669957,0.0,0.0,0.2184809343944135,0.7687456598085125,0.1892211363143645,0.0,0.1908872575237253,0.2011796001517016,-0.0282772178506162,0.0498933332975274,0.0464865661880168,-0.0368124178509734,0.1301147289529648,0.0885722310686121,-0.0246511201091127,0.1070589865721129,0.1024029152772471,0.0420296067293896,0.0515430766812879,0.1483005872877687,3.5413291804044658,1.8169206037977024,2.5244922443210016
W4219,0,0.1578947368421052,0.0,0.1578947368421052,0.1578947368421052,0.0,0.1578947368421052,0.0,0.1578947368421052,0.0,0.1578947368421052,0.1578947368421052,0.1578947368421052,0.1578947368421052,0.0,0.1578947368421052,0.1578947368421052,0.1578947368421052,0.1578947368421052,0.0,0.0,0.0,0.1578947368421052,0.1578947368421052,0.0,0.1578947368421052,0.0,0.1578947368421052,0.1578947368421052,0.1578947368421052,0.0,40.0,0.0,0.0,0.0,0.0,0.0,0.0,0.0,0.0,0.0,0.0,0.0,0.0,0.0,0.0
W4219,1,0.3125277055172201,0.0,0.292236539893954,0.2170324535020698,0.0,0.2740435263810575,0.0,0.2384923879240351,0.0,0.2622312460780536,0.2582546068397801,0.2682268335508132,0.1761679657068538,0.0,0.2183528140078519,0.2045803950474419,0.2339877341375127,0.2685274452080097,0.0,0.0,0.0,0.2492220240883188,0.2259423929435326,0.0,0.2221257486008288,0.0,0.2015271892495164,0.2408822006226639,0.2698971612991189,0.0,33.76130352877411,0.5582401894495913,0.804149501596737,0.4737970619703133,0.9047308573040552,0.3061592960592613,0.4869451821352762,0.7665131664320294,0.2858616331301924,0.2900446867007092,0.2423474619026884,0.0691205555749477,0.4713116518593577,0.5034983888987634,0.337124568299872
W4219,2,0.6988145180348967,0.0,0.637231671472214,0.7355601124278698,0.0,0.8362301154590114,0.0,0.8473443524196616,0.0,0.6013373542735204,0.4473922259362642,0.3572501136000042,0.3222390545804638,0.0,0.4263159245111662,0.2704285239958954,0.5349768759421323,0.4722878646792107,0.0,0.0,0.0,0.5802793502250976,0.4768947364423461,0.0,0.4947533057958127,0.0,0.4083789357324335,0.5797476954004407,0.3952450754033643,0.0,10.94788416649518,0.8974049881286352,1.341780220619326,1.1316401552191229,1.7961505679923475,0.4596942740537142,1.018831165282302,1.3783034783727448,0.5615184663245493,0.608709063770119,0.4502347488897393,0.2681486387326856,1.6668382430733089,1.2630632949095104,1.756122022536017
W4219,3,1.2131580962468598,0.0,1.2188557352409026,1.11766748988939,0.0,1.636546946489238,0.0,1.3835761420791188,0.0,0.9255948629841326,0.6536330529992717,0.4111211325414034,0.4178163556733686,0.0,0.539965254646832,0.2440373510762438,0.8986283216252505,0.7750019675977147,0.0,0.0,0.0,0.9810941180161622,0.6403163847761976,0.0,0.6539602195100106,0.0,0.522073505385664,0.6779392638073236,0.5899337801358462,0.0,0.1918343512311707,0.3891329006203889,0.6377950842653308,0.4402492156244382,0.7646986538466124,0.2687342246673509,1.111366158007204,0.5767897387654644,0.6439992991528786,0.8319104221244302,0.453888579998474,0.4181322106663628,3.665150279456025,2.062109574422076,2.847698256875658
W4219,4,1.4009049988683966,0.0,0.7426477967720837,1.2890444991800727,0.0,1.335910900896429,0.0,1.3332475964656227,0.0,0.6769458199903077,0.5287695542418567,0.2916433725884332,0.3896969363766744,0.0,0.4276875222647776,0.167909461149997,0.8309997521957417,0.5853217771455684,0.0,0.0,0.0,0.8694164980514424,0.3577893625995393,0.0,0.4714404674697238,0.0,0.4510549535612249,0.5424062659417034,0.444144789596927,0.0,0.0524123165870238,0.139079459498837,0.1064357020543065,0.0464763704118714,0.1342669161854158,0.1264904711710225,0.2735571084950139,0.1955860166846162,0.3538970045598796,0.3105073304593759,0.1929406995174885,0.2977607570196599,3.1988960811700022,2.2491121336322326,3.401911716652984
W4219,5,0.8227155938780122,0.0,0.6247774797700572,1.1112831208732543,0.0,0.9301914906334076,0.0,1.007375999353135,0.0,0.4176759951965371,0.4794740691197479,0.1801199954532517,0.2612598134628993,0.0,0.2477120165255893,0.1348911277641092,0.555258423888163,0.3222479316314895,0.0,0.0,0.0,0.4042239727321222,0.2764629987170151,0.0,0.2945054979630591,0.0,0.2508826581068009,0.3702111392388315,0.2350073718454132,0.0,0.0960478493800777,-0.02063893782449,0.1038276017522473,0.0437164691797966,0.1628421520816734,0.1107862697012905,0.1560602279359967,0.0482280082139944,0.2841143680189679,0.128661186022312,0.1093270319111127,0.1031460439964363,3.921843139385927,2.06066171572149,2.9414685506407667
W4219,6,0.5996535834197769,0.0,0.4205259771628512,1.0152172708066325,0.0,0.5024305408723602,0.0,0.595403322191131,0.0,0.3405641294048335,0.4082583468047243,0.110872081452566,0.135565286360918,0.0,0.1516226634191284,0.068876062080733,0.3371979291939585,0.2178723361695628,0.0,0.0,0.0,0.3123748900660864,0.1577695893528124,0.0,0.2178193912104804,0.0,0.1682461788654839,0.2462332950091506,0.1444149584127758,0.0,0.0359692104876609,-0.0141320353823534,0.03717591782352,-0.0028808360047303,0.0840167580393488,0.058830305317065,0.1768953661080349,-0.0067792350914413,0.2009343981158406,0.1287293810684887,0.0158776701494946,0.039540621199343,3.1998489718815604,2.1219664983787188,2.577146672006584
W4239,0,0.2142857142857142,0.0,0.2142857142857142,0.2142857142857142,0.0,0.2142857142857142,0.2142857142857142,0.0,0.0,0.2142857142857142,0.2142857142857142,0.0,0.0,0.0,0.0,0.0,0.0,0.0,0.0,0.0,0.2142857142857142,0.2142857142857142,0.2142857142857142,0.0,0.2142857142857142,0.0,0.2142857142857142,0.0,0.2142857142857142,0.2142857142857142,40.0,0.0,0.0,0.0,0.0,0.0,0.0,0.0,0.0,0.0,0.0,0.0,0.0,0.0,0.0
W4239,1,0.4691780227257846,0.0,0.382204592230554,0.3651698197279987,0.0,0.4272641472769316,0.3571889365489783,0.0,0.0,0.3198139150811633,0.2871146626726691,0.0,0.0,0.0,0.0,0.0,0.0,0.0,0.0,0.0,0.3188381989619066,0.3850099886782663,0.3487008419783761,0.0,0.3255573474228813,0.0,0.3306798848341905,0.0,0.3214601931483746,0.3679585987075304,30.55317151527402,0.6450425344537386,0.5633883348070652,0.4420091994558466,0.8074931632042776,0.3474154063903674,0.3587676981413867,0.9307352913265056,0.4501636703551701,0.1317675252202965,0.1746025791759966,-0.0076129955687561,0.4395294296664187,0.4895686980445425,0.4316931762855757
W4239,2,0.857483560249509,0.0,0.8385925771299488,0.816275320345165,0.0,0.8111925859821175,1.1990661055756031,0.0,0.0,0.7347753502559621,0.5712140185758814,0.0,0.0,0.0,0.0,0.0,0.0,0.0,0.0,0.0,0.6362079003024352,0.800473038035855,0.4443914066184037,0.0,0.5046781845792983,0.0,0.5662750278794086,0.0,0.5125080696935067,0.466880353755831,12.485956901101911,0.847791272196516,1.3609619490915734,0.8020689134527382,1.7452053117854829,0.6459450005426588,0.8786170379398108,1.4530148518926564,0.9098164427358992,0.2882445043414853,0.7006328971663476,0.3510954152751135,1.5447340757005064,1.3070061715896162,1.9685690507148197
W4239,3,1.9789575140915376,0.0,1.1955558838487446,1.5114413720220512,0.0,1.784061225784883,2.093119799155715,0.0,0.0,1.0677130811385245,0.7887714664333224,0.0,0.0,0.0,0.0,0.0,0.0,0.0,0.0,0.0,0.8710293040489286,1.291127088960098,0.7347189798984898,0.0,0.8867343561184746,0.0,0.8970903361965544,0.0,0.5952657377938879,0.6624328284293592,0.0555135394201405,0.1775953587862641,0.3509722158279789,0.1190502326005841,0.6306431732432127,0.2095022751045479,0.6406075862121453,1.1173224746058257,1.16126348633706,0.3210155985448747,0.7573375315955307,0.5112846847867494,2.6005969918948213,2.995778404704397,3.1404999681342214
W4239,4,1.3881341174146915,0.0,0.7125885479032275,1.4514970443875863,0.0,1.645633260237632,1.6505329591270224,0.0,0.0,0.7647822664733541,0.5949723065120777,0.0,0.0,0.0,0.0,0.0,0.0,0.0,0.0,0.0,0.6642908540401611,0.952326118965826,0.4595724152771613,0.0,0.5456019632874046,0.0,0.5960922043374932,0.0,0.4824354243827358,0.4761226192744389,-0.0071416638341693,0.0459869122051237,0.0713874881383184,0.0498030961932654,0.1147327698947443,0.0831669812969306,0.2145683015257043,0.2615902123354728,0.8007085501313117,0.2261339781643704,0.4061382022614775,0.569752165824864,2.900829234695171,3.361057551616506,2.815796755167903
W4239,5,0.7721812627136032,0.0,0.5647335227580931,1.331812398768874,0.0,0.7956612096620812,1.0051872933350796,0.0,0.0,0.4747885702438039,0.5621317733432675,0.0,0.0,0.0,0.0,0.0,0.0,0.0,0.0,0.0,0.5287537154499531,0.7133119036071692,0.3107928698053135,0.0,0.3414989809132671,0.0,0.4666227871743501,0.0,0.2904702729858242,0.3049725512268997,0.0180912049801616,0.0496206565648166,0.1441394049732662,0.0575690588346981,0.1394587033628319,0.0624887729501819,0.1294089048342139,0.0621423619851955,0.5447361418600359,0.1529811202994866,0.3327405381298018,0.2901006643476499,2.740343142305493,3.538742433563078,2.797204126505351
W4239,6,0.468137779659389,0.0,0.396376768301352,0.9902019884886984,0.0,0.5493907143771996,0.5664562750812655,0.0,0.0,0.3368304885676677,0.4306570760513032,0.0,0.0,0.0,0.0,0.0,0.0,0.0,0.0,0.0,0.3042791565426994,0.4584842890173161,0.2029223994455389,0.0,0.2216782201160564,0.0,0.2966291843937337,0.0,0.1932760669512673,0.2096995389307953,-0.0032353016761754,0.0491128503386526,-0.0015064890175692,-0.0847410117727946,0.0600872230930222,0.0314807980433203,0.0256095278904568,0.0183544553603493,0.4251726322383593,-0.0045394639836735,0.3233907326529197,0.2830466899905949,2.335292391152686,3.269950792348444,2.5325393096510904
W4260,0,0.2727272727272727,0.0,0.2727272727272727,0.2727272727272727,0.0,0.2727272727272727,0.2727272727272727,0.2727272727272727,0.0,0.0,0.0,0.0,0.0,0.0,0.0,0.0,0.0,0.0,0.0,0.2727272727272727,0.0,0.2727272727272727,0.0,0.0,0.0,0.2727272727272727,0.0,0.2727272727272727,0.0,0.2727272727272727,40.0,0.0,0.0,0.0,0.0,0.0,0.0,0.0,0.0,0.0,0.0,0.0,0.0,0.0,0.0
W4260,1,0.4297143528126083,0.0,0.4964882908942701,0.4746258394392087,0.0,0.5355119352311772,0.3606099883523977,0.5248154591477406,0.0,0.0,0.0,0.0,0.0,0.0,0.0,0.0,0.0,0.0,0.0,0.4029358956803124,0.0,0.4591956362763797,0.0,0.0,0.0,0.4389909091601869,0.0,0.3648394598645886,0.0,0.4107238651358683,29.33116293460546,0.5258050372215964,0.835860031966144,0.4536005727592163,0.8888483465882612,0.3753330467164797,0.6626771493549006,1.1304649521555452,0.202993378142727,0.1472898274356276,0.1481236868428074,0.0756100549864692,0.2697728878585469,0.3303720645876107,0.5601609185512046
W4260,2,1.216888917566028,0.0,1.0666222797299565,0.9155766598849564,0.0,1.036380573452452,1.4388258673420329,1.543947404646418,0.0,0.0,0.0,0.0,0.0,0.0,0.0,0.0,0.0,0.0,0.0,0.6156219262841232,0.0,0.8714691514879302,0.0,0.0,0.0,0.9240342576045956,0.0,0.8083559375288375,0.0,0.7019939085392329,11.645327504865238,0.944091601779695,1.3815001543475245,0.6899516930894598,1.576233866557698,0.3029425028601857,1.2500235758413392,2.017237177968248,0.8069877165926237,0.5264324404883427,0.3167823074449823,0.3781684771890337,1.3593036076358695,0.8909459531928727,2.232821613304346
W4260,3,1.8616118460526925,0.0,1.2365496417796948,1.601227696847635,0.0,1.9985123961451072,2.0629585230699585,1.996799900134121,0.0,0.0,0.0,0.0,0.0,0.0,0.0,0.0,0.0,0.0,0.0,0.7341232845943383,0.0,1.37416950997741,0.0,0.0,0.0,1.1654187899686694,0.0,0.9153789372378314,0.0,0.7277527770897899,-0.0523500538368251,0.1723561395156033,0.2944569722323996,0.1846452775757415,0.2656100393738135,0.1093651016539737,0.4088474261929649,0.4143312777277246,0.8340779069600436,0.7782295168173005,0.5336890538561115,0.4870451241743361,3.135369132502427,2.317829575632805,3.740193401327475
W4260,4,1.1651539716285884,0.0,0.8798053229503315,1.4737852802180091,0.0,1.1914441431849545,1.5913947278845773,1.7599927437070326,0.0,0.0,0.0,0.0,0.0,0.0,0.0,0.0,0.0,0.0,0.0,0.5833420374882549,0.0,0.8472656957597703,0.0,0.0,0.0,1.1915424646147323,0.0,0.767955195905394,0.0,0.5699284026095272,0.0126049429299377,0.0871435031101919,0.0323061167661222,-0.0036486861533652,0.0821166608133479,0.0605622838118926,0.0977774662909841,0.1070785189099621,0.5119860003823666,0.3465564966635417,0.2618780820679957,0.2747057920223752,3.1593492573028663,1.8902320648230808,3.384266184265935
W4260,5,0.941463351788933,0.0,0.5443126645236129,1.3501231887384104,0.0,0.8413533334534911,1.0232759852962994,0.9933212713839928,0.0,0.0,0.0,0.0,0.0,0.0,0.0,0.0,0.0,0.0,0.0,0.3235078853763674,0.0,0.6194068277593046,0.0,0.0,0.0,1.0541956227302638,0.0,0.4899851275945254,0.0,0.4089439822659089,0.0501546511664465,0.0038612399288264,0.0324839128391655,0.0217683014635149,0.0160091778677516,0.0314211823333224,0.0202113603961681,-0.0046932565058024,0.2670047001710596,0.1521867658184704,0.0615436396918776,0.2201556009901924,3.399034565462678,1.6854046492311054,2.567430665476903
W4260,6,0.5057548169973674,0.0,0.3775170807361785,1.0830710255784148,0.0,0.616295459319883,0.6251317348201832,0.8417353355166513,0.0,0.0,0.0,0.0,0.0,0.0,0.0,0.0,0.0,0.0,0.0,0.2157435556097218,0.0,0.4686676206239037,0.0,0.0,0.0,0.8415898348880386,0.0,0.3063255195595868,0.0,0.2356477331393411,0.0948464726675103,0.110850100922602,0.0028509068741791,-0.0472965742343153,0.087402273233001,0.0011840961996205,-0.0617966000919675,0.0303584780055687,0.2471285408257337,0.1008539602300129,0.1523674647638097,0.1430367162917114,3.3716273701587727,1.7364263757331109,2.388368513636319
W4349,0,0.1666666666666666,0.0,0.1666666666666666,0.1666666666666666,0.1666666666666666,0.0,0.1666666666666666,0.0,0.0,0.1666666666666666,0.1666666666666666,0.0,0.1666666666666666,0.0,0.1666666666666666,0.0,0.1666666666666666,0.1666666666666666,0.1666666666666666,0.1666666666666666,0.1666666666666666,0.0,0.1666666666666666,0.0,0.0,0.1666666666666666,0.1666666666666666,0.0,0.0,0.1666666666666666,40.0,0.0,0.0,0.0,0.0,0.0,0.0,0.0,0.0,0.0,0.0,0.0,0.0,0.0,0.0
W4349,1,0.3427168933136184,0.0,0.2946304537488143,0.2785177287465013,0.3139547928605748,0.0,0.3437902618598356,0.0,0.0,0.2826156777688872,0.2713733794413608,0.0,0.2307723329306168,0.0,0.2602423040348298,0.0,0.2891102417102041,0.2541706813297542,0.304553616793159,0.2476277696487835,0.3069851524576895,0.0,0.2233055665656051,0.0,0.0,0.3012405108368506,0.2158176651371521,0.0,0.0,0.2568912467351184,28.369982827975942,0.5603094013547462,0.8476466891628605,0.5394425089645225,0.9661630138698212,0.2380999187728266,0.5626711382007196,0.5663887076812096,0.3026202945909482,0.1825950016655462,0.1887790118469335,0.0858285884114477,0.4197530904323557,0.2649778328786699,0.3219979523228585
W4349,2,0.8746493032567314,0.0,0.7187582839876422,0.7331672167142498,0.7337862456465847,0.0,0.9912112582391142,0.0,0.0,0.5838417868571619,0.4327350260886595,0.0,0.342979367108932,0.0,0.4110471183495481,0.0,0.4435000299860615,0.4931232758318167,0.3862515214255613,0.4177126705123345,0.4557530191451829,0.0,0.3817070973852448,0.0,0.0,0.5494063992314554,0.4504348217049258,0.0,0.0,0.4674110048833391,14.420908135434058,0.8083967859057548,1.5899758001889188,1.1738200049316034,1.8587181147645675,0.6653235778993003,1.035985348593056,1.4715921917354424,0.8640688199334435,0.5627530184090412,0.1896932237690124,0.1905719648324512,1.7133670987524108,1.2767607934666418,1.137036745804751
W4349,3,1.4438770623131152,0.0,1.5219480691379603,1.3485076722334035,1.6365229269581918,0.0,1.859412929005159,0.0,0.0,0.9787275395962268,0.5278956707989112,0.0,0.378772806093726,0.0,0.557869805485794,0.0,0.8794926522985641,0.7891443264189463,0.5200569467996963,0.5189531377521036,0.935835006434714,0.0,0.4011379001836532,0.0,0.0,0.8683871260904844,0.6749249197282335,0.0,0.0,0.6439464169034437,0.0257551456422027,0.2813359397554507,0.5611339814431222,0.3954522726985096,1.137259554999421,0.3290664037400118,0.760698050986863,1.330201769476469,0.6913433865709611,0.5001101699839496,0.403907925972391,0.2533587384628739,3.047705911830872,2.5407434438326515,2.4418026786581586
W4349,4,1.1339511246675982,0.0,1.182943906583706,1.2994528340416427,1.52234352944491,0.0,1.3855508128121263,0.0,0.0,0.6873460231220933,0.4750808839055389,0.0,0.3326952108467081,0.0,0.3705074867076439,0.0,0.6100436028864467,0.4985583695398873,0.3129689677419808,0.3651015073994373,0.6050444218451805,0.0,0.3966610045287191,0.0,0.0,0.8419516778108018,0.4319008531484236,0.0,0.0,0.3821065185901398,0.0663245019678252,0.0007915532802258,0.0964795532497857,0.0698367348771241,0.2691552900519914,0.1462299393080449,0.1464493714670658,0.2818510101873113,0.3987553483474982,0.1608859014253111,0.1931810556686688,0.2209753187484967,2.9018047433360667,3.3882525975857525,2.9278317673839336
W4349,5,0.8592189085093114,0.0,0.6466269383862475,1.0438030435961645,1.0225671141848536,0.0,0.9178052117149909,0.0,0.0,0.4670714774880914,0.3548670996281987,0.0,0.2537975275856927,0.0,0.2130823187691333,0.0,0.4330374740371011,0.275105186645948,0.2247621047505749,0.2361094780144993,0.3381010299106272,0.0,0.2618656126950077,0.0,0.0,0.5467405804899277,0.3200845019323923,0.0,0.0,0.228055526743316,-0.0424182849958416,0.0837782644996427,-0.0302363223480068,-0.0711001523417936,0.1390043016996577,0.0525831875353365,-0.0172706935875853,0.1575419829344055,0.2830899340264644,0.1240872979428028,0.05711283182471,0.0757581117922564,2.153435495265088,2.7063678557317203,2.4877768785196506
W4349,6,0.5400056790869738,0.0,0.3677377517529452,0.8351190953923392,0.8122554517531461,0.0,0.6529706725421796,0.0,0.0,0.2621113434507996,0.2472175875565856,0.0,0.1619302351653798,0.0,0.159374801736734,0.0,0.313289798088674,0.2082281880547511,0.1444612709985679,0.1148168911002967,0.250757463541876,0.0,0.1747390885037935,0.0,0.0,0.6571487317712581,0.1984975751084996,0.0,0.0,0.1512849925437493,-0.0113812944049633,0.0335367220717683,-0.023724058139878,0.0671317379568293,0.0949825876770626,0.0121545605243789,-0.0142247493162874,0.0352412566204437,0.2002340610565108,0.0062602665817947,0.0242498700191826,0.0085865353468322,2.064517810013315,2.692526158445578,2.6754039236597515
W4610,0,0.1578947368421052,0.1578947368421052,0.0,0.0,0.0,0.1578947368421052,0.0,0.0,0.0,0.0,0.1578947368421052,0.1578947368421052,0.1578947368421052,0.1578947368421052,0.1578947368421052,0.1578947368421052,0.1578947368421052,0.1578947368421052,0.1578947368421052,0.0,0.1578947368421052,0.1578947368421052,0.1578947368421052,0.1578947368421052,0.1578947368421052,0.1578947368421052,0.1578947368421052,0.0,0.0,0.0,40.0,0.0,0.0,0.0,0.0,0.0,0.0,0.0,0.0,0.0,0.0,0.0,0.0,0.0,0.0
W4610,1,0.3358315152376361,0.2338755293575966,0.0,0.0,0.0,0.3173114624117454,0.0,0.0,0.0,0.0,0.263687070215913,0.2339359024188271,0.214521375674004,0.2189903307249635,0.2221537236714891,0.2139187085444669,0.2691926690476212,0.2372943375098795,0.2235773295494525,0.0,0.2614955013472747,0.2899596363676715,0.2200538294745016,0.1873482481653477,0.2115901073706138,0.224941971983013,0.2123901010103761,0.0,0.0,0.0,26.18610900616516,0.4087175427056684,0.5394328448835641,0.8439774026878242,1.0796139628683716,0.5899763644806829,0.6341910524200418,0.5509549435039506,0.3293609834868161,0.2722295124119634,0.1524355402658493,0.0050582831474084,0.6189093506785284,0.2815760863704141,0.3056010670727317
W4610,2,0.8881456577193096,1.0279512212146087,0.0,0.0,0.0,0.67307330592082,0.0,0.0,0.0,0.0,0.345177391564033,0.3344177450810999,0.2893452190347111,0.4857846279034028,0.4112545866617887,0.2843672347724859,0.6149381587704602,0.505578924994412,0.4793191668856075,0.0,0.5061164959417846,0.6715402162226252,0.3486051169025714,0.3112087292979261,0.4093723388997984,0.4602224903303155,0.3123644765104528,0.0,0.0,0.0,13.274289797051516,0.6346233653710717,1.7324808125224478,1.2308338999653454,2.0786450984344524,0.9195949283483013,1.2833995104210365,1.3028111305801724,0.6012380829707611,0.5993916014531141,0.3765764545101394,0.2480737125808828,2.0517098078369944,0.8235450273141459,1.3021503474299143
W4610,3,1.725444352918526,2.1791640777067305,0.0,0.0,0.0,1.5761686945750633,0.0,0.0,0.0,0.0,0.6541886737512211,0.3328015197971721,0.3488399888948672,0.618153183234314,0.4304641112608028,0.2528809484928532,0.8387556080028001,0.7147610641708076,0.4398576354425823,0.0,0.690586067363401,0.8752165077796203,0.5899593012888711,0.3361135532122841,0.7163986329606725,1.0776233622230205,0.5997173966787523,0.0,0.0,0.0,0.0715544174060634,0.2077893506895771,0.8488417819944329,0.5124796600467465,0.9041757953706498,0.5753917687489108,1.269857260099537,0.8401065970787281,0.5095525438064656,0.7242410710185226,0.3113115048493206,0.3382030216622889,4.448317726255177,1.4644448490009905,2.806558815881085
W4610,4,1.4125472303810716,1.6854648694449623,0.0,0.0,0.0,1.584204266444739,0.0,0.0,0.0,0.0,0.5735646338264818,0.2050140727792925,0.2937699585764358,0.5505646285123535,0.3628976483073584,0.1827174651139383,0.6126542070340688,0.4917855882484914,0.3210460815391314,0.0,0.5384085218349294,0.740920529103283,0.4153715548765824,0.2280387983717613,0.527131619950606,0.9546231328035408,0.4280787018595064,0.0,0.0,0.0,0.1063940350061864,0.0474622595107372,0.1375230740315302,0.0078898379771379,0.1864160611191143,0.2414203132166532,0.4971510478403073,0.2628835850968036,0.1900661599279986,0.304730460328369,0.143402437048228,0.1547540464587196,4.899676991949691,1.4684332504215614,3.2917662153594005
W4610,5,0.6650719200724793,1.259822220576413,0.0,0.0,0.0,0.9413200938019832,0.0,0.0,0.0,0.0,0.4530642351983605,0.1281707171921673,0.2287707917390927,0.3029684293297453,0.2369741676797744,0.1109628911194756,0.4297158307442394,0.3138101838126685,0.2419303552973599,0.0,0.3353312999496657,0.5887838441281588,0.2784759322262444,0.1466617466673753,0.3593376257927679,0.7221507111745599,0.2692656814466638,0.0,0.0,0.0,0.0480500286534906,0.038609701244073,0.0573228192257849,0.1143858438013388,0.1638192747938532,0.0913610614978452,0.1877731474257904,0.1286719340028171,0.1391515411370116,0.2364657575350312,0.0937146297043809,0.0704257424383674,6.011001272585881,1.1889775328239758,2.9862510621061107
W4610,6,0.5683589944920615,0.9726226615643384,0.0,0.0,0.0,0.6692552314943768,0.0,0.0,0.0,0.0,0.3577877624903492,0.0952196138687052,0.147846577493849,0.224285042600936,0.1199720403963475,0.0636734183240807,0.2878053597318579,0.193436861920441,0.1562528976812797,0.0,0.2157617704886497,0.3411720178800774,0.1849635836059958,0.0908236440857191,0.1972726465874185,0.7027047748683772,0.2061482013289641,0.0,0.0,0.0,-0.0005963900836446,-0.0105402273885877,0.0964866554308478,0.0543028791322333,0.0524814824917769,-0.0014317148456571,0.2308918860370604,-0.0317934297065823,0.0907819186769026,0.153532057362018,0.1415513223265083,0.0961365377584217,5.6388070355389575,1.0566320100158124,2.130936959183395
W4623,0,0.2,0.2,0.0,0.0,0.0,0.2,0.0,0.0,0.2,0.0,0.2,0.2,0.2,0.2,0.2,0.0,0.0,0.2,0.2,0.0,0.2,0.0,0.0,0.0,0.0,0.2,0.0,0.2,0.0,0.2,40.0,0.0,0.0,0.0,0.0,0.0,0.0,0.0,0.0,0.0,0.0,0.0,0.0,0.0,0.0
W4623,1,0.4782604041797171,0.3837149306172473,0.0,0.0,0.0,0.4606445361207778,0.0,0.0,0.3497178019600726,0.0,0.3172115712395632,0.2546366361433027,0.2681757009845217,0.3264857000607567,0.276364669618559,0.0,0.0,0.2851930842153203,0.2803305086572846,0.0,0.3419313489211635,0.0,0.0,0.0,0.0,0.3509888838443206,0.0,0.3047336505880422,0.0,0.3013150247946281,27.75586446779252,0.4260723008784067,0.7884331930163492,0.9136852272800324,1.3082215742850145,0.5504793705867311,1.0883787843208448,0.4750222424718194,0.1766293952089764,0.1631055341348476,0.1459332894893059,0.0232229161204276,0.399902128731491,0.1934738813789483,0.1145253615373866
W4623,2,1.13566483116568,1.2999381895362032,0.0,0.0,0.0,1.259006907895182,0.0,0.0,1.1288176648734478,0.0,0.4897940271926518,0.4117343028074108,0.3008756546166273,0.4464348832642278,0.4929272234940185,0.0,0.0,0.563271247454456,0.5082532528080115,0.0,0.5964229133417135,0.0,0.0,0.0,0.0,0.5966291436743936,0.0,0.5936009474508878,0.0,0.56448267605674,11.166635400701596,0.6835177236320847,1.7855109058933296,1.7653969888813932,1.7048968320395264,1.191965260169737,2.34701018068035,1.31717713506178,0.3358245466294943,0.4511761154842081,0.2212083175166441,0.2512954637752672,1.6143827186903288,0.5205868250993005,1.096456252307734
W4623,3,2.01518142655686,2.5243559941702225,0.0,0.0,0.0,2.3248632876164037,0.0,0.0,2.429949976575993,0.0,0.6422471071776285,0.3798843504272099,0.3785446132456942,0.7223384157284843,0.5220268339983473,0.0,0.0,0.7780791506692593,0.6687045642232157,0.0,0.5657175973509965,0.0,0.0,0.0,0.0,1.0114587524330076,0.0,0.9947436767166238,0.0,0.7590259240121039,-0.0340627161003315,0.3318943673775263,0.9281867567049727,0.4071106988437269,0.481054195447856,0.5651692735363703,0.9942011724705933,0.6046832098232461,1.05464327032785,0.5642959939014225,0.2026328661639304,0.5262785853360136,3.0855826387172383,1.145728037595509,2.4815603853221404
W4623,4,1.1988129610476053,1.592783079709347,0.0,0.0,0.0,1.7526340612098683,0.0,0.0,1.95397498155053,0.0,0.5994074474240262,0.2718017978970339,0.3112360325655296,0.5770850927587179,0.4968313575177938,0.0,0.0,0.4954584174027288,0.4127775005140551,0.0,0.4761927201646712,0.0,0.0,0.0,0.0,0.8257621486194348,0.0,0.5607698725878549,0.0,0.5634389849764652,0.0788428058498352,0.0251871344753101,0.0767971492211129,0.1179257584129169,-0.0112515939255192,0.1682542996419754,0.1349979144770571,0.1421878481823188,0.532161025783034,0.2415544526854771,0.1365007544387125,0.2787694201195595,4.389666989495664,0.9002569424790684,2.8054109797659788
W4623,5,0.7564489742888884,1.7331931021573548,0.0,0.0,0.0,1.199181380640658,0.0,0.0,1.3838886172052836,0.0,0.3942204760026224,0.2038647293616292,0.2295437021752997,0.4210391861531281,0.3689853613142027,0.0,0.0,0.3850976730178939,0.2624301199056453,0.0,0.3253691725422416,0.0,0.0,0.0,0.0,0.6873639674588305,0.0,0.4012461791622958,0.0,0.3519537642797369,0.0540437875374665,0.0010797180259013,0.0659295513786844,-0.0725427149208572,-0.0642592587413809,-0.0401592323910405,0.0835489841045354,0.0536389007692717,0.3738816556892134,0.1817547062905092,0.0852184351765065,0.1197492822823388,4.188493675023897,1.0901376939641498,2.320528744542168
W4623,6,0.4842799177143365,1.0241484255508555,0.0,0.0,0.0,0.6644653434119294,0.0,0.0,0.8274974093280543,0.0,0.2688693409095209,0.1154140987891142,0.1322242165541812,0.2512095569790176,0.1984956530923851,0.0,0.0,0.2587364494056896,0.1608442044104735,0.0,0.1932657448807266,0.0,0.0,0.0,0.0,0.5971404497501431,0.0,0.2619515748847248,0.0,0.1774196144205063,-0.0089795407538215,-0.0450848306991717,-0.0228278079091635,0.0049935669262518,0.0719543969743939,0.0434538890821451,-0.0073687832264184,0.0584162651287136,0.2496946382960033,0.1140449604877111,0.0988435391844184,0.0627231690700467,5.277324270114002,0.9274641778492014,2.299564579714448
W4625,0,0.3,0.3,0.0,0.0,0.0,0.3,0.0,0.0,0.3,0.3,0.0,0.0,0.0,0.0,0.3,0.0,0.0,0.3,0.0,0.3,0.0,0.0,0.0,0.0,0.3,0.0,0.0,0.3,0.0,0.0,40.0,0.0,0.0,0.0,0.0,0.0,0.0,0.0,0.0,0.0,0.0,0.0,0.0,0.0,0.0
W4625,1,0.4755340162718622,0.5840028281130963,0.0,0.0,0.0,0.5258184591941674,0.0,0.0,0.6014738167733814,0.4529997422565825,0.0,0.0,0.0,0.0,0.4101536940399796,0.0,0.0,0.4150013738368666,0.0,0.4698144493000188,0.0,0.0,0.0,0.0,0.425092339165923,0.0,0.0,0.4692232842026677,0.0,0.0,30.21694458367872,0.251977168662519,1.231395416126041,0.7788574734864899,0.6754363887518466,0.3301326379617132,0.7608896860006205,0.5806348635097507,0.089104450631799,0.1516949809656053,0.1441041970604421,-0.0043775724491677,0.4151847648261201,0.4210004040772004,0.6622042199115656
W4625,2,1.3631142632469189,2.059788987879574,0.0,0.0,0.0,1.3864557455705002,0.0,0.0,1.6518359311746351,0.9771395828744388,0.0,0.0,0.0,0.0,0.6742091765510869,0.0,0.0,1.0065561759204655,0.0,0.7750291931860769,0.0,0.0,0.0,0.0,0.9570199391624296,0.0,0.0,0.9056565655734108,0.0,0.0,9.468160886975436,0.5270929818705106,2.2121797123394797,1.0860416341700128,1.4479927648079571,0.68358390096342,1.66630557318244,1.2480798916986118,0.5191577076807272,0.5954649153669593,0.3599976417697743,0.2523096929149727,1.8546935295215303,0.8179118172681716,1.7733469972265323
W4625,3,1.691959240837715,3.044697991176654,0.0,0.0,0.0,2.713089289456106,0.0,0.0,2.0734318412092474,1.265169843820442,0.0,0.0,0.0,0.0,0.7686823340979558,0.0,0.0,1.1427784514604042,0.0,0.808323379453451,0.0,0.0,0.0,0.0,0.9896495679226556,0.0,0.0,0.8166467517042177,0.0,0.0,-0.0080254116341284,0.1822478677209969,0.2450354896080016,0.2995751520324214,0.2288153951543742,0.2816445464447022,0.5387943156600988,0.4703648196534141,1.1139472126978458,1.1595067430551578,0.3979883792234865,0.3748791317109342,3.416655546598034,1.4076259924714127,3.7106001088061342
W4625,4,1.3604929991319978,2.3233123677549603,0.0,0.0,0.0,1.5222055428688104,0.0,0.0,1.901688439336473,0.9200237375515408,0.0,0.0,0.0,0.0,0.5674505852310656,0.0,0.0,0.6845846307058552,0.0,0.6224620695845591,0.0,0.0,0.0,0.0,0.691831251445165,0.0,0.0,0.8347648126169006,0.0,0.0,-0.0252639226609362,-0.039434373577808,-0.0498961019013688,0.0153992530780058,0.0920999840833176,0.1677479903840461,0.0523395409353801,0.0993207855325452,0.5789162376327693,0.7427900849406115,0.2397431760055023,0.0839586826075841,4.665100665752835,1.0910030134021007,4.102759455562916
W4625,5,0.8499221076653398,1.2681461809049437,0.0,0.0,0.0,0.9360878417767944,0.0,0.0,1.1497247207969994,0.7079509991397523,0.0,0.0,0.0,0.0,0.4521791682412985,0.0,0.0,0.6060884832507087,0.0,0.3938672490722734,0.0,0.0,0.0,0.0,0.4040887309019866,0.0,0.0,0.563776845443888,0.0,0.0,0.0129867303469847,0.0063247583785327,0.0091014566380364,0.0375089141883478,-0.044751472625919,-0.0467215213757057,-0.0099592541666813,0.0125759134935792,0.4885903556150334,0.7231791769676514,0.2265296147391662,0.0102879322676509,4.908034574551623,0.7793852229991937,3.968529705776882
W4625,6,0.4639450011444846,0.8887936882866545,0.0,0.0,0.0,0.5849629782866301,0.0,0.0,0.6919281160474339,0.3920045876049738,0.0,0.0,0.0,0.0,0.3304170048845541,0.0,0.0,0.3409126357140093,0.0,0.2699847984507689,0.0,0.0,0.0,0.0,0.3105058278011387,0.0,0.0,0.3538734119264757,0.0,0.0,0.0182638825626795,-0.0288770663142063,0.0737873187535032,0.0352401985488969,-0.0012565290820278,0.0291601727425601,0.0715437421088769,0.0777160179314899,0.3982758473025096,0.5149654699105355,0.0776895528201173,0.084188536400687,4.717898191304477,0.622831924495374,3.9139489294466334
W4629,0,0.1764705882352941,0.1764705882352941,0.0,0.0,0.0,0.1764705882352941,0.0,0.0,0.1764705882352941,0.1764705882352941,0.1764705882352941,0.0,0.1764705882352941,0.1764705882352941,0.1764705882352941,0.0,0.0,0.1764705882352941,0.0,0.1764705882352941,0.0,0.0,0.1764705882352941,0.0,0.1764705882352941,0.1764705882352941,0.1764705882352941,0.1764705882352941,0.0,0.1764705882352941,40.0,0.0,0.0,0.0,0.0,0.0,0.0,0.0,0.0,0.0,0.0,0.0,0.0,0.0,0.0
W4629,1,0.2935594220082741,0.329375154646866,0.0,0.0,0.0,0.3489907916870164,0.0,0.0,0.3406631734886311,0.3067284426504416,0.2506138914513955,0.0,0.2122693571387265,0.2697353956074875,0.2699366942449919,0.0,0.0,0.2676823685218422,0.0,0.239714434200895,0.0,0.0,0.2624350803016106,0.0,0.3096649071504279,0.2269141634124014,0.2685510785698445,0.301901927291089,0.0,0.2739972432740011,31.660978778215764,0.3345179814208289,0.970344972328874,0.7242730736448321,0.9377584207749536,0.1983240935413065,0.7619704016068132,0.5399440029211642,0.2377128066339014,0.1235968000908615,0.1490833248064557,0.0480542846876566,0.5848971188367533,0.303659350847979,0.3443470930788104
W4629,2,0.885231138128142,0.8499896335811261,0.0,0.0,0.0,1.0666364737863496,0.0,0.0,0.9630263918273936,0.5378265802407788,0.5224418737902574,0.0,0.2891374927853497,0.570913236660205,0.3949423280519071,0.0,0.0,0.560438651263962,0.0,0.4182441900668447,0.0,0.0,0.5183267747211728,0.0,0.5446102767127604,0.5566509373530356,0.460088495994975,0.5249712869263696,0.0,0.4288678591095311,12.875201135287448,0.5906260330628442,1.787630028101704,1.1761599910501388,1.751197282035006,0.6912919305324463,1.509491599509119,1.301713703215396,0.5903256644112912,0.403481436790586,0.2633110502111924,0.1923800260553491,1.8665694176896657,0.8845398085491435,1.5008988441088629
W4629,3,1.7367378449242552,1.8572726857874315,0.0,0.0,0.0,2.1796370517223127,0.0,0.0,2.084011082722536,1.1171366630223485,0.5589829961636592,0.0,0.383502527378256,0.7474569838602179,0.5425395828751864,0.0,0.0,0.7461656250954727,0.0,0.5066597656554088,0.0,0.0,0.5440579802151745,0.0,0.6947139652051234,0.8540085536692721,0.5653369130139588,0.6131861940970282,0.0,0.5749722429853774,0.060581632678844,0.2266322094190994,0.5851782342038055,0.4860478654944861,0.5698797082550945,0.3481519805475189,0.7168047738880384,0.850632731448469,1.1423534519836696,0.6303969944901185,0.338720944476139,0.3841418104948987,4.011191185246135,1.4741357894779163,3.2376005527926224
W4629,4,0.8822980325737408,1.770745696751747,0.0,0.0,0.0,1.238009204499246,0.0,0.0,1.6697375295246726,0.6738059933155979,0.5226887365193059,0.0,0.2897909492054104,0.3635739899621431,0.4387253095756696,0.0,0.0,0.565583918725309,0.0,0.4317719184576506,0.0,0.0,0.4249425772315098,0.0,0.5554517835961285,0.6487100339944161,0.31657901675728,0.5168156466895856,0.0,0.405948980888261,-0.0470320504198313,0.0830478366012498,0.1403431149289953,0.0785488223233117,0.1073865516366848,0.0720191623851026,0.1484356147429721,0.1542198556050635,0.514139737588858,0.2503286165696433,0.158628187808403,0.177781040319698,5.540075413618945,1.2194101073014827,3.024644742738367
W4629,5,0.7421054805997016,1.4691142099212957,0.0,0.0,0.0,0.9667958454090176,0.0,0.0,1.110952200941933,0.5119272853618383,0.4776925307185004,0.0,0.1938771047504551,0.4145460745051519,0.2391410451913474,0.0,0.0,0.3398803424733961,0.0,0.2766405903701627,0.0,0.0,0.2788438755844538,0.0,0.3009228483715671,0.6976399794569389,0.2615924515940862,0.3808349732142536,0.0,0.2867553722257229,0.0721250262893235,0.0472550559968341,0.0048635580009798,0.0249849493228053,0.0601878138339998,-0.0273306723119481,0.0425742310019906,0.0230826817014746,0.2525337782138944,0.2182061833024566,0.1362018748130047,0.075677238739781,4.078738193447231,1.116984956703666,3.102980096819446
W4629,6,0.484902741019416,0.8819891047796546,0.0,0.0,0.0,0.6088990003088345,0.0,0.0,0.6501390738989133,0.3144329728922442,0.356771828903169,0.0,0.137145616286071,0.2885267259354228,0.1926293691826176,0.0,0.0,0.2429890653716964,0.0,0.1766058001282731,0.0,0.0,0.1577878335946949,0.0,0.2151014363740001,0.4835822991238171,0.1702201495849428,0.2457589386926243,0.0,0.1686407771981329,-0.0273801470521231,0.0704304209503397,-0.0543537064308856,0.0548068294139591,-0.0143321844656375,-0.0227898449814821,-0.0034115865764143,0.0407826135574825,0.1462632019067735,0.1050943678823083,0.0029527456917097,0.0541692182577156,5.200332429039032,1.1197236665102228,3.2114362920434987
W4681,0,0.1666666666666666,0.1666666666666666,0.0,0.0,0.0,0.1666666666666666,0.1666666666666666,0.1666666666666666,0.0,0.1666666666666666,0.0,0.0,0.0,0.1666666666666666,0.1666666666666666,0.0,0.0,0.1666666666666666,0.0,0.1666666666666666,0.0,0.1666666666666666,0.0,0.1666666666666666,0.1666666666666666,0.1666666666666666,0.1666666666666666,0.1666666666666666,0.1666666666666666,0.1666666666666666,40.0,0.0,0.0,0.0,0.0,0.0,0.0,0.0,0.0,0.0,0.0,0.0,0.0,0.0,0.0
W4681,1,0.3004417425143351,0.3088260300093495,0.0,0.0,0.0,0.3146367092082397,0.3349337981318943,0.2522577431642284,0.0,0.2530399583895615,0.0,0.0,0.0,0.262422910353006,0.2518322474109171,0.0,0.0,0.3218899470524533,0.0,0.2108737833632908,0.0,0.259753498987107,0.0,0.2147415436777037,0.2357916886884446,0.2689085864513681,0.2649808899290359,0.2521357920935788,0.2788001096596872,0.2568545271844214,28.549930685526505,0.4021806008533908,1.0826500218378672,0.7079148608640552,0.7990915095635099,0.342244370506938,0.4263896311741631,0.5817468569292997,0.0466557105811443,0.2004435066206213,0.2576085229573223,0.0474061729025048,0.4578202403435262,0.2277405604880241,0.5880469218404782
W4681,2,0.7877283101262638,0.9470801476487456,0.0,0.0,0.0,0.9037045961828808,0.871155842029777,0.72350590654282,0.0,0.6162561634124821,0.0,0.0,0.0,0.4507710889004702,0.3812161226619854,0.0,0.0,0.4840971119384334,0.0,0.3942612878573282,0.0,0.645766593452139,0.0,0.2950387849605126,0.4886630025642723,0.6111177769970589,0.4962360300473138,0.4468667235608402,0.4391749583975045,0.4591912184982754,11.473608430442358,0.5779856516868558,1.5412300897645288,1.1073753502799957,2.065322254605324,0.5655280569938996,1.0164459983567231,1.3046729407033246,0.5728877982319184,0.3986417443723494,0.3912912859542464,0.2358025285941681,2.0958689540949167,0.8526606977873352,2.028723695374532
W4681,3,1.2378759780300792,1.6461799579780714,0.0,0.0,0.0,1.4483347837721945,1.6480746161655573,1.226085686090245,0.0,0.7494999177163718,0.0,0.0,0.0,0.6733875222336912,0.489320182008092,0.0,0.0,0.6744023741944322,0.0,0.4963964368471452,0.0,1.0274765640081456,0.0,0.3466629426857397,0.6491542626105983,0.79581970025612,0.4818213753256292,0.6406847786794284,0.4977988007113152,0.522441575949467,0.0771351037057874,0.1269347952100624,0.4716474218170541,0.2792127944054794,0.8749853533971856,0.3147625415646598,0.6688860552856482,0.6652946635235545,0.6691941029937593,0.7296333386966324,0.5137502416754464,0.3862545756344165,3.4084718304374206,1.4503619999278805,3.4290472484312517
W4681,4,1.0962173976814242,1.4962258615015898,0.0,0.0,0.0,1.1807938004586134,1.2306585453310726,1.0863353441424497,0.0,0.5060350635534279,0.0,0.0,0.0,0.5396618214496423,0.3912177992545526,0.0,0.0,0.4650931747845298,0.0,0.3888164221236332,0.0,0.709280541447532,0.0,0.2370234170992047,0.528445666040199,0.8856237752371123,0.3976224168130293,0.493106226452573,0.330100278962045,0.4513676402233584,-0.0633578818921726,-0.0184263159596499,0.0838004179721853,0.2094105068181045,0.1161106310902767,0.077294416299722,0.2010470796273549,0.0802221134283555,0.2816179988724517,0.3784901127313969,0.1854506122034352,0.1442708895683161,4.463233882647538,1.1125609075034557,3.593847625796667
W4681,5,0.6256857145377336,1.0017568707641633,0.0,0.0,0.0,0.699512598523606,0.7454846548326156,0.7437855562974687,0.0,0.3378432135069145,0.0,0.0,0.0,0.4124837973936472,0.2629179704260777,0.0,0.0,0.3341664910714122,0.0,0.2378496652870617,0.0,0.5074999092190318,0.0,0.1508458840095376,0.219094649088235,0.6872677614968713,0.2293760594458206,0.2628293819267155,0.2360227754853115,0.2665465361746756,0.0336426904643628,-0.0380487022622027,0.0337207460053041,-0.0029174171994151,0.0667862647468573,0.0922111246396309,0.1462759893226923,0.014445873358678,0.1542068702248083,0.2368102464686164,0.1806404671958894,0.0089836252678793,4.081737208189264,0.947312892302388,3.542502588412404
W4681,6,0.3680482246954752,0.6318246456527468,0.0,0.0,0.0,0.417276955353499,0.4638335574234583,0.383382682736176,0.0,0.2079619428791602,0.0,0.0,0.0,0.2199859440060126,0.1850092135075791,0.0,0.0,0.1811383704180718,0.0,0.134248070298088,0.0,0.2802892023267257,0.0,0.0879263677368245,0.174523101364114,0.5459226753039947,0.1765172585405749,0.2400612911554767,0.1558239052823748,0.2004944337303686,-0.0320547061534543,-0.003068782852533,-0.0321119412460424,-0.0001898269408835,-0.0703699919300264,-0.0419067625727607,0.0501917837398894,0.0918593272715984,0.0805492546793927,0.2322731002434427,0.0587565463862374,0.0940075263753803,4.660452359124894,0.8783660417687338,3.1152809073609307
W4696,0,0.2142857142857142,0.2142857142857142,0.0,0.0,0.0,0.2142857142857142,0.2142857142857142,0.2142857142857142,0.2142857142857142,0.2142857142857142,0.0,0.0,0.2142857142857142,0.0,0.2142857142857142,0.0,0.0,0.0,0.0,0.0,0.0,0.2142857142857142,0.2142857142857142,0.2142857142857142,0.2142857142857142,0.0,0.2142857142857142,0.0,0.0,0.0,40.0,0.0,0.0,0.0,0.0,0.0,0.0,0.0,0.0,0.0,0.0,0.0,0.0,0.0,0.0
W4696,1,0.3706891391676131,0.3858844202854158,0.0,0.0,0.0,0.3028598460087525,0.3671365739754521,0.3936527006282619,0.3993501952588483,0.3205385000538675,0.0,0.0,0.2669403999279981,0.0,0.2561191219198626,0.0,0.0,0.0,0.0,0.0,0.0,0.30660952306144,0.2673732083033552,0.2955742885803721,0.3373491066682625,0.0,0.3542964695951742,0.0,0.0,0.0,30.997216919785853,0.3631577337086648,0.5418730380873654,0.648050301599909,0.9222451718304008,0.2819392327330862,0.5604381528269666,0.6453002057827488,0.3456998342728635,0.1749873696083261,0.1973400151871002,0.1397411812740451,0.289787340722138,0.2862693514586484,0.5374330115744663
W4696,2,1.1500845585318606,1.1312105217963957,0.0,0.0,0.0,1.0501681954773736,1.0314489226672872,1.0707512430106925,1.1184083359950694,0.6458030377670264,0.0,0.0,0.3916064006821199,0.0,0.5213644772499213,0.0,0.0,0.0,0.0,0.0,0.0,0.9300569648053364,0.622921883499526,0.5102180468641424,0.5996324435462212,0.0,0.5708980257070401,0.0,0.0,0.0,11.994258727577757,0.6303112756102067,1.1765354254247904,0.8367293586316619,1.4580891450219136,0.5342570035820847,1.5256061509999372,1.2752675545264711,0.8308450457061406,0.5686492245895646,0.4129249151837306,0.336019658854883,1.369761102360674,0.8598608200454726,1.934467494694915
W4696,3,1.5724650641279594,1.5880674133018888,0.0,0.0,0.0,1.6158713990617133,1.800248195039426,1.2980741431676637,1.986466608659904,1.0337868706723266,0.0,0.0,0.5464418170909764,0.0,0.6895014024532015,0.0,0.0,0.0,0.0,0.0,0.0,1.107608687207727,0.606537185245429,0.450890829969205,0.7362540518142178,0.0,0.7390029785446272,0.0,0.0,0.0,0.0039490372985112,0.1448618351662557,0.277214671370908,0.1436393967232663,0.4757910747401234,0.209082210315308,0.5683082826550818,0.4293643119342651,0.9736833971362252,1.276815064781515,0.4291910524948398,0.5880538078536949,3.335563868939867,1.411034242981699,3.4736120899231557
W4696,4,0.9563484170744112,1.336025041076232,0.0,0.0,0.0,1.0809259273901584,1.240483121686304,1.1824708360034242,1.4481186362376388,0.7493180238591035,0.0,0.0,0.5132663242405574,0.0,0.5474414954572776,0.0,0.0,0.0,0.0,0.0,0.0,0.8033560391214684,0.4614045046694723,0.3526293941734452,0.5870024392211795,0.0,0.5316726654000965,0.0,0.0,0.0,0.0279674124452703,0.0174094557788965,0.0487220449579262,0.0641766511563221,0.0543344098276806,0.0435075560155549,0.177901668905936,0.1084638738445838,0.5334085873399966,1.0245085819519175,0.2651692475647331,0.2192320534858627,4.07057963431498,0.8863289535548011,3.872480022804953
W4696,5,0.6572547113253306,0.91785046667821,0.0,0.0,0.0,0.6391243903083154,0.7219303150167866,0.7441439396454673,0.8098084689199416,0.3928156127680939,0.0,0.0,0.3402065792425358,0.0,0.3821912751860753,0.0,0.0,0.0,0.0,0.0,0.0,0.6178077675031054,0.2570034795052752,0.1781765467217551,0.2949070809071242,0.0,0.4114553324473353,0.0,0.0,0.0,0.0139847651032086,-0.0024712745451545,0.0222534506047573,0.0789216724251166,-0.059674008180586,0.0308070633632601,0.112098198867643,-0.0286807477589644,0.3547279940795537,0.9096793369490118,0.1303088599724245,0.1683041023838846,3.3804081161622586,0.7717911893981559,3.5395902555298786
W4696,6,0.3888400406926409,0.5999292416533478,0.0,0.0,0.0,0.4536282729697695,0.4594717263914277,0.5825363632687558,0.6046783409124875,0.2994045713056222,0.0,0.0,0.2891075094376675,0.0,0.2536515962877788,0.0,0.0,0.0,0.0,0.0,0.0,0.2969683662992714,0.1879323183439205,0.1444989273268482,0.1851397494164403,0.0,0.2051002388247006,0.0,0.0,0.0,0.0624363253466767,-0.051584104228378,0.0580826274603093,0.0689435195824006,0.0673044425923361,-0.022750187881073,0.095783871831171,-0.0514296014278854,0.2610921220184391,0.5358000171763921,0.1720799547982474,0.1094336016218679,3.7351341492161634,0.5158525768222506,4.3062032957853305
W4716,0,0.2307692307692307,0.2307692307692307,0.0,0.0,0.2307692307692307,0.0,0.0,0.0,0.2307692307692307,0.0,0.0,0.2307692307692307,0.0,0.2307692307692307,0.0,0.2307692307692307,0.0,0.0,0.2307692307692307,0.2307692307692307,0.2307692307692307,0.2307692307692307,0.2307692307692307,0.0,0.0,0.0,0.2307692307692307,0.0,0.0,0.0,40.0,0.0,0.0,0.0,0.0,0.0,0.0,0.0,0.0,0.0,0.0,0.0,0.0,0.0,0.0
W4716,1,0.4003182247920948,0.4046481617037231,0.0,0.0,0.4179132050037681,0.0,0.0,0.0,0.4783417143278858,0.0,0.0,0.3501259381510369,0.0,0.3559459655005992,0.0,0.314404386388399,0.0,0.0,0.3880185219243419,0.3616825016740572,0.3797227146718398,0.4077594531666856,0.263300387746618,0.0,0.0,0.0,0.3243737116086386,0.0,0.0,0.0,31.64785091561448,0.4368444185768854,0.6691477578271143,0.6673786926629272,0.5901307303282275,0.5717070466529236,0.796886815273828,0.4232015408184684,0.2274441284603333,0.1301545088289334,0.1199942525604963,-0.0203967352231215,0.5776006829444165,0.3583158869762153,0.5075360927358765
W4716,2,1.1712451741607448,1.3143048677630005,0.0,0.0,1.058923640587068,0.0,0.0,0.0,1.179436457956862,0.0,0.0,0.5301159512069399,0.0,0.7701318511323342,0.0,0.4180283473980834,0.0,0.0,0.690893955654737,0.5137825643626817,0.6268829800859936,0.7963432216979899,0.6986907474497773,0.0,0.0,0.0,0.7111111261958893,0.0,0.0,0.0,14.379338823195186,0.6301899286749948,1.4106762234130414,1.247807382785736,1.559835114422894,1.0143177202504636,1.5200770880744088,0.9701667711648322,0.6548103718166095,0.4786307212062133,0.3099012546295612,0.4540884516834291,1.5554021778079474,1.1964163741041671,1.745880689659174
W4716,3,1.795354705204685,2.207222135371804,0.0,0.0,2.2614598167509565,0.0,0.0,0.0,2.441870710731394,0.0,0.0,0.5659749109434322,0.0,0.8568841410713793,0.0,0.3721770158747391,0.0,0.0,0.6391855727992557,0.6765728186469209,0.7998918919531017,1.4258087069016403,0.6595729382883385,0.0,0.0,0.0,0.6290481675664836,0.0,0.0,0.0,0.0805019337144665,0.1952674429296276,0.5344357516496638,0.5113659747287868,0.4324653668940228,0.454742991076872,0.8184410675866083,0.5215106222334802,0.4632990018384859,0.7193013144871268,0.4987778702488541,0.7743732510766755,2.4250343745233365,2.18361468508744,3.560346564393877
W4716,4,1.2036218314259988,2.07975120076235,0.0,0.0,2.1162068037152304,0.0,0.0,0.0,2.211472103158445,0.0,0.0,0.4417325026625932,0.0,0.6947918868250138,0.0,0.2658466332115918,0.0,0.0,0.5618518471053371,0.4593743090549125,0.6965084496156452,1.133385725257734,0.6285928643628154,0.0,0.0,0.0,0.53671629129261,0.0,0.0,0.0,0.002765881768894,0.0077517341882946,0.0406683117966726,0.1251415786912316,0.0861675228748267,0.0209405655688524,0.1171909466863291,0.1260710419550267,0.2667353351679916,0.4905960062138335,0.2792366358459572,0.5129283310802127,2.4085179452057397,2.273180437513966,3.920985463059526
W4716,5,0.9088489608033068,1.5305349694645496,0.0,0.0,1.3975437410530127,0.0,0.0,0.0,1.5949411685803545,0.0,0.0,0.2795905948559754,0.0,0.4912718912949137,0.0,0.1962913974524509,0.0,0.0,0.3888605009349675,0.3403527301979185,0.4508570619973411,0.8086531929447943,0.3022689755066182,0.0,0.0,0.0,0.3971837749227141,0.0,0.0,0.0,-0.0357729645821874,0.0273804536282808,0.0358597477198484,0.0403745778784249,0.1279739505259646,0.0366786278049514,-0.013480426291428,0.0780906912812453,0.133792531086806,0.2134892466121158,0.2324987837776032,0.2692288958447968,2.7322794679081435,1.708388148178952,6.058409273863457
W4716,6,0.6218546840088648,0.9240568254684218,0.0,0.0,0.8397066200768591,0.0,0.0,0.0,0.7328213350276115,0.0,0.0,0.1903954306028369,0.0,0.2913289900002064,0.0,0.137082393808625,0.0,0.0,0.2191739533712278,0.1719650061145598,0.289381874002327,0.4177103918445817,0.268596842164131,0.0,0.0,0.0,0.2473350572986845,0.0,0.0,0.0,-0.0254739519752892,0.0398195352478604,-0.0232657275286267,0.014994337029098,0.0276981434272769,0.0246019421619435,-0.0424906270671115,0.0620887061726747,0.1717608807275834,0.1848363922588967,0.1564394551771882,0.306784224635124,2.420459269595373,1.6604287498043075,5.595797613139906
W4808,0,0.1666666666666666,0.1666666666666666,0.0,0.0,0.1666666666666666,0.0,0.1666666666666666,0.1666666666666666,0.1666666666666666,0.1666666666666666,0.0,0.0,0.0,0.0,0.1666666666666666,0.1666666666666666,0.1666666666666666,0.0,0.1666666666666666,0.1666666666666666,0.0,0.0,0.1666666666666666,0.1666666666666666,0.1666666666666666,0.0,0.1666666666666666,0.1666666666666666,0.1666666666666666,0.0,40.0,0.0,0.0,0.0,0.0,0.0,0.0,0.0,0.0,0.0,0.0,0.0,0.0,0.0,0.0
W4808,1,0.3358214133440079,0.3256937180989961,0.0,0.0,0.3081192747436649,0.0,0.3248907473123707,0.2412139810701226,0.3205982412530836,0.2921110041682039,0.0,0.0,0.0,0.0,0.2845493574166383,0.2339171290625525,0.2833081870340141,0.0,0.2235510075031083,0.2509174102873123,0.0,0.0,0.2334477100982819,0.2519568467328248,0.2583505301092922,0.0,0.2591780526429142,0.248224909368513,0.2554501985260315,0.0,30.904838645063176,0.442207843651164,0.7887079083568458,0.468827241503464,0.9310657094050274,0.3517673636499556,0.5477321208404027,0.4544050936008906,0.3572500436787597,0.1838722946704201,0.1413456928707585,0.0982047264802713,0.3730968673455455,0.3488835630148634,0.4726891820424778
W4808,2,0.7713484660792896,0.6523523929261038,0.0,0.0,0.8223333224399595,0.0,0.8890096066610564,0.8085424136460905,0.8021732611308013,0.6054193360144474,0.0,0.0,0.0,0.0,0.3987311725611599,0.2751378636833545,0.517233317326862,0.0,0.4910092295388331,0.3654127274430199,0.0,0.0,0.4471744718962115,0.3661717358470955,0.4253315922376225,0.0,0.4179346497871423,0.5280691173819296,0.4219184213178092,0.0,10.672428013312434,0.74534607764866,1.1428841119563609,0.9950296360493914,1.94225605533382,0.527038957879716,1.4383972599531465,1.349803930240052,0.8660780631321239,0.6321756910823482,0.3916235969738237,0.3826877918002897,1.3774660020924157,1.2217596724170423,2.001767426487433
W4808,3,1.283659145446796,1.95926707506102,0.0,0.0,1.7490937679452478,0.0,1.6426386846774648,1.3951500815162368,1.6845429028596337,0.8898481817648485,0.0,0.0,0.0,0.0,0.474779969156721,0.239456525775028,0.8328912474635058,0.0,0.4751660165700399,0.4864037948067264,0.0,0.0,0.5174490598842842,0.4146184772225227,0.6324190865420016,0.0,0.566233278695335,0.6538652306948279,0.4573538914520644,0.0,0.0582481926858449,0.2806202077670257,0.3901854344945372,0.309340753889664,0.6483230346424584,0.3414532080732271,0.6730974185309221,0.5998922821540085,0.835159780461646,0.9282880367819484,0.3163421578085323,0.3962992410090256,3.554836700539623,1.970991371988756,3.351764402984396
W4808,4,0.8900162156617972,1.5432044546347825,0.0,0.0,1.3133969570879338,0.0,1.1053009836873169,1.170262527550869,1.2728814160705737,0.6273927768126659,0.0,0.0,0.0,0.0,0.5123537527553045,0.1838807957422047,0.7133678085439501,0.0,0.4149053764613134,0.357868324720813,0.0,0.0,0.3451254137916222,0.2585993074764008,0.4561358147587596,0.0,0.3678685942953356,0.4527457214058904,0.4034275929284561,0.0,0.002575136025709,0.0523144337628538,0.0208311891974843,0.0087527890674191,0.0734708829167712,0.1478265015718016,0.0786751835952846,0.0807566659749806,0.359866509074967,0.7061832203263887,0.2134289560124942,0.2102896603123906,3.475443199842044,1.923462472119963,3.16100963848596
W4808,5,0.5355679141363915,1.1090063970885229,0.0,0.0,0.8037682380331463,0.0,0.8018772400774258,0.7367017125897827,0.8960448193189726,0.318855854642768,0.0,0.0,0.0,0.0,0.255921093363342,0.1136981170169988,0.5064518276478445,0.0,0.227069582503826,0.2719026611562515,0.0,0.0,0.2458026678438139,0.1691923290279198,0.2956532865335543,0.0,0.2972121682353734,0.3347460354046361,0.2822999446122678,0.0,0.0044347188318953,0.0337018302959085,0.0156254060213831,0.0001126633498974,0.0510075354800371,0.0239554725583168,-0.0191351697490279,0.1210648140073247,0.2438888238281898,0.4628214726492333,-0.0087515981546607,0.1155367046377746,2.6526431293018997,1.680891952887027,3.985293763718904
W4808,6,0.3929084492464962,0.6168993948027907,0.0,0.0,0.6163577899013336,0.0,0.510997083487998,0.5137357865341244,0.5770156025420536,0.2515100120616444,0.0,0.0,0.0,0.0,0.2081052407406176,0.0669467572719702,0.3241349073203478,0.0,0.1621223219880528,0.1848179514960692,0.0,0.0,0.146727042811615,0.0983046988628732,0.1865485031150483,0.0,0.1772141952809234,0.2510434549479084,0.1962343841678947,0.0,0.0481961605843004,-0.0740837046933936,0.0469517462814904,0.0836737975883228,0.0321241799261697,0.0469899992849293,0.0841889383649754,0.0747404264754997,0.0999813534099519,0.4786443309164803,0.1166920952413524,0.1152772897358141,3.718227805339864,1.4906298761416026,4.516377544178225
W4922,0,0.25,0.25,0.0,0.25,0.0,0.0,0.0,0.25,0.25,0.0,0.0,0.0,0.25,0.0,0.25,0.0,0.0,0.25,0.25,0.0,0.25,0.0,0.0,0.25,0.0,0.0,0.0,0.0,0.0,0.25,40.0,0.0,0.0,0.0,0.0,0.0,0.0,0.0,0.0,0.0,0.0,0.0,0.0,0.0,0.0
W4922,1,0.3868761843383877,0.4953614564351796,0.0,0.386202197147123,0.0,0.0,0.0,0.4333201617536822,0.49297650112331,0.0,0.0,0.0,0.3783078749934108,0.0,0.3597871741073752,0.0,0.0,0.409922606250283,0.388809958110647,0.0,0.4330424698090599,0.0,0.0,0.3921338353569202,0.0,0.0,0.0,0.0,0.0,0.3751345545016808,31.132463751478205,0.4760966581488962,0.797370652298857,0.7667217343649889,1.268969010388928,0.5682791891342728,0.9640078291635972,0.393460274961146,0.1575456743588374,0.185329619204639,0.1125698857736426,0.0966463786302419,0.2523273579603806,0.2610795469222294,0.2886107280769741
W4922,2,1.4148750708514857,1.5634073947691929,0.0,0.948737423218614,0.0,0.0,0.0,1.351657372423979,1.5074475180300773,0.0,0.0,0.0,0.4450266669726453,0.0,0.6178556662642738,0.0,0.0,0.7158544578649632,0.6339508718040605,0.0,0.838063680458253,0.0,0.0,0.5485758459570304,0.0,0.0,0.0,0.0,0.0,0.7308041180172574,13.010849485501156,0.8593042169289611,1.4988008709939085,1.368963629079382,2.3502883887690187,0.980687898228393,2.553826570809494,1.0502310809600437,0.4990327500839898,0.4361570016295144,0.2472247756914732,0.291736942571581,0.9731019161754207,0.8086576579687681,1.3305358356409227
W4922,3,2.319354347340633,2.933202098714204,0.0,1.3877625910831437,0.0,0.0,0.0,2.304107002266534,3.194346906297674,0.0,0.0,0.0,0.4578146277894477,0.0,0.8711603829399556,0.0,0.0,0.9802844604671,0.7817199208383321,0.0,0.936646014070355,0.0,0.0,0.5992883028427672,0.0,0.0,0.0,0.0,0.0,0.8689253945938038,0.0729617489707476,0.131073951950422,0.5788036833813686,0.3920507012128766,0.3549784516355913,0.4248675130643692,1.0419487815460962,0.5199336646121858,0.8236712467218198,0.6024259055675116,0.2415124292166059,0.7165346853306427,1.9386815936486133,1.1304937973353888,2.8206906833722125
W4922,4,2.1281594836063187,2.294460269459431,0.0,1.5751113138484665,0.0,0.0,0.0,1.549246198297678,2.603900239334113,0.0,0.0,0.0,0.3796137933528749,0.0,0.692741636480156,0.0,0.0,0.766500326677954,0.5057487937280845,0.0,0.5880600765112445,0.0,0.0,0.3681305425266624,0.0,0.0,0.0,0.0,0.0,0.454286276702325,0.0037908820883798,0.0656736145789385,0.1432839462481601,0.068652553800831,0.1241074855851385,0.0407025347532336,0.1007399782724201,0.0552349457607066,0.6426444541670423,0.3305915214604435,0.1094492191553998,0.4138345979114683,2.6831596317501045,1.057213535179097,2.9802080645741635
W4922,5,1.0913929070554833,1.470717513535575,0.0,1.179144302392146,0.0,0.0,0.0,0.8362100039824365,1.1785223478541396,0.0,0.0,0.0,0.275771421131964,0.0,0.4291247181835821,0.0,0.0,0.473566052685586,0.3654911068091679,0.0,0.4311287063230802,0.0,0.0,0.2024239538148687,0.0,0.0,0.0,0.0,0.0,0.3609586787465558,0.0767837000170873,0.0447938493438361,0.0001278358391719,0.0049967179024904,0.057842384214153,0.0640660125760134,0.0953429411460692,-0.0480419886731391,0.2752606689301686,0.1904947910161291,-0.0285462770956705,0.1112745580774193,3.0516845287128342,0.7232582443580878,2.6129788006091093
W4922,6,0.6793428324014245,1.0439980403876998,0.0,0.8690007671041562,0.0,0.0,0.0,0.655322595370642,0.8276458507259196,0.0,0.0,0.0,0.1849031953364143,0.0,0.3446429623963991,0.0,0.0,0.3585923117897203,0.2342249372375089,0.0,0.244132077254477,0.0,0.0,0.1787132093215303,0.0,0.0,0.0,0.0,0.0,0.2726243114717751,-0.0353933606797283,0.0355557382661228,0.0060898282126075,-0.0190119709191644,0.0355806017888112,0.1240580098721933,0.0413425498376454,0.0625930050161722,0.2123111312309022,0.1523540625713015,0.0409971571498154,0.1167808517775628,2.3987792610872414,0.6973388215677212,2.5280124967690427
W4991,0,0.25,0.25,0.0,0.25,0.0,0.25,0.0,0.0,0.0,0.0,0.0,0.0,0.0,0.25,0.0,0.0,0.0,0.0,0.25,0.25,0.25,0.25,0.0,0.0,0.0,0.25,0.25,0.0,0.0,0.25,40.0,0.0,0.0,0.0,0.0,0.0,0.0,0.0,0.0,0.0,0.0,0.0,0.0,0.0,0.0
W4991,1,0.4368167994626301,0.4986988185519741,0.0,0.3954778765033066,0.0,0.3771490146193342,0.0,0.0,0.0,0.0,0.0,0.0,0.0,0.3999150761125866,0.0,0.0,0.0,0.0,0.3539256013768853,0.3034933345836703,0.4407135836505319,0.3810285886798453,0.0,0.0,0.0,0.4803213783469758,0.3355897479382029,0.0,0.0,0.4078544490061485,29.763516297464143,0.4754759827994244,0.7946157658506453,0.5394151809166257,0.8522652005926652,0.3882974235034592,0.6406697250877932,0.6856679240613766,0.1297181629931696,0.0921053877108681,0.0657636929156184,0.0751124472479824,0.4445652829073077,0.2471763107368002,0.5387449150458844
W4991,2,1.277949193628178,1.3482069574929452,0.0,0.9975979281219198,0.0,1.1645422831212096,0.0,0.0,0.0,0.0,0.0,0.0,0.0,0.614972500318248,0.0,0.0,0.0,0.0,0.5698146900740748,0.5359719659130437,0.7429213816278303,0.8736869446989793,0.0,0.0,0.0,0.8702216306729756,0.6337189815587183,0.0,0.0,0.5949231195761946,11.709635142982153,0.5818264777890411,1.4439114071615542,0.8200352468046805,1.974886435064953,1.071525757634812,1.284338236497244,1.714281547567076,0.3832794452627733,0.3625795768673595,0.2493597796127333,0.2433484214731498,1.317378442847084,0.975955905486788,1.691221559445652
W4991,3,1.9514227262393269,2.589246385395977,0.0,1.7632840073019078,0.0,1.792570906986083,0.0,0.0,0.0,0.0,0.0,0.0,0.0,0.8912754660312658,0.0,0.0,0.0,0.0,0.8538619922606456,0.6940229040393778,0.9176095235114876,1.4185155993513692,0.0,0.0,0.0,1.1777591871451722,0.6739948615425788,0.0,0.0,0.7288304389285556,0.0358268260561801,0.1315033804918294,0.5409794000544691,0.2625263923756872,0.6447880805112465,0.4643002367226695,1.1215666921547107,0.6708158701367506,0.3932934201780538,0.4669776770364237,0.3787999833673177,0.3126828025306197,3.651255472461627,1.6907354025774397,2.9851311180990385
W4991,4,1.5388107073253157,2.18465407070216,0.0,1.6383056878832574,0.0,1.846188710908057,0.0,0.0,0.0,0.0,0.0,0.0,0.0,0.6831546717443339,0.0,0.0,0.0,0.0,0.4528826608671695,0.4961628694767691,0.5703896709506266,0.9742799667342836,0.0,0.0,0.0,1.269939169763374,0.4654694862552011,0.0,0.0,0.5504579902857648,-0.0376478843273513,0.0722498524659069,0.1101868054842994,0.0832113195676185,0.0888703248994964,-0.0009992863141775,0.4390725543524972,0.111008289905731,0.101435621091625,0.2536506817977788,0.2403188722759514,0.2089944790439994,3.9589228629039326,1.727310123095163,3.220878577954554
W4991,5,1.1460696452311927,1.3299501416631605,0.0,1.575861294631051,0.0,1.235898021198038,0.0,0.0,0.0,0.0,0.0,0.0,0.0,0.4306453221371583,0.0,0.0,0.0,0.0,0.3177395378482795,0.3220803191816492,0.4156410548889976,0.7383830731889438,0.0,0.0,0.0,1.130547891062903,0.4107299534918092,0.0,0.0,0.314220478236202,-0.0299152705846776,0.0872869433429152,0.0757675835145396,0.0866176794411717,0.0895123284768975,0.0028669947651421,0.2177212308184972,0.001550828626223,0.0579344239718875,0.1017198247951732,0.0758400414153706,0.052932966024771,4.27674495307982,1.3568018089947445,2.3623083871090467
W4991,6,0.5788968595799686,0.9402384835400373,0.0,1.312961118863872,0.0,0.6920715350722133,0.0,0.0,0.0,0.0,0.0,0.0,0.0,0.3365364283426938,0.0,0.0,0.0,0.0,0.2094380616610508,0.2282606441595088,0.2489422341515829,0.3870747296039745,0.0,0.0,0.0,0.685559491941835,0.2468925883201501,0.0,0.0,0.2419787338382628,0.0156169210603654,0.055061090146819,0.0342196205845512,-0.0291740884863169,0.0960971063927861,0.0644226694903572,0.1447884868639675,-0.0105416233659296,-0.0100642675181107,0.0344475224632277,0.0294453706766628,0.0841602802128409,3.8494728912854415,1.129897997465038,2.337315599099521
W5014,0,0.1875,0.1875,0.0,0.1875,0.0,0.1875,0.0,0.0,0.1875,0.1875,0.0,0.1875,0.0,0.1875,0.0,0.1875,0.0,0.1875,0.0,0.0,0.0,0.0,0.1875,0.1875,0.1875,0.1875,0.1875,0.0,0.1875,0.0,40.0,0.0,0.0,0.0,0.0,0.0,0.0,0.0,0.0,0.0,0.0,0.0,0.0,0.0,0.0
W5014,1,0.2926212951071219,0.3611214109210309,0.0,0.2887957757033176,0.0,0.3063463486929459,0.0,0.0,0.3209064613527978,0.3010966901952434,0.0,0.2525281937542958,0.0,0.308916681973473,0.0,0.2043860382958258,0.0,0.3149810254240288,0.0,0.0,0.0,0.0,0.2908847479754462,0.2483355276316414,0.2679260591520279,0.2701792307548899,0.2771627447465037,0.0,0.3012641647147783,0.0,29.157929003145487,0.4066032139167513,0.8280410626073179,0.6475594239331917,0.8033373245923077,0.2155942550564792,0.7466169835229182,0.506144256029373,0.3143669931743397,0.1550306137266356,0.1558125156416015,0.1391088170076248,0.4691631184373246,0.4588012514222095,0.3054773800795335
W5014,2,0.7536644169870994,1.0048907906705753,0.0,0.6966801715602093,0.0,0.8618142172351377,0.0,0.0,1.038846968074451,0.7325727204258324,0.0,0.3440068422676676,0.0,0.4780103281737227,0.0,0.3805082142756408,0.0,0.6476052454684158,0.0,0.0,0.0,0.0,0.5365480225480341,0.3786043135829766,0.5408241109476984,0.6151490789245433,0.4875811247688382,0.0,0.4335139602855996,0.0,13.191460896251051,0.7030402323875423,1.147824713112184,0.9212442761032432,1.760993212269994,0.4882039416030209,1.826989713751198,1.3237252590961253,0.6377775526565229,0.488480905112124,0.3992087934585758,0.3920000289771971,2.239266273432446,1.316777048276372,1.3573500320944407
W5014,3,1.638963242443522,1.8744470736853351,0.0,1.137266828007877,0.0,1.4534947300440777,0.0,0.0,1.876662521519072,1.131758458370756,0.0,0.4279688010186238,0.0,0.9807459625376486,0.0,0.301118225291675,0.0,0.6306627295293186,0.0,0.0,0.0,0.0,0.5807169515885359,0.3670997685665608,0.678958201598828,0.9579956835425888,0.5401579250413049,0.0,0.5288419091636336,0.0,0.1843896200101596,0.1635710689527006,0.6576276039043838,0.2611509026046037,0.5401242753332374,0.2152140850792891,1.0350659100994146,0.8034890468060358,0.7951154655838822,0.6600012566031092,0.4099390185426163,0.6077814937299602,3.812657852655109,1.822442100530962,2.6212452920419445
W5014,4,1.0656891026393869,1.9294437161061997,0.0,1.0686058410140509,0.0,1.2860782596566769,0.0,0.0,1.6305155157758575,0.7954609024634306,0.0,0.356325218251306,0.0,0.6363368874721752,0.0,0.2052305334047093,0.0,0.6535287324487383,0.0,0.0,0.0,0.0,0.4037471557114725,0.2415066003515403,0.5103123822369914,0.8915377992282624,0.4647602517907165,0.0,0.3943821600654147,0.0,-0.0569778140004689,0.0964642671000695,0.1240686406589188,-0.0413172937671445,0.1562328246170861,0.0723720452149437,0.2377942640014904,0.1307676749234249,0.3139072946117315,0.373670601059582,0.2816249819826896,0.4819317573728893,4.465188491040835,1.66950223359099,2.506548234393969
W5014,5,0.70503675478897,1.0480251576084112,0.0,0.8155081581309637,0.0,0.8088707814870949,0.0,0.0,1.0878120563309497,0.3868313830580442,0.0,0.2015635364944491,0.0,0.3941659001620554,0.0,0.1564033701579856,0.0,0.4124015496538605,0.0,0.0,0.0,0.0,0.2286306208489265,0.1965884629201716,0.3627732154180556,0.8565739900988477,0.2527233992852458,0.0,0.2651524781726048,0.0,-0.0475361390245873,0.0052178379533673,0.0217793232872641,0.1170024902053352,0.0130809418797996,0.0826259174480152,-0.0225949803435548,0.0699250731096093,0.1559628216151123,0.2500825223215293,0.1414247619463065,0.1615202853127656,4.235764177264165,1.6265588166296592,2.510451466815065
W5014,6,0.4676094465538235,0.8668256769052537,0.0,0.9973473124133304,0.0,0.4297633518772041,0.0,0.0,0.7836773242213495,0.2615060800698306,0.0,0.134360157154825,0.0,0.2346223585342816,0.0,0.0686481167716929,0.0,0.2335678974479632,0.0,0.0,0.0,0.0,0.1724469390719385,0.1037342946976526,0.2202115434887558,0.6249114953529507,0.2347383767041817,0.0,0.1667673186231495,0.0,0.042912273911225,-0.0462468560009418,0.0340011935614913,0.0729964143941955,0.040609821398663,-0.0313652113628959,0.0846164023604164,0.0666043147248575,0.1719955923148233,0.1360830567684684,0.053278432919259,0.1987183993808208,4.254381112145687,1.4884363462201224,2.333527119486128
W5112,0,0.2,0.2,0.0,0.2,0.2,0.0,0.0,0.2,0.0,0.0,0.0,0.0,0.2,0.2,0.0,0.2,0.0,0.2,0.0,0.2,0.0,0.0,0.2,0.0,0.2,0.0,0.2,0.2,0.2,0.0,40.0,0.0,0.0,0.0,0.0,0.0,0.0,0.0,0.0,0.0,0.0,0.0,0.0,0.0,0.0
W5112,1,0.3429289033730272,0.412428140798023,0.0,0.3001164396396694,0.3121229339739016,0.0,0.0,0.3484392479717729,0.0,0.0,0.0,0.0,0.2577460780968806,0.3304071469333971,0.0,0.2672956366085456,0.0,0.2839103363538153,0.0,0.3200417011581312,0.0,0.0,0.2582704493153999,0.0,0.3139973187769331,0.0,0.247576097005107,0.2926147249479502,0.3031928929017596,0.0,31.769538444619297,0.2807431619626841,1.0123595725773429,0.3383570588816647,0.9354824557369928,0.212727375892921,0.45719267037816,0.2593183033792671,0.4797391046478907,0.1481719513825413,0.2566261694155286,0.0192501268705772,0.5256960172551955,0.4581405179215709,0.383329284956746
W5112,2,0.8241594736069877,0.8581301358295685,0.0,0.7279926109714577,0.7626639816425438,0.0,0.0,0.9701548361815988,0.0,0.0,0.0,0.0,0.3381896160150396,0.5623362704328856,0.0,0.4171872949774553,0.0,0.6382495689395269,0.0,0.4876890686644535,0.0,0.0,0.4975046029891223,0.0,0.5505897609836283,0.0,0.5274401493805541,0.5859095626080097,0.4249574702788274,0.0,16.797858320319754,0.4115964371063447,1.961602463381396,0.7853176918268381,1.6307371701705382,0.6491513662497754,0.9162861929846184,0.8707209640556722,0.7509620835123244,0.4260548023233985,0.4140220552780344,0.1582839973878735,1.5265925870927233,1.5521509570153131,1.6116346133006152
W5112,3,1.7999679019786452,2.4202177908783886,0.0,1.5441269935292603,1.711241609806816,0.0,0.0,2.173092839088912,0.0,0.0,0.0,0.0,0.4103015021560541,0.969222795622503,0.0,0.3343464629016163,0.0,0.8262665405062508,0.0,0.6462739845355521,0.0,0.0,0.7068410661530592,0.0,0.7930058682632598,0.0,0.6761656303837554,0.907192737392852,0.6919753767303993,0.0,0.0618724098022175,0.1312541702021992,0.7172307679845025,0.5100478621394948,0.8817816065970356,0.4507391309951504,1.064285482095762,0.5511217306014297,0.9892213839437004,0.617255393684435,0.3501367679716338,0.4162567783273471,3.051770291727775,2.73752304313456,2.877300900351741
W5112,4,1.1915823381699848,1.9150955589808136,0.0,1.4947059783681618,1.637084684975879,0.0,0.0,1.338608530391023,0.0,0.0,0.0,0.0,0.3094131582849252,0.6907968421477713,0.0,0.2200653421292537,0.0,0.5733944511343421,0.0,0.4383000112001733,0.0,0.0,0.513182078818862,0.0,0.6242302455617184,0.0,0.4627120247789509,0.5540175123548277,0.4404535912050019,0.0,0.082144424758401,0.0611425154385136,0.1457521610580211,0.1295985213715695,0.2347511171340578,0.0410213229920046,0.3272437416222839,0.115551127114188,0.3445901949250628,0.2818216958089474,0.1473785182828466,0.250374299193309,3.199720759460273,2.504347924567686,3.875583468514322
W5112,5,0.7681245986861011,1.3602404362583411,0.0,1.1189252893443626,1.3518020395724952,0.0,0.0,0.8257677701149618,0.0,0.0,0.0,0.0,0.2921832769038197,0.5881782526209147,0.0,0.140843017252747,0.0,0.419085899453548,0.0,0.2834197722864115,0.0,0.0,0.2850925804794582,0.0,0.3344281088803208,0.0,0.327795597553709,0.5178115996566396,0.2773836755152574,0.0,0.080263771962993,0.0021521599598233,0.0087576444247645,0.001391376959549,0.1065829781783949,0.0903914258202762,0.1834124243008584,0.0026568974016926,0.1701981503983073,0.169061107822745,0.0467593861120174,0.3411649893592191,2.765301924546105,1.7149864369455594,3.855217372395349
W5112,6,0.5877987550819589,0.9204250539150158,0.0,0.8910246771123188,1.0512194563042672,0.0,0.0,0.7500994837064303,0.0,0.0,0.0,0.0,0.221231266897126,0.3696057820643326,0.0,0.0946812424220589,0.0,0.2764005284398144,0.0,0.1820977535825165,0.0,0.0,0.24666889192849,0.0,0.224267232715419,0.0,0.2032897676841829,0.3659929119359856,0.166260027646786,0.0,0.1021174591617106,0.029949472254135,-0.0120763212191574,0.0087916863648352,0.0499323130861716,0.0427533305985843,-0.0034952952261274,-0.0347006655793157,0.1452598777699393,0.0698080227610078,0.0431644984810336,0.1173521088070881,2.3813183271560607,1.7458460373114435,4.201707260817093
W5190,0,0.1666666666666666,0.1666666666666666,0.0,0.1666666666666666,0.1666666666666666,0.1666666666666666,0.0,0.0,0.0,0.1666666666666666,0.1666666666666666,0.1666666666666666,0.1666666666666666,0.1666666666666666,0.0,0.0,0.0,0.1666666666666666,0.1666666666666666,0.1666666666666666,0.0,0.0,0.1666666666666666,0.0,0.0,0.0,0.1666666666666666,0.1666666666666666,0.1666666666666666,0.1666666666666666,40.0,0.0,0.0,0.0,0.0,0.0,0.0,0.0,0.0,0.0,0.0,0.0,0.0,0.0,0.0
W5190,1,0.3338468822895348,0.3675667235633092,0.0,0.2160265657391162,0.284179150295461,0.2907916491946491,0.0,0.0,0.0,0.2644183658599041,0.2372892550429537,0.246164634801679,0.1839163723063154,0.3163090442224445,0.0,0.0,0.0,0.3029588825863113,0.2283607509938964,0.2577972933674424,0.0,0.0,0.2993129164708562,0.0,0.0,0.0,0.2370455628829535,0.3160354341029646,0.2091931310206711,0.2246651464992989,27.93649240912337,0.4054480160433567,0.91740614847197,0.6266483057751394,1.0816767798272775,0.3744974821479999,0.4703096756840285,0.5753834801786456,0.3116671764357535,0.2533487615958094,0.1097982840320983,0.0900321537721407,0.3472550446790257,0.2863997011098662,0.4740649929945132
W5190,2,0.8450568023396218,0.9623064096462874,0.0,0.5035881476364703,0.7773458844846107,0.7895832252196121,0.0,0.0,0.0,0.5662302160932154,0.3768548486618526,0.3982937098634428,0.2682440795957464,0.4723093457170964,0.0,0.0,0.0,0.4668035755947202,0.3918298085339415,0.417102079661294,0.0,0.0,0.5436274394155345,0.0,0.0,0.0,0.4021704404217265,0.4839060171122665,0.3635471262491408,0.5165352473304637,13.409213341426142,0.4802140262978327,1.751534338458873,0.979448890325771,1.9498197905150207,0.7465452623334182,1.1147666214607868,1.3499721847390915,0.525793300113038,0.3196333769346426,0.3579337905598667,0.1934075897149519,1.423199380613862,0.9745414617273804,1.4675244992620364
W5190,3,1.389714939586344,2.134930863027073,0.0,1.2912239709418178,1.963528078934272,1.605628117385496,0.0,0.0,0.0,0.968863680157268,0.5580716071198576,0.4266945168615872,0.288852573818632,0.7084204923132885,0.0,0.0,0.0,0.6984814284750596,0.5357292846431279,0.5792148020694083,0.0,0.0,0.4660976038982038,0.0,0.0,0.0,0.592508288954246,0.7579334437219004,0.4825991274697244,0.7331866465623627,0.2020573101868687,0.1046969575983668,0.8283493262778969,0.5091459507481813,0.8570325101323917,0.5259792378207108,0.8081153578334195,0.8197908794888379,0.7728466919543565,0.4877025705766813,0.4185941251083206,0.3077809614828211,2.989580821319497,1.533687226779633,3.2919823121978293
W5190,4,1.1659302840516568,2.1336891323696308,0.0,1.2662963754390413,1.340866915588979,1.3994634273623936,0.0,0.0,0.0,0.6224226049065488,0.4533876878176549,0.2782717164377337,0.2908111122350653,0.6811414738479151,0.0,0.0,0.0,0.4354041252008095,0.3970742494990468,0.4503855841602001,0.0,0.0,0.4085843832750301,0.0,0.0,0.0,0.4020075843271185,0.6110527951180202,0.3411445696353473,0.4279306863982721,-0.0359364225672443,0.0529389734669498,0.0639301909330254,0.0865713975761108,0.1679782293349674,0.1183591945570039,0.2782255690073487,0.2156942085474611,0.5074679001625222,0.1481441947496231,0.0756477244063502,0.3000171955309001,2.867827886190175,2.2012812858046056,4.066149283920714
W5190,5,0.7341040902579379,1.3782453669777268,0.0,0.7978164011442096,1.063549036255162,0.9383679798327936,0.0,0.0,0.0,0.4501537928666391,0.3491244635244309,0.1491516883649145,0.2158727919963999,0.4121095954679795,0.0,0.0,0.0,0.3789599960011602,0.2415090079124007,0.2811629527956635,0.0,0.0,0.25009505999958,0.0,0.0,0.0,0.3016144919202318,0.3992667959327997,0.2519367765365092,0.3138437448865774,0.010823588875346,0.085097902558799,0.0012114632137776,0.0302138839969556,0.1240206981959096,0.0528671310255217,-0.0098440496625197,0.048361671765486,0.340888224577109,0.1461644816352861,0.1296171435333897,0.2059160345278808,2.2318702425965324,2.269786636522981,3.3130926544871286
W5190,6,0.4420758583800873,0.977944989819162,0.0,0.8196000168791034,0.7860258929027104,0.5848453553135767,0.0,0.0,0.0,0.2623435397010322,0.2989309515255255,0.1121821202724889,0.1271969377558063,0.3052931695075572,0.0,0.0,0.0,0.1785182238786223,0.178475516443568,0.1779537864238733,0.0,0.0,0.1522694056856143,0.0,0.0,0.0,0.1837851683615604,0.2471989758719464,0.1523040086639458,0.1766456439811176,0.1147898211190184,0.0478889390099903,0.0858959671238597,0.025489206981968,0.0932012587795015,0.0529850500750895,0.0813726400633786,0.0579988344909226,0.2747441006105236,0.0246765389463657,0.0453929775871505,0.0845294091541175,2.0315134224766327,1.9614479902350088,3.287169286878231
W5211,0,0.2142857142857142,0.2142857142857142,0.0,0.2142857142857142,0.2142857142857142,0.2142857142857142,0.0,0.2142857142857142,0.0,0.2142857142857142,0.0,0.0,0.0,0.0,0.0,0.0,0.2142857142857142,0.2142857142857142,0.0,0.2142857142857142,0.0,0.2142857142857142,0.0,0.2142857142857142,0.0,0.0,0.0,0.2142857142857142,0.2142857142857142,0.0,40.0,0.0,0.0,0.0,0.0,0.0,0.0,0.0,0.0,0.0,0.0,0.0,0.0,0.0,0.0
W5211,1,0.3754090058767986,0.396005838405836,0.0,0.3555060497642513,0.4191015934522923,0.3377601048408517,0.0,0.434965630408083,0.0,0.3276957666573828,0.0,0.0,0.0,0.0,0.0,0.0,0.3684595041796394,0.3730717307498952,0.0,0.2433832126526923,0.0,0.3443901358511857,0.0,0.2816893694475378,0.0,0.0,0.0,0.3386984412747112,0.3190618626508319,0.0,30.44908932312025,0.3525475642144628,0.9587161015541364,0.4442106364646413,0.9276492480989492,0.3068324013012242,0.3876937547621009,0.6038950712166141,0.1557430409776536,0.3414562370398843,0.2052743587329176,-0.0209645337895073,0.32875609459346,0.3328436176895079,0.6962889078271587
W5211,2,0.9322149027217482,1.28136690393312,0.0,0.914825845773498,1.003669789981352,0.9428380196888811,0.0,0.9977335363945018,0.0,0.7040340772976904,0.0,0.0,0.0,0.0,0.0,0.0,0.5853901843336277,0.6852701071192953,0.0,0.5123787632259036,0.0,0.7381746603942144,0.0,0.3985148342443158,0.0,0.0,0.0,0.656734242538612,0.4799140881412288,0.0,12.236927901987714,0.5521190503846075,1.8473498853919703,0.866998291116449,1.6299322271535324,0.7745856431282656,1.0264553934926135,1.3166368676242004,0.4040171030952467,0.8389016321226339,0.3930260290247772,0.3064558508186853,1.2202558695529226,1.0080582173984365,2.1132540652579324
W5211,3,1.2776240262347307,2.165124920777151,0.0,1.3266856262590283,1.6079288742245856,1.4616604817322438,0.0,1.6134096305239454,0.0,0.9008660500886504,0.0,0.0,0.0,0.0,0.0,0.0,0.8050923643333583,0.8832067077556027,0.0,0.5991951936017985,0.0,1.028943453215838,0.0,0.349738877379053,0.0,0.0,0.0,0.7203013089463037,0.6448053856640468,0.0,0.0148868391539146,0.1559752660265981,0.3120301815468225,0.1211636235536182,0.830737752449388,0.2539516757036579,0.5618990108279048,0.5537429302794004,0.5512137809301768,0.9572622904773735,0.4146513927682148,0.319112837769578,2.767301111012606,1.8170264158136664,4.064444096745152
W5211,4,1.1439822280727752,1.8260491512725652,0.0,1.4159060274469406,1.2298417048900758,1.104314785258274,0.0,1.2540152596739622,0.0,0.5927321552692899,0.0,0.0,0.0,0.0,0.0,0.0,0.6902922556734765,0.6470809203385325,0.0,0.4287836847334862,0.0,0.728361629436867,0.0,0.2931240952105924,0.0,0.0,0.0,0.6880617237688184,0.3768497822044541,0.0,0.0078857999771583,0.0143401962378569,0.0717006881901096,0.023862644210129,0.1374034205754595,0.1159628316621685,0.1615429537822919,0.0493115529308878,0.2740687529685645,0.6607967260577952,0.2807786111943015,0.2239918124694343,2.3598353719347664,1.505423045231948,3.578115095054746
W5211,5,0.752750382080768,1.0677586485389374,0.0,1.1193087029950006,1.051553893514836,0.7266987592633494,0.0,0.7923571360955578,0.0,0.445574633736747,0.0,0.0,0.0,0.0,0.0,0.0,0.517894399056789,0.4041868865168827,0.0,0.289414991872871,0.0,0.5166354288696616,0.0,0.1712479651042961,0.0,0.0,0.0,0.4748937958797602,0.2840734395276217,0.0,0.0865995233988367,-0.0447501080370597,0.0518528791138923,0.0098370331044977,0.0269646193347729,-0.1138316732594682,0.0948999242950686,0.0468156152387543,0.1393707750604018,0.3954270833173183,0.1448187929217291,0.1978408930590955,2.591223361903137,1.37956267091676,3.801673938374932
W5211,6,0.3759665968046213,0.7116596807471616,0.0,0.8313716633533073,0.6754094671017419,0.5101519183338893,0.0,0.5764351791768644,0.0,0.2921740069467441,0.0,0.0,0.0,0.0,0.0,0.0,0.3888780340224705,0.2358598059045185,0.0,0.1938716373277133,0.0,0.3176147311621825,0.0,0.1126929132446814,0.0,0.0,0.0,0.3251864372399056,0.2102394217026615,0.0,0.0100671882860087,0.0446354933371345,0.0322846560490511,0.0421206913302763,0.0988584813634517,0.0157091561080954,0.0355909659611949,0.0615852475605897,0.1086986689777382,0.341450131712653,0.1223679748224719,0.0508223067285519,2.5396924507232725,1.5032536046440086,3.065013957992678
W5216,0,0.1666666666666666,0.1666666666666666,0.0,0.1666666666666666,0.1666666666666666,0.1666666666666666,0.0,0.1666666666666666,0.1666666666666666,0.0,0.1666666666666666,0.0,0.0,0.1666666666666666,0.0,0.0,0.1666666666666666,0.1666666666666666,0.1666666666666666,0.1666666666666666,0.1666666666666666,0.0,0.0,0.1666666666666666,0.0,0.1666666666666666,0.0,0.0,0.1666666666666666,0.1666666666666666,40.0,0.0,0.0,0.0,0.0,0.0,0.0,0.0,0.0,0.0,0.0,0.0,0.0,0.0,0.0
W5216,1,0.3081682000565235,0.3003862415262289,0.0,0.2268918645541475,0.3032344151309352,0.329743869029853,0.0,0.3122553602334068,0.2872778896057394,0.0,0.2159220379335328,0.0,0.0,0.262733727697747,0.0,0.0,0.2931535423269699,0.2129455057922201,0.2226862567500191,0.2329159666923752,0.2293241375741306,0.0,0.0,0.2014144018146273,0.0,0.1984501661697314,0.0,0.0,0.2541362052126665,0.2672212162375697,30.675743109260008,0.5851400391485632,0.9721422476289854,0.5128951412856805,1.033763678122719,0.3659378864495551,0.8237511602781096,0.5778930472740205,0.088796890706749,0.1629807874841553,-0.0082856397189738,0.064432038912467,0.4545067021478129,0.2977464489527376,0.368062840148167
W5216,2,0.922562736870113,0.9830723632727116,0.0,0.4993713848464381,0.7692087906758875,0.8515390374852545,0.0,0.9330527391921826,0.7442316871043939,0.0,0.3716488147455725,0.0,0.0,0.4519098053072077,0.0,0.0,0.4839077376716351,0.5240680114574785,0.3969459436666155,0.3584753609529215,0.5022120443234528,0.0,0.0,0.3491245041138133,0.0,0.4554171842139747,0.0,0.0,0.4098337762745312,0.3983463497578418,12.3655032044405,0.8931627231725895,1.382995696588438,0.9910396028736532,1.9908604257752371,0.7968706797598182,1.803685624102704,1.4303175697488688,0.4227908390431386,0.4878877660602087,0.2640768334089904,0.3535721720583823,1.7056208213145565,0.9435511497164656,1.5035334129409663
W5216,3,1.480816934079121,2.0532770839170955,0.0,1.051412623524863,1.5850709533183145,1.499669464802928,0.0,1.1807048315422746,2.1306407922042894,0.0,0.5943270432886275,0.0,0.0,0.646152012266655,0.0,0.0,0.5682138194743955,0.5818685542431061,0.4500251839713995,0.4478016984534229,0.7081445828977603,0.0,0.0,0.3130295885291975,0.0,0.9120302146771844,0.0,0.0,0.5042837745312003,0.5906712567745577,0.1080999980395789,0.2575339326940468,0.6527859892531477,0.3224549646316301,0.3630379361617228,0.2809845733317637,0.788239412175062,0.5301629698093119,0.5956993453165264,0.6434670737166105,0.3219658942971193,0.5957627888649483,3.051535506945871,1.8888446399167036,2.8154091299499675
W5216,4,1.0656382734999903,1.4846680745504388,0.0,1.0022820267673818,1.3553986723299731,1.0277230276886458,0.0,1.1370195565089325,1.2903702068589469,0.0,0.4817670577821648,0.0,0.0,0.4566076969951008,0.0,0.0,0.5685111395966832,0.4479698140240553,0.3955041315375594,0.3424090231458875,0.4612654109557546,0.0,0.0,0.1987013389288535,0.0,0.7635538737855808,0.0,0.0,0.3572260200659305,0.4167833574118799,0.1513591666949854,0.0609632652861623,0.020669797556819,0.0653713356887494,0.1991409244436456,0.0037064627805383,0.0817090939977709,0.1088654359271966,0.406125588968187,0.2631561780016722,0.1852095430016379,0.3498353670492986,2.842891823351899,1.9243370855292063,3.4250405981248906
W5216,5,0.5716003958919328,1.0845408443564517,0.0,0.8334734017762397,1.175042503584376,0.5895453316819992,0.0,0.6503401816852739,0.9272979334690828,0.0,0.3721281756571977,0.0,0.0,0.3217502278531068,0.0,0.0,0.3525987067725552,0.291898042466052,0.1971955531910479,0.192329803511448,0.2984480276073548,0.0,0.0,0.1606161992743607,0.0,0.6132626559441439,0.0,0.0,0.2050223075002586,0.29153994897235,0.0338440423098947,-0.0480400752992898,0.0033679812426794,-0.0419200303749537,0.1122246822039704,-0.0333941551934688,0.0627769765289505,0.0546822997061934,0.1676726962826471,0.1817439802044102,0.0832206774295204,0.2925478415353975,2.289290704297197,1.5205161552477804,2.515142117770589
W5216,6,0.4218769581592227,0.5531276433124933,0.0,0.6551971948750338,0.5875959207997634,0.4704078869146479,0.0,0.4511429335652793,0.366280029726672,0.0,0.3367350408669767,0.0,0.0,0.1876186255696577,0.0,0.0,0.2398324765680323,0.1940814616263879,0.1125034035229665,0.1223579390562629,0.1445849425752682,0.0,0.0,0.0880395881541726,0.0,0.6099886468368645,0.0,0.0,0.1476872656120393,0.153992908304205,0.089114914108372,0.0048153405603935,-0.0094987504027884,0.0372991950079242,-0.0141395286398128,0.0346569907412559,-0.0194775618455699,-0.0008724217731028,0.09112123725027,0.0860748825764449,0.0149629971526972,0.071095976110528,2.5900253676160108,1.5217334777384803,3.0486350061145315
W5257,0,0.1875,0.1875,0.0,0.1875,0.1875,0.1875,0.1875,0.0,0.1875,0.1875,0.0,0.1875,0.0,0.1875,0.1875,0.1875,0.0,0.1875,0.0,0.0,0.0,0.0,0.1875,0.1875,0.0,0.1875,0.0,0.0,0.0,0.0,40.0,0.0,0.0,0.0,0.0,0.0,0.0,0.0,0.0,0.0,0.0,0.0,0.0,0.0,0.0
W5257,1,0.3400515286230002,0.3365678256154258,0.0,0.3455462569569297,0.3484673269521212,0.3051903123370639,0.374480234061528,0.0,0.3612463081594816,0.3738134690697591,0.0,0.2665124179598451,0.0,0.3716853784693817,0.3117649393889117,0.2850505494886693,0.0,0.3070626964499293,0.0,0.0,0.0,0.0,0.3275863116190575,0.2504367596222463,0.0,0.2887427471048829,0.0,0.0,0.0,0.0,22.559765909007925,0.2990145329271366,0.8216630435748102,0.8442301486133053,0.8018537116895332,0.2227709165430889,0.915205110769412,0.5531725278247704,0.3092280705060215,0.1561070574207483,0.1924660648636325,0.0634100222997843,0.5700264045051242,0.4534245851772798,0.3501200810538316
W5257,2,0.68478210317073,0.9934097627543592,0.0,0.711814785752622,0.9261500314596498,0.9725243452100112,0.893223558446333,0.0,0.8218781157528359,0.7452666647923851,0.0,0.3691347797739278,0.0,0.5660398379390592,0.4924963033731621,0.3118991426421693,0.0,0.6448776137926373,0.0,0.0,0.0,0.0,0.5247851259728319,0.3438808903600994,0.0,0.5348641349433026,0.0,0.0,0.0,0.0,11.021392064105475,0.5021748530557579,1.162837362188214,0.7510643290567229,1.7875266216720105,0.4280183759552015,1.8527654403579004,1.4730105258049289,0.7841442689560496,0.7801162793118456,0.3714490809737155,0.2520045471576488,1.791425277806155,1.1582132876049207,1.6654156610489528
W5257,3,1.2938007224325938,1.7286703420235523,0.0,1.2457503192739188,1.4808503150696737,1.4859979303937885,1.8587392239080145,0.0,1.5400808968215935,0.8268240366257905,0.0,0.4686591633838214,0.0,0.8704995891770859,0.550471414056865,0.2962136379237446,0.0,0.8332571119829381,0.0,0.0,0.0,0.0,0.5114512455714367,0.3450563156964276,0.0,0.9466292470445604,0.0,0.0,0.0,0.0,-0.0141185929721109,0.1906857025500821,0.3367324661395578,0.1727580887852608,0.471903093731884,0.1472370303917194,0.5459629761942605,0.5376848210852151,0.6625549038732158,0.7876556306378562,0.4236501746219588,0.5606786671814282,3.2480485350520047,2.1924781785485234,3.5420140964911533
W5257,4,0.8660546193763413,1.4183716765777226,0.0,1.088960493843059,1.2838812016076406,0.9569096468535944,1.2346893102207177,0.0,1.4695608815154493,0.6625065948824411,0.0,0.2803082486884308,0.0,0.5992984708950072,0.4710574239809834,0.1771312366075579,0.0,0.5345032699141682,0.0,0.0,0.0,0.0,0.4174699509012044,0.2682261002351217,0.0,0.9208235201867864,0.0,0.0,0.0,0.0,0.0242495403954286,0.1029266330027225,0.0988506247466326,0.0678926208686434,0.0394771333237839,0.1170469729158979,0.045481098713755,0.1829219078212903,0.2164996275899364,0.5855806452812118,0.145628969640898,0.2422361104304581,3.174968421157488,2.0460459399157918,4.133095676571137
W5257,5,0.5595369040709812,0.9290643045524996,0.0,0.937299515410178,0.9696800522838293,0.6227795559692066,0.7188332801036544,0.0,0.8477924922325228,0.3557484807916602,0.0,0.1940577170905882,0.0,0.4219005788289437,0.3362779310589837,0.1128971395795492,0.0,0.3487744167252766,0.0,0.0,0.0,0.0,0.2115321197276503,0.1806435856330114,0.0,0.7466173046265221,0.0,0.0,0.0,0.0,0.0539447280939622,0.0024798803499989,-0.0202362789150871,-0.001990781313683,0.0840978792730966,-0.0096001504351243,0.0731581261902896,0.000938000484891,0.1725826406370138,0.2932548799517697,0.1351840051029882,0.1595975192986306,2.8411354148553483,1.742179508526566,2.9165692690801457
W5257,6,0.3388217431983759,0.6535678324809472,0.0,0.6526177284332072,0.6745210724205506,0.4452949900263778,0.4525711046987698,0.0,0.4949465065849903,0.2721350960452201,0.0,0.1250827629121011,0.0,0.2167832358827907,0.2099301992078571,0.0900203595674149,0.0,0.2379804704883676,0.0,0.0,0.0,0.0,0.1493422551938452,0.0919643298132171,0.0,0.7966509584382578,0.0,0.0,0.0,0.0,0.0669090341182601,0.0272989144419062,0.0414831224007095,-0.0170360899983005,0.0749598921830288,0.0084160409306414,0.0807122867043373,0.0107311637400886,0.112224037699815,0.2025886401682918,0.0428481487238009,0.0748621158013988,2.70146262708768,1.7061811928976651,3.061043169507654
W5270,0,0.1304347826086956,0.1304347826086956,0.0,0.1304347826086956,0.1304347826086956,0.1304347826086956,0.1304347826086956,0.1304347826086956,0.0,0.1304347826086956,0.1304347826086956,0.1304347826086956,0.1304347826086956,0.1304347826086956,0.1304347826086956,0.1304347826086956,0.0,0.1304347826086956,0.1304347826086956,0.0,0.0,0.1304347826086956,0.1304347826086956,0.0,0.1304347826086956,0.1304347826086956,0.1304347826086956,0.1304347826086956,0.0,0.1304347826086956,40.0,0.0,0.0,0.0,0.0,0.0,0.0,0.0,0.0,0.0,0.0,0.0,0.0,0.0,0.0
W5270,1,0.1963848953374395,0.2551844281647882,0.0,0.237459864468979,0.2400162166421486,0.2406157200275117,0.2654505587185363,0.2646404234648113,0.0,0.1943259096586852,0.1781495494463943,0.1726415093834749,0.1905081438554356,0.2301591959473739,0.2081506057176345,0.1717777707266438,0.0,0.2099426259146884,0.1605010972206167,0.0,0.0,0.1982882904713525,0.1574153934189422,0.0,0.2165448750493267,0.2015445029292663,0.2101922324919904,0.2036748582002383,0.0,0.2091168933980033,32.910745848174955,0.2691361457126854,1.0131356721072593,0.7089055518591312,1.0815647890654914,0.2014322507874231,0.446239234300718,0.6853733465746678,0.2223498399400392,0.0901957456506583,0.2168522870587244,0.0509159861475448,0.525523194964335,0.3618861381335631,0.2081832391820744
W5270,2,0.5891765456109963,0.6968619980345687,0.0,0.5556086918903035,0.4926382917657865,0.6611008265056431,0.7003462939627071,0.6836914665194076,0.0,0.4398656051331651,0.3552334325724972,0.2583147494744811,0.239987495248591,0.3819972900967773,0.3698386387765791,0.2380638264799944,0.0,0.4559744123290292,0.3523670573576012,0.0,0.0,0.5014635587606037,0.3617728971360577,0.0,0.4346969924302756,0.3837982096233241,0.3345548864356731,0.3578122164867077,0.0,0.3560426927186494,13.533829557840114,0.4588981288053277,1.2869639923412883,1.1449940480726188,1.896198690672966,0.7306533138848849,1.143332747065804,1.5776843778700946,0.7252114657990323,0.493926807394937,0.3794776732898491,0.1698960699489369,1.8519126214457975,1.1630623659474366,1.6423553966928812
W5270,3,0.996420462653653,1.5136499600262885,0.0,0.7439077036177978,1.3323612149869697,1.319734362157962,1.5251010808769794,1.1953103371588178,0.0,0.5615593121407494,0.48712293748881,0.3105111257908387,0.2687181269690592,0.5897427029894087,0.3641238365047669,0.1945457085495404,0.0,0.5557523386967873,0.4060631048394172,0.0,0.0,0.760508570387126,0.409237574636339,0.0,0.5435654676302268,0.7211769927959084,0.4779653466535602,0.438198127755929,0.0,0.405908519002354,0.1120976189749732,0.226006830821007,0.3640517032141975,0.3156745350636967,0.9970625862796024,0.3067439292016451,0.8334236393113769,0.7291106951631594,0.9833543944328628,0.3695301530162418,0.3714099165180962,0.428733421315328,2.9927103068773167,2.0976508419645867,3.341590826090887
W5270,4,0.8403392587031326,1.3798801290716864,0.0,1.008592263040382,1.0733572232461073,0.8791409069392124,1.146125827574708,1.1445575920343358,0.0,0.5014397938578584,0.438523233157926,0.2308320211420949,0.2520834108524528,0.4141109187852906,0.3371634240136857,0.1504915150657956,0.0,0.362432800026304,0.212178903644963,0.0,0.0,0.5789151160824763,0.2948890609487644,0.0,0.3933729005880191,0.6599283375549535,0.363182437235755,0.4170004251344398,0.0,0.327498634121724,0.0272935427864128,0.0564989633779431,0.1417725208223997,0.0994330759488019,0.2439078458211249,0.1051408408832176,0.1763881882786309,0.1142274734519194,0.3890600024502122,0.2754818681580809,0.1982700368436977,0.1702046775556948,3.392776965543126,1.7975740200646144,3.626311471245994
W5270,5,0.6034211818217453,0.7969928276014714,0.0,0.6340267663502481,0.8840848279304446,0.6174562787472885,0.6316121717238954,0.5761031295980715,0.0,0.3726953013206889,0.2902016890356044,0.136489418045474,0.1768073325025065,0.3795564541031299,0.2188403812590938,0.0638168457257058,0.0,0.2418849590525882,0.1930191372151579,0.0,0.0,0.3671543269095418,0.1960978831761848,0.0,0.240914959909385,0.5442164931410943,0.1695283795052586,0.2885165510807814,0.0,0.2017664207536044,-0.0037648151646112,-0.0231771079653998,0.0653148113992869,-0.0330605215410806,0.165161721273929,0.0097675742032406,0.065048658834807,0.0067236524934311,0.269255441195151,0.1936135371926206,0.076992857152215,0.0728275928600287,2.614054619402016,1.72680309466391,3.0215332688409813
W5270,6,0.3643381863337558,0.6492975066344646,0.0,0.6110190044781277,0.5367438021422327,0.3152801652082332,0.420118759144261,0.3568077765739047,0.0,0.2040264802575257,0.1975872408885419,0.095115718132277,0.1306683021504854,0.1667653093021783,0.1632550546270018,0.0661651879476973,0.0,0.1900285419719457,0.1229003038779799,0.0,0.0,0.22594789872423,0.1006402030664405,0.0,0.1251557075287097,0.4329573277497579,0.1287394833594421,0.1752618823239617,0.0,0.1077857168310455,-0.0153822343047431,0.0465217300952928,0.0162901009523379,0.0854604615214899,0.0979549065910037,0.0138481658598359,0.1156806521349484,0.0193296847126053,0.2199092298514951,0.1132450617191049,-0.0147910057633359,0.0524102394025476,3.192908861511077,1.4720327448648851,2.8666893164820726
W5415,0,0.2,0.2,0.2,0.0,0.0,0.2,0.0,0.2,0.2,0.0,0.2,0.2,0.2,0.0,0.2,0.2,0.0,0.0,0.2,0.2,0.2,0.0,0.0,0.0,0.2,0.0,0.0,0.0,0.0,0.0,40.0,0.0,0.0,0.0,0.0,0.0,0.0,0.0,0.0,0.0,0.0,0.0,0.0,0.0,0.0
W5415,1,0.3714376163846792,0.3815993549357341,0.4111120480242092,0.0,0.0,0.4256024064020769,0.0,0.3759635564334839,0.3157470884046637,0.0,0.2617372796960783,0.2835863056691332,0.2952851728393821,0.0,0.3037073516954023,0.3075573068331222,0.0,0.0,0.3029596616403067,0.2136719413048118,0.3310220528604092,0.0,0.0,0.0,0.2956815710574074,0.0,0.0,0.0,0.0,0.0,26.21573124526841,0.262291183609824,0.6743629987769317,0.7724147100990103,0.8271294775006697,0.5829249629647586,0.6888616654576415,0.419482128231288,0.0935270920746687,0.2210395440769477,0.1854962293291543,0.0382445080777651,0.3116082201724369,0.29307805707691,0.5316909922994668
W5415,2,0.8687540285598369,1.1973815253548628,0.7412976652952642,0.0,0.0,1.0036819354238695,0.0,0.8691986839865318,1.0348361388531473,0.0,0.5442590380617651,0.4465879351819528,0.3399951600003121,0.0,0.4594150374058824,0.2836002676346654,0.0,0.0,0.4227050827100176,0.5093665237273325,0.6030201368366624,0.0,0.0,0.0,0.6355459938492128,0.0,0.0,0.0,0.0,0.0,11.962588782909595,0.8130581310004548,1.37310504203678,1.5522038388751938,1.3367299848463785,0.8997367443581694,1.880429754189468,1.017150717666835,0.4684955522452795,0.5557164166929964,0.2737996814188651,0.2567748938615313,1.469057885071384,1.235454191728602,1.5034640203143443
W5415,3,1.4727377612392465,2.1740382627857637,1.2330838334767042,0.0,0.0,1.5899720118625469,0.0,1.4879411065359076,1.8184843217021656,0.0,0.7225738038562723,0.364693860592776,0.4646946498295209,0.0,0.6370203349654227,0.2961744846257926,0.0,0.0,0.5778118789084344,0.5838313543287021,0.8523566862244312,0.0,0.0,0.0,0.6714475364865911,0.0,0.0,0.0,0.0,0.0,0.0495903508259245,0.2870663674687937,0.5544072784182186,0.422942885363531,0.2551211024530899,0.507545678476854,1.06067207520664,0.3580213272765238,0.8776777881141281,0.9300969568146232,0.3250138663518284,0.6958462840434656,2.527712567540492,1.6039868922838416,4.094775288242632
W5415,4,1.1184819501109544,1.9764138348208444,0.7513593417317939,0.0,0.0,1.4311869116080975,0.0,1.436479881653103,1.777379360167492,0.0,0.653934169687823,0.2683752965623026,0.3948011942303957,0.0,0.4765443935262702,0.1962048514984857,0.0,0.0,0.5138504914359544,0.4607420664295777,0.4261490766653319,0.0,0.0,0.0,0.556654165177116,0.0,0.0,0.0,0.0,0.0,0.078583936317599,0.1164289459671628,0.0736744329941429,0.0086384337669422,0.0799926368101618,0.0394949558623245,0.1723121755117053,0.0839246092770542,0.7946740356069802,0.4041284066968155,0.2121815777768309,0.3465865805040942,3.278179045053219,0.9908390798882012,3.628644583419806
W5415,5,0.7687751413622403,0.9723437493166278,0.5783426756655965,0.0,0.0,0.7563277099014073,0.0,0.8857671557682594,0.9358155987966298,0.0,0.5286902375065964,0.1980208236094109,0.2587450056840982,0.0,0.477496716317933,0.1450177433276801,0.0,0.0,0.2809425996846209,0.3017534335805178,0.4282188286084173,0.0,0.0,0.0,0.3370974613171615,0.0,0.0,0.0,0.0,0.0,-0.0996817952780733,0.0391648589162943,0.0539323137507304,0.070759935960296,-0.0571865510165549,-0.0003694110672319,0.1029046017387099,0.0193126324449032,0.6497065344600307,0.2404131186766898,0.1504938459723185,0.1039006042583689,3.425528979002383,0.8209535270475123,3.815413549564224
W5415,6,0.4911424392184605,0.8719771525923783,0.331495127105832,0.0,0.0,0.5737833052256442,0.0,0.6277493425831913,0.593955207000915,0.0,0.4493693811781272,0.1619308917188938,0.1863188739219692,0.0,0.2439084595663989,0.0975062356633877,0.0,0.0,0.1967600953584553,0.1992616806621896,0.2150222745581769,0.0,0.0,0.0,0.2352793002028913,0.0,0.0,0.0,0.0,0.0,0.035967906786826,0.0465922261717155,0.0787716460431058,0.037710532675337,0.0257971916339177,0.0189621525369909,-0.0072057829826749,0.0475320633204991,0.5283775092304309,0.1122887762140451,0.0894206040977639,0.1223686791830988,3.4044131804315287,0.8326415329444004,4.10327793413215
W5491,0,0.1764705882352941,0.1764705882352941,0.1764705882352941,0.0,0.1764705882352941,0.0,0.0,0.0,0.1764705882352941,0.0,0.0,0.1764705882352941,0.1764705882352941,0.1764705882352941,0.1764705882352941,0.1764705882352941,0.1764705882352941,0.0,0.1764705882352941,0.1764705882352941,0.1764705882352941,0.1764705882352941,0.1764705882352941,0.0,0.0,0.0,0.0,0.0,0.1764705882352941,0.0,40.0,0.0,0.0,0.0,0.0,0.0,0.0,0.0,0.0,0.0,0.0,0.0,0.0,0.0,0.0
W5491,1,0.3211024249080178,0.3248008077595125,0.2860685870038142,0.0,0.3173685167329162,0.0,0.0,0.0,0.2968220465269713,0.0,0.0,0.2478439267331739,0.1999208085635297,0.2701156988935074,0.2156280458637728,0.2218146300356565,0.3751797505149028,0.0,0.2579769381199576,0.2547710616024228,0.242452220031633,0.3068980995436085,0.2256395237305047,0.0,0.0,0.0,0.0,0.0,0.2972987777378049,0.0,28.331969068440237,0.5865144277183912,0.7057168226652619,0.7893393926790181,0.6409948457105461,0.4468855687296791,0.7519369247417025,0.3334192783424514,0.2296234603157316,0.3460784831742242,0.2098386227933201,0.0017161640324869,0.3789276397731966,0.2690753585542646,0.484270497572614
W5491,2,0.8845100123003014,0.8920599272214664,0.6838766449865129,0.0,0.8756658884689874,0.0,0.0,0.0,0.8779952763392955,0.0,0.0,0.4222588918184926,0.2888150488273267,0.5380193918871236,0.45380636637164,0.3074835423168549,0.5809182799595943,0.0,0.5134737199532349,0.3410996186374338,0.5436882705371617,0.7137683966104152,0.4765409211852781,0.0,0.0,0.0,0.0,0.0,0.4517747851615597,0.0,14.579002194563715,0.9215863500554636,1.4118801487738388,1.5694644115797918,1.5964785903912635,0.9460718425853678,1.9876884555334928,0.6892039281541038,0.4674254247069564,0.6784461941592107,0.4391345497474484,0.2304912842633802,1.6408741345302458,0.9384421901018444,1.8898874448373204
W5491,3,1.8382303496678416,2.3851309975243145,1.1727336387026797,0.0,1.7135645380411408,0.0,0.0,0.0,1.8350093007530952,0.0,0.0,0.3991346190020176,0.4421824841160925,0.6258065144875491,0.4881907386196653,0.2561112218356043,0.9056697661388946,0.0,0.6209423898194149,0.504131786399095,0.7686773671627549,1.1002579062216131,0.6804531152231309,0.0,0.0,0.0,0.0,0.0,0.6125474070938426,0.0,0.0991743842618238,0.239138034279607,0.5976312076996865,0.4930464046170018,0.4285549061546392,0.6213126638820397,1.1363024273761708,0.5918616309805755,0.4320875252311816,0.8903750081670412,0.4498951242858919,0.3306295453208067,2.9616167597867444,1.93099326446799,3.697326567844837
W5491,4,1.1384319652580808,1.5377024974719038,0.8482644345980456,0.0,1.7056465630826916,0.0,0.0,0.0,1.6684531340580728,0.0,0.0,0.3007897555422683,0.3320804553843696,0.4717508322935492,0.405067377366456,0.2138522197729027,0.6793697780014286,0.0,0.40339467177055,0.4133479742583947,0.5702162444049618,0.7107108415109114,0.3863491127999076,0.0,0.0,0.0,0.0,0.0,0.5077546223481144,0.0,-0.0038577147830565,0.051276954114631,0.1333763527048498,0.0797265514999966,0.0745074575786999,0.1039962962893969,0.2144964815834212,0.2254089312069596,0.1133444283761095,0.581320575059737,0.251376903431627,0.1618299295917371,3.0633714102457734,2.1392319363281,4.266772294240973
W5491,5,0.773782057673184,1.3239410772285485,0.6289191517792623,0.0,1.0990944615242662,0.0,0.0,0.0,1.062097397449674,0.0,0.0,0.204900366616462,0.2355194893134207,0.3743739206217338,0.2651998365003872,0.1303216705830314,0.5058914272824415,0.0,0.2830604685550704,0.2618288756433553,0.3624336201911974,0.5722050808717891,0.2528923553205959,0.0,0.0,0.0,0.0,0.0,0.2742324176816635,0.0,0.0305116149548101,-0.0020322345805675,0.0581790324359326,0.0191001049980321,0.032645007357641,-0.0187947700648223,0.1336255909267441,0.0321988343544996,0.0694500686755732,0.2929564586798641,0.0587276241828313,0.2334657508206133,2.663488610132859,1.5509464576656276,5.236359170592067
W5491,6,0.4404336339811601,0.9282673207373516,0.3130090623111774,0.0,0.8199520634031324,0.0,0.0,0.0,0.6949709750312231,0.0,0.0,0.1296372953555319,0.1727966071896161,0.2786196669574549,0.1988423575522468,0.0744495379276263,0.3714262915665541,0.0,0.1662549444740213,0.1500850582564108,0.221527089266421,0.2856882548073651,0.1608348071129268,0.0,0.0,0.0,0.0,0.0,0.223991210183019,0.0,0.0315063184486371,0.0022557262349596,0.041923235014051,0.007364882736626,0.0309730932318219,-0.0537977029394987,0.0232149064240969,0.0601687036425479,0.0285664322340998,0.2103181998148305,-0.0126313997479254,0.1192672692388598,2.472891492579484,1.2638709353267892,5.944185983756542
W5501,0,0.1875,0.1875,0.1875,0.0,0.1875,0.0,0.0,0.0,0.1875,0.1875,0.1875,0.0,0.0,0.1875,0.1875,0.1875,0.0,0.0,0.1875,0.0,0.1875,0.1875,0.1875,0.1875,0.0,0.1875,0.0,0.0,0.0,0.0,40.0,0.0,0.0,0.0,0.0,0.0,0.0,0.0,0.0,0.0,0.0,0.0,0.0,0.0,0.0
W5501,1,0.3470952077061235,0.3066209734416531,0.3670401268273041,0.0,0.2951143236269506,0.0,0.0,0.0,0.3822035695613704,0.2879120378113525,0.260365100726354,0.0,0.0,0.3358579416697048,0.2205369179604805,0.1937008629182164,0.0,0.0,0.1734010011262407,0.0,0.3190013990609511,0.3222430822010909,0.261994427718525,0.2449066242085853,0.0,0.3243579381707652,0.0,0.0,0.0,0.0,35.119584498194214,0.4040813215488812,0.6004012234259397,0.7005657023769559,0.9549281335402344,0.3703461149844728,0.8789793507386165,0.5720645578679092,0.2047102388397465,0.028115842074596,0.1942998765919471,0.1340991466970452,0.4585584815400676,0.3158059834441363,0.4204270217880342
W5501,2,0.9175678927165326,1.1410776836935628,0.8600142432091967,0.0,0.9589872786706872,0.0,0.0,0.0,0.9104711551520418,0.7706849657846507,0.5415934313637586,0.0,0.0,0.4384314688997909,0.4888061479510585,0.3519529763858752,0.0,0.0,0.4445973023419688,0.0,0.575122574603058,0.5491592508857902,0.6038637711993746,0.372294648010158,0.0,0.733174709740837,0.0,0.0,0.0,0.0,12.475324479546623,0.7440545841979939,1.4744237639511055,1.439076794334103,1.252862999771987,0.5702166387431211,1.9819535080056216,1.1265975772463117,0.5761695043496933,0.3534388610622421,0.5122674334904225,0.3698813049677444,1.6541778163985792,1.1864093971913023,1.25093938336235
W5501,3,1.450450679651644,2.25867713646574,1.181909567428714,0.0,1.4364125693108194,0.0,0.0,0.0,1.8627853487547104,0.7737381691435175,0.6349923897798837,0.0,0.0,0.6227156367096643,0.5627993772015775,0.259443658942617,0.0,0.0,0.5601216696494723,0.0,0.7898815050400991,1.032224690449185,0.5614603008856505,0.3619003963634802,0.0,0.9410759588625272,0.0,0.0,0.0,0.0,-0.0127230065208269,0.2772095227592838,0.5248717032003767,0.4428220402529392,0.4787853014120206,0.3618524441590539,0.7075863969033671,0.8838878769386103,0.5638046419275864,0.5619134048997351,0.4086393625180499,0.6639012807683904,2.936009761328227,2.0161232245443457,2.972972593963098
W5501,4,1.1066351957450709,1.7348465267348354,0.7031041219840088,0.0,1.4861121535893065,0.0,0.0,0.0,1.4361894350714688,0.8057752232665416,0.5172262310239149,0.0,0.0,0.5489405391095581,0.5064008633176409,0.1840585215178662,0.0,0.0,0.414479994686269,0.0,0.4662737632350606,0.8598345163059355,0.4029093531580827,0.2668626786933059,0.0,0.9445329584748317,0.0,0.0,0.0,0.0,0.0251969266973451,0.0310315651691878,0.0361322162079627,0.0785742341156414,0.1109832803286949,0.0656385175555942,0.0948073802404297,0.20202317461837,0.1603363537130741,0.3215736730414325,0.1973519686109333,0.2939706777622398,3.130269756049409,1.9494451927131584,3.2916272061409475
W5501,5,0.6193847213737926,1.3432092843662755,0.5114835955042698,0.0,1.0697416798446504,0.0,0.0,0.0,1.007319075131662,0.4919453581535852,0.4074013781382066,0.0,0.0,0.3847723556023654,0.3204569135094023,0.1190427980848273,0.0,0.0,0.2549464534023911,0.0,0.324297242241924,0.5800125154149489,0.2600577028227654,0.1789893594629529,0.0,0.8665836145375341,0.0,0.0,0.0,0.0,-0.047121062434387,-0.0484656323855856,0.0105881503564026,0.0200132970234941,0.0738368898297662,0.0144915803715376,0.0430990137145151,0.0553793397468556,0.1571933429019029,0.1861461937671636,0.1472676170644635,0.2235847693032611,2.564535443111598,1.365290095560733,3.627156241520777
W5501,6,0.3993291088887368,0.8867767910738628,0.303490209757595,0.0,0.7520474751807287,0.0,0.0,0.0,0.6096122167266148,0.2941712252443452,0.3357567102215897,0.0,0.0,0.2651402450239435,0.1853419322220844,0.0863336350499164,0.0,0.0,0.1737402349644479,0.0,0.2038617856872998,0.3500885634095463,0.1561321135245171,0.1258107781601111,0.0,0.7269364393373469,0.0,0.0,0.0,0.0,0.0084340151766423,-0.0157667054281925,0.0475070947920264,0.0369944090122065,0.028685182404775,-0.0347149739890311,0.002200217434159,-0.0184033408902134,0.1378387722915519,0.1185546418497573,0.1153268243630659,0.136694030106564,2.7493115817328238,1.453893702571588,2.948682529815224
W5606,0,0.125,0.125,0.125,0.0,0.125,0.125,0.0,0.125,0.125,0.0,0.125,0.125,0.0,0.125,0.125,0.125,0.125,0.0,0.125,0.0,0.125,0.125,0.125,0.125,0.125,0.125,0.125,0.125,0.125,0.125,40.0,0.0,0.0,0.0,0.0,0.0,0.0,0.0,0.0,0.0,0.0,0.0,0.0,0.0,0.0
W5606,1,0.2135531147859773,0.2225264153418805,0.2221540032300904,0.0,0.2208956687189546,0.2237490438469503,0.0,0.2459588359581058,0.2849219105172307,0.0,0.1718117119603009,0.1621867173697291,0.0,0.1835730503066737,0.1895202411828333,0.1585779405600154,0.2021030170594713,0.0,0.1781139848496106,0.0,0.1640111273982076,0.2031209407359304,0.2089105927380297,0.1438447532155281,0.1992735587326437,0.1979871352074052,0.1924022085202454,0.1815837623933682,0.1634874248652412,0.1558815413137797,31.287765148990022,0.5076005371443908,0.7839549264921505,0.7312966313289916,0.8569111053635617,0.3663926374098398,0.652544612948083,0.6472758066373339,0.2731242900195311,0.1088387056290195,0.1601458400072612,0.1464279670574192,0.5948208812073624,0.3981392169001287,0.2825691384193178
W5606,2,0.6347959441868266,0.7847094206402265,0.530311018168689,0.0,0.6439330988298436,0.6098679145263459,0.0,0.6009107285487336,0.6646715564993775,0.0,0.2737060739753538,0.2344069813255207,0.0,0.3302533746835831,0.3265413443990453,0.1523143757091942,0.3275359582695474,0.0,0.3330009655122204,0.0,0.3341907563614912,0.4755378862313292,0.3521094462335433,0.2269091065130239,0.3693563902095224,0.3699298484622825,0.3021783098469208,0.3522953438737208,0.3522079858600583,0.3570576981978517,11.797763291643816,0.9815574623877948,1.3966739642371797,1.1532564122729343,1.3514379884443888,0.7301492566224674,1.763447190338067,1.232364442267318,0.5227551266484818,0.5850777695876785,0.3161630112236843,0.3710919221836343,1.6525538683279577,1.1621579236259525,1.5589653871841838
W5606,3,0.9027673770297168,1.805867826831132,0.7857338894852153,0.0,1.3204671556325474,1.3615485708984332,0.0,1.1719555550327485,1.1655023616382232,0.0,0.3783973134443119,0.2483317885799916,0.0,0.5390392670456249,0.3844271193137188,0.1658790460266503,0.6202362584230194,0.0,0.4085826751574517,0.0,0.455838883435516,0.7070118008836699,0.4085105778319168,0.260659184612468,0.4082243122240743,0.7228542914500798,0.3917502425099916,0.5687274054143044,0.4112086012722294,0.4071100117334607,0.077003592979051,0.3323167622143194,0.5384812142660133,0.4599402558270592,0.6009235465022147,0.4084902585199882,1.0465258253660763,0.7085654258248886,0.6924479918783234,0.7740905355658652,0.2741286594860704,0.30451587945524,2.8656709389236066,2.130138919585167,2.62185924729771
W5606,4,0.7543061702094993,1.310682882819474,0.6099672661158291,0.0,1.2811524098829006,0.792416731553961,0.0,0.9287102709297872,1.4088274406912882,0.0,0.4632902469959305,0.2084808880615226,0.0,0.3567355694858889,0.289837664153412,0.1285787635027631,0.5230107772327182,0.0,0.2812006720064235,0.0,0.3012526503246443,0.6260167203773338,0.2281047031362682,0.1918341633500775,0.3473221037321211,0.6711019910309189,0.2490073849231554,0.4293112570756637,0.3235324187875718,0.3176281771552742,0.0140541885714192,0.0681399373024001,-0.024297213177684,0.2003476366769639,0.0757450689546669,0.1362958461935405,0.2246604616452815,0.0787357479788992,0.2333484543976775,0.3361865269034252,0.1952177260814528,0.2533287836380253,3.890767807370432,1.9368558278890835,3.5385421990040027
W5606,5,0.4641346280784121,0.9781383156597392,0.4033756374089129,0.0,0.7292171245485257,0.6478580787396389,0.0,0.5371455599663651,0.6668896508038947,0.0,0.320734655154725,0.1153219972440524,0.0,0.2338292867429286,0.2318875403267176,0.0766914360757887,0.3863663811410355,0.0,0.19030090872248,0.0,0.2711707298959338,0.3800680826694697,0.19200504020805,0.1102472282758736,0.2200853329698821,0.4839793796061598,0.2050084822352216,0.3138282736790889,0.1753468283954863,0.1836140133098566,0.0118305671740723,-0.0207669821528522,0.0021950499983689,0.0391137577091123,0.0291142524444829,-0.003815544480052,0.1105025980683999,0.0897801495063279,0.1819376946537059,0.1764640871299687,0.0805433282408538,0.0529155639021187,2.9009576943370865,1.84119387938962,3.823161851846978
W5606,6,0.3260255918791144,0.7138311683860712,0.244265679138493,0.0,0.6842663408460702,0.3868326678001091,0.0,0.4479546756245853,0.3601740659303766,0.0,0.2819329123604432,0.0732750718555041,0.0,0.1804156965585701,0.116688151979406,0.0518430662380781,0.2069941203220973,0.0,0.1149795245636272,0.0,0.1234488079493549,0.2187253836938722,0.118538203718767,0.0911764289165245,0.154695352170249,0.4556097724188772,0.1151106881460197,0.2135975099592849,0.1477624662483238,0.134425244090542,0.0814558531295727,-0.0178357777565357,0.0253061981709201,-0.0039460877698454,0.0986211981157976,0.02513545983892,-0.0063588044890788,-0.0179849098302998,0.1406291170380668,0.1062552462651877,0.1489473055641955,0.1054623479542459,2.974799137340057,1.363740599955627,3.962718939889568
W5611,0,0.2307692307692307,0.2307692307692307,0.2307692307692307,0.0,0.2307692307692307,0.2307692307692307,0.0,0.2307692307692307,0.2307692307692307,0.2307692307692307,0.0,0.0,0.2307692307692307,0.0,0.2307692307692307,0.0,0.0,0.2307692307692307,0.0,0.0,0.0,0.2307692307692307,0.2307692307692307,0.0,0.0,0.0,0.0,0.0,0.0,0.0,40.0,0.0,0.0,0.0,0.0,0.0,0.0,0.0,0.0,0.0,0.0,0.0,0.0,0.0,0.0
W5611,1,0.4279033977371589,0.4524548225842436,0.347301429393094,0.0,0.4174211019828193,0.3751107796734017,0.0,0.4279753002330022,0.4535849349497082,0.3153104185563655,0.0,0.0,0.310666946906237,0.0,0.3408317084311505,0.0,0.0,0.386688935375009,0.0,0.0,0.0,0.4554482846428277,0.2901285480538483,0.0,0.0,0.0,0.0,0.0,0.0,0.0,34.022479378668486,0.4256299632680121,0.9341273061565292,0.6668489440379087,0.8965991716914045,0.2756335731774803,0.6545095716763747,0.5242148167459253,0.2479604839273639,0.2240860857298114,0.2032886457789654,0.0714429518091589,0.1888722756468384,0.2127339016611175,0.6020258827089965
W5611,2,1.258788756121431,1.552355178074556,0.90283919466367,0.0,1.2708545369846571,1.1289800729412311,0.0,1.060186019987,1.270329935177513,0.7152471352442792,0.0,0.0,0.4166721287260784,0.0,0.5662570081298869,0.0,0.0,0.6431798861695239,0.0,0.0,0.0,1.0243170936073362,0.6300566066149336,0.0,0.0,0.0,0.0,0.0,0.0,0.0,12.149019167564976,0.658322151594378,1.9018655809915368,1.54740646470443,1.4907278609845038,0.5476248409864671,1.3399319590322238,1.0554648784536451,0.7548704325154125,0.846632889246536,0.3394292385987816,0.2782623758973514,1.1593125964530164,1.2639413367859882,2.083154480786072
W5611,3,1.754354729103654,1.9582660889388532,1.115846020094195,0.0,1.6931967027365826,1.865499166249428,0.0,1.6069713600279258,1.960483692695377,1.0410169215067708,0.0,0.0,0.4977470310347658,0.0,0.6574224551901837,0.0,0.0,0.909287010474958,0.0,0.0,0.0,1.267208108289675,0.731411652652162,0.0,0.0,0.0,0.0,0.0,0.0,0.0,0.05733932169447,0.1019862761744348,0.444719782967828,0.3299185339433433,0.2245421943569251,0.1354424943220983,0.5118057310689171,0.2236028256153907,0.9232110315413488,1.427612901828633,0.4233563084415609,0.4803765482825622,2.393552947756411,1.4831218612594317,4.445251904505494
W5611,4,0.8689201621596161,1.6280451020735347,0.938005597623334,0.0,1.0549945752329364,1.1397331060445712,0.0,1.1413007588827035,1.3108708580313724,0.6601424068697106,0.0,0.0,0.4683547959345602,0.0,0.5476346372178552,0.0,0.0,0.5734550365609035,0.0,0.0,0.0,0.7137863735820531,0.4856041172671941,0.0,0.0,0.0,0.0,0.0,0.0,0.0,-0.0158922087151345,0.0037524879391022,0.0285535967715703,0.0753648922671407,0.0686041715876271,0.0085365103202532,0.1216028017920007,0.0153670869959017,0.6450606889454149,0.945855610175907,0.2439818497335921,0.2894162242534618,2.578033489548536,0.9785669049683444,5.123177822599697
W5611,5,0.5665022320689497,1.1213233676831835,0.4587467648557078,0.0,0.8714993587517816,0.5700368351293155,0.0,0.6754107719406397,0.8360642384473069,0.4607769040503555,0.0,0.0,0.3213970106104473,0.0,0.3737806090037019,0.0,0.0,0.4215685247415123,0.0,0.0,0.0,0.5589549269780371,0.3236943945147146,0.0,0.0,0.0,0.0,0.0,0.0,0.0,0.0135414258680436,-0.0001854337030084,0.0206387128632309,0.0053377204114088,0.0483433450554608,0.0615224416397219,0.0304853184209951,-0.0031138131911381,0.3091511702538402,0.9763402672849074,0.2797221369989108,0.1382331596194506,2.275647902979833,1.028946171897242,4.763596051434575
W5611,6,0.3569036215368419,0.718939334537661,0.3364086829504623,0.0,0.6526508847677264,0.4084910200834431,0.0,0.536621123140002,0.5143727249383148,0.3085288657773901,0.0,0.0,0.303589812963287,0.0,0.2958571615240105,0.0,0.0,0.2407983629558098,0.0,0.0,0.0,0.3602979832425771,0.1602012801565994,0.0,0.0,0.0,0.0,0.0,0.0,0.0,0.013508018998533,0.0940681880021979,0.0638044274972681,0.0673099926953395,0.0488319097109707,0.0472583220603262,0.0857630398445794,-0.0394970172728656,0.2736235491444796,0.7175185480324513,0.1164792325835148,0.1078220149298218,2.0118256822883445,0.8380159750861185,5.823724928415295
W5710,0,0.2307692307692307,0.2307692307692307,0.2307692307692307,0.2307692307692307,0.0,0.0,0.2307692307692307,0.0,0.0,0.2307692307692307,0.2307692307692307,0.0,0.0,0.2307692307692307,0.2307692307692307,0.0,0.0,0.2307692307692307,0.0,0.0,0.0,0.2307692307692307,0.0,0.0,0.0,0.0,0.0,0.0,0.2307692307692307,0.2307692307692307,40.0,0.0,0.0,0.0,0.0,0.0,0.0,0.0,0.0,0.0,0.0,0.0,0.0,0.0,0.0
W5710,1,0.507737136812382,0.4635560223343279,0.4415589740243987,0.4144256601097775,0.0,0.0,0.3923042855279079,0.0,0.0,0.3706408269067189,0.3971655262008142,0.0,0.0,0.4131444957524371,0.3581245542419135,0.0,0.0,0.3547685249382433,0.0,0.0,0.0,0.422659940652494,0.0,0.0,0.0,0.0,0.0,0.0,0.2832167948918587,0.2809222442884761,32.791927586422624,0.4581078358856157,0.9195141518933112,0.7100829324652287,1.038871728560548,0.3198606211218371,0.5044409834970549,0.821423587317584,0.2121687708593151,0.0856624475277061,0.1636048054773954,0.0529755783196112,0.3718955059107818,0.3821519758178072,0.7021074900059274
W5710,2,1.1843728827215128,1.3989874298689775,1.0190999078683192,0.8960907996782217,0.0,0.0,1.024153245730419,0.0,0.0,0.8354976775149731,0.4977653340362121,0.0,0.0,0.6028190182193549,0.6171172964149544,0.0,0.0,0.7025834327737746,0.0,0.0,0.0,0.777488331686848,0.0,0.0,0.0,0.0,0.0,0.0,0.6508093335597516,0.6051960883166131,11.424546074865006,0.9414479752346468,1.5405220511349027,1.2999303149348744,2.089036648423741,0.6870741266976742,1.1318891934097814,2.0708151281910223,0.5681558781923821,0.4236511307422224,0.6400772739959224,0.2285524179996632,1.1278400468105438,1.0696990911250974,2.1558692399221755
W5710,3,1.5191152641159116,2.455656998742921,1.3728940250790658,1.6130711614260849,0.0,0.0,2.3236379308554334,0.0,0.0,1.0370463987688547,0.829551818745651,0.0,0.0,0.7743698808065209,0.7369373980373926,0.0,0.0,0.8690504406864976,0.0,0.0,0.0,1.1717965461608113,0.0,0.0,0.0,0.0,0.0,0.0,0.6531028058215934,0.6134219557336343,0.0555060020621757,0.1769871431157299,0.383455319624613,0.2080309262055487,0.4881190729878949,0.4797837219996125,0.7334009731801491,1.07476230352685,0.5840592575065813,0.4989956668383286,0.5357996455058384,0.3847745039640332,2.544607214829893,1.9281920693678936,2.589333839429757
W5710,4,1.3745262532620366,2.4385529416702267,0.9244183077095094,1.3724832916311664,0.0,0.0,1.6440698476148052,0.0,0.0,0.7751526513942257,0.6176433515936801,0.0,0.0,0.6192507561980911,0.5373527632918861,0.0,0.0,0.75408946484969,0.0,0.0,0.0,0.8852725013629803,0.0,0.0,0.0,0.0,0.0,0.0,0.4563162156013621,0.4567613243595613,0.0011818669408925,0.0117179386009724,0.0331551651774003,0.1037772375087023,0.1035435904258659,0.0836363606132252,0.26702068477787,0.1766566722607349,0.442055255581506,0.3107276183066314,0.3092764764820482,0.3276830208118607,2.85988017203921,1.9802962187639324,2.917338774228854
W5710,5,0.8744058893718476,1.2850111554948114,0.5314006002581702,1.2883558040696057,0.0,0.0,1.1139290811947278,0.0,0.0,0.4992068275151499,0.5357385668110196,0.0,0.0,0.4557542839548731,0.3128217724735066,0.0,0.0,0.4294431990058474,0.0,0.0,0.0,0.7094523030740576,0.0,0.0,0.0,0.0,0.0,0.0,0.225097773720768,0.3010328746700774,0.0634346608107782,0.1288029884714868,-0.0673383564262587,-0.0281408302899288,0.114013520990597,0.0151376186840893,0.125510248995392,0.1170846723930337,0.1772189832580622,0.150558965051378,0.1949545854254423,0.1617206577459965,2.97373223939186,1.482473039749414,3.234241242589955
W5710,6,0.5206119697080586,0.938492383695675,0.4281616305127548,0.9744403987329442,0.0,0.0,0.6987103903419725,0.0,0.0,0.3016484062957875,0.4067463306016703,0.0,0.0,0.2978850822690442,0.2253853089238674,0.0,0.0,0.2692072082856135,0.0,0.0,0.0,0.4245635302152238,0.0,0.0,0.0,0.0,0.0,0.0,0.1857199091828054,0.2341477322528473,0.0164929971928056,-0.0133409140139634,0.117274467026631,-0.0035898778502034,0.1526020404503539,0.0454261783472486,0.1122679555466616,0.0264579159749144,0.127686318646664,0.1136284137524392,0.1162558064700288,0.1122871283955608,2.644284135849059,1.5206150201904227,2.727160723592191
W5795,0,0.1666666666666666,0.1666666666666666,0.1666666666666666,0.1666666666666666,0.0,0.1666666666666666,0.1666666666666666,0.0,0.1666666666666666,0.1666666666666666,0.1666666666666666,0.0,0.0,0.1666666666666666,0.1666666666666666,0.1666666666666666,0.0,0.1666666666666666,0.1666666666666666,0.1666666666666666,0.1666666666666666,0.0,0.1666666666666666,0.0,0.0,0.0,0.0,0.0,0.1666666666666666,0.0,40.0,0.0,0.0,0.0,0.0,0.0,0.0,0.0,0.0,0.0,0.0,0.0,0.0,0.0,0.0
W5795,1,0.2871127124661316,0.2604746691836417,0.3033090916927626,0.2765775292391259,0.0,0.2541462505733373,0.2759654012970688,0.0,0.2647383087376674,0.313651962054647,0.2517774787648433,0.0,0.0,0.2748842953847327,0.2676247438994051,0.2131635907735871,0.0,0.2679321862907502,0.2692268212132336,0.2093946706826438,0.2499691724269555,0.0,0.2517565989837599,0.0,0.0,0.0,0.0,0.0,0.2311019482130407,0.0,26.719644504788672,0.462795037889204,0.7804907927603117,0.5517220250493453,0.9546972915167417,0.4375820085462227,0.6542860988785506,0.5866959623740305,0.3534125523369725,0.07188897484621,0.2507857141937051,0.0122172221534776,0.4428335788246124,0.3317423394486072,0.3790769372327144
W5795,2,0.9004911553164681,0.788343966973363,0.6149781522728225,0.6766064107217923,0.0,0.8808331474767648,0.8248373813926901,0.0,0.8281835902284547,0.5883171579041148,0.4461864405109554,0.0,0.0,0.5564915503981619,0.3336055982388597,0.3063977812594035,0.0,0.514069172364241,0.3663413733310581,0.3414749531333082,0.4579528137226913,0.0,0.4087516909563478,0.0,0.0,0.0,0.0,0.0,0.4030080049050628,0.0,14.255960881090566,0.9052099404932648,1.2144597953828276,0.8268818006519709,1.5052768356554702,0.8744542690042447,1.4372669692324214,1.4547385736178662,0.6896629011084856,0.406792954129238,0.4699904760396527,0.382994874837032,1.2343528643789978,1.0507776046101345,1.6495066994155367
W5795,3,1.392192097125012,2.042375914539918,1.1022138831051975,1.130555208515668,0.0,1.6472805585182608,1.7670150632571429,0.0,1.6818111995729126,0.8127581372686248,0.6100886488060578,0.0,0.0,0.7110646360021574,0.5579388614596629,0.230292679015993,0.0,0.6867704735847725,0.439392604252025,0.4427540733208366,0.6115518721626625,0.0,0.4951000594801529,0.0,0.0,0.0,0.0,0.0,0.5270664992606495,0.0,-0.0010081467292323,0.208881821387009,0.4450923376526697,0.2537842187630308,0.4604157119605793,0.2553221142297568,0.7935035169440388,0.7525471861304814,1.0976343362880785,0.5585778951237137,0.4694126323376635,0.6591022728528777,2.712520666921562,1.8687751575224807,3.2952863088197386
W5795,4,1.0746592745091912,1.3109421551154,0.5960681273688012,0.8880516522354254,0.0,1.0753014170946664,1.14742328807169,0.0,1.313246887334395,0.5530472784330481,0.5384895968834577,0.0,0.0,0.6488714828950854,0.4055162904106428,0.1626778403116982,0.0,0.5091488145044962,0.3337088589600882,0.2987805294449779,0.4562341295400938,0.0,0.3208125830013542,0.0,0.0,0.0,0.0,0.0,0.3541108016176528,0.0,0.0303238126511112,-0.0070963060841402,0.1040612567434365,0.079157480399174,0.0995101824738819,-0.0110512956134018,0.2590159613731998,0.1549827998951798,0.670483279670325,0.4291248854508713,0.354293154918529,0.3435658085701788,2.855901189865272,1.887785771653975,3.890686097622394
W5795,5,0.6205165562850032,1.2140609088758323,0.4267631500699549,0.8742956887279829,0.0,0.626441328216849,0.7645195919390244,0.0,0.8103736038150734,0.4330610941652485,0.4698536539843824,0.0,0.0,0.3620662655063502,0.3553518205911236,0.1112601962099489,0.0,0.3422863627220231,0.2274602566582424,0.2457587011332521,0.2823894496007276,0.0,0.2185992431226046,0.0,0.0,0.0,0.0,0.0,0.2206820478314967,0.0,0.0236779771842585,-0.0412288083795555,-0.0711857649184506,0.0468677087139599,0.0354676283228448,0.0101240766925717,0.053944234876354,0.0596734323452634,0.4559891673916171,0.2433083527032509,0.1600627015745858,0.1612382639144403,3.1516422555894685,1.831286107114531,3.08437025947588
W5795,6,0.3828974979673379,0.7640738331771865,0.3344218130838578,0.7537014649477095,0.0,0.4059436597761558,0.46319565393677,0.0,0.4824368723887127,0.2379790688754343,0.3433362323827893,0.0,0.0,0.2748419441907601,0.2742161755781379,0.0583183152068304,0.0,0.1957084787504922,0.1413948497632973,0.1414372019592548,0.2128790248451088,0.0,0.1164976714024808,0.0,0.0,0.0,0.0,0.0,0.1330237356383226,0.0,-0.0818120691011698,-0.0155432617314263,0.0408224877220185,-0.0215750282519226,0.0271303475583253,0.0398419969040232,-0.0475748641112383,0.1214521472326975,0.2153812245818035,0.0526220843049277,0.0748281307919562,0.1795072182312356,2.512721993804015,2.0679164017506597,3.3236530627636616
W5846,0,0.1875,0.1875,0.1875,0.1875,0.1875,0.0,0.0,0.1875,0.0,0.1875,0.1875,0.0,0.1875,0.1875,0.1875,0.0,0.0,0.1875,0.1875,0.0,0.0,0.1875,0.0,0.0,0.0,0.1875,0.0,0.0,0.1875,0.0,40.0,0.0,0.0,0.0,0.0,0.0,0.0,0.0,0.0,0.0,0.0,0.0,0.0,0.0,0.0
W5846,1,0.3283937428591744,0.3849567920884405,0.3299262327535585,0.2677907845203227,0.3742081722758783,0.0,0.0,0.3329465572968795,0.0,0.3590725329150479,0.2572212187692718,0.0,0.2647903261727074,0.2631632629760467,0.2965252554820695,0.0,0.0,0.29400120270927,0.2389240846685906,0.0,0.0,0.2778525811819967,0.0,0.0,0.0,0.2263576228538778,0.0,0.0,0.2943602611417339,0.0,31.262151325253267,0.3415010467204086,0.7240510382057954,0.5569787318165457,1.1082426315700968,0.344897814985783,0.6573632394401108,0.6184940474057212,0.0513207548797224,0.0755399133728793,0.1854674519944278,0.0625561587809987,0.4651840349807397,0.4438729835767584,0.6037875380148178
W5846,2,0.9221478827567946,1.0270349600778776,0.6952797109848817,0.7107503954281523,0.9905013807333978,0.0,0.0,0.7994090025279483,0.0,0.7101778664911846,0.5054229531146051,0.0,0.3858991611447552,0.5654506592805874,0.3711211320488947,0.0,0.0,0.5199379854216565,0.4665166216290775,0.0,0.0,0.7884263985579087,0.0,0.0,0.0,0.5908374754863135,0.0,0.0,0.4679910652524727,0.0,12.086084461509886,0.5057622747479349,1.823157560303557,0.9076797600073678,2.1642704626556752,0.6802565150168853,1.2955028285712236,1.3044137271910652,0.4502966475243661,0.2755749758566264,0.3348752070046899,0.3172816040514016,1.3808575658187174,1.2077899152325804,1.849653249643921
W5846,3,1.5720292128491726,2.370668679517032,1.1783456947791338,1.0956708066424088,1.726245843548888,0.0,0.0,1.7285085136759264,0.0,1.049930103642383,0.5586145019563274,0.0,0.3439597737779303,0.6117979143031307,0.5446615078068477,0.0,0.0,0.8008821101416826,0.5522898146528907,0.0,0.0,1.1768493668807292,0.0,0.0,0.0,1.0229810543597588,0.0,0.0,0.5135725893928432,0.0,0.1684135806098669,0.1519219331795041,0.5827155158674204,0.2662010959996559,0.5435548632758597,0.3507195027138177,0.8155506296003191,0.6898889390452769,0.6331098938520862,0.514971179146453,0.477618850880716,0.4427869154212902,3.158919020701892,2.062557824768542,3.489155300178013
W5846,4,1.2876770888156814,2.005829533864299,1.0006378184003113,1.0678150534695874,1.444827069967489,0.0,0.0,1.2393556164116155,0.0,0.7002508562493954,0.4961133306396346,0.0,0.2469105969231476,0.4611147889343582,0.4509225946075854,0.0,0.0,0.5437908295252252,0.3860610244313688,0.0,0.0,0.7415214463180756,0.0,0.0,0.0,0.7681653066476394,0.0,0.0,0.3475007331901052,0.0,0.0129922693853426,0.0230736855672709,0.1224366678571807,0.0364265501969939,0.1328832647358263,0.0084971608040042,0.2037059219377563,0.0957216125501922,0.3236241209139389,0.2298079617443053,0.065523005949291,0.3067776281976453,3.013211262668537,1.2261602201971864,3.421884939604119
W5846,5,0.7162621038033888,0.9298584800058722,0.6814291440139422,0.8897953612552382,1.0516556948403522,0.0,0.0,0.867279782261394,0.0,0.5225533101967846,0.4415418804130927,0.0,0.2253340655074189,0.4123203046912396,0.3006380911034794,0.0,0.0,0.3323483624222675,0.2220468956508445,0.0,0.0,0.5300608851087242,0.0,0.0,0.0,0.7373825835990955,0.0,0.0,0.2314134054970514,0.0,0.0222623935675259,-0.0043528240593246,0.041663381289172,0.017086527472847,0.0002150124941551,0.0375615385108165,0.073457042891321,0.0091461804179155,0.1477820434230101,0.0514031247182598,0.0837480914818862,0.1618844993411594,2.4589648665355983,1.3301177119115863,3.47000522859375
W5846,6,0.4376475888331851,0.879352110478184,0.3848045513876025,0.7674799641657652,0.721168731505184,0.0,0.0,0.4999403961736147,0.0,0.3187957803953117,0.2858760695270904,0.0,0.1354147441730755,0.2079635332782836,0.2044724419525458,0.0,0.0,0.2348796042516605,0.1613954929343871,0.0,0.0,0.316326525019256,0.0,0.0,0.0,0.4970265397361192,0.0,0.0,0.1723877208350137,0.0,0.0280745700186069,-0.0326465462365252,0.0802365694101341,0.0082500132489912,0.1427813333441244,0.0302596965403677,0.080993366352611,-0.0493327656120249,0.1090914159426328,0.1309910896089448,0.0710187517145118,0.1548550623415594,1.9665608988254928,1.160447569239463,3.2401603810939625
W5851,0,0.1875,0.1875,0.1875,0.1875,0.1875,0.0,0.0,0.1875,0.1875,0.0,0.0,0.1875,0.1875,0.0,0.0,0.1875,0.0,0.1875,0.0,0.0,0.1875,0.0,0.1875,0.0,0.0,0.0,0.1875,0.0,0.1875,0.1875,40.0,0.0,0.0,0.0,0.0,0.0,0.0,0.0,0.0,0.0,0.0,0.0,0.0,0.0,0.0
W5851,1,0.3405352445109812,0.2901504025099831,0.3535269028734287,0.3118483082815738,0.3106277529730443,0.0,0.0,0.3362178530716269,0.3559728849361172,0.0,0.0,0.3873780797511412,0.2020056675920887,0.0,0.0,0.264228960173072,0.0,0.311201661133842,0.0,0.0,0.313775912580172,0.0,0.2975907324048195,0.0,0.0,0.0,0.2467589535796478,0.0,0.2745484470325843,0.2860159394134433,27.98571261911927,0.3892157454806622,0.9625036302026092,0.5366027697767329,0.8268782918178715,0.3548376059679381,0.6789829956940949,0.4153357841107101,0.3035450979097961,0.1774641790331862,0.130478922642294,0.0739196690983395,0.3954516828788019,0.526435585048865,0.2824938466895066
W5851,2,0.819699068184014,1.0297482082556808,0.6781128489974756,0.7358480014027393,0.889677466749791,0.0,0.0,0.8548751634776192,0.8334646583380227,0.0,0.0,0.4706646254317892,0.317836120551972,0.0,0.0,0.3228536676180556,0.0,0.5826966751925402,0.0,0.0,0.5729307919627269,0.0,0.5164105927520701,0.0,0.0,0.0,0.4886430860842518,0.0,0.4529064300937483,0.5372252796430815,12.163364544059611,0.6712163123128267,1.6190961889938305,1.1659615576722984,1.600023894969086,0.9135708008666656,1.844794930120339,0.751435233378037,0.7217470079458495,0.4114237240486277,0.403685822235258,0.3514819724509055,1.2292414830484242,1.4172487335683883,1.4513789859792705
W5851,3,1.4125427420909469,2.615749529110777,1.277908208200825,1.066257535954342,1.7722490192107934,0.0,0.0,1.7795782208539754,1.653449641881171,0.0,0.0,0.489060275215314,0.3442348829293704,0.0,0.0,0.2744387479552863,0.0,0.7787911887853022,0.0,0.0,0.6475830819034526,0.0,0.5693237758450643,0.0,0.0,0.0,0.64487238899577,0.0,0.5326734113698189,0.7797217083438321,0.0601045619058459,0.210841582934368,0.5300947658270959,0.4652742520656507,0.508371601476282,0.2642109242966812,0.9578748501364118,0.4612882857921633,1.050615682149723,0.4717501887970025,0.2743207008981642,0.6956818859928177,2.6097994174218924,1.8305536613901936,2.914166746389979
W5851,4,1.1843268182923143,1.8595514486882885,0.9480605500885166,1.0873116356167152,1.550822635111937,0.0,0.0,1.1584572951672556,1.4161823794310964,0.0,0.0,0.3326528262901858,0.342245368407422,0.0,0.0,0.21181884699338,0.0,0.5963786192749851,0.0,0.0,0.4734798133710156,0.0,0.4754947106724438,0.0,0.0,0.0,0.4507350662841336,0.0,0.3913957667018291,0.4456307902522216,-0.0060942326030877,0.114494687495733,0.0968228261661052,0.0556610046639875,0.0647213376974432,0.0752506501363873,0.1601084588767829,0.1044143616022943,0.5909479297280559,0.2630141239287937,0.1325576341727006,0.527833889628215,2.386888106736534,1.7768653537060513,2.7493994778932844
W5851,5,0.7639456846386476,1.2231408723201465,0.6591420868255341,1.130085651089731,1.0638755382871905,0.0,0.0,1.016122434537916,1.0715462594080585,0.0,0.0,0.2268215207344165,0.2686644508934501,0.0,0.0,0.1283964061325661,0.0,0.3724057374022381,0.0,0.0,0.3098166646606942,0.0,0.2881400406513172,0.0,0.0,0.0,0.3584734037765206,0.0,0.2382476035396145,0.3779261130247517,0.0546335141259981,-0.0417067939301463,0.0713298437455638,0.062032607867048,0.0635178861288248,0.0314188801192872,0.050750372616727,0.0456348030495238,0.5145069551022982,0.1683857551221864,0.1202705203255013,0.3503007285021827,2.2052093552906693,1.5497634228451425,3.556911947908972
W5851,6,0.4803138947262561,0.9696994317152838,0.3695912540466473,0.7342857535242884,0.6391757555871617,0.0,0.0,0.4886454597580195,0.5816860884922141,0.0,0.0,0.1234517643168822,0.1997802892164701,0.0,0.0,0.0837511624175902,0.0,0.2285116613199163,0.0,0.0,0.238401334398304,0.0,0.1420617481331748,0.0,0.0,0.0,0.2490240926623254,0.0,0.1853737855137016,0.1787001975117637,0.0371044582807006,0.0067354777129593,0.1161667787892003,0.108659649130563,0.1660728943860077,-0.0271060023142767,0.0530492621521089,0.0507589307354773,0.3093822060099777,0.1434903168635987,0.0516198715163051,0.3390339628380787,2.163542367963348,1.0321697316607763,3.302126054710236
W5900,0,0.1428571428571428,0.1428571428571428,0.1428571428571428,0.1428571428571428,0.1428571428571428,0.0,0.1428571428571428,0.1428571428571428,0.1428571428571428,0.0,0.1428571428571428,0.0,0.1428571428571428,0.1428571428571428,0.1428571428571428,0.1428571428571428,0.0,0.1428571428571428,0.1428571428571428,0.0,0.1428571428571428,0.1428571428571428,0.1428571428571428,0.1428571428571428,0.0,0.0,0.1428571428571428,0.0,0.0,0.1428571428571428,40.0,0.0,0.0,0.0,0.0,0.0,0.0,0.0,0.0,0.0,0.0,0.0,0.0,0.0,0.0
W5900,1,0.2476640142852132,0.2332720902502406,0.2452495225455713,0.2358097309858925,0.2492765988224458,0.0,0.2610073240355349,0.2604153313540166,0.2301239692901271,0.0,0.2338567676806628,0.0,0.178663635681717,0.2032238422754146,0.1756040974690198,0.1694931409031537,0.0,0.2061867491152028,0.1874420736413797,0.0,0.2154863103445325,0.2041115972347194,0.2574867042411036,0.1913466087366204,0.0,0.0,0.2384997061939536,0.0,0.0,0.2146971892639905,26.279720608768784,0.5447496225665094,0.8039485724875113,0.6006136288742163,0.950279601912829,0.3893894900804202,0.6965163151236872,0.5124913760563612,0.2453821360229801,0.1101898627549554,0.0715071883774884,0.0569134850619214,0.4084107703892952,0.3427492523121795,0.3751528488668672
W5900,2,0.7333075466542246,0.822765180210874,0.5618021452547466,0.5116429495314796,0.6377317231206643,0.0,0.8994618530941113,0.5735228819566918,0.8587282919357785,0.0,0.3082204753431747,0.0,0.2361359886691818,0.4117679042674296,0.3967786187963346,0.2456983184006363,0.0,0.4766723291872605,0.3083210280759851,0.0,0.344117936937395,0.4314922821937715,0.3480178226134002,0.3338884361793359,0.0,0.0,0.3773860688059468,0.0,0.0,0.3398851437096881,14.687660194841538,1.096940580945005,1.3506096384213515,1.030235861472708,1.888093842698552,0.9262338253886568,1.920252953808762,1.3032715379543611,0.7723861491156009,0.4163051011966964,0.3357722917562446,0.2792313691102706,1.768921956906194,1.5064345152652596,1.5396517074480949
W5900,3,1.3366258876312471,1.6373791159656876,1.0505711625847862,0.8210740669763739,1.3216751203696309,0.0,1.4883276363199327,1.2428510295708062,1.429696938658177,0.0,0.4800738487385658,0.0,0.3365958003804796,0.5453356310906167,0.4504721024818299,0.270256876947982,0.0,0.5167552480290037,0.4743322152565916,0.0,0.4942745220217713,0.8169022182721393,0.5168997712446562,0.2648828079115529,0.0,0.0,0.5645108060666606,0.0,0.0,0.4362854687913819,0.1148324792909594,0.2192085950167442,0.490785202510489,0.3522003344495912,0.4935792358673724,0.3034295199238527,0.8408400913625824,0.5753579414353766,0.9190055327476828,0.6550756550584296,0.4376573862317485,0.46596873893111,1.99372290398562,2.003344446822199,3.026693426295281
W5900,4,0.8904989534735377,1.5460844919421268,0.7920500497602384,0.8214817596900494,1.2868952081236706,0.0,1.0631425777324282,0.9939850870457458,1.397772842228722,0.0,0.3598777323185389,0.0,0.2903267363706211,0.4850809640234095,0.3658284449882097,0.1519959162638645,0.0,0.3969375540265261,0.2473081429714765,0.0,0.418862612888387,0.6174352510508981,0.3341996161879502,0.2130746904591681,0.0,0.0,0.3304875236309029,0.0,0.0,0.38172554292946,0.021700850234977,0.0906472985168151,0.0805909472508556,0.0345019216418177,0.0928059259059767,0.012587329402042,0.2268285350956784,0.0817221369926061,0.4350178818034917,0.4153530260738495,0.1730079332800366,0.407718530299066,2.5280526595456165,2.2551277106409904,3.030237458244049
W5900,5,0.6004939649394568,0.945597305397936,0.3990720090514793,0.7428089345556835,0.7023686367266371,0.0,0.7386159887469774,0.7039739409082789,0.61419042793167,0.0,0.3341680989653377,0.0,0.1954811367903466,0.3357701340382244,0.302745394146131,0.0996009475656766,0.0,0.2578876735909308,0.1982079907855742,0.0,0.2750695073916783,0.381769680535622,0.2047787929692401,0.1296435614963664,0.0,0.0,0.2308715754219927,0.0,0.0,0.1913295614391997,-0.0055421548234023,0.0674977302412042,-0.0065587061734043,-0.0197290765568685,0.151354707180268,0.0647013579017031,0.0062590891197387,0.0797125555446666,0.2835069275678434,0.1355978622820418,0.0461169832451292,0.1434970897334536,2.6248334208163637,1.7165422490759843,3.7475820770206183
W5900,6,0.3721000078508638,0.6118730424772604,0.2711138315147373,0.5156459649148366,0.4958931848172367,0.0,0.4595212653540845,0.4950163480709562,0.5017329415512887,0.0,0.2488341915779297,0.0,0.1664634120687462,0.2350144408846224,0.1975188346714068,0.0580535769755691,0.0,0.1790417463553189,0.1276380798621664,0.0,0.1692147355743599,0.2886317038344969,0.1071076286353073,0.0831678748046731,0.0,0.0,0.1780212182730426,0.0,0.0,0.1600294305314629,0.026358127719001,-0.0572411337945449,0.1025519593562812,-0.0185508662219115,0.0603575510514021,0.1178802705639132,-0.0398299535691163,0.0181410300786004,0.0957790481981141,0.1330252308719235,0.083823381377452,0.0725430043976092,2.0691305327469,1.7316934339957375,3.520280174696713
W5911,0,0.2142857142857142,0.2142857142857142,0.2142857142857142,0.2142857142857142,0.2142857142857142,0.2142857142857142,0.0,0.0,0.0,0.0,0.0,0.0,0.2142857142857142,0.0,0.2142857142857142,0.0,0.2142857142857142,0.0,0.0,0.2142857142857142,0.0,0.2142857142857142,0.2142857142857142,0.2142857142857142,0.0,0.0,0.0,0.0,0.0,0.2142857142857142,40.0,0.0,0.0,0.0,0.0,0.0,0.0,0.0,0.0,0.0,0.0,0.0,0.0,0.0,0.0
W5911,1,0.4185144771178807,0.4444670635351244,0.3663956030539026,0.3541469154770665,0.4154074362361845,0.3447193661511559,0.0,0.0,0.0,0.0,0.0,0.0,0.2369403251041245,0.0,0.2509880084589479,0.0,0.375325263845027,0.0,0.0,0.2455353135483757,0.0,0.4065022061959337,0.3097378309846184,0.3213661420669373,0.0,0.0,0.0,0.0,0.0,0.3832597323937038,25.58941075460985,0.4815616620078319,0.720034842257923,0.8476042988079532,0.8299919590229862,0.3159174771111398,0.3460421975410183,0.5635049390070849,0.2099665017236575,0.2504521861525358,0.2746708639273445,-0.057585861718496,0.3357361913043487,0.2705527745198523,0.5686176592237778
W5911,2,1.1255792712616337,1.1355702184152112,0.8450731127985737,0.8615233709680518,1.1049181483029944,1.1841694290624352,0.0,0.0,0.0,0.0,0.0,0.0,0.4285246451747304,0.0,0.4771560168686224,0.0,0.5854011628482207,0.0,0.0,0.4555720188998057,0.0,0.8480256864116329,0.4484882328628359,0.3274716739070624,0.0,0.0,0.0,0.0,0.0,0.5160145172033503,12.43119627298041,0.7856985748778653,1.4501325561249905,0.9820269114612388,1.403943587477748,0.8039857214629985,1.0709603880957383,1.1980288313557697,0.5927754778146654,0.9350931170658122,0.3860211187371299,0.2602960307471937,1.124560332636107,1.1261137510271677,1.8724593465442532
W5911,3,1.6489050603904636,2.624621049162107,1.280372683443623,1.2663370034669428,1.9996148271326424,1.5484398579559764,0.0,0.0,0.0,0.0,0.0,0.0,0.5775980425817449,0.0,0.5197962920772345,0.0,1.0219705948638351,0.0,0.0,0.5967330512168483,0.0,1.3721655377579522,0.6659850500508562,0.3897893572695489,0.0,0.0,0.0,0.0,0.0,0.7811055019539083,0.1153228484445247,0.2260635424942897,0.5069333040272753,0.2252751705101126,0.4536142175116843,0.3738156149381414,0.8898229503019608,0.6946852061707579,0.5216292402422663,1.307765629506621,0.4978992606464242,0.1940024513482843,2.3763234222560508,1.9383894606673304,3.6136562881857097
W5911,4,1.2784096017803286,2.06765271206984,0.8667354211036552,1.3460212989431837,1.432638381918702,1.3057619258421995,0.0,0.0,0.0,0.0,0.0,0.0,0.5023432716013245,0.0,0.4777315392024427,0.0,0.6979041039855478,0.0,0.0,0.3936942356472415,0.0,0.9420995790881672,0.4508323007390373,0.3267144544054495,0.0,0.0,0.0,0.0,0.0,0.6367364784857888,-0.0219732609726166,0.0306304703602581,0.0614000190774343,0.0747992973985829,0.1090745174892296,0.1043772314768394,0.2423925169903877,0.1874258979636159,0.1996066913459363,0.5845721905524993,0.2350300966631289,0.131025039544651,2.814260716628286,2.001755867319917,4.38423669494747
W5911,5,0.8006351834951548,1.5172130566821669,0.6203556120084824,1.2623015606263932,1.0470175736168563,0.9464290721787884,0.0,0.0,0.0,0.0,0.0,0.0,0.3627942151610603,0.0,0.3286988460131902,0.0,0.4026200088589123,0.0,0.0,0.2510118128991829,0.0,0.5353142154090427,0.329472355182262,0.2253228645089282,0.0,0.0,0.0,0.0,0.0,0.4037843936583697,-0.1084431607864629,-0.0802101898620488,0.0099024728012407,-0.0772688471995711,0.0377067881021511,0.0990218983771858,0.1225161906444751,-0.0085365703623747,0.1472373026672314,0.3939588232418387,0.1453877711821387,0.136212614514104,2.19378861723294,1.7388508647745335,3.72600896193802
W5911,6,0.482020455408555,0.8663332218090035,0.3305072044666024,0.8853864799696511,0.7530741845270985,0.6284325961625872,0.0,0.0,0.0,0.0,0.0,0.0,0.2769765156357381,0.0,0.1568492269257216,0.0,0.2762221359241756,0.0,0.0,0.1640345121378766,0.0,0.2890779019306819,0.1889206341682988,0.1227105366598265,0.0,0.0,0.0,0.0,0.0,0.2646821329414876,0.0277207837774204,-0.0423394017478508,0.0919555396115524,-0.0580623109396672,0.1570278144768956,0.0737715349953891,0.0420974125852036,0.0249306583286775,0.0863924431775089,0.1568876245387636,0.1274767296822795,0.0862970972974976,1.7746972633461648,1.284493985163313,4.022826563508612
W5938,0,0.2,0.2,0.2,0.2,0.2,0.2,0.0,0.2,0.0,0.0,0.2,0.2,0.0,0.0,0.0,0.0,0.0,0.0,0.0,0.0,0.2,0.2,0.0,0.0,0.2,0.2,0.2,0.2,0.0,0.0,40.0,0.0,0.0,0.0,0.0,0.0,0.0,0.0,0.0,0.0,0.0,0.0,0.0,0.0,0.0
W5938,1,0.3875715841383466,0.3640270333649564,0.3613621233307996,0.2831197036639666,0.377427817416309,0.3196038756004372,0.0,0.3417148604799678,0.0,0.0,0.2568764181102584,0.2906725583006196,0.0,0.0,0.0,0.0,0.0,0.0,0.0,0.0,0.3376507351127037,0.3232101401903676,0.0,0.0,0.3267021253415091,0.3357174608131996,0.2872243763127755,0.2968378879877085,0.0,0.0,28.824522492427867,0.3269343704653525,1.0847666107738068,0.6686215216419406,0.776340580158739,0.4311423896625711,0.5125734926686547,0.8611651508456497,0.1185637050550954,0.155127476775046,0.0935996726933241,-0.0509275637875887,0.5604775723313994,0.4141106661360299,0.3740887305221735
W5938,2,0.7804673791010643,1.1555589559047474,0.9039954360225272,0.8387077149053634,0.989450679390125,0.9938556818793668,0.0,1.0521249570142577,0.0,0.0,0.4250437984575858,0.4036438570092052,0.0,0.0,0.0,0.0,0.0,0.0,0.0,0.0,0.5860611797210483,0.6937839478124401,0.0,0.0,0.5550757636645886,0.6049223636823114,0.4936810357726765,0.588593395312663,0.0,0.0,12.288372107800289,0.4316521581570096,1.8224499943500068,1.287686710653209,1.2989461453109092,0.7538887367750332,1.3521135545973952,1.379756087756452,0.5402933728596658,0.5479068729827281,0.2416685528288281,0.2695886511970262,1.6448429550353298,1.2373013208110497,1.7019477905374278
W5938,3,1.3660906250764282,1.766360917368351,1.2346955689878558,1.2728775701173016,1.7131602326045052,1.6662808411282122,0.0,1.67131892825463,0.0,0.0,0.7285831192830343,0.3623132230903402,0.0,0.0,0.0,0.0,0.0,0.0,0.0,0.0,0.6669154403128158,0.9209157168457252,0.0,0.0,0.7781210086699948,1.035887331822284,0.5797821094797909,0.673329773164473,0.0,0.0,0.0933246055352509,0.0436189795927815,0.2716898471407468,0.2108234668878914,0.3506002361485035,0.2168799667791714,0.8352638419241879,0.527240481052875,0.7375428354651247,0.6374768535204528,0.2051112138598489,0.4557625767125215,2.767152847569096,2.411018444086872,3.207654393632097
W5938,4,0.7851050872685638,1.7976336547675018,0.7974938715364833,1.287909695106607,1.3793086239655692,1.0745836786893963,0.0,1.0478297188850292,0.0,0.0,0.5548526956627191,0.2190212585970978,0.0,0.0,0.0,0.0,0.0,0.0,0.0,0.0,0.4376488868965589,0.6981040577892513,0.0,0.0,0.5299511224396066,0.9082142501936604,0.347275611994443,0.4756367520176555,0.0,0.0,0.0312919109627606,0.0145932350687636,0.0522441566578765,0.0183283841466221,0.0854815309443104,0.0573712276921553,0.1224827661277413,0.0636221641222934,0.5030670993175241,0.1939259201897523,0.1706119701824982,0.3478098208137404,2.9725153940603914,1.799102636015398,3.1328697253728808
W5938,5,0.5419363526377426,0.9906346989432486,0.4660408040576754,0.907114142107933,1.0901740782039742,0.793178615417555,0.0,0.8859542850824109,0.0,0.0,0.4542041582195396,0.1596318936986001,0.0,0.0,0.0,0.0,0.0,0.0,0.0,0.0,0.2910130199475839,0.4559573356202752,0.0,0.0,0.3077671526690919,0.7743445709770734,0.2191805450403467,0.367993246175049,0.0,0.0,0.0315177210006174,-0.0365392371574651,0.0044074529390644,0.0319581880202511,0.1790105860854486,-0.0914495634890684,0.0874166257200258,0.062154375717529,0.3416471551518012,0.2233334163424964,0.0193894476218609,0.3289928119044216,2.510152923015992,1.868999022336548,2.8472553530860223
W5938,6,0.3746809863577954,0.679470650609135,0.3219373833351575,0.9322289252202508,0.7239911947621893,0.4701454961181964,0.0,0.5366141054322517,0.0,0.0,0.3286659292707147,0.1155030342548779,0.0,0.0,0.0,0.0,0.0,0.0,0.0,0.0,0.2070219047637125,0.3087717147555228,0.0,0.0,0.2150599630258099,0.576527265332852,0.1590044870121319,0.2308042351301888,0.0,0.0,0.0435218805219325,0.0370418249115443,0.0057403621735027,0.0153081565349487,0.138098419414512,0.0303921425688634,-0.0112133222704378,0.0386323626031557,0.3228176313912384,0.1991214633060745,-0.021608531006917,0.2000795502167004,2.3577760316599576,1.386241910116573,2.703137936599656
W5940,0,0.1875,0.1875,0.1875,0.1875,0.1875,0.1875,0.0,0.1875,0.0,0.0,0.1875,0.1875,0.1875,0.1875,0.0,0.1875,0.0,0.1875,0.0,0.1875,0.0,0.0,0.1875,0.0,0.0,0.0,0.0,0.0,0.0,0.1875,40.0,0.0,0.0,0.0,0.0,0.0,0.0,0.0,0.0,0.0,0.0,0.0,0.0,0.0,0.0
W5940,1,0.3204173653432081,0.4428217627109668,0.3490802629087716,0.3013326174674616,0.3151123022806689,0.3056887343255499,0.0,0.3327861843001815,0.0,0.0,0.3001552242343333,0.2370199735918062,0.2539760993845788,0.2956066013948862,0.0,0.2421080689814232,0.0,0.2526503194069767,0.0,0.2252402156009311,0.0,0.0,0.2769368523331997,0.0,0.0,0.0,0.0,0.0,0.0,0.2844226270613798,28.26930067509229,0.3346640466026758,0.8615399948604047,0.72414896139309,0.92412952119923,0.3001095097888733,0.4116979496928412,0.6414022923470948,0.3047347513313223,0.1878403774623895,0.1482699157676006,0.0589997411321331,0.3869992889397179,0.3563707395934221,0.5507791139389292
W5940,2,0.9498032942464116,1.018527784931775,0.7551187124882309,0.7884685874352861,0.8698889933381425,0.988978959153063,0.0,0.8522707744263417,0.0,0.0,0.4421589436135381,0.4822088964058373,0.3389854415786664,0.5760989341030084,0.0,0.2584023543021968,0.0,0.5574334741078545,0.0,0.4651297874233315,0.0,0.0,0.5537004308695679,0.0,0.0,0.0,0.0,0.0,0.0,0.4502219883909077,15.45382113540857,0.5911290093953083,1.411730947548054,1.2111320383743025,2.1992547043694595,0.718290426922274,1.2168775038677002,1.1217374875238466,0.6476633443195869,0.648657752392733,0.3925060386488548,0.2848571519905992,1.2658085507976875,0.9988910690280616,1.9198088076552369
W5940,3,1.6429658561655192,2.219768256997104,1.303939992149476,1.3650337916743482,2.046226519637554,1.65332516836288,0.0,1.4260797298636592,0.0,0.0,0.5876068482986835,0.4415865420793787,0.3950251471864301,0.9240866496289006,0.0,0.292570713512289,0.0,0.783553952580244,0.0,0.5961435556938862,0.0,0.0,0.6563933138943314,0.0,0.0,0.0,0.0,0.0,0.0,0.5433180201775688,-0.0040861646077756,0.1358984004644209,0.5841207805963439,0.3703758819118566,0.573596515326681,0.3865269104283491,0.8972554711270285,0.4525762858246897,1.2030528235104034,0.6294456422736848,0.4061841065494091,0.5146552156322344,2.533800117414783,2.093620759088663,3.503534019751789
W5940,4,1.0810506959924966,2.043116643965502,0.8826856559664414,1.4296224205603167,1.1879976270120698,1.3901287348230509,0.0,1.2705529664976734,0.0,0.0,0.591481631824515,0.3140249880391325,0.3356975131738531,0.67705187526292,0.0,0.153226279884625,0.0,0.4818693459840514,0.0,0.3672913204589678,0.0,0.0,0.4059238758450432,0.0,0.0,0.0,0.0,0.0,0.0,0.4630386763248021,0.0429105163709144,-0.059645072448019,-0.0029599768130197,0.0658894585139464,0.2047290051263175,0.0701574616564247,0.1435487712148898,0.085742330829888,0.5471811893973654,0.3066027932980005,0.1471093730451022,0.2190338652748939,2.5962886815188844,1.806839707293861,3.840861796995224
W5940,5,0.7332054898462309,1.4895434515144474,0.6278748496031457,0.959009396710324,0.8817482295039833,0.7527247578299107,0.0,0.8316787229991746,0.0,0.0,0.4170916238865987,0.1969229034536881,0.2492244553506641,0.5053572114474183,0.0,0.1205296533852074,0.0,0.3808679345072309,0.0,0.2478736399951376,0.0,0.0,0.2832003021542441,0.0,0.0,0.0,0.0,0.0,0.0,0.2605563076536997,0.0573605333074555,-8.58221728690118e-05,0.0202718177052894,-0.0351669047791693,0.1212253835134372,0.0766910527272481,0.060960498215669,0.0205141367711192,0.3085420311716597,0.1165471321227141,0.1054278561614434,0.2689114503917506,2.2207373897584133,1.4364833469028144,3.79896708724671
W5940,6,0.4369759023798287,0.8734592111665049,0.373270369773829,0.789434966034993,0.681926881563691,0.428146566871361,0.0,0.5517419871805076,0.0,0.0,0.3378030070367929,0.1272989817022567,0.2137698273925266,0.2913799966180102,0.0,0.0665488443957044,0.0,0.2216089285337394,0.0,0.1872139220525134,0.0,0.0,0.1684711648311455,0.0,0.0,0.0,0.0,0.0,0.0,0.2099250930184522,0.0320950255420011,-0.055232659565875,-0.0103985596516361,0.0100871224384019,0.1424520977837949,-0.0351381806452274,0.0231445031456576,0.0024025674840062,0.2953965008702691,0.1333739613657519,0.1488821789940665,0.2637914400336435,2.3349988418531464,1.762657416723791,3.211958289687628
W5986,0,0.1666666666666666,0.1666666666666666,0.1666666666666666,0.1666666666666666,0.1666666666666666,0.1666666666666666,0.1666666666666666,0.1666666666666666,0.0,0.1666666666666666,0.0,0.0,0.1666666666666666,0.0,0.0,0.1666666666666666,0.1666666666666666,0.1666666666666666,0.1666666666666666,0.1666666666666666,0.1666666666666666,0.0,0.0,0.0,0.0,0.0,0.1666666666666666,0.1666666666666666,0.0,0.0,40.0,0.0,0.0,0.0,0.0,0.0,0.0,0.0,0.0,0.0,0.0,0.0,0.0,0.0,0.0
W5986,1,0.3094360299723748,0.3164971398543943,0.3139905520477455,0.2695026292849263,0.297874558914365,0.2786220412824304,0.3116346187789181,0.28847579110666,0.0,0.2891828946997431,0.0,0.0,0.208062149473168,0.0,0.0,0.2122857412481413,0.2218221377129322,0.268551164863068,0.2399172134351333,0.2254126561673301,0.2565251586948661,0.0,0.0,0.0,0.0,0.0,0.2093234088260471,0.1952310227801577,0.0,0.0,28.181599110619683,0.3529566295947528,1.076885755227771,0.3895957398767839,1.064411307323896,0.4890686577162724,0.2782779766284238,0.558691096628409,0.253743016747602,0.1997145464624639,0.2298087353359326,0.0293345333220195,0.3805148443931014,0.3703495301723488,0.5009793501314853
W5986,2,0.7548599957553035,1.0029311824956442,0.5577821944653192,0.6906920601808283,0.7334050711525302,0.8202603821804005,0.9054023170422276,0.8330364947607327,0.0,0.5647948174007797,0.0,0.0,0.2846802272431118,0.0,0.0,0.2948640420945688,0.5037034118981301,0.4167127915792171,0.4600893056518864,0.3820594180819056,0.5021798353080343,0.0,0.0,0.0,0.0,0.0,0.4457811928846791,0.475003711356534,0.0,0.0,14.023280578992,0.51820554616938,1.8228826054140863,0.8010276208169005,2.163728619295229,0.8346087423954374,0.8316252663156699,1.0637488784052245,0.7243027580959188,0.5860380478919822,0.4668004104507173,0.2260981537417303,1.259281340993479,1.123629761123088,1.7435621886902295
W5986,3,1.3461251093399045,1.850563307189201,0.9424000140502036,1.0177101779231932,1.5738786530199869,1.3040871347568004,1.1988521619164272,1.4380045653205804,0.0,0.722128678159785,0.0,0.0,0.4491620420548365,0.0,0.0,0.2312185928713155,0.7447441699460631,0.6753685854317549,0.5394645546062001,0.4956756915047896,0.6120017432715479,0.0,0.0,0.0,0.0,0.0,0.532847598737698,0.6091669877413843,0.0,0.0,0.0403917417132126,0.1086012320721198,0.342132036778798,0.1961587499888004,0.6276988566959653,0.3922384367739825,0.5374710116574525,0.4345582749546053,0.9098642034243042,0.782473764391207,0.2731396910940486,0.4295229237872565,3.079765276247302,2.348933380172073,3.248087096658057
W5986,4,1.0750034637877048,1.56049906475978,0.9255032815810224,1.1101141713086369,1.1167165493843445,0.8416816370482222,1.010832824985856,1.2245889395883889,0.0,0.5645946826607566,0.0,0.0,0.3314285025304712,0.0,0.0,0.2017031690306533,0.5395258379837377,0.4476496550350739,0.3337092057575533,0.4013933193111725,0.5689657000296926,0.0,0.0,0.0,0.0,0.0,0.3496369127610718,0.4876983406865903,0.0,0.0,-0.0223625835615685,0.088446960039607,0.1692637054040717,0.0637844182704483,0.1550231953112617,0.1007234728913083,0.1339918949503186,0.1225242517571826,0.4638512785843428,0.5855688216033483,0.2861309503697491,0.3140959711039413,2.890507451159137,2.109377044207628,3.2814272881537105
W5986,5,0.5716916640465527,0.8629693019249911,0.3675250890888819,1.1080339565166528,0.920660331287448,0.5506174563204629,0.7126122685542373,0.727864708503993,0.0,0.4091874733519914,0.0,0.0,0.2361476763325107,0.0,0.0,0.0960204314393878,0.4335754072883129,0.2734007400737582,0.2152561697678157,0.2310407815100429,0.32076401529805,0.0,0.0,0.0,0.0,0.0,0.2254591168084159,0.3575142835496407,0.0,0.0,0.0144821544665168,-0.0018776134570831,0.0592892250267051,-0.0439526859751155,0.0754944225375654,0.0948880576249664,0.0568583451690108,0.0563408357473195,0.2057345936220375,0.3957049409491452,0.0940232136750365,0.2119063882190137,2.6293700110520195,1.3646195733794864,3.8333566844587295
W5986,6,0.38485851791779,0.6853098955232503,0.3268215666685337,0.6628717013520454,0.5685766419129605,0.3745199660771566,0.3461656715338268,0.4988248400515814,0.0,0.1932022541129887,0.0,0.0,0.1700637259763425,0.0,0.0,0.0744797361842605,0.2979056194857996,0.2100601733613896,0.1303066379610134,0.1351074124273184,0.1844352761646975,0.0,0.0,0.0,0.0,0.0,0.1450182281087071,0.2246037618571294,0.0,0.0,-0.0150411712652428,0.0941978679629975,0.0100010746227648,0.0702712007616805,0.059813137408546,0.037411768824262,0.0676607940530017,-0.0061935936887142,0.2231933939212915,0.1355439147303302,0.0997913921881272,0.0806415638711416,2.44363880499665,1.7093022661625017,3.500963714344434
