Treatments,Time,S01,S02,S03,S04,S05,S06,S07,S08,S09,S10,S11,S12,S13,S14,S15,S16,S17,S18,S19,S20,S21,S22,S23,S24,S25,S26,S27,S28,S29,S30,R01,R02,R03,R04,R05,R06,R07,R08,R09,R10,R11,R12,R13,R14,R15
W0001,0,0.1,0.1,0.1,0.1,0.1,0.1,0.1,0.1,0.1,0.1,0.1,0.1,0.1,0.1,0.1,0.1,0.1,0.1,0.1,0.1,0.1,0.1,0.1,0.1,0.1,0.1,0.1,0.1,0.1,0.1,35.0,0.0,0.0,0.0,0.0,0.0,0.0,0.0,0.0,0.0,0.0,0.0,0.0,0.0,0.0
W0001,3,0.4800463479115235,0.2250730179832064,0.2650208154441225,0.935167916980698,0.6028794221793516,0.1824451749447709,0.7216765158644446,0.1585638046640222,0.4561955660472234,0.2414239937815353,0.1761607568130348,0.2354692515818203,0.6679382267242778,0.1540553413346417,0.2044185848981747,0.4871811437090756,0.7553286288793386,0.3713408656245998,0.8773646450878497,0.2590199940539376,0.2735672488541987,0.2259760305745144,0.4445668743976062,0.2175061474403799,0.3189625170160058,0.26142432734029,0.2896863848693063,0.3636392935249228,0.9472838883945296,0.2108927031906133,0.0082821944754493,0.7408574854503487,0.4836460406118109,0.3745745893531129,0.2789411455458782,0.2568521610406383,0.3601653555239203,0.4308380779134583,0.1284674740400237,0.1716089497071443,0.2779322669425983,0.4725422585568846,3.5259150446377063,3.2253418857487124,3.220117411257297
W0001,6,0.2145739726989264,0.1127839698593884,0.1412209309494575,0.4117529691118469,0.2819638131470948,0.0756026569717841,0.4405430529987629,0.0845745410828526,0.1940858689678292,0.0955609226537499,0.084164749301222,0.0977352943378387,0.2378977747660755,0.0783113322045384,0.0965521271500399,0.149909775599461,0.391545595221226,0.1887852818246635,0.4708883536069684,0.1031737155275907,0.1038571658724773,0.1133800893319519,0.2187833841965737,0.0795850901078055,0.1373217186633318,0.1041781309608459,0.1108081573980438,0.1797783401933632,0.5223199425298714,0.0859503382897687,-0.0540911658414616,0.1332792627944261,0.1781806478797404,0.0911630138563653,0.0276314699119499,0.0918520572678862,0.0754084717035947,0.0255162808393019,0.0190907917106865,0.0225073059878719,0.0468856164859532,0.248345614373901,3.268406563677553,3.096276450868781,4.400991679590905
W0002,0,3.0,0.0,0.0,0.0,0.0,0.0,0.0,0.0,0.0,0.0,0.0,0.0,0.0,0.0,0.0,0.0,0.0,0.0,0.0,0.0,0.0,0.0,0.0,0.0,0.0,0.0,0.0,0.0,0.0,0.0,35.0,0.0,0.0,0.0,0.0,0.0,0.0,0.0,0.0,0.0,0.0,0.0,0.0,0.0,0.0
W0002,3,7.983684812085837,0.0,0.0,0.0,0.0,0.0,0.0,0.0,0.0,0.0,0.0,0.0,0.0,0.0,0.0,0.0,0.0,0.0,0.0,0.0,0.0,0.0,0.0,0.0,0.0,0.0,0.0,0.0,0.0,0.0,-0.0239440725417605,0.0895765059226954,7.025266088592187,1.7577368237293234,0.1004029319873372,0.178484289047632,0.1069480031815566,1.4061364748311036,0.0365817529662338,0.5610488025953719,0.7440411636996395,0.2575950538698888,0.2642439971113502,0.8064747414309597,5.108717130899401
W0002,6,3.915481559173823,0.0,0.0,0.0,0.0,0.0,0.0,0.0,0.0,0.0,0.0,0.0,0.0,0.0,0.0,0.0,0.0,0.0,0.0,0.0,0.0,0.0,0.0,0.0,0.0,0.0,0.0,0.0,0.0,0.0,-0.0564411282460911,0.1096802025654905,6.4196439798313705,1.2606319241144972,0.0161350127520001,0.0009769039872259,0.0873293519147071,1.847704056543735,0.158998121291389,0.6766594889140917,0.5345231461280607,0.3043060948000505,0.1200425332262201,0.9636596106727304,5.649539233021225
W0003,0,0.0,3.0,0.0,0.0,0.0,0.0,0.0,0.0,0.0,0.0,0.0,0.0,0.0,0.0,0.0,0.0,0.0,0.0,0.0,0.0,0.0,0.0,0.0,0.0,0.0,0.0,0.0,0.0,0.0,0.0,35.0,0.0,0.0,0.0,0.0,0.0,0.0,0.0,0.0,0.0,0.0,0.0,0.0,0.0,0.0
W0003,3,0.0,7.542158090796647,0.0,0.0,0.0,0.0,0.0,0.0,0.0,0.0,0.0,0.0,0.0,0.0,0.0,0.0,0.0,0.0,0.0,0.0,0.0,0.0,0.0,0.0,0.0,0.0,0.0,0.0,0.0,0.0,0.4451253945039815,0.148462181595767,-0.054481493449217,3.133176711101112,0.0271069554491053,0.0018661687638708,3.4594192055543527,0.0797176459738122,0.017448539730698,2.174058676292944,0.4107143904112282,9.4834545598075,0.3999684843944445,0.8938945809909401,2.952522341793661
W0003,6,0.0,3.222465454929943,0.0,0.0,0.0,0.0,0.0,0.0,0.0,0.0,0.0,0.0,0.0,0.0,0.0,0.0,0.0,0.0,0.0,0.0,0.0,0.0,0.0,0.0,0.0,0.0,0.0,0.0,0.0,0.0,0.0632905219692723,-0.0382948199021407,-0.0274416099291747,3.11109711125252,-0.0374963824892622,0.0289898317080852,3.6695490656261223,0.0972011555722006,0.0570037964559673,2.559786803938382,0.4820800028515666,7.815513874170871,0.3757555115596926,0.9960304556453764,2.737985803799853
W0004,0,0.0,0.0,3.0,0.0,0.0,0.0,0.0,0.0,0.0,0.0,0.0,0.0,0.0,0.0,0.0,0.0,0.0,0.0,0.0,0.0,0.0,0.0,0.0,0.0,0.0,0.0,0.0,0.0,0.0,0.0,35.0,0.0,0.0,0.0,0.0,0.0,0.0,0.0,0.0,0.0,0.0,0.0,0.0,0.0,0.0
W0004,3,0.0,0.0,10.01794130691075,0.0,0.0,0.0,0.0,0.0,0.0,0.0,0.0,0.0,0.0,0.0,0.0,0.0,0.0,0.0,0.0,0.0,0.0,0.0,0.0,0.0,0.0,0.0,0.0,0.0,0.0,0.0,0.1298910925221033,0.6707726283501416,0.0505296093975445,0.3814743528403772,1.2856521316202263,0.7230896542733567,0.9609562923565138,0.0037604099571718,0.0705968129797598,1.8506257137680528,1.2884231763772778,0.0185992089431067,1.4011972270980375,0.7211552227773695,7.153813433205882
W0004,6,0.0,0.0,5.237298175366925,0.0,0.0,0.0,0.0,0.0,0.0,0.0,0.0,0.0,0.0,0.0,0.0,0.0,0.0,0.0,0.0,0.0,0.0,0.0,0.0,0.0,0.0,0.0,0.0,0.0,0.0,0.0,-0.0654000571603244,0.1658839615154037,0.0476376524724025,-0.0021514415966866,2.023974018347088,0.2425988190355405,0.2392104803154307,0.0892838098131268,0.0745729831476736,2.356181617263336,1.608370084475363,0.0165707202758934,1.6850201622143,0.4954897639949976,6.845517368949515
W0005,0,0.0,0.0,0.0,3.0,0.0,0.0,0.0,0.0,0.0,0.0,0.0,0.0,0.0,0.0,0.0,0.0,0.0,0.0,0.0,0.0,0.0,0.0,0.0,0.0,0.0,0.0,0.0,0.0,0.0,0.0,35.0,0.0,0.0,0.0,0.0,0.0,0.0,0.0,0.0,0.0,0.0,0.0,0.0,0.0,0.0
W0005,3,0.0,0.0,0.0,10.77338949748852,0.0,0.0,0.0,0.0,0.0,0.0,0.0,0.0,0.0,0.0,0.0,0.0,0.0,0.0,0.0,0.0,0.0,0.0,0.0,0.0,0.0,0.0,0.0,0.0,0.0,0.0,-0.0091333304674475,0.0705394174101445,0.6874274996594112,0.0685222250035961,0.085155485147725,0.3909034701763061,0.6453829842957802,0.1024739081367594,0.5762747865869082,-0.026918034233557,3.641006057336528,0.5782040474834895,2.303182008130104,1.4649454472892185,2.240558217022536
W0005,6,0.0,0.0,0.0,5.85992093628794,0.0,0.0,0.0,0.0,0.0,0.0,0.0,0.0,0.0,0.0,0.0,0.0,0.0,0.0,0.0,0.0,0.0,0.0,0.0,0.0,0.0,0.0,0.0,0.0,0.0,0.0,-0.0748730050787504,0.0006930200259259,0.3842032826760223,0.1171262892364275,0.1165852929540295,0.1682991738885792,0.1969277016987474,0.1246531925766063,0.6728972762658704,0.0401675238147795,3.5268076474037,0.4003846625297437,3.152577311375026,0.5981368561511643,2.29587060108178
W0006,0,0.0,0.0,0.0,0.0,3.0,0.0,0.0,0.0,0.0,0.0,0.0,0.0,0.0,0.0,0.0,0.0,0.0,0.0,0.0,0.0,0.0,0.0,0.0,0.0,0.0,0.0,0.0,0.0,0.0,0.0,35.0,0.0,0.0,0.0,0.0,0.0,0.0,0.0,0.0,0.0,0.0,0.0,0.0,0.0,0.0
W0006,3,0.0,0.0,0.0,0.0,10.750457691143389,0.0,0.0,0.0,0.0,0.0,0.0,0.0,0.0,0.0,0.0,0.0,0.0,0.0,0.0,0.0,0.0,0.0,0.0,0.0,0.0,0.0,0.0,0.0,0.0,0.0,-0.0019641249870366,0.1291074407790888,0.1004767666994571,0.0532021191279148,0.036530532133671,0.0240024622967534,0.0398277066667217,0.2861807656222626,3.594679635795917,1.5955053311946812,1.7879690378908308,1.5549326990758192,0.0886598359266308,2.3941001082071094,4.850725228702472
W0006,6,0.0,0.0,0.0,0.0,3.810454770894927,0.0,0.0,0.0,0.0,0.0,0.0,0.0,0.0,0.0,0.0,0.0,0.0,0.0,0.0,0.0,0.0,0.0,0.0,0.0,0.0,0.0,0.0,0.0,0.0,0.0,-0.0233733467947554,-0.0369935207766202,0.0444524059494904,-0.0710362191904382,0.0509113194447774,-0.0920231399524379,0.0887149312621041,0.0240411855376926,3.583938012458827,0.8851716250998101,2.701582994898427,1.7828336491343697,0.0954675372158787,2.3482142598082385,4.531167623956359
W0007,0,0.0,0.0,0.0,0.0,0.0,3.0,0.0,0.0,0.0,0.0,0.0,0.0,0.0,0.0,0.0,0.0,0.0,0.0,0.0,0.0,0.0,0.0,0.0,0.0,0.0,0.0,0.0,0.0,0.0,0.0,35.0,0.0,0.0,0.0,0.0,0.0,0.0,0.0,0.0,0.0,0.0,0.0,0.0,0.0,0.0
W0007,3,0.0,0.0,0.0,0.0,0.0,6.988057561129402,0.0,0.0,0.0,0.0,0.0,0.0,0.0,0.0,0.0,0.0,0.0,0.0,0.0,0.0,0.0,0.0,0.0,0.0,0.0,0.0,0.0,0.0,0.0,0.0,6.438858643792934,0.1017668633992896,0.5765088280585526,0.306814018533268,0.2698637691002059,0.1602673172928944,4.732362921254961,0.067658575382699,0.037107303540309,0.0645197813543147,0.3819179556690493,6.317293925895508,0.269190566033555,1.9084582550843243,5.313651608599418
W0007,6,0.0,0.0,0.0,0.0,0.0,4.154542849806576,0.0,0.0,0.0,0.0,0.0,0.0,0.0,0.0,0.0,0.0,0.0,0.0,0.0,0.0,0.0,0.0,0.0,0.0,0.0,0.0,0.0,0.0,0.0,0.0,0.9754332420193804,0.0563043715033414,0.1573134658027402,0.1102125303550783,0.1633430919826219,0.1425918879162725,4.363925180555591,0.048985827826029,0.074783772141491,0.0869388384816469,0.3996286362564902,6.900566468934801,0.3670978219152725,2.4302241171724592,5.316548707838465
W0008,0,0.0,0.0,0.0,0.0,0.0,0.0,3.0,0.0,0.0,0.0,0.0,0.0,0.0,0.0,0.0,0.0,0.0,0.0,0.0,0.0,0.0,0.0,0.0,0.0,0.0,0.0,0.0,0.0,0.0,0.0,35.0,0.0,0.0,0.0,0.0,0.0,0.0,0.0,0.0,0.0,0.0,0.0,0.0,0.0,0.0
W0008,3,0.0,0.0,0.0,0.0,0.0,0.0,10.820403965806422,0.0,0.0,0.0,0.0,0.0,0.0,0.0,0.0,0.0,0.0,0.0,0.0,0.0,0.0,0.0,0.0,0.0,0.0,0.0,0.0,0.0,0.0,0.0,-0.0659565992400765,0.1138410873141783,0.1968589155355566,0.7019084926636932,0.4651854636353983,0.0946182615442859,0.133414350211097,0.1314086966501474,0.0970949373605281,-0.0289780954758593,0.7044931142581924,1.6402336664815784,1.2756357196239667,5.339746327460206,3.0394259640033705
W0008,6,0.0,0.0,0.0,0.0,0.0,0.0,4.863668888461463,0.0,0.0,0.0,0.0,0.0,0.0,0.0,0.0,0.0,0.0,0.0,0.0,0.0,0.0,0.0,0.0,0.0,0.0,0.0,0.0,0.0,0.0,0.0,0.0637083168757397,0.0161597995245214,0.0257293747390089,0.2287787035622744,0.1308649024601827,-0.0315894068154461,0.0213283341134715,0.0291983095174594,0.0050814113252431,0.0614840733909521,0.4804146934496321,1.6703220951590072,1.5631762304632475,6.207678400670608,4.2948402459345925
W0009,0,0.0,0.0,0.0,0.0,0.0,0.0,0.0,3.0,0.0,0.0,0.0,0.0,0.0,0.0,0.0,0.0,0.0,0.0,0.0,0.0,0.0,0.0,0.0,0.0,0.0,0.0,0.0,0.0,0.0,0.0,35.0,0.0,0.0,0.0,0.0,0.0,0.0,0.0,0.0,0.0,0.0,0.0,0.0,0.0,0.0
W0009,3,0.0,0.0,0.0,0.0,0.0,0.0,0.0,10.565940539720028,0.0,0.0,0.0,0.0,0.0,0.0,0.0,0.0,0.0,0.0,0.0,0.0,0.0,0.0,0.0,0.0,0.0,0.0,0.0,0.0,0.0,0.0,2.4323218537869664,2.1007710556753776,0.240572140340967,0.3266676855700192,0.4972367726359585,0.6840296913118386,1.7800682181020089,0.5569738926422032,2.0673351746718165,0.4214311730137963,1.1435564038065362,4.46784373561583,0.2192689684745218,1.9270428434879792,0.9668597913557172
W0009,6,0.0,0.0,0.0,0.0,0.0,0.0,0.0,5.343409124691759,0.0,0.0,0.0,0.0,0.0,0.0,0.0,0.0,0.0,0.0,0.0,0.0,0.0,0.0,0.0,0.0,0.0,0.0,0.0,0.0,0.0,0.0,0.2444186650041308,0.5258180229924317,-0.0243011360893857,0.0949350530522328,0.3142308917636479,0.1759733229350191,2.0473795934416303,0.13562971566123,2.043821235740211,0.6731886533288135,1.339046895906739,4.486577537408384,0.2260704935864032,2.186348490774132,1.2395008620550372
W0010,0,0.0,0.0,0.0,0.0,0.0,0.0,0.0,0.0,3.0,0.0,0.0,0.0,0.0,0.0,0.0,0.0,0.0,0.0,0.0,0.0,0.0,0.0,0.0,0.0,0.0,0.0,0.0,0.0,0.0,0.0,35.0,0.0,0.0,0.0,0.0,0.0,0.0,0.0,0.0,0.0,0.0,0.0,0.0,0.0,0.0
W0010,3,0.0,0.0,0.0,0.0,0.0,0.0,0.0,0.0,8.685540917773448,0.0,0.0,0.0,0.0,0.0,0.0,0.0,0.0,0.0,0.0,0.0,0.0,0.0,0.0,0.0,0.0,0.0,0.0,0.0,0.0,0.0,0.030378306077506,5.133243483307814,0.1701305430817919,0.1348057304274582,0.0293939185759803,1.0883188553082148,0.8561803188025151,7.193579567362982e-05,7.957564340398999,0.0801895993529513,0.0,0.2650887547294713,0.535036760644701,0.3209381062862113,3.635598657750111
W0010,6,0.0,0.0,0.0,0.0,0.0,0.0,0.0,0.0,2.780254864733601,0.0,0.0,0.0,0.0,0.0,0.0,0.0,0.0,0.0,0.0,0.0,0.0,0.0,0.0,0.0,0.0,0.0,0.0,0.0,0.0,0.0,-0.0348658093235498,4.702179567723734,0.057100891953545,0.0438505089871811,-0.0182078587859554,1.1920239485805575,1.0387592355459216,0.0510802924227229,8.166874608636297,0.0758121153429224,0.0,0.4153203253690595,0.5482184053116314,0.2894798066408704,4.050582377722401
W0011,0,0.0,0.0,0.0,0.0,0.0,0.0,0.0,0.0,0.0,3.0,0.0,0.0,0.0,0.0,0.0,0.0,0.0,0.0,0.0,0.0,0.0,0.0,0.0,0.0,0.0,0.0,0.0,0.0,0.0,0.0,35.0,0.0,0.0,0.0,0.0,0.0,0.0,0.0,0.0,0.0,0.0,0.0,0.0,0.0,0.0
W0011,3,0.0,0.0,0.0,0.0,0.0,0.0,0.0,0.0,0.0,8.226000842330551,0.0,0.0,0.0,0.0,0.0,0.0,0.0,0.0,0.0,0.0,0.0,0.0,0.0,0.0,0.0,0.0,0.0,0.0,0.0,0.0,0.0599470669020909,0.6927361473491283,1.5155681664077385,1.2262311038159217,0.7788402941624081,1.2866237273923036,0.8776169823651256,0.4654703341041423,0.1792271742090704,2.258330610559876,0.0479507137134824,3.6041088851907137,3.2268119083495588,1.802875703792499,1.8224986203368176
W0011,6,0.0,0.0,0.0,0.0,0.0,0.0,0.0,0.0,0.0,3.460716985329068,0.0,0.0,0.0,0.0,0.0,0.0,0.0,0.0,0.0,0.0,0.0,0.0,0.0,0.0,0.0,0.0,0.0,0.0,0.0,0.0,0.0033197155062874,0.352791722419807,1.5366825662709982,0.5193281421964101,0.8226124092381178,0.7956156707651065,0.8543955569887295,0.2026981838037723,0.1305146334469154,1.8812554170495608,-0.0272819147024904,4.45308244539711,3.52468755421768,2.1372573787225493,1.618067142810982
W0012,0,0.0,0.0,0.0,0.0,0.0,0.0,0.0,0.0,0.0,0.0,3.0,0.0,0.0,0.0,0.0,0.0,0.0,0.0,0.0,0.0,0.0,0.0,0.0,0.0,0.0,0.0,0.0,0.0,0.0,0.0,35.0,0.0,0.0,0.0,0.0,0.0,0.0,0.0,0.0,0.0,0.0,0.0,0.0,0.0,0.0
W0012,3,0.0,0.0,0.0,0.0,0.0,0.0,0.0,0.0,0.0,0.0,5.805527410296113,0.0,0.0,0.0,0.0,0.0,0.0,0.0,0.0,0.0,0.0,0.0,0.0,0.0,0.0,0.0,0.0,0.0,0.0,0.0,0.0044185471024474,2.092058922500074,1.773804161746048,0.0,0.2274100555324229,0.8573198835347144,0.0,13.366518630442393,1.6489105157492272,0.1157976793563904,0.0714774075083044,0.0755030506939033,0.4007700315743836,0.658773864677049,0.397887217677038
W0012,6,0.0,0.0,0.0,0.0,0.0,0.0,0.0,0.0,0.0,0.0,2.7466758251996013,0.0,0.0,0.0,0.0,0.0,0.0,0.0,0.0,0.0,0.0,0.0,0.0,0.0,0.0,0.0,0.0,0.0,0.0,0.0,-0.0389363423068771,2.539198788114384,1.5295671556311452,0.0,0.2057081862868275,0.9592311204872866,0.0,13.79459092803361,0.8558282611303357,0.0354214157281909,0.0404494075419025,-0.0079716071911216,0.7861803273896425,0.7964500153196196,0.449630806627355
W0013,0,0.0,0.0,0.0,0.0,0.0,0.0,0.0,0.0,0.0,0.0,0.0,3.0,0.0,0.0,0.0,0.0,0.0,0.0,0.0,0.0,0.0,0.0,0.0,0.0,0.0,0.0,0.0,0.0,0.0,0.0,35.0,0.0,0.0,0.0,0.0,0.0,0.0,0.0,0.0,0.0,0.0,0.0,0.0,0.0,0.0
W0013,3,0.0,0.0,0.0,0.0,0.0,0.0,0.0,0.0,0.0,0.0,0.0,5.478902020685786,0.0,0.0,0.0,0.0,0.0,0.0,0.0,0.0,0.0,0.0,0.0,0.0,0.0,0.0,0.0,0.0,0.0,0.0,0.1316333956188088,0.1628056822678347,7.283181888820639,0.0483353443445488,1.4050686839878688,0.8336858021628718,0.0381838499749068,8.416515268173514,-0.0658032842358674,0.0192822836865683,0.0183306512772222,1.5184714559228687,4.291062223072741,0.0476358146011937,0.28748592018239
W0013,6,0.0,0.0,0.0,0.0,0.0,0.0,0.0,0.0,0.0,0.0,0.0,1.9568726041208309,0.0,0.0,0.0,0.0,0.0,0.0,0.0,0.0,0.0,0.0,0.0,0.0,0.0,0.0,0.0,0.0,0.0,0.0,0.0530299436398774,0.0357817388066195,7.604672131981033,-0.0196974294715708,1.5661353263612188,0.8393841100016366,-0.0376065003877947,7.399134942073058,-0.0320509256689385,0.0061074117179489,0.0177537653829045,1.432658690901963,4.077449643612087,0.0895923979725967,0.3333911713035056
W0014,0,0.0,0.0,0.0,0.0,0.0,0.0,0.0,0.0,0.0,0.0,0.0,0.0,3.0,0.0,0.0,0.0,0.0,0.0,0.0,0.0,0.0,0.0,0.0,0.0,0.0,0.0,0.0,0.0,0.0,0.0,35.0,0.0,0.0,0.0,0.0,0.0,0.0,0.0,0.0,0.0,0.0,0.0,0.0,0.0,0.0
W0014,3,0.0,0.0,0.0,0.0,0.0,0.0,0.0,0.0,0.0,0.0,0.0,0.0,4.734246156767403,0.0,0.0,0.0,0.0,0.0,0.0,0.0,0.0,0.0,0.0,0.0,0.0,0.0,0.0,0.0,0.0,0.0,0.0031662395211972,0.0553406644144309,0.0465696272173377,3.4957522960597416,0.0189626955746343,0.034110238286396,2.2178486266637383,0.69620365692694,-0.0573876268992512,0.0248826442080795,0.3030982070457625,-0.0120959887142693,8.318639250042313,4.07899600459685,5.261588571576798
W0014,6,0.0,0.0,0.0,0.0,0.0,0.0,0.0,0.0,0.0,0.0,0.0,0.0,1.7865167844045826,0.0,0.0,0.0,0.0,0.0,0.0,0.0,0.0,0.0,0.0,0.0,0.0,0.0,0.0,0.0,0.0,0.0,0.0180015650421032,0.0558615808794722,0.0619959830324914,3.3530385843662485,0.0021895578093683,-0.1075564210253048,2.215923786819747,0.6661903196975576,0.04772120033234,0.0512190763990356,0.3891665252261213,0.0318545083556791,7.334330872790454,3.8211678534229416,4.521893311436943
W0015,0,0.0,0.0,0.0,0.0,0.0,0.0,0.0,0.0,0.0,0.0,0.0,0.0,0.0,3.0,0.0,0.0,0.0,0.0,0.0,0.0,0.0,0.0,0.0,0.0,0.0,0.0,0.0,0.0,0.0,0.0,35.0,0.0,0.0,0.0,0.0,0.0,0.0,0.0,0.0,0.0,0.0,0.0,0.0,0.0,0.0
W0015,3,0.0,0.0,0.0,0.0,0.0,0.0,0.0,0.0,0.0,0.0,0.0,0.0,0.0,6.335799466556466,0.0,0.0,0.0,0.0,0.0,0.0,0.0,0.0,0.0,0.0,0.0,0.0,0.0,0.0,0.0,0.0,0.0399423087966688,10.994797485911429,0.1903943220338559,5.990581045966347,2.905644516815655,0.093783204601816,0.1217052194097607,1.0132646935475005,0.0069350799853604,0.0071440043041701,-0.007452263425707,-0.0323435989594314,1.031880775498695,0.8018024417084422,0.3692675737161127
W0015,6,0.0,0.0,0.0,0.0,0.0,0.0,0.0,0.0,0.0,0.0,0.0,0.0,0.0,2.3376457120391385,0.0,0.0,0.0,0.0,0.0,0.0,0.0,0.0,0.0,0.0,0.0,0.0,0.0,0.0,0.0,0.0,0.0466388214028944,13.24597304351306,0.1776713742017525,4.73390495784608,3.1327298973910467,0.1209711826082849,0.0585343599175639,1.239050641487767,0.0213956370790261,0.0224919947740053,-0.0007967321026235,-0.0059892894375569,0.917521851281697,1.0485507478532117,0.3567427893430278
W0016,0,0.0,0.0,0.0,0.0,0.0,0.0,0.0,0.0,0.0,0.0,0.0,0.0,0.0,0.0,3.0,0.0,0.0,0.0,0.0,0.0,0.0,0.0,0.0,0.0,0.0,0.0,0.0,0.0,0.0,0.0,35.0,0.0,0.0,0.0,0.0,0.0,0.0,0.0,0.0,0.0,0.0,0.0,0.0,0.0,0.0
W0016,3,0.0,0.0,0.0,0.0,0.0,0.0,0.0,0.0,0.0,0.0,0.0,0.0,0.0,0.0,7.587058746787857,0.0,0.0,0.0,0.0,0.0,0.0,0.0,0.0,0.0,0.0,0.0,0.0,0.0,0.0,0.0,0.1024063000064149,11.012154751175244,0.2710593155734146,0.1962836618359995,0.326294085034815,0.3059145267655047,0.6737556538469323,1.3449682588181011,-0.0860648646273708,0.0527388429514366,0.6438765439711455,0.1056677896976227,2.671970141210372,4.21271500849949,0.4773360379741355
W0016,6,0.0,0.0,0.0,0.0,0.0,0.0,0.0,0.0,0.0,0.0,0.0,0.0,0.0,0.0,2.684704020873785,0.0,0.0,0.0,0.0,0.0,0.0,0.0,0.0,0.0,0.0,0.0,0.0,0.0,0.0,0.0,0.0452965084866776,11.52797895450044,0.2922069697812177,0.2174316739186987,0.3191910199445771,0.3026265707139782,0.7553775109946984,1.84160824413318,-0.0271567355129319,-0.0119321434493875,0.6168428069283993,0.0011575150444554,1.8704815828799344,5.321105726412084,0.6190429363692029
W0017,0,0.0,0.0,0.0,0.0,0.0,0.0,0.0,0.0,0.0,0.0,0.0,0.0,0.0,0.0,0.0,3.0,0.0,0.0,0.0,0.0,0.0,0.0,0.0,0.0,0.0,0.0,0.0,0.0,0.0,0.0,35.0,0.0,0.0,0.0,0.0,0.0,0.0,0.0,0.0,0.0,0.0,0.0,0.0,0.0,0.0
W0017,3,0.0,0.0,0.0,0.0,0.0,0.0,0.0,0.0,0.0,0.0,0.0,0.0,0.0,0.0,0.0,5.129590337532532,0.0,0.0,0.0,0.0,0.0,0.0,0.0,0.0,0.0,0.0,0.0,0.0,0.0,0.0,-0.1003018414835775,3.3935863731659706,0.0,3.1890853740981453,4.051829968708215,0.7209704151517604,2.0309089776489846,0.3032662759315508,0.0,0.0,0.0,0.0,9.464841764515372,0.0,0.455433651373936
W0017,6,0.0,0.0,0.0,0.0,0.0,0.0,0.0,0.0,0.0,0.0,0.0,0.0,0.0,0.0,0.0,1.9349055053590571,0.0,0.0,0.0,0.0,0.0,0.0,0.0,0.0,0.0,0.0,0.0,0.0,0.0,0.0,0.0519410482519906,3.2526555199006664,0.0,3.316753360316912,4.100592083842183,0.6715617218681667,1.8791189708023537,0.3699788257463199,0.0,0.0,0.0,0.0,11.231549620153755,0.0,0.4482687582707758
W0018,0,0.0,0.0,0.0,0.0,0.0,0.0,0.0,0.0,0.0,0.0,0.0,0.0,0.0,0.0,0.0,0.0,3.0,0.0,0.0,0.0,0.0,0.0,0.0,0.0,0.0,0.0,0.0,0.0,0.0,0.0,35.0,0.0,0.0,0.0,0.0,0.0,0.0,0.0,0.0,0.0,0.0,0.0,0.0,0.0,0.0
W0018,3,0.0,0.0,0.0,0.0,0.0,0.0,0.0,0.0,0.0,0.0,0.0,0.0,0.0,0.0,0.0,0.0,8.267303922905256,0.0,0.0,0.0,0.0,0.0,0.0,0.0,0.0,0.0,0.0,0.0,0.0,0.0,-0.016318328775603,5.444291221486765,1.287886807309282,3.039627876101409,-0.0360679867214896,-0.0069536734027767,0.022844955474178,2.49384737833248,0.0738173587278105,1.7701431195466495,-0.0539335185669755,0.0147595503352297,0.4422321941638017,0.6864155373867545,2.7845157383330785
W0018,6,0.0,0.0,0.0,0.0,0.0,0.0,0.0,0.0,0.0,0.0,0.0,0.0,0.0,0.0,0.0,0.0,3.334162578864189,0.0,0.0,0.0,0.0,0.0,0.0,0.0,0.0,0.0,0.0,0.0,0.0,0.0,-0.0597453111972169,4.038348144274097,1.3002482141372942,2.842667678712629,0.0124340070675999,0.0463898849500512,0.0134268196994643,2.418273248870221,-0.0106521193338062,1.663522099158994,-0.048586296886355,0.007505065077497,0.1088758673822527,0.6975633396961007,2.160168107648739
W0019,0,0.0,0.0,0.0,0.0,0.0,0.0,0.0,0.0,0.0,0.0,0.0,0.0,0.0,0.0,0.0,0.0,0.0,3.0,0.0,0.0,0.0,0.0,0.0,0.0,0.0,0.0,0.0,0.0,0.0,0.0,35.0,0.0,0.0,0.0,0.0,0.0,0.0,0.0,0.0,0.0,0.0,0.0,0.0,0.0,0.0
W0019,3,0.0,0.0,0.0,0.0,0.0,0.0,0.0,0.0,0.0,0.0,0.0,0.0,0.0,0.0,0.0,0.0,0.0,5.912692797965054,0.0,0.0,0.0,0.0,0.0,0.0,0.0,0.0,0.0,0.0,0.0,0.0,-0.0429848494753723,0.2875657784547787,0.4484598260335294,0.2881424435601524,1.451882440743293,0.3724280295447379,0.9535568053684912,0.3512146717835392,0.022598210454298,1.0874284783060624,0.0227065600594978,0.3044239644985915,7.687191282083252,8.306834358130713,0.5865057925561438
W0019,6,0.0,0.0,0.0,0.0,0.0,0.0,0.0,0.0,0.0,0.0,0.0,0.0,0.0,0.0,0.0,0.0,0.0,2.590182009592899,0.0,0.0,0.0,0.0,0.0,0.0,0.0,0.0,0.0,0.0,0.0,0.0,-0.0314547519172151,0.2262037660849526,0.2162948465577963,0.3367363089731945,2.0784582885145992,0.1762672834440821,0.5728824092899882,0.2787523967380754,-0.0043936843698148,0.9200947009122914,-0.0458262496786851,0.1407934059596101,7.0530806425596975,7.0401233046306,0.5552286087676104
W0020,0,0.0,0.0,0.0,0.0,0.0,0.0,0.0,0.0,0.0,0.0,0.0,0.0,0.0,0.0,0.0,0.0,0.0,0.0,3.0,0.0,0.0,0.0,0.0,0.0,0.0,0.0,0.0,0.0,0.0,0.0,35.0,0.0,0.0,0.0,0.0,0.0,0.0,0.0,0.0,0.0,0.0,0.0,0.0,0.0,0.0
W0020,3,0.0,0.0,0.0,0.0,0.0,0.0,0.0,0.0,0.0,0.0,0.0,0.0,0.0,0.0,0.0,0.0,0.0,0.0,8.996309280918437,0.0,0.0,0.0,0.0,0.0,0.0,0.0,0.0,0.0,0.0,0.0,0.0339595331653543,1.5317613167466246,0.4659709818769268,-0.0142312314749635,1.3076398821850423,-0.0154321186153615,-0.0011770425716239,0.0652999415814498,-0.1001042514148377,-0.0386684809090323,0.3638598978685466,1.356407639898371,5.107491017128451,0.4355000066311653,4.826477844929109
W0020,6,0.0,0.0,0.0,0.0,0.0,0.0,0.0,0.0,0.0,0.0,0.0,0.0,0.0,0.0,0.0,0.0,0.0,0.0,4.056744484478664,0.0,0.0,0.0,0.0,0.0,0.0,0.0,0.0,0.0,0.0,0.0,0.0468462571505634,1.785832523412987,0.301364720167331,0.0633263393145417,0.5174368969423031,-0.0231915399136304,-0.0206250404004603,0.0294114986621921,0.0026750716650048,0.0370116923973849,0.341846790743992,1.1124088146518607,5.117241422489032,0.1140806948065995,5.663634707515919
W0021,0,0.0,0.0,0.0,0.0,0.0,0.0,0.0,0.0,0.0,0.0,0.0,0.0,0.0,0.0,0.0,0.0,0.0,0.0,0.0,3.0,0.0,0.0,0.0,0.0,0.0,0.0,0.0,0.0,0.0,0.0,35.0,0.0,0.0,0.0,0.0,0.0,0.0,0.0,0.0,0.0,0.0,0.0,0.0,0.0,0.0
W0021,3,0.0,0.0,0.0,0.0,0.0,0.0,0.0,0.0,0.0,0.0,0.0,0.0,0.0,0.0,0.0,0.0,0.0,0.0,0.0,6.917756092084908,0.0,0.0,0.0,0.0,0.0,0.0,0.0,0.0,0.0,0.0,0.0350480368166567,0.1301840641919277,0.3149631854136814,0.3575173226104245,11.609550368777656,0.0338856543829377,2.315796696537563,0.1339770845686489,0.205337895184746,0.0022412775758056,0.1343937885685494,-0.0624107293638682,3.058643829129407,0.8880673879618761,2.465320958563701
W0021,6,0.0,0.0,0.0,0.0,0.0,0.0,0.0,0.0,0.0,0.0,0.0,0.0,0.0,0.0,0.0,0.0,0.0,0.0,0.0,2.5537899927267014,0.0,0.0,0.0,0.0,0.0,0.0,0.0,0.0,0.0,0.0,-0.0780066078531378,0.0347020200385927,0.1244716423440455,0.2363302722590501,11.601304749539066,-0.0557280466717034,2.573866036840257,0.1419754681062837,0.1018111459904803,0.0001185903422213,0.0617045741232966,-0.0797368130763476,3.1256644635636364,1.0171278437229132,2.5520355245294866
W0022,0,0.0,0.0,0.0,0.0,0.0,0.0,0.0,0.0,0.0,0.0,0.0,0.0,0.0,0.0,0.0,0.0,0.0,0.0,0.0,0.0,3.0,0.0,0.0,0.0,0.0,0.0,0.0,0.0,0.0,0.0,35.0,0.0,0.0,0.0,0.0,0.0,0.0,0.0,0.0,0.0,0.0,0.0,0.0,0.0,0.0
W0022,3,0.0,0.0,0.0,0.0,0.0,0.0,0.0,0.0,0.0,0.0,0.0,0.0,0.0,0.0,0.0,0.0,0.0,0.0,0.0,0.0,6.952078628782997,0.0,0.0,0.0,0.0,0.0,0.0,0.0,0.0,0.0,-0.0606401734882438,0.0986682727565116,2.9595050346755087,0.1711594071162528,0.0409130251129518,-0.0032544875555783,6.123116374022755,7.582057767022164,0.2811331235917547,0.2945716749834131,0.1334813397452603,0.0940133776871528,1.0221113802124406,3.0160698307371354,0.8440981784353442
W0022,6,0.0,0.0,0.0,0.0,0.0,0.0,0.0,0.0,0.0,0.0,0.0,0.0,0.0,0.0,0.0,0.0,0.0,0.0,0.0,0.0,2.2245205770110394,0.0,0.0,0.0,0.0,0.0,0.0,0.0,0.0,0.0,-0.0442178490029771,0.0060348008596467,2.4725308370304653,0.1194894307489476,0.0988716310826819,-0.0846951280977471,6.460018054520856,5.764453345121587,0.1771760233630392,0.0933125129108071,0.0970225932434605,0.0330900586367856,0.8871708752206288,3.192117636069117,1.0366846692904748
W0023,0,0.0,0.0,0.0,0.0,0.0,0.0,0.0,0.0,0.0,0.0,0.0,0.0,0.0,0.0,0.0,0.0,0.0,0.0,0.0,0.0,0.0,3.0,0.0,0.0,0.0,0.0,0.0,0.0,0.0,0.0,35.0,0.0,0.0,0.0,0.0,0.0,0.0,0.0,0.0,0.0,0.0,0.0,0.0,0.0,0.0
W0023,3,0.0,0.0,0.0,0.0,0.0,0.0,0.0,0.0,0.0,0.0,0.0,0.0,0.0,0.0,0.0,0.0,0.0,0.0,0.0,0.0,0.0,10.844922741734385,0.0,0.0,0.0,0.0,0.0,0.0,0.0,0.0,-0.03734397821516,2.0125697565629546,0.1759338401016036,0.3796060908319098,1.1980032290207598,2.7927589324489217,0.1684917854145652,0.2829680713521573,0.2202652808134671,0.0898280189851731,-0.0259644587961975,0.2311899220802095,7.2977735565546915,2.934307894215749,1.359066214957129
W0023,6,0.0,0.0,0.0,0.0,0.0,0.0,0.0,0.0,0.0,0.0,0.0,0.0,0.0,0.0,0.0,0.0,0.0,0.0,0.0,0.0,0.0,4.220611338106601,0.0,0.0,0.0,0.0,0.0,0.0,0.0,0.0,0.0257866383663286,2.092967033355161,0.1532958515299182,0.1254881309888646,0.6095113903340249,1.6457276888294747,0.0196024049307256,0.0482149959211127,0.0691337349159121,0.1026013240359783,0.0403659267873922,0.1494142347892052,7.327837411472368,2.8389409099538696,1.942482081522519
W0024,0,0.0,0.0,0.0,0.0,0.0,0.0,0.0,0.0,0.0,0.0,0.0,0.0,0.0,0.0,0.0,0.0,0.0,0.0,0.0,0.0,0.0,0.0,3.0,0.0,0.0,0.0,0.0,0.0,0.0,0.0,35.0,0.0,0.0,0.0,0.0,0.0,0.0,0.0,0.0,0.0,0.0,0.0,0.0,0.0,0.0
W0024,3,0.0,0.0,0.0,0.0,0.0,0.0,0.0,0.0,0.0,0.0,0.0,0.0,0.0,0.0,0.0,0.0,0.0,0.0,0.0,0.0,0.0,0.0,12.742122486488787,0.0,0.0,0.0,0.0,0.0,0.0,0.0,0.0722648993873204,0.5096956792300984,0.3891954512881477,0.0732243811810321,1.3964421186297606,0.1633603258835639,0.2041114776742476,0.1469164389659467,0.2354512224977434,0.2436769294129403,1.0190037790716606,0.0381680205967083,0.5982344602454035,1.0637319785683912,6.621768855486959
W0024,6,0.0,0.0,0.0,0.0,0.0,0.0,0.0,0.0,0.0,0.0,0.0,0.0,0.0,0.0,0.0,0.0,0.0,0.0,0.0,0.0,0.0,0.0,4.584037069753531,0.0,0.0,0.0,0.0,0.0,0.0,0.0,-0.0282725269528651,0.1910582593325125,0.1355514910066579,0.0660379173269141,0.8244375832388156,0.0956462859870349,0.0126337995850293,-0.0044916362736009,0.1033554315855419,0.2322775718930428,0.8380808786953728,0.0863059295927313,0.689127497586908,1.259571332217631,6.409402007148291
W0025,0,0.0,0.0,0.0,0.0,0.0,0.0,0.0,0.0,0.0,0.0,0.0,0.0,0.0,0.0,0.0,0.0,0.0,0.0,0.0,0.0,0.0,0.0,0.0,3.0,0.0,0.0,0.0,0.0,0.0,0.0,35.0,0.0,0.0,0.0,0.0,0.0,0.0,0.0,0.0,0.0,0.0,0.0,0.0,0.0,0.0
W0025,3,0.0,0.0,0.0,0.0,0.0,0.0,0.0,0.0,0.0,0.0,0.0,0.0,0.0,0.0,0.0,0.0,0.0,0.0,0.0,0.0,0.0,0.0,0.0,10.697627227888638,0.0,0.0,0.0,0.0,0.0,0.0,0.1068327162695135,3.311371757025144,0.4838815839570035,0.1047634807606379,0.36860368714145,0.1546348583997516,2.820490844678936,0.641268083552425,0.2576911440404131,0.2606297298501824,0.1408972544405081,0.2177861855467879,3.0092648888104474,0.4595944944393532,1.6052236583863635
W0025,6,0.0,0.0,0.0,0.0,0.0,0.0,0.0,0.0,0.0,0.0,0.0,0.0,0.0,0.0,0.0,0.0,0.0,0.0,0.0,0.0,0.0,0.0,0.0,5.890795090755428,0.0,0.0,0.0,0.0,0.0,0.0,0.0810555041012432,3.476268945603117,0.316571532717644,0.0452119480119884,0.16261520939569,0.1401935516653689,0.929152947406508,0.129992707987614,0.0868704947285271,0.0241766626425363,0.0145529459472015,0.0123829779515623,4.123725194192018,0.6269472633596508,1.9445649110874328
W0026,0,0.0,0.0,0.0,0.0,0.0,0.0,0.0,0.0,0.0,0.0,0.0,0.0,0.0,0.0,0.0,0.0,0.0,0.0,0.0,0.0,0.0,0.0,0.0,0.0,3.0,0.0,0.0,0.0,0.0,0.0,35.0,0.0,0.0,0.0,0.0,0.0,0.0,0.0,0.0,0.0,0.0,0.0,0.0,0.0,0.0
W0026,3,0.0,0.0,0.0,0.0,0.0,0.0,0.0,0.0,0.0,0.0,0.0,0.0,0.0,0.0,0.0,0.0,0.0,0.0,0.0,0.0,0.0,0.0,0.0,0.0,10.004800418613453,0.0,0.0,0.0,0.0,0.0,0.0212894239833344,1.2686599316381777,0.7557475897826983,-0.0155640213149976,0.1725520410671207,0.5487681893807894,3.7020421633742826,0.9792202671497916,0.0491717539565848,0.9001918304967162,0.5834447038404702,1.0537589027870826,0.5202159410353326,4.82027159318053,2.563661757810145
W0026,6,0.0,0.0,0.0,0.0,0.0,0.0,0.0,0.0,0.0,0.0,0.0,0.0,0.0,0.0,0.0,0.0,0.0,0.0,0.0,0.0,0.0,0.0,0.0,0.0,4.297277868334882,0.0,0.0,0.0,0.0,0.0,0.0079750533426941,1.5878247500042733,0.7127743070496696,0.0347316550808136,0.0771429221657766,0.1895047975178848,3.635095649026689,0.2184975517978842,0.0587094892509772,0.6511457871771362,0.5755978143487988,0.4037298917126033,0.3466146564416767,5.504278307331368,2.9133507013431528
W0027,0,0.0,0.0,0.0,0.0,0.0,0.0,0.0,0.0,0.0,0.0,0.0,0.0,0.0,0.0,0.0,0.0,0.0,0.0,0.0,0.0,0.0,0.0,0.0,0.0,0.0,3.0,0.0,0.0,0.0,0.0,35.0,0.0,0.0,0.0,0.0,0.0,0.0,0.0,0.0,0.0,0.0,0.0,0.0,0.0,0.0
W0027,3,0.0,0.0,0.0,0.0,0.0,0.0,0.0,0.0,0.0,0.0,0.0,0.0,0.0,0.0,0.0,0.0,0.0,0.0,0.0,0.0,0.0,0.0,0.0,0.0,0.0,8.410042834650682,0.0,0.0,0.0,0.0,0.0941499988073988,0.2484189304408755,0.1233081184855394,0.0141938085988531,0.038439598748822,0.071423041930307,9.778975855814952,1.3779942608725562,0.0009177850650048,0.5594493708517537,1.8458932932280103,0.0983377825088875,0.9918435934896662,2.743188319595297,1.1471785743007228
W0027,6,0.0,0.0,0.0,0.0,0.0,0.0,0.0,0.0,0.0,0.0,0.0,0.0,0.0,0.0,0.0,0.0,0.0,0.0,0.0,0.0,0.0,0.0,0.0,0.0,0.0,3.808975311306742,0.0,0.0,0.0,0.0,-0.0456226006180758,0.2654938480411186,0.0232402788665648,0.0383519315380211,0.099351562498657,-0.0522817488500174,11.374578459506598,0.4119876938582073,-0.0166020013660912,0.4342033491317142,0.928191082352822,0.1141861732884988,0.4988448314947982,3.8000231961967,1.4785049919858049
W0028,0,0.0,0.0,0.0,0.0,0.0,0.0,0.0,0.0,0.0,0.0,0.0,0.0,0.0,0.0,0.0,0.0,0.0,0.0,0.0,0.0,0.0,0.0,0.0,0.0,0.0,0.0,3.0,0.0,0.0,0.0,35.0,0.0,0.0,0.0,0.0,0.0,0.0,0.0,0.0,0.0,0.0,0.0,0.0,0.0,0.0
W0028,3,0.0,0.0,0.0,0.0,0.0,0.0,0.0,0.0,0.0,0.0,0.0,0.0,0.0,0.0,0.0,0.0,0.0,0.0,0.0,0.0,0.0,0.0,0.0,0.0,0.0,0.0,6.215091991512181,0.0,0.0,0.0,-0.021130767118059,3.420424708570062,4.366331085374094,0.0900809099341777,0.3298315552539929,0.1129589527060344,0.6478561409383321,0.1962835455036899,0.0485747657572295,0.1876067426385146,4.446289705065452,0.344822353562897,0.0866596643689529,8.007409365707492,-0.0140740467159571
W0028,6,0.0,0.0,0.0,0.0,0.0,0.0,0.0,0.0,0.0,0.0,0.0,0.0,0.0,0.0,0.0,0.0,0.0,0.0,0.0,0.0,0.0,0.0,0.0,0.0,0.0,0.0,2.076769420282676,0.0,0.0,0.0,0.0066207541674222,3.2263325876825046,4.113450331512932,0.0942337863450731,0.2775503811450102,-0.0703269141027067,0.8337863014015938,-0.0138386630762334,-0.0598484923514048,0.0934425990202578,4.235387277292585,0.285215916735385,0.2220056465696344,9.601733065120998,0.0015648113405777
W0029,0,0.0,0.0,0.0,0.0,0.0,0.0,0.0,0.0,0.0,0.0,0.0,0.0,0.0,0.0,0.0,0.0,0.0,0.0,0.0,0.0,0.0,0.0,0.0,0.0,0.0,0.0,0.0,3.0,0.0,0.0,35.0,0.0,0.0,0.0,0.0,0.0,0.0,0.0,0.0,0.0,0.0,0.0,0.0,0.0,0.0
W0029,3,0.0,0.0,0.0,0.0,0.0,0.0,0.0,0.0,0.0,0.0,0.0,0.0,0.0,0.0,0.0,0.0,0.0,0.0,0.0,0.0,0.0,0.0,0.0,0.0,0.0,0.0,0.0,10.751541918378166,0.0,0.0,0.0631974934010849,5.3013456982577125,0.9291984264937088,0.6585183912850529,0.3644617396288571,0.7049653096345059,0.0075531109346217,0.9216472735068078,1.3631081097188624,0.4159136817164723,0.3219520162560959,0.0400255443220323,1.8447479399051083,0.4299310297425539,2.410296496642805
W0029,6,0.0,0.0,0.0,0.0,0.0,0.0,0.0,0.0,0.0,0.0,0.0,0.0,0.0,0.0,0.0,0.0,0.0,0.0,0.0,0.0,0.0,0.0,0.0,0.0,0.0,0.0,0.0,5.516348357602024,0.0,0.0,0.0680320575764084,2.8624921016700955,0.5228913227282517,0.2665745167463841,0.1129684446956339,0.2179308330432534,0.0179617846599025,0.738541646896941,1.789014006500974,0.3730731218924489,0.4043682587568135,0.0453521240074971,1.2696138070844176,0.3791447383691128,2.610090354365949
W0030,0,0.0,0.0,0.0,0.0,0.0,0.0,0.0,0.0,0.0,0.0,0.0,0.0,0.0,0.0,0.0,0.0,0.0,0.0,0.0,0.0,0.0,0.0,0.0,0.0,0.0,0.0,0.0,0.0,3.0,0.0,35.0,0.0,0.0,0.0,0.0,0.0,0.0,0.0,0.0,0.0,0.0,0.0,0.0,0.0,0.0
W0030,3,0.0,0.0,0.0,0.0,0.0,0.0,0.0,0.0,0.0,0.0,0.0,0.0,0.0,0.0,0.0,0.0,0.0,0.0,0.0,0.0,0.0,0.0,0.0,0.0,0.0,0.0,0.0,0.0,13.5070214719657,0.0,0.0187000767293292,0.2374928824344628,0.085990791434031,1.3755212393112892,0.0244487071625708,0.1164712915923204,1.2849974857219155,0.015471082393756,-0.0535033627759532,0.0783516103918675,-0.02603427563544,2.515615761470144,2.0207006930369524,3.4640495563495963,1.462073674987859
W0030,6,0.0,0.0,0.0,0.0,0.0,0.0,0.0,0.0,0.0,0.0,0.0,0.0,0.0,0.0,0.0,0.0,0.0,0.0,0.0,0.0,0.0,0.0,0.0,0.0,0.0,0.0,0.0,0.0,4.724507545134814,0.0,-0.0396341527479524,0.1463032943024518,0.0252511780006939,0.4686742751048052,-0.0203885740635469,0.0363119711807508,1.5656928427437806,-0.0099356499752058,-0.0145279593725731,-0.0159443837574235,0.0177915112654313,3.4776886724018072,2.2773408898009992,4.392341572486899,0.6683639270572937
W0031,0,0.0,0.0,0.0,0.0,0.0,0.0,0.0,0.0,0.0,0.0,0.0,0.0,0.0,0.0,0.0,0.0,0.0,0.0,0.0,0.0,0.0,0.0,0.0,0.0,0.0,0.0,0.0,0.0,0.0,3.0,35.0,0.0,0.0,0.0,0.0,0.0,0.0,0.0,0.0,0.0,0.0,0.0,0.0,0.0,0.0
W0031,3,0.0,0.0,0.0,0.0,0.0,0.0,0.0,0.0,0.0,0.0,0.0,0.0,0.0,0.0,0.0,0.0,0.0,0.0,0.0,0.0,0.0,0.0,0.0,0.0,0.0,0.0,0.0,0.0,0.0,9.642327226220164,0.5977705066714004,1.2217039774572398,1.1054970746851824,0.0683440060131475,1.153363738153664,9.059360850969634,1.3984668948340466,0.588347046173739,0.0884733819887116,0.0260878330111451,0.0793004799447653,0.1434348751602026,1.8033726815134636,0.6913683858857784,1.2842672772398542
W0031,6,0.0,0.0,0.0,0.0,0.0,0.0,0.0,0.0,0.0,0.0,0.0,0.0,0.0,0.0,0.0,0.0,0.0,0.0,0.0,0.0,0.0,0.0,0.0,0.0,0.0,0.0,0.0,0.0,0.0,6.08616525129083,0.1181414666812162,0.3337880942743437,0.6433284222509996,-0.0097607759995016,1.2870807779620688,10.587509668897653,0.2252099634929253,0.1433689794280979,-0.0009256198135517,-0.0414558326075994,-0.0021901719697752,0.1578688254478081,2.098857111228204,0.98007960598529,1.6157271517812926
W0032,0,0.0,0.1034482758620689,0.1034482758620689,0.1034482758620689,0.1034482758620689,0.1034482758620689,0.1034482758620689,0.1034482758620689,0.1034482758620689,0.1034482758620689,0.1034482758620689,0.1034482758620689,0.1034482758620689,0.1034482758620689,0.1034482758620689,0.1034482758620689,0.1034482758620689,0.1034482758620689,0.1034482758620689,0.1034482758620689,0.1034482758620689,0.1034482758620689,0.1034482758620689,0.1034482758620689,0.1034482758620689,0.1034482758620689,0.1034482758620689,0.1034482758620689,0.1034482758620689,0.1034482758620689,35.0,0.0,0.0,0.0,0.0,0.0,0.0,0.0,0.0,0.0,0.0,0.0,0.0,0.0,0.0
W0032,3,0.0,0.2244909634070113,0.2862673252320729,0.8391234234490071,0.4633579601116178,0.2122949668497265,0.8417094309583601,0.1430374062594239,0.4833303732555061,0.2569580775117927,0.216786185654402,0.2452053796927572,0.6905382615301952,0.1946780747813877,0.2192785853807095,0.3684154828951874,0.8024947830070814,0.497386096298561,1.0725182429706914,0.2320185837953851,0.3505826524877178,0.2215528142725527,0.4434487613111645,0.2262597061786772,0.3047414744779469,0.2365473227463986,0.3385971403548142,0.3273533043334996,0.9647862569932592,0.1746629040558038,0.073275244417998,0.7112231082367685,0.3674742771757296,0.333025426487704,0.3052822587485723,0.2508635132835866,0.4985077433696166,0.303841557577604,0.0914289803217048,0.1135172840339077,0.2664714240306963,0.3057730364070161,3.471159594997085,2.877003396627066,3.625417371331242
W0032,6,0.0,0.1174435384904821,0.159938237101713,0.529817205560923,0.2884071100859081,0.1014525583922608,0.2772526041971733,0.0753144847698637,0.1702579736095433,0.107720437092434,0.0715849315000481,0.1109286495620818,0.3221297541674578,0.0688059287825355,0.1209783692984513,0.1583687410962226,0.4591994127000788,0.2028500411913754,0.6007998438963392,0.1237257353999423,0.1151608089642519,0.0992376699532196,0.1693337566517059,0.1081506213409637,0.1383175687492006,0.1203448597260856,0.1414831420445256,0.223030984598007,0.5607116817657929,0.0870901951024017,0.0247391874885771,0.2518880119634347,0.1337508641573292,0.1223111819857509,0.0596036494882702,0.0824540707689275,0.1029964903163784,0.1074586935047326,0.0603212827122889,0.0221724911599403,0.167704640066153,0.1866814138400785,3.6789969072622,2.9549858561645124,4.389085410019121
W0033,0,0.1034482758620689,0.0,0.1034482758620689,0.1034482758620689,0.1034482758620689,0.1034482758620689,0.1034482758620689,0.1034482758620689,0.1034482758620689,0.1034482758620689,0.1034482758620689,0.1034482758620689,0.1034482758620689,0.1034482758620689,0.1034482758620689,0.1034482758620689,0.1034482758620689,0.1034482758620689,0.1034482758620689,0.1034482758620689,0.1034482758620689,0.1034482758620689,0.1034482758620689,0.1034482758620689,0.1034482758620689,0.1034482758620689,0.1034482758620689,0.1034482758620689,0.1034482758620689,0.1034482758620689,35.0,0.0,0.0,0.0,0.0,0.0,0.0,0.0,0.0,0.0,0.0,0.0,0.0,0.0,0.0
W0033,3,0.425725970049806,0.0,0.2963287063944035,0.9803887812481964,0.5955038465467193,0.2015511198759348,0.9490097199870032,0.1931325703696115,0.3898954976818002,0.260998002575175,0.2018747901811516,0.2486127687974878,0.65338827536583,0.1266003467166228,0.1928581913043887,0.4066032481615953,0.9731459090985488,0.4428754378021794,1.1445510017990896,0.2660805192945817,0.3062339720759454,0.2407962077239475,0.4403755773207409,0.2048692046983692,0.3324307180631088,0.1943127452953732,0.279239854273719,0.3258883803460387,0.9516681709769464,0.1784910072743887,0.0718563054035868,0.7311276946113536,0.6510936674491546,0.3251543388192017,0.352661109671916,0.2852469875689937,0.3589389785927924,0.3167290534913925,0.2536428854938672,0.2114220649222683,0.3795007090126321,0.3824307032798729,3.725421208244841,2.508470286910907,3.6499764878399694
W0033,6,0.2613216982458464,0.0,0.1347351633466688,0.4867296011258598,0.2660012840630295,0.1071923524460546,0.426327161289258,0.0945414042891957,0.1924316350163923,0.1055775237161606,0.0876570920467974,0.1055478139907265,0.2799686088642406,0.0739337398359148,0.0962399421968734,0.1815862211336628,0.4431911858509155,0.148274698193908,0.5116266006039207,0.1050813728406881,0.1205789002029222,0.0958415341229321,0.1918834731978387,0.0774054617767985,0.1409080936204204,0.1214821918742907,0.1217359259036195,0.1881872680013575,0.6198246731559117,0.0973632051028294,-0.0226951412475233,0.1272316735606717,0.1611125619619456,0.033884059131788,0.0631011797619283,0.1166922749115965,0.0275073663617265,0.0292127511733293,0.090438805729242,0.0112595366364621,0.1489364961619305,0.0956376046015435,2.963311790499821,3.1373148555822103,4.046250086701068
W0034,0,0.1034482758620689,0.1034482758620689,0.0,0.1034482758620689,0.1034482758620689,0.1034482758620689,0.1034482758620689,0.1034482758620689,0.1034482758620689,0.1034482758620689,0.1034482758620689,0.1034482758620689,0.1034482758620689,0.1034482758620689,0.1034482758620689,0.1034482758620689,0.1034482758620689,0.1034482758620689,0.1034482758620689,0.1034482758620689,0.1034482758620689,0.1034482758620689,0.1034482758620689,0.1034482758620689,0.1034482758620689,0.1034482758620689,0.1034482758620689,0.1034482758620689,0.1034482758620689,0.1034482758620689,35.0,0.0,0.0,0.0,0.0,0.0,0.0,0.0,0.0,0.0,0.0,0.0,0.0,0.0,0.0
W0034,3,0.4947563770610952,0.2112565415303127,0.0,0.8868361749527799,0.6111444613126639,0.1870547331362637,0.9888633307033456,0.1825491295926613,0.4646821408156903,0.2420158588795808,0.156075171852501,0.2549659631938079,0.6959710530504643,0.1571380888564507,0.2343051250335588,0.4755944313793765,0.8651908079299679,0.4210527510627828,1.0152415190418689,0.2529808568960834,0.2684284318821078,0.2356945921477712,0.4591299431271343,0.2304167439839672,0.3008300405420971,0.2332888754296335,0.2868778138432402,0.4515285230306062,1.142549767426102,0.1842875879259501,0.0498706548128604,0.6046557143557414,0.5172769096815983,0.3057527779460942,0.2454429528348014,0.2557332414439436,0.3389738926704739,0.1460736027283591,0.2054270070915685,0.1344237423471974,0.2979640624852856,0.3103382746200868,3.117530431428614,3.1152807406299776,3.370739186786369
W0034,6,0.2155463703518056,0.1304598561200473,0.0,0.4289825474948908,0.2319038128168311,0.081292985510452,0.4211769567329173,0.0867935664797029,0.1690202493240759,0.0923908931402184,0.0697034596740684,0.1022884527838596,0.3275424998737211,0.1015121898590043,0.0945997994053601,0.1927371951597055,0.4548784432720771,0.173343899762749,0.4830154795986889,0.1173143109874883,0.0991128911865781,0.1231307424377786,0.1794684856208421,0.0872763992737405,0.1657449338496374,0.1247446951224233,0.1371897186698916,0.1960810195241704,0.6085668755850263,0.113618629577955,-0.0103348625266195,0.1826133581018907,0.12459754898949,0.0977022557896833,0.0795304951948873,0.0843241355818058,0.0197819503018655,0.0738211580501421,-0.0060760188820207,0.088199181975227,0.0772631287267052,0.1546632849931753,3.2079869473175937,3.2948907610893894,3.672229968629778
W0035,0,0.1034482758620689,0.1034482758620689,0.1034482758620689,0.0,0.1034482758620689,0.1034482758620689,0.1034482758620689,0.1034482758620689,0.1034482758620689,0.1034482758620689,0.1034482758620689,0.1034482758620689,0.1034482758620689,0.1034482758620689,0.1034482758620689,0.1034482758620689,0.1034482758620689,0.1034482758620689,0.1034482758620689,0.1034482758620689,0.1034482758620689,0.1034482758620689,0.1034482758620689,0.1034482758620689,0.1034482758620689,0.1034482758620689,0.1034482758620689,0.1034482758620689,0.1034482758620689,0.1034482758620689,35.0,0.0,0.0,0.0,0.0,0.0,0.0,0.0,0.0,0.0,0.0,0.0,0.0,0.0,0.0
W0035,3,0.4798956258596277,0.2455166778115015,0.2876679106508277,0.0,0.5587960409676619,0.2012731606850267,0.8338664992757284,0.1791909796536568,0.3955345166404594,0.2917964128002026,0.1813348946433807,0.2336061383520072,0.6524047845907051,0.1753807654098133,0.204022593992879,0.4826516619288504,0.731624112744487,0.477170543731514,0.9216303923425836,0.2680170617046599,0.358453941544791,0.2706924062226764,0.3266923023767044,0.2348660318112646,0.2910348746399043,0.2438404401423186,0.3023249190068453,0.4038639401666765,1.0142199272054275,0.2125096995772405,0.0226337910966719,0.8125596981814274,0.4734605501031249,0.5901705584673634,0.3062953982798737,0.1803365941564842,0.3445155387998631,0.3636714219392364,0.112641889103652,0.1609353131267054,0.3201597244941587,0.3685316647823677,2.9913434053702352,3.830701729403143,3.7120905048540167
W0035,6,0.2655085223062637,0.1002342667668045,0.1531533336927834,0.0,0.2667302270947915,0.0949178293127479,0.423417773505976,0.0901469790939257,0.1773194096797825,0.0961017875472912,0.0870073406341817,0.0981461582292217,0.263611914091703,0.0617329549844912,0.1021374670292088,0.1942066796683946,0.4958036954066298,0.1409752612177626,0.5497798729173121,0.109248057677967,0.1505939869695719,0.1079166144086074,0.2125930287380916,0.1023176036237981,0.1223757410359894,0.1169537314181298,0.1662561467790197,0.2144339600188504,0.5618856362539669,0.0932968465702728,0.0382627257222721,0.2490488395411582,0.062778714631114,0.1385129867888942,0.0799444083003484,0.0817546334489791,0.1113447074156568,0.1107528525236941,-0.015301745913782,0.1481292797392298,0.0721470821670342,0.1819226323558049,2.654766730186437,2.602151404358624,4.507880532780056
W0036,0,0.1034482758620689,0.1034482758620689,0.1034482758620689,0.1034482758620689,0.0,0.1034482758620689,0.1034482758620689,0.1034482758620689,0.1034482758620689,0.1034482758620689,0.1034482758620689,0.1034482758620689,0.1034482758620689,0.1034482758620689,0.1034482758620689,0.1034482758620689,0.1034482758620689,0.1034482758620689,0.1034482758620689,0.1034482758620689,0.1034482758620689,0.1034482758620689,0.1034482758620689,0.1034482758620689,0.1034482758620689,0.1034482758620689,0.1034482758620689,0.1034482758620689,0.1034482758620689,0.1034482758620689,35.0,0.0,0.0,0.0,0.0,0.0,0.0,0.0,0.0,0.0,0.0,0.0,0.0,0.0,0.0
W0036,3,0.3762822192365976,0.2793023888205665,0.2923774984297073,0.8689262479635553,0.0,0.1711020998400969,1.017742411759458,0.1730136211930361,0.381844810124981,0.2116197127744428,0.235413878934833,0.2297016941578068,0.6074742609212139,0.2006786464909286,0.2054208065302778,0.4151748913404381,0.9298234871871028,0.4697368820851129,1.0243210090674375,0.2663673796482304,0.2389319766520104,0.2353348742307221,0.4577002920736017,0.2450760908507894,0.2680634509046716,0.2285665790322898,0.3643181291748505,0.3614600063490586,0.9735469431584348,0.2180878340782666,0.0524759571302067,0.858904441980639,0.5315436514155214,0.5080995481923798,0.3648051939501569,0.2798152217802262,0.4539533020960288,0.2714890265727866,0.194535018313658,0.1354654425378691,0.2317558473535596,0.4053373432111351,3.387324975831062,3.1640077412306944,3.5541146579095737
W0036,6,0.2894269345552235,0.1032343923959837,0.1692342595228208,0.5124665956513521,0.0,0.0850148521588886,0.357022907410329,0.0915270312973166,0.1933097116133355,0.0891335549031782,0.0687117693339109,0.1168048687491697,0.2684292952151266,0.0776652059371029,0.0814009894959734,0.1990359095593238,0.4454084750462574,0.2095018149615696,0.5246727974366423,0.118983761992939,0.1300770498347111,0.1128972846774403,0.1720275934347209,0.0936345861106249,0.1550340087044557,0.1123843605591491,0.131295771254171,0.2451735733185903,0.4393457014038828,0.0942841877933226,0.0618688182202405,0.1900403115001402,0.2360772933783759,0.2624545887400814,0.1071322371557183,0.0686763277649227,0.1202684925453866,0.1079796492469117,0.037562204513136,0.1040529992285557,0.1296710262201909,0.1777178381269006,3.1536599148109703,2.642335320661528,4.201348662855776
W0037,0,0.1034482758620689,0.1034482758620689,0.1034482758620689,0.1034482758620689,0.1034482758620689,0.0,0.1034482758620689,0.1034482758620689,0.1034482758620689,0.1034482758620689,0.1034482758620689,0.1034482758620689,0.1034482758620689,0.1034482758620689,0.1034482758620689,0.1034482758620689,0.1034482758620689,0.1034482758620689,0.1034482758620689,0.1034482758620689,0.1034482758620689,0.1034482758620689,0.1034482758620689,0.1034482758620689,0.1034482758620689,0.1034482758620689,0.1034482758620689,0.1034482758620689,0.1034482758620689,0.1034482758620689,35.0,0.0,0.0,0.0,0.0,0.0,0.0,0.0,0.0,0.0,0.0,0.0,0.0,0.0,0.0
W0037,3,0.4359084191792799,0.2629381612162532,0.3661684717142929,0.7852721489368075,0.4650734755600646,0.0,0.7609452992477513,0.1709143394937269,0.3471794411607362,0.2112224175327785,0.2229081680519347,0.2352212184700599,0.6516223012370994,0.1811316342753775,0.2236074049881464,0.4317881570417141,0.8076911628000479,0.4444353188238408,1.1369597248635226,0.2575426839460575,0.2701093353670186,0.2851808068491696,0.3581583238250753,0.1997329210338349,0.3094488353623067,0.2562332671520514,0.3027920831202427,0.3360551944934872,0.8786024786584647,0.1936831995006479,0.083958628382451,0.7295751768853201,0.4878136048263062,0.3579693565911601,0.3350952719839041,0.2362755283660068,0.4050116183397362,0.3195832674879448,0.1632699656673567,0.1509336790265309,0.2339901782813959,0.4082851459541859,3.023830484992953,3.332293271246994,3.3577910448891624
W0037,6,0.2203763665880422,0.1142053024458893,0.1340157104365292,0.508407107862234,0.2457294600390266,0.0,0.3825439602035838,0.0918437181458973,0.1892117802296066,0.0769920108593962,0.0933881638677975,0.132090526524527,0.3127930787227909,0.0682653377857155,0.104230319268495,0.1606913629235637,0.3744864086889052,0.1875146471603124,0.4700310323756861,0.1035286412726248,0.1084213506434321,0.1067384422663117,0.1755999787959808,0.080080959380737,0.127072905453471,0.1260163906753983,0.134173006656429,0.2093258057228808,0.465549003279232,0.117292648336793,0.0236603343424696,0.1571391806169596,0.0979524668461988,0.1021925985949412,0.1200775811288628,0.0087326568689986,0.093188238161435,0.0867848324611304,-0.0315280983294603,0.0126090155575059,0.060475321777758,0.1860607962938352,2.3802616721754686,2.9709423994676345,4.877762650055882
W0038,0,0.1034482758620689,0.1034482758620689,0.1034482758620689,0.1034482758620689,0.1034482758620689,0.1034482758620689,0.0,0.1034482758620689,0.1034482758620689,0.1034482758620689,0.1034482758620689,0.1034482758620689,0.1034482758620689,0.1034482758620689,0.1034482758620689,0.1034482758620689,0.1034482758620689,0.1034482758620689,0.1034482758620689,0.1034482758620689,0.1034482758620689,0.1034482758620689,0.1034482758620689,0.1034482758620689,0.1034482758620689,0.1034482758620689,0.1034482758620689,0.1034482758620689,0.1034482758620689,0.1034482758620689,35.0,0.0,0.0,0.0,0.0,0.0,0.0,0.0,0.0,0.0,0.0,0.0,0.0,0.0,0.0
W0038,3,0.3913300750994477,0.2537835060187776,0.3451716567090931,0.8942349772179493,0.5769089030653908,0.1901270485389085,0.0,0.1779569615449028,0.4410242267035081,0.2351937594485278,0.2000231050920299,0.2026836170755903,0.5975166796337519,0.200514821779886,0.2191703706043111,0.4636203914620267,0.9507118152926496,0.4620197334132009,1.1196240692104735,0.2502894475527668,0.2781323915364753,0.2862779628734244,0.3823965928592676,0.2411500750722184,0.3218966818784661,0.1899623348833536,0.3161669850421743,0.4136226814889931,0.8946829752150331,0.1990618992780662,0.00078584277819,0.8577500365956262,0.5228275698085333,0.3881884049683696,0.290102550223231,0.2427602568425464,0.5397314433545425,0.2509958054636568,0.1236953750262795,0.2412077876907614,0.3252226235272392,0.462278346991319,2.738032447541977,2.4978418962419164,3.737223530975835
W0038,6,0.2285079888818633,0.1118386013015743,0.1721377856509958,0.4518005260307315,0.2673147015401915,0.0832624742802947,0.0,0.0674275082832364,0.2381648954147214,0.0868822831046048,0.0879899158841949,0.0952405720620878,0.3638171220885229,0.0737697464968055,0.1137595602729292,0.1805170422193947,0.4402255138295248,0.1940355170065861,0.5131072315566352,0.132140730028606,0.1297144553590832,0.1080383082373961,0.2118440793297664,0.0992567356443909,0.1382072296758877,0.1316044671968221,0.1222312415327667,0.207730849199231,0.5493782993628776,0.085415506923381,0.2020435899803641,0.1450777727804542,0.2209778401343297,0.1152940875334277,0.0986637643772511,0.1013853675165758,0.1826606502244867,0.0638246448552516,0.1020989211270428,0.0514101091002115,0.1218497772436103,0.1363868411750703,2.5372743400792785,2.8527959551523625,3.774021121244555
W0039,0,0.1034482758620689,0.1034482758620689,0.1034482758620689,0.1034482758620689,0.1034482758620689,0.1034482758620689,0.1034482758620689,0.0,0.1034482758620689,0.1034482758620689,0.1034482758620689,0.1034482758620689,0.1034482758620689,0.1034482758620689,0.1034482758620689,0.1034482758620689,0.1034482758620689,0.1034482758620689,0.1034482758620689,0.1034482758620689,0.1034482758620689,0.1034482758620689,0.1034482758620689,0.1034482758620689,0.1034482758620689,0.1034482758620689,0.1034482758620689,0.1034482758620689,0.1034482758620689,0.1034482758620689,35.0,0.0,0.0,0.0,0.0,0.0,0.0,0.0,0.0,0.0,0.0,0.0,0.0,0.0,0.0
W0039,3,0.4299046561782502,0.2214833877475786,0.3065728396442823,0.8750882767082329,0.5070757322137645,0.1671272487228717,0.6810479178381914,0.0,0.4166067942210126,0.2523230450478992,0.1718215776915357,0.2202543243214837,0.7686389576355063,0.1778323388150067,0.2184406876448112,0.3854410603389981,0.9550616109561828,0.4054671825145105,0.9349866665042208,0.2468763018068244,0.2738932820781241,0.2232897578672066,0.3903308974141873,0.2286032123452792,0.3239529906629977,0.2226451247761595,0.2454071799751146,0.3442476125820664,1.0301576789731808,0.203946549739885,-0.038472288093593,0.6137280861959725,0.3140365442078753,0.3741929955046546,0.3801586756784411,0.2573391277133624,0.3420406237930198,0.3727069254901339,0.1074517289677789,0.1901772691685036,0.1827037402549359,0.3377705204369345,2.7869556178499244,3.637892929187532,3.1602834509521363
W0039,6,0.2681090527464795,0.1159781395757704,0.1612877060346962,0.351808751673264,0.2606212339946209,0.1012698172130188,0.3827696319693028,0.0,0.1670449707576421,0.0959875207526004,0.0817067167277808,0.0932673498912346,0.2683409399126626,0.0855817062386896,0.114184863443665,0.2268203989965748,0.4084090367583869,0.2033239666965102,0.6560914583231974,0.0869729171481513,0.1196172879591982,0.1143179488608819,0.1530507912738828,0.0729914040289202,0.1331182164546664,0.1212564122348179,0.1213261399925091,0.2277850031358048,0.5297135107984994,0.089152780210682,-0.0821068707975748,0.1710212650996178,0.166246774559273,0.0410986954823343,0.0953593314304338,0.0464429202936749,0.1600620695083333,0.1574157110181439,0.0645025518663485,0.142780636697215,0.0729487082469039,0.1507796531932041,2.8844164285027807,2.931751688089139,4.35326404448008
W0040,0,0.1034482758620689,0.1034482758620689,0.1034482758620689,0.1034482758620689,0.1034482758620689,0.1034482758620689,0.1034482758620689,0.1034482758620689,0.0,0.1034482758620689,0.1034482758620689,0.1034482758620689,0.1034482758620689,0.1034482758620689,0.1034482758620689,0.1034482758620689,0.1034482758620689,0.1034482758620689,0.1034482758620689,0.1034482758620689,0.1034482758620689,0.1034482758620689,0.1034482758620689,0.1034482758620689,0.1034482758620689,0.1034482758620689,0.1034482758620689,0.1034482758620689,0.1034482758620689,0.1034482758620689,35.0,0.0,0.0,0.0,0.0,0.0,0.0,0.0,0.0,0.0,0.0,0.0,0.0,0.0,0.0
W0040,3,0.531465959413981,0.2271623459110096,0.2606420209430033,0.8903086507579152,0.6616745781474541,0.2023449561008871,0.8582700295919305,0.177795219444871,0.0,0.2006179853830709,0.189095270861138,0.2240638516688282,0.7128006112874667,0.1513813844555778,0.2012518562446307,0.4471221659852067,0.7448967814921245,0.3853908061819062,0.9479330217462246,0.2614766109353418,0.2950959276757887,0.227953933380206,0.4141134048868347,0.2224455152433443,0.3433961709266864,0.2174927111704062,0.3098333660285637,0.4241231199987073,0.9733968466776668,0.1840587995483579,0.0248800448512667,0.5568738983178887,0.4241960587126847,0.4509081483386412,0.4069897193809503,0.1616958881494326,0.3740612501277671,0.4306440637694101,0.095364293688834,0.1724703623050992,0.3837669875500291,0.4420822566237105,3.093057089792733,3.3147858654048195,3.5933792995764144
W0040,6,0.2264100699840067,0.1183538820929122,0.1788169699060902,0.4428534192376708,0.2592313626650224,0.1086418603763216,0.412813453838144,0.094918810801193,0.0,0.0935533752718412,0.0695790288624957,0.1217210919627417,0.2998752101553869,0.0783660253663237,0.0984514450709094,0.1975566689367373,0.4518320497372639,0.1919398061498505,0.5721702887949562,0.1050689819875874,0.1114160955075304,0.1144481879632283,0.1951578562015082,0.0916764634417566,0.122227327230513,0.1061617699312284,0.1371901568078693,0.2456735327173956,0.555527250768656,0.0848957385307932,0.0528198208855162,0.2167363633989617,0.2438930548069719,0.0924224468570557,0.1121484012617793,0.0882734711110019,0.0679409241268128,0.1025969159079708,0.091294782733519,0.0312042071068248,0.1060841692318571,0.2177754310889352,2.898999215176245,3.134323747472352,3.905947270232693
W0041,0,0.1034482758620689,0.1034482758620689,0.1034482758620689,0.1034482758620689,0.1034482758620689,0.1034482758620689,0.1034482758620689,0.1034482758620689,0.1034482758620689,0.0,0.1034482758620689,0.1034482758620689,0.1034482758620689,0.1034482758620689,0.1034482758620689,0.1034482758620689,0.1034482758620689,0.1034482758620689,0.1034482758620689,0.1034482758620689,0.1034482758620689,0.1034482758620689,0.1034482758620689,0.1034482758620689,0.1034482758620689,0.1034482758620689,0.1034482758620689,0.1034482758620689,0.1034482758620689,0.1034482758620689,35.0,0.0,0.0,0.0,0.0,0.0,0.0,0.0,0.0,0.0,0.0,0.0,0.0,0.0,0.0
W0041,3,0.4441802135347792,0.2628392285364831,0.3237691033148362,0.8308922044928785,0.5444447680470215,0.1900322950195305,0.8765470617246649,0.143921123605044,0.5108901571991193,0.0,0.1586045548321381,0.2222153843537337,0.6816773539518362,0.1854429796046404,0.1879891441378189,0.3835713741066637,0.8228148092862158,0.3582434001208991,1.1307530698756447,0.2205131436667953,0.2686305633147554,0.2498767494131196,0.3414990660202891,0.1537633458542119,0.2940462197107003,0.2285565720673424,0.3229941429818856,0.3452819394969422,0.9909603192772876,0.2109327598364751,0.0435506898810372,0.6595870748082354,0.5521006762083183,0.2429940070916227,0.2443346946425685,0.288586440960939,0.2345943861007228,0.3346399848672466,0.1626633181944751,0.0870798746841611,0.2462192539315905,0.2335729046253796,2.861011539279702,3.234089142510846,3.072459367224048
W0041,6,0.2272011495146217,0.1010743882616716,0.1622750694468434,0.4598199111039329,0.231059636957293,0.0978854352040017,0.408990248576101,0.0858848232802015,0.2236326708918933,0.0,0.0865779472863362,0.1107925189588721,0.3000255770985578,0.06741027850343,0.109793628022817,0.1872397000678354,0.4445273350580918,0.193244883318632,0.4921924032243804,0.114185915776144,0.1314544187143272,0.0919415400612963,0.1855228316163861,0.1058248246915506,0.1369007390767852,0.1340638039161076,0.1269446301569061,0.1863002639344175,0.5891435685712733,0.0886986706844127,0.0213315413811544,0.1536967232584842,0.2115076403873571,0.0831357550522859,0.1174706093226161,0.0962243163417743,0.0186746635064698,0.1132998618523282,0.038240961588357,0.1344845572137899,0.1218806093556578,0.1339008141076166,2.6756047912140373,2.781411073868275,3.567813170804172
W0042,0,0.1034482758620689,0.1034482758620689,0.1034482758620689,0.1034482758620689,0.1034482758620689,0.1034482758620689,0.1034482758620689,0.1034482758620689,0.1034482758620689,0.1034482758620689,0.0,0.1034482758620689,0.1034482758620689,0.1034482758620689,0.1034482758620689,0.1034482758620689,0.1034482758620689,0.1034482758620689,0.1034482758620689,0.1034482758620689,0.1034482758620689,0.1034482758620689,0.1034482758620689,0.1034482758620689,0.1034482758620689,0.1034482758620689,0.1034482758620689,0.1034482758620689,0.1034482758620689,0.1034482758620689,35.0,0.0,0.0,0.0,0.0,0.0,0.0,0.0,0.0,0.0,0.0,0.0,0.0,0.0,0.0
W0042,3,0.4528169993217256,0.2366898336661474,0.2538462483454086,0.9983296247915904,0.5335938235076212,0.1706263951780996,0.6551371379091843,0.1467717498527148,0.4370498509621898,0.2317659399092277,0.0,0.2398094807766604,0.6321672765350428,0.2055319163447931,0.2210521835975098,0.404960561659731,0.9596134568142132,0.4140158253445395,0.998505277292882,0.2234395677807511,0.2761276545455133,0.2548326399047755,0.4193914815264541,0.1909461814920272,0.2734484611581121,0.2195576515360026,0.2972875343036894,0.3710704897403646,0.8691594044132578,0.2151135440893545,0.0293223124985059,0.6080959201806871,0.5643094077458974,0.2999340002825549,0.3252868199324861,0.1948722506498536,0.3574274359889335,0.3507753034197585,0.08667503983052,0.0383132802719671,0.4275548711020067,0.4362070997950912,3.028318049355493,3.1639417232711686,3.828081312639497
W0042,6,0.2564492938672377,0.1103885149716284,0.1418150515118184,0.4899002301119921,0.2394293390180293,0.0757538198197501,0.425454141362761,0.0897653350784718,0.2024428477539709,0.0977642733853001,0.0,0.0998097512382028,0.3158225082757812,0.0637200268165023,0.0909035637830188,0.166371080965214,0.4729080634142883,0.1587608581849089,0.5293826818588068,0.0975032429246494,0.125617293441331,0.1151988300675003,0.1770565801774431,0.0819167765285394,0.1382908679777525,0.1384039883593202,0.1264977402910816,0.206950994308147,0.5112560272989582,0.1089830355264937,0.060274511336695,0.170676440857839,0.1144814242181345,0.1271081168203038,0.0656616301700494,0.0918841033985094,0.157271757687422,0.0794215338943545,0.0598479666112109,0.0694561441555009,0.1984414871543265,0.1832900876754685,2.4644636413233423,2.8833667720095595,4.425240270053564
W0043,0,0.1034482758620689,0.1034482758620689,0.1034482758620689,0.1034482758620689,0.1034482758620689,0.1034482758620689,0.1034482758620689,0.1034482758620689,0.1034482758620689,0.1034482758620689,0.1034482758620689,0.0,0.1034482758620689,0.1034482758620689,0.1034482758620689,0.1034482758620689,0.1034482758620689,0.1034482758620689,0.1034482758620689,0.1034482758620689,0.1034482758620689,0.1034482758620689,0.1034482758620689,0.1034482758620689,0.1034482758620689,0.1034482758620689,0.1034482758620689,0.1034482758620689,0.1034482758620689,0.1034482758620689,35.0,0.0,0.0,0.0,0.0,0.0,0.0,0.0,0.0,0.0,0.0,0.0,0.0,0.0,0.0
W0043,3,0.4210185294528978,0.2202261452116306,0.3001689471142107,1.0368027003115587,0.5940063485579309,0.2113049184373272,0.8855805106991601,0.1398848401822997,0.3816504368099328,0.2191588822574958,0.1988014210420471,0.0,0.6321311820294363,0.1832452467415849,0.1903709425943888,0.4194193678694247,0.7143291004887737,0.4753262493036254,1.1044210482056456,0.2586386370944196,0.2975925600415803,0.2250578788968455,0.3861354429994124,0.2103229420305415,0.3433484801054793,0.2090710876298629,0.2934326576628307,0.4190741677811005,1.0635658408545492,0.1886318239464988,0.022656640442437,0.6882286769815649,0.458698047608689,0.3568744614331831,0.3703037179958707,0.3094989692831026,0.5518184376655084,0.3087578386388718,0.1591882399059901,0.2201460860563365,0.234814370530419,0.3351299994893735,2.766250659741658,2.6193194661927457,3.887183837521768
W0043,6,0.2023290396622667,0.0963632057477858,0.1414313609223942,0.4037783173936692,0.2351114789404364,0.1032393102730315,0.4074382948503595,0.0733957631504144,0.1637873770094033,0.1003511211314891,0.0982306485008739,0.0,0.3057812789003709,0.0793492196892433,0.09902868947114,0.2189762685002411,0.4553119715862853,0.1771510355672755,0.5112608101558883,0.1179534879810761,0.1356847520692087,0.1216020035237928,0.1597262139797567,0.0907691617177359,0.1503467166544292,0.1116511708730399,0.1476575322013648,0.165412411654958,0.4760123796700586,0.0993941274181458,0.0580205377389366,0.2103974669888692,0.1090751262146786,0.0885617407897243,0.0552272806389954,0.0841772595914049,0.0960107851829696,0.0884667027312147,0.0500835513145082,0.1124958846330482,0.0615412944978977,0.1945084477359259,3.252139623249926,3.068810151695786,3.6975965698597433
W0044,0,0.1034482758620689,0.1034482758620689,0.1034482758620689,0.1034482758620689,0.1034482758620689,0.1034482758620689,0.1034482758620689,0.1034482758620689,0.1034482758620689,0.1034482758620689,0.1034482758620689,0.1034482758620689,0.0,0.1034482758620689,0.1034482758620689,0.1034482758620689,0.1034482758620689,0.1034482758620689,0.1034482758620689,0.1034482758620689,0.1034482758620689,0.1034482758620689,0.1034482758620689,0.1034482758620689,0.1034482758620689,0.1034482758620689,0.1034482758620689,0.1034482758620689,0.1034482758620689,0.1034482758620689,35.0,0.0,0.0,0.0,0.0,0.0,0.0,0.0,0.0,0.0,0.0,0.0,0.0,0.0,0.0
W0044,3,0.5653337929976974,0.2473966016951222,0.3472561117034107,0.8836603743336942,0.5146149895676904,0.1728026513187061,0.8554692030989925,0.1689713532541207,0.4802662870240367,0.2137078850638165,0.2094808542502798,0.2765615146304939,0.0,0.2061322425277768,0.2224113308788958,0.4586848922466691,0.9532492501728403,0.5212124218173275,0.8759132372511258,0.2809031373744635,0.3163814447717529,0.2642919340478182,0.4298359447437295,0.2199055315638011,0.2872897100544453,0.302962302462013,0.3704408409824545,0.4476748633349071,0.9204380872739624,0.261345742959581,0.0379608327958205,0.685207049161997,0.4461703064209075,0.2925667994480636,0.1952915160439432,0.2403563565700441,0.3837709054403981,0.2679984182439824,0.1326186833386044,0.1899200982069059,0.247260696460921,0.5701872646565651,2.9367790920798127,2.891180013509312,3.7796792314514738
W0044,6,0.2280310606587013,0.1210088889496995,0.1621807796745555,0.5455904780395462,0.2895493995027238,0.0770611749223464,0.437477831602776,0.0718828342982624,0.1963333254180105,0.0844224556681562,0.0867052939985943,0.105850814648767,0.0,0.0865158149129937,0.1087717800124377,0.2044807248018099,0.519074199548756,0.2246451052414874,0.4547347450646826,0.1029863799681027,0.1290609237028775,0.0949554234346209,0.1905278271505775,0.0845770236172111,0.1208200391923222,0.1506199106947304,0.1175929609753966,0.2250651348974234,0.5754682212488396,0.1031423542896154,-0.0007228825073851,0.2510492930700183,0.1151490019120338,0.036945177514668,0.0509121488908467,-0.0477495980918192,0.1700736790051765,0.0533076135173351,0.1133424964902833,0.0748701802840912,0.077826055431259,0.276059855638027,2.8065561768888423,2.5007136690385248,4.041821123474814
W0045,0,0.1034482758620689,0.1034482758620689,0.1034482758620689,0.1034482758620689,0.1034482758620689,0.1034482758620689,0.1034482758620689,0.1034482758620689,0.1034482758620689,0.1034482758620689,0.1034482758620689,0.1034482758620689,0.1034482758620689,0.0,0.1034482758620689,0.1034482758620689,0.1034482758620689,0.1034482758620689,0.1034482758620689,0.1034482758620689,0.1034482758620689,0.1034482758620689,0.1034482758620689,0.1034482758620689,0.1034482758620689,0.1034482758620689,0.1034482758620689,0.1034482758620689,0.1034482758620689,0.1034482758620689,35.0,0.0,0.0,0.0,0.0,0.0,0.0,0.0,0.0,0.0,0.0,0.0,0.0,0.0,0.0
W0045,3,0.4704814556968616,0.2004205332106774,0.2730433885896671,0.8877541412655721,0.4481365943307836,0.2130280250017469,0.7549166864642526,0.1815240265348773,0.5338976456382594,0.2761211745633699,0.1834479797670395,0.2167447555016101,0.6317471760592507,0.0,0.242844700168971,0.4157152616015254,0.76217063358918,0.3886586046180308,0.9150422839435034,0.2209553138583991,0.304857246960518,0.2439484859525585,0.3336194980950567,0.2070157033311964,0.2100584252882671,0.1891754675850807,0.2383814324889332,0.3960099911197191,0.8555457346936867,0.1849800504066895,0.0688084859241228,0.6195499715128625,0.4620111732410713,0.3778057338563647,0.2876347168894124,0.2543228181244862,0.3866464922612299,0.3536964611417797,0.2051546085236913,0.145401113770042,0.2061955217574938,0.4302892741184554,3.2796196044475976,2.95943152525198,3.708326684925656
W0045,6,0.2099918920773133,0.1023021192955116,0.1452101423467081,0.4051611716697403,0.245467037519353,0.0702533948934968,0.384797842876281,0.0905544300458471,0.1790365354726662,0.097061807673365,0.0825873442720941,0.0870335685687467,0.365892200543564,0.0,0.1173581251628736,0.1816202852010207,0.5380178281738174,0.206788911260863,0.4697030532198615,0.1089781194508821,0.1208685669043863,0.0815186123692983,0.1754471930181242,0.0976506440926823,0.1311765039911003,0.1336947086076267,0.127861334602537,0.1675395967620259,0.5106870175429008,0.0675775946759536,0.0019471543228701,0.2175141709948517,0.0992048392895732,0.121039246414678,0.0425866592034541,0.1336725143336059,0.1639303095664347,0.1251214577688867,0.0893488395425321,-0.0333323976408604,0.040096892301913,0.192988414978492,2.523519424036077,2.5142384980918124,3.747210678087548
W0046,0,0.1034482758620689,0.1034482758620689,0.1034482758620689,0.1034482758620689,0.1034482758620689,0.1034482758620689,0.1034482758620689,0.1034482758620689,0.1034482758620689,0.1034482758620689,0.1034482758620689,0.1034482758620689,0.1034482758620689,0.1034482758620689,0.0,0.1034482758620689,0.1034482758620689,0.1034482758620689,0.1034482758620689,0.1034482758620689,0.1034482758620689,0.1034482758620689,0.1034482758620689,0.1034482758620689,0.1034482758620689,0.1034482758620689,0.1034482758620689,0.1034482758620689,0.1034482758620689,0.1034482758620689,35.0,0.0,0.0,0.0,0.0,0.0,0.0,0.0,0.0,0.0,0.0,0.0,0.0,0.0,0.0
W0046,3,0.4561184816746647,0.2709027758546764,0.2977585968762111,0.8214179080461406,0.6429049092899901,0.1854129887103151,0.8592893602330041,0.1602485635299077,0.3979988715053175,0.2695725732156779,0.2096038376730091,0.245050447539789,0.6573311953325983,0.1727314608449772,0.0,0.4644313591026149,0.8307703676193684,0.4137747242827649,1.0233140234434532,0.2222916954479985,0.2640454049425553,0.218645475418996,0.3182794767520336,0.2092303891647438,0.3002597348928619,0.2335581141327009,0.3302820840163197,0.2951010845025989,0.8953482012657888,0.2036264296627721,0.0539459089117671,0.6412352446003919,0.434566319011319,0.4406405738627658,0.3595103654808716,0.3231578235244624,0.4849839241878081,0.3672565554712066,0.2107087337168821,0.1679452880425072,0.2503855254069203,0.4291868338236221,2.8264006791769027,3.0801861450171524,3.625425052432476
W0046,6,0.2030554439305261,0.1120145644961715,0.1506751009465868,0.467862585184412,0.2828376243688743,0.0836013842361265,0.405215710063033,0.0676464635791085,0.2356211860756214,0.0903530429755331,0.0889866036070009,0.1199160744465018,0.3402750139866368,0.0593424400747815,0.0,0.1844105067949209,0.5368453892415637,0.1727030934491044,0.5251278294779737,0.1050521612016355,0.1114945601372221,0.1303681875059922,0.1775781358016989,0.0886000455501579,0.1461344429018403,0.1547758854898308,0.1328966314413101,0.2140120312187433,0.5775696015106083,0.1018624716686182,0.051039599293236,0.2326969755215425,0.0807769368159811,0.0438265228288287,0.0341215319115686,-0.0246913762045084,0.0521293125381571,0.098190733052778,0.0397567386417294,0.0935992340846139,0.1139330122937016,0.268701936703566,2.852868651275254,3.0429857303106225,5.060313458590668
W0047,0,0.1034482758620689,0.1034482758620689,0.1034482758620689,0.1034482758620689,0.1034482758620689,0.1034482758620689,0.1034482758620689,0.1034482758620689,0.1034482758620689,0.1034482758620689,0.1034482758620689,0.1034482758620689,0.1034482758620689,0.1034482758620689,0.1034482758620689,0.0,0.1034482758620689,0.1034482758620689,0.1034482758620689,0.1034482758620689,0.1034482758620689,0.1034482758620689,0.1034482758620689,0.1034482758620689,0.1034482758620689,0.1034482758620689,0.1034482758620689,0.1034482758620689,0.1034482758620689,0.1034482758620689,35.0,0.0,0.0,0.0,0.0,0.0,0.0,0.0,0.0,0.0,0.0,0.0,0.0,0.0,0.0
W0047,3,0.4184679882064471,0.197623040235681,0.3344206330816047,0.8763876314116307,0.5479001248896556,0.1938501974104923,0.8710159242092494,0.1503078033041128,0.509624831317464,0.226438392522689,0.179297623263789,0.2353077311162659,0.8141259119381794,0.1918997361044034,0.2237218397576029,0.0,0.931306455925198,0.4768048330098004,1.0861361275321306,0.2731541062792499,0.3055778830882318,0.2528064752630756,0.3684940978862312,0.215444773060952,0.330506337210241,0.2445325620773392,0.3266112616098253,0.4204674870865573,0.9712745303189692,0.2061257370089695,0.1320554555804395,0.6838308573549241,0.4543767495193814,0.3009369031074141,0.3143305690804657,0.1541493164384202,0.4570110652970388,0.3027810291240271,0.1477223775743714,0.2641250772898514,0.2706780753384437,0.4443893201760466,3.2324891063896355,3.568454505386901,3.715348910527542
W0047,6,0.1992207744953427,0.128622022088953,0.1424260410607531,0.4539845469957714,0.2674284434243067,0.0833740800923248,0.4499173616721174,0.0673283412128882,0.2143742239293715,0.0961374819628964,0.085469087640279,0.1028047156839494,0.3512264728372324,0.0731638866308633,0.0885154064509708,0.0,0.4601537878389378,0.2179761362098678,0.5019133995776414,0.1122719438269017,0.1110153958391395,0.1475277518691943,0.1846671855638027,0.0946261377966756,0.1556179893634943,0.1010783956633332,0.1341036631966649,0.2018216836724791,0.5517515580331253,0.1150542821055786,0.0441145598668509,0.1682719544490368,0.0900579677381757,0.1127335934285675,-0.0543841518824811,0.1455513729002111,0.0478846919482729,0.0605323188344105,0.0277500513255389,0.1035781452415583,0.1810852151321915,0.0672367362641333,3.0054825757949915,3.4430275187604487,4.708108649621276
W0048,0,0.1034482758620689,0.1034482758620689,0.1034482758620689,0.1034482758620689,0.1034482758620689,0.1034482758620689,0.1034482758620689,0.1034482758620689,0.1034482758620689,0.1034482758620689,0.1034482758620689,0.1034482758620689,0.1034482758620689,0.1034482758620689,0.1034482758620689,0.1034482758620689,0.0,0.1034482758620689,0.1034482758620689,0.1034482758620689,0.1034482758620689,0.1034482758620689,0.1034482758620689,0.1034482758620689,0.1034482758620689,0.1034482758620689,0.1034482758620689,0.1034482758620689,0.1034482758620689,0.1034482758620689,35.0,0.0,0.0,0.0,0.0,0.0,0.0,0.0,0.0,0.0,0.0,0.0,0.0,0.0,0.0
W0048,3,0.3643166350956928,0.2491938750659266,0.2738973259563358,0.9478497423441012,0.522656341802723,0.1774045482874524,0.9053941645536854,0.1703462230663862,0.472540696023301,0.2341021121641502,0.1707488711474892,0.2335516151497575,0.6454881002841798,0.1756457978838584,0.2107106837515776,0.4474949916368105,0.0,0.3792386452687236,0.9315504208342776,0.2474985350573977,0.268338107213581,0.2744901133746069,0.4176716388222577,0.2279988920462276,0.32265562142903,0.2699040968842148,0.2837806456825028,0.3833832298771977,1.1198289697500048,0.2342648312752792,0.1689775753157894,0.5205616154572019,0.3839961713146611,0.2597682901351097,0.2543496259088286,0.2662674320264195,0.3897806035651635,0.3922797381870733,0.1962321140095586,0.1166521610201227,0.4118384861689154,0.4129054834337416,4.143058417482533,2.905029609305787,3.791360889417605
W0048,6,0.2460613357111979,0.0976976706582515,0.1526023013894434,0.5209509524213369,0.2385393367264795,0.0953458721613416,0.4571765518346996,0.0693137259879784,0.2211656514008331,0.0924519801821513,0.0845013198845562,0.1090817949740874,0.2941428488449975,0.0787112306197158,0.1106058525090259,0.1660505684175844,0.0,0.2145962824460654,0.5737341866140084,0.0988446908926313,0.1107157962865423,0.1057339723191446,0.1901067043692797,0.0984598892732238,0.1399184360242869,0.1082765876545041,0.138330329221745,0.1997762140001099,0.6560124856583763,0.0942655550394986,-0.0011589733598087,0.0756805024845564,0.169750578546905,0.1123426936048101,0.0784319112223578,0.0171046963857185,0.1522166638667117,0.086355764796387,0.0952789613108886,0.1063507204910956,0.1856946289882329,0.1729797424919879,3.679153502697953,2.980366302967168,4.086634946700564
W0049,0,0.1034482758620689,0.1034482758620689,0.1034482758620689,0.1034482758620689,0.1034482758620689,0.1034482758620689,0.1034482758620689,0.1034482758620689,0.1034482758620689,0.1034482758620689,0.1034482758620689,0.1034482758620689,0.1034482758620689,0.1034482758620689,0.1034482758620689,0.1034482758620689,0.1034482758620689,0.0,0.1034482758620689,0.1034482758620689,0.1034482758620689,0.1034482758620689,0.1034482758620689,0.1034482758620689,0.1034482758620689,0.1034482758620689,0.1034482758620689,0.1034482758620689,0.1034482758620689,0.1034482758620689,35.0,0.0,0.0,0.0,0.0,0.0,0.0,0.0,0.0,0.0,0.0,0.0,0.0,0.0,0.0
W0049,3,0.4534882606782406,0.2318182183874101,0.2636798803973004,0.7619256128495273,0.5911170734264076,0.1841640587383853,0.7757261053286498,0.2013768834675853,0.4931381018835407,0.2113384633138922,0.2178213586921361,0.25636351481548,0.7119470447991747,0.1642923249901384,0.24162923908309,0.4387882445796091,0.9642417550903108,0.0,1.0716626816778352,0.2513953574566739,0.2622526136075568,0.2627512446984728,0.3953297930948532,0.2026537609798448,0.312406521118862,0.2484798306637573,0.240967598856759,0.3653773308819023,1.0791547885917323,0.1786586977911634,0.0989812386053607,0.7502718837242903,0.6233465074472059,0.2853307367731292,0.2235733209852937,0.1501315139401925,0.3774005627736216,0.3153038891050084,0.0773183983368499,0.1838550657519009,0.2433686416794815,0.3869114126841098,3.09013886402642,2.4622276204376634,4.199971913986441
W0049,6,0.2698030572252259,0.110088265926364,0.1809204382999636,0.5201604813271167,0.2709410298087976,0.098811192692404,0.41463769238776,0.0799612980406364,0.1974829565548313,0.0977782718486207,0.0954492583690334,0.1142211192261007,0.2852594302321455,0.0797073716919125,0.1178006767984188,0.1525578766078779,0.4462760436032451,0.0,0.5149068812651046,0.1025611950889009,0.1059138210113058,0.1423830370186996,0.1983613483012902,0.0832681542428174,0.1300783934225719,0.1183912246997058,0.1364620781041218,0.2033102395000447,0.5743607498974563,0.1018950283599703,0.0153971671353339,0.2067849964486889,0.1794885751407594,-0.0015612336263523,0.104704323618023,0.0740506949004664,0.1336578629469346,-0.0337973641904281,0.0661534743807396,0.0351866730281028,0.0855556266896419,0.1849627538951787,2.938141209709457,2.920700228879219,4.775596524598134
W0050,0,0.1034482758620689,0.1034482758620689,0.1034482758620689,0.1034482758620689,0.1034482758620689,0.1034482758620689,0.1034482758620689,0.1034482758620689,0.1034482758620689,0.1034482758620689,0.1034482758620689,0.1034482758620689,0.1034482758620689,0.1034482758620689,0.1034482758620689,0.1034482758620689,0.1034482758620689,0.1034482758620689,0.0,0.1034482758620689,0.1034482758620689,0.1034482758620689,0.1034482758620689,0.1034482758620689,0.1034482758620689,0.1034482758620689,0.1034482758620689,0.1034482758620689,0.1034482758620689,0.1034482758620689,35.0,0.0,0.0,0.0,0.0,0.0,0.0,0.0,0.0,0.0,0.0,0.0,0.0,0.0,0.0
W0050,3,0.4979463779808811,0.285503328023824,0.3263989799415219,0.8957170500117837,0.6111152258681521,0.2127253004758631,0.9304728483601166,0.1985173411693923,0.5401078470409938,0.2764365838903212,0.1973422517361473,0.2637145907765093,0.5888075645748452,0.164773308089682,0.1644750711584898,0.44279561238601,0.7543760549877332,0.3726114242262473,0.0,0.2683042388838955,0.306490413848703,0.2723912471764186,0.4294253038898756,0.1822179394167887,0.3174192715912962,0.2100494881666789,0.289488303625167,0.3875397815445345,0.9573337883274085,0.2146410099696475,0.0181861297706756,0.6854088032617516,0.5624879989914311,0.6727520090489943,0.2765107517053875,0.3719927101420921,0.7537936638907726,0.3200298123194146,0.1838855047349649,0.1408653210093405,0.3468313444685881,0.3677706941514641,3.116214010089056,3.822754863334009,3.5486839963313264
W0050,6,0.2378584233226933,0.1138471404097699,0.2020665173478633,0.4804159553606428,0.3056750079259221,0.0983375648195878,0.5142991619868282,0.1117756988226147,0.2341314929065887,0.1071084006888591,0.0790969942688677,0.095387868262166,0.2974410756885382,0.0772957446291073,0.0974982662535207,0.1985986515474949,0.6597741498509214,0.2443202728870095,0.0,0.1022628140488313,0.1169034749296785,0.1247047833001507,0.2597350087377345,0.1085024725971889,0.1362353979284434,0.1168481695975467,0.1429832333806489,0.2391675425987533,0.5081489447975418,0.1303299284312042,-0.0270160381226696,0.1562570771416164,0.1506652205435198,0.1338096704477861,0.1108458362762684,0.1156703786735218,0.24510686551969,0.2110082863556968,0.0033136666731192,0.0890300523532474,0.0766087731402886,0.1841123923641225,2.9724211629289874,3.512254957679485,4.583537697090001
W0051,0,0.1034482758620689,0.1034482758620689,0.1034482758620689,0.1034482758620689,0.1034482758620689,0.1034482758620689,0.1034482758620689,0.1034482758620689,0.1034482758620689,0.1034482758620689,0.1034482758620689,0.1034482758620689,0.1034482758620689,0.1034482758620689,0.1034482758620689,0.1034482758620689,0.1034482758620689,0.1034482758620689,0.1034482758620689,0.0,0.1034482758620689,0.1034482758620689,0.1034482758620689,0.1034482758620689,0.1034482758620689,0.1034482758620689,0.1034482758620689,0.1034482758620689,0.1034482758620689,0.1034482758620689,35.0,0.0,0.0,0.0,0.0,0.0,0.0,0.0,0.0,0.0,0.0,0.0,0.0,0.0,0.0
W0051,3,0.3652264176552033,0.2477989369155571,0.3231538135622769,0.897708260886304,0.5166404738944832,0.1785801940492517,0.9305182519165572,0.1777721331511919,0.4741714721652637,0.2662147385598115,0.1752087215191345,0.2656878134966212,0.6994742981921483,0.1536352659076685,0.2605124697776558,0.4280301868522194,0.8493484975794305,0.4593857783415178,0.8756274525922071,0.0,0.3280750026866291,0.2649830355686706,0.376668561814859,0.1961179806830265,0.3375752771631787,0.2292633526307922,0.3298601750970198,0.3359331026036349,0.917761317123158,0.2073891159699973,0.0595133594049305,0.6595260873306369,0.5624299092651242,0.2387269441566832,0.3402283749772475,0.202117361846923,0.424000928083583,0.3323623094887521,0.249506700178528,0.1937451779295421,0.2779456502078963,0.2940026330615253,3.160905304805292,3.2869433141582194,3.490702178305664
W0051,6,0.2418708768757261,0.1063601398179121,0.1651485873373137,0.3849822647920086,0.2449726085087767,0.0935375628725573,0.4461598826413914,0.1037439790945565,0.1818206460793622,0.1057616309130025,0.0871860839071941,0.0983591449285077,0.2935598907838264,0.0669695679512721,0.0899540976756044,0.1905084818057713,0.419468206264571,0.201031990315735,0.4837852313979815,0.0,0.1102867394129144,0.1022130158841827,0.1534857501987774,0.0849257255951683,0.1193330379512199,0.1107877614999187,0.1623116279465201,0.2002241231624588,0.633436758142206,0.1282700510493739,0.0420097322092423,0.1455721641997553,0.1877788726725508,0.0676139065121238,-0.0317501005796017,0.0941621976334908,0.0957950574790555,0.1583416416161566,-0.0402651425386514,0.0740018638979507,0.0973375832054602,0.1218727767007122,3.44002307622989,2.8584067358045533,4.460339970688296
W0052,0,0.1034482758620689,0.1034482758620689,0.1034482758620689,0.1034482758620689,0.1034482758620689,0.1034482758620689,0.1034482758620689,0.1034482758620689,0.1034482758620689,0.1034482758620689,0.1034482758620689,0.1034482758620689,0.1034482758620689,0.1034482758620689,0.1034482758620689,0.1034482758620689,0.1034482758620689,0.1034482758620689,0.1034482758620689,0.1034482758620689,0.0,0.1034482758620689,0.1034482758620689,0.1034482758620689,0.1034482758620689,0.1034482758620689,0.1034482758620689,0.1034482758620689,0.1034482758620689,0.1034482758620689,35.0,0.0,0.0,0.0,0.0,0.0,0.0,0.0,0.0,0.0,0.0,0.0,0.0,0.0,0.0
W0052,3,0.4601935352561591,0.2204696682078331,0.2539339901006831,0.8878240560102522,0.5826350924737038,0.1779719424317656,0.98291172754722,0.2066073324189878,0.3887037799255154,0.2473839389820562,0.2087609161777102,0.2203496755168175,0.6656978284630977,0.1587856814642324,0.2323700094059085,0.4280772257856696,0.850429864521211,0.523746791096227,1.0009568520378112,0.2348276942366031,0.0,0.2413455286156341,0.4036751718530063,0.2205530058697692,0.2810693595023295,0.2072069388192009,0.2692751242671413,0.405794258914116,0.8757232411574705,0.1815729371840007,0.1883779259211889,0.7115829831673973,0.3348470201155162,0.3120306059752429,0.4181257999754333,0.2272509557917415,0.4527007619709006,0.3549711209928508,0.1117884434847616,0.2377109612311937,0.2176068272800373,0.3665089209131052,3.632865402391237,2.157616048249839,4.0243205283654
W0052,6,0.2624750587050427,0.1092384192941189,0.1358640079170426,0.478595150083605,0.2648156249787299,0.0840144220553796,0.4332082225346446,0.0802959461502012,0.1806450195332104,0.0948980286267519,0.0815515552117449,0.0904550899130581,0.329702409996803,0.070674773163596,0.092761879187848,0.1722097214800381,0.4355042976628904,0.1771550773960804,0.5170079353524727,0.1200841989954799,0.0,0.1155007521181329,0.166768997653193,0.0765490334647285,0.1046550556206331,0.1164813847765535,0.1101929776849282,0.1978777134448542,0.6263482596036314,0.1042723137681962,-0.0491964277603092,0.1771634148338006,0.1475719388014984,0.0998359774476281,0.1746728905536009,0.0698696467166389,0.0946838242155644,0.0846195983101509,0.0185217636677443,0.0632994686007488,0.130958237851009,0.2085784428262874,2.736387940566453,3.182855316150377,4.6492109257315
W0053,0,0.1034482758620689,0.1034482758620689,0.1034482758620689,0.1034482758620689,0.1034482758620689,0.1034482758620689,0.1034482758620689,0.1034482758620689,0.1034482758620689,0.1034482758620689,0.1034482758620689,0.1034482758620689,0.1034482758620689,0.1034482758620689,0.1034482758620689,0.1034482758620689,0.1034482758620689,0.1034482758620689,0.1034482758620689,0.1034482758620689,0.1034482758620689,0.0,0.1034482758620689,0.1034482758620689,0.1034482758620689,0.1034482758620689,0.1034482758620689,0.1034482758620689,0.1034482758620689,0.1034482758620689,35.0,0.0,0.0,0.0,0.0,0.0,0.0,0.0,0.0,0.0,0.0,0.0,0.0,0.0,0.0
W0053,3,0.4892835201769717,0.2414251730478971,0.3102437411952631,1.056501366480727,0.487834023528241,0.1651299968378332,0.7539496749447273,0.1592437895499066,0.4033889476420828,0.2223322231299962,0.1816128504736788,0.2196462034988148,0.7144251243774776,0.1575029906476465,0.1890736825482067,0.4007270323679873,0.949248182117104,0.4043331339633152,0.9559260438906168,0.2698136706266736,0.2386459868148828,0.0,0.3762525030486317,0.2487988553988748,0.3710656075372239,0.2679945590568351,0.3260494772305041,0.3207304206563234,0.9184406636241164,0.1843339896783121,0.0631551416589799,0.6292571315352867,0.5884047097908679,0.4312214262736999,0.3572426953980173,0.1327556484275891,0.4825452556701897,0.3337288776016341,0.1951087758396582,0.1492735107031297,0.2114843091304836,0.3708554893972953,3.315852571125389,3.322478517913439,3.9466153967909623
W0053,6,0.2313039064653073,0.0954479914934414,0.1416581008424651,0.4208443457502105,0.2565271799848407,0.0822202607191698,0.3707951984731144,0.0861058708860809,0.1551697071677293,0.0868946770565956,0.0968411759449606,0.1062087194312818,0.3030725064747516,0.0742486866299236,0.1027967753763655,0.1656041996695045,0.3858015792019934,0.1667563342010498,0.5281000661764189,0.0975738005051252,0.103081894337744,0.0,0.1891241763352096,0.1024849514245574,0.1440036757705737,0.1192406452670741,0.1325720349829248,0.1965677756029813,0.5680033628148876,0.1067860664358304,0.0774966095316845,0.1068461076224046,0.1897935172465851,0.1166035335225919,0.0803905868253733,0.0192488703568963,0.0905366910718927,0.0355211518575126,0.1103562370537826,0.1091918022982479,0.130817221616787,0.0893802390397606,2.988463662242031,3.210192655902085,3.556655453036017
W0054,0,0.1034482758620689,0.1034482758620689,0.1034482758620689,0.1034482758620689,0.1034482758620689,0.1034482758620689,0.1034482758620689,0.1034482758620689,0.1034482758620689,0.1034482758620689,0.1034482758620689,0.1034482758620689,0.1034482758620689,0.1034482758620689,0.1034482758620689,0.1034482758620689,0.1034482758620689,0.1034482758620689,0.1034482758620689,0.1034482758620689,0.1034482758620689,0.1034482758620689,0.0,0.1034482758620689,0.1034482758620689,0.1034482758620689,0.1034482758620689,0.1034482758620689,0.1034482758620689,0.1034482758620689,35.0,0.0,0.0,0.0,0.0,0.0,0.0,0.0,0.0,0.0,0.0,0.0,0.0,0.0,0.0
W0054,3,0.5487242754068872,0.2124014710064485,0.3227303400891774,0.93420349541607,0.629638005552936,0.1854478831270849,0.8026849257783216,0.1670543912110842,0.3740797731441044,0.2238266428511721,0.1966978477373178,0.2436124475035856,0.7646510618494374,0.1842508700063009,0.2242908456989031,0.4741810941092318,0.9225069875654656,0.4394095889546788,1.0370632647979665,0.2355624871252773,0.2068598935090534,0.2549645622671989,0.0,0.2574490559876591,0.3290694480908276,0.1911423883527352,0.282791045906434,0.4019792834564318,1.044604939823118,0.1832029992180547,0.0034434935735483,0.7263474419008666,0.5662358136239971,0.4083164614694315,0.3217954617687985,0.2143142731869586,0.369084215909743,0.3495652924191028,0.1667334327706529,0.1662136009550378,0.350264671932697,0.4726689033477327,3.36996193165754,3.17207620570587,4.348624790660471
W0054,6,0.253738513998946,0.0993953357674944,0.1234142350615498,0.4036691669497856,0.2712999584242653,0.1016809793257175,0.3554762049874804,0.0690214289695515,0.1751188362659275,0.0895914570461405,0.0783003965333888,0.0936541592016248,0.3126346047019328,0.0666999319883795,0.0968582032553642,0.1921128327453716,0.4346038350426149,0.1831225141638734,0.5410925452126087,0.0975980975920344,0.106690335840147,0.0869174563732076,0.0,0.0911684531888396,0.1415696877148385,0.1275507002077897,0.1087610243970983,0.2227930759045941,0.5696283550459293,0.08348951751736,0.0395741539095057,0.1319102040865516,0.1427634883416787,0.0985358643798741,0.0839299217985207,0.0688535472554476,0.0490769444282697,0.1021506407062713,0.0717621005019323,0.0453642064439798,0.0869849167429046,0.1978721494293741,3.042457779643348,2.831149251051277,4.578716954960965
W0055,0,0.1034482758620689,0.1034482758620689,0.1034482758620689,0.1034482758620689,0.1034482758620689,0.1034482758620689,0.1034482758620689,0.1034482758620689,0.1034482758620689,0.1034482758620689,0.1034482758620689,0.1034482758620689,0.1034482758620689,0.1034482758620689,0.1034482758620689,0.1034482758620689,0.1034482758620689,0.1034482758620689,0.1034482758620689,0.1034482758620689,0.1034482758620689,0.1034482758620689,0.1034482758620689,0.0,0.1034482758620689,0.1034482758620689,0.1034482758620689,0.1034482758620689,0.1034482758620689,0.1034482758620689,35.0,0.0,0.0,0.0,0.0,0.0,0.0,0.0,0.0,0.0,0.0,0.0,0.0,0.0,0.0
W0055,3,0.3449833647529609,0.2124403533699508,0.2916223000679266,0.8914150692846134,0.5126070538662617,0.1893436999656985,0.8264090954394959,0.1639693111884179,0.4563264284888603,0.2462062112414,0.2109081715999596,0.2316001309594805,0.5766915414707658,0.1839265598791965,0.1803584971033186,0.2863433499837271,0.7419432257516618,0.4460094669954716,0.980129734748284,0.2537749967874484,0.2675927301585635,0.2393197623144591,0.3629135091922822,0.0,0.230529289945085,0.2047953076085953,0.3783152655627506,0.3213296385242498,0.8423594706524725,0.207149806096521,0.1442895316555379,0.7713791825005769,0.4520855819065907,0.2928484864789364,0.2999787814905795,0.2993646429991726,0.4813128570347366,0.3422265761334526,0.2316681263462587,0.1917676196794235,0.3097804089489576,0.4068216335535852,3.4624961501736125,2.8168674231127677,4.242142518167663
W0055,6,0.2172002932727027,0.1038949926068611,0.1898702596177669,0.4248124301482592,0.2796941595481969,0.0864401894930942,0.4143881062849054,0.0954589204870253,0.2045350415608605,0.0853392313710577,0.0712115547194187,0.1057876562499784,0.3085546037959493,0.0577731176984881,0.0849576273259885,0.1919118496276597,0.4546550311439535,0.1996290202573621,0.4064075360905167,0.117644310929167,0.1209379001164784,0.1243526412005272,0.1963024599591181,0.0,0.1450815929545742,0.1034226863022624,0.151427099374719,0.2279957812592582,0.4946530955647882,0.0967502496751461,0.0108627117202746,0.2174619636499022,0.1829775869373855,0.0737609582190204,0.0285800203433654,0.0646647773917581,0.1096634882735789,0.067917714658665,0.0290285288266303,0.0815701551855158,0.1178905201777274,0.1648317667620024,3.087890237105013,3.3130262276817257,4.778752985545316
W0056,0,0.1034482758620689,0.1034482758620689,0.1034482758620689,0.1034482758620689,0.1034482758620689,0.1034482758620689,0.1034482758620689,0.1034482758620689,0.1034482758620689,0.1034482758620689,0.1034482758620689,0.1034482758620689,0.1034482758620689,0.1034482758620689,0.1034482758620689,0.1034482758620689,0.1034482758620689,0.1034482758620689,0.1034482758620689,0.1034482758620689,0.1034482758620689,0.1034482758620689,0.1034482758620689,0.1034482758620689,0.0,0.1034482758620689,0.1034482758620689,0.1034482758620689,0.1034482758620689,0.1034482758620689,35.0,0.0,0.0,0.0,0.0,0.0,0.0,0.0,0.0,0.0,0.0,0.0,0.0,0.0,0.0
W0056,3,0.5062987829967147,0.1868456505849512,0.2769748859368789,0.9378515552483352,0.5362069298975867,0.1919845246565673,0.8584463543133299,0.1638539223131509,0.4134302781713742,0.275292701516056,0.1729623560521333,0.2255991974568181,0.521998448666091,0.1730144180719207,0.2129178228976669,0.4382755744730093,0.9588771482532726,0.464414699118613,0.921880406836109,0.3007885708386086,0.2900639682544912,0.2452970665914738,0.3691596233045618,0.1980326810073869,0.0,0.2296191027927874,0.3570285115277838,0.3569720512913756,1.0180840976738508,0.1827806293053823,0.042200171437575,0.7527240148258124,0.5695247522583842,0.3444576829909523,0.3486523115318964,0.2840740358790194,0.461402920964696,0.3672386672638419,0.2211998247196999,0.1766532224378852,0.2897967703870225,0.3050509508164576,3.7531478190610503,3.374389691982268,3.806320500227808
W0056,6,0.2563102478545674,0.0997404872176683,0.1849383676212175,0.4038479146747004,0.2404136157269276,0.0777698857839275,0.3851251459856217,0.0951592524677731,0.1739178619524009,0.0892601680293327,0.0979014670547947,0.1001662837751031,0.3342735465541047,0.0741533337255979,0.0980084720088011,0.2032417725365859,0.3898641248610764,0.1961325458613251,0.4780109956259368,0.103769332862194,0.1087053734581779,0.1024642572273807,0.201624471737888,0.103617320803898,0.0,0.1340362120664067,0.1231503096270029,0.1973191237644172,0.557762329167188,0.1051068809754393,-0.0215264619277937,0.1715060617408955,0.1388208022117189,0.1143637121574276,0.0838503433840052,0.0815220548630489,0.1322982327625685,0.1005918554520358,-0.0818797063492188,0.0012313028174297,0.0933841543845235,0.0995806201391428,3.6009726767507364,3.150612915614804,4.472359891173326
W0057,0,0.1034482758620689,0.1034482758620689,0.1034482758620689,0.1034482758620689,0.1034482758620689,0.1034482758620689,0.1034482758620689,0.1034482758620689,0.1034482758620689,0.1034482758620689,0.1034482758620689,0.1034482758620689,0.1034482758620689,0.1034482758620689,0.1034482758620689,0.1034482758620689,0.1034482758620689,0.1034482758620689,0.1034482758620689,0.1034482758620689,0.1034482758620689,0.1034482758620689,0.1034482758620689,0.1034482758620689,0.1034482758620689,0.0,0.1034482758620689,0.1034482758620689,0.1034482758620689,0.1034482758620689,35.0,0.0,0.0,0.0,0.0,0.0,0.0,0.0,0.0,0.0,0.0,0.0,0.0,0.0,0.0
W0057,3,0.3727465441322903,0.2189664949856805,0.2808318541477388,0.9191686361109752,0.5664399195039719,0.1917766307742759,1.0204196969984394,0.1459812268851092,0.4216616967313412,0.2324719282383535,0.1955974328408174,0.2684986464799732,0.5784173248121902,0.1543545420549931,0.2143492858017303,0.43470593663845,0.8283996517282894,0.3939422212281659,0.8966790964635343,0.257206090464711,0.3417890878881363,0.1863222516920317,0.3719151110019662,0.2328466149114656,0.2872537961063692,0.0,0.3598253234502339,0.4100839029736417,1.2279826019302205,0.2172454119318767,-0.0181434009229624,0.6531180065381106,0.510291016251534,0.4168451290945256,0.3827815345826606,0.3168403026701605,0.3089664519523307,0.2714799923211202,0.1595559540321227,0.0681617796141467,0.3357692462674604,0.4244116167140835,3.404962238152765,2.7978813443145274,3.653102139233843
W0057,6,0.2448198223854768,0.0872060589327605,0.1558208816148121,0.431939450341329,0.2598146640302119,0.0776532640525628,0.3531646262808439,0.0897241584165614,0.201016059125532,0.105417281927765,0.082617616707943,0.1169991422804519,0.3274029480373761,0.0632026033204763,0.1155186753378202,0.1509693570072998,0.4831853730895325,0.1766741525564745,0.5254712075241119,0.0959385295599487,0.1283345053846401,0.1033924912910721,0.1860866786755876,0.0907799701798025,0.1471138727688168,0.0,0.1375183316835062,0.230815380710863,0.5380942193425002,0.1037247464404558,-0.0262724450900237,0.1464715197298691,0.1767861597668455,0.1183710233816286,0.1133083820488034,-0.0119732454298397,0.080102803045866,0.1193225894392733,-0.0321543901767357,0.1913270906144918,0.1400651278477621,0.2271163432962758,3.075935901456904,2.94523816124775,4.551872254936643
W0058,0,0.1034482758620689,0.1034482758620689,0.1034482758620689,0.1034482758620689,0.1034482758620689,0.1034482758620689,0.1034482758620689,0.1034482758620689,0.1034482758620689,0.1034482758620689,0.1034482758620689,0.1034482758620689,0.1034482758620689,0.1034482758620689,0.1034482758620689,0.1034482758620689,0.1034482758620689,0.1034482758620689,0.1034482758620689,0.1034482758620689,0.1034482758620689,0.1034482758620689,0.1034482758620689,0.1034482758620689,0.1034482758620689,0.1034482758620689,0.0,0.1034482758620689,0.1034482758620689,0.1034482758620689,35.0,0.0,0.0,0.0,0.0,0.0,0.0,0.0,0.0,0.0,0.0,0.0,0.0,0.0,0.0
W0058,3,0.5019120953075875,0.2586440363736783,0.2655749266055718,0.9421537537705252,0.4416740427353415,0.1754243797353083,0.8583664729324672,0.183071040337922,0.4226178858761301,0.2454682369828965,0.1655023661289461,0.2247844612373471,0.6092513573450573,0.2001495449897618,0.2259333645842943,0.4006828637346563,0.8816561422929237,0.4129535242225228,1.1841537497115937,0.24036618314791,0.2806194344576292,0.2530596243949192,0.4522554541528754,0.1985116543656033,0.2894269242919302,0.2511828162926719,0.0,0.4144189705316832,0.8259744700317502,0.2084625167801288,0.0092759163906769,0.7503110590484403,0.4558446434488666,0.4592511525470701,0.3386482726361289,0.2690271809846246,0.3080110737870298,0.2828917616155811,0.1427244720991837,0.0899534421349766,0.3245312013296327,0.4506436528357422,3.555759856446877,2.567452045823987,3.509413393949572
W0058,6,0.2240376986969933,0.1154979896389662,0.1517000522797917,0.4569309576073648,0.2529567032593386,0.0783268620326157,0.3838369090704553,0.0783335462650783,0.1715921887705663,0.0888640477283119,0.100640189722667,0.1008455334457106,0.3584434932366789,0.0764332891970515,0.0970453859356831,0.1565529103734674,0.5197514964552695,0.2031830796815681,0.4795859173647684,0.0990692169133508,0.1183241440483522,0.1029300522825645,0.2053386896077054,0.0833049872984739,0.1301631207870025,0.1039588654096029,0.0,0.196372394497717,0.5680284626458073,0.072137874899072,0.029321053218775,0.1941547975964737,0.1346361074438027,0.08192925546382,0.032375631771093,0.0777037288867596,0.087325012132617,0.1141674663451428,0.0030741213427199,0.0453185547520671,0.1776351059320972,0.1052523935108238,2.975216905400045,2.840948743172381,4.097198328264812
W0059,0,0.1034482758620689,0.1034482758620689,0.1034482758620689,0.1034482758620689,0.1034482758620689,0.1034482758620689,0.1034482758620689,0.1034482758620689,0.1034482758620689,0.1034482758620689,0.1034482758620689,0.1034482758620689,0.1034482758620689,0.1034482758620689,0.1034482758620689,0.1034482758620689,0.1034482758620689,0.1034482758620689,0.1034482758620689,0.1034482758620689,0.1034482758620689,0.1034482758620689,0.1034482758620689,0.1034482758620689,0.1034482758620689,0.1034482758620689,0.1034482758620689,0.0,0.1034482758620689,0.1034482758620689,35.0,0.0,0.0,0.0,0.0,0.0,0.0,0.0,0.0,0.0,0.0,0.0,0.0,0.0,0.0
W0059,3,0.4669072415430926,0.2587020624996179,0.3026717680600297,1.035599428270299,0.518952499115236,0.1888020364644711,0.9359953670060426,0.1582110919164889,0.3688087015348107,0.1990584201723391,0.1963718673015397,0.257223446553856,0.6815986404467997,0.2038715071357506,0.2076091003704268,0.4270887970913298,0.7388333509817129,0.4294313690772579,0.9995391204711698,0.2643838089272722,0.2623952476470028,0.2743410775909292,0.4465593439524141,0.2331653201119354,0.2887623909446197,0.2315812911414204,0.3176916329260325,0.0,0.83880650884028,0.1973432772850864,0.132211134651745,0.4909574246348067,0.6087525811879351,0.3668343735046756,0.3571625869316411,0.2652764602315601,0.4956392176016275,0.3209882596765854,0.1775762770877976,0.167955451982893,0.2058636025137439,0.57124923890715,3.165398722792587,2.3944760004107057,3.834054564902077
W0059,6,0.2242606515457775,0.1183321707602075,0.1554823778074378,0.4372145167375467,0.2409039992589051,0.0885756085220327,0.4091350303054747,0.0736635098865617,0.1828770887792826,0.107262317775866,0.0789047350252803,0.0994594071010252,0.2992493310104122,0.0676265964371684,0.0939651567709976,0.1958908256058484,0.4757733705878995,0.1560578172819733,0.5286023957038273,0.1057571939614444,0.1140671666052371,0.1141490193600617,0.2021453791128545,0.0885541761972084,0.0981552441300784,0.11918351313072,0.123696360192912,0.0,0.5866384261122617,0.0973063121328641,0.0327932580303931,0.1660285816944066,0.1437184369075697,0.1192614617960772,0.0485243877116682,0.0489915794012356,0.0860897580460667,0.0709409914006172,0.059986788321335,0.0276821271120017,0.058653133000098,0.1008358672162347,2.9797920082812106,2.846300043836924,4.750635549874335
W0060,0,0.1034482758620689,0.1034482758620689,0.1034482758620689,0.1034482758620689,0.1034482758620689,0.1034482758620689,0.1034482758620689,0.1034482758620689,0.1034482758620689,0.1034482758620689,0.1034482758620689,0.1034482758620689,0.1034482758620689,0.1034482758620689,0.1034482758620689,0.1034482758620689,0.1034482758620689,0.1034482758620689,0.1034482758620689,0.1034482758620689,0.1034482758620689,0.1034482758620689,0.1034482758620689,0.1034482758620689,0.1034482758620689,0.1034482758620689,0.1034482758620689,0.1034482758620689,0.0,0.1034482758620689,35.0,0.0,0.0,0.0,0.0,0.0,0.0,0.0,0.0,0.0,0.0,0.0,0.0,0.0,0.0
W0060,3,0.5505911025213505,0.2601435581964924,0.3007525717139441,0.932786608706273,0.5470283823154951,0.2008675827056078,0.8963009981993754,0.1644619669598836,0.4821635962148672,0.2404503928326457,0.1920538025220609,0.2243404249671195,0.66068868159519,0.1514469346720617,0.1962102491189888,0.5083604285413573,0.816285230723181,0.4520746907145916,1.0293094137702885,0.2833237801136198,0.2556951112439553,0.3394493323705958,0.3495892318122438,0.1874273396116491,0.3111459337379169,0.2422832724669288,0.3367272843097244,0.4397655198587971,0.0,0.1785595981959195,0.0345909513598406,0.7222189210685233,0.4987445538093901,0.3123206782673332,0.4750665934659837,0.2743188619129906,0.4377946433514812,0.3331900024723334,0.1513256702223786,0.1558882678141526,0.3420908185314943,0.4146513743742115,2.905219123283432,3.55191089735841,3.9128530928608174
W0060,6,0.2759668250787581,0.1432664552182267,0.1813256353804806,0.5270856393593187,0.2814170401074398,0.1145712739871137,0.439422953082426,0.104163957174714,0.2344301414488409,0.1229886327832363,0.1030974276217852,0.106805688958441,0.3100543082980702,0.0745480912043375,0.103856482921447,0.1996089722065564,0.4309367554931155,0.1614329971098117,0.4849858886535448,0.0989517642347433,0.1172020133406863,0.1249745301942467,0.1615310126040007,0.1065174105556988,0.1367905171743343,0.1069429480756382,0.1248383055861923,0.2286595145680634,0.0,0.1000972484718679,0.0042654274063365,0.2060871686767849,0.1485335127451614,0.0843828718478281,0.1321110909246675,0.0447586879875762,0.0911503443987634,0.0186688377484648,0.0476943034781839,0.0777066054837844,0.1248499711299357,0.2233011147005638,2.5961436425584075,3.2499366196214607,4.909495212102912
W0061,0,0.1034482758620689,0.1034482758620689,0.1034482758620689,0.1034482758620689,0.1034482758620689,0.1034482758620689,0.1034482758620689,0.1034482758620689,0.1034482758620689,0.1034482758620689,0.1034482758620689,0.1034482758620689,0.1034482758620689,0.1034482758620689,0.1034482758620689,0.1034482758620689,0.1034482758620689,0.1034482758620689,0.1034482758620689,0.1034482758620689,0.1034482758620689,0.1034482758620689,0.1034482758620689,0.1034482758620689,0.1034482758620689,0.1034482758620689,0.1034482758620689,0.1034482758620689,0.1034482758620689,0.0,35.0,0.0,0.0,0.0,0.0,0.0,0.0,0.0,0.0,0.0,0.0,0.0,0.0,0.0,0.0
W0061,3,0.4238208877256904,0.2419850795222224,0.2603018855850921,0.774142902836691,0.5404309034325221,0.2128559441134549,0.9141881115990445,0.1827302074633888,0.4579876491109364,0.2452520286953996,0.1987836804551092,0.2662226632460771,0.7295345559069017,0.1681927563078374,0.2019005325876047,0.3809954282140815,0.8433833290217588,0.388801980876053,0.8953929419193205,0.2157842618304382,0.2496625553285309,0.2199827867087653,0.2899577166839325,0.156325777339921,0.3244161485311894,0.220754803618265,0.3360678464931032,0.3230958020441246,0.9595802048893044,0.0,0.0634142959151427,0.7336988730147577,0.4871612697934305,0.5396498571782838,0.3163692714276211,0.1598411314988621,0.353697104761448,0.3383307494898739,0.1201295309681406,0.1875952055201219,0.1739945864312236,0.3949378295005334,3.6583667830331983,2.9372587142740403,3.5987351798558547
W0061,6,0.2359620808940416,0.1063660100038684,0.1452520001429364,0.4686951015140631,0.2988005514061143,0.0960528926569053,0.4206599367684455,0.067569671938378,0.2048052382102885,0.0959055321734786,0.0802228128258227,0.0945192595776041,0.3606657232766601,0.0605802016339657,0.0931389790752512,0.1681277820005456,0.513136522645989,0.1813966176473081,0.4790003718608833,0.1076175602241657,0.1101875809827948,0.1122664850257197,0.19569942534881,0.0968541976134211,0.1562582984877769,0.1321250439885654,0.1261715574357275,0.2258104765940189,0.6381374589432096,0.0,0.0729473183539508,0.22079957216801,0.2026425682990321,0.1552695516676132,0.1197670424407593,0.043985738883565,0.1043235202557114,0.0103190590854348,0.0418540665886843,0.0291621519136766,0.1543859883762346,0.1368529278248533,3.5074398242441074,3.3895992332146685,4.643449690404499
W0189,0,0.0,0.0,0.0,0.0,0.0,0.2307692307692307,0.0,0.2307692307692307,0.2307692307692307,0.0,0.0,0.0,0.2307692307692307,0.2307692307692307,0.2307692307692307,0.2307692307692307,0.0,0.2307692307692307,0.2307692307692307,0.2307692307692307,0.0,0.0,0.0,0.0,0.0,0.2307692307692307,0.0,0.2307692307692307,0.2307692307692307,0.0,35.0,0.0,0.0,0.0,0.0,0.0,0.0,0.0,0.0,0.0,0.0,0.0,0.0,0.0,0.0
W0189,3,0.0,0.0,0.0,0.0,0.0,0.3727747270964542,0.0,0.2922461528845295,0.8828662941158063,0.0,0.0,0.0,0.9856606718384344,0.3628069787017691,0.4318850141096315,0.8086924398154498,0.0,0.910606578454544,1.9023396778901869,0.5384936425207936,0.0,0.0,0.0,0.0,0.0,0.514545442577148,0.0,0.871005815031025,2.080027037150958,0.0,0.0157131822933239,1.61307278932604,0.3966786931581814,0.533075910648538,0.3460793076780525,0.177453219691486,0.4906003190835789,0.0952733187716185,0.1443817693790085,0.0872240054668138,0.2378257616533856,0.1787260992600695,5.03547510675859,2.4863958007347016,4.89950161297362
W0189,6,0.0,0.0,0.0,0.0,0.0,0.1881923358628522,0.0,0.2067734041827237,0.3916975978884546,0.0,0.0,0.0,0.426527994919855,0.1563059711087852,0.1761234567293336,0.310519528654387,0.0,0.3630743848791281,0.7888856239429347,0.2567264344041423,0.0,0.0,0.0,0.0,0.0,0.2789723159719118,0.0,0.6171019168841115,1.0393737423037517,0.0,0.0533687577703078,0.6300857282762228,0.1952762263228812,0.1242099028736299,0.0866175107788507,0.0676053884127067,0.1560993325139375,-0.0237714175465371,0.0236867290207769,0.037242219966348,0.1218285801795372,0.1614662264160159,4.3379122766412666,3.001148800600589,4.492255468646562
W0426,0,0.0,0.0,0.0,0.0,0.1875,0.1875,0.1875,0.1875,0.1875,0.0,0.0,0.1875,0.0,0.1875,0.1875,0.0,0.0,0.1875,0.0,0.0,0.1875,0.0,0.0,0.1875,0.1875,0.1875,0.1875,0.0,0.1875,0.1875,35.0,0.0,0.0,0.0,0.0,0.0,0.0,0.0,0.0,0.0,0.0,0.0,0.0,0.0,0.0
W0426,3,0.0,0.0,0.0,0.0,1.0362562027238742,0.3277573257805449,1.9795724332810964,0.2764780261456867,0.8412984266924571,0.0,0.0,0.5193894353285999,0.0,0.3479225412406023,0.4573609604675416,0.0,0.0,0.9254448208073428,0.0,0.0,0.575569062845008,0.0,0.0,0.4870555089185133,0.5560238358164986,0.4244206581084623,0.7866777072338802,0.0,1.6493989227385153,0.452297439008167,-0.0292066447334314,0.5425467691383882,0.489243113615939,0.4545420258439112,0.19015375639084,0.3419554277527762,0.7863195548444654,0.3750332982349599,0.2229478703620283,0.1698773858130119,0.2403181803809962,0.8137396439913502,2.043575418738805,5.043424783313752,1.954559416618836
W0426,6,0.0,0.0,0.0,0.0,0.6433315739111389,0.1618113597238152,0.8904966750866645,0.1420369204252168,0.3979987293461018,0.0,0.0,0.2385390155267803,0.0,0.2121311932088809,0.2353007549349262,0.0,0.0,0.369091933538623,0.0,0.0,0.2658922345780597,0.0,0.0,0.2322336826856044,0.3259070376048442,0.1998123136795239,0.2902428738545392,0.0,0.8639355608332941,0.1925177814785899,-0.0217710951279672,0.0646132111729896,0.1468097627013307,0.1243552709731413,0.046150252074904,0.1518386973039527,0.2238089081246209,0.1311946834353523,0.0372331524387353,0.0832578000206396,0.0680098257657419,0.4294529845660563,2.4003875152586667,5.830286532110145,2.371478408670432
W0469,0,0.0,0.0,0.0,0.2142857142857142,0.0,0.0,0.0,0.2142857142857142,0.2142857142857142,0.0,0.2142857142857142,0.0,0.2142857142857142,0.0,0.0,0.2142857142857142,0.0,0.0,0.0,0.0,0.2142857142857142,0.2142857142857142,0.2142857142857142,0.2142857142857142,0.2142857142857142,0.0,0.2142857142857142,0.2142857142857142,0.0,0.2142857142857142,35.0,0.0,0.0,0.0,0.0,0.0,0.0,0.0,0.0,0.0,0.0,0.0,0.0,0.0,0.0
W0469,3,0.0,0.0,0.0,1.848742964603418,0.0,0.0,0.0,0.4128949085863926,0.7590438504385802,0.0,0.3535571008416646,0.0,1.1815063320931338,0.0,0.0,1.0029264324857778,0.0,0.0,0.0,0.0,0.6148983056734678,0.6079635555845371,0.9422770457601382,0.5258835160794756,0.6545463860583689,0.0,0.8165414503090231,0.5925139479353587,0.0,0.3276698048335465,0.0815867591366829,1.2737930077473374,0.7700916398143596,0.3501419479986526,0.4440718803239573,0.7130119287689878,0.8885617409206303,0.5786497349416697,0.2651196102188037,0.144227994653394,0.5240122231833444,0.1530631888635626,4.453226459938461,3.2982420056989303,3.1809891337785405
W0469,6,0.0,0.0,0.0,1.06849631109098,0.0,0.0,0.0,0.2906149090503915,0.4505910809704599,0.0,0.1612714922252795,0.0,0.607520572933671,0.0,0.0,0.3733872101615191,0.0,0.0,0.0,0.0,0.3061498653871627,0.3269733832543464,0.5530604344900171,0.1736130779106875,0.3522941930368989,0.0,0.3165264026522912,0.4702437047264355,0.0,0.2437606781361398,0.0935214420114429,0.4157218388401557,0.383373967075339,0.1185721803881888,0.1657800226761342,0.3282568082801644,0.4418431344927751,0.2456087381739257,0.0911752884265447,0.0504651707362164,0.1611009711333063,0.0730408672634543,3.466190234522824,2.885530313697612,4.041414664156948
W0863,0,0.0,0.0,0.2,0.0,0.0,0.0,0.0,0.2,0.2,0.2,0.0,0.2,0.0,0.0,0.0,0.2,0.2,0.2,0.0,0.2,0.2,0.2,0.2,0.0,0.2,0.0,0.0,0.2,0.2,0.0,35.0,0.0,0.0,0.0,0.0,0.0,0.0,0.0,0.0,0.0,0.0,0.0,0.0,0.0,0.0
W0863,3,0.0,0.0,0.5950844639895815,0.0,0.0,0.0,0.0,0.3733617947416784,0.8509922730997777,0.4185227736294779,0.0,0.4757475227730726,0.0,0.0,0.0,0.9993247098591904,1.6433427966084486,0.9418816426742465,0.0,0.4641518107296669,0.6370291964249942,0.4898113961607258,0.7990460764293242,0.0,0.675949155334552,0.0,0.0,0.8280170187566769,2.029968609917707,0.0,0.1183106710021942,1.354214937878215,0.4390375822263359,0.8302421477362979,0.3145461586840308,0.4738202838692611,0.4923751495488868,0.5261142677959934,0.0271063270468502,0.3907032681830067,0.1259255829580559,0.6564317424410209,3.560820989749507,2.954663183936353,3.2524628163533778
W0863,6,0.0,0.0,0.4343116092116353,0.0,0.0,0.0,0.0,0.2136001859803779,0.3525181637590627,0.22972341137034,0.0,0.2437609920477036,0.0,0.0,0.0,0.3039543918021022,0.943104482423336,0.3521991098448069,0.0,0.2178318158549444,0.2177313169928868,0.2349619221339192,0.4884180384338614,0.0,0.3017538554353796,0.0,0.0,0.4752732928260695,1.1041422971174772,0.0,0.0094442100916265,0.546528342058734,0.1536471211017828,0.1824720311381562,0.2008551454576456,0.2123509514166906,0.1528441975534273,0.1739650492742722,0.0320490397274666,0.1234146013912124,0.013174617971816,0.2951627443795316,2.7248731755361835,3.654650675577093,3.634508001189881
W0956,0,0.0,0.0,0.15,0.0,0.0,0.15,0.0,0.15,0.15,0.15,0.15,0.15,0.0,0.0,0.0,0.15,0.15,0.0,0.15,0.15,0.15,0.15,0.15,0.15,0.15,0.0,0.15,0.15,0.15,0.15,35.0,0.0,0.0,0.0,0.0,0.0,0.0,0.0,0.0,0.0,0.0,0.0,0.0,0.0,0.0
W0956,3,0.0,0.0,0.4508816675123755,0.0,0.0,0.30103828497411,0.0,0.2306969035940616,0.705646483052291,0.3318982245539129,0.3218042933415903,0.3546767211541262,0.0,0.0,0.0,0.7348462042192921,1.2804596412730929,0.0,1.420761554033418,0.3893715986759212,0.5173626791193402,0.4195530086157357,0.5810019991872853,0.3254910604632473,0.4799184868715664,0.0,0.5330757597072275,0.6400660789273815,1.6872727279149955,0.3447939986628685,0.0954042386577196,1.1697974473152084,0.4666198317067592,0.4144999420513176,0.2771083362968214,0.1280141463459851,0.4288557374439842,0.16703641131068,0.0447535894482759,0.0951155713275075,0.1189275932130629,0.6659126059012803,3.415850719137519,2.565142257046642,3.3288543996849653
W0956,6,0.0,0.0,0.2847219776799499,0.0,0.0,0.1505790858898517,0.0,0.1303032256159064,0.3265844947386517,0.1277189280808375,0.1522205449171147,0.2158318616603528,0.0,0.0,0.0,0.2307176065183367,0.6768489879989491,0.0,0.7750317115651112,0.1735304182082754,0.188613729061474,0.1402867413498883,0.307128814100131,0.141329526257742,0.2261237392429003,0.0,0.2398564932581213,0.3315897970175469,0.9962491037856392,0.1433162179408957,-0.0063899335134967,0.4440719392893185,0.2166117119096361,0.0790138419773758,0.1297082807032963,0.0423096289273913,0.0563060451369449,0.0786338981870846,-0.0073400582150121,0.0694948978346261,0.0256461975203654,0.3727551103154365,3.1025245611784764,1.960077469538254,3.8242507396305063
W1044,0,0.0,0.0,0.2307692307692307,0.0,0.2307692307692307,0.0,0.2307692307692307,0.0,0.0,0.0,0.2307692307692307,0.2307692307692307,0.0,0.0,0.0,0.2307692307692307,0.2307692307692307,0.2307692307692307,0.0,0.2307692307692307,0.2307692307692307,0.0,0.0,0.2307692307692307,0.0,0.0,0.2307692307692307,0.0,0.2307692307692307,0.0,35.0,0.0,0.0,0.0,0.0,0.0,0.0,0.0,0.0,0.0,0.0,0.0,0.0,0.0,0.0
W1044,3,0.0,0.0,0.6843254513484394,0.0,0.9219985268134976,0.0,1.661903282026328,0.0,0.0,0.0,0.4119952194285332,0.478680667217259,0.0,0.0,0.0,0.9792092482872023,1.5248408572339098,0.818583268803831,0.0,0.487023413934081,0.6058964953468161,0.0,0.0,0.5403859933739092,0.0,0.0,0.5982681932819286,0.0,1.56461182335825,0.0,0.098596114747317,0.5508007083374105,0.4112591869638199,0.6011846039206675,0.4045920695130008,0.270502257977754,0.5188355940732303,0.6386458063228682,0.1681437274341712,0.1086682151009095,0.1463796667289807,0.6605438663992659,2.900092216698765,4.471709179413738,2.428232330534593
W1044,6,0.0,0.0,0.3888337129149586,0.0,0.6792018633090346,0.0,0.8944245255533088,0.0,0.0,0.0,0.1770834507289992,0.1904639396596235,0.0,0.0,0.0,0.3098115947939746,0.7233628754140881,0.3412217670226278,0.0,0.2196368459410465,0.2066799229131024,0.0,0.0,0.176959740380997,0.0,0.0,0.2496315498500932,0.0,0.931720782103946,0.0,-0.0175186227256627,0.1149383885262142,0.1469422422977848,0.2189540431299106,0.1342220064052229,-0.0352349168772113,0.0974064768361394,0.1691045821957606,0.1038066818345694,0.1035725036380273,0.0766873209821532,0.3678766274465885,3.5191612300675272,4.163780983099182,3.50789037555479
W1233,0,0.0,0.0,0.2727272727272727,0.2727272727272727,0.0,0.0,0.2727272727272727,0.0,0.0,0.0,0.0,0.2727272727272727,0.2727272727272727,0.2727272727272727,0.0,0.0,0.2727272727272727,0.0,0.2727272727272727,0.0,0.0,0.2727272727272727,0.0,0.2727272727272727,0.0,0.0,0.0,0.0,0.2727272727272727,0.0,35.0,0.0,0.0,0.0,0.0,0.0,0.0,0.0,0.0,0.0,0.0,0.0,0.0,0.0,0.0
W1233,3,0.0,0.0,0.5605878977023585,1.5974026590335924,0.0,0.0,2.0219067237215547,0.0,0.0,0.0,0.0,0.5190181032628752,0.8875780047499624,0.3966089477832628,0.0,0.0,1.5978257320227198,0.0,1.976557985909948,0.0,0.0,0.5893159467461069,0.0,0.4932522153706615,0.0,0.0,0.0,0.0,1.6391489466193585,0.0,-0.0022788720453143,0.4248320100973586,0.315544086184873,0.3871424680013366,0.1895345496282162,0.1649286702470913,0.1090480577275121,0.1784364361620492,0.0926151767174792,0.0680217868702071,0.2242365591500746,0.3927393159789335,3.677892656008973,2.56982000233733,4.287908898618387
W1233,6,0.0,0.0,0.2942529854266146,0.891626476478706,0.0,0.0,0.7284491725529634,0.0,0.0,0.0,0.0,0.2336222158835783,0.5963954492401152,0.177018672244913,0.0,0.0,0.8083543572276662,0.0,0.9604084901690966,0.0,0.0,0.2104744725978229,0.0,0.1828599750351016,0.0,0.0,0.0,0.0,1.040384108822317,0.0,0.0109770326242662,0.1252426179726612,0.1415599596434833,0.0264557905304097,0.0474503597130429,0.061272325953088,0.0329464582952904,-0.0511342153015523,0.0025616990224445,-0.0187970856732426,0.0861793446579648,0.1925180822025117,3.032690636964789,2.2171388984275286,3.5615576842975862
W1237,0,0.0,0.0,0.25,0.25,0.0,0.0,0.25,0.0,0.0,0.25,0.0,0.0,0.25,0.25,0.0,0.25,0.25,0.0,0.0,0.0,0.25,0.0,0.25,0.0,0.0,0.0,0.25,0.25,0.0,0.0,35.0,0.0,0.0,0.0,0.0,0.0,0.0,0.0,0.0,0.0,0.0,0.0,0.0,0.0,0.0
W1237,3,0.0,0.0,0.6424808425903347,1.8864975738908945,0.0,0.0,1.939136865116756,0.0,0.0,0.5135488639781969,0.0,0.0,0.7851464928215037,0.2726049873936552,0.0,0.862384382040594,1.6784977487914734,0.0,0.0,0.0,0.6323545280889794,0.0,0.7584121271518506,0.0,0.0,0.0,0.641681171996084,0.7162432489289977,0.0,0.0,0.0607803080904811,0.6236802393330378,0.7294230903514956,0.5498528724698621,0.6377105095720669,0.4448174886469962,0.5172980229770794,0.3499238946529013,0.2039223720473644,0.1414751104687854,0.4246494755530863,0.1877796776105667,3.3339956109206783,2.9913728100639743,2.885983162127806
W1237,6,0.0,0.0,0.3754501088245658,1.1492119644932304,0.0,0.0,0.951516663227028,0.0,0.0,0.1830692580901486,0.0,0.0,0.4370915202716634,0.1396921179417739,0.0,0.3573517632699564,1.0480101777729662,0.0,0.0,0.0,0.248986612902432,0.0,0.4089337957442477,0.0,0.0,0.0,0.2858612763462683,0.4052604280902686,0.0,0.0,0.0016962171101141,0.1600105906663462,0.2151994218355367,0.1281739932390742,0.2304141465478875,0.2173703983419614,0.2030889705682576,0.0853395224553388,0.0793419390392412,0.1642641113186952,0.1729883043665593,0.1300362450958373,2.640162785361296,2.3037151252555157,4.108753649364684
W1543,0,0.0,0.3,0.0,0.0,0.0,0.0,0.0,0.0,0.0,0.3,0.0,0.0,0.3,0.0,0.3,0.3,0.0,0.3,0.0,0.0,0.0,0.3,0.3,0.0,0.3,0.3,0.0,0.0,0.0,0.0,35.0,0.0,0.0,0.0,0.0,0.0,0.0,0.0,0.0,0.0,0.0,0.0,0.0,0.0,0.0
W1543,3,0.0,0.7869428337791357,0.0,0.0,0.0,0.0,0.0,0.0,0.0,0.7203655362277068,0.0,0.0,1.5100646230955883,0.0,0.584230503356366,0.9942740418956382,0.0,1.3234966689523011,0.0,0.0,0.0,0.7322271095647157,0.9735333828349444,0.0,0.7753698355443206,0.8253892577576701,0.0,0.0,0.0,0.0,0.0656410609381045,1.5037021087435392,0.6073059507742865,0.7350442709757604,1.1036121142384934,0.380778970631715,1.3383514507524692,0.4507270132778221,0.0337428957426004,0.0849401026362021,0.2330453041441645,0.1255754114441143,4.170589755285372,2.5712647788047733,3.043723777623014
W1543,6,0.0,0.5185076228374805,0.0,0.0,0.0,0.0,0.0,0.0,0.0,0.2993124455095268,0.0,0.0,0.6408569814721737,0.0,0.2785759636514889,0.4174512726416554,0.0,0.5526137251665143,0.0,0.0,0.0,0.405506710139385,0.732976380706344,0.0,0.3552646205931169,0.4764105535186711,0.0,0.0,0.0,0.0,-0.047537865376338,1.481278440914027,0.1959280489085305,0.2934067993900084,0.5202792316636331,0.1275824106191466,0.7083698277002255,0.0939723743777228,0.0238840800021789,0.0731587712249451,0.1198652218126342,0.0777457051271795,4.292091150896285,4.232842125601166,3.3770404219076298
W1555,0,0.0,0.2727272727272727,0.0,0.0,0.0,0.0,0.0,0.0,0.2727272727272727,0.2727272727272727,0.2727272727272727,0.2727272727272727,0.2727272727272727,0.2727272727272727,0.0,0.0,0.2727272727272727,0.0,0.2727272727272727,0.2727272727272727,0.0,0.0,0.0,0.0,0.2727272727272727,0.0,0.0,0.0,0.0,0.0,35.0,0.0,0.0,0.0,0.0,0.0,0.0,0.0,0.0,0.0,0.0,0.0,0.0,0.0,0.0
W1555,3,0.0,0.568404891955697,0.0,0.0,0.0,0.0,0.0,0.0,1.2271030688842344,0.6832973580313549,0.4320966553328929,0.6635487427984499,1.6514356587309151,0.4207824336714738,0.0,0.0,2.4223967965958355,0.0,2.4095785962415497,0.7148285230310443,0.0,0.0,0.0,0.0,0.7838057780148974,0.0,0.0,0.0,0.0,0.0,0.0803495680594504,1.982376059958432,0.5761900230330792,0.5069336012936303,0.3557431093136514,0.1416059736640468,0.2984333441022703,0.1569874721117997,0.0610758558676141,0.1238455153909687,0.2720090480309697,0.1536509312288611,3.333184084784077,2.439703299397985,5.622493944263431
W1555,6,0.0,0.3027980669198837,0.0,0.0,0.0,0.0,0.0,0.0,0.5177680265862525,0.2860862303458442,0.1979284454852259,0.206082383776777,0.6947921500991057,0.1771821055480523,0.0,0.0,1.086558007398703,0.0,1.054215859234167,0.34228134511984,0.0,0.0,0.0,0.0,0.3731472253430463,0.0,0.0,0.0,0.0,0.0,-0.026180977298486,1.4554871406775014,0.2726369922300112,0.1632084795927948,0.0618785259242746,-0.0391245564571812,0.0463251676027192,0.0016714982472634,0.0715292340467981,0.0547126839513009,-0.0613328357783158,0.0808798470975542,3.4879003911452813,1.7286069657766878,5.85594222554825
W1620,0,0.0,0.25,0.0,0.0,0.0,0.0,0.25,0.25,0.25,0.0,0.0,0.0,0.0,0.0,0.25,0.25,0.25,0.0,0.25,0.0,0.25,0.0,0.25,0.0,0.25,0.25,0.0,0.0,0.0,0.0,35.0,0.0,0.0,0.0,0.0,0.0,0.0,0.0,0.0,0.0,0.0,0.0,0.0,0.0,0.0
W1620,3,0.0,0.4895937821611251,0.0,0.0,0.0,0.0,1.6477520203919434,0.4295173667083038,0.8369268556117966,0.0,0.0,0.0,0.0,0.0,0.4557144704078288,0.9923781408255984,1.8735060569054691,0.0,2.203531936710455,0.0,0.7455499981880638,0.0,0.7080854779739703,0.0,0.720451656237843,0.537917192488478,0.0,0.0,0.0,0.0,0.0301503502428752,1.3668006269683437,0.5046266963620907,0.387143968078529,0.4214988723732747,0.1930349628441895,0.3117845866783695,0.275979547481431,0.1079419183986967,0.2301396651716442,0.2350220637415381,0.6141222129467586,3.185754772280297,2.41903426170512,4.125589701798478
W1620,6,0.0,0.2328705456722502,0.0,0.0,0.0,0.0,1.0408926784455483,0.1603572169946028,0.4133109113986332,0.0,0.0,0.0,0.0,0.0,0.2046713107249046,0.3814880015707254,0.7290776865076403,0.0,0.9941608516064676,0.0,0.3637931568279428,0.0,0.4109797871012553,0.0,0.2988851908812504,0.2646903284076384,0.0,0.0,0.0,0.0,0.0490967385570965,0.4140380409757312,0.1464889166186254,0.0999906686700389,0.0892073401357394,0.1232244217813231,0.0435785082537504,0.0802656767327267,0.0072115255526913,0.0712556353842404,0.1133062265239122,0.1788483084780187,2.1675244676148053,2.0709849378984995,5.974820736468726
W2253,0,0.0,0.25,0.25,0.0,0.0,0.0,0.0,0.0,0.0,0.0,0.0,0.0,0.25,0.0,0.25,0.0,0.25,0.0,0.25,0.0,0.25,0.25,0.25,0.0,0.0,0.25,0.0,0.0,0.25,0.25,35.0,0.0,0.0,0.0,0.0,0.0,0.0,0.0,0.0,0.0,0.0,0.0,0.0,0.0,0.0
W2253,3,0.0,0.4253148179472217,0.576941904087753,0.0,0.0,0.0,0.0,0.0,0.0,0.0,0.0,0.0,1.3501254858340972,0.0,0.5078941119788273,0.0,2.1509782932386905,0.0,2.403169294539246,0.0,0.6036287425121135,0.6167403114764486,0.7082917104826819,0.0,0.0,0.5299791129642353,0.0,0.0,2.114566283183003,0.4479164023972308,0.0485412950621539,0.8676993524746128,0.3412504845257181,0.4668619869821467,0.2542600973188478,0.2238907679496484,0.2085219556436047,0.1335761360555699,-0.0371594072858196,0.0914397760508746,0.1134360390831654,0.2068315683923921,3.828591895783677,2.342087584586413,5.048740678248402
W2253,6,0.0,0.1923667191888308,0.2973340684684123,0.0,0.0,0.0,0.0,0.0,0.0,0.0,0.0,0.0,0.6084817940178112,0.0,0.2508155751473992,0.0,0.8858292667224269,0.0,1.241610491802032,0.0,0.2880832692371475,0.2287683904913876,0.406429675176652,0.0,0.0,0.3003138149702086,0.0,0.0,1.1764813720991054,0.184039574311725,-0.0278666174362417,0.3412724697561496,0.0308075044779197,0.0516641623001323,0.0395830795650598,0.0317773030791412,0.0566772691190843,-0.0455145877151389,-0.0671770750324912,-0.0169144147135757,0.0572940390259598,0.0565669184639695,2.828089589887244,2.272918717060419,5.144308537539561
W2370,0,0.0,0.1875,0.1875,0.0,0.0,0.1875,0.0,0.1875,0.1875,0.0,0.0,0.0,0.0,0.0,0.0,0.1875,0.0,0.1875,0.0,0.1875,0.1875,0.1875,0.1875,0.0,0.1875,0.1875,0.0,0.1875,0.1875,0.1875,35.0,0.0,0.0,0.0,0.0,0.0,0.0,0.0,0.0,0.0,0.0,0.0,0.0,0.0,0.0
W2370,3,0.0,0.4101768503561788,0.5461462227033554,0.0,0.0,0.3071147883972605,0.0,0.3156762265033514,0.9818891888409654,0.0,0.0,0.0,0.0,0.0,0.0,0.7661855797818624,0.0,1.0016972077384658,0.0,0.5304008458294536,0.6471869842050105,0.6201423596735675,0.853872306977204,0.0,0.6777944725755782,0.6086226027009959,0.0,0.7891058944690263,1.618966929729309,0.4180080466816095,0.053229045646858,0.9955692783550966,0.3043259958099994,0.4519392910756297,0.2447857982553652,0.384207143331109,1.0867922705792707,0.1832857502792718,0.13008811336841,0.2312315611137143,0.1166772543640115,0.6382288958424064,4.518655271948355,2.8302030667122784,2.722165370368291
W2370,6,0.0,0.2047350776142094,0.3496173293333721,0.0,0.0,0.1697508346725724,0.0,0.1727282140198746,0.3443559927418926,0.0,0.0,0.0,0.0,0.0,0.0,0.3763204613231378,0.0,0.4137581957814703,0.0,0.2309752106169694,0.2922823695317118,0.2541519136555506,0.5085623039168353,0.0,0.3138821883196623,0.2406731861028627,0.0,0.5090476761297361,1.301892877864661,0.2196377919062676,0.019743070852228,0.3226279820998305,0.1710377690266335,0.0611726390990151,0.1133584002023708,0.1439787763530846,0.6258121403730713,0.0245955715681766,0.1067111723992822,-0.0044229708741181,0.0499199956156664,0.4177502994503586,3.694909177825712,3.405188749319849,3.620885305639368
W2657,0,0.0,0.1764705882352941,0.1764705882352941,0.1764705882352941,0.0,0.0,0.1764705882352941,0.1764705882352941,0.0,0.0,0.0,0.0,0.1764705882352941,0.1764705882352941,0.0,0.1764705882352941,0.0,0.1764705882352941,0.1764705882352941,0.1764705882352941,0.1764705882352941,0.1764705882352941,0.1764705882352941,0.1764705882352941,0.1764705882352941,0.0,0.0,0.0,0.1764705882352941,0.0,35.0,0.0,0.0,0.0,0.0,0.0,0.0,0.0,0.0,0.0,0.0,0.0,0.0,0.0,0.0
W2657,3,0.0,0.3504851786224756,0.4483266382446237,1.274395313356438,0.0,0.0,1.120052768590833,0.259302451744229,0.0,0.0,0.0,0.0,1.0088034955210428,0.2635513781602562,0.0,0.7028223599945516,0.0,0.6415991114631898,1.3856978857569555,0.2979706696132178,0.4069873126186963,0.3737164548366478,0.5118643602574928,0.2781083289110405,0.6012107372067829,0.0,0.0,0.0,1.4170069380409729,0.0,0.0126894702830776,0.5159089149474929,0.4401036735362933,0.2669846418268515,0.403514773897616,0.2271807290003581,0.3754264303767088,0.155381487100051,0.1603669095826057,0.0623709871284774,0.330014436505126,0.2999073112951783,5.2954764132462575,2.58273166707243,3.4558200562424712
W2657,6,0.0,0.1749777474755972,0.2510491522395243,0.6363870424662882,0.0,0.0,0.4876759814029831,0.1256651390792398,0.0,0.0,0.0,0.0,0.4751431124577623,0.1060337504462334,0.0,0.2739497221810844,0.0,0.2618493986806571,0.7439670416833162,0.1831093534174612,0.1818380130062371,0.1432048402168642,0.3012821446207494,0.1570675619994876,0.2164781433698487,0.0,0.0,0.0,0.842995336714574,0.0,-0.0439774072192157,0.1258198322290616,0.0429764422209719,0.1379009228235539,0.1074313105500747,0.1035972130961233,0.1408295057720076,0.0644316893151712,0.0726460642753584,0.0586679941289166,0.083454733242145,0.1647864470250545,4.28004663757513,2.5564640281952,4.069161548210998
W2695,0,0.0,0.2,0.2,0.2,0.0,0.2,0.0,0.0,0.2,0.2,0.2,0.0,0.0,0.0,0.2,0.0,0.2,0.0,0.0,0.2,0.2,0.2,0.0,0.0,0.2,0.2,0.0,0.0,0.0,0.2,35.0,0.0,0.0,0.0,0.0,0.0,0.0,0.0,0.0,0.0,0.0,0.0,0.0,0.0,0.0
W2695,3,0.0,0.6150749383981529,0.6736837717304908,1.9760017798935072,0.0,0.3650821825729009,0.0,0.0,1.0202991552554173,0.5171670301470315,0.4903167784883738,0.0,0.0,0.0,0.5560097732067804,0.0,2.8792305946856964,0.0,0.0,0.5990187649378675,0.7223194256913206,0.6429873030957399,0.0,0.0,0.7457918696910124,0.5333177661955256,0.0,0.0,0.0,0.5704261257826035,0.0312005675115488,0.7398142129536116,0.6454099303588352,0.3689425263021326,0.2387949382430923,0.521587917358537,0.9790558458466592,0.3525523144485916,0.1224630339433683,0.4264270442196095,0.229583897708477,0.4067170117905461,2.0314701283280523,2.44868057194318,3.501523719462068
W2695,6,0.0,0.2872222809181032,0.3132949104727097,1.1861884452829892,0.0,0.2276558025092202,0.0,0.0,0.4444951519869977,0.2321357742947843,0.2349888768204923,0.0,0.0,0.0,0.2489428758604973,0.0,1.522238181786305,0.0,0.0,0.2562492508596484,0.2542883862216183,0.2881491258899719,0.0,0.0,0.2780387259048318,0.3061924897666845,0.0,0.0,0.0,0.3476101028807697,-0.0374538400455605,0.1705773489218315,0.1366086802535164,0.1829462497564435,0.1020450440356624,0.0831559312626341,0.382445248637752,0.1502904547988272,0.0670738867635821,0.1476705219530796,0.0884584410745708,0.0490512550698674,2.090846261311192,2.4837572514228983,4.70110596284449
W2722,0,0.0,0.1666666666666666,0.1666666666666666,0.1666666666666666,0.0,0.1666666666666666,0.0,0.1666666666666666,0.1666666666666666,0.0,0.1666666666666666,0.1666666666666666,0.0,0.0,0.1666666666666666,0.0,0.1666666666666666,0.0,0.0,0.1666666666666666,0.1666666666666666,0.1666666666666666,0.1666666666666666,0.0,0.1666666666666666,0.0,0.0,0.1666666666666666,0.1666666666666666,0.1666666666666666,35.0,0.0,0.0,0.0,0.0,0.0,0.0,0.0,0.0,0.0,0.0,0.0,0.0,0.0,0.0
W2722,3,0.0,0.4088180957607759,0.5242683866045407,1.8217936117772775,0.0,0.3624276004430022,0.0,0.2665775992459743,0.8612050314530684,0.0,0.3902610613847663,0.4977711064470315,0.0,0.0,0.3841967467201273,0.0,1.6642685317230117,0.0,0.0,0.3468353368416528,0.6119688288750931,0.4987261693357396,0.6959899946626501,0.0,0.5955322943058654,0.0,0.0,0.5886182922804174,1.8151138860067104,0.4277234543067491,0.0160069631614883,0.5175142880590453,0.3115511892827409,0.5593329495384258,0.2366495281440135,0.2599180233151108,0.6522499083368468,0.3750651325800395,0.1728227089546267,0.2296465537624242,0.2286475993808293,0.4451871136695477,2.4949575806843534,2.2849252952986885,3.0373852950232525
W2722,6,0.0,0.2015878483002511,0.2791562719326385,0.8465722920169141,0.0,0.1631344081253276,0.0,0.14928478867037,0.3404744308952894,0.0,0.1764646483805467,0.2780360024178011,0.0,0.0,0.1743689936431876,0.0,0.813793932628908,0.0,0.0,0.2213265471147569,0.2474676412057999,0.2099254008595539,0.3386602074404491,0.0,0.267741637643877,0.0,0.0,0.3280161590576796,1.2338365705829506,0.1945149992353202,-0.0534376295901328,0.1574582566357627,0.0992202730032628,0.1237723684437592,0.1060212683134587,0.0272910000559671,0.2126076992382107,0.0456908666863466,0.0075207814144628,0.1787309182855374,0.0560355142211271,0.1385233943945961,2.1406861539421174,2.542957577532427,3.312084130275666
W2825,0,0.0,0.1764705882352941,0.1764705882352941,0.1764705882352941,0.1764705882352941,0.0,0.1764705882352941,0.0,0.0,0.1764705882352941,0.1764705882352941,0.1764705882352941,0.1764705882352941,0.0,0.1764705882352941,0.0,0.1764705882352941,0.1764705882352941,0.0,0.0,0.1764705882352941,0.0,0.0,0.1764705882352941,0.1764705882352941,0.0,0.0,0.0,0.1764705882352941,0.1764705882352941,35.0,0.0,0.0,0.0,0.0,0.0,0.0,0.0,0.0,0.0,0.0,0.0,0.0,0.0,0.0
W2825,3,0.0,0.4145035408892822,0.4923497523127574,1.384037893239506,0.9105007534712628,0.0,1.3813040703445243,0.0,0.0,0.3982068679844344,0.3557282708826487,0.3507619385789152,1.0305177025337608,0.0,0.3177462262751087,0.0,1.2979757563571892,0.6224101900082427,0.0,0.0,0.5129781837409028,0.0,0.0,0.4486391101908833,0.4772415191161528,0.0,0.0,0.0,1.2324283686024684,0.3551964154229173,0.1406398330694602,0.5180246326655615,0.4547558230750634,0.4997901067780275,0.3069193190666683,0.3565165442467313,0.7224380981773093,0.5194286446498636,0.1185686755124563,0.1366727035254953,0.2057198706709018,0.2784289982284115,3.4627947218249027,3.3410235993292985,3.4625885978728004
W2825,6,0.0,0.174994997990361,0.2910431963845206,0.6594282158397641,0.4532100227974674,0.0,0.6542431177960492,0.0,0.0,0.2094548024378399,0.1404081493455362,0.1532025430373534,0.4502712381985085,0.0,0.1899777086900589,0.0,0.6270337524800617,0.2598677980510349,0.0,0.0,0.2038401862496634,0.0,0.0,0.1714736860854916,0.2572276277725428,0.0,0.0,0.0,0.8219782574886847,0.1964422529224225,-0.0325060395989683,0.0360580153585366,0.1977985821100895,0.102114184785667,0.0139144005762201,0.0971804035287289,0.1972666641686119,0.1686401438929357,-0.0225363802339641,0.1067393534953046,-0.0192981024756781,0.0999046047768375,3.521852841624665,3.481985371545323,3.43113861509909
W2997,0,0.1875,0.0,0.0,0.0,0.0,0.0,0.0,0.1875,0.1875,0.1875,0.0,0.1875,0.1875,0.0,0.1875,0.1875,0.1875,0.0,0.1875,0.1875,0.1875,0.1875,0.0,0.1875,0.0,0.0,0.1875,0.1875,0.0,0.0,35.0,0.0,0.0,0.0,0.0,0.0,0.0,0.0,0.0,0.0,0.0,0.0,0.0,0.0,0.0
W2997,3,0.989957767724974,0.0,0.0,0.0,0.0,0.0,0.0,0.2859084212969254,0.8288927318130406,0.4497405631599722,0.0,0.3680168791160309,0.90768902915583,0.0,0.3915945146227954,0.6996882222106424,1.2363591726215264,0.0,1.9046435713286811,0.4337921637694538,0.4925049801453157,0.4287102632400631,0.0,0.3647104724348742,0.0,0.0,0.5653843870728238,0.6477971622403033,0.0,0.0,0.1471054955010633,1.648201673183301,0.6485335419487752,0.6291829558543953,0.4658240311463139,0.2169654363337304,0.3555121276105855,0.4448402535676405,0.1741146242493422,0.1511683672765357,0.1563751932274269,0.2969942750580727,3.242575461870174,2.222678781019287,4.094417013444218
W2997,6,0.5457883037640089,0.0,0.0,0.0,0.0,0.0,0.0,0.2116603474111943,0.4079457746726012,0.2063692799075971,0.0,0.1784707096557021,0.4140174995463903,0.0,0.1672737670251724,0.2658630242235784,0.7630841141648044,0.0,1.1143845535533965,0.2389627912536754,0.2558402494574948,0.2136156282441254,0.0,0.1571892596900119,0.0,0.0,0.1991274438592545,0.4174423090954823,0.0,0.0,0.0408264361778604,0.8628745091163703,0.4047685607945701,0.2863526451821358,0.1686615890355131,0.0688733162074168,0.11722332768162,0.0693333560003309,0.090841894392202,0.0609898686650394,0.0816785076885153,0.1725209608885,2.7689328907866084,3.2025191743752868,5.7315350784536845
W3063,0,0.1875,0.0,0.0,0.0,0.0,0.1875,0.0,0.0,0.1875,0.0,0.1875,0.0,0.1875,0.0,0.0,0.1875,0.1875,0.1875,0.1875,0.0,0.1875,0.1875,0.1875,0.0,0.0,0.1875,0.1875,0.1875,0.1875,0.0,35.0,0.0,0.0,0.0,0.0,0.0,0.0,0.0,0.0,0.0,0.0,0.0,0.0,0.0,0.0
W3063,3,0.6055534032560161,0.0,0.0,0.0,0.0,0.3633159935238074,0.0,0.0,0.7491234660927178,0.0,0.3209777679910854,0.0,0.8746391759227392,0.0,0.0,0.5776613600435212,1.3163431076295875,0.616944928679638,1.4372944612885012,0.0,0.4459462442319331,0.4332926911026328,0.6477807305452894,0.0,0.0,0.404491671461217,0.4294893343916217,0.5439027740909834,1.6924992108462795,0.0,0.0221938700132507,1.0598287939925155,0.7850969434670308,0.565977049292871,0.313229992970206,0.1534097300844962,0.2895728016533164,0.2992118973062153,0.1398243223486684,0.1477534989326188,0.2639434446252429,0.2907562050494658,3.188488706741886,2.9293743304489093,3.800759634222824
W3063,6,0.3752150377845857,0.0,0.0,0.0,0.0,0.1784435231806147,0.0,0.0,0.317641601330235,0.0,0.1266243924679896,0.0,0.3663000682732331,0.0,0.0,0.2508925430770677,0.6715409750500273,0.2780243586313181,1.0221745872355452,0.0,0.2192795793445624,0.2220218305477885,0.3382875841235808,0.0,0.0,0.1892528313885752,0.1850432801599005,0.2924625021555082,0.8430000844900447,0.0,-0.0128579910064686,0.4674245399031801,0.2034586487076593,0.1880451448324276,0.0579874752347589,-0.0003954738799755,0.1302227523900006,0.066688116836735,-0.026745938574087,0.0984031454799525,0.023878696556138,0.1372209941246467,2.635632388677436,3.0791341002695707,4.387970130660235
W3103,0,0.2727272727272727,0.0,0.0,0.0,0.0,0.2727272727272727,0.2727272727272727,0.0,0.0,0.0,0.0,0.0,0.0,0.2727272727272727,0.0,0.0,0.0,0.0,0.0,0.2727272727272727,0.2727272727272727,0.2727272727272727,0.0,0.2727272727272727,0.2727272727272727,0.0,0.2727272727272727,0.2727272727272727,0.0,0.0,35.0,0.0,0.0,0.0,0.0,0.0,0.0,0.0,0.0,0.0,0.0,0.0,0.0,0.0,0.0
W3103,3,1.3877525497491316,0.0,0.0,0.0,0.0,0.7282005956254168,2.67721453555905,0.0,0.0,0.0,0.0,0.0,0.0,0.4818171650352328,0.0,0.0,0.0,0.0,0.0,0.8102716969480936,0.7691296082639012,0.8515611668562303,0.0,0.824430174180899,1.0317219026580138,0.0,0.8163891334119552,1.474561509271345,0.0,0.0,0.0454102738765309,0.5380006691153043,0.8213753785109754,1.0373387491627022,0.7365275800505187,0.2280123373446506,0.6436600002754823,0.4451219410826867,0.2798341848686765,0.2740172077041495,0.465327525499697,0.5443873400720899,1.4530851997055407,4.326336718352586,3.192271003142399
W3103,6,0.5800892822490561,0.0,0.0,0.0,0.0,0.3005771646958741,1.6557886629246628,0.0,0.0,0.0,0.0,0.0,0.0,0.2829875073258504,0.0,0.0,0.0,0.0,0.0,0.3367708678411239,0.3633922747016228,0.4251260861582216,0.0,0.3529493574404531,0.4553407323250491,0.0,0.3672503979822475,0.701335804565393,0.0,0.0,-0.0500356397689103,0.141213175333203,0.2442396370852545,0.3432912728224833,0.1798469499627666,0.0935710682482121,0.137873697497968,0.1765399268422738,0.1527162959406933,0.163096882374741,0.1784980760262642,0.2431352398978805,1.6189488507250125,5.166565488570404,3.365584522116875
W3200,0,0.2307692307692307,0.0,0.0,0.0,0.2307692307692307,0.0,0.0,0.2307692307692307,0.2307692307692307,0.2307692307692307,0.0,0.0,0.2307692307692307,0.0,0.2307692307692307,0.0,0.0,0.0,0.0,0.2307692307692307,0.0,0.0,0.2307692307692307,0.0,0.0,0.2307692307692307,0.2307692307692307,0.0,0.2307692307692307,0.2307692307692307,35.0,0.0,0.0,0.0,0.0,0.0,0.0,0.0,0.0,0.0,0.0,0.0,0.0,0.0,0.0
W3200,3,0.8104760951727115,0.0,0.0,0.0,1.2472780775894254,0.0,0.0,0.4048576130823965,1.0527917635322648,0.5182492929485957,0.0,0.0,1.60366109844089,0.0,0.4530236328090337,0.0,0.0,0.0,0.0,0.5757311796392895,0.0,0.0,1.1085974385877495,0.0,0.0,0.5151406525136714,0.6956298357608082,0.0,2.4083313613369493,0.4949264750873434,0.0930534106682637,0.5505945703492069,0.5171633682901763,0.4377284959999453,0.2103428318598056,0.2667594936582786,0.7550147997942389,0.4247377364232165,0.1514972296207442,0.185248991169535,0.3260143923375047,0.3268182511536474,2.16042186267815,4.453842695165877,3.4112396270670984
W3200,6,0.414411414247961,0.0,0.0,0.0,0.5909255798626175,0.0,0.0,0.186369625949537,0.3729279083138985,0.2239191106892121,0.0,0.0,0.68032824969073,0.0,0.2535064486393572,0.0,0.0,0.0,0.0,0.2640199417842443,0.0,0.0,0.4012340727629886,0.0,0.0,0.2837860477908058,0.2878401016280171,0.0,1.2820477862706512,0.270446467849066,0.0380307788623159,0.1227910271174371,0.0694033606811133,0.1362473693661474,-0.0029237416627692,0.1559134891792683,0.1627646513951086,0.1677030917597801,0.0368931364284513,0.0746131851590917,0.1026332590128542,0.2299407908599825,2.3557476947518583,5.60172448958386,3.233484807766742
W3403,0,0.1764705882352941,0.0,0.0,0.1764705882352941,0.0,0.0,0.1764705882352941,0.0,0.1764705882352941,0.1764705882352941,0.1764705882352941,0.1764705882352941,0.1764705882352941,0.0,0.0,0.1764705882352941,0.1764705882352941,0.1764705882352941,0.1764705882352941,0.1764705882352941,0.1764705882352941,0.1764705882352941,0.1764705882352941,0.0,0.1764705882352941,0.0,0.0,0.0,0.0,0.0,35.0,0.0,0.0,0.0,0.0,0.0,0.0,0.0,0.0,0.0,0.0,0.0,0.0,0.0,0.0
W3403,3,0.6970820172926637,0.0,0.0,1.3100562499318478,0.0,0.0,1.1308711083418097,0.0,0.6906615394243548,0.3176654323869598,0.2374036128986821,0.3464146213247422,0.8884654337573422,0.0,0.0,0.5023673964168427,1.1985515284229935,0.6759783896898601,1.4223421650159227,0.3513141219699454,0.4723207739315492,0.400524161976992,0.6112526618252996,0.0,0.4839629101303885,0.0,0.0,0.0,0.0,0.0,0.0484383884252064,0.6688814216473629,0.8240146193338386,0.5105807653507014,0.4717015383648402,0.3153755538624385,0.4616696751849822,0.4489770422492062,0.1423626669634796,0.0625408726440202,0.241407206884872,0.2883310258840612,3.915688520910618,2.6820112062090384,3.8197810470422913
W3403,6,0.3076979731284679,0.0,0.0,0.6282849210822891,0.0,0.0,0.6376583378626355,0.0,0.2603545693887137,0.128918052117366,0.1236876694609472,0.1609129407716898,0.3531913492698837,0.0,0.0,0.2411662563740097,0.5943834477897553,0.2170034107310347,0.846948345980505,0.1347697648419719,0.1488100678727534,0.1421012182339035,0.2654899196481351,0.0,0.2330440213632979,0.0,0.0,0.0,0.0,0.0,-0.0111241384892547,0.2240219698212394,0.3335626310623877,0.17043247967045,0.1155755663192396,0.0633222848154104,0.1147784408998282,0.0454304088623384,0.0629648413814955,-0.0031546111969656,0.1171959403647192,0.1448519747317831,3.508315222887985,2.7564009135725613,5.531623969906562
W3621,0,0.2307692307692307,0.0,0.0,0.2307692307692307,0.2307692307692307,0.2307692307692307,0.0,0.0,0.0,0.0,0.2307692307692307,0.0,0.0,0.0,0.0,0.2307692307692307,0.2307692307692307,0.0,0.2307692307692307,0.0,0.2307692307692307,0.0,0.0,0.2307692307692307,0.0,0.2307692307692307,0.2307692307692307,0.2307692307692307,0.0,0.0,35.0,0.0,0.0,0.0,0.0,0.0,0.0,0.0,0.0,0.0,0.0,0.0,0.0,0.0,0.0
W3621,3,1.0127563616405404,0.0,0.0,1.868266834017692,1.091358606256975,0.4397007225279164,0.0,0.0,0.0,0.0,0.440049051690434,0.0,0.0,0.0,0.0,1.0195755429191486,1.6190780831168723,0.0,1.93359041674526,0.0,0.6461171202375301,0.0,0.0,0.3480894576090737,0.0,0.5752547963782012,0.5663956442902887,0.7497960070266547,0.0,0.0,0.0383496940601164,0.5476580582034998,0.914989050299476,0.2717215691166793,0.274552834465355,0.1736960318180307,0.2478226490476341,0.3729863095553704,0.2144562933952485,0.2242730554154973,0.2760077952592505,0.5490828955286051,2.509933373893129,2.5380473103018275,3.7009609633086535
W3621,6,0.4638061567691762,0.0,0.0,0.94773535853156,0.5115971826982206,0.1813314844132273,0.0,0.0,0.0,0.0,0.2206960460166513,0.0,0.0,0.0,0.0,0.4440475730970078,0.9190467224043102,0.0,1.0345914965124172,0.0,0.2902536134224539,0.0,0.0,0.1684565463660852,0.0,0.2578050563803858,0.2592697811161132,0.3344513990397922,0.0,0.0,-0.0178356886785427,0.1891199935164125,0.4573962122527741,0.0177401048470794,0.0204544627107442,0.045712779806237,0.0453259034953254,-0.0289741615544605,0.0439983039978399,0.0367840562323599,0.08997807192013,0.2022827873730266,2.213323693140415,2.0644607634835377,4.921902442592073
W3859,0,0.1764705882352941,0.0,0.1764705882352941,0.0,0.0,0.1764705882352941,0.0,0.1764705882352941,0.0,0.0,0.0,0.1764705882352941,0.1764705882352941,0.1764705882352941,0.1764705882352941,0.1764705882352941,0.0,0.1764705882352941,0.0,0.0,0.1764705882352941,0.0,0.0,0.1764705882352941,0.0,0.1764705882352941,0.1764705882352941,0.1764705882352941,0.1764705882352941,0.1764705882352941,35.0,0.0,0.0,0.0,0.0,0.0,0.0,0.0,0.0,0.0,0.0,0.0,0.0,0.0,0.0
W3859,3,0.9776720690558393,0.0,0.6777084372614408,0.0,0.0,0.3544302780524465,0.0,0.3280543872390703,0.0,0.0,0.0,0.4093433103004444,1.0179809352512483,0.2644337685527863,0.2965939452469965,0.7235472809840084,0.0,0.8566901961581316,0.0,0.0,0.4711235319682217,0.0,0.0,0.4805101404506682,0.0,0.4396943665215334,0.6301172449168548,0.6628055190920835,1.6331996363413988,0.3548797055247417,0.0976617291760249,0.8418450813219024,0.6613085977256419,0.8699159173086126,0.3556543179680058,0.4411050381856183,1.049479516092278,0.549405692275065,0.1419775711493581,0.1273216407011224,0.2155168906360826,0.2717932681675769,4.871756422672602,3.577234994007234,3.035923794081409
W3859,6,0.6132475451405631,0.0,0.3658281871323525,0.0,0.0,0.2074318854471595,0.0,0.2077779234565921,0.0,0.0,0.0,0.1967722634687064,0.405302611535259,0.117053188505376,0.1532808517559781,0.2734177653662665,0.0,0.3694284824590819,0.0,0.0,0.1950134997927577,0.0,0.0,0.1689064712965684,0.0,0.2501041536803718,0.2875158603515146,0.5221203877080862,0.8739291044228941,0.1782527004434389,0.0651805724043176,0.3438362790696301,0.1991387180527816,0.4246542054500895,0.111963807733871,0.2541585367000863,0.5643051647334132,0.2774452715914764,0.0262874071354326,0.0810609905217272,0.0649491302302,0.0792660937212991,3.07963893561552,3.931246683848682,3.0345584121500764
W4012,0,0.2142857142857142,0.0,0.2142857142857142,0.0,0.2142857142857142,0.0,0.2142857142857142,0.2142857142857142,0.0,0.2142857142857142,0.2142857142857142,0.0,0.0,0.2142857142857142,0.0,0.0,0.2142857142857142,0.0,0.0,0.0,0.0,0.2142857142857142,0.0,0.2142857142857142,0.2142857142857142,0.0,0.2142857142857142,0.0,0.2142857142857142,0.0,35.0,0.0,0.0,0.0,0.0,0.0,0.0,0.0,0.0,0.0,0.0,0.0,0.0,0.0,0.0
W4012,3,0.9596986029649508,0.0,0.6875490699608093,0.0,1.1912654209362143,0.0,1.979989423034034,0.2864062140568104,0.0,0.5542494727104598,0.5196748203346075,0.0,0.0,0.4779553778397802,0.0,0.0,1.7494225937233503,0.0,0.0,0.0,0.0,0.5769900474356087,0.0,0.5491994322571273,0.6044889985859967,0.0,0.6648598322013259,0.0,2.092191530373346,0.0,0.0581496564849887,0.5209759221256506,0.3205473266697141,0.5526464340607796,0.2402621461979546,0.2548957858423441,0.4001871345369439,0.339749453012148,0.1679996084538729,0.2353719597376361,0.109254160885263,0.6566418284083934,1.6998953904228655,3.1130174256082754,3.6460210496723535
W4012,6,0.4402591419297098,0.0,0.2816112812426641,0.0,0.6115277083189157,0.0,0.9633577083551434,0.1595183400084544,0.0,0.2041076958760906,0.2859766525341062,0.0,0.0,0.1924150276487491,0.0,0.0,0.7932364208758513,0.0,0.0,0.0,0.0,0.2253587140909562,0.0,0.2364482608396249,0.2278393185480591,0.0,0.3533538440563241,0.0,1.0331893778279058,0.0,-0.0179812186165102,0.1553127324888996,0.118090953290114,0.1196155997831391,0.0028328700418177,0.0420810878315272,0.0770240132083581,0.0598495780349996,0.0137471748416654,0.0895823835544344,0.0878344953600821,0.2648925517929309,1.4439106997958135,4.024040780799471,3.4721188628637845
W4297,0,0.2,0.0,0.2,0.2,0.2,0.0,0.0,0.0,0.2,0.0,0.0,0.2,0.2,0.0,0.0,0.2,0.2,0.0,0.0,0.2,0.2,0.0,0.2,0.0,0.0,0.0,0.2,0.2,0.0,0.2,35.0,0.0,0.0,0.0,0.0,0.0,0.0,0.0,0.0,0.0,0.0,0.0,0.0,0.0,0.0
W4297,3,0.8265631667213773,0.0,0.7074810013012423,1.209287565924715,0.8867638534968324,0.0,0.0,0.0,0.9814538228825024,0.0,0.0,0.4678189920883127,0.9417946097845968,0.0,0.0,0.8121825832545985,1.6160955614714692,0.0,0.0,0.5034044785963637,0.5859896696181406,0.0,0.5734810729603351,0.0,0.0,0.0,0.5723732720503693,0.7075891416012041,0.0,0.4466697748917323,0.0335009145693187,0.7074059366860316,0.793273597144336,0.3337898370839315,0.3902929523330373,0.4214279318255318,0.4804960797689607,0.6197642322435891,0.2301244660507187,0.2149458594124793,0.3245542133725019,0.2457210340368345,2.435034116815655,2.8810755400795323,4.31933509870103
W4297,6,0.4293847372175091,0.0,0.3450318379729267,0.7980103482904085,0.486752578902487,0.0,0.0,0.0,0.3484509872709248,0.0,0.0,0.1784003739637204,0.4119404416279729,0.0,0.0,0.2891342743062958,0.7461931195255161,0.0,0.0,0.1936515429655831,0.2084885510634748,0.0,0.336834136083019,0.0,0.0,0.0,0.2117437280213637,0.2855058404084339,0.0,0.1643770428462083,-0.0081065023508592,0.1368481153604883,0.2994490431925837,0.1082149522497746,0.0994938122030901,0.0675594109703355,0.1681849508104836,0.1477933682332193,0.114424899218384,0.0140896295400094,0.1415811130866814,0.1281660741332028,2.6148474875236056,2.5244320309596127,5.145623724226553
W4352,0,0.1666666666666666,0.0,0.1666666666666666,0.1666666666666666,0.1666666666666666,0.0,0.1666666666666666,0.0,0.1666666666666666,0.0,0.0,0.1666666666666666,0.0,0.1666666666666666,0.1666666666666666,0.1666666666666666,0.0,0.0,0.1666666666666666,0.0,0.1666666666666666,0.1666666666666666,0.1666666666666666,0.0,0.0,0.1666666666666666,0.1666666666666666,0.1666666666666666,0.0,0.1666666666666666,35.0,0.0,0.0,0.0,0.0,0.0,0.0,0.0,0.0,0.0,0.0,0.0,0.0,0.0,0.0
W4352,3,0.8066211196650488,0.0,0.4577175426042317,1.3554165099379096,0.867015721404352,0.0,1.3577440579084896,0.0,0.569760327231343,0.0,0.0,0.3957890629197839,0.0,0.2730433924326013,0.327882455515647,0.7978106519194103,0.0,0.0,1.2551155866819117,0.0,0.5393933724187995,0.4346017129630899,0.7073561185099677,0.0,0.0,0.3883926307763667,0.4369014303160033,0.5906458147266835,0.0,0.347746500688229,0.1202380445526752,0.5668766838854602,0.4350128609187311,0.2307917482308174,0.3907164879910187,0.1756777315718863,0.2821438563020002,0.3184979566816457,0.2144453580405481,0.1137970473290669,0.501668468018817,0.486010221693854,3.209997738115079,2.5097177232643597,3.671417229330296
W4352,6,0.4075790963702512,0.0,0.2314265778964488,0.6449883696943204,0.3609663218553813,0.0,0.6568683965795533,0.0,0.3282269630653026,0.0,0.0,0.1723640670087124,0.0,0.1224257686021499,0.1611782760610843,0.302609654733702,0.0,0.0,0.5677940036113155,0.0,0.2023271168873565,0.2004428369366322,0.2878649796357936,0.0,0.0,0.1843764970695665,0.2249311458794061,0.3367997359219452,0.0,0.1873666914801833,0.0199428864938424,0.1288590512800696,0.1623527407128493,0.0924264573475532,0.1525637329162091,0.0856500442822978,-0.0025713851001015,0.1072882793022686,0.1048192162437914,0.0339730879619585,0.2730567774374504,0.3078033424220768,2.9001239479520047,2.190350817687494,4.78787014198685
W4384,0,0.15,0.0,0.15,0.15,0.15,0.0,0.15,0.15,0.15,0.0,0.0,0.0,0.0,0.15,0.15,0.15,0.15,0.15,0.15,0.15,0.0,0.15,0.0,0.0,0.15,0.15,0.15,0.15,0.0,0.15,35.0,0.0,0.0,0.0,0.0,0.0,0.0,0.0,0.0,0.0,0.0,0.0,0.0,0.0,0.0
W4384,3,0.6658212795397275,0.0,0.4237285532738334,1.3201578677111308,0.6513513267862332,0.0,1.3302802707611558,0.2131692080989443,0.538494134675607,0.0,0.0,0.0,0.0,0.2382421115115987,0.3293065220016309,0.506763968764726,1.0450457330343457,0.5939460654538481,1.1757570252300356,0.4021920811395594,0.0,0.3016472090160531,0.0,0.0,0.3603905340007747,0.2892301702064909,0.4301257129953112,0.5139225866885659,0.0,0.3723405591686439,0.0304092150826215,0.763245279217439,0.4553921110708259,0.2770443085384775,0.3340653492060465,0.2314804374829702,0.3172037143713497,0.3661582750926002,0.2418179905142646,0.2844644131742977,0.3053563707900093,0.4775410019464852,2.6185705285092937,2.838265667675436,4.047990595563898
W4384,6,0.3151453818980045,0.0,0.1913978070676626,0.8196952080670175,0.3717520221473371,0.0,0.6055872292761345,0.1133704668609758,0.2946751276027952,0.0,0.0,0.0,0.0,0.1091023238885555,0.1643080867221474,0.3086189354638677,0.5111856471979873,0.2235462314147592,0.7561017450627184,0.1516261396632613,0.0,0.1724095651337929,0.0,0.0,0.1864256486552596,0.1587961286345386,0.1898907478264418,0.2489165368953308,0.0,0.1757463217643417,0.021598009128264,0.0823445309824466,0.1067267366490399,0.1268266444804716,0.157585130355763,0.0880981913649408,0.114008574235836,0.0362129504595491,0.0527037041538772,0.0690269316264241,0.1985476226169228,0.2809363625708396,2.792854727983745,2.830158860658124,4.388172119096101
W4434,0,0.1666666666666666,0.0,0.1666666666666666,0.1666666666666666,0.1666666666666666,0.1666666666666666,0.0,0.1666666666666666,0.1666666666666666,0.0,0.1666666666666666,0.0,0.0,0.0,0.0,0.0,0.1666666666666666,0.1666666666666666,0.1666666666666666,0.1666666666666666,0.0,0.1666666666666666,0.0,0.1666666666666666,0.1666666666666666,0.0,0.1666666666666666,0.1666666666666666,0.1666666666666666,0.0,35.0,0.0,0.0,0.0,0.0,0.0,0.0,0.0,0.0,0.0,0.0,0.0,0.0,0.0,0.0
W4434,3,0.694404413441762,0.0,0.3721393462176035,1.2975905233726277,0.7815254897635449,0.2703710138885832,0.0,0.2535984761273063,0.5633500142321165,0.0,0.31321011823083,0.0,0.0,0.0,0.0,0.0,1.6647718173948498,0.643974212086373,1.551479398301642,0.3650073199100145,0.0,0.3799253892740195,0.0,0.3171152856255812,0.4444109762319891,0.0,0.4652883587281795,0.5996159346992971,1.3145262276718306,0.0,0.0066899032292833,0.6177751946475711,0.3410232380659528,0.224527797515146,0.1855534833967988,0.1413141586939517,0.2916201602170976,0.1928100692704543,0.0972822697083269,0.3750093748927972,0.2877242848314926,0.8245032904385968,3.10549722997298,2.471695558058917,3.566677332895352
W4434,6,0.324703957638363,0.0,0.1623765868120927,0.7601327185240535,0.3101220190790609,0.1221834298417816,0.0,0.1196617967068213,0.2560271840571927,0.0,0.1520613735650712,0.0,0.0,0.0,0.0,0.0,0.7098998191414794,0.2922528948907671,0.6816598578257254,0.1535325867090939,0.0,0.1660402356987481,0.0,0.1807043207464188,0.2197103633648893,0.0,0.1978408720680041,0.3014238752246674,0.99542505305751,0.0,0.0436348660623479,0.13692376270739,0.1323740316362915,0.0594485151078397,-0.0225511563282147,-0.0042420972211433,0.0388269990097731,0.0832791478522613,0.0588840171650357,0.1922961235722473,0.1277506656259298,0.3733266443704424,2.950061750318944,2.605752567009298,3.837298334124163
W4754,0,0.2,0.2,0.0,0.0,0.2,0.0,0.0,0.2,0.2,0.2,0.0,0.0,0.0,0.2,0.2,0.2,0.0,0.2,0.0,0.2,0.0,0.0,0.2,0.0,0.0,0.2,0.0,0.0,0.2,0.2,35.0,0.0,0.0,0.0,0.0,0.0,0.0,0.0,0.0,0.0,0.0,0.0,0.0,0.0,0.0
W4754,3,1.0612711853487231,0.4551621285973568,0.0,0.0,1.0874917858156374,0.0,0.0,0.2587307517938757,0.8805590875219061,0.5122789398052284,0.0,0.0,0.0,0.3992972156055983,0.4210192003048562,1.2468357100406344,0.0,0.9284541803997152,0.0,0.6025216630116693,0.0,0.0,0.8420189229449558,0.0,0.0,0.5173126509965661,0.0,0.0,1.8434405818525288,0.3538480470658123,0.0283387587493517,0.6927981074609939,0.4670925289922217,0.4715330887588877,0.2626338702662274,0.3475644439095121,0.6307663075445535,0.2997190336453338,0.1209572402844644,0.2659482675582672,0.205977649467452,0.6181751259799457,3.50336534381836,4.062365174233456,3.178392712008267
W4754,6,0.5675060387243067,0.2152272198781044,0.0,0.0,0.6979357840946016,0.0,0.0,0.1620789682846057,0.4065340666821497,0.1696109733327643,0.0,0.0,0.0,0.1850518754869167,0.2554654552240594,0.3995792836990195,0.0,0.3871626966354441,0.0,0.263576307528941,0.0,0.0,0.3666476554025603,0.0,0.0,0.2778598900806698,0.0,0.0,1.1774345474997645,0.1881102019942878,-0.0143080304932892,0.1399555413825519,0.0733890702638017,0.207594201375985,0.0255757651568206,-0.0073956849881117,0.3189480827930205,0.1183323709166875,0.0876063247009101,0.0991012202898181,0.0664313028760321,0.3346950900376914,3.172816408467217,3.941483913310411,4.064994990509111
W4843,0,0.1875,0.1875,0.0,0.0,0.1875,0.1875,0.0,0.1875,0.0,0.1875,0.1875,0.0,0.1875,0.1875,0.1875,0.0,0.1875,0.0,0.0,0.0,0.0,0.0,0.1875,0.0,0.0,0.1875,0.1875,0.1875,0.0,0.1875,35.0,0.0,0.0,0.0,0.0,0.0,0.0,0.0,0.0,0.0,0.0,0.0,0.0,0.0,0.0
W4843,3,1.1553675206690046,0.6188103234029274,0.0,0.0,1.344488244887101,0.4256605704319697,0.0,0.3084341712893807,0.0,0.4861443046560675,0.3719108927859421,0.0,1.588302763999398,0.2560893803271551,0.3768682113161187,0.0,1.3447262071956196,0.0,0.0,0.0,0.0,0.0,0.9018281211405932,0.0,0.0,0.3911901535794193,0.6930047501388431,0.5640348747382345,0.0,0.5557015264283468,0.0860900252315657,1.1036782178810784,0.6308857755824114,0.5647537690489489,0.6329849623462842,0.3384763085544391,0.5030527760598424,0.4553861471584906,0.150857944383337,0.1861263257538111,0.4051611481943885,0.1238969294087102,2.074476596535835,4.07796720300301,3.775962837150351
W4843,6,0.4879915244203731,0.3038872556468824,0.0,0.0,0.8856206326463504,0.2197939756813178,0.0,0.2218140660997141,0.0,0.2355551080106795,0.1615604689890693,0.0,0.6513309356041225,0.1297729883006618,0.1853276480722314,0.0,0.9860064981469906,0.0,0.0,0.0,0.0,0.0,0.4084576325273555,0.0,0.0,0.2391225533991181,0.324550176031522,0.3928048958689529,0.0,0.312043414529732,0.0745899911201052,0.2911710311568403,0.2982423441459057,0.1285354730007887,0.2466780863567994,0.0639769917864648,0.036224329077673,0.1744712722592321,0.0506285392290075,0.1251587162673592,0.1524886584796854,0.0316685026961283,1.4674409410358968,3.552618332583982,4.512289114887008
W4874,0,0.2307692307692307,0.2307692307692307,0.0,0.0,0.2307692307692307,0.2307692307692307,0.2307692307692307,0.2307692307692307,0.0,0.0,0.0,0.2307692307692307,0.2307692307692307,0.0,0.2307692307692307,0.0,0.0,0.0,0.0,0.0,0.0,0.0,0.0,0.0,0.0,0.2307692307692307,0.0,0.2307692307692307,0.2307692307692307,0.2307692307692307,35.0,0.0,0.0,0.0,0.0,0.0,0.0,0.0,0.0,0.0,0.0,0.0,0.0,0.0,0.0
W4874,3,1.1782238606821291,0.3800978052964351,0.0,0.0,1.2546782695368792,0.3774564187455035,1.9737723964424805,0.3664546519220836,0.0,0.0,0.0,0.4664905360065309,1.5679883271096138,0.0,0.4729857199273203,0.0,0.0,0.0,0.0,0.0,0.0,0.0,0.0,0.0,0.0,0.5912387806987173,0.0,0.9754883000932836,2.225143087182571,0.4239846484106469,0.1256791067183445,0.2902809277951279,0.3428802495319787,0.4023868549002181,0.2015877828260517,0.2184498027046959,0.4843960177551972,0.3173572357812041,0.1373780276721456,0.2253532696730579,0.4334167669632456,0.304214903520696,2.673009756816441,3.9340940897594288,3.712960534476037
W4874,6,0.5291072638050369,0.1681093335178599,0.0,0.0,0.6165069470912226,0.1834597640021546,0.9481396420107604,0.1590242687428182,0.0,0.0,0.0,0.2559449031198372,0.6970552210829558,0.0,0.2267298086155253,0.0,0.0,0.0,0.0,0.0,0.0,0.0,0.0,0.0,0.0,0.2593451653032316,0.0,0.4622776614766093,1.1182187697868875,0.2273754377404078,0.0480682716830973,0.0901720903127405,0.100962770118459,0.1993950958288022,0.0144131744717929,0.0067765031655054,0.124756523056189,0.12089399636133,0.1012044850954825,-0.0183381300331673,0.1466683487037514,0.1317614003537696,1.8456918321777325,5.161236131957028,3.947384510076888
W4947,0,0.1875,0.1875,0.0,0.1875,0.0,0.0,0.1875,0.0,0.0,0.0,0.1875,0.0,0.1875,0.1875,0.1875,0.0,0.0,0.0,0.1875,0.0,0.0,0.1875,0.1875,0.1875,0.0,0.1875,0.1875,0.1875,0.1875,0.0,35.0,0.0,0.0,0.0,0.0,0.0,0.0,0.0,0.0,0.0,0.0,0.0,0.0,0.0,0.0
W4947,3,0.7704141456250835,0.3687648120052444,0.0,1.5491905411427136,0.0,0.0,1.2013217324658243,0.0,0.0,0.0,0.3458557232216652,0.0,0.9081452919993748,0.2601495424293519,0.3725401892424056,0.0,0.0,0.0,1.710797883431156,0.0,0.0,0.5173103538895454,0.659674719870039,0.4122825846843202,0.0,0.4287243927770706,0.4517108791250701,0.5159017259942205,2.118149670037904,0.0,0.0061631276616793,0.524268232571774,0.6627896101496583,0.3708033001164945,0.1443904948688713,0.2112997035293,0.3072047288105625,0.2628881033132875,0.1097948800911285,0.201474192574204,0.601245943818509,0.4242349599542281,2.555788381844015,2.847750907362643,3.8491198860737703
W4947,6,0.4228770380464526,0.1710146679776557,0.0,0.785026195707252,0.0,0.0,0.6590131265976736,0.0,0.0,0.0,0.1464083967126472,0.0,0.3895122186152335,0.1272696217093865,0.1298158639169888,0.0,0.0,0.0,0.7605246795303563,0.0,0.0,0.2131380894513138,0.3338052016178535,0.1636362275350048,0.0,0.2080998665914026,0.192752315736686,0.3062928446414059,0.8650278306971344,0.0,-0.0261802777487741,0.1239341554076413,0.163888716217555,0.0819862806644958,0.0080646101202593,0.0937988567867727,0.0709583742975367,-0.003083967600273,0.1257430397675279,0.1334161007982316,0.3191320747945934,0.1516428028909939,2.9000787330256057,2.7800894274890187,4.212589053116454
W5009,0,0.1666666666666666,0.1666666666666666,0.0,0.1666666666666666,0.0,0.1666666666666666,0.0,0.0,0.1666666666666666,0.0,0.0,0.1666666666666666,0.1666666666666666,0.0,0.1666666666666666,0.1666666666666666,0.1666666666666666,0.1666666666666666,0.0,0.1666666666666666,0.1666666666666666,0.1666666666666666,0.0,0.0,0.1666666666666666,0.1666666666666666,0.1666666666666666,0.0,0.1666666666666666,0.0,35.0,0.0,0.0,0.0,0.0,0.0,0.0,0.0,0.0,0.0,0.0,0.0,0.0,0.0,0.0
W5009,3,0.8362987099136459,0.3511960712305359,0.0,1.327021758966618,0.0,0.3437707217978891,0.0,0.0,0.675168955885053,0.0,0.0,0.3520579580267022,0.9184761724220388,0.0,0.2719691464181867,0.5809404863585442,1.1526011538415628,0.6591936159994102,0.0,0.3693162438386324,0.4176143103901532,0.4450481651092018,0.0,0.0,0.3689171843500984,0.3715536452095013,0.4814310051298186,0.0,1.125423745493904,0.0,-0.0640948894806429,0.8121212253539294,0.7101384237753232,0.7196655688388303,0.3077937640869292,0.4086147828180322,1.0087413211093017,0.6306731986781788,0.0375745319728058,0.1036718461304422,0.3004027695256392,0.3139524564663175,3.081908163095521,3.551478645806146,3.660568849421517
W5009,6,0.3709085289396148,0.1727796564971239,0.0,0.9341364920940172,0.0,0.1650418710014865,0.0,0.0,0.3044829909841748,0.0,0.0,0.1545723020935308,0.3241236362846914,0.0,0.1357647920401022,0.2687013381620516,0.8002246965080839,0.2486687773533624,0.0,0.1887645555795451,0.1407205284231606,0.1890486643224275,0.0,0.0,0.2273563375698404,0.2216651076680629,0.210465191754781,0.0,0.6664671299077607,0.0,0.0343237114829341,0.2763753994745965,0.2957541918340957,0.3832760011785351,0.0278545406278044,0.1268602263345348,0.4459763785853217,0.226463134748934,0.0350833072241712,0.0274578366692804,0.1005002880266166,0.1679803241850928,3.14870723671967,4.279426711123245,3.4985276111107684
W5281,0,0.1764705882352941,0.1764705882352941,0.1764705882352941,0.0,0.0,0.0,0.0,0.0,0.0,0.0,0.1764705882352941,0.0,0.0,0.1764705882352941,0.0,0.1764705882352941,0.1764705882352941,0.1764705882352941,0.1764705882352941,0.1764705882352941,0.1764705882352941,0.1764705882352941,0.1764705882352941,0.0,0.0,0.1764705882352941,0.0,0.1764705882352941,0.1764705882352941,0.1764705882352941,35.0,0.0,0.0,0.0,0.0,0.0,0.0,0.0,0.0,0.0,0.0,0.0,0.0,0.0,0.0
W5281,3,0.9246889209639568,0.4871157811556505,0.4810322020773064,0.0,0.0,0.0,0.0,0.0,0.0,0.0,0.298874462565577,0.0,0.0,0.2649042416338666,0.0,0.7414400701473993,1.4667267192361202,0.6796648478768333,1.5018577817724157,0.4688823989295946,0.5101935351167043,0.4104563036864272,0.5857500106211452,0.0,0.0,0.4556491373154532,0.0,0.7101471980845309,1.733905200129556,0.3272996694772374,0.1030815392816489,0.8485826458238084,0.366549195423219,0.4932207034886047,0.434468750887989,0.1336681706765461,0.3299895934194874,0.3196542107892398,0.1531605906875934,0.1392399400711444,0.1298350987643397,0.3638994221765305,3.393935056450207,2.7492467218762915,3.065445238883644
W5281,6,0.477190501174868,0.1591593840928991,0.2819491002950959,0.0,0.0,0.0,0.0,0.0,0.0,0.0,0.1558810614751875,0.0,0.0,0.1285579194583949,0.0,0.2639209843149143,0.7285911902351199,0.2981985101040271,0.9844854098202416,0.1659207507981818,0.2126715510158332,0.172071673046594,0.3100768629873361,0.0,0.0,0.19369000498104,0.0,0.3397162683376182,1.040098211311928,0.138750740044479,0.0375858473004527,0.2730756280032291,0.075919822889622,0.1708380530048732,0.0915438371160042,0.0219520418059839,0.0854561751733875,0.0886760105620031,0.0103021733003395,0.0991536958138467,0.0593821381200946,0.2020093787823662,3.1846786007243693,2.595525186735671,4.199066863712461
W5357,0,0.1666666666666666,0.1666666666666666,0.1666666666666666,0.0,0.0,0.0,0.1666666666666666,0.1666666666666666,0.1666666666666666,0.0,0.1666666666666666,0.1666666666666666,0.0,0.1666666666666666,0.1666666666666666,0.1666666666666666,0.1666666666666666,0.1666666666666666,0.0,0.1666666666666666,0.1666666666666666,0.0,0.1666666666666666,0.0,0.0,0.0,0.0,0.0,0.1666666666666666,0.1666666666666666,35.0,0.0,0.0,0.0,0.0,0.0,0.0,0.0,0.0,0.0,0.0,0.0,0.0,0.0,0.0
W5357,3,0.7299785398357234,0.365734958210903,0.5004495274269333,0.0,0.0,0.0,1.3476158826638762,0.3377992737768861,0.8792931195003807,0.0,0.3575388734282717,0.3150712927964642,0.0,0.3094901200935223,0.3137122958595735,0.6517050413733437,1.341601517931944,0.8791649327329415,0.0,0.4661800919804638,0.4325449934015232,0.0,0.7152654049580239,0.0,0.0,0.0,0.0,0.0,1.5169363989892124,0.305979616836004,0.0866710213608113,0.7079570268069674,0.430149874521075,1.0360591368543732,0.3788389979877785,0.1965053820242384,0.6443450718534924,0.3230290186832492,0.0863453754211139,0.193842598838307,0.113248706901465,0.5601979483701677,3.487035796795302,2.5771686718882174,2.506645747493829
W5357,6,0.3856860702569041,0.1981994988899514,0.3293639155107979,0.0,0.0,0.0,0.8183443925268609,0.1684262652906727,0.3981157901863835,0.0,0.1051141502332852,0.1508346282769296,0.0,0.129033768731218,0.1769734970351384,0.2971946359367398,0.6993324265497886,0.324218752480385,0.0,0.1960506813138653,0.195069319573529,0.0,0.2836962564544024,0.0,0.0,0.0,0.0,0.0,0.7889658457112974,0.1758476201076562,0.0337750255871981,0.2293760151419027,0.1596615443121252,0.3873409335616522,0.1155842178996234,0.131786459701269,0.1166237184694275,0.1113514818076448,0.0437349500677712,0.0287268488132081,-0.0412027500029025,0.2480909528590652,3.0108658781504376,3.2680985680092136,3.5306173959504967
W5369,0,0.2142857142857142,0.2142857142857142,0.2142857142857142,0.0,0.0,0.0,0.2142857142857142,0.2142857142857142,0.2142857142857142,0.2142857142857142,0.2142857142857142,0.2142857142857142,0.2142857142857142,0.2142857142857142,0.2142857142857142,0.0,0.0,0.0,0.0,0.2142857142857142,0.0,0.0,0.0,0.0,0.0,0.0,0.0,0.0,0.2142857142857142,0.0,35.0,0.0,0.0,0.0,0.0,0.0,0.0,0.0,0.0,0.0,0.0,0.0,0.0,0.0,0.0
W5369,3,1.1856073989710991,0.4411030349945101,0.5219040605597705,0.0,0.0,0.0,1.762005861157741,0.4245800824222852,1.0644342583628297,0.5956205487665358,0.4074759280978232,0.502619697140182,1.3983558998441372,0.3640523806142682,0.5241411151956311,0.0,0.0,0.0,0.0,0.535000865139108,0.0,0.0,0.0,0.0,0.0,0.0,0.0,0.0,2.4757722395097703,0.0,0.0637045617708891,0.5984608235506635,0.3918915956050418,1.3433550984098734,0.3408952395334585,0.3105888243890508,0.7454207968660862,0.368615441869471,0.0739389700885073,0.0020404894831183,0.4404445754592666,0.4280111613314249,2.949352307266464,3.2837054634305325,4.024249237740302
W5369,6,0.3952793382556206,0.1957718542125402,0.347103855450637,0.0,0.0,0.0,1.156790887521474,0.1953341411405665,0.4109861865515976,0.2196393876609486,0.1894591426011526,0.2081301964072042,0.5072354833355426,0.1337931337349363,0.2001108687662025,0.0,0.0,0.0,0.0,0.2422345284620247,0.0,0.0,0.0,0.0,0.0,0.0,0.0,0.0,1.2226956125303905,0.0,0.0480897946085612,0.1921194668960145,0.1260154574992726,0.3927593937012812,0.1301711929310264,0.1848860821867698,0.338118648752839,0.0890902587828324,0.0980993304301498,-0.0414076306408223,0.1062071068230992,0.1680848344536226,3.062217215687983,3.4223863179852807,3.820359523755363
W5530,0,0.2307692307692307,0.2307692307692307,0.2307692307692307,0.0,0.2307692307692307,0.0,0.2307692307692307,0.0,0.0,0.0,0.2307692307692307,0.0,0.0,0.2307692307692307,0.2307692307692307,0.2307692307692307,0.2307692307692307,0.0,0.0,0.0,0.0,0.0,0.0,0.0,0.2307692307692307,0.0,0.0,0.2307692307692307,0.2307692307692307,0.0,35.0,0.0,0.0,0.0,0.0,0.0,0.0,0.0,0.0,0.0,0.0,0.0,0.0,0.0,0.0
W5530,3,0.9552560980003152,0.4709035505997186,0.5687236128945108,0.0,1.2549316047235055,0.0,1.5523832060062026,0.0,0.0,0.0,0.4036436603526523,0.0,0.0,0.3601613893336558,0.4877891520041771,0.8826144197232276,1.5169518791306689,0.0,0.0,0.0,0.0,0.0,0.0,0.0,0.5193042733081499,0.0,0.0,0.8255393328769413,1.930422259350097,0.0,0.0423955461278129,0.7830537865164999,0.3410878985681941,0.8072322439604691,0.2528889725069447,0.2100788439295335,0.4114316558529344,0.5254031147742206,0.1116117061725477,0.1637399325160084,0.1129837759136316,0.5035575718688299,2.545578195543573,2.551626949917284,4.372227309354405
W5530,6,0.521875045016824,0.220493408493114,0.2920466971644524,0.0,0.6810574623457288,0.0,0.740130943747886,0.0,0.0,0.0,0.2285505741308527,0.0,0.0,0.193439037029831,0.1709670083253398,0.3334475715518943,0.7692992775779983,0.0,0.0,0.0,0.0,0.0,0.0,0.0,0.3277562163337542,0.0,0.0,0.4088769984082818,1.164506942460551,0.0,0.0022376963386369,0.0840497329440027,0.0746213120651357,0.0754787945332977,0.0012271464962742,0.0465380465523439,0.1013488857682976,0.1445739256829601,0.0188039737980844,0.0231624192572504,0.0397652830587168,0.1688500996219821,1.75551882422587,3.2874667695694715,4.102697875824094
W5757,0,0.1666666666666666,0.1666666666666666,0.1666666666666666,0.1666666666666666,0.0,0.1666666666666666,0.0,0.0,0.1666666666666666,0.1666666666666666,0.1666666666666666,0.0,0.1666666666666666,0.0,0.0,0.0,0.1666666666666666,0.1666666666666666,0.0,0.0,0.1666666666666666,0.0,0.1666666666666666,0.1666666666666666,0.1666666666666666,0.1666666666666666,0.0,0.0,0.1666666666666666,0.1666666666666666,35.0,0.0,0.0,0.0,0.0,0.0,0.0,0.0,0.0,0.0,0.0,0.0,0.0,0.0,0.0
W5757,3,0.7556041667431497,0.4965670216234879,0.5492693181405199,1.5724664751433473,0.0,0.2601689921367321,0.0,0.0,0.6402972377890489,0.3894490629912624,0.316366837422553,0.0,0.92314750080835,0.0,0.0,0.0,1.4572095663014502,0.5762352022243223,0.0,0.0,0.3678444501148636,0.0,0.6825334857074864,0.3585834757309372,0.400433139609051,0.4299346857274986,0.0,0.0,1.3902119137125648,0.3355477287799785,0.0658776481171945,0.5900545160696717,0.6646828895701161,0.5359508093798369,0.2551323537999416,0.3371883170201422,0.9379375851619546,0.3977600777294344,0.1912876207252454,0.1444983248317904,0.1643182863634812,0.2461809433769519,2.65011350459172,2.784018022570657,4.086184439945341
W5757,6,0.291066516383348,0.2257277846008133,0.3441946813073862,0.7175385940392874,0.0,0.1609375232956764,0.0,0.0,0.3107778038289012,0.1701658697388582,0.125072628375894,0.0,0.5249892086547349,0.0,0.0,0.0,0.7861414206102447,0.3517527031370508,0.0,0.0,0.1606636978834248,0.0,0.3507414727332349,0.1530679308685725,0.2223319752898764,0.1846178867678614,0.0,0.0,0.7936877759759584,0.1736988224909077,0.0573848557340278,0.1810429469799142,0.1119402249088571,0.2062711481578592,0.0423206818258981,0.0547311418526642,0.4532167012420306,0.1538904855686333,0.034537868107775,0.0954344329788072,0.0327227959755119,0.1475229398728826,2.42770482829244,3.1028819673577024,3.549665138287985
