Treatments,Time,S01,S02,S03,S04,S05,S06,S07,S08,S09,S10,S11,S12,R01,R02,R03,R04,R05,R06,R07,R08,R09,R10,R11,R12,R13,R14,R15
W0001,0,0.25,0.25,0.25,0.25,0.25,0.25,0.25,0.25,0.25,0.25,0.25,0.25,35.0,0.0,0.0,0.0,0.0,0.0,0.0,0.0,0.0,0.0,0.0,0.0,0.0,0.0,0.0
W0001,1,0.8736049232603554,0.6230716863917535,1.213638891041428,0.9238112045117788,1.9726773630286805,1.4721982824402569,1.76273234035111,0.6679308902053774,1.066878411642716,1.2475325229231775,1.0511564920517735,0.4814519667212227,0.8483297950031942,1.720582803698267,2.3961936369734524,1.8903236297239807,2.6156111221002982,2.806514950020083,1.397132755171644,1.9458360228604288,0.362293251725127,0.333438742995862,0.2124389377299916,0.5947763778332941,1.6670472923424406,1.7963169496268256,1.0254408768153669
W0001,2,1.2904453654226251,0.8931650545332562,1.884208005907832,0.646288947815768,1.646916295272071,1.308020814177462,1.296693739409121,0.7645854314236011,1.36759226752994,1.3169444687141882,1.1784511408350469,0.467082220423781,0.1356663941561886,1.2629894817657452,0.9515580003837923,0.6434682283369365,2.149109879681326,1.192826736126021,0.9024365496497728,0.8605523101844326,0.3077663802030532,0.2537233589870997,0.2562329860077763,0.3301138249377001,2.665271279998436,2.541051052944559,1.9180449187704
W0001,3,1.1570881046472177,0.8498207247119813,1.9753811164449309,0.7649630370451925,1.3869479445872868,0.882740433607975,1.0698893696318907,0.4839663776052225,1.1518731553790649,0.8583121586084652,0.9829675085761036,0.4312347112394335,0.1192144306539552,0.8691230582933701,0.3784479073759049,0.4158076957478694,1.7760974520327455,0.5792812084939558,0.488030533243905,0.3224995271075523,0.3688774274253916,0.0835217997844164,0.3688866021525416,0.2445255232109344,3.0855665308339377,3.164970869258785,2.0564273966555926
W0001,4,1.0627351384782715,0.7618243083712561,1.751012534525323,0.3974383859287609,0.933308714772596,0.7144980292162217,0.766513998082875,0.4707373592344169,0.9557360003233883,0.7115539403071542,0.9054031631005652,0.4185459283509769,0.1105965674222062,0.5201644630197625,0.2307378025400175,0.2465378284375553,0.9965247943705487,0.4281649663110084,0.3635008543279591,0.3104687697403296,0.1785092695320356,0.1186817888447305,0.3120355552237416,0.1066194651225274,2.6861261139616843,2.962837434876721,2.2715459114258736
W0001,5,0.7205632623402773,0.602051551496446,1.3683564324182491,0.3371709008863562,0.921213739984521,0.4151311138645314,0.7290401837706905,0.3212832168810013,0.7375835542427891,0.567736584931628,0.6555563257786171,0.3047043355634791,0.055827541365,0.4219152685157474,0.093465729770823,0.1106091726616192,0.6438947680212201,0.1547169927270156,0.2310426468199825,0.2113212617732363,0.1649028845910035,0.1361455742109926,0.2446545418364269,0.1041613779563894,3.333647816354151,2.787770140645337,2.3030480263943454
W0001,6,0.6674778014638557,0.5076273599264906,0.9512557048815228,0.304348753645677,0.6461780688474289,0.362007964382332,0.4762240930348886,0.2729024422401116,0.5768037554148848,0.2499818316774102,0.656530994992389,0.2313179165468252,0.0376048513695657,0.2807634914665564,0.1932629748099245,0.0951081410892483,0.449602966804677,0.2107758775290495,0.0557214895123644,0.0711796450157163,0.1432981743423856,0.0738370071694529,0.2247073378602898,0.018761551900169,3.158034842101826,2.873952407679864,2.6028142959302945
W0002,0,3.0,0.0,0.0,0.0,0.0,0.0,0.0,0.0,0.0,0.0,0.0,0.0,35.0,0.0,0.0,0.0,0.0,0.0,0.0,0.0,0.0,0.0,0.0,0.0,0.0,0.0,0.0
W0002,1,8.77887232106708,0.0,0.0,0.0,0.0,0.0,0.0,0.0,0.0,0.0,0.0,0.0,10.53671032914691,5.994823584337034,0.0858608911963559,0.2153115958915252,0.4771953519403369,0.0717879007884655,2.6295465147372417,0.91621238208854,0.0199769017615297,0.0082534546278957,0.911168846801697,0.0715334676127811,0.6274222198809256,0.7463449973039353,2.8271927010339315
W0002,2,13.392131404363155,0.0,0.0,0.0,0.0,0.0,0.0,0.0,0.0,0.0,0.0,0.0,2.189007659827971,4.412812751193146,0.0861275992952023,0.7690558541132088,0.7557971754042249,0.0381684537646507,3.0865751809777486,0.261902852538372,0.0708980228006093,0.0797908686170749,1.809490048392712,0.1326331885404054,1.1655618152521947,1.211880201330031,4.498195063735979
W0002,3,7.583125942884387,0.0,0.0,0.0,0.0,0.0,0.0,0.0,0.0,0.0,0.0,0.0,0.4123520761973779,2.9607095422036727,0.1048795963702716,1.0869992914051982,0.5636848505790525,0.0266304718069574,3.6579629927156128,0.098442587159464,0.2477337870698308,0.1072609636036749,1.949894561520712,0.126003588777316,1.5220897204801431,1.262256619784406,5.0020591870830415
W0002,4,9.719320787174382,0.0,0.0,0.0,0.0,0.0,0.0,0.0,0.0,0.0,0.0,0.0,0.226400554606607,2.085053082133883,0.0511460075460853,1.3241818345749845,0.3503759344085755,0.0195997676553174,4.235855547020235,0.0828680278603376,0.21974695852314,0.1412825476401478,1.8449147495184963,0.0999679629740649,1.626195648253928,1.164449346260006,5.357681055209641
W0002,5,6.017371111114308,0.0,0.0,0.0,0.0,0.0,0.0,0.0,0.0,0.0,0.0,0.0,0.170495303543988,1.3406926145022449,0.0085279010703368,1.4395571038928587,0.2348965727301373,-0.0107159428471558,3.5435662587187062,0.0480753876723605,0.2518171289662676,0.2188920275123956,2.166164339336974,0.1655821007576609,1.884398559440325,1.4545411266546644,5.409560503544113
W0002,6,4.494834410542792,0.0,0.0,0.0,0.0,0.0,0.0,0.0,0.0,0.0,0.0,0.0,0.103837431288593,1.446818178556031,0.0832432759182133,1.1333535560775796,0.1339202150745403,0.0347125049550986,3.667308357396229,0.0108940405321547,0.2270449800078659,0.0590413958918806,1.975413202387019,0.1116409670774579,1.4368110370813,1.5703728024358272,4.58342901816303
W0003,0,0.0,3.0,0.0,0.0,0.0,0.0,0.0,0.0,0.0,0.0,0.0,0.0,35.0,0.0,0.0,0.0,0.0,0.0,0.0,0.0,0.0,0.0,0.0,0.0,0.0,0.0,0.0
W0003,1,0.0,9.493569824876738,0.0,0.0,0.0,0.0,0.0,0.0,0.0,0.0,0.0,0.0,5.561368528586218,0.410584141742177,0.7196741990379931,0.0100770962898375,5.724199343173126,0.4088316641238769,0.2621451726714785,0.3939122848604595,0.6256146588729857,0.6824842378237427,0.2676768439345332,1.1345280013192065,2.936138308209559,2.9419085280634345,0.3358420513108311
W0003,2,0.0,8.904936691900076,0.0,0.0,0.0,0.0,0.0,0.0,0.0,0.0,0.0,0.0,0.5155240539048501,0.1862535709409481,0.1371353451190575,0.0774629375690358,8.112242007655178,0.3282985697196339,0.1606378010580207,0.0381020964055188,0.8724832307047287,1.012641002282067,0.4384780329746776,1.538204481433314,5.117552555185999,2.476483671899805,0.5398350746975993
W0003,3,0.0,7.718133262151088,0.0,0.0,0.0,0.0,0.0,0.0,0.0,0.0,0.0,0.0,0.141412375261369,0.1170008185194599,0.0386606864964327,0.055231179911951,8.007997321425625,0.2799519446694238,0.2565574633736076,-0.0361237515359641,0.8701123272257597,0.991166205316998,0.5322671967277522,1.788095213039546,5.86551078150173,1.435787628170258,0.6076993145876135
W0003,4,0.0,5.863093581872878,0.0,0.0,0.0,0.0,0.0,0.0,0.0,0.0,0.0,0.0,0.042379403170223,0.0245087875327758,-0.0228211809018639,0.0395215650639333,8.470991863722285,0.2312071159942217,0.2078930136676452,-0.0222626181115689,0.8411297189763832,0.8404202519328436,0.4498005406694073,1.4416061757290446,6.367474278572443,0.7814566244866091,0.5993087161681733
W0003,5,0.0,4.106483908643901,0.0,0.0,0.0,0.0,0.0,0.0,0.0,0.0,0.0,0.0,0.0257421755905306,0.0215310824178031,-0.0259079694057045,-0.0109879431800178,9.481373834716653,0.1782070179555092,0.0754141737334481,-0.0064227238566565,0.768511486735801,1.034550272039366,0.5330627013861231,1.823538672665344,6.241761840457357,0.8049329976309169,0.7329611861318441
W0003,6,0.0,3.261261989836292,0.0,0.0,0.0,0.0,0.0,0.0,0.0,0.0,0.0,0.0,0.0506548954729538,0.0598875511495701,0.0074668217789471,0.06066861361903,7.0033416129489,0.084927858094472,0.1004078889489755,-0.0147558585931107,0.8903115939032458,1.0785001905453813,0.5122524822150697,1.7807781839733576,7.017513423167538,0.4801676541296779,0.8047539326625845
W0004,0,0.0,0.0,3.0,0.0,0.0,0.0,0.0,0.0,0.0,0.0,0.0,0.0,35.0,0.0,0.0,0.0,0.0,0.0,0.0,0.0,0.0,0.0,0.0,0.0,0.0,0.0,0.0
W0004,1,0.0,0.0,14.215809598157485,0.0,0.0,0.0,0.0,0.0,0.0,0.0,0.0,0.0,1.6575648547651332,0.3031005738694864,0.7123523777313974,0.2139265911406076,2.053499312797749,4.287623398869945,0.1438327896102155,1.231649312368017,3.5947048068284024,0.1425695702994726,0.0588200523785861,0.5086913445478503,0.6149393044379559,4.504390779997609,0.4983780927951204
W0004,2,0.0,0.0,12.342269411681796,0.0,0.0,0.0,0.0,0.0,0.0,0.0,0.0,0.0,0.1144425819465259,0.1121346238832628,0.1682269793751779,0.1363150048693874,0.3317842023356451,0.750045950062965,0.0600943559273078,0.8147777941414702,6.197639541020294,0.1361274517201631,0.0296353769126726,0.9670007118673428,1.387955339002613,4.323684127718575,1.0885018860664175
W0004,3,0.0,0.0,11.796918342792685,0.0,0.0,0.0,0.0,0.0,0.0,0.0,0.0,0.0,0.0774645110413157,0.008210461467513,0.0062407518733257,0.0980943788031513,0.2491044347440427,0.1779647235996996,-0.0041985535056795,0.2494573320060983,7.886299092244152,0.0833388308635849,0.0307898591588599,0.9680323584726488,1.3203588317317083,5.11053895982899,1.2950909594443896
W0004,4,0.0,0.0,8.622346964967242,0.0,0.0,0.0,0.0,0.0,0.0,0.0,0.0,0.0,0.0508808512877664,0.0799341664860912,0.0317214224360749,-0.0373342751487256,0.0703424564119375,-0.0048658595769498,-0.0037910118860997,0.1989120658830445,5.978348166399187,0.0790251750442354,0.1219618234430738,0.7840169300250648,1.2502485618968433,4.2027706098553965,1.2934713134595217
W0004,5,0.0,0.0,5.3900626821619415,0.0,0.0,0.0,0.0,0.0,0.0,0.0,0.0,0.0,0.0114813425005428,0.0086340373058007,-0.0669364947373546,0.042830992076267,0.0010064813577625,-0.01292492691974,0.0302650863404263,0.1000995446979686,5.537463019795471,0.0660855008824664,0.0600849738271775,1.0112659693155364,1.3821231108071408,4.311019686608904,1.0628939853094097
W0004,6,0.0,0.0,4.364550825437667,0.0,0.0,0.0,0.0,0.0,0.0,0.0,0.0,0.0,0.0819784513465665,0.0353094728250824,-0.0263346818146097,0.0089339647249265,0.0722629622171582,0.0162022583362943,-0.0005479864052126,0.0880745812387314,6.106857874700218,-0.0384209206663816,-0.0097656308689728,1.1167935408644956,1.204035686751512,4.6305005529632055,1.268208085316429
W0005,0,0.0,0.0,0.0,3.0,0.0,0.0,0.0,0.0,0.0,0.0,0.0,0.0,35.0,0.0,0.0,0.0,0.0,0.0,0.0,0.0,0.0,0.0,0.0,0.0,0.0,0.0,0.0
W0005,1,0.0,0.0,0.0,12.101389712420024,0.0,0.0,0.0,0.0,0.0,0.0,0.0,0.0,1.0991504610785992,0.7287991316539668,0.4548329389489751,0.593253288613959,0.6008726958513877,12.661995992985322,0.0715905155627494,1.338555444737202,0.1900937732264103,0.6493709091722839,0.2138780252185457,0.0410257762138984,2.484776389031549,0.3497833900875631,1.4089314243686826
W0005,2,0.0,0.0,0.0,10.722255633508952,0.0,0.0,0.0,0.0,0.0,0.0,0.0,0.0,0.0382852682545539,0.8686707347450986,0.9623048863521376,0.6206270834655194,1.2573981111552288,8.975430555592139,0.1740711457205336,0.8257939488062798,0.4883367356420441,0.69872034541325,0.2457690370432254,-0.0321447261181959,2.431984875977822,0.407328996736615,1.55536768671685
W0005,3,0.0,0.0,0.0,6.887580519125367,0.0,0.0,0.0,0.0,0.0,0.0,0.0,0.0,-0.0042098622876905,0.7155540230880766,1.2686978733992378,0.6460490231883138,1.8523483282444424,6.58554635355154,0.1952395567700265,0.4981862230084954,0.5422976483347037,0.8618677837751867,0.1840554827284609,0.0760900020837865,2.6636549266981144,0.9019874911318788,1.5253022210703542
W0005,4,0.0,0.0,0.0,7.336892699299871,0.0,0.0,0.0,0.0,0.0,0.0,0.0,0.0,0.0008458055439781,0.7031433330781692,1.421385040432762,0.4284592471121674,2.2194820317643016,4.447173113116837,0.2958836455698496,0.426525180892977,0.7841756958733244,0.8455552973306124,0.1815428646820393,0.1361299634818465,2.9243695401443888,0.9346955893847322,1.346807926719458
W0005,5,0.0,0.0,0.0,5.868606362179242,0.0,0.0,0.0,0.0,0.0,0.0,0.0,0.0,0.0341381166396395,0.5129121885999741,1.7197292442005585,0.4807688240406794,2.357016087390094,3.738686408228414,0.2821570729755087,0.2799706841347123,1.0576736179075663,0.8605601128690082,0.1599560832077317,0.2283993582745246,3.034997866301711,0.6593823773074715,1.293931687880278
W0005,6,0.0,0.0,0.0,4.474488796230076,0.0,0.0,0.0,0.0,0.0,0.0,0.0,0.0,0.0720331914993808,0.6380731161350419,1.8154188774186109,0.3636867035891719,2.2339838696165897,2.636502628872968,0.503567385994046,0.22263326416713,1.127549019811779,1.0523943075716995,0.1280757093659993,0.1066260262134384,3.124160256761548,1.1015973388083016,1.5520530375255324
W0006,0,0.0,0.0,0.0,0.0,3.0,0.0,0.0,0.0,0.0,0.0,0.0,0.0,35.0,0.0,0.0,0.0,0.0,0.0,0.0,0.0,0.0,0.0,0.0,0.0,0.0,0.0,0.0
W0006,1,0.0,0.0,0.0,0.0,10.63624509981532,0.0,0.0,0.0,0.0,0.0,0.0,0.0,0.1265805902863687,5.837282499621307,3.2053261020523536,9.104739579622418,1.164492818056499,0.0940429908698226,1.4757157979763524,1.3579961526135518,-0.0589030386606954,0.0279736605900583,0.0552280170556945,0.0901846335071823,3.2627705093108017,-0.0136844939324413,0.0391411490474803
W0006,2,0.0,0.0,0.0,0.0,7.007212169855574,0.0,0.0,0.0,0.0,0.0,0.0,0.0,0.0011552089884319,5.591516661667764,3.112831098276328,6.694881624632193,0.9680301735786728,0.1221155233790722,1.3350756857219424,1.2108308236849177,-0.0335255450675924,0.0225063102188658,0.0199037250418022,-0.0148464586756299,3.648805610999081,-0.004611573265847,0.0074513973457354
W0006,3,0.0,0.0,0.0,0.0,5.736056888368911,0.0,0.0,0.0,0.0,0.0,0.0,0.0,0.0101216276638502,5.36034909896917,2.9033254894328597,9.059300136946508,1.0302764542250598,-0.0117102552162811,1.309742950089713,1.1715348844274145,-0.0271135982106291,0.0311868704849914,0.0467604116205212,-0.1130949261178475,2.870362994846257,0.0237861716387339,0.0179886187796608
W0006,4,0.0,0.0,0.0,0.0,3.9982311683779135,0.0,0.0,0.0,0.0,0.0,0.0,0.0,-0.0354267247440362,5.285252372909354,2.972953711522932,7.988403127529451,1.2056220823317914,0.0885896122083998,1.4549299610107325,1.243524754665982,-0.0109055883333831,0.0823799601306319,0.0337785754367895,0.0702936819014751,3.1237811958390203,0.0230649472535855,0.0871939651110275
W0006,5,0.0,0.0,0.0,0.0,2.5501499016031937,0.0,0.0,0.0,0.0,0.0,0.0,0.0,0.0289728284003217,5.764981298784916,3.61516032983576,10.10059108905549,1.1204487838155133,0.0906824311111551,1.2630029579276152,1.231618513619671,-0.0180800152067649,-0.0445611543966439,0.0179208491016,-0.0317645444142076,3.326679881357152,0.1441099333321055,0.0067320680644707
W0006,6,0.0,0.0,0.0,0.0,1.912682291852776,0.0,0.0,0.0,0.0,0.0,0.0,0.0,-0.040505534256558,5.4354794540317375,2.6612111042479603,8.0263756479038,1.273507830737573,0.1326766000818709,1.2721071406974025,1.2366138672296425,0.0700486920381443,0.1093277352648792,-0.0035454981916575,0.0527071061392,3.507176511650982,0.1065882837808606,-0.0139495868769816
W0007,0,0.0,0.0,0.0,0.0,0.0,3.0,0.0,0.0,0.0,0.0,0.0,0.0,35.0,0.0,0.0,0.0,0.0,0.0,0.0,0.0,0.0,0.0,0.0,0.0,0.0,0.0,0.0
W0007,1,0.0,0.0,0.0,0.0,0.0,11.230461351431511,0.0,0.0,0.0,0.0,0.0,0.0,0.2162334295783525,0.6720931637271552,2.0358524411712136,3.70906270096082,3.875985501596063,3.025561268802889,2.242587022579956,2.0424438965081184,0.048256487399414,0.0575166014149061,0.0233852688892462,4.546860819900544,1.0872188969983083,0.2318341651874899,0.2497878263715843
W0007,2,0.0,0.0,0.0,0.0,0.0,7.746741256316366,0.0,0.0,0.0,0.0,0.0,0.0,-0.0565627750949619,0.6666527766711838,2.6631633055075987,4.327102801569198,3.111765153504559,2.9599107098051034,1.995003266142676,2.258671578455969,0.0185168022044194,-0.0379020410843,-0.056476751906332,5.048676914481895,1.1667807095655742,0.3625304939433966,0.3127034395643788
W0007,3,0.0,0.0,0.0,0.0,0.0,5.56730454752801,0.0,0.0,0.0,0.0,0.0,0.0,-0.006944908734458,0.6778353337825863,2.2941433128521265,3.812480322244787,3.9290244009228745,2.553079886317918,1.717108074321799,2.5233993414965936,-0.0269499104192665,-0.0307817142129903,-0.0223664022189584,5.127706770924353,0.9619240743634632,0.4778537095222278,0.3476610247316529
W0007,4,0.0,0.0,0.0,0.0,0.0,3.871951456360036,0.0,0.0,0.0,0.0,0.0,0.0,-0.0212079783898082,0.6931860665942784,2.0712721732995973,3.9424250653227655,3.850579981831416,3.601414198579812,1.989528398672442,1.9195644179143805,0.1031715877482416,0.033135467894562,-0.0119180243058784,5.31577126882677,1.1663555298903645,0.3562345336014546,0.3527394716251109
W0007,5,0.0,0.0,0.0,0.0,0.0,2.809840376756712,0.0,0.0,0.0,0.0,0.0,0.0,0.0285397584809143,0.6524549612858805,2.2408369747276358,4.230015402195067,4.256057290832427,2.4739887435440187,1.690338345543999,2.3770834342602907,-0.0173866113029909,0.1108632035997292,-0.0378174785018828,4.872283690920344,0.9219052070402306,0.443020838249092,0.4897588801883095
W0007,6,0.0,0.0,0.0,0.0,0.0,2.003408703960034,0.0,0.0,0.0,0.0,0.0,0.0,0.0292656104323136,0.8301700070599597,2.343614964161956,3.817817305335779,2.8103908661392087,3.4735799344730034,2.131698631603744,2.0973345195206403,-0.0618706051140887,0.033075779577728,0.0631568429865212,5.806785251421871,1.1323650095507702,0.3391161752237373,0.309224608126833
W0008,0,0.0,0.0,0.0,0.0,0.0,0.0,3.0,0.0,0.0,0.0,0.0,0.0,35.0,0.0,0.0,0.0,0.0,0.0,0.0,0.0,0.0,0.0,0.0,0.0,0.0,0.0,0.0
W0008,1,0.0,0.0,0.0,0.0,0.0,0.0,10.23916268216162,0.0,0.0,0.0,0.0,0.0,0.3712609319628522,0.093098837347344,0.4605434310306436,0.235353742895275,5.823949151655985,1.6676264546753092,1.2532309139498607,10.056464445471567,0.0682597024017779,-0.0198811253945073,0.0415671584776295,0.0190164002222201,0.313131618945087,0.0854699473410469,0.406226559242432
W0008,2,0.0,0.0,0.0,0.0,0.0,0.0,8.804050785927398,0.0,0.0,0.0,0.0,0.0,0.0412026935903995,0.207127774851734,0.2148811682060291,0.2878491887828465,6.504915352364856,1.1899036233681293,1.0442117338475756,11.445294277350486,0.0396775244563772,-0.0532055779034675,0.0951727929540378,0.0373938157284329,0.4675727122001798,0.2319594754797164,0.8703768160043847
W0008,3,0.0,0.0,0.0,0.0,0.0,0.0,5.94363455732539,0.0,0.0,0.0,0.0,0.0,0.0129745945433228,0.1257091828835985,0.1119759630643507,0.3975905588711326,6.644496966549726,0.5760589981342769,0.6863461033159158,12.56297698268901,0.0799403352565724,0.0320576773497212,0.0236122004659969,0.1079657997801102,0.4100881560146798,0.2402256098180623,0.7705453443509087
W0008,4,0.0,0.0,0.0,0.0,0.0,0.0,3.792050061813806,0.0,0.0,0.0,0.0,0.0,0.0597031128475949,0.1903993366223433,0.0684318376856895,0.4262291893206624,6.832467654491578,0.3773536544771176,0.6258851267098611,11.693073792817309,0.1295078512825783,0.0461641636242037,0.0607111752963079,-0.0372040944374083,0.411354982714395,0.3321799619840138,1.005464306881112
W0008,5,0.0,0.0,0.0,0.0,0.0,0.0,3.286724284523588,0.0,0.0,0.0,0.0,0.0,0.0158836750176889,0.2182809719458132,0.0356200324964713,0.3445798058661908,6.677033090308082,0.2036512141971199,0.555461692319342,13.72945810913298,0.0439128954067542,0.0239747412026157,0.0648103717076021,0.0380591166584863,0.5869161487790336,0.2911907009083244,0.911980230786436
W0008,6,0.0,0.0,0.0,0.0,0.0,0.0,2.3246124274990687,0.0,0.0,0.0,0.0,0.0,0.0208831791985342,0.2273038909731009,0.0861191289720131,0.4953269671209132,6.124221461422349,0.3027977119266027,0.4901912164242503,14.345163342911237,-0.0508392517544505,0.0136301966895952,-0.025541418040886,0.029292867558914,0.4454968519786068,0.2393838487788803,0.9053983534578302
W0009,0,0.0,0.0,0.0,0.0,0.0,0.0,0.0,3.0,0.0,0.0,0.0,0.0,35.0,0.0,0.0,0.0,0.0,0.0,0.0,0.0,0.0,0.0,0.0,0.0,0.0,0.0,0.0
W0009,1,0.0,0.0,0.0,0.0,0.0,0.0,0.0,13.162161355954856,0.0,0.0,0.0,0.0,2.5208456471413605,0.9847926601618,0.3843283392398832,1.0502563298970855,3.9690922469190255,1.481866572704481,0.1216512797432872,7.863591750946488,0.0414146705907195,0.2675028106984446,0.0526110078899846,0.1562732472645497,5.009705527006395,0.5311862537972691,0.5929897075415392
W0009,2,0.0,0.0,0.0,0.0,0.0,0.0,0.0,11.52228749488264,0.0,0.0,0.0,0.0,0.1052123604072316,0.4489044963206632,0.167873661628935,1.284584871937665,4.233300220964511,0.7360303532313587,0.4595648458854295,6.3514798239960735,0.0249139161664214,0.6156194912017727,0.0580712664593875,0.0986587740428268,4.252780863757122,0.9557692444407432,1.0062338215343576
W0009,3,0.0,0.0,0.0,0.0,0.0,0.0,0.0,8.514380608363066,0.0,0.0,0.0,0.0,0.0426050935929112,0.3248050002353368,0.1003035942006273,0.9953466750774868,5.657629234537129,0.4260278992522665,0.615554627847355,4.02146646089502,0.0800533494895736,0.912033774983142,0.0729320664930365,0.1567605628721511,5.051962063328102,1.1399821559521237,1.271318959027349
W0009,4,0.0,0.0,0.0,0.0,0.0,0.0,0.0,6.61832959613248,0.0,0.0,0.0,0.0,0.1054998200389076,0.164023244964174,0.0544466888041334,0.9575665919546186,4.338801966994566,0.2926490352334665,0.5011215562376118,2.994858584573244,0.0934783983263622,0.7295938610107638,0.0499034850590667,0.1641927028777825,4.886153651557708,1.0517192325054383,0.7850256895358841
W0009,5,0.0,0.0,0.0,0.0,0.0,0.0,0.0,4.80452083368683,0.0,0.0,0.0,0.0,0.0797842109370625,0.1482187761417078,0.1196184918412457,0.6835042195164531,5.577201836391001,0.2586574974323548,0.62310448731265,2.682012160617928,0.1567389175989014,1.131868074947467,0.1254677499141551,0.0867979496089782,5.018975088895257,1.3635487979116183,1.6695489427635088
W0009,6,0.0,0.0,0.0,0.0,0.0,0.0,0.0,3.6001683240582967,0.0,0.0,0.0,0.0,0.005632138486876,0.0967243642916537,-0.0115239482548256,0.6049234948487979,5.450624421070804,0.2378382491205174,0.4772337199998238,1.843034830784199,0.1158879022114624,1.1636460383963545,0.0573937866875037,0.0654283377145736,4.594204170449588,1.245273376040109,1.6171284987255563
W0010,0,0.0,0.0,0.0,0.0,0.0,0.0,0.0,0.0,3.0,0.0,0.0,0.0,35.0,0.0,0.0,0.0,0.0,0.0,0.0,0.0,0.0,0.0,0.0,0.0,0.0,0.0,0.0
W0010,1,0.0,0.0,0.0,0.0,0.0,0.0,0.0,0.0,10.426915039857812,0.0,0.0,0.0,1.9201422205641985,0.9446867468876944,0.6333663233220826,0.0867117188953773,0.8525768424991121,5.570695983539226,0.6473532355150095,0.0581258065449273,0.010076493750836,0.7728511548306511,0.0667660821909818,0.1744511029718919,0.2224574951641043,11.66494269229151,0.8630922962436303
W0010,2,0.0,0.0,0.0,0.0,0.0,0.0,0.0,0.0,11.709103142832928,0.0,0.0,0.0,0.0438715898826625,1.097915259456173,0.2389487532885256,0.0348572189040759,0.7534456737714628,1.9891640869633933,0.3997939509356319,0.0957375055473808,0.0656520705361303,0.912385241482838,0.3967889771705038,0.1282884222900316,0.518320203610016,11.260732566787263,1.1881916893419426
W0010,3,0.0,0.0,0.0,0.0,0.0,0.0,0.0,0.0,10.327966900280009,0.0,0.0,0.0,0.0851357838715202,1.0256234757856688,0.0321698352331244,0.0851540656282616,0.6278929896777216,0.6263644362673045,0.1696686388426451,0.0630776281758117,0.1062618272061095,0.8092840659045477,0.7634188203681881,0.1112992974288532,0.707831006071644,11.70574810561168,1.2138392813018064
W0010,4,0.0,0.0,0.0,0.0,0.0,0.0,0.0,0.0,7.250992768711976,0.0,0.0,0.0,-0.0343000428335526,0.5650489366706856,0.0656775106281185,-0.0049358256206348,0.5200767628300917,0.4017669523858769,0.0700437263147984,0.0320642299073019,0.0077507548458176,0.7178534929862544,0.9171152554264268,0.0758400014515768,0.8416680855113463,14.02808845256027,1.4492260926525924
W0010,5,0.0,0.0,0.0,0.0,0.0,0.0,0.0,0.0,5.162817771691592,0.0,0.0,0.0,0.0230815745748802,0.486976109662332,-0.0064299724968575,0.0289671074736684,0.4109941967506823,0.204487209818331,0.0892338034160888,-0.0520520032317801,0.1033820435734255,0.6347491559889145,1.1729692023418696,0.0539704180574932,0.6961545405595821,13.316951593764356,1.3559871886415706
W0010,6,0.0,0.0,0.0,0.0,0.0,0.0,0.0,0.0,4.336409001824024,0.0,0.0,0.0,0.098694449844407,0.4784181506994156,0.0074977746350434,-0.0152019911108089,0.3523717101648692,0.1403640232047348,-0.0008186728573304,0.0136053927087267,0.0597526795330278,0.6776554954127629,1.1478825900807814,0.1984496323107679,0.7729795212040099,12.564361031240969,1.3867776824013778
W0011,0,0.0,0.0,0.0,0.0,0.0,0.0,0.0,0.0,0.0,3.0,0.0,0.0,35.0,0.0,0.0,0.0,0.0,0.0,0.0,0.0,0.0,0.0,0.0,0.0,0.0,0.0,0.0
W0011,1,0.0,0.0,0.0,0.0,0.0,0.0,0.0,0.0,0.0,11.323848161048,0.0,0.0,0.5357654968868528,1.227307333967699,20.855745959636963,0.1016946042039218,0.5505227990607839,0.6775469345853744,0.9072698416280432,0.5001751522419384,0.0349912898915854,0.0967464471087531,-0.0265716512607505,-0.0530804744858588,0.6053924017948233,0.2692576068734545,0.1509380463353896
W0011,2,0.0,0.0,0.0,0.0,0.0,0.0,0.0,0.0,0.0,8.810524477922254,0.0,0.0,0.0888994819984438,1.471479723446871,21.873548884526222,0.1709363426907895,0.6981048551413195,0.0593421148535385,1.032468282176991,0.2024713004453678,0.0341250420007483,-0.070063471576727,-0.0515723204501069,0.0471941498350633,0.4792834909212279,0.2600665792535339,0.1567564385639612
W0011,3,0.0,0.0,0.0,0.0,0.0,0.0,0.0,0.0,0.0,6.253313969657487,0.0,0.0,-0.0272015176621874,1.3588688564713036,19.97834891371788,0.1163551337830572,0.5780332445626415,-0.022961752593605,1.1071332660115605,0.0563681814577734,0.0141172168642018,0.0183539391011729,0.0417101783257108,-0.041067688016876,0.361621081859736,0.2602153012429948,0.2965731553651463
W0011,4,0.0,0.0,0.0,0.0,0.0,0.0,0.0,0.0,0.0,4.145839454303868,0.0,0.0,0.0241344843800899,1.4106977463084156,17.924840585993845,0.1434152233122376,0.8401683991475274,-0.0146325050726333,1.2032868167619193,0.0472240268201505,-0.0136079454861515,0.0458539905066599,0.0440690006098899,0.0334202560500878,0.5274638210044247,0.2274563550119458,0.2148793158363158
W0011,5,0.0,0.0,0.0,0.0,0.0,0.0,0.0,0.0,0.0,3.100511213833345,0.0,0.0,0.0040788862970902,1.2976811300349862,16.433791387653784,0.1725503570746169,0.5079550480846522,-0.0540259833105251,1.3483764343133622,-0.0007059117647211,0.0155815389746264,0.0750924462786199,0.0599599223032106,0.0521279303528716,0.4848332370871832,0.3070794532327627,0.2145548083962304
W0011,6,0.0,0.0,0.0,0.0,0.0,0.0,0.0,0.0,0.0,2.350211661966836,0.0,0.0,-0.0958023589715954,1.2276502494353865,17.95075856739736,0.0722033820434436,0.6369016044096608,-0.0090639375632142,1.14185373489712,0.0641631023908967,-0.0414136172895595,0.0711453989350767,-0.002394038309514,0.0300861811766854,0.5918820892601884,0.3371843076065602,0.2133904067530601
W0012,0,0.0,0.0,0.0,0.0,0.0,0.0,0.0,0.0,0.0,0.0,3.0,0.0,35.0,0.0,0.0,0.0,0.0,0.0,0.0,0.0,0.0,0.0,0.0,0.0,0.0,0.0,0.0
W0012,1,0.0,0.0,0.0,0.0,0.0,0.0,0.0,0.0,0.0,0.0,11.244113978115063,0.0,1.2214420148182568,1.6112303017694396,4.433091932626158,2.3814742663139703,1.0378407818527378,1.2014316634116131,1.8274105592663692,0.7102179358867535,4.128597448949053,0.1596429602447279,0.0396030905425233,0.0290660547015121,0.7813331829538097,2.0499187702058026,0.0583495186557149
W0012,2,0.0,0.0,0.0,0.0,0.0,0.0,0.0,0.0,0.0,0.0,13.889014033663482,0.0,0.0587279218146193,1.5743036284931748,3.269021920941326,0.7222430253181332,0.5121535503305364,1.1535459806351005,0.6990815611596436,0.6985290265248086,4.020024674804995,0.2321478830590231,0.1083260991302109,0.0625481222935281,1.4870003347039222,2.4926170047472795,0.2855034327690171
W0012,3,0.0,0.0,0.0,0.0,0.0,0.0,0.0,0.0,0.0,0.0,10.462753007231564,0.0,0.0563889993699516,1.2808965070329303,1.954079578855873,0.3470778104100289,0.3137511458547731,0.7110691590716152,0.2654510994494072,0.5683271117008164,4.269488409043832,0.1968543247753874,0.1758054115330677,0.0525629562881583,1.34296898113815,2.1771374700048134,0.4372899084569194
W0012,4,0.0,0.0,0.0,0.0,0.0,0.0,0.0,0.0,0.0,0.0,8.530583439157272,0.0,0.106473885033473,0.850191660684072,1.5161133874581512,0.1619041201526869,0.1789288549758593,0.6501076719807417,0.2393272782008826,0.3305433536214674,4.437517770731218,0.185532675322956,0.2435907496130133,0.140085233438007,1.560351772229875,1.841224900491598,0.5525988533342908
W0012,5,0.0,0.0,0.0,0.0,0.0,0.0,0.0,0.0,0.0,0.0,7.510424548961333,0.0,0.0635395124223825,0.8838289630045826,1.2764669614212103,0.1715535000424006,0.1166635157854258,0.3820077510794861,0.1498729396278782,0.2223217031942135,4.26015519443387,0.2051308493210875,0.130444363002457,0.0160993376688855,1.3903280023590407,1.9973121120009647,0.5938572722420984
W0012,6,0.0,0.0,0.0,0.0,0.0,0.0,0.0,0.0,0.0,0.0,5.521354407128777,0.0,-0.0215588565676748,0.8247426646409194,1.0716989838628728,0.1429542437436836,0.0766421410268721,0.3821282636223573,0.0740808639583811,0.1576807000309236,5.421269726982125,0.1132618910626679,0.2292918970317477,0.0524931106295566,1.33619408297256,1.887285357842417,0.8065677505844467
W0013,0,0.0,0.0,0.0,0.0,0.0,0.0,0.0,0.0,0.0,0.0,0.0,3.0,35.0,0.0,0.0,0.0,0.0,0.0,0.0,0.0,0.0,0.0,0.0,0.0,0.0,0.0,0.0
W0013,1,0.0,0.0,0.0,0.0,0.0,0.0,0.0,0.0,0.0,0.0,0.0,8.620460124216736,13.49416560436496,0.3271551299112038,1.2229238913315263,0.1188481557496977,0.3329359603703738,3.790554600162085,0.5103537043896766,2.394872993639099,0.0215688007035096,0.133106013785221,0.1250131862126071,3.0109436749259104,0.8027989761145051,0.5452838460248859,1.048025205062204
W0013,2,0.0,0.0,0.0,0.0,0.0,0.0,0.0,0.0,0.0,0.0,0.0,12.474161948824774,3.136094038022774,0.4370592731548289,2.016815960485264,0.0582008307827653,0.7577694012275817,5.859350431196999,0.5206637150862815,1.4155620045862445,0.1829237932868052,0.1340870912749052,0.1431576249992118,2.595073776463752,1.3067826945004228,0.8571070174656995,1.8409220450657051
W0013,3,0.0,0.0,0.0,0.0,0.0,0.0,0.0,0.0,0.0,0.0,0.0,10.023227894062709,0.5359526886449766,0.2904572426618667,1.7342292441701332,0.1230489187141825,0.8099319571192731,5.843257662677403,0.2783815574404566,0.3621124134191136,0.1555855797334296,0.0766226279179857,0.1606591813904052,1.99352062721402,2.1710556394910805,1.3048591681518666,2.44584721423478
W0013,4,0.0,0.0,0.0,0.0,0.0,0.0,0.0,0.0,0.0,0.0,0.0,7.875757862308274,0.1508757579172872,0.2775179818349149,1.524485143394378,0.0854909405965428,1.3941920279673723,6.411868857323032,0.1157877819144703,0.2126273915083239,0.1235157528759715,0.106503725199411,0.0496790408769758,0.9455514669617776,2.408697447109045,1.7176182887518006,2.739038843472477
W0013,5,0.0,0.0,0.0,0.0,0.0,0.0,0.0,0.0,0.0,0.0,0.0,6.857407333292591,0.0080767779118246,0.1793562585030457,1.27650532385104,0.087890489738362,1.5459922942205826,7.466428400000396,0.0533850405201748,0.0906487452773676,0.0437625703818827,-0.072523249301926,0.0591834890398692,0.8589244940863136,2.6987270374187724,1.579390627464921,3.0005176339223807
W0013,6,0.0,0.0,0.0,0.0,0.0,0.0,0.0,0.0,0.0,0.0,0.0,4.595840243636261,0.0566505401158254,0.0809871027643237,0.9908676128431478,-0.0249224092342955,1.2202934485038115,6.958860960328478,0.0986517853359994,0.0590283112976055,0.1313742552372855,0.0626544825542779,-0.0001610276640126,0.4799430414642225,2.7354000173110125,1.5369898736506655,2.223258306477814
W0014,0,0.0,0.2727272727272727,0.2727272727272727,0.2727272727272727,0.2727272727272727,0.2727272727272727,0.2727272727272727,0.2727272727272727,0.2727272727272727,0.2727272727272727,0.2727272727272727,0.2727272727272727,35.0,0.0,0.0,0.0,0.0,0.0,0.0,0.0,0.0,0.0,0.0,0.0,0.0,0.0,0.0
W0014,1,0.0,0.8347377040581221,1.384527482892835,0.9730756915740464,2.229451223186868,1.5409649511265977,1.9402998898972423,0.8484267604171989,1.0648185591434691,1.2656030625692605,1.2241904230535643,0.5371261620735666,0.7344317827979479,1.5134926943181557,2.5332724059261245,1.9045594015691647,2.519394572431113,2.930596611968612,1.1360579510020596,2.0328522208125963,0.3170584987211018,0.2923455849692567,0.2640683031490848,0.4337400492241882,2.023938773410345,1.9858337141598967,0.7503227416315905
W0014,2,0.0,1.0566047755382066,2.2720180434043296,0.8935860554419738,1.957823437236773,1.033571038951694,1.5522462545922695,0.961416649991454,1.404476537971168,1.3359246056464698,1.2534514375702612,0.5074480336002122,0.0449205669959579,0.9701566531586294,1.523265908868532,0.8098024079445352,2.9873443031943614,1.3489181095185117,0.91759926188081,1.090455061416123,0.4053991702467379,0.2510501203604867,0.3510548994388566,0.2689112921196078,3.157543231762195,2.619290545181205,1.5089397090639818
W0014,3,0.0,0.9399199516449246,1.9243582981607976,0.6687356391112694,1.3291907489877766,0.9287905722145324,1.1167521581649469,0.7102513977268541,1.499562835775977,1.143978577363979,1.1465160274298962,0.5048009873110597,0.0524037145271109,0.8474152734040504,0.6577240432026018,0.3082008852712226,2.003025822386152,0.7553587479727796,0.5732715769615191,0.5305020438670158,0.2492335032332652,0.1581003020257964,0.1656103390897416,0.1531894059645968,2.695087029264485,2.6400802901326497,1.565826681470258
W0014,4,0.0,0.9808250693421192,1.7409985013007945,0.4321613940872996,1.294631152263015,0.7926991108425142,0.9914888705150348,0.5461480479604467,1.1244684167718122,0.9034377067634964,0.8195602918337085,0.4470078447225526,0.0287219969270576,0.6067242452095544,0.3384130034705397,0.1891616531848604,1.26971132452215,0.5135015896614272,0.3061785730044476,0.3907065958788439,0.2493617496740937,0.1180903757060521,0.2548434518127513,0.1154084638277178,3.343278955384032,2.5354340540574976,2.317151114787271
W0014,5,0.0,0.7699363089504205,1.667055695250626,0.3947550155508488,0.8875910336489333,0.653759974951161,0.7477168018364138,0.4322491822773324,0.7963863108482144,0.5484803576515476,0.8630116572364778,0.3345408591195383,-0.0208172792023402,0.4779707108901358,0.3063538912909865,0.0009569348980197,0.7993434859881628,0.3038241342427393,0.2394561164489171,0.3292728110523333,0.1479423255229456,0.1515210070220266,0.1669530591244021,0.0701742132928767,3.551254400238642,2.4508120301304497,2.6371283252877613
W0014,6,0.0,0.6200727803166516,1.195376640942013,0.2646338296688697,0.6448419365912105,0.4601885033956277,0.5084802470955798,0.3472548809867979,0.7496697949439128,0.5311924080553967,0.6797886420155641,0.231749274296188,-0.0141790545041602,0.2930730775104916,0.1529702129510335,0.1088536545126747,0.7891854056631219,0.2693708865815193,0.176602174652488,0.2410033880487187,0.1712507662992602,0.106115407374406,0.1422067225155952,0.0086481109227153,3.7908926958714426,3.090659227096741,2.39251968445017
W0015,0,0.2727272727272727,0.0,0.2727272727272727,0.2727272727272727,0.2727272727272727,0.2727272727272727,0.2727272727272727,0.2727272727272727,0.2727272727272727,0.2727272727272727,0.2727272727272727,0.2727272727272727,35.0,0.0,0.0,0.0,0.0,0.0,0.0,0.0,0.0,0.0,0.0,0.0,0.0,0.0,0.0
W0015,1,0.8783584312412931,0.0,1.212042256865383,1.1568197816206485,2.2230586899837097,1.7501387219105968,1.6421858791323134,0.9474971601888844,1.181732200110245,1.6035786117625273,1.01626783188233,0.4501659230235575,0.8139076409554491,1.7842311692110158,2.213304216243721,1.872559439437959,2.2293496883137776,2.504745102079017,1.3507973705868566,2.3564434931852425,0.3680304444039228,0.2572663483879646,0.2607856695094657,0.4007050328590303,1.9214229747446896,2.107457599160913,1.0903031762829
W0015,2,1.3801408400127524,0.0,1.5915274919387092,0.9008118783498992,1.977426057941177,1.0677457189980282,1.2420180443395938,0.8474095072889087,1.3804646083415364,1.388861389279836,1.0369172494304697,0.4410761180669362,0.1610857507243042,1.305642943326502,1.2178301635701534,0.8470887502738005,1.750487610106658,1.137853214152498,0.9412284610022869,1.0921642210238918,0.4091926745974688,0.2257134984127055,0.3597292409085849,0.2173943122059947,2.428137270629476,2.5495894866040314,1.834496718914585
W0015,3,1.2199347928422386,0.0,1.905240798161114,0.6933778153616393,1.394099817674061,0.9020970259392398,1.1952847471519032,0.6402645486351529,1.081644732813056,0.9053963695482258,1.1389234703781466,0.4105916762640395,0.1119261157263197,0.8846936389243131,0.5036425630556571,0.3202318392120539,1.4474429436564409,0.3795606312613011,0.5668536355907537,0.6194516503811609,0.2442665716319483,0.1714198806113256,0.2459198432712492,0.182644467420221,2.847155519997633,3.062623414668881,2.535863974650073
W0015,4,1.2332761548800657,0.0,1.5957466733928054,0.5326023712885584,1.2150008975677302,0.8685224072651145,0.9677645324765608,0.4229941675804677,1.0040893578345242,0.7452562655720572,0.9155896055069992,0.356422169458179,0.0703102759819954,0.4549328070919017,0.1653236313836143,0.2538900650905284,0.8886461009942488,0.3226942875178641,0.3081798392501151,0.4263688364419985,0.2079921430363992,0.0920518646094702,0.1811841153267948,0.1484251247995297,3.548809328656686,3.211409523700456,2.785423029609453
W0015,5,1.0375372292912266,0.0,1.442980444192129,0.3396723136557197,0.9865746835107794,0.6039260659071153,0.5398446074676473,0.4601513545124829,0.9198822834855324,0.6403468883301637,0.7402399573915515,0.3191641298757027,0.0886124572273528,0.3979291292587561,0.131650362360659,0.1258120191335374,0.5225150154067745,0.2441775311416493,0.1842421486256562,0.1450574710369667,0.183343491696802,-0.0070511174120731,0.1516322050371569,0.1139283515242149,3.262838000399388,3.187670003582028,2.606780073291045
W0015,6,0.6741639430263691,0.0,1.2509296966139012,0.2793784350118552,0.6368703036308038,0.4564188438857488,0.5275597735361454,0.30477843059306,0.615996199121789,0.3833721431305909,0.5673202741679347,0.2737597528842875,0.1130948193278335,0.2360364579579329,0.1591056938004614,0.098005697780533,0.393088250178354,0.1133391814876223,0.1044743765407681,0.1784010906634194,0.1144733873192218,0.0482762978195031,0.1756039812310858,0.1796764482706388,3.2178286248790062,3.1401100366813264,2.722066375982508
W0016,0,0.2727272727272727,0.2727272727272727,0.0,0.2727272727272727,0.2727272727272727,0.2727272727272727,0.2727272727272727,0.2727272727272727,0.2727272727272727,0.2727272727272727,0.2727272727272727,0.2727272727272727,35.0,0.0,0.0,0.0,0.0,0.0,0.0,0.0,0.0,0.0,0.0,0.0,0.0,0.0,0.0
W0016,1,0.8409212759899645,0.7937082126431814,0.0,0.897230782049146,2.107411837011102,1.5622001780174115,1.61014392741432,0.9016197999791352,1.2834890348501191,1.4768584324644145,0.9543066015607424,0.5130323708416792,0.8685115736085623,2.190626082598584,2.930513487425713,2.2613654249212307,2.2687616974913904,2.172838592729705,1.3237310845638728,2.400713029138948,0.2587414114529458,0.3129493252605776,0.2890754837919017,0.468753593337447,1.850296442543492,1.781368939145452,0.9013340371500664
W0016,2,1.3384241997843482,1.0836882630212308,0.0,0.8431608446728197,1.9090536935142768,1.2345100185810238,1.7720599710877238,0.8117010998868045,1.44877333000882,1.209391334797289,1.1414381106782074,0.5122708297964255,0.0942410133059865,1.7576733560644118,1.2524568128828617,1.7154156389589104,3.0556747263305284,1.2576989367286353,1.308264772954375,0.930031004630397,0.1103491427608013,0.2279622706307047,0.3544186156938498,0.1737073353137438,2.337829994261845,2.689860763458141,1.504329616293926
W0016,3,1.241873759141709,0.9130247658034458,0.0,0.6649740044248442,1.19634131543072,0.9240424702088492,1.014562745000442,0.5408791843080037,1.2562122541643277,0.9589550537038476,1.038597143936736,0.4972479337719812,0.1836619938078763,1.0231690704107248,0.5476568862165916,0.797324376428538,2.5189541184281703,0.63396879382884,1.0838220153447753,0.3385426582896244,0.2136919542878145,0.0551367624196499,0.3673630293623089,0.1440268550103588,2.984336091398619,2.734287317991862,1.9008214106491803
W0016,4,1.3802564501395282,0.8725446854291131,0.0,0.5615228095510031,1.156927492031113,0.6516952259877407,1.0416522301727835,0.5056455637898508,1.2947524234337924,0.6926103133651957,0.9545107543217418,0.4342212340646498,0.0899784320627428,0.8989814422790411,0.294248181066493,0.659298170558876,1.5972148089219833,0.3462584526588347,0.6868811932985074,0.2225754683520164,0.0735036837669392,0.1386876293516278,0.1877229526199009,0.0939070834367136,3.4402644317093145,2.508017973481826,2.07167434723545
W0016,5,1.202611102570469,0.8660790322420696,0.0,0.3400093349067468,0.8551837627594732,0.5853968468577719,0.5736276601652798,0.4376642959567092,1.0133540085536312,0.5862376467798354,0.9815107066553236,0.3344690245906347,0.0793403877398852,0.8023928080733654,0.1424830121036891,0.424861087696716,1.7527508309293618,0.3286212701094856,0.506785495439848,0.1581555937598586,0.0548683156066726,0.1263704723081789,0.1981676248461917,0.018932784538997,4.018684457553902,3.105919470535225,2.20541260386135
W0016,6,0.801424535101707,0.7456255617581808,0.0,0.3149296674549752,0.5926481460638547,0.3683957935344316,0.4450867409058594,0.2866029454274341,0.8233130708014156,0.3993880379681978,0.8215464655408499,0.2699959302754257,0.1095733159013351,0.5940831998634867,0.1971458158726063,0.2274639868563727,1.2953845380538995,0.2664355124613006,0.4747814785820491,0.1270058689379546,0.0695289305239088,0.009219369684675,0.1600305439783072,0.0775036283334376,4.11175785633623,2.986000671717707,2.130106906671584
W0017,0,0.2727272727272727,0.2727272727272727,0.2727272727272727,0.0,0.2727272727272727,0.2727272727272727,0.2727272727272727,0.2727272727272727,0.2727272727272727,0.2727272727272727,0.2727272727272727,0.2727272727272727,35.0,0.0,0.0,0.0,0.0,0.0,0.0,0.0,0.0,0.0,0.0,0.0,0.0,0.0,0.0
W0017,1,0.916128698329286,0.9584978676820674,1.3216362597328428,0.0,2.252632780650748,1.475102114465996,1.4413394117942513,0.9130278072469016,1.3281960275705584,1.4460049986039107,1.0298832487661214,0.4583079189113844,1.0436021514322165,1.7813868354920137,2.6193216883900963,1.6780940579558947,2.766735765532561,2.1267662991593657,1.267590687739668,2.273943286426249,0.3585105014118505,0.209926156367615,0.3107450355786796,0.6731985899400316,1.821698415770048,1.3404172159757552,0.9385002374029452
W0017,2,1.2183230415806736,0.9928907755448256,2.0445625451624085,0.0,1.7984233197854906,1.5382433445795796,1.4211247368351707,0.7069258961788716,1.5060722480513344,1.3342710436690264,0.9628896942109776,0.5446932802777995,0.1368014591027195,1.322338778882023,0.8382585332397429,0.8748183542197159,1.888014009659886,1.1797813380671518,1.0030671109052405,0.857964262258046,0.2648498146063334,0.2576337771082405,0.3448637501141092,0.3304894811834685,2.597707743417617,2.6960700899556977,1.8859155088225923
W0017,3,1.1414968731572106,1.0961920440208874,2.02210181961805,0.0,1.3209038840906455,1.006944178346591,1.1458356920727732,0.5800716991146021,1.0934214460174487,0.9812902136223138,1.2215843491795355,0.4468971796790185,-0.0365663942504129,0.8132637251353452,0.3842556734309952,0.3433907985083949,1.1559031907950366,0.4559788243446898,0.3744647717915866,0.4592396623268449,0.2771440763302597,0.2048499860924676,0.3027714989226449,0.2113804499621367,3.2922513006987493,3.14868740576751,2.4318932907521265
W0017,4,1.076682142657034,0.7603329768155044,1.7269510570476758,0.0,1.1934496886661796,0.8745767768791695,0.7966743393523936,0.507273940029064,0.998688402324916,0.5952010074595979,0.7565439902556065,0.4423416938845243,0.1124925471467659,0.6488323262619047,0.1254842203950683,0.2224835236138082,1.1027393633822575,0.273395912649562,0.2575437202560256,0.2554773038703242,0.1949883861494442,0.0645666756544284,0.3107116832683402,0.1529292619822875,3.676752450138488,3.349668475872812,2.7156576076244665
W0017,5,0.9054973811778224,0.7681018011075962,1.342088137972247,0.0,0.6827245647089176,0.5018307716602166,0.611304676164367,0.3393249540855808,0.7953013376990702,0.5597393876768283,0.7731622997807166,0.3252435153155641,0.0427113366105662,0.4528470365558834,0.0278119079699313,0.0078022643490076,0.6258018526968787,0.221263997825547,0.1863990743443682,0.1741041515624209,0.1747510046703928,0.127698780589131,0.1691071531869803,0.0727697078947644,3.834043932422692,2.8512528084415725,2.6456303181907423
W0017,6,0.6163217426246702,0.4956693766466992,1.1257007435398554,0.0,0.7021170484565488,0.4218628938713073,0.4587245494196215,0.3239862027927334,0.6161007983054609,0.3519280565172922,0.6401049774047766,0.2533411011713016,0.0660563397950442,0.2665635024747058,0.0639421666681284,0.1362406954501455,0.4673532584734352,0.1053729861191248,0.1555897771885882,0.2239012576736235,0.1001723527602139,0.0651727127665349,0.0907246030352857,0.1013664924533914,3.6253106902430448,3.248424362847178,2.7775062740332923
W0018,0,0.2727272727272727,0.2727272727272727,0.2727272727272727,0.2727272727272727,0.0,0.2727272727272727,0.2727272727272727,0.2727272727272727,0.2727272727272727,0.2727272727272727,0.2727272727272727,0.2727272727272727,35.0,0.0,0.0,0.0,0.0,0.0,0.0,0.0,0.0,0.0,0.0,0.0,0.0,0.0,0.0
W0018,1,0.9045906177025036,0.7690129073500765,1.0744717952593772,1.2452977109181902,0.0,1.8414806878363308,2.077815549728968,1.0167892538868186,1.6002999466289136,1.7129149534821158,1.3928634784300002,0.3903407965620085,1.102531959177112,1.050389048795962,2.129652280077408,0.9160750809314796,2.394422461813348,3.089095381537738,1.3359820084012972,1.8172311511844137,0.4763405557655592,0.2743675305010368,0.3470936429728276,0.8823125792428087,1.6336746055721023,2.119095022457277,1.1385679898894183
W0018,2,1.4227197835307346,0.8489095414080033,1.6893025828896402,0.8873835209190176,0.0,1.5815630365924769,1.3958054546309475,0.8171297993064512,1.3967589766498991,1.6614274825106117,1.2929570543835878,0.6033037825338261,0.1433931774536086,0.9856693891286428,0.7483890602398336,0.5328945584682732,2.5871855759334146,1.1793687278572476,0.9318462268300356,0.8460923383823371,0.6349273493186052,0.2569206810398872,0.3848930740015333,0.7314498613100193,2.4821027856691096,2.1399343147864185,2.148666454131667
W0018,3,1.177741721284148,0.8519399583107445,1.6826641561757656,0.6889778667605185,0.0,1.1302874666974776,1.4303154840210173,0.6332335158686839,1.2829455925188462,1.1343307544928176,1.222130705141415,0.441090490800316,0.1292989037396328,0.6027127063303209,0.318734468366415,0.3237456568480429,1.6189679626618525,0.4579414875079992,0.4989155796140352,0.3043372174940483,0.5061993656400754,0.2688283928500642,0.2762623764065031,0.5229024338230895,3.21810432263869,3.36219185367162,2.670699191704263
W0018,4,1.036146925100762,0.8239875106284662,1.399384710393783,0.4714868733388802,0.0,0.9698577608817794,1.1731381500860327,0.4632228434286105,1.1992010393212078,0.7358186194705776,1.067567689057476,0.4535525005365045,0.0671589555462654,0.4131978990326367,0.1627808422462524,0.1171920121096667,0.90978795116151,0.1721709818650881,0.2107628946700623,0.2531675474277285,0.3988105150054001,0.1212300694027329,0.2993691076365259,0.5005690052495162,2.371616340307054,3.4144947565407486,2.9132988503693484
W0018,5,0.8945413833916724,0.5555768293814718,1.0670571652072385,0.3763829625573222,0.0,0.7140430395812327,0.8183855754570742,0.3734222244529346,0.9110773739995726,0.7360893735066241,0.9249519706339212,0.322647059207199,0.0525998338747118,0.201759204996303,0.1033394112788213,0.1623008521384554,0.7059980068926113,0.1582402194796164,0.2037552487047461,0.2284559092591017,0.2130905607009763,0.1421846874313172,0.1964192500672278,0.4002746537840678,2.267348804612436,3.0829918811318207,2.593170435511682
W0018,6,0.5299695219360352,0.5050915416188475,0.996966643978211,0.2762097806720232,0.0,0.6040510470220055,0.547887900918824,0.3415740106761694,0.7463714852575234,0.5131330859481651,0.7541263224605099,0.2610753974077567,0.0731536055857425,0.3011513368663253,0.0915881943398953,0.06868403701792,0.65631442987599,0.1998149945616899,0.1131263278459146,0.0310930443619931,0.3188498459319139,0.117011888922027,0.1367502743101175,0.1989144433814951,2.9785109513248536,2.9153777051098304,3.206094770718229
W0019,0,0.2727272727272727,0.2727272727272727,0.2727272727272727,0.2727272727272727,0.2727272727272727,0.0,0.2727272727272727,0.2727272727272727,0.2727272727272727,0.2727272727272727,0.2727272727272727,0.2727272727272727,35.0,0.0,0.0,0.0,0.0,0.0,0.0,0.0,0.0,0.0,0.0,0.0,0.0,0.0,0.0
W0019,1,0.7573205013618439,0.8868399781371841,1.4577133354971288,0.8668785097058611,2.0757403259516,0.0,1.8453308558616237,0.9913844206623516,1.1025894425870484,1.334478727903466,1.2515075321218494,0.5247431981393942,0.9350388072656796,1.89599730725551,2.191236247220422,1.6730373900035265,2.357285227507203,2.780875188604281,1.206334714604719,2.005942158978047,0.4636840252240487,0.2498111859845808,0.2606092601119329,0.2005565894129893,2.099106734531241,1.9390543266126448,0.8648067841904074
W0019,2,1.2566988230080176,0.847120338139354,1.8967113688717945,0.9232166549721,2.015110349889901,0.0,1.7866252626388837,0.8847851295444941,1.2570687198171842,1.2947027730453524,1.1032463528149403,0.5077118540752541,0.2276045415320384,1.485504097428441,0.7410202543240418,0.7971130389267861,2.1273173315484413,1.0052335145279758,0.9229278303926388,1.0204363290392615,0.4401791888132271,0.2909220643790626,0.388368820654727,0.2281842211898665,2.274505762231962,2.811783678451468,1.909721507488462
W0019,3,1.288521963399509,0.9239297365311177,1.9152012545686408,0.7574233070916158,1.4665186650759474,0.0,1.2204478490934147,0.680614720099415,1.0351959233054364,1.0859857039983227,1.0311544436027127,0.4356408807448286,0.0429222798667972,0.7098528938183701,0.2806488443506871,0.251423064465679,1.4247853809632298,0.5490947094054458,0.6126887679999207,0.3533622732231393,0.2968839074508515,0.2201930485018942,0.283744256159951,0.1503528697294014,2.8491603402200427,3.4703868726121696,2.4839695154107324
W0019,4,1.092785569054515,0.7761650638980906,1.5569859347290242,0.5364112328938642,1.2463189452058407,0.0,0.8402464673413632,0.3952504750716401,0.8761758755343938,0.8124890893327879,0.9725913643015824,0.3879876451933701,-0.0134608707718981,0.6447627903756016,0.1722175924737863,0.2152453470562963,0.9390058507363732,0.2941006331950027,0.3492215275294359,0.2248518853830651,0.2894643253807987,0.1871808749866867,0.3175845781686454,0.1829216731578266,3.312747095694601,3.072318776442324,2.69222726123162
W0019,5,0.6719005397655533,0.7299991550535305,1.2972097390711923,0.4282734695790686,0.8050430436994235,0.0,0.7318417033410566,0.3244235536661496,0.7494746587382455,0.6504923514261504,0.6433561301369395,0.3129204383948252,0.0037018473441427,0.3588159660114531,0.1036553111866083,0.0975991803819907,0.633618908366983,0.1316709692005069,0.1333061916043745,0.2169651980156646,0.1797407708918054,0.1310992213775112,0.2520668888607546,0.0720870740586199,3.9882996449882495,3.133337903853134,2.7770735964891142
W0019,6,0.6448053220792612,0.4860678106085112,0.986858341258374,0.2887325108313296,0.6460593133319933,0.0,0.536154484611677,0.3326658975060071,0.547459851113306,0.4569229350697386,0.5756787880983307,0.2331216220416648,0.0381376916766921,0.2833606191678361,0.0772926157084791,0.0895330089886614,0.4746749520434512,0.0741085845041242,0.1678865125968689,0.0697427871226487,0.213317573611515,0.0160716561955499,0.136933265899267,0.0635935126023657,4.519239931427816,3.2673546780422216,2.503633382002564
W0020,0,0.2727272727272727,0.2727272727272727,0.2727272727272727,0.2727272727272727,0.2727272727272727,0.2727272727272727,0.0,0.2727272727272727,0.2727272727272727,0.2727272727272727,0.2727272727272727,0.2727272727272727,35.0,0.0,0.0,0.0,0.0,0.0,0.0,0.0,0.0,0.0,0.0,0.0,0.0,0.0,0.0
W0020,1,0.9129725417760064,0.8315156211991126,1.3030263030503948,0.9820126252932438,2.687771700791393,1.6771027181733509,0.0,0.9660977279799008,1.0992208551508933,1.6524838113751688,1.0642234639452808,0.5037391376565191,0.985174008232791,1.7184725365427147,2.697979297641198,1.6959371347180996,1.9550901798893832,2.759047944260121,1.1654154139919504,1.3466085676451338,0.3845226479255175,0.2336725620346613,0.3330895395279259,0.6998139648166924,2.1150279335682907,1.7647139515044232,0.9893793422731568
W0020,2,1.3580443586159932,1.1210762622556305,1.9819159471099883,0.8925695440285825,2.2223302105610485,1.4100705825491595,0.0,0.853315901143253,1.288056343525813,1.4679752910517638,1.253572414292615,0.5392391793308682,0.1947961985289261,1.2253166270664655,0.937005644115267,0.8591805579848718,1.7623502334822907,1.429315667929614,0.9245086828001666,0.7487344714475883,0.3857207557363685,0.2211590377504768,0.416028239564804,0.3155324426254603,3.1683670105108708,2.8707837943480747,2.083107337680228
W0020,3,1.3121817315686428,0.9301205861569544,1.8490142461392507,0.7722361411228578,1.865395593159371,1.009925907201854,0.0,0.7256654449489115,1.1999589912005182,0.9492425689266312,0.9406583386445272,0.5140786378292079,0.1642352297319293,0.9036936037249952,0.4388781259737548,0.3719663475198339,1.1897577507576156,0.4902726550905428,0.4821891213583859,0.3458280408511015,0.2545078698500615,0.1271934788149068,0.2358105036411517,0.2423507036271565,4.179103238288476,3.0122914460440926,1.8340120134587197
W0020,4,0.9508876774855856,0.9523496577375627,1.7512517831981431,0.5326804618158575,1.223076273173314,0.8553868006230297,0.0,0.5275619350717647,0.9846621499667534,0.7090989539476867,1.1134132481404062,0.3474070599231885,0.1473692769316333,0.5270463797388315,0.1968983839539695,0.2167520377193871,0.8911654953100011,0.3098999627999656,0.3356997765339332,0.1564223012122515,0.1656296611835216,0.1833399977747775,0.3164471900935837,0.0826611754435818,3.892637116563425,3.0145531605462463,2.3364718730539664
W0020,5,0.8111528781339735,0.681907589066759,1.1987174193595995,0.378447974676747,0.9318766604574747,0.5664924937404612,0.0,0.3657216190926626,0.6924091950316003,0.5366042613745419,0.7354605889778668,0.3238334857212764,0.0445785113871925,0.4108853167587053,0.2106827158718928,0.0460637843825811,0.7015068778102633,0.1078739373981308,0.1759608200792615,0.1128480592478858,0.1668350662636505,0.0879376567961531,0.2777505233043449,0.0817574560253002,3.772259474947525,3.1134748284496974,2.324952071690084
W0020,6,0.5733341323175434,0.545878348971266,1.050926390619385,0.2901767104564733,0.7262020094021283,0.4197327162376512,0.0,0.3254208880420874,0.6398615764530442,0.4278798912206629,0.5874341877333978,0.2329966719469385,0.0073963246152945,0.2440556119404199,0.1266977957039801,0.0859877024452651,0.4327954632229327,0.1424899890621974,0.149069846995982,0.1071450519506607,0.1057832184338341,0.1025954338649268,0.1595010950112003,0.0925747204493522,3.597200429357382,3.214600297622248,2.512420474072611
W0021,0,0.2727272727272727,0.2727272727272727,0.2727272727272727,0.2727272727272727,0.2727272727272727,0.2727272727272727,0.2727272727272727,0.0,0.2727272727272727,0.2727272727272727,0.2727272727272727,0.2727272727272727,35.0,0.0,0.0,0.0,0.0,0.0,0.0,0.0,0.0,0.0,0.0,0.0,0.0,0.0,0.0
W0021,1,0.8353773848473636,0.93956756420676,1.3474926763309467,0.8804569946930314,1.813236214188347,1.4473883763037685,1.6514326112032558,0.0,1.2747232788157563,1.142969658128105,1.076791353445316,0.4412390284151704,1.0046457119565158,1.4853486244089578,2.7189138302343103,1.709361575446115,2.3382671288159784,2.546814669100622,1.3440991472035329,1.6098357982611995,0.4402012207351922,0.3254463118687421,0.3068096146517334,0.4474479229531788,2.076149785992256,1.9594283206696976,0.9557364734183452
W0021,2,1.0333331456748531,1.0429795896530578,2.269856330297558,0.8077105125706584,1.5881915789239274,1.3236824936738885,1.255746939227533,0.0,1.357246820381898,1.4819566060900848,1.160094841152323,0.4279503515793242,0.0723478220857029,1.325204946857723,0.7137835502130642,0.78457559181988,2.019710153347676,0.9662954189986336,0.9733884968612908,0.773234265448937,0.3775793605342392,0.2972416101657462,0.3675956838628174,0.3568318552465095,2.7925176094801176,2.469164200181017,1.922514987500174
W0021,3,1.4423478861743126,1.072891658841998,2.0271989058980155,0.6930468819153583,1.3701393628691805,0.9298282546683428,0.990773857072587,0.0,1.175079406440038,0.8690919681303293,0.8774729913503788,0.4767987588647304,0.0996645895137961,0.6943796142690913,0.3160515377670771,0.3120858227697506,1.311325543671509,0.5459635737776063,0.432503269983028,0.3295775590730939,0.2278143990995436,0.1839410801844956,0.3511541641840148,0.2471959530501336,3.2701834502303115,3.13589386488045,2.0414046519419475
W0021,4,0.8429659756201717,0.8350301203220332,1.6760556404212152,0.4463305810666523,0.9640834937424532,0.908806362777914,0.9026014042760944,0.0,1.00334132024158,0.6343146606226533,0.8402901922309992,0.4723875188628818,-0.0963288069689495,0.6055455277227034,0.1874423939654965,0.153799154081629,0.9785438727219672,0.2379429930542108,0.3434955965996996,0.2108817633642622,0.2100805530132109,0.084012866445822,0.2738694530236452,0.0516977589739104,3.23758460718282,3.115933967017966,2.2629862061715245
W0021,5,0.9000466689845769,0.6753301738344679,1.6316779522017666,0.3079450421648176,0.7585683550551543,0.4679893817650897,0.6436371032026444,0.0,0.7907781187048061,0.5572715479872361,0.7232010008979336,0.3462515739107344,0.0223519944974597,0.3766973537844461,0.1211676440642802,0.1927443814884927,0.6919857298515375,0.1722907581670361,0.2689567830892563,0.212333998021769,0.1752169083149558,0.0723371390983847,0.1581604175178143,0.0410648083483043,3.766274367917241,2.770029832218639,2.412917229168907
W0021,6,0.7427547875349416,0.5924841919617432,1.1722351253295211,0.2313682800100056,0.7105549888489111,0.4151248947759547,0.5362925170968724,0.0,0.5561651585944046,0.380217601821042,0.4471006639129601,0.2259167907473211,0.0140874356038253,0.3292204221227764,0.1504705317413277,0.0646508760029387,0.5041279195132444,0.0881501736346205,0.1120576949408448,0.1892008179511347,0.0994273402820582,0.0503206207127457,0.2240832587562136,0.0322871700660556,3.9929164488783417,2.7500416708114472,2.987984521606105
W0022,0,0.2727272727272727,0.2727272727272727,0.2727272727272727,0.2727272727272727,0.2727272727272727,0.2727272727272727,0.2727272727272727,0.2727272727272727,0.0,0.2727272727272727,0.2727272727272727,0.2727272727272727,35.0,0.0,0.0,0.0,0.0,0.0,0.0,0.0,0.0,0.0,0.0,0.0,0.0,0.0,0.0
W0022,1,1.014433607973083,0.8060569000183825,1.523753659388066,1.072749324420867,1.9705724686392565,1.4993656809794642,1.7117419001130656,0.905087994534531,0.0,1.359719330638596,1.2079593844354015,0.4873215245768005,0.9424624886823836,2.066851358971266,2.183855202354277,1.8627990183442829,3.109071743781826,2.295432760623286,1.6597539837386115,2.6058591978694734,0.4271827277780617,0.2412276217257253,0.3353877533985471,0.6189447849026563,2.244705519902981,1.2461192384622624,0.9607314473330648
W0022,2,1.2865944616330864,0.987615597669003,2.0878252718956323,0.8603927704303851,1.9364978399081865,1.22480849010339,1.489473671223185,0.7443353780809698,0.0,1.1807386436808338,1.5022797702704522,0.5267578831749605,0.1379075757201999,1.1856248573715016,0.8062190775207996,0.9294795318863766,2.0472105874201887,1.2495315884105107,1.1208363609219527,0.9830029901364594,0.2594014688390201,0.1043004059048512,0.4085127338364531,0.2422833123565266,2.337046243953664,2.499757167154617,1.2976048481953493
W0022,3,1.3645853851774623,0.9097479715016898,2.6189908672692903,0.7089244365389322,1.5733042564679085,0.8308581691871226,1.2168835187571132,0.6065504543315449,0.0,1.1216726085443802,0.9923274891740944,0.4345415735320393,0.0749926983460695,0.7635357552274185,0.341943124120226,0.3129815205383681,1.4246391053731526,0.6257656266039622,0.7894171631225272,0.5870022592138435,0.2896054318122689,0.2251643534391396,0.3202156244075983,0.2645847799216286,2.619364599315197,2.3181178771264195,2.5437753003105987
W0022,4,1.276988178643785,0.9434498790478542,1.6816968791084066,0.4938247489010117,1.2185945295004883,0.755255654276012,0.876614375091771,0.5415349265412273,0.0,0.7420263939640828,1.005499291605335,0.4803376708247765,0.0699288008702783,0.5592334316871403,0.2574193575922974,0.2721622609285322,0.7473937572186192,0.3535363757518961,0.2825354866755478,0.2586655638981717,0.1937688902427713,0.1189994743046513,0.2247707741445883,0.1182760805717457,2.99532579574157,2.526550304179428,2.9120703333028546
W0022,5,0.8756600096330359,0.6843580455450491,1.5513253468913004,0.4039188171596245,0.8015309647033806,0.4818748909305939,0.6514996988496993,0.4130589383416536,0.0,0.6287392644810783,0.8509062085121678,0.3157084535325711,0.0777629494708483,0.2984976665477994,0.1819513580137415,0.1718926542197027,0.6649506897706962,0.1440022161586166,0.2879432608538596,0.2142106507330055,0.144503139997417,0.0529697527097237,0.1054914174848734,0.0887350816944199,3.730113760790999,2.912571797086125,2.429451238030247
W0022,6,0.6510202700476643,0.4578866819060995,1.167156525077231,0.2879841031854142,0.7477570190436486,0.4205777021150674,0.4221639161741863,0.3331639377566147,0.0,0.4267190879373578,0.6568292780631949,0.2518553745044243,0.0105197349928765,0.3442192465691556,0.0941258050310285,0.1394907123996445,0.4670879368765213,0.2203270887930775,0.1958280939427638,0.1541773009169856,0.1584021470474822,-0.0147717730846917,0.1987531851774941,0.0967578420651068,3.580577616536063,2.488344000594171,3.458294511714115
W0023,0,0.2727272727272727,0.2727272727272727,0.2727272727272727,0.2727272727272727,0.2727272727272727,0.2727272727272727,0.2727272727272727,0.2727272727272727,0.2727272727272727,0.0,0.2727272727272727,0.2727272727272727,35.0,0.0,0.0,0.0,0.0,0.0,0.0,0.0,0.0,0.0,0.0,0.0,0.0,0.0,0.0
W0023,1,0.7187729231113879,0.8050964422328469,1.3985397190643938,1.088656434716725,2.277097841830516,1.7263149471863586,1.4077844675473734,0.962946559797744,1.041720463022528,0.0,1.373016452988643,0.4388747548697811,0.9561238331220974,1.8103130860297143,1.1799438814331702,1.9822959044735455,2.6552530814712463,2.861077316190498,1.2688299959170937,2.129286284602604,0.4058290104126031,0.3112105528538824,0.2676910231732067,0.6465178275280462,2.113159416421029,1.92711783888512,1.0671742940326066
W0023,2,1.3158259560269585,0.8688185441292988,2.0901302480243227,1.027872210808422,1.7427491117392608,1.3352803451048163,1.4672755173455518,0.6746118871616643,1.56109559180194,0.0,1.1846416630075651,0.4997404315972859,0.2227866312549357,1.066395496812462,0.5193676381494952,0.7314313294868761,2.314549347501816,1.356734279136623,0.7691714424002827,0.9785067301358564,0.4658723120927759,0.2657529513025485,0.3272736910153777,0.2669721391658198,3.642359506930961,2.6819304470940954,1.7515556718219034
W0023,3,1.054160966795716,0.9734760144182498,2.3575766010678554,0.714479359961654,1.7390331994762165,1.1275809328253246,1.2715411271652222,0.6014588753325492,0.963916749817788,0.0,1.141605905439269,0.4967429581280675,0.028019470228007,0.8683470567254913,0.342817224860813,0.4255871120125387,1.3616816865980244,0.6274044209531842,0.4631486449888893,0.5183203394700556,0.3001912414158939,0.1719783502885217,0.3775492655722625,0.1820784453566414,3.7578726903315296,2.961042826461241,2.3796202610340216
W0023,4,1.0681506461423056,0.7984941513339784,1.7115163593275688,0.50975383687545,1.345835623700912,0.8783387851320678,0.8387563944650033,0.5563066418813333,1.0473867565861223,0.0,0.9870665981348848,0.3586740818607229,0.1191285890081684,0.4766771514968675,0.1807065198744224,0.1567452021672558,0.822714322929545,0.3995649564530779,0.2310306754096822,0.3389172239318442,0.1824834556118764,0.0595437430613537,0.2666474063709977,0.1776821918252059,3.318247657860256,3.4688176323259943,2.242583903570128
W0023,5,0.7737548257406908,0.5920339790524917,1.232505790136413,0.4112526619939868,0.917160625739808,0.4931110020387368,0.6401763035467319,0.4115603908662424,0.7014379434549005,0.0,0.7540940503447207,0.2862638267623424,0.0452130296061235,0.3232009324230014,0.1403019593309388,0.1332459772202869,0.5102837872036469,0.1920415142152535,0.1568394682842236,0.0635983495355125,0.0602568782094564,0.1205100436703915,0.1644351584634016,0.0835194528547987,3.3922593128256144,3.2566490244554545,2.3311193813192093
W0023,6,0.6293484953944986,0.4587115192623026,1.0564863092445362,0.3029121250809874,0.7241783021068157,0.527750517190523,0.4874668542830078,0.3414298477681765,0.6331943585831422,0.0,0.6320860997542845,0.2728611333639588,0.040977292212429,0.292367743830961,0.0975664040530394,0.1448934866256793,0.516013674159348,0.2001720638258323,0.1389827633000485,0.0317903411178514,0.1432971696669441,0.0459188804559952,0.1261416024938476,0.0710404973402628,4.133584378279833,3.8166953886011994,2.880668126937213
W0024,0,0.2727272727272727,0.2727272727272727,0.2727272727272727,0.2727272727272727,0.2727272727272727,0.2727272727272727,0.2727272727272727,0.2727272727272727,0.2727272727272727,0.2727272727272727,0.0,0.2727272727272727,35.0,0.0,0.0,0.0,0.0,0.0,0.0,0.0,0.0,0.0,0.0,0.0,0.0,0.0,0.0
W0024,1,0.955713066062546,0.7020449184550128,1.445723511883165,0.961271244946106,2.092263842577136,1.438888921722633,1.6605979023348063,0.7281051813200976,1.0717215718792767,1.571369613497838,0.0,0.3749212074354729,0.8034158428173283,1.7406371823822695,2.3275040944937184,1.595884499877566,2.6806225458981103,2.7326690702211507,1.2841957495589282,2.458728136068265,0.3012395215066184,0.2392739703474777,0.3196252326778142,0.5130229111665944,2.131073869201708,1.8877166925948088,1.2883359676008836
W0024,2,1.3779187795959449,1.1112563032751563,1.731611396766886,0.7202212356362709,1.915026719338,1.3209687708180726,1.3468102861501443,0.7406929031148357,1.2853945624851506,1.3941684203232472,0.0,0.5430317822248947,0.022382173695794,1.2091511248877356,0.8169216613762125,0.8708494335746702,2.2891911094514006,1.170343408716738,0.9047770627482488,0.8395545720184441,0.2023384145793559,0.2451926310088401,0.3673695608323549,0.4006733304314556,3.310681151222181,2.4804961144898767,2.036485791462978
W0024,3,1.016409820167164,0.9379280258787472,2.1066495073196654,0.6282313795821999,1.3223142942933903,1.0521058619582375,1.214458885526038,0.6571893462504187,1.1056346212893602,0.9716925912920742,0.0,0.482290807461382,0.1582751617568755,0.5471698151329574,0.305887967779519,0.3537452825420543,1.451376551350806,0.5089782452110203,0.4339707632843585,0.4309974635118783,0.3050446430342184,0.1413989267267695,0.2742181719905279,0.2214041415568811,3.2695187760207243,2.9222506468628544,2.0788435617530063
W0024,4,1.3119331092013775,0.7092917110268946,1.864401038776201,0.4292287764118319,1.1756933045940816,0.6955897009696019,0.8117469266527009,0.4813562362631646,0.9825785564406226,0.7094816179154001,0.0,0.37119775736173,0.032695937008595,0.6021753590118574,0.1697571477223389,0.19801331908592,1.212314354118224,0.1926845111641058,0.3835834418637942,0.3565933650275029,0.2048519936955161,0.0440814686964187,0.1163956562571722,0.2248962339848279,3.58325653974435,3.2619943341247577,3.199107964473076
W0024,5,0.7366223818977395,0.7261245872797701,1.5541428136885798,0.3659624252473433,0.7645223794246444,0.4852287641873681,0.5711695063919972,0.4005315384427657,0.8862757172479794,0.515259766297154,0.0,0.3313259079898837,0.0376852059609566,0.4190474354479007,0.0480314331819064,0.1005149621068355,0.8398349250389746,0.1926482582084276,0.267557190623233,0.2496326187599963,0.1659989644091659,0.0357196825047036,0.2293406912034827,0.0720776381224955,4.063420639885262,2.9578059196530613,3.0665341997781583
W0024,6,0.6734763733735478,0.5488287820933119,1.213608917275475,0.3524287364432896,0.7418510436603206,0.4118291708730143,0.5502189930622264,0.2961966292412917,0.6558506524285481,0.3891430423841403,0.0,0.2294252782378413,0.063673633648045,0.3663567865081785,0.0405357157012207,0.0978725194253911,0.6562029941202829,0.0708222647090631,0.1856450153013011,0.0676827194845983,0.1204385214372195,0.069822922205395,0.0647365764861653,0.08266972621747,3.96042487793784,3.1542937931955337,3.384715180100429
W0025,0,0.2727272727272727,0.2727272727272727,0.2727272727272727,0.2727272727272727,0.2727272727272727,0.2727272727272727,0.2727272727272727,0.2727272727272727,0.2727272727272727,0.2727272727272727,0.2727272727272727,0.0,35.0,0.0,0.0,0.0,0.0,0.0,0.0,0.0,0.0,0.0,0.0,0.0,0.0,0.0,0.0
W0025,1,0.8829235372251085,0.7316663602082503,1.4442746587738615,1.0059203081004413,2.0811194315428345,1.3679996972160544,1.665341932430577,0.7560398478029141,1.2447906840075251,1.4211251819039,0.8946157211646999,0.0,0.8195736678080232,1.4823645079903218,2.00916521496897,1.737697324824428,2.6088863473659734,2.1801930095684767,1.2633207436651883,1.778547210499766,0.4137244822894791,0.2530736353948762,0.230300841323102,0.5593784807167144,2.1941857165376493,1.807344528526206,0.8224473241134804
W0025,2,1.292021423277944,1.0559514332093631,2.2281176713128854,0.9632332389301632,1.964190488314364,1.4140415660083383,1.546963349105985,0.9092701967347252,0.9973252403954442,1.0760372426652274,1.1591213601496115,0.0,0.1485314170678872,1.2379117882869304,0.9700342687834242,0.8011894653540432,2.158858457393641,1.1171288185873711,0.857258279137979,0.8755430991880249,0.4140693585386156,0.2141117451417188,0.4986169168204855,0.3303663509785597,2.984310533219888,2.768669776362485,2.0465250869983445
W0025,3,1.3448356612848538,0.8866752331633256,2.045618672091444,0.7344919711113429,1.626454686491388,1.069505467310783,1.2124012541777611,0.6456682674111159,1.1344752626590042,0.9520711427065428,0.9883449757773384,0.0,0.0530992948779453,0.7728328808786017,0.2924401078516404,0.3625549944550509,1.1525849482603845,0.4081918120471145,0.5590095561358401,0.4786576153412565,0.3324387251708303,0.1391617421293409,0.4475689771475528,0.1927083086817859,3.5995510835249327,2.8407287544997883,2.2517734092691715
W0025,4,0.9436784687023836,0.9190920967768684,1.6615582086147362,0.5888972492562318,0.9147460684880836,0.7600500255808492,0.8561901153127494,0.4626200481212166,0.923545376588104,0.6764759572226916,0.9225143762859024,0.0,-0.0075613583807052,0.4903012179820982,0.063772924114894,0.1671319765304404,0.882870074107059,0.2655152112838779,0.2997442910081517,0.3385472394951117,0.2481398968312704,0.1670605029291449,0.2418809015105964,0.131468300813068,3.886834990933525,3.330190546895942,2.447317031324438
W0025,5,0.8531257659333443,0.5900760407803423,1.4706419575836158,0.2453580577121434,0.6770941480366106,0.5275337425900258,0.5333428839865506,0.3830188629406206,0.7475177029015768,0.5660824784485218,0.819267165962381,0.0,0.070883289064443,0.3314891645442031,0.1149340259437421,0.1540671709818578,0.5891727735592899,0.1712678453648988,0.1807794773280717,0.1311274726005818,0.1212951392365461,0.1018996645754129,0.3022481600098796,0.0931241403297657,3.704431079429209,2.648498127250069,2.708146139903614
W0025,6,0.6618124484349285,0.4251022885750233,1.1597311959307262,0.2454542806974544,0.6182609037333424,0.4363382618917132,0.425092307777649,0.2753504288548992,0.7076866282186332,0.4126890262748003,0.6392561178492207,0.0,-0.0266537140113405,0.3828062281796955,0.2266585002622939,0.1140915765719634,0.5687648513103679,0.14993398880946,0.2228156759493441,0.0879272149395863,0.1500590551799207,0.1486713721376671,0.1637281632333305,0.0455019563258218,4.0159122054879,2.6187830220669968,3.1021262224935224
W0031,0,0.0,0.75,0.0,0.0,0.0,0.75,0.0,0.75,0.75,0.0,0.0,0.0,35.0,0.0,0.0,0.0,0.0,0.0,0.0,0.0,0.0,0.0,0.0,0.0,0.0,0.0,0.0
W0031,1,0.0,2.393698178933764,0.0,0.0,0.0,4.42442138186559,0.0,2.4264312882885424,3.5696050036033062,0.0,0.0,0.0,1.2024005425109616,0.9295575178421634,0.9045562657292406,1.6830093130709698,3.8928891649309367,3.571425184500925,1.10972061369519,1.2310986178831949,0.2005007068808401,0.3191532497695579,0.3935229011944162,1.921498385747867,2.2357051339399363,3.217972500428349,0.8658487103342466
W0031,2,0.0,2.3173346303589715,0.0,0.0,0.0,3.568181194272018,0.0,2.5681452544425234,4.103514348312308,0.0,0.0,0.0,0.0979937134438014,0.6692126710789381,0.4721070606161161,0.7490060542423409,3.426371797528633,1.7135863379702287,0.8637009244446693,0.3843010574580816,0.1801279926723262,0.2834418831289614,0.3630388636710506,1.3237489034365968,2.480425926108545,3.689315944898561,1.387584281355342
W0031,3,0.0,2.0101753335895927,0.0,0.0,0.0,2.9364260705721383,0.0,1.7425871162281086,3.753729515082189,0.0,0.0,0.0,0.0615301392115674,0.6391631811720025,0.2116323268131251,0.4448948956709004,3.049505385533428,0.8126072702368279,0.460630030515171,0.2404648260930668,0.1409614653381048,0.2436981684560371,0.319408059618931,0.6792506046574418,3.6672273605443846,3.2047364401490315,1.6047587529862837
W0031,4,0.0,1.6821072327968047,0.0,0.0,0.0,2.5282416642902468,0.0,1.5090285986335767,3.146198146947748,0.0,0.0,0.0,-0.0096610986240082,0.4334052105032961,0.1647172429827809,0.2202009474151704,2.7570037065382658,0.5665976100985465,0.3166201965937841,0.1119729258429362,0.0502240342478324,0.0498744499092337,0.2478214746056415,0.5557658323424247,4.25674248295149,3.2599275023641066,1.7116936457734386
W0031,5,0.0,1.139133137750324,0.0,0.0,0.0,1.8353680619453416,0.0,1.0786438908372302,2.0482597785722483,0.0,0.0,0.0,-0.0600646605339405,0.4134000156589477,0.0548471410395202,0.1529188401038567,2.7301272269786225,0.5068566026511941,0.3085464558209201,0.0460174178260778,0.0046331964814189,0.0772548497965043,0.0934818283024593,0.3610889666311074,4.236310092649276,3.170070051162876,1.8946783726633785
W0031,6,0.0,0.9064190346032888,0.0,0.0,0.0,1.3144691964199038,0.0,0.8878958591724159,1.7233378328929634,0.0,0.0,0.0,0.0277693402635587,0.3475426542826457,0.1276056800500057,0.0936353507966701,2.438222514891589,0.4056023300504948,0.1590227200473936,-0.0185034799400152,0.0023029430162219,0.1525530259313349,0.0809801200019943,0.2911823090378203,4.6806739537603095,2.6211866130010595,2.0184129698089555
W0064,0,0.4285714285714285,0.4285714285714285,0.0,0.0,0.4285714285714285,0.4285714285714285,0.0,0.4285714285714285,0.4285714285714285,0.4285714285714285,0.0,0.0,35.0,0.0,0.0,0.0,0.0,0.0,0.0,0.0,0.0,0.0,0.0,0.0,0.0,0.0,0.0
W0064,1,1.0072034390722076,1.4464041024467138,0.0,0.0,3.46603497435252,2.1994411966097123,0.0,1.6428274649309942,1.788867490899935,1.710031045203944,0.0,0.0,0.7659515305563709,2.612323790053137,2.44816641143427,2.6085909181014637,2.2838563938366536,1.8392731378047549,1.1747646101578544,1.1819771234216097,0.0936847421053182,0.2650575215787269,0.4864765593504206,0.6011335254864061,2.8261490870851604,1.9229686771093373,1.0109912784644584
W0064,2,1.506923190016772,1.4573481836842883,0.0,0.0,2.953202327542962,2.041607046636035,0.0,1.314434599318377,1.48284239291928,1.8215231177891185,0.0,0.0,0.0332740051580555,1.9032974804421647,0.8020778440034213,2.108689165770896,1.7755930417378636,0.6039467652535487,1.4766898100756427,0.5295168664971056,0.0958560200211381,0.2142491514141015,0.4136401607949799,0.2793326171616044,3.732553738504559,2.5323543760144807,1.8631553259888716
W0064,3,1.5735442230110677,1.5156546313596282,0.0,0.0,1.911910051048174,1.3796013831949243,0.0,0.9852309204515044,2.3071296644724164,1.1854090388631853,0.0,0.0,0.042880721114834,1.2807823566600862,0.3296381209782061,1.2468211085925245,1.884619087523577,0.348824796734665,0.9162873787279168,0.1447123817179487,0.1137976725218831,0.0905435619769162,0.3154391232997701,0.2068633451539051,4.1882375050820375,2.820590599118365,2.5110694442651544
W0064,4,1.3248259696147835,1.200302451136535,0.0,0.0,1.5518868738516762,1.179817772155599,0.0,0.9970860776674498,1.6409752108756253,0.7566510000229063,0.0,0.0,0.1150222285734707,0.9118971578815964,0.1586580539844705,0.7663715321807879,1.9587024981867536,0.1750717936756899,0.7955524341115021,0.1811960551936956,0.0448098197511832,0.0509352660492576,0.3139217038198969,0.1232216617495811,3.88039778334205,2.5347201531908303,2.4448136566069243
W0064,5,1.14382406770962,0.8776557275798147,0.0,0.0,1.071179980711868,0.8193345938411032,0.0,0.6707093048422669,1.3925265417217607,0.650784802123663,0.0,0.0,0.0925776204811247,0.6654041280042436,0.1172035243734325,0.5888242133483773,1.4349763944773877,0.1198601163185594,0.6796443292448645,0.1451604080238968,0.1049634128472262,0.1013701933950803,0.2314911090890807,0.1302204131399209,4.489749125164701,3.191402370575598,1.8843266268090777
W0064,6,0.730106084559601,0.8690135114970124,0.0,0.0,0.9062366135894276,0.6858268373245935,0.0,0.4593116137332815,1.03137570424774,0.4194068606500366,0.0,0.0,0.0472107445424648,0.6362728613588388,0.1576871738714064,0.4736688490794644,1.1747615474958242,0.1423319835030669,0.5371010018483234,0.1556854853004529,0.069264167495255,0.05723744776733,0.258352816186826,0.2314137466284872,4.880881028841757,2.6970795288382146,2.481138160329378
W0065,0,0.0,0.5,0.0,0.5,0.5,0.0,0.0,0.0,0.5,0.5,0.0,0.5,35.0,0.0,0.0,0.0,0.0,0.0,0.0,0.0,0.0,0.0,0.0,0.0,0.0,0.0,0.0
W0065,1,0.0,1.5835160303413405,0.0,1.9137034805518411,4.036010981133567,0.0,0.0,0.0,2.221578953263419,2.8090153003557177,0.0,0.9701419786983534,0.7835882592228574,2.573350343419498,4.202401689384722,2.077943055840918,1.892013124141692,2.880997108171885,1.0742900368489328,0.7575613609722165,0.0336444279409262,0.2231961198757208,0.3085947332494141,0.1860894221688098,2.276639775293044,1.839475167495203,0.9551670681799868
W0065,2,0.0,2.0731158907150387,0.0,1.3886185859756304,2.515278028469257,0.0,0.0,0.0,2.5376920377170573,2.323359049573976,0.0,0.8780841710865512,0.1220809585123825,2.016208357017191,1.4214757777699,1.0610502150291068,2.302159837341077,1.1480336155520308,1.1002464370005829,0.3083576416421215,0.0171679216547467,0.1429636235192142,0.565128860876263,0.1503860522060234,3.602363290008922,2.5259328685525504,1.3353307651253687
W0065,3,0.0,1.9914049255410984,0.0,1.2220110475215136,2.4146924838545,0.0,0.0,0.0,2.5179674584959897,2.1098191113877798,0.0,0.9669995355466846,0.1567234993300351,1.6260514340926029,0.8846336899063172,0.536304233287266,2.5569548187509605,0.7977509135636182,0.872842885557444,0.1714854888729584,0.0473602622237008,0.2373234988629506,0.5661523513376041,0.1188438288123787,3.93569345834832,2.3089456609020886,1.4770748327256509
W0065,4,0.0,1.7126525985838237,0.0,0.9162863810540728,1.4604678622050309,0.0,0.0,0.0,2.081093191838082,1.30082852047634,0.0,0.853831365436637,-0.0257171082075414,1.4665034556358283,0.4327829382098425,0.420255507774121,2.1027325596162227,0.4887611379500285,0.6454795979401503,0.1753367385620859,0.0452688080597173,0.1626087780431498,0.574305893060824,0.1008771563398447,4.247453034424561,1.8601852283639189,1.59304620567179
W0065,5,0.0,1.6506044559291355,0.0,0.6546146406039434,1.077438394037295,0.0,0.0,0.0,1.8294705569784964,1.1770453338927251,0.0,0.680370960691691,-0.0008905707627772,0.898205261699677,0.3327789775433289,0.1355510217568166,2.8054069395851164,0.380392362808313,0.4996183349385013,0.1085842669525746,0.1101161683771776,0.131354888894968,0.5284787432506669,0.0170979346539759,4.539159243704852,2.438594781037513,2.081572487129862
W0065,6,0.0,1.33809738228757,0.0,0.4313485799408493,1.0818653150113136,0.0,0.0,0.0,1.347920061133864,0.7107193013918819,0.0,0.3610741727586865,0.0455019312816928,0.7650444151616991,0.1937493279934916,0.145361564966814,2.445599748523395,0.3097599957657,0.3107321650267973,-0.0163560021491399,0.1348978676432373,0.0702103184048843,0.3868301616552704,0.0867411448899332,4.625700981681796,2.297354822868209,2.0714768950916898
W0082,0,0.0,0.0,0.0,0.0,0.0,0.5,0.5,0.5,0.5,0.5,0.0,0.5,35.0,0.0,0.0,0.0,0.0,0.0,0.0,0.0,0.0,0.0,0.0,0.0,0.0,0.0,0.0
W0082,1,0.0,0.0,0.0,0.0,0.0,2.049444070662404,2.750057135737352,1.4882747461373818,2.065668155268241,1.9170670017349571,0.0,0.8614013020296347,0.7110425711603947,0.8016146716058293,3.831477282333619,1.1525639549729665,3.0702081419865688,2.5281265929647736,1.3261096955029548,2.8957827995194543,0.1092523085334489,0.1973623201601554,0.2064479214816711,1.261773926566621,1.1174113784015631,2.00812481101834,0.8706782020034647
W0082,2,0.0,0.0,0.0,0.0,0.0,1.8867939908554323,2.89009214872835,1.4667695619863357,2.744266908973184,2.3402332703897604,0.0,0.9911255262041634,0.0260141958917064,0.9889223943574912,1.8055210902807295,1.1547889298064986,4.00299307203187,1.10950006257661,0.9112453262917068,1.421511493850593,0.234730533678355,0.2289401410653802,0.1786442261975147,0.5730779541252897,1.8547935399952211,2.44672968502366,1.5043612150842054
W0082,3,0.0,0.0,0.0,0.0,0.0,1.534817939065951,1.77055418627755,1.1901653104819705,3.383084410800441,1.8674063460483268,0.0,0.8533184945816698,-0.0024358927123588,1.0356331416711475,1.029420849936183,0.8215651285893785,4.199235642606236,0.6003389347390473,0.6465133749937784,0.9507002522026832,0.0944081665541764,0.1066901174082912,0.1847910267629111,0.5201699363297626,2.328787737817078,2.867369798091125,2.0466502521715864
W0082,4,0.0,0.0,0.0,0.0,0.0,1.0536095969261854,1.2487131009213872,0.887142566029793,1.927120373102432,1.358995473932159,0.0,0.7052509532342035,-0.0418385641547039,0.9095396126256214,0.6540727846753529,0.472412008415807,3.745865559180513,0.4321020866912772,0.5025434024875285,0.4141922340443087,0.1563701433377913,0.1105686642744992,0.1598618082366791,0.2829466221475099,2.205665249975636,2.392424393120425,2.343123434639822
W0082,5,0.0,0.0,0.0,0.0,0.0,0.9089546827116842,1.1075937753215015,0.8218478428729346,2.263320978707541,1.1587125252850006,0.0,0.7193509576092978,0.0965138402821431,0.932306570262548,0.3988942754916664,0.3416044134951169,3.309167802341188,0.2997650994836772,0.2427812446905182,0.1974475999605069,0.1019256221138833,0.02505999743633,0.1805246370571955,0.3058750730039349,3.214018053531955,3.0474437262894787,2.375014883827369
W0082,6,0.0,0.0,0.0,0.0,0.0,0.6783757032872918,0.7555159489966211,0.5818436992765154,2.0317371431851847,0.7139009599844176,0.0,0.5275783192431749,0.0236263529725392,0.8069047619784401,0.3303380138775801,0.2294978126894809,2.8128135156429703,0.1979294752181978,0.2920322375060293,0.2407358565469224,0.1609852110096599,0.0354648722617439,0.1129101211901699,0.3031287276200817,2.932817264366589,3.2767126560813384,2.3385426077283733
W0087,0,0.0,0.6,0.0,0.0,0.0,0.6,0.0,0.0,0.0,0.6,0.6,0.6,35.0,0.0,0.0,0.0,0.0,0.0,0.0,0.0,0.0,0.0,0.0,0.0,0.0,0.0,0.0
W0087,1,0.0,2.216373971163293,0.0,0.0,0.0,4.373047161075765,0.0,0.0,0.0,3.2995974563131765,2.912720879433764,1.1064811371866128,0.9546445890001248,1.2524868789330317,5.0611232350244615,2.008468806258021,2.783355133883353,1.816434663257636,1.57069569689435,0.9587333866947064,0.4627921865461726,0.1704509426748193,0.5252382296330478,1.632162279274046,1.2329331255515756,1.3485306526521763,0.5694168478051232
W0087,2,0.0,3.0427064918882585,0.0,0.0,0.0,3.406001253351821,0.0,0.0,0.0,2.476742587496946,2.894066237816613,1.342471165510965,0.1458284140730936,1.3627016509282572,2.35130303353761,1.0823684150805986,2.4545109739993163,1.2904216211139432,1.2924540504436104,0.4048981847927895,0.3481071505199277,0.1615651048189287,0.392903463716941,1.1583653671793508,1.8230451734423687,1.908218509920308,1.343115722805332
W0087,3,0.0,3.532332218894023,0.0,0.0,0.0,2.2988486788642173,0.0,0.0,0.0,2.2978021800646724,3.1979065349987525,1.0466312986930144,0.098944018632681,1.0422109958980148,1.2406457774361546,0.5464080263477608,2.124729461381085,0.9539394455313048,1.0493914023873134,0.1789698555466867,0.3055611956613513,0.100942108205102,0.4440189305151738,0.7165314909890563,2.1085868559202816,2.115500086986618,1.798892962864154
W0087,4,0.0,2.6721431311387254,0.0,0.0,0.0,2.0945340842022566,0.0,0.0,0.0,1.6619396722048074,2.574278745845921,0.9877339680801436,0.132049716341219,1.098376785692608,0.6490510731523906,0.3674050718092412,1.9307242806184093,0.6934519319839398,0.7127270857705228,0.1019258731054305,0.3500095467190138,0.0827029474974545,0.2222529426622865,0.3751831091133832,2.292978902234725,1.8281051628365648,1.4638136911007356
W0087,5,0.0,2.24554849256823,0.0,0.0,0.0,1.3598753242269928,0.0,0.0,0.0,1.458888241836593,2.935934780634277,1.0854519991839409,0.0687630819851403,0.5864413171404321,0.420733743487114,0.1593286192922391,1.652212907870405,0.4129571531674136,0.5760128035961559,0.0948403646802205,0.2210382234721356,0.0353285228780997,0.1909567911543007,0.3436200744557741,2.2934243376259187,2.180668948602209,1.9795122471499575
W0087,6,0.0,1.825110173180526,0.0,0.0,0.0,1.1422800286750976,0.0,0.0,0.0,1.0788330584533024,2.1439681456345383,0.7385096661066555,0.0306102052884363,0.6789694791653696,0.337575486248489,0.1346101007741063,1.366207409320261,0.4499128213646064,0.3869906155794783,0.0290673486961511,0.2350317577587833,0.0939643466484528,0.2266935856278295,0.1855492708790061,2.4032058649992547,1.6667040002332731,2.1216706970931423
W0093,0,0.5,0.5,0.0,0.5,0.0,0.0,0.5,0.0,0.0,0.5,0.0,0.5,35.0,0.0,0.0,0.0,0.0,0.0,0.0,0.0,0.0,0.0,0.0,0.0,0.0,0.0,0.0
W0093,1,1.773452061916355,1.9155429012580687,0.0,2.034197277565186,0.0,0.0,3.899116828754479,0.0,0.0,3.3784855055411587,0.0,0.8540376219327238,1.4381816008198227,1.7693613782959452,2.981610825689247,0.3833997512760832,2.835267348987735,2.3037025270119087,1.270487366483018,2.9823479196132188,0.2743033098568437,0.1589260241362854,0.3093179437403411,0.4061011101421578,1.6756239544046274,0.965704643588479,1.6485459767796815
W0093,2,2.7681708855028626,2.1411216345864617,0.0,1.7786851178444354,0.0,0.0,3.3545264397525254,0.0,0.0,3.047427099549136,0.0,0.9044848412616364,0.1459056677794927,1.262970304347327,0.640231193894043,0.5849415105925317,3.2896510387803604,0.6676856104240527,1.5294159104984604,0.6906076324937608,0.4673700545264332,0.1798823460302487,0.2812841426791094,0.4576867175804985,2.6286971208191514,1.509212518124357,2.8464176769329512
W0093,3,2.3321849633800045,1.5889018893546885,0.0,1.181905911732223,0.0,0.0,2.108113424407692,0.0,0.0,1.6086982036944422,0.0,0.6410653422887748,0.1701419769981327,0.7986453443371206,0.1643464549167825,0.585731859925955,2.226093745673261,0.2280001792042165,1.2942950517034555,0.2346349581987098,0.2985731384890034,0.1585015171075452,0.1216778581625079,0.5408837837258896,2.394659185413666,1.883004972164661,2.845248179847882
W0093,4,2.1332829438527496,1.4573369613794431,0.0,1.0894838235660915,0.0,0.0,2.173514026873879,0.0,0.0,1.5784976308633003,0.0,0.6834696777887886,0.0772038694229553,0.7217666239731892,0.1308205078533572,0.3316249577170487,2.1382850850575137,0.0964717512478601,1.141598022644554,0.2102242291332231,0.2880327271626746,0.0935916083092204,0.0566588846067261,0.5270446138456404,3.0392559506174988,2.019411773725082,2.7530481219390928
W0093,5,1.6597969566142976,1.1493824652959708,0.0,0.6354716185989223,0.0,0.0,1.2713527988046898,0.0,0.0,1.3734298834641228,0.0,0.4274227380528197,0.0947176421772852,0.5769569899610953,0.1215623199865187,0.347104116171362,1.2671703384430133,0.068653613325054,0.8506487252479913,0.1067097170595174,0.2863709028768769,0.1213427512821451,0.1872256224684545,0.5358693986106193,3.0526724236722824,1.7530783483032433,3.916995568956976
W0093,6,1.635738701882415,0.9015139863438242,0.0,0.5871102201912616,0.0,0.0,1.1597794297099566,0.0,0.0,1.0430291393355977,0.0,0.4357315955036929,0.0765134144616443,0.5625089391662124,0.0988774989378663,0.3142952577241304,1.1641996793705076,0.0919165102409889,0.7339552476983725,0.1576832982717389,0.2217677818739384,0.1424027170064049,0.0808941213704052,0.5385333409054189,3.035776429623512,1.83972331528615,3.363598992560146
W0107,0,0.0,0.0,0.6,0.6,0.6,0.6,0.0,0.0,0.0,0.6,0.0,0.0,35.0,0.0,0.0,0.0,0.0,0.0,0.0,0.0,0.0,0.0,0.0,0.0,0.0,0.0,0.0
W0107,1,0.0,0.0,2.691815253180911,1.833584377605182,4.021914929085134,2.9676010255940954,0.0,0.0,0.0,2.5632954519543585,0.0,0.0,0.4955605040148035,1.5599406196555023,4.248274576220117,1.9968812600948285,2.533095987751578,3.280658223782919,1.1402795843263245,1.3098559473994016,0.3457231636262945,0.176733952263986,0.2228891359066178,0.5612459195374231,2.486214935887453,0.9672951716804148,0.8589464763971877
W0107,2,0.0,0.0,4.8152317985979325,1.6085107378920307,3.2481343898091435,2.1605238524738475,0.0,0.0,0.0,2.473350484522106,0.0,0.0,0.1805078941761253,1.06002203662205,3.453306353409181,0.6278285683164475,1.5681645457249738,1.576714373278118,0.7695450311304872,1.351498952179017,0.2883167480598375,0.1698819094089043,0.4075830770152431,0.2607560591265597,3.2020656004138224,1.5365382713849478,1.1787086305874763
W0107,3,0.0,0.0,3.964243678137127,1.2117514473090332,2.2159227860901964,1.2788609527099917,0.0,0.0,0.0,1.9447002115357976,0.0,0.0,0.1257838916670543,0.5766731106455507,1.7698288138621698,0.1540428917275925,1.4711628510247614,0.8514434845607524,0.528875652648833,1.002084396788283,0.3394975436663238,0.0601910260866499,0.3782284793368121,0.3103263051547961,3.2307903288900874,2.0772279319229736,1.6207953172452776
W0107,4,0.0,0.0,4.8733449899093495,0.9339364236604752,2.0249287746035822,1.5231361146704736,0.0,0.0,0.0,1.4497425768161971,0.0,0.0,0.0815757639174121,0.3617244504751823,1.0701792592843338,0.1333034193499069,0.9140312804822168,0.3475519937976945,0.4339854773320268,0.6572030208148159,0.2850011908780143,0.1308523870863339,0.3058539439846396,0.1632188919224061,3.029462568782264,2.2774192472973183,1.7618024590590229
W0107,5,0.0,0.0,3.628937532480427,0.7224164210204134,1.554600645871247,0.7077751438280571,0.0,0.0,0.0,1.1562007785106627,0.0,0.0,0.0426326701331972,0.2779645887493653,0.5393024908178683,0.0950903785333694,0.4791782180986907,0.4289987962489386,0.2143589545687164,0.5414619504625594,0.1782941195921191,0.1403948174863485,0.3937200146070942,0.2004899445933352,2.795653913121772,2.361550249476973,1.8489875807853011
W0107,6,0.0,0.0,2.873045489595002,0.5612175863783591,1.2180838801062095,0.7884755731867621,0.0,0.0,0.0,0.7823491805740922,0.0,0.0,-0.0157038872401865,0.159949127124991,0.4186708312128738,0.103285228869831,0.4536201680521259,0.3654849050472604,0.2924627893750099,0.4587643566727302,0.144910588454704,0.0823241358951343,0.3470851118269086,0.1544945799585824,3.2556472454442997,2.180338302430365,1.696792343669217
W0117,0,0.5,0.0,0.5,0.0,0.5,0.5,0.0,0.5,0.0,0.0,0.5,0.0,35.0,0.0,0.0,0.0,0.0,0.0,0.0,0.0,0.0,0.0,0.0,0.0,0.0,0.0,0.0
W0117,1,1.0792941625385577,0.0,2.4643095005537514,0.0,3.350002836300185,2.737840550365556,0.0,1.502706623995427,0.0,0.0,1.7952245118631625,0.0,0.6725038523554914,2.016966152837555,1.5711394305348936,2.4792771587063305,1.85588409830726,1.7762905808701208,1.2100976774165746,1.9594850896839475,0.4225744609272704,0.3007937668666558,0.2703096469364015,0.4981714637990561,3.1635620353779177,1.470805975126236,0.9337563866980272
W0117,2,1.5859665328006385,0.0,3.830688175631708,0.0,3.0229540849762127,2.2926437893232183,0.0,1.316014725781369,0.0,0.0,2.009053147498554,0.0,0.1761212337663123,1.2692757321276018,0.7091274055965899,0.7348575489088462,1.1880884309267197,0.94337839890459,0.8915504629575446,1.5031729564342102,0.2352451596956697,0.1595409589969844,0.2843965013584409,0.1954476338013482,3.439943859648991,2.1051334167330498,2.1353576229846727
W0117,3,1.673315914872754,0.0,3.305944325195227,0.0,2.1864118101987704,1.813207155317876,0.0,1.1078287560075832,0.0,0.0,1.8714006883667649,0.0,0.086361038070378,0.6843493401421614,0.3424372826076622,0.2007261331119097,0.7406422278300335,0.4862063402462013,0.3957480060755224,0.8575615887978175,0.1494673518097621,0.1368444699332742,0.2922503817109723,0.2140112109884705,3.3993734511416,2.8224898200017545,2.899634419694086
W0117,4,1.478723722826353,0.0,3.0072760110429817,0.0,1.9665862315626816,1.6737890996426137,0.0,0.937847558354784,0.0,0.0,1.7989056378858324,0.0,-0.0414793422942394,0.3828580116549354,0.2011150940671583,0.1586368378166048,0.4386773976017815,0.2726320657798787,0.2262037351359666,0.3029280437038365,0.1491293959019705,0.06691338967319,0.332074182266367,0.1287115715718075,3.604630685068436,2.529522988803929,3.009156203891136
W0117,5,1.2068843043829662,0.0,1.9584834445856736,0.0,1.5786277976231646,1.1024743315309884,0.0,0.6763880973444788,0.0,0.0,0.964333382292462,0.0,0.1040172282072565,0.2122916957024289,0.1262419078770906,0.0633823111842296,0.2627451506220347,0.0982720556741573,0.1745950458660044,0.1804847952305772,0.0636181168517478,0.0075594174858774,0.1967073117949135,0.0748447355858605,3.6208251283602912,3.753811509463048,3.336615946721732
W0117,6,0.6656674727994378,0.0,1.920220226999752,0.0,1.1490199576800657,0.6693461178774341,0.0,0.5563418327190315,0.0,0.0,0.9361380603987768,0.0,0.0256735367546848,0.1560582842727901,0.0402743979826946,0.111956463287803,0.2305451971395324,0.1397457954345198,0.0438791129874107,0.1560428918293201,0.0448106843224323,-0.0415566596740784,0.2247796030861734,0.0407664693305736,4.099509641143088,3.178806862462889,3.569348220950656
W0128,0,0.4285714285714285,0.4285714285714285,0.0,0.0,0.0,0.0,0.0,0.4285714285714285,0.4285714285714285,0.4285714285714285,0.4285714285714285,0.4285714285714285,35.0,0.0,0.0,0.0,0.0,0.0,0.0,0.0,0.0,0.0,0.0,0.0,0.0,0.0,0.0
W0128,1,1.6010013611248464,1.6739669294540844,0.0,0.0,0.0,0.0,0.0,1.8418429126783784,1.9954933143863276,3.4112216784562297,2.3038988563135883,0.8046484090263603,2.1469508379615774,1.715633477996375,3.605459578427399,1.1782536903876766,2.0213716740949423,1.7838861391725762,1.3568393293464045,0.9563984925985836,0.6607234029365581,0.3084187711360769,0.359900591182382,0.3039444358413802,1.9962607429357015,2.4910786864891765,1.2534542456333966
W0128,2,2.030239500254944,1.5926500704387627,0.0,0.0,0.0,0.0,0.0,1.5023499758308347,2.5681559482936342,2.408458923064919,2.341355153515605,0.8991975007857097,0.1758867150716756,1.186169358968905,0.9349030985119736,0.927309816041681,2.046743658925465,0.6112916367207398,0.9633879330955376,0.3425599638217685,0.496261074574451,0.3646076513541891,0.545929221694607,0.2556465451017238,2.761138526134109,3.2315909123481124,2.45074263929409
W0128,3,1.7870469953628,1.5724644599895314,0.0,0.0,0.0,0.0,0.0,1.1705544023402097,2.1950656388502163,2.1333293208737234,2.514674681549912,0.8274141808158731,0.0926878808740041,0.5927355906165283,0.4094476252765375,0.2748023843099154,1.276160283581856,0.2905752481242539,0.4381035421753548,0.10466433319989,0.493027238216237,0.2647132667208762,0.3766911547650776,0.168438851905751,2.836101845231259,3.36155107963844,2.829852263727904
W0128,4,1.2567228537283857,1.268018084747926,0.0,0.0,0.0,0.0,0.0,1.0330274552202126,1.9989047131200912,1.5351038420989136,1.7700733610983883,0.6612436081656506,0.0730872875680179,0.4367557850388832,0.2221279524136231,0.2304747721703181,0.8173252626854475,0.1268892708117631,0.2754740439101923,0.0125837407641021,0.384692023873144,0.1473519220768918,0.4021565621757482,0.1786764946469899,3.77301032937552,3.197870258191509,2.714653401129389
W0128,5,1.044338047711873,1.1794843115081424,0.0,0.0,0.0,0.0,0.0,0.7898794303494728,1.611542593501857,1.1663951760717464,1.5509364397547738,0.565566826352213,0.0396715538610307,0.3124347753196366,0.1720049031951698,0.1496152143529175,0.6540769553863014,0.1310475419744375,0.1874355044838038,0.0214979239514966,0.1715086731637024,0.2182451383386814,0.1609772285147816,0.1431447854006343,3.431914351898084,2.6193166022276784,2.4693028426876515
W0128,6,0.7581329761627122,0.960774554632528,0.0,0.0,0.0,0.0,0.0,0.6601688003813144,0.9979514820148636,0.9277124320193428,1.1951649595866445,0.4617116642194341,0.034344601506426,0.236549805313324,0.1392348050820304,0.1488765346812901,0.6246839931584922,0.0732152457729912,0.2162555626029398,0.0986160536191832,0.2059898007093829,0.2070517052634556,0.1895124306274478,0.0299283556232217,3.46237346909084,3.363640062406529,3.094295226422184
W0157,0,0.0,0.3333333333333333,0.3333333333333333,0.3333333333333333,0.3333333333333333,0.3333333333333333,0.3333333333333333,0.0,0.3333333333333333,0.0,0.3333333333333333,0.3333333333333333,35.0,0.0,0.0,0.0,0.0,0.0,0.0,0.0,0.0,0.0,0.0,0.0,0.0,0.0,0.0
W0157,1,0.0,0.9707349824532532,1.748851932361051,1.3916394472157032,2.4832156325643027,2.014991461690685,1.6732158721339931,0.0,1.5219678989115162,0.0,1.2286474617373315,0.6254123738876454,0.737420139903493,1.4632523417533798,1.1935963181255684,1.901579556856668,3.085487518287053,3.5717924739181277,1.0494992596600805,2.4515302969377517,0.4797772981820483,0.298792615914988,0.3767003241777366,0.666730349673673,1.9559122821410213,2.2224827760621846,0.7218208115811982
W0157,2,0.0,0.9842993829124224,2.426739654434562,1.052691006809077,2.5005237016999287,1.1740175680353104,1.5788902230014057,0.0,1.5940963685375775,0.0,1.6390387557589916,0.6712912540716396,0.1959797698518072,1.2286065278886795,0.7953723706672107,0.5505266512080478,2.396560670325932,1.954622073864885,0.5531746149890663,1.1832732132787576,0.3356602884655386,0.3083464882524311,0.3026034304710461,0.2727346585341135,2.572343635665676,2.9632039711451177,1.319358568058275
W0157,3,0.0,1.0236633202208536,2.5817511788204013,0.7074075350144966,1.7921674947952886,1.3155745805588823,1.1450640407156376,0.0,1.436018491882929,0.0,1.1195786888593071,0.4946448996583714,0.0895509214143109,0.9097530830547164,0.5011815122311496,0.2128240387533935,1.631829072748865,1.07655051562249,0.3174016811211035,0.7347349186904324,0.2701309524560447,0.2803440200512234,0.3754008430692148,0.2425438910279567,3.4081336056014297,3.636808714848519,1.539805111025572
W0157,4,0.0,1.0866117586843576,2.4330638109949865,0.6079717691987894,1.4048288383063383,0.9182424942352584,1.0798386915788258,0.0,1.3907736685197465,0.0,1.0205821453204529,0.448816390306643,-0.0314726105488961,0.4722215674460002,0.2493455432067569,0.1624820710660348,0.9691626667964652,0.5830988591955122,0.1727728051760518,0.4048857123113958,0.2626058705545507,0.2514811137934022,0.1594846651685348,0.0758022019238718,3.5689211945857924,3.741642685579371,2.3804805011983983
W0157,5,0.0,0.7477020801649694,1.8040148448631312,0.4345765985108707,1.0684078660580476,0.6576607803126635,0.8558459300734176,0.0,0.9930240999224464,0.0,0.9900223524927372,0.3507675063671494,0.0071125127442504,0.374989032760982,0.1222592879213244,0.1312934028713552,0.699055212485451,0.4461855928086658,0.1434570253371074,0.2105863435615575,0.1588149224287736,0.1420204893081585,0.228975087344701,0.0833425898667222,3.243343618163348,3.201084025172761,1.928552487731068
W0157,6,0.0,0.6474853807849371,1.3038727379913206,0.3403369255709835,0.8932973661052888,0.522838106631951,0.5858485532272573,0.0,0.8215283265647952,0.0,0.777592326452162,0.2625461054451417,-0.0255045984190521,0.2901929628534835,0.1597018335813335,0.0256288030461645,0.6207572105825387,0.293402827635973,0.0062218097301818,0.1633108078892919,0.1779051391752747,0.1239301239465442,0.118805514708665,0.0484662913428006,3.66806981043572,2.9060697386132786,2.331708907350956
W0184,0,1.0,0.0,0.0,0.0,1.0,0.0,0.0,0.0,1.0,0.0,0.0,0.0,35.0,0.0,0.0,0.0,0.0,0.0,0.0,0.0,0.0,0.0,0.0,0.0,0.0,0.0,0.0
W0184,1,2.039357191609701,0.0,0.0,0.0,6.85016465157811,0.0,0.0,0.0,4.057759448938057,0.0,0.0,0.0,0.6460219457349103,4.059917517559612,1.23943252703403,2.9370387573618184,1.2355020536226768,1.4904027144956178,1.2257056211600414,0.7569402389186105,-0.033060648178593,0.0740917368244912,0.3929517468104929,0.1047354582519798,2.9205242640805174,2.739805964538549,1.130290206970199
W0184,2,2.148874610820493,0.0,0.0,0.0,4.899011484500808,0.0,0.0,0.0,4.002877623189747,0.0,0.0,0.0,0.1199843021076744,3.643259242921654,0.5649329925754594,1.9783893678345457,1.238540703191619,0.5473876047515361,0.8630552750509658,0.5149092217419664,-0.032435715700335,0.0600261245234106,0.4892944318466931,0.1024000410770857,4.697797466426701,3.437429331184576,1.4729272949476226
W0184,3,1.9672673441970048,0.0,0.0,0.0,3.529852760165639,0.0,0.0,0.0,3.0404143565785517,0.0,0.0,0.0,0.0445211776383155,2.615120470469448,0.2132466717591596,1.0386788307326529,1.0920950468700152,0.2657671027133846,0.5786588711962914,0.2118645289934569,0.0066380911296161,0.0724560138146372,0.9108923799296726,0.0357611366802854,4.668114018891958,3.6461595714298345,1.9566294312596024
W0184,4,1.8294572053710807,0.0,0.0,0.0,2.3727476708845945,0.0,0.0,0.0,3.1471628596875787,0.0,0.0,0.0,0.0623980725393096,1.955529650518588,0.1099757870494817,0.7249154134677296,0.7057866341074496,0.1581904806590995,0.2671424076508788,0.1819945597466987,0.014411843390233,-0.0083175834210895,1.0951890796081027,0.1186995202707733,4.2667733780268815,4.361560665563525,2.2409640164160947
W0184,5,1.5868846098083522,0.0,0.0,0.0,1.996751893862772,0.0,0.0,0.0,2.4560742805424685,0.0,0.0,0.0,-0.0346954492566348,1.7160419390449015,0.0937750731926316,0.3927099696285774,0.6381436024713167,0.0510612074314166,0.2584741988186354,0.1458056570089309,0.0254864660756335,-0.0028891619429916,0.9942720458335548,0.1005876860808007,5.709107927899114,4.1932373399176415,2.179251163580718
W0184,6,1.1676965222815738,0.0,0.0,0.0,1.385282300902298,0.0,0.0,0.0,2.1768996006144268,0.0,0.0,0.0,0.0226476899626857,1.4832516306069132,-0.0032366301305286,0.2032233591936907,0.5128941412871413,0.1720740921826815,0.2821871912055245,0.106100992530354,-0.0494838623245244,0.0515950310679633,1.3823885172396524,0.0097078887428111,4.925001234994547,5.116830798906216,2.4560263651997234
W0217,0,0.75,0.75,0.0,0.0,0.0,0.0,0.0,0.75,0.0,0.0,0.75,0.0,35.0,0.0,0.0,0.0,0.0,0.0,0.0,0.0,0.0,0.0,0.0,0.0,0.0,0.0,0.0
W0217,1,2.027274815754516,2.6085002144406864,0.0,0.0,0.0,0.0,0.0,3.053630307993873,0.0,0.0,4.876535947465275,0.0,3.2816321717514088,1.766924877918412,1.2052482533153095,2.34531200211164,2.440097358256873,0.9825428407512328,1.3648306468142966,1.566785236601565,1.8871638319191035,0.222845121459976,0.3300220007362465,0.2142036274850409,2.4402055176112145,2.2917756280990957,1.3457850316529143
W0217,2,2.8776804237829032,3.064308921097098,0.0,0.0,0.0,0.0,0.0,3.302531251379604,0.0,0.0,5.414853149625246,0.0,0.2928232289300057,0.7821014404630943,0.4962601608046555,1.0665263590526557,1.86034537288443,0.6396168973546221,1.2509167236159673,0.4289623554198619,1.704287590520206,0.4446884418022827,0.4552038055633308,0.1998272512771052,2.763052832807498,2.2967051330746537,1.911485204007224
W0217,3,2.527194584420719,2.7043464024301214,0.0,0.0,0.0,0.0,0.0,3.269716896128437,0.0,0.0,4.936372229235079,0.0,0.0715179432544169,0.461846363304084,0.2918161957964755,0.5243651644942106,1.190252176451492,0.3772471718190841,0.8591812002520974,0.070246724999568,2.216778413460875,0.3505804992104975,0.4465228920053358,0.178308524375792,3.3123876281957085,2.581321339437552,2.6256108406909933
W0217,4,1.4390684987907738,1.7123523406713708,0.0,0.0,0.0,0.0,0.0,2.199951775466298,0.0,0.0,3.502641180994653,0.0,0.0360016427495681,0.426521009960266,0.2152077198489749,0.2805354015220233,0.5880523973756927,0.1882054066540237,0.5404105017543156,0.0686711796619967,1.779974031937299,0.30759369357036,0.3830189982997778,0.0752180285230168,2.6918369368267627,2.328479225428902,2.7056328440497253
W0217,5,1.2459368648303362,1.678350365293877,0.0,0.0,0.0,0.0,0.0,1.7536895646338475,0.0,0.0,3.4171199444959983,0.0,0.0982876245502115,0.1568094756461586,0.0977552594517635,0.1804676285565568,0.4543223014619887,0.1291359346062219,0.4060457753197962,0.0891020545426212,1.7582985452762916,0.3519162369496613,0.351256250118299,0.0204968786242322,3.0981910615692017,1.7909956586390368,3.087002350120552
W0217,6,1.0736985308613902,1.6093533908317608,0.0,0.0,0.0,0.0,0.0,1.1443085438376797,0.0,0.0,2.46348085875503,0.0,0.004835781426102,0.1585634478527511,0.0701033061585917,0.1410671401060901,0.2306819948162061,0.0947456495750274,0.2359645541045111,-0.0241688563966734,1.6196826167544291,0.3432683950518262,0.440197838965558,0.07394213752602,3.528574341228958,1.9416971494678288,2.8078318715655075
W0265,0,0.75,0.0,0.0,0.0,0.0,0.75,0.0,0.0,0.75,0.0,0.75,0.0,35.0,0.0,0.0,0.0,0.0,0.0,0.0,0.0,0.0,0.0,0.0,0.0,0.0,0.0,0.0
W0265,1,1.834481970414976,0.0,0.0,0.0,0.0,5.519551133250287,0.0,0.0,4.00994011071983,0.0,3.761884149674488,0.0,1.0075433188159295,1.5322228670566314,1.738806689376617,1.969136633457707,1.708656651431312,2.0867107928704645,1.489490336832094,0.8446000064085268,0.5205028268635584,0.3373952339345123,0.4433671002228945,1.4663291626617174,1.0988312995696363,2.6668932577026427,1.1644615574293553
W0265,2,2.4561088968195404,0.0,0.0,0.0,0.0,3.926655237689824,0.0,0.0,3.82289857503097,0.0,4.026760895688956,0.0,0.1117689584564651,1.4836714142848724,0.7269395178213915,1.0635132252326995,1.3080700748686809,1.146457576575845,0.6936578171427229,0.4010942353867097,0.330721644902197,0.2791105468544479,0.4940331847745465,0.4437612857180713,2.343124869126557,4.034529622059058,1.956364081238276
W0265,3,1.8181709495440053,0.0,0.0,0.0,0.0,3.218975678655543,0.0,0.0,3.5468487213279256,0.0,2.9557523781248216,0.0,0.1148695680899494,1.2566674285764368,0.388279244735578,0.4303532958055862,0.9083292927269933,0.4839501114876267,0.4354689315931703,0.1746261262133698,0.1833924271206571,0.106494221736011,0.4340096657756559,0.3406574582576228,2.909937567716171,4.523116023656,1.9793521901447808
W0265,4,1.773852449101758,0.0,0.0,0.0,0.0,2.3388758275229864,0.0,0.0,2.568076541921752,0.0,2.60423467952617,0.0,0.1129529854626238,0.9703413103788736,0.2236130157595123,0.3775739218970561,0.5211781036548584,0.2126437065655017,0.3534056561356173,0.109863391206476,0.1316800179034156,0.1211820887716783,0.3220719678572835,0.1428464612567831,2.8058943664838827,4.8480789880014825,2.969127454961241
W0265,5,1.0773754249742091,0.0,0.0,0.0,0.0,1.7690010676370007,0.0,0.0,2.286457335320469,0.0,2.437690464601125,0.0,-0.0009063011157837,0.7698984441933223,0.1937095270888205,0.152125769031526,0.3623872599931983,0.12925612290044,0.1957806682931485,0.1191785309695854,0.1691596601835631,0.13003249242581,0.2161623322542164,0.0661838951363283,2.928639113806768,3.927391797376077,2.727948021918073
W0265,6,0.9592311981582944,0.0,0.0,0.0,0.0,1.578246418411288,0.0,0.0,1.5529730569980147,0.0,1.6422635886439254,0.0,0.1359267482069819,0.5915932540276467,0.1697647569518941,0.1561879231464593,0.317977330372002,0.109783950073289,0.1939514207839903,0.0287884696306467,0.0519146860755416,0.006120895863684,0.1745855543261252,0.1266988277039488,3.32031509501858,4.899084157348837,2.5780821256030126
W0330,0,0.0,0.6,0.0,0.6,0.6,0.0,0.6,0.0,0.0,0.0,0.0,0.6,35.0,0.0,0.0,0.0,0.0,0.0,0.0,0.0,0.0,0.0,0.0,0.0,0.0,0.0,0.0
W0330,1,0.0,1.9368179092541973,0.0,2.047934031708787,4.570302536561732,0.0,3.34229058245337,0.0,0.0,0.0,0.0,0.88907165312426,0.7388204834030521,1.9804106106239336,1.1682956437024945,2.5157189725181435,3.308109249020448,3.966844453851546,1.203635437146215,2.816164630049655,0.0823256261538847,0.1641724620544242,0.1689559002623722,0.1714763089373135,2.635895821513836,0.8560225148833944,0.598405436726525
W0330,2,0.0,2.601181101143352,0.0,2.151704588311892,3.160480445402958,0.0,3.170516937990476,0.0,0.0,0.0,0.0,1.11552176862151,0.0215471749542939,1.6843852457097888,0.5988342219983702,1.766851224990991,5.09206004516416,2.4859944486253265,1.0764275406739825,1.0531958108812884,0.0722324585014063,0.1823507978769433,0.1527750142830889,0.1122236472319652,3.0381202414248425,1.559130335325998,0.9405409950855056
W0330,3,0.0,2.503894208679188,0.0,1.9524141637640025,2.2026128688362414,0.0,2.2028002672347107,0.0,0.0,0.0,0.0,1.0201542550416918,0.0025701206296199,1.1781378435079035,0.3873323127015801,1.299764600181065,3.814917687930351,2.0499680180700883,0.7897245431920802,0.486263431753697,0.0843717627757671,0.0871318608412211,0.2933028544964458,0.0621766289294274,3.1554585393568044,1.5010203802508837,1.502888741442192
W0330,4,0.0,1.813887785609108,0.0,1.0725027847767965,1.651925361720453,0.0,1.527787551284676,0.0,0.0,0.0,0.0,0.9336431832974932,-0.0561069354481731,1.0366270164942464,0.3590088844509879,0.6821718356695696,4.559943950073337,1.1733088399883558,0.7803666083389238,0.2196444017417184,0.0333819401563462,0.0103780377379826,0.1654266431651033,0.070255638070971,3.849889695041988,2.0903796770089214,1.5939183768612144
W0330,5,0.0,1.9481771815282825,0.0,1.0553685162856747,1.5164341489990656,0.0,1.341708025660122,0.0,0.0,0.0,0.0,0.7516790578178009,-0.0459106710420303,0.9484891840373416,0.2830759782250108,0.549653069902368,4.446657781925144,1.1720176733415488,0.6380558749437847,0.1970851657552497,0.0517558169434201,0.0040430510849473,0.1501657379535181,0.0364298284885223,4.491536238479652,1.8586372287702289,1.5008982363956451
W0330,6,0.0,1.685986879909975,0.0,0.7750459410654553,0.9523780871343872,0.0,1.010430080935115,0.0,0.0,0.0,0.0,0.5549456381855439,0.04460526866746,0.5558865233629717,0.2172230324404754,0.3935665591427102,4.9128813794535375,0.8515850277312376,0.4592366388954709,0.1809726152055377,0.058393177400442,0.0548024252923405,0.138078464132566,0.0504563706256493,4.260956282882711,1.805686335230538,1.92346567368046
W0366,0,0.4285714285714285,0.4285714285714285,0.4285714285714285,0.4285714285714285,0.0,0.4285714285714285,0.4285714285714285,0.4285714285714285,0.0,0.0,0.0,0.0,35.0,0.0,0.0,0.0,0.0,0.0,0.0,0.0,0.0,0.0,0.0,0.0,0.0,0.0,0.0
W0366,1,1.5268036826502431,1.457485348378384,2.186770553419339,1.6258311906273095,0.0,2.546965331401171,2.7744849298437244,1.2630530972406746,0.0,0.0,0.0,0.0,0.9911701821514068,1.0243475884440874,0.675681206224405,1.035106968402855,3.6868836607680167,3.4462156569629347,0.9820117137327986,3.000991028645444,0.3909352599012398,0.2654771556657266,0.1577726323435068,1.2985664157092256,1.9192238200524987,1.1096283057694367,1.1576330613131818
W0366,2,2.1455998690431346,1.474036396291479,2.774354873922183,1.305009331607395,0.0,1.9405937749089677,2.2202501125129253,1.4041538855633175,0.0,0.0,0.0,0.0,0.2141781599675705,0.8813899971232905,0.1952720998645961,0.6464675901970949,2.4235346739583408,1.0661915375931326,0.8846636435850438,0.98577047823557,0.6525572441462604,0.1422829422504478,0.2138039250586303,1.3277948936307955,2.33994165299717,2.6450003602638508,2.563864809280532
W0366,3,1.90031970863829,1.150765211465375,2.9380362564256672,0.9818050794616732,0.0,1.7783488517733923,2.149942543717619,0.959037746629256,0.0,0.0,0.0,0.0,0.0522580934792732,0.4166814161679899,0.0987445011921439,0.2316001010518142,1.591243853092995,0.3963633520541624,0.4666420695108863,0.4747847192176966,0.6152175904860474,0.1038902915581304,0.0878915088686619,1.5007568410915462,2.9972435180076986,2.058001846184105,3.118133862925684
W0366,4,1.737205085603321,0.929098690844938,2.537740702575187,0.890122085320351,0.0,1.4317428573173818,1.5624950216693982,0.878949087924847,0.0,0.0,0.0,0.0,-0.011611493917538,0.3096425246082723,-0.0321125266317753,0.1716634085276214,0.9225838399484256,0.2214158376016869,0.2954296504795,0.2516621994576892,0.4524232657419508,0.1486176644596065,0.2057711362479467,1.543986908462163,3.813219510137635,2.981170158490663,3.434084272872015
W0366,5,1.4297842644897791,0.8425809776490955,1.7418682147870823,0.6252772874110081,0.0,0.9042417900939396,1.2288125634057303,0.6055756641071263,0.0,0.0,0.0,0.0,0.0131286801477805,0.2555513722604721,0.1174341277129207,0.0549686890220826,0.576589074397632,0.2217097568671212,0.234942722218122,0.243083262343408,0.4211845453559844,0.0404186180957976,0.1188112345049488,1.2529937003187606,3.570360957962955,2.305500560640636,3.70181506401594
W0366,6,1.0628232254800327,0.6368277731865154,1.142715157366194,0.4046820308973329,0.0,0.9587673271782275,0.9492348049559274,0.4616187497782241,0.0,0.0,0.0,0.0,-0.0036777111162259,0.2533066227397672,-0.0223952313162489,0.0556369131169088,0.5283771956209711,0.1433325328426916,0.1300936672708756,0.2013993164919297,0.2683593356405966,0.0553914786418726,0.2061497875267248,1.3482146923359146,3.5030240689003342,2.507277901608836,3.171021867799099
W0367,0,0.5,0.0,0.0,0.0,0.5,0.0,0.0,0.5,0.5,0.5,0.5,0.0,35.0,0.0,0.0,0.0,0.0,0.0,0.0,0.0,0.0,0.0,0.0,0.0,0.0,0.0,0.0
W0367,1,1.330878259627468,0.0,0.0,0.0,3.1649355189919817,0.0,0.0,1.8090405811161892,1.984997678393556,2.3606196550524707,2.0567555272350457,0.0,0.8916162505749293,2.49461623597495,3.469239021290143,2.91740431986508,1.1918533023702325,1.3523777991348351,1.2970903483456768,0.9135968154409824,0.216587756653566,0.0836183265071485,0.2068658134104247,0.1049220417009698,2.4113397402400745,2.10482576839883,1.0208860053749798
W0367,2,1.6718824052866543,0.0,0.0,0.0,3.0318436576660472,0.0,0.0,1.559474868499694,2.502915042740593,2.6044859921644883,2.277332851408255,0.0,0.1417332719362414,2.288478123034612,1.4875800724786945,1.9382328008294003,1.3452087857273047,0.547942510119703,1.0295627648111765,0.5909933081563656,0.1084577128892351,0.1610751380422115,0.379869745797484,0.0092138738688457,3.081130461118149,3.118428707009383,1.7159346241154596
W0367,3,1.9942798282284369,0.0,0.0,0.0,1.536122583893078,0.0,0.0,1.368437112870696,2.5320966108547727,1.328986086534224,2.150745177943824,0.0,0.0718652791545338,1.702435544860988,0.788805497905178,0.8801388982037514,1.074885164274595,0.2583503068187973,0.9877115321519676,0.3260497934913012,0.1427610111202336,0.107527721070545,0.5764698129642605,0.0631391587161061,3.378652901414662,3.3350190886833837,2.172950479102696
W0367,4,1.62209717842846,0.0,0.0,0.0,1.4780488057739205,0.0,0.0,1.2699242267413922,1.9262000985676289,0.974953196584764,1.9002799424592856,0.0,0.0605631173624848,1.168270577363518,0.352694412246385,0.5555682820728882,0.8002524531837318,0.2615166264494147,0.5480274333601117,0.2292237346433897,-4.448559876538138e-05,0.1148344938257574,0.5086990491978078,0.1438197068935915,4.082239162023932,3.40578070567094,2.5279442077717635
W0367,5,1.4174045068949783,0.0,0.0,0.0,1.1660664888452583,0.0,0.0,0.9495725181187412,1.5707985196833711,0.9047461283977808,1.4545609303542752,0.0,0.0112551813037102,0.9001895264701895,0.2258753552636966,0.4765268450460284,0.5271679029078652,0.2024393847237794,0.3493149993149419,0.1136762423765029,0.0628882978655755,0.0266064988470419,0.4534005998319416,0.1973677165232701,3.457497540055092,3.229475849026019,2.8107548587336124
W0367,6,0.9776580618497402,0.0,0.0,0.0,0.977774259990252,0.0,0.0,0.7327696066249763,1.098231885098789,0.6098927433147847,1.202146627004658,0.0,-0.0047432814308161,0.7286101294632725,0.1749911674912211,0.2920932036725971,0.4247083185652269,0.1073034505455717,0.3305839698987171,0.2417336595408035,0.1256921890088191,0.0348884941541025,0.4060132742071176,0.0257444438817206,4.457074378601388,4.352796175553945,2.3607187785690105
W0434,0,0.0,0.4285714285714285,0.0,0.4285714285714285,0.4285714285714285,0.4285714285714285,0.4285714285714285,0.0,0.0,0.0,0.4285714285714285,0.4285714285714285,35.0,0.0,0.0,0.0,0.0,0.0,0.0,0.0,0.0,0.0,0.0,0.0,0.0,0.0,0.0
W0434,1,0.0,1.101101176555395,0.0,1.4085651207588292,2.580294111880576,2.266701181305624,2.190845720965376,0.0,0.0,0.0,1.6153900558592509,0.7935059733722023,0.5755446441614015,1.8461784491595563,1.5713662848855383,2.976965600054058,2.619767048514197,3.3644886235726994,1.363228071943815,2.6904307171742112,0.1941806969101341,0.2787819112817352,0.2117914015772531,0.4006868831833743,1.99620276698115,0.8327251492212637,0.444622837219862
W0434,2,0.0,1.6856745357446266,0.0,1.1701454303007763,2.4335132997813407,1.5701749686451405,2.113633671424503,0.0,0.0,0.0,1.773006427595038,0.8061985412106537,0.10555296969777,1.4168233820737088,1.093290620240697,1.5614493696178593,3.090379490984999,2.603098291130926,0.9993528052677354,1.3722579584190313,0.1589123790221753,0.1181112854845733,0.2494804508801698,0.1305272929509316,2.876739903909725,1.6881552428027362,1.0282022400630502
W0434,3,0.0,1.6525972642532976,0.0,1.1935107045303446,1.689224130077808,1.1172067448110092,1.7323666267071705,0.0,0.0,0.0,1.680013734103924,0.8123934623545879,0.1833520043518186,1.2999070767520942,0.580364759985522,1.1841951458195028,3.1450771628742324,2.0808903093671067,0.8737568291163694,0.544768020838631,0.1534289277134426,0.0891804146586463,0.1953513824714669,0.1447462388311356,3.171620738774495,2.426969957907983,1.1280817271674823
W0434,4,0.0,1.9171071176294736,0.0,0.7923573449481743,1.2418995710728933,1.0724707888805547,1.029766932649883,0.0,0.0,0.0,2.0767948973364483,0.6791524165933851,0.1161574686318196,0.8962251703206959,0.5826729110602002,0.6070150406545468,2.0797415210661567,1.7766240988386015,0.8451473570212807,0.4461101825762543,0.1322816647905849,0.0956255679531185,0.2217322082076564,0.0993854076273603,3.319489931818633,2.3168296166800637,1.2163533928039956
W0434,5,0.0,1.590226022277876,0.0,0.653122722020915,0.9837276227278732,0.7577947448095433,1.0676790005232828,0.0,0.0,0.0,1.6039004597289608,0.5863444143368696,0.0289185801669483,0.8839673655010017,0.411353149254979,0.5258303045809508,2.045732649977744,1.3240203658006349,0.6080865222669005,0.3744126926011288,0.1078844813559149,0.0271480674353145,0.2006353175174645,0.1543791854053816,2.7706831260384948,2.2185409054655283,1.7469461175814467
W0434,6,0.0,1.4192470608043082,0.0,0.4710339227923416,0.7604165443499143,0.5258136737972673,0.8057897359955356,0.0,0.0,0.0,1.5958455255180373,0.5355404353708315,0.0031318286356046,0.9481528545667968,0.3601214222400043,0.3172086938514397,2.213587226074439,1.0567157157935274,0.4723134184572042,0.1536198052733522,0.1124665383157637,0.0317259055743963,0.086389073074562,0.1028971069719242,2.8843503478246864,2.402941364327217,1.74369726373183
W0478,0,0.0,0.0,0.0,0.5,0.5,0.5,0.5,0.0,0.5,0.0,0.5,0.0,35.0,0.0,0.0,0.0,0.0,0.0,0.0,0.0,0.0,0.0,0.0,0.0,0.0,0.0,0.0
W0478,1,0.0,0.0,0.0,1.6066307678182523,3.3772022996724544,1.9493324019960525,2.9525651942109103,0.0,1.969909848966649,0.0,1.577343529493329,0.0,0.3237608063994931,1.9188297413035424,1.6703274686478338,3.342403822848868,2.6004553480995978,3.5024446166115557,1.0617170499476436,2.8544529725588648,0.2412082306945435,0.2720915865515928,0.2593835828082349,0.4648722496731006,2.0902657004589797,1.9180285392511087,0.6550589087303434
W0478,2,0.0,0.0,0.0,1.4175708995593137,2.201864636091176,1.6865200676927976,1.9724133875874903,0.0,2.4081597464667825,0.0,1.6686483583148886,0.0,0.0651692352088863,2.0488553704930497,1.4027629053052906,1.9098490414281115,2.195269301502095,2.258337838130465,0.8496697047722115,1.4935628641514225,0.2462713227544524,0.1699955173492459,0.3743115317237435,0.1497157098925076,2.6890622379033164,2.272207482034757,0.944199678975459
W0478,3,0.0,0.0,0.0,0.9413994827265152,1.4033270476230086,1.1835112982429123,1.5265195251069468,0.0,2.9102353307574003,0.0,1.7798941062788118,0.0,0.0179182291075066,1.7798179502014486,1.0068335035504987,1.003534783914636,1.6658435312793058,1.8490843793276592,0.7658514667652154,0.9411263326102208,0.1619758957140119,0.151011807770671,0.2710604640263136,0.1106321678007654,2.624569324067448,3.051049520423226,1.3176010018864757
W0478,4,0.0,0.0,0.0,0.807739703915636,1.175012025055856,1.103427187697431,1.410574885535855,0.0,2.0028378236938504,0.0,1.8711056788270988,0.0,0.0231320921676897,1.524437557446224,0.774431567563006,0.5649933567231991,1.6927318815618229,1.14065210247206,0.4333231426030186,0.5432018136125704,0.0807493322698345,0.0600913969277385,0.310949676500398,0.0859906493452667,2.943512290487903,3.068300065032296,1.6879585997644913
W0478,5,0.0,0.0,0.0,0.6261094037227108,0.9286156431609884,0.782246859077779,0.9541412846181042,0.0,2.0571157526021984,0.0,1.406886783102261,0.0,0.0602057569263219,1.5334925797206396,0.7559337833559656,0.325149179792618,1.571306544568968,0.8802970274543768,0.2542636889115679,0.2830564985652429,0.1252157263715641,0.1732680099608816,0.2433168092905327,0.013821283004149,3.482226670072353,3.1798459207551404,1.5733986407533818
W0478,6,0.0,0.0,0.0,0.369969221472769,0.8798915299934156,0.5045128272623906,0.740088009963593,0.0,1.93132103660312,0.0,1.4373580401619683,0.0,-0.0309605315983179,1.4807238765685622,0.4661151120486627,0.2950017492035493,1.2224929316565891,0.7377197972882146,0.1500847833321646,0.2869086118933081,0.0499675732062156,0.1813526592106616,0.2296876885100034,0.0188837310533564,2.704518931526622,3.237730164608649,2.0510210876548336
W0491,0,0.75,0.0,0.75,0.0,0.0,0.75,0.0,0.75,0.0,0.0,0.0,0.0,35.0,0.0,0.0,0.0,0.0,0.0,0.0,0.0,0.0,0.0,0.0,0.0,0.0,0.0,0.0
W0491,1,2.345542926065045,0.0,4.059737145949659,0.0,0.0,4.635617948491734,0.0,2.4442774981822826,0.0,0.0,0.0,0.0,1.06086319519115,1.4857786113426688,0.7768224610407639,1.4282004146759613,2.465854003819412,2.419116339901805,1.1229253130195564,2.5914914666914384,0.5094475507113748,0.1767418284084513,0.3091110363494331,2.0946319161428377,1.8557255668136037,1.7446413861344308,1.4456506980120731
W0491,2,2.590063130242508,0.0,4.801118424119172,0.0,0.0,4.860776182482167,0.0,1.9685915514783716,0.0,0.0,0.0,0.0,0.1180514992592511,0.7114383409350357,0.1957899337542142,0.4548704612573431,1.2360658883329465,0.8747499644924077,0.7894346101109183,1.24401678556927,0.4949595322705869,-0.0088921231547354,0.2070957862768467,3.3167031979999217,2.8196870612114564,2.360159309043935,2.274861692013407
W0491,3,2.556995776316601,0.0,4.12175125285209,0.0,0.0,3.5918618606069703,0.0,1.9164612563758492,0.0,0.0,0.0,0.0,0.080025661360188,0.3754092944141088,0.1225960614152141,0.0449102140345112,0.6185138310982665,0.2757386464141045,0.3626788824910908,0.4909004715468078,0.4467123454004797,0.0682413971318033,0.2404066806184836,2.5439656669273174,2.8584353447064013,2.9222935937173875,3.4202040807406124
W0491,4,1.7794908609601898,0.0,2.9152622967863158,0.0,0.0,2.329792405172744,0.0,1.3731325768125608,0.0,0.0,0.0,0.0,0.0179638841892771,0.2002279156582783,0.0421939197625032,0.102275430583225,0.3306157132777876,0.175144576924723,0.2619676997302902,0.2191296063889637,0.2387786767691829,0.0972118306527727,0.1332706291548619,2.2449544740228515,2.928659591779794,2.659402632239927,3.870568887741796
W0491,5,1.297057374370207,0.0,2.6401146413371444,0.0,0.0,1.7296499013575968,0.0,1.1840343750926037,0.0,0.0,0.0,0.0,5.1408021280670985e-05,0.0677674285488778,0.0496843488816283,0.0138771663415687,0.2284913099677165,0.1534530352400534,0.0986219355577195,0.1433144602411978,0.0811565922324752,0.1140762873591367,0.1270514348646724,2.4611859617119247,3.042440328140015,2.950300897896621,3.3562872875113383
W0491,6,0.9585258216471668,0.0,1.759903610742402,0.0,0.0,1.4873321974671443,0.0,0.8372206608798061,0.0,0.0,0.0,0.0,0.0123885484423807,0.1097770710061416,0.019622133886791,0.0684161708312748,0.1345550284313945,0.0698677105584223,0.1022886255287499,0.0781157741243893,0.1130749598442183,0.0230215487140595,0.2078633101530244,2.0337726394732614,2.6814365965124902,3.014793165622023,3.702809923148804
W0493,0,0.4285714285714285,0.4285714285714285,0.0,0.4285714285714285,0.0,0.0,0.4285714285714285,0.0,0.0,0.4285714285714285,0.4285714285714285,0.4285714285714285,35.0,0.0,0.0,0.0,0.0,0.0,0.0,0.0,0.0,0.0,0.0,0.0,0.0,0.0,0.0
W0493,1,1.8593269114614144,1.5056023739912765,0.0,1.5129861751289373,0.0,0.0,3.4955376351796623,0.0,0.0,2.7834980898219377,2.1136555999512474,0.7392160202104341,1.2214453733924444,1.5517138954558187,2.838745648724736,0.8593527802005129,2.5776309165531344,2.9305970746751697,1.5455387256314312,2.7833124300536105,0.6816062524205605,0.1609710076715683,0.2430864278045718,0.3411216951300747,1.6554035361049118,1.4015567063636354,1.1829692942345231
W0493,2,2.101618760470006,1.914020878129169,0.0,1.7076799471776165,0.0,0.0,2.584019838823703,0.0,0.0,2.3814262990263666,2.028704033400255,0.8555225627618558,0.1777919935442386,1.363145919940119,0.8977886185077638,0.7703085209486117,2.6136831539401344,0.8320530786909534,1.548314970913541,0.5412827490277525,0.5877766687432341,0.2659995562392725,0.2892862530909556,0.3754965352482255,2.490695740328748,1.999512990901804,2.058137249966642
W0493,3,1.8873642135292088,1.7351141913504,0.0,1.0310922743824316,0.0,0.0,2.1696076614436017,0.0,0.0,2.0204691776258223,1.8594532013126253,0.7498598365188198,0.2065829559263656,1.1920243364095406,0.2534071529543791,0.5305234012755453,1.8739802816018425,0.3272447618924789,0.8960148769108088,0.242490737416225,0.5451688453562021,0.0909322844385312,0.2618151357178455,0.3410164665110601,2.647640081775832,1.98862243033004,2.401420985620154
W0493,4,2.09932060650596,1.264070234354548,0.0,0.7944318121570428,0.0,0.0,2.40923489220238,0.0,0.0,1.508140026337227,1.5927823722949397,0.6826369612563745,0.0184233990478218,0.7190396763348642,0.1984192063276168,0.3181304908210874,1.0681522609319034,0.3073204986920555,0.9279611707685484,0.1639307804785897,0.5170348422330363,0.19742318619861,0.1979325413306948,0.206777269981452,2.88321611659859,2.51554689819535,2.6757281660015453
W0493,5,1.5982757517139643,1.4058924444549734,0.0,0.5976854355912815,0.0,0.0,1.409056030253688,0.0,0.0,1.2780505267224749,1.2722099778241918,0.5818262846900885,0.0698046144788196,0.4085616137552011,0.1900900308821712,0.2685754232192615,0.9952932206997658,0.2277657812453709,0.5279125180931804,0.0845880855330055,0.4501334693125576,0.099069336825871,0.2193886497173198,0.1456092924998291,2.8363337408221647,2.481619472177017,3.489575776923935
W0493,6,1.332296266687595,0.7400363385278661,0.0,0.4877171495969971,0.0,0.0,1.0297532207404363,0.0,0.0,0.9067111290294754,1.2082345333799311,0.4376938542068357,0.0892298483379006,0.4153656850010034,0.2289119190131778,0.2236329518127775,0.650939936821031,0.1782653607157018,0.44432768221037,0.07902987620194,0.4544947451186818,0.1799238087282046,0.1329780184743943,0.1833921718427268,3.130456753917932,2.317007496837236,2.578611775956747
W0498,0,0.5,0.5,0.5,0.0,0.0,0.5,0.5,0.0,0.0,0.0,0.0,0.5,35.0,0.0,0.0,0.0,0.0,0.0,0.0,0.0,0.0,0.0,0.0,0.0,0.0,0.0,0.0
W0498,1,1.7656468737528717,1.6441631624387063,2.48855480830828,0.0,0.0,3.010895226389596,3.929253682881464,0.0,0.0,0.0,0.0,0.9176916589718777,1.015719824968932,1.0946145960791498,0.5523376391193897,1.1165832033588012,4.083381530101029,2.566574682663919,1.21897521240864,3.3089964559840443,0.4453982908903413,0.1681235478150908,0.3070043438600633,1.7977880238520736,1.388281503389679,1.6991948111949062,1.0890005047642608
W0498,2,2.200373904091524,1.4342973298145878,3.370164519877369,0.0,0.0,2.421391757788918,2.9792860944149857,0.0,0.0,0.0,0.0,0.8124746404815345,0.0761136255334433,0.806165794769478,0.278396600107441,0.5328102782710029,2.1856551716622006,0.8813546659742599,0.7436804515411087,1.0924843767583918,0.6711450700475584,0.0316689451420345,0.2796755605899298,1.466845187602126,2.2389127038224625,2.617890999653506,2.249560170922112
W0498,3,2.1191151667025063,1.467909203131155,3.036906802629435,0.0,0.0,2.069611491197265,2.4573624529898472,0.0,0.0,0.0,0.0,0.7237645797256167,0.0353631850638799,0.4362658708166849,0.0945580603865359,0.2206401286175068,1.33551822650277,0.3810257843619318,0.3205378246496834,0.4053446283164234,0.413394117150279,0.1207808915232925,0.2244514818111441,1.42218851130959,2.3508064231350976,2.566295327912296,3.23534820930501
W0498,4,1.7562414377167992,1.3764187013737412,2.390591874832651,0.0,0.0,1.4381634914823822,1.8168808919141808,0.0,0.0,0.0,0.0,0.5920507851907731,0.1615960057088431,0.3874397924446191,-0.0289702080275378,0.0675272810292622,0.7907612819213583,0.1764427322544347,0.1925863306038369,0.332374355997927,0.3659397362239016,0.0014285797270663,0.1100897837764622,1.5362071109409807,2.67519666458633,2.7566782503585583,4.3256189892067125
W0498,5,1.311612671205232,0.832136032637727,1.6800454756085603,0.0,0.0,1.2808040821951,1.2547569992130387,0.0,0.0,0.0,0.0,0.5199173652209088,0.0910840099523922,0.2416033363501805,0.0459533533448702,0.0816550071040315,0.4339820306880296,0.0629880220617722,0.0888244808031664,0.167676728637968,0.282839059379534,0.0284485288245497,0.0789188617068804,1.464587408411259,2.863335399831328,3.1491136962949837,3.85159561074138
W0498,6,1.069421048417368,0.7572431750073431,1.387394820802338,0.0,0.0,0.9849508057517808,1.1259688356373858,0.0,0.0,0.0,0.0,0.3887045851801564,-0.076863333431801,0.1526641916900854,0.0625326703325486,0.0061624487712785,0.3548488481187647,0.012171794497315,0.0619107300574137,0.1025827784122324,0.2544569593249535,0.066869072200334,0.1064531195433304,1.4098645935987186,2.801257292501095,2.809723498428884,3.0752500426916964
W0506,0,0.5,0.5,0.5,0.0,0.0,0.5,0.0,0.5,0.5,0.0,0.0,0.0,35.0,0.0,0.0,0.0,0.0,0.0,0.0,0.0,0.0,0.0,0.0,0.0,0.0,0.0,0.0
W0506,1,1.4420589669113908,1.4521415737684802,2.1080159590288794,0.0,0.0,3.582596285689372,0.0,1.9650724764432093,2.266313974235292,0.0,0.0,0.0,1.6965641835486869,1.0617185807951124,0.6022708652272436,1.1242142227030274,2.7351229070409464,3.169147352349682,0.8907514592427818,1.351380660080267,0.5669870842836073,0.2990913735759995,0.3427346067393509,1.6444694219995075,1.7942194931360202,2.907321446689054,1.161378548416418
W0506,2,1.3268128541545607,1.7946425110864823,2.5543637327775284,0.0,0.0,3.162272047822004,0.0,1.903879023577382,2.080435052511792,0.0,0.0,0.0,0.2086398423642957,0.6661780605257795,0.0725747204199044,0.3132509434655338,1.7254569624536558,0.967577488492968,0.6030362551110079,0.6152181290302255,0.5211932329498781,0.18412596616051,0.3957691247410301,1.3942928270813808,3.474670824718488,4.6010767890428665,2.0489083597934674
W0506,3,1.5181356516452196,1.1815569500861367,2.79346482437351,0.0,0.0,2.4760406889099578,0.0,1.1871975905924794,2.253138290791528,0.0,0.0,0.0,0.1180290446153487,0.4665071475124256,0.0936463123668168,0.2003900749903442,1.0944684333292682,0.3171946033574256,0.3016345609000603,0.220020871464624,0.2363028933550612,0.1906262645707057,0.4057450561098671,1.0289396605303407,3.4563871005719564,4.557325734443313,2.540369633876196
W0506,4,1.3257346044645204,1.0968760658054917,2.546065253837216,0.0,0.0,2.15356227420203,0.0,1.092582677453183,1.7737143775662547,0.0,0.0,0.0,0.0360644759639497,0.2962071258823239,0.0293470938995934,0.0096740221266816,0.5721090144782777,0.2620128649708879,0.2150522658908321,0.1847495110584133,0.2961094731745038,0.153239039696493,0.2573951012494128,0.7611838649532775,3.851295997513713,4.341444132154415,2.7503371805448347
W0506,5,1.1034363558412823,0.7271996012737719,1.7107021665949935,0.0,0.0,1.7335075910412652,0.0,0.7204381096986568,1.4180205118959868,0.0,0.0,0.0,-0.0565969225435727,0.2240732849272802,-0.0172153776803937,0.0997805757000998,0.4116048389403643,0.1168489237990223,0.1317707702956733,0.1339189672894875,0.2711680476775288,0.0722268879067865,0.252558376141535,0.4644781270884675,4.114492439851377,3.7930984630494793,2.7020224147925416
W0506,6,0.6405463684346608,0.613637015311569,1.3596553068275246,0.0,0.0,1.17499047347859,0.0,0.5702175463900686,1.2049821696224297,0.0,0.0,0.0,0.0696907793940275,0.1226313139799557,-0.0308161374127861,0.0892282674733461,0.1999020758869191,0.0444575793061267,0.02816146791346,0.0444693691815119,0.1893602191254687,0.1368990138557837,0.194707835540603,0.4784543602098101,3.777051610956202,3.923894757523382,3.1200184640501982
W0531,0,0.0,0.5,0.0,0.5,0.0,0.5,0.5,0.0,0.0,0.5,0.0,0.5,35.0,0.0,0.0,0.0,0.0,0.0,0.0,0.0,0.0,0.0,0.0,0.0,0.0,0.0,0.0
W0531,1,0.0,1.527930712266138,0.0,1.93821192550419,0.0,2.714863538298624,2.949616364409754,0.0,0.0,2.3368866006279214,0.0,0.9113549841902272,0.6402470456310626,0.7601054776190045,4.067081463402768,1.1527116927166676,3.339918613078148,3.3646450013624496,1.668862795271299,2.852491380912708,0.1758858043339995,0.1835219658469087,0.1690684220579777,1.4374501019831418,1.251874010207849,0.7577605350664425,0.9200926566808866
W0531,2,0.0,2.068174022708275,0.0,1.4985668931588567,0.0,1.9974430077319216,2.447070452168413,0.0,0.0,2.5261846544799944,0.0,0.8044243370484115,0.1090298964725662,1.196502379230749,1.792097058751982,0.8333537864498051,5.420448050701549,1.8127552017788329,1.65145993492029,1.2729786312023386,0.2004896140421726,0.1004731279328841,0.2403117987328106,1.414689838254919,1.564012337044022,1.0520439927290002,1.4710457111460762
W0531,3,0.0,2.086920205948272,0.0,1.208623668537382,0.0,1.4739509548425862,2.4727192955973094,0.0,0.0,1.875853956884901,0.0,0.8753168031487275,-0.040259340265791,0.8146468973528425,0.8159742762121011,0.6514293841449592,4.5978482203380535,1.0005801536876917,1.5548650060941245,0.3403665542847137,0.1714002488075131,0.0705461818085567,0.1899295086364882,1.3403901022452704,2.207459556882101,1.4085250426319915,1.7609040678656802
W0531,4,0.0,2.232035715191967,0.0,0.8939873192715823,0.0,1.089007783756751,1.710644544533377,0.0,0.0,1.4768442856016986,0.0,0.6438418761399378,0.0557570996744798,0.6947105930421338,0.3868423708394065,0.5768891690038629,3.9170299013583634,0.6567081891179078,1.125451325477979,0.2594526252281888,0.0924722682065783,0.0270811643294492,0.1685030075309234,1.1736597512425375,2.5826158901100005,1.2192108708108709,2.004602054015844
W0531,5,0.0,1.7256864082448578,0.0,0.6589550629001457,0.0,0.656131240311855,1.3560515288484876,0.0,0.0,1.0507723478803292,0.0,0.6220631260558849,0.0997581846871822,0.6275102605487123,0.1693913249351891,0.4899499518125186,5.6726056562605045,0.395533650866695,0.9240540739947992,0.0839549438043689,0.0528999972221986,-0.0247149348574192,0.1773937357054393,1.0154630920107102,2.83608916719836,1.5518122328206465,2.1205658888015835
W0531,6,0.0,1.3551808369973506,0.0,0.4391277889846222,0.0,0.744705427712472,0.9709099543933608,0.0,0.0,0.9682186849786896,0.0,0.5176646529111647,-0.0038805930423704,0.6068321853076925,0.1418490744557246,0.3863134306269841,6.254297735769307,0.3822966181953171,0.6908185171134612,0.0436423073453284,0.1148790367992495,0.0988818944236746,0.1246460151133786,0.9990072058740032,2.232965507032134,1.6259653430559649,2.152346632733241
W0549,0,0.375,0.375,0.375,0.375,0.375,0.375,0.375,0.0,0.0,0.375,0.0,0.0,35.0,0.0,0.0,0.0,0.0,0.0,0.0,0.0,0.0,0.0,0.0,0.0,0.0,0.0,0.0
W0549,1,1.184809851315637,1.0424683802724892,1.4959326861793636,1.2859674600791065,2.134964676129937,1.7446629913355032,2.2442508936316106,0.0,0.0,2.0786565259772667,0.0,0.0,0.7026959070209097,1.5601166497436207,2.378515338829162,1.926566971021367,3.1409884017993126,2.5358330359880386,1.3392156615029736,2.018092102224692,0.266844754911279,0.2428240864581206,0.2443679221736342,0.6476976859333129,1.9908090430520629,1.2982173805807582,1.1252992858087116
W0549,2,1.6713136246476212,1.297387519679112,2.792354769655772,1.0125080367800674,2.22195492749351,1.427683337685777,2.086623024267225,0.0,0.0,1.706507365146865,0.0,0.0,0.2342091297335132,1.206590986846701,0.7023669635897364,0.9356373535411066,2.2148315002043937,1.007604617960782,1.1685966378021664,1.0617223483947826,0.3148100071030567,0.1598019125516608,0.352700422157631,0.3593265746526121,3.146650353628289,1.5365563601754006,2.1024707658807653
W0549,3,1.6344108582344838,1.1639310001787686,2.6062055161374618,0.8416824147954274,1.9930614824684203,1.3873391693626047,1.3454512118461668,0.0,0.0,1.0914898802712667,0.0,0.0,0.0793707515481872,1.0492452455921408,0.2370183320111107,0.3062882655032268,1.10496025462776,0.3663457693898949,0.6652365371072043,0.5408980695478902,0.2601541238253037,0.1048401447608191,0.4017744387881296,0.1676354216094239,3.269082007611246,2.49172479825362,2.552031420523456
W0549,4,1.5027422680034217,1.1139264478570368,2.6380440088672525,0.5611177249701864,1.7113390980868746,0.9633365490976306,1.054409411287326,0.0,0.0,1.015357505653086,0.0,0.0,0.1440908635084395,0.6767494851721026,0.1383914544100489,0.159548443911479,0.8973992442056556,0.1173683226034367,0.3147179060135846,0.306043662482344,0.2258558386706212,0.166580017210987,0.4055062584885992,0.1903851140983687,3.4503413761054187,2.5702264564396247,2.9782136374630666
W0549,5,1.1879530175659097,0.8416988810561787,1.773270588791286,0.4111593368840886,1.1093702797572078,0.6656146521608077,0.7697571578769268,0.0,0.0,0.7263789540364022,0.0,0.0,0.0279331526534753,0.4057537220216437,0.0397766698937899,0.1267271045373376,0.519367293427942,0.1319111124186307,0.3043538465592366,0.237388155483043,0.1760198181934293,0.0560622510202525,0.3210319025351403,0.1309387096024289,3.353773952902526,2.403027266979969,2.984846909213519
W0549,6,1.0304823861125878,0.6101934543052924,1.2655265308280752,0.3212024508134881,0.8612538597378369,0.549469719499194,0.6623075626023739,0.0,0.0,0.481487068598975,0.0,0.0,0.1008758348112269,0.2848457467803691,0.103461121908488,-0.0216979489413475,0.4918915534233384,0.0460837425728669,0.2327443955620013,0.1414465183796066,0.0834997377652995,0.0386112630252252,0.1483229592046473,0.138397807638574,3.970915566590069,2.566237447187569,3.121446600645479
W0556,0,0.6,0.0,0.0,0.0,0.6,0.0,0.0,0.6,0.0,0.6,0.0,0.6,35.0,0.0,0.0,0.0,0.0,0.0,0.0,0.0,0.0,0.0,0.0,0.0,0.0,0.0,0.0
W0556,1,1.9064227882395584,0.0,0.0,0.0,4.496299524804486,0.0,0.0,2.1680705590836697,0.0,2.607111907554182,0.0,0.9963299713640952,1.0291896943481096,3.201423302025073,3.9758027115685377,3.974101411473949,1.1208573513877087,1.1894491579307689,1.2013596604455978,1.5704216302691516,0.0190689518706736,0.0854839526580726,0.1026106661121269,0.3005636372704166,2.6055096096105,0.4083925412403125,1.1763819413392644
W0556,2,2.9549119957817647,0.0,0.0,0.0,3.4407108179400154,0.0,0.0,1.9402295300045007,0.0,2.404354419889541,0.0,1.2333759579773582,0.2327513670373967,2.5982497956660087,1.2947205383314144,3.341342698150364,1.4078088384047214,0.4770997930571832,1.552505656429123,0.6285476732394703,-0.0266465098069019,-0.0145995539746523,0.1706436971525744,0.0870633078543112,3.300418148222459,1.1122519539123692,2.00729895750996
W0556,3,2.5071822438018434,0.0,0.0,0.0,3.292645469229358,0.0,0.0,1.860294381576019,0.0,1.8287158609338636,0.0,1.4829407394999312,0.0910152783173792,1.801584651911979,0.6536743266468565,2.689144728132004,1.209541853995204,0.3813366897273073,1.3877545922157852,0.2975170741140744,0.0115292476823711,0.0711425580203592,0.1723804237673998,-0.0249280394004496,3.874797894314077,1.3187153578957838,2.6795697460684123
W0556,4,2.3029969656444003,0.0,0.0,0.0,1.8554091767768188,0.0,0.0,1.6377796465864336,0.0,1.3648770482866837,0.0,1.17360094546279,0.0716944501538272,1.2373256010745914,0.2643199807489311,2.133680446027443,1.12243491834652,0.2019953482380923,1.3592997817781047,0.1757867956541108,0.1911249617241087,-0.0057753935837438,0.1416276368461802,0.0197041753092379,3.8791459691958425,1.64323089349145,2.3583061424217635
W0556,5,1.8780616595594837,0.0,0.0,0.0,1.227722679968037,0.0,0.0,1.1854588856762125,0.0,1.2673217085960526,0.0,0.898472781786635,0.0350020124743262,0.9084345312661752,0.1398453237502818,2.054953417570992,1.1061185500364477,0.1903829919723858,1.2668135008119648,0.1055366986332386,0.0684661541347236,-0.0323107702661698,0.0356111032372927,0.0457456855895187,3.767989912517564,1.6271273122768923,2.716475876629184
W0556,6,1.606741783893595,0.0,0.0,0.0,1.1425962633909643,0.0,0.0,0.8908057151644764,0.0,0.7559578652997919,0.0,1.0409181323673182,0.0251571651991497,0.7362367516705135,0.0711141966719492,1.236564663247991,0.8908375507235701,0.2198762122736089,1.5499795278222734,0.2044899543539873,0.1086065162933219,0.0060885489543513,0.1099368936472492,0.0591791263666686,4.037622038443383,2.244564259483643,3.1575181140337483
W0559,0,0.4285714285714285,0.0,0.0,0.0,0.4285714285714285,0.4285714285714285,0.0,0.4285714285714285,0.4285714285714285,0.4285714285714285,0.4285714285714285,0.0,35.0,0.0,0.0,0.0,0.0,0.0,0.0,0.0,0.0,0.0,0.0,0.0,0.0,0.0,0.0
W0559,1,1.142609285613902,0.0,0.0,0.0,2.3939370786192566,2.066477437441018,0.0,1.2913694999431953,1.9242440906646332,2.13201186947368,1.577197100763378,0.0,0.7475513542738091,2.623553048326167,3.64285743797446,2.8129524559723995,1.9783625233923137,1.748325982042232,1.5289627764771117,1.2982605891760055,0.2233080874855253,0.2460376706021259,0.1860960822968395,0.4120712118259606,2.214907588925876,2.182906722052354,0.8401181801285453
W0559,2,1.5638145158984569,0.0,0.0,0.0,2.5230052391473468,2.0063490388927905,0.0,1.508121249551584,2.3046260558270117,1.7796261478345143,1.789939694410016,0.0,0.1390851267583666,2.0869168477301363,1.4355636596013013,2.0862846811384537,1.8116348927922603,0.8324378941315588,1.2714671507971398,0.5218902634754446,0.0385004644159534,0.1432852536598832,0.3557491058126152,0.2178461084404934,2.7942620870797032,2.260856486442746,1.7487483626227074
W0559,3,1.7848274672760642,0.0,0.0,0.0,1.7237366787217794,1.4060667187933098,0.0,1.138177591053504,2.1931452909313607,1.448114290218585,1.7527238052041374,0.0,0.0792526415610625,1.5937533006008286,0.7622147538860364,0.9772584945093558,1.3606772693472835,0.3082247104378692,0.8982647673287644,0.3961721595890455,0.1022256082284651,0.2015022858103608,0.3034949561391284,0.1314973100833002,3.4285704077565127,3.1872751331503304,2.658492424435304
W0559,4,1.2525637429974112,0.0,0.0,0.0,1.3721391730001975,1.1446113319798474,0.0,0.8129126199398725,1.7563056934348609,0.8581113662247394,1.5571287841196066,0.0,-0.0200542455920416,1.2309288781927414,0.3375952294567661,0.7899875951434153,0.908111044015155,0.2913259068881167,0.8861925411315046,0.228989564500914,0.0956938178806652,0.1559650274887649,0.2646301811536823,0.1254280000490444,3.814677572971396,3.030680198714817,2.294929578714568
W0559,5,1.3697789264727285,0.0,0.0,0.0,0.838339645460836,0.7825987977442183,0.0,0.7514625602294446,1.568951894245639,0.6560503466439848,1.315152986083692,0.0,0.0197190064805045,0.9439355517379896,0.2061094867356932,0.3597288265349435,0.9313700436894566,0.2250153214385835,0.4597210567023842,0.1700020813941094,0.1169614620067036,0.0669352434877797,0.2017062814943033,0.0840014095001786,3.4187306653867835,3.355394435733024,2.8011182018648166
W0559,6,0.9584792501672468,0.0,0.0,0.0,0.7921198765957629,0.5844361624997806,0.0,0.6159178348970814,1.5236472749258827,0.5090441379838921,1.1793506748527771,0.0,0.026404832997618,0.6154246025958673,0.2259957300023323,0.3814135527589645,0.605641888821011,0.1526809815485611,0.4687868574111629,0.1167269098638546,0.054058188559646,0.0308910272467578,0.2984671181783949,-0.0146541473359906,3.4148112217996416,3.984024746911659,2.7535548453528635
W0560,0,0.3,0.3,0.3,0.0,0.3,0.3,0.3,0.3,0.3,0.3,0.0,0.3,35.0,0.0,0.0,0.0,0.0,0.0,0.0,0.0,0.0,0.0,0.0,0.0,0.0,0.0,0.0
W0560,1,0.9863075384867944,0.9735403494714304,1.5022356680519942,0.0,1.9484167533708217,1.8065608634811552,1.7738153951023117,0.855268407769522,1.4203020869734733,1.3759581758169317,0.0,0.5538141025160976,0.9342406208527662,1.8473689253188168,2.2283966346114807,1.7399410504582518,2.7919103013784263,1.845028172404682,1.3288692880032862,2.084557185461086,0.2735856002713599,0.2497667709996041,0.2582133079487735,0.6452392540501938,1.9019446442424797,2.0587317611142555,0.9195399719422204
W0560,2,1.2728101661879407,1.0902795854111766,1.9937857612289125,0.0,1.8867512990952533,1.3384267578209397,1.3749123535575891,0.8670306926319292,1.316237481710931,1.2548870022100114,0.0,0.4540477245491086,0.1729454321497057,1.1983244300852038,0.6041519623342679,0.8842191760945907,2.424290013929765,0.8254990465517894,1.087689783290374,0.8609760214476069,0.2907021806233597,0.1860540173518482,0.3894908340549403,0.2411404356554158,3.001045568035777,2.3237827090101604,1.976293695534792
W0560,3,1.2310129354302235,0.9222277839141224,1.6161046821649252,0.0,1.7497824256961838,0.9997416230670656,1.3308213420374762,0.5717711502534917,1.4909415669234731,1.0379792843611622,0.0,0.4233084278843408,0.0975604644645153,0.7735449648843487,0.2558491940909186,0.3306642234608573,1.5092701821297654,0.4182188976533323,0.4719120486734416,0.4993203125115988,0.2154501677247852,0.1210352487599155,0.1049430569269442,0.1734213605504841,3.2340581957931884,3.5313353191134667,2.962967937706154
W0560,4,0.7989381595115128,0.8440391506954927,2.162058789190476,0.0,1.3701066958709118,0.8286142549785475,0.9003569156374905,0.6130347954938188,0.8838544580433951,0.8266254279458365,0.0,0.3510686744468673,0.0930154942826529,0.6517964834983779,0.1373145764754891,0.2556263647148433,1.1083133609173548,0.2177525674727903,0.3649228955210191,0.3306040961336882,0.2028129871186135,0.1374149640864703,0.254219789956813,0.1600345394266227,3.8139113538909375,3.429322492959805,2.562498562843469
W0560,5,1.0459723975081758,0.7527550187546982,1.3871603874047556,0.0,1.117319727176213,0.5726450217581478,0.6312757958053815,0.4072896698125652,0.7580409792264703,0.5122359437260776,0.0,0.3187838227663855,-0.0315531006032798,0.4049133227571173,0.0611218449684607,0.124538514299397,0.7795670211342349,0.1474927472063876,0.2624676221853685,0.1519948193660406,0.0944869262090431,0.0992716574843332,0.1583047235688468,0.1643801549499023,3.914539551289868,3.3244612014367427,2.7543406711340577
W0560,6,0.6654779805592094,0.5298424298830983,1.1740544472971186,0.0,0.742584268525247,0.424209244335384,0.5624596240021735,0.2508423351812131,0.7514796690303376,0.4284801422526872,0.0,0.2381976065476712,-0.0884550959866629,0.273854164928141,0.0291798022919005,0.0804300868382495,0.6686106067937732,0.0282590106268427,0.1718877895668671,0.2644002973910757,0.1047242467322517,0.0480959876995673,0.1538203841935077,0.10910442005887,4.044192353280431,3.084263689332417,3.0429312205245225
W0564,0,0.0,0.0,0.75,0.75,0.0,0.0,0.75,0.0,0.75,0.0,0.0,0.0,35.0,0.0,0.0,0.0,0.0,0.0,0.0,0.0,0.0,0.0,0.0,0.0,0.0,0.0,0.0
W0564,1,0.0,0.0,3.4727211406807807,2.832665620274008,0.0,0.0,4.498572168785762,0.0,2.9683661796115435,0.0,0.0,0.0,0.8744570125547687,0.6356261436019621,0.696443788566265,0.5019960619676205,3.178390132703533,4.96977456925295,0.6356193851874666,2.9905403733635727,0.835170411265776,0.5056218324563994,0.1146266619831113,0.1659449606329771,1.0548758127772022,3.346532229199246,1.243491799849466
W0564,2,0.0,0.0,4.56287736859853,2.0623654662293465,0.0,0.0,4.361377755819057,0.0,3.516789342277358,0.0,0.0,0.0,0.0867961112017613,0.6451062265505717,0.4143462156076478,0.2867360104968801,1.877559603241552,1.617554053214256,0.3192089231220718,1.039994179061995,1.2024176577396324,0.8907370334487512,0.2332426439434652,0.5788220097556174,2.2047964316412987,3.789220414270104,1.764769989676103
W0564,3,0.0,0.0,4.057943043779361,1.5559579690428549,0.0,0.0,3.255782512143067,0.0,2.915438657023166,0.0,0.0,0.0,0.1302193506168385,0.4742622273172658,0.2061443933567193,0.2335190996903695,1.145474703506512,0.574158874050143,0.0933184936076595,0.650378735925109,1.1021634886863865,0.8874998889417516,0.2829125254144969,0.4414580573299556,2.0306194293781847,3.715163348860796,1.9558799188374143
W0564,4,0.0,0.0,3.149849970422104,1.308220902820031,0.0,0.0,2.5439857845841782,0.0,2.643661760555821,0.0,0.0,0.0,0.0555524843832122,0.2819509787005007,0.091790881283251,0.1068389195513994,0.6461047538770284,0.3669001878186825,0.0391624006775103,0.3659330392766423,1.0997212355233663,0.9170645860066072,0.2480045717683286,0.4986081832726818,1.6997976294376478,4.082513540455892,1.9931899756231424
W0564,5,0.0,0.0,2.480803009109698,1.1224224395664306,0.0,0.0,1.5399531948078506,0.0,2.283425872876907,0.0,0.0,0.0,0.0259415250806102,0.2328180802110498,0.0067210842836019,0.043802525932877,0.440746766427245,0.1576342192590115,0.1221285666898311,0.1980957223821265,0.6934484705794911,0.8092322197238683,0.1838736846613886,0.2834688295732231,2.017929107531656,3.754741501691128,2.230096163462897
W0564,6,0.0,0.0,2.101166488186508,0.8070690462466094,0.0,0.0,1.3674929134188014,0.0,1.4658796728027998,0.0,0.0,0.0,0.0562442202280669,0.1616350621548495,0.0603808114172108,0.0129418475269708,0.2473341756120505,0.0497965614438448,0.0027065538878722,0.2012718931055434,0.5272834237578886,0.7207183451546133,0.1964397413889625,0.3442652062304254,3.008754921595976,4.289478408020048,2.497684035567513
W0582,0,0.0,0.0,0.0,0.0,0.0,0.6,0.6,0.6,0.0,0.6,0.6,0.0,35.0,0.0,0.0,0.0,0.0,0.0,0.0,0.0,0.0,0.0,0.0,0.0,0.0,0.0,0.0
W0582,1,0.0,0.0,0.0,0.0,0.0,2.958445471554461,3.4532392834420222,1.872701657093188,0.0,2.6346938867827987,2.209980231299604,0.0,0.6095593150170799,1.1335259075940527,4.24244102684555,2.1400688649267163,3.739195861810269,1.5236530315903944,1.60406244687137,3.9933944686913097,0.3451365226687156,0.1528601102540053,0.1688402677570758,0.975990049473109,1.190343957981522,0.5410349998624162,0.6173039792147834
W0582,2,0.0,0.0,0.0,0.0,0.0,2.073847279786747,2.776072478752661,1.8180248441669205,0.0,2.282224470114626,2.7553390953651995,0.0,0.046826732615883,1.0123079857025463,2.538509064636797,1.6686837052898529,3.115403281271184,1.1666808520615344,1.548693049299565,3.391734359600448,0.4514908295658157,0.1368085271619035,0.2507566638891211,0.823439090939245,1.8454093921316672,0.8459064983797544,1.2232799891842203
W0582,3,0.0,0.0,0.0,0.0,0.0,1.6580085299442269,2.2351870808500305,1.3731104403249297,0.0,2.19201175056725,2.419046483877758,0.0,0.0936721556873919,1.0996037673707917,1.888240332937169,1.240885829816801,2.9609217245632435,0.9567710837865492,1.404428747584885,2.027282087293744,0.2295084110945771,0.119574293679561,0.1735490296465965,0.3617462836342304,1.8755608102052157,1.3861341123405106,1.7756675403298472
W0582,4,0.0,0.0,0.0,0.0,0.0,1.3660362611599126,1.6834081885792984,1.3261366758789337,0.0,1.5560302345791734,2.67470348334275,0.0,0.0364027235725406,1.049398387417431,1.1603676287125848,1.2204106131397672,2.060592374516326,0.5801875975792881,1.3522528243471563,1.3536921729283584,0.2442615480506655,0.1488836710617382,0.1481237904303853,0.290206736570652,1.6763589384536084,1.5271458010776635,1.4237046163667726
W0582,5,0.0,0.0,0.0,0.0,0.0,1.054428733697754,1.2727913600176557,1.0573755226216432,0.0,1.003690858983472,2.0967847564806026,0.0,0.0340640594429867,0.8762532044947311,0.967711413203164,0.8455947229444741,1.8669830117023103,0.6417280867688531,0.8537322843435295,1.3151448416824234,0.2144637601812937,0.0667047211012503,0.1252621380048887,0.1729389462142752,2.054184603767062,2.1008816074619894,1.7444874730203563
W0582,6,0.0,0.0,0.0,0.0,0.0,0.7072971297550488,1.179538984192953,0.9493933937285832,0.0,1.1045513942741538,2.3534052982218525,0.0,0.0427369792034958,0.9009258574129986,0.7904617256769892,0.6580337838548708,1.6101116272477574,0.5364826586651246,0.9610626972824554,0.8013492148978631,0.2291296488397833,0.034225444984132,0.1121690048937816,0.1358992074655643,1.9346141381280704,1.8250055413715167,2.091684581728233
W0618,0,0.0,0.0,0.0,0.4285714285714285,0.4285714285714285,0.4285714285714285,0.0,0.0,0.4285714285714285,0.4285714285714285,0.4285714285714285,0.4285714285714285,35.0,0.0,0.0,0.0,0.0,0.0,0.0,0.0,0.0,0.0,0.0,0.0,0.0,0.0,0.0
W0618,1,0.0,0.0,0.0,1.4459252152900706,2.728974304909638,2.488652185945084,0.0,0.0,1.9397653496753156,1.977900568247315,1.560021736265526,0.5987991159583514,0.5961945020638139,1.8318823597781544,3.5948243271433924,2.571006931978032,1.6127145199625836,3.0486691604723517,1.1753759085813766,0.9724334278840466,0.2659164313096619,0.3031227356296217,0.272747168632605,0.4672305108731823,2.064548914227606,1.490532076644537,0.5908020267961644
W0618,2,0.0,0.0,0.0,1.2166203677961425,2.459001315107489,1.6765165584140564,0.0,0.0,2.398601387355621,1.8903409616216988,1.864156916886741,0.8122186724291796,0.0651407318057899,2.011124868306758,3.401060981495563,1.3035616061152724,2.0575712527662247,1.7376402760919252,1.2787323684490144,0.6994798918890411,0.1418066117742292,0.1368642453992417,0.3976640711282346,0.1612958329596407,2.685199538998661,2.2606150362844954,1.0626702958887315
W0618,3,0.0,0.0,0.0,0.7588736823605853,1.45274932749281,1.3338343929202314,0.0,0.0,2.6348654730909,1.3601544246102553,2.0610309342825475,0.836418513481519,0.0730221411340255,1.734262453540118,2.895672015252237,0.7349914369779734,2.10844187343337,1.1686378932107155,0.7820493388196073,0.2196987984165182,0.035629027675131,0.1641225697939552,0.3059015011798489,0.1368662882154963,2.899911697483104,2.519804995026005,1.1718668086989636
W0618,4,0.0,0.0,0.0,0.6205714453530802,1.3624712573526951,0.8939241790073661,0.0,0.0,2.1191838663477567,0.959546556289057,1.6288735726626946,0.6788447241617439,0.0068833566650057,1.3455614760630732,2.03081964083755,0.3976132529680262,1.4537176163290322,0.7850946333491824,0.4938976172196649,0.198500238843464,0.0722136818241852,0.0994912284051081,0.2008242864439504,0.1155150565114724,2.9063438733769487,3.241504967006548,1.6794019113291478
W0618,5,0.0,0.0,0.0,0.5671696362168637,0.9599505739580768,0.752215020062928,0.0,0.0,1.8787780988048617,0.8774431121266155,1.5207190683418956,0.6244504487235609,-0.0655870902148107,1.289277006577485,1.4413784668619745,0.1837132866183521,1.7939182895232806,0.4921842092101334,0.3453003201913562,0.1579009791429937,0.1219636044974225,0.0839121934802799,0.2572550359489103,0.0986724600199065,2.811770012421342,3.3353755772894704,1.4434927736740106
W0618,6,0.0,0.0,0.0,0.3813948594201566,0.7022400125197845,0.527133672506099,0.0,0.0,1.4944084121345207,0.6469298650623452,1.4326139734840078,0.5170222916680142,0.0529467537313639,1.171456011708771,1.1541486172691693,0.1841915521704966,1.076831638548085,0.5445288088047442,0.3616956609299879,0.1864746658859622,0.0048351337631274,0.1512662368555833,0.1795991634014989,0.0927686007297577,3.3147207698765824,3.5326774539603707,1.660586229883617
W0631,0,0.6,0.6,0.6,0.0,0.0,0.6,0.0,0.0,0.6,0.0,0.0,0.0,35.0,0.0,0.0,0.0,0.0,0.0,0.0,0.0,0.0,0.0,0.0,0.0,0.0,0.0,0.0
W0631,1,1.7127050895785496,1.6973354407207517,2.9905485902435176,0.0,0.0,3.898798159365927,0.0,0.0,3.0938865998696947,0.0,0.0,0.0,1.465430119803281,1.0825202523846087,0.951520698687586,0.9816129112870668,3.09996173779382,3.4380628518646628,0.935408084683358,1.067762045600624,0.6172503603445924,0.2733335619917656,0.4902524031747476,2.002284990145831,1.4358263447638058,3.951434838740897,1.1715290107511125
W0631,2,2.0120242001816333,1.8015933752190516,3.802022682617916,0.0,0.0,3.497458103769576,0.0,0.0,3.031693598977052,0.0,0.0,0.0,0.2283470121310679,0.7692161298383949,0.2809143053218378,0.2853566754955333,1.520058018607896,1.0132114407183714,0.2968679688243044,0.4726559173407345,0.4837212505363539,0.2760926815222175,0.6446308580998483,1.7127681619509625,2.2099813987053283,4.536584517204713,2.1307661893174217
W0631,3,1.3922952212632511,1.4881923437539863,3.279004091718449,0.0,0.0,2.7825910939643426,0.0,0.0,2.3075503792169823,0.0,0.0,0.0,0.0361358190946728,0.3954402495029849,0.1242211030659513,0.136520534199609,0.809540231830978,0.3351271811683152,0.2277183782837346,0.2443598035986537,0.2948765549687765,0.2346963250254343,0.4380774519832076,1.229748292754357,3.079155480907813,4.763040604750423,2.0646331016522046
W0631,4,1.097585666223799,1.121739543798056,2.2793653560920166,0.0,0.0,2.0710284708934705,0.0,0.0,2.439682242772534,0.0,0.0,0.0,0.077753547621704,0.2347006948138615,0.0446772554318254,0.0699181857364135,0.4857502407239864,0.0771620141640279,0.0964605244505819,0.1815617008037184,0.2433842278859836,0.094320704557702,0.3156745326211549,0.8433738582836225,3.552987330041804,4.641150397134605,2.4136815325429866
W0631,5,0.8762446028338967,0.8390525634765295,1.6485898350601025,0.0,0.0,1.8410580037778,0.0,0.0,1.7787896669863628,0.0,0.0,0.0,0.0243087402208852,0.1722070316568767,0.0806963342823613,-0.0009068923485883,0.3979305898072339,0.0810772976706612,0.0429229355387037,0.0664183678724415,0.1807617391746663,0.105510596097777,0.2685050188206734,0.656881347271175,3.80807238264216,4.064672832763873,2.4919122782331247
W0631,6,0.7337104811965309,0.6392574538770501,1.5891909809864786,0.0,0.0,1.3457718656101247,0.0,0.0,1.1981526604409032,0.0,0.0,0.0,0.0937682901826142,-0.004353760388745,-0.0387902065516121,0.0634580981768632,0.2908685886217243,0.0386957427643516,0.0411116321898194,-0.0263819815103084,0.1259230223680761,0.1954078132610479,0.1608454911308635,0.506188333217234,3.3727008347585903,3.536179698269068,3.033932631917947
W0636,0,0.0,0.0,0.0,0.6,0.6,0.6,0.0,0.6,0.6,0.0,0.0,0.0,35.0,0.0,0.0,0.0,0.0,0.0,0.0,0.0,0.0,0.0,0.0,0.0,0.0,0.0,0.0
W0636,1,0.0,0.0,0.0,2.387233808350626,3.793144646894393,3.083790684887763,0.0,1.6999152947496796,2.2388773632099266,0.0,0.0,0.0,0.4270639686828075,2.084994111076546,1.497240509125785,3.287152559705385,2.210860691430828,3.7005887492686407,1.0885933235399308,1.5181862533268,0.072002605849656,0.3277780845215634,0.2596712654511894,0.411403772175029,2.948136388393713,1.7721402929351218,0.642303081184321
W0636,2,0.0,0.0,0.0,1.7190266939579788,2.545769057673771,1.8084277868536316,0.0,1.6022901783068162,2.6224884020041443,0.0,0.0,0.0,0.0473510500309133,1.89193020033332,1.0035828120649706,1.8378363190056,2.585181477633418,2.6928996222834094,1.0962250455646094,0.8799040659269185,-0.0291419750472218,0.1303031979285493,0.2592705892468407,0.117952135337041,3.3917853913907976,2.8795543268664985,1.1986093842320458
W0636,3,0.0,0.0,0.0,1.0265561900389273,2.2927119318619904,1.734020944870997,0.0,1.3624682531172698,3.0293053209363503,0.0,0.0,0.0,0.0514201178993725,1.3378146359383585,0.8255416202440224,1.3601191233937662,2.280708635812981,1.9442524565229964,0.7098526963235593,0.5087732081661447,0.0579503769573011,0.2013823883599498,0.2392087419685809,0.1343114990524982,4.33081378804667,2.3178346889089125,1.3507781405194
W0636,4,0.0,0.0,0.0,0.9918173861293358,1.416341209848822,1.337086129708336,0.0,1.2429620987179335,2.7527569295444483,0.0,0.0,0.0,0.0473637876037987,1.2307663762280674,0.5001213349912553,0.7523121902427575,2.3363376022800098,1.305216657635463,0.6380693337212546,0.3289794640992362,0.0693449845952214,0.1386485326184556,0.2629289604244249,0.1574236825743764,4.924911333910208,3.127629567449385,2.0500778893074503
W0636,5,0.0,0.0,0.0,0.8982869435767467,1.2439301482324152,0.8435516569010855,0.0,1.0940530705533034,2.4924859631508203,0.0,0.0,0.0,0.0673476623723761,0.8159192231921164,0.4082741995319535,0.4842963158726515,2.3849573239577717,0.9046365188983004,0.4666494146053673,0.2701878001918933,0.1145517665778909,0.0928550221046591,0.1955558431140761,0.1940444771805983,4.226216375936704,3.450458201869988,1.6395647315465816
W0636,6,0.0,0.0,0.0,0.6661846785791402,1.015153968098944,0.5896537949684635,0.0,0.9212325038734948,1.929869499361484,0.0,0.0,0.0,0.074426817659371,0.9945685468516676,0.3586866939064711,0.3638269135073808,2.4887774486517333,0.7171614317876202,0.2693576593304425,0.1642458853589744,0.1097712956285647,0.1138406034023057,0.2301548072008154,0.0724145896338978,5.025259635102416,3.4395325258360305,1.9799762574972672
W0659,0,0.375,0.375,0.375,0.375,0.375,0.0,0.0,0.375,0.0,0.375,0.375,0.0,35.0,0.0,0.0,0.0,0.0,0.0,0.0,0.0,0.0,0.0,0.0,0.0,0.0,0.0,0.0
W0659,1,1.1817857036083794,1.2190964727495208,1.7164317569980103,1.6054071273534438,2.6092462823663274,0.0,0.0,1.572435131893077,0.0,2.133221415417587,1.6080570701081909,0.0,0.9200874272450372,1.8678073684929204,2.5751680282620013,2.1675713774633585,1.765826018102481,2.540515922581703,1.3446040177183138,1.5400814962278269,0.5296633357307118,0.236725750941807,0.2767042547539133,0.2038919506091061,2.37436433649576,1.9709455662159228,1.0456873600849697
W0659,2,1.7471519569588434,1.4398945111522972,2.484652635679641,1.187214007057512,2.948196338905346,0.0,0.0,1.135531669598938,0.0,1.6107078018807648,1.6183629539552258,0.0,0.2002137763387355,1.5234022928291049,0.9295041051579648,0.7769860644029006,1.8021917466094952,0.9014610901763508,1.1189559478684803,0.6726863475964381,0.4785084979107035,0.254695901339256,0.5175713862347249,0.1635824961148203,2.6695171211898368,2.6137189308530875,2.141914887724784
W0659,3,1.35791494706595,1.3301713707231757,2.6346551067734625,1.0828950651110936,1.9563454379533016,0.0,0.0,0.8601399424991608,0.0,1.5711133455327029,1.5776772841130824,0.0,0.1102728511778864,0.5359787083299465,0.3308045398784195,0.3313028132371944,0.9234102731916584,0.3815282303251295,0.5344729504060128,0.3412134203407763,0.4187611200459816,0.2290977360268561,0.5926707708782218,0.1583381119716027,3.1160827693022264,2.2807898674538483,2.2095351697911068
W0659,4,1.1356592539766788,1.1354622865205537,1.9870066127746204,0.6739054979826662,1.6599906014920982,0.0,0.0,0.7386478368722926,0.0,1.074083981163971,1.3348674550059607,0.0,0.0643083849330533,0.4522682539709317,0.1411087616178077,0.1153180480253387,0.6915941204920946,0.2572648384821562,0.3528793989042696,0.1467796661535229,0.2514513487315443,0.106344516309227,0.5898575570955134,0.0566665594202201,3.8221460795152313,2.389374912872322,2.729036188636227
W0659,5,0.7286146364369104,0.9594435103219828,1.9190157121917744,0.5546694404463884,1.2083872815939014,0.0,0.0,0.63293008610039,0.0,0.7073348246727769,1.0516896875340065,0.0,-0.024156164391299,0.3664765714113882,0.0518440917432763,0.1395342641898286,0.4220771579900141,0.1941877210989198,0.2578246203794773,0.1149070001077717,0.2404490710972671,0.1216022528319209,0.6317755783886013,0.0915920995587493,3.5995253178881974,2.274463787357909,2.71267609839441
W0659,6,0.6888432931464243,0.6268406845587421,1.291768056316536,0.4071335636216122,1.165563662571231,0.0,0.0,0.3880700651816389,0.0,0.4544992586000664,0.8799613543345971,0.0,-0.0303293269568898,0.1676406650317581,0.1394271943702782,0.0411672583228002,0.3546349106551021,0.1653101229080093,0.2045720984694731,0.0943125695607961,0.2445878023879507,0.0782987662975845,0.6998810156331436,0.0677345287379802,3.905022486432084,2.371862256262293,2.610242322858015
W0666,0,0.5,0.0,0.5,0.0,0.0,0.0,0.5,0.5,0.0,0.0,0.5,0.5,35.0,0.0,0.0,0.0,0.0,0.0,0.0,0.0,0.0,0.0,0.0,0.0,0.0,0.0,0.0
W0666,1,1.8864720399409651,0.0,3.409978441285994,0.0,0.0,0.0,3.976635459678715,1.7154532335268766,0.0,0.0,2.003281523573662,0.9909017111313017,1.589680915552128,1.0518186722341214,0.6794948375604868,0.9481355499377576,2.253527443390989,2.7699144823279926,1.0428875555183454,4.813110693234338,1.0380133239172546,0.1369120997563955,0.1112573367156854,0.2978857935555502,1.3444216920964789,1.5291924925597633,1.1282764885691714
W0666,2,2.4998308992691465,0.0,3.4741154033213486,0.0,0.0,0.0,3.681155442437479,1.7453365687916862,0.0,0.0,2.5324159880703343,0.9209538723687632,0.1663393844576271,1.0685192206457812,0.3887457306610389,0.4195663464510054,1.658829229509618,0.753064461772483,0.6219679349753752,1.5241420338457587,1.1896065888052412,0.2231741208963039,0.2043176823950262,0.3147815986297544,2.741932598235607,1.78072681410809,2.970274993127512
W0666,3,2.1490223375962483,0.0,3.4157738898475234,0.0,0.0,0.0,2.625816986367081,1.2708735299819631,0.0,0.0,1.9877898485963557,0.926309734629863,0.0357282612432367,0.4587190755204502,0.1267402200440521,0.136882368922416,0.8191597997600044,0.2547631946927226,0.2204321654091151,0.549011435059952,1.0094612606383049,0.2917221291628523,0.1039325824937795,0.31581187883361,2.8374898860046227,2.2268778517631937,3.202631487244958
W0666,4,1.7565055835736063,0.0,2.8995408845134434,0.0,0.0,0.0,2.1665024379868942,0.8983624390752097,0.0,0.0,1.6927276299263383,0.8896039679791568,0.0437569179861485,0.3954687515225216,0.1276984220734757,0.0713826469240038,0.414662586255517,0.152935995179637,0.1866112668002598,0.2114036214862882,0.8152171930514337,0.0633662198524561,0.1817441122027243,0.2778525889783805,2.444923605494612,2.761677864957531,3.715417898443981
W0666,5,1.511581578267108,0.0,1.6437083836600126,0.0,0.0,0.0,1.512900279465096,0.6213928244154625,0.0,0.0,1.2817255768916571,0.6149376807589952,-0.0340029102843661,0.1028085341149133,0.0330771648477579,-0.0095823638422501,0.2522786973707794,0.1167633801546247,0.1272166582555703,0.1068361556217201,0.8154763327602873,0.1712064713406723,0.0247503193853743,0.1780673183826064,2.8333758641792075,3.0871628967126634,4.154675434942887
W0666,6,1.0919109327624157,0.0,1.3953987035735165,0.0,0.0,0.0,0.9391215120511524,0.5796026170080772,0.0,0.0,1.1265809033555456,0.4610781388853427,0.0006965830899022,0.1299083176564638,0.0555772488878494,0.0478482226343858,0.1957399739684025,0.0344959719476133,0.0507994874350811,0.0778935276357315,0.6497771813339757,0.0145034691977944,0.13928230696741,0.2175876801921094,3.3057511986863606,3.419815270164446,3.4992560882224533
W0676,0,0.0,0.0,1.0,1.0,0.0,1.0,0.0,0.0,0.0,0.0,0.0,0.0,35.0,0.0,0.0,0.0,0.0,0.0,0.0,0.0,0.0,0.0,0.0,0.0,0.0,0.0,0.0
W0676,1,0.0,0.0,4.658701813972231,3.682143053618228,0.0,4.787755808139106,0.0,0.0,0.0,0.0,0.0,0.0,0.6628338934724916,0.3832960315275406,1.145791380893595,0.9527199723105054,2.326976985161169,6.931237852960956,0.7772998201826854,1.9845766579973247,0.7564302007631216,0.176307543152094,0.1676696548421356,2.388738501505333,1.4752482644499871,1.2338229409910009,0.8685271907344396
W0676,2,0.0,0.0,4.919165773001522,2.6972868150400675,0.0,4.86252054524638,0.0,0.0,0.0,0.0,0.0,0.0,0.2489126331237889,0.3488689096864066,0.7239552386114115,0.2565899430941585,1.5853852680722154,3.0800733676403205,0.3477515441166124,1.4667303264487677,0.991013478948996,0.1380039720408889,0.3254058313253003,3.646196862508957,2.0091197931740616,1.8120709163842867,1.5413741892971986
W0676,3,0.0,0.0,4.444914784447032,2.357980698890083,0.0,3.474873554056689,0.0,0.0,0.0,0.0,0.0,0.0,0.0702604815396897,0.1912366822867102,0.4424849107735913,0.0023182531643159,0.7823126159264947,1.268226590329326,0.1950197568331012,0.7862208855877881,0.6860561775242457,-0.016654868279608,0.2982014834026495,3.600203957343189,2.37879180353158,1.8592647153390904,1.7615269256060615
W0676,4,0.0,0.0,5.260976454254271,1.6593830074334477,0.0,2.825570618572962,0.0,0.0,0.0,0.0,0.0,0.0,0.0676245533702961,0.1332710206225585,0.1919714814986961,0.033936061486291,0.4902198764872673,0.5499428656276976,0.090184509678206,0.3768517716927788,0.4292700946401908,0.0816404003045113,0.1996429638714702,3.7084803798654495,2.4886421900769857,2.270357012434294,1.722948635325828
W0676,5,0.0,0.0,3.659777202707338,1.2859650833720853,0.0,2.1523630495622426,0.0,0.0,0.0,0.0,0.0,0.0,0.0525597643005636,0.0720600332046117,0.1650132128283895,-0.0509938626304593,0.2936759963775728,0.3995379362188379,0.1596959492295959,0.3969572369776562,0.3921605106265735,-0.0145223437087724,0.170689476843335,4.300087862991068,2.592631419202943,2.762655300054767,2.0886570673854883
W0676,6,0.0,0.0,1.9541928115964584,0.8824784623526043,0.0,1.6022387705487602,0.0,0.0,0.0,0.0,0.0,0.0,0.008275171372961,0.0340112426165466,-0.0038250073842994,-0.0343985387496812,0.2520411812712102,0.3501511698098454,0.0415066166898486,0.263956906171189,0.2846545350119698,0.0415484293426519,0.2079408646246658,4.806012344331082,3.243903703842232,2.111512955411184,1.6811409645656914
W0682,0,0.0,0.0,0.0,0.0,1.5,0.0,0.0,0.0,0.0,1.5,0.0,0.0,35.0,0.0,0.0,0.0,0.0,0.0,0.0,0.0,0.0,0.0,0.0,0.0,0.0,0.0,0.0
W0682,1,0.0,0.0,0.0,0.0,5.65528361123094,0.0,0.0,0.0,0.0,3.80973280105945,0.0,0.0,0.262311982472077,3.416803361854209,9.913569663024465,4.578062831221844,0.987761539109563,0.5310042023236523,1.1107155222593093,0.6774403449450355,-0.0254298191428954,0.0373690284114464,0.0412403965951836,0.0042097553218458,1.8265448835076508,0.0019688752828746,0.0654135338838254
W0682,2,0.0,0.0,0.0,0.0,4.132567181669862,0.0,0.0,0.0,0.0,3.5334941934411788,0.0,0.0,-0.0181415009608356,3.508789090721315,8.91982482564566,5.842931173613639,0.9724614443689322,0.2019305162019117,1.3243376366233932,0.6078815734772964,0.0233594718478559,-0.0649468641228195,0.057697328156094,-0.0367547277367056,2.6836654423542177,0.0988286979635586,0.1027491905979885
W0682,3,0.0,0.0,0.0,0.0,2.660256611599772,0.0,0.0,0.0,0.0,2.428125946678475,0.0,0.0,-0.0193941573756478,4.231980408068538,9.744558444814931,5.368693817641884,0.8371556980990645,0.2165542079668555,1.163128756725538,0.4136836525378344,-0.0190571556709078,0.0605155138548987,0.0920203810547373,-0.0215935248860171,2.042153027115135,0.0411630201903716,0.0774777763893525
W0682,4,0.0,0.0,0.0,0.0,2.1513761377105003,0.0,0.0,0.0,0.0,1.6427740144659806,0.0,0.0,-0.0537697659475132,3.347719435041907,10.587397036942331,5.552769914314359,1.144989917544625,0.0912514884746613,1.37327754290458,0.2600846361282356,0.0639677955639575,-0.0155287635601531,0.1130089146604025,0.0611325675448961,2.351579742301489,0.071591690835228,0.1019267786907335
W0682,5,0.0,0.0,0.0,0.0,1.5848310936580858,0.0,0.0,0.0,0.0,1.4888801571685866,0.0,0.0,0.0010764688880716,4.312590875628646,9.600080055380094,5.632792618682491,0.8675479947861212,0.0689253632593198,1.3931337239501322,0.2621521641104573,-0.0124679987311742,-0.0329067691994252,0.118772010776115,0.0181182551851701,2.508093148893834,0.1091504779011476,0.1951238559205105
W0682,6,0.0,0.0,0.0,0.0,1.241420867065908,0.0,0.0,0.0,0.0,1.0462169923424098,0.0,0.0,0.0038352578753579,3.9109341536655946,10.119405036396849,4.3093251994146975,0.9890458370350268,0.0295054860366381,1.3457723696267665,0.2379842793247904,0.06053949473395,0.0792993171597631,0.0498847296768468,0.0159434258549101,2.1838937713364674,0.0956247569112803,0.1299070421309332
W0751,0,0.5,0.0,0.5,0.0,0.0,0.0,0.5,0.5,0.0,0.5,0.5,0.0,35.0,0.0,0.0,0.0,0.0,0.0,0.0,0.0,0.0,0.0,0.0,0.0,0.0,0.0,0.0
W0751,1,2.0853816385847592,0.0,2.4288531351096023,0.0,0.0,0.0,3.3755483178621266,1.7981931074441604,0.0,2.557182006144102,2.231718497743146,0.0,1.074711597367223,1.5170440983199125,2.6808103747560725,0.83721290891318,2.583538218002258,1.9365467183093088,1.2996291553278363,2.714687851852684,0.8160341167746428,0.1587279537128047,0.2103025352809782,0.1953544334431629,1.4997917292854204,1.32789740036707,1.1445715596048545
W0751,2,2.673551381119366,0.0,2.6475944971923875,0.0,0.0,0.0,2.724884179160844,1.4086408267920296,0.0,2.2793121607794977,1.872458653027618,0.0,0.1764258311028712,0.998680637577402,0.6104380900676869,0.5139716322155037,1.1780752431656694,0.6282459618647533,0.897566751339915,1.1439334949050908,1.1132406076417551,0.2234013566440907,0.2589973719125407,0.1942790523623752,1.981319304827505,2.1810885902771884,3.177352360560478
W0751,3,2.588512287931906,0.0,2.971560146758916,0.0,0.0,0.0,2.0597386891476126,1.1248692094029078,0.0,2.084843664775524,1.96197144609018,0.0,0.0848504106397144,0.6460762029730218,0.1764334138171997,0.2019515423768975,0.7579261356086198,0.2070324784837428,0.5617294630936753,0.4948389432245294,1.0030718469678228,0.2668849037565028,0.1686415946673652,0.2594407447192066,2.0426247140113127,1.9574019398626936,3.5836233061436
W0751,4,2.1468838151443768,0.0,2.48085044924729,0.0,0.0,0.0,1.6567601620990202,0.8520759299825807,0.0,1.36456341156199,1.2655386967111677,0.0,0.005938099034236,0.3477528993453957,0.0539713426526631,0.1108997572111277,0.3615244322858572,0.1784150542452759,0.3096795848592366,0.1393863205243911,0.7928224363764084,0.2232087302477874,0.185575634065101,0.3177944877520974,2.607312068286085,2.237248582079095,3.4134807302058108
W0751,5,1.5353298967637028,0.0,2.0376206123062883,0.0,0.0,0.0,1.3681720301162128,0.7931191360381892,0.0,1.211657396884135,0.984240548262111,0.0,0.1021009530674776,0.2699939980241104,0.0759901169126536,0.0672896054625524,0.3541400744895571,0.0030495787788994,0.1030513804068602,0.1242075271362924,0.774829731010321,0.2056578014625061,0.1897821105000302,0.2910133568176224,2.1309790222503224,2.806488249934948,3.8710270578676456
W0751,6,1.1724726599302826,0.0,1.3123852475752686,0.0,0.0,0.0,1.0215325453943511,0.3949824039897067,0.0,0.7650187696986188,0.8637485948207164,0.0,-0.0325899945285086,0.1522584755352576,0.0793667775325681,0.0753593206629283,0.1343624259447944,0.0451874724727441,0.1563055386463575,0.0226563827805097,0.5964089510016265,0.148313577747971,0.2530200372936577,0.1121827469460167,2.36229905623769,2.6694939100805453,3.3182767167385783
W0768,0,0.6,0.0,0.6,0.6,0.0,0.0,0.6,0.6,0.0,0.0,0.0,0.0,35.0,0.0,0.0,0.0,0.0,0.0,0.0,0.0,0.0,0.0,0.0,0.0,0.0,0.0,0.0
W0768,1,2.2046624456502246,0.0,3.010203859459394,2.598976621779814,0.0,0.0,3.941557570120744,2.0366945960574205,0.0,0.0,0.0,0.0,1.1063161767541658,1.2351078805751514,0.4369526356158543,0.6056432511520007,3.359593193627153,3.536272822703234,0.867674825621808,4.190781569551854,0.7636866126827098,0.3665421771214449,0.2042845414714084,0.1836972530825364,1.904112960449709,1.5659945969761164,2.0802279552807432
W0768,2,3.4493657820417627,0.0,3.986775019482264,2.1948774699371585,0.0,0.0,3.641440433516029,1.711119805233087,0.0,0.0,0.0,0.0,0.2392910147690395,0.7715055609355859,0.1395093146053813,0.473145636254295,1.5689328554268314,0.8286091440347731,0.4481353565441982,1.0701175048115843,1.2865827591026635,0.3813226578223149,0.0998588766268414,0.4337628742275738,2.5638797782194973,1.8402712622049575,2.622735105809721
W0768,3,2.6246707810237244,0.0,3.2060184617726937,1.5873667517610897,0.0,0.0,2.7671069037527167,1.294954292916837,0.0,0.0,0.0,0.0,0.1297196941642924,0.4420788351285637,0.0570561010766323,0.2041377853838744,0.8759031629429508,0.1238932243558741,0.2863847620397647,0.4564085541555094,1.2066072847896707,0.4200857968612684,0.170982608838708,0.4262027520070787,3.06159781597931,2.4020930773422484,4.805175756139505
W0768,4,2.0629359762557864,0.0,2.81144789335752,1.0962390952417511,0.0,0.0,1.8893898806844864,0.9525171652643016,0.0,0.0,0.0,0.0,0.0782628630674041,0.2628169517954743,-0.0432209584579874,0.0927750282977581,0.4434451868840294,0.0917585167135073,0.196363137783817,0.1682360818126321,1.0802156690223057,0.3092997884394942,0.1409597547925687,0.4544160602187535,3.389616200936277,2.5027141329443,3.945580018485099
W0768,5,1.7887701037982473,0.0,1.928092365724648,0.8668522296020529,0.0,0.0,1.9075154595320616,0.7048131794418632,0.0,0.0,0.0,0.0,0.0308448180581575,0.200343036106328,0.0076408645864829,0.1320016941203287,0.2113354533598946,0.0557156260420537,0.1582027756103335,0.1359690806153589,0.9565661874043988,0.3954361394423386,0.1955514322856911,0.3710082112087981,3.613403519662703,3.062533442776697,5.002035057405797
W0768,6,1.4420250441097466,0.0,1.4710632389925271,0.6259676985936306,0.0,0.0,1.0455552706763442,0.5490065922125076,0.0,0.0,0.0,0.0,0.0301932178094926,0.1303171635813163,-0.0002388848730571,0.0273986116367876,0.3097524310099372,0.0155539398157506,0.055414117561223,0.0534952215114554,0.7391407132726457,0.3958921266497038,0.1447978771915061,0.4412551883195365,3.3613854944940003,2.8140961368990784,4.059626395721144
W0790,0,0.0,0.4285714285714285,0.0,0.4285714285714285,0.4285714285714285,0.4285714285714285,0.4285714285714285,0.4285714285714285,0.0,0.0,0.0,0.4285714285714285,35.0,0.0,0.0,0.0,0.0,0.0,0.0,0.0,0.0,0.0,0.0,0.0,0.0,0.0,0.0
W0790,1,0.0,1.450748755530353,0.0,1.489938207116318,2.896367969767138,2.302412169281152,2.029850365326196,1.2718156931355091,0.0,0.0,0.0,0.7294937813558607,0.7448607052989636,1.4930093693388282,1.2616898609568283,2.548922819245987,3.291360339677618,3.0120758149416966,1.1211509333322318,3.1897264017513227,0.1068489358705309,0.279780641913288,0.2229011423018244,0.7183657661413562,2.3494397602765824,0.798553305146444,0.6125158825422843
W0790,2,0.0,1.8477003529460687,0.0,1.4453291734358409,2.049093263980239,1.7417439204742038,1.9082613272775664,1.2880125551292323,0.0,0.0,0.0,0.7277093533819012,0.0317081271757328,1.175684427822585,0.7839922999232569,1.7930459974948392,4.474520144469137,2.4048911874065504,1.0669612418761047,1.5011413985639637,0.0343544959761499,0.1494462400781632,0.136642211295932,0.2324851784586862,2.567412492771588,1.2193173137227078,0.934524669462748
W0790,3,0.0,1.633492969253307,0.0,1.2276721069268155,1.9630850588258968,1.5042828527926129,1.6530605815356454,0.9840115655273352,0.0,0.0,0.0,0.7595177258034863,0.000460148024691,1.1281812341893227,0.5329089813184643,1.3746724661441767,4.801197464750918,1.8798531684708977,1.0167160913986344,0.7084824086025584,0.0743522277184184,0.0593544145027006,0.1204112524259291,0.1982038274169024,3.1955473906986085,1.2874834781314366,1.459632212935998
W0790,4,0.0,1.7271290165805409,0.0,0.8514658563669639,1.1224590652903714,1.0645865410981596,1.3818540340536938,0.8021623362680366,0.0,0.0,0.0,0.7232973188666381,0.0006089044397942,0.7473884117042623,0.324334997216843,0.9888230964719524,4.918706746372007,1.789965696435822,1.106526984233173,0.4887894419580865,0.052897425504469,0.1719266598976361,0.0267161611695875,0.1287368843621924,3.30255129369793,1.2865754076204765,1.3529743623424064
W0790,5,0.0,1.514153636169263,0.0,0.6357504962320327,0.9808587277308872,0.6160479720653445,1.0255577690813718,0.6835621235135553,0.0,0.0,0.0,0.4708339025084874,0.1167701475344246,0.684618133320748,0.1815871472524894,0.929426578876593,3.880512695363117,1.1225312145697075,0.825829681019592,0.3028683952360996,0.0672794619197446,-0.0155821793002411,-0.0158002358419485,0.1255521694914858,3.38048880011259,2.19581224472201,1.839167029674421
W0790,6,0.0,1.3152378531967512,0.0,0.5937167769875878,0.7652791271652689,0.5231470078779351,0.5797857525011391,0.4667439135491469,0.0,0.0,0.0,0.4783260960187184,0.0466242670917354,0.3981950850397716,0.1546335619693433,0.4696765807045872,5.113642992728044,0.8362205025247538,0.8079907147065492,0.1898338670192703,0.0554554376777673,-0.0145372033370052,0.1226099830055331,0.1420996692179992,4.277811386332999,1.856416329056952,1.9119292203858245
W0829,0,0.0,0.0,0.75,0.0,0.0,0.75,0.0,0.0,0.75,0.0,0.75,0.0,35.0,0.0,0.0,0.0,0.0,0.0,0.0,0.0,0.0,0.0,0.0,0.0,0.0,0.0,0.0
W0829,1,0.0,0.0,3.442890435747623,0.0,0.0,3.87856828128588,0.0,0.0,3.291058467878875,0.0,2.8668704857759386,0.0,0.8382482205742676,0.9114170339395782,1.7951796636909858,1.0676248122836132,2.073959029505665,3.8830097426165735,0.9935743507475626,1.264974375705181,1.1475084820244277,0.2021177664851316,0.5389218870783229,1.54596456389928,1.2535019786090955,4.4958712575128885,0.7705695592539046
W0829,2,0.0,0.0,4.208786436233035,0.0,0.0,3.4729458455078497,0.0,0.0,3.5198439243457638,0.0,3.181876379081712,0.0,0.1455523420136775,0.7182677990155655,0.9262391435413984,0.2039762864439417,1.093454555639109,1.5111903313305026,0.3699722580099366,0.7998043929176163,0.7496117013107853,0.316367588867593,0.6966134618118358,0.6719420436564172,1.922997974233076,4.885974047877142,1.6150253285426146
W0829,3,0.0,0.0,3.540443637393952,0.0,0.0,3.647035682712129,0.0,0.0,2.670574647808762,0.0,3.2386746973572977,0.0,0.0421415461913685,0.4732297972283735,0.5717912814485422,0.0635057542001467,0.6697244432526074,0.675293510417796,0.1482333833256944,0.3546328695994883,0.4396204322349621,0.1957004690316647,0.4272780371725995,0.4155445063215277,2.523642875830985,5.086708152574666,1.9359953072073883
W0829,4,0.0,0.0,2.64693484746556,0.0,0.0,2.099332003637168,0.0,0.0,2.2446231455782386,0.0,1.933743839546057,0.0,0.0274778050004982,0.2923927641234925,0.2322205696479807,0.0586983879102245,0.370258311667614,0.470323131220122,0.086705309936481,0.1359613628872387,0.2455500233992756,0.0787142511275559,0.3113699522206042,0.2520905798825713,2.290303817530849,4.59020109417853,1.7652979031175042
W0829,5,0.0,0.0,2.221722541461196,0.0,0.0,2.1179431111379428,0.0,0.0,1.593780149442281,0.0,1.6409253040278131,0.0,-0.0218577339704479,0.1500725615356428,0.2139650952877951,0.051005046584453,0.2441051573081209,0.1380794305799437,0.0152996552339478,0.1089887004394046,0.157259618273439,0.1312193567267494,0.3639196239615238,0.1718655332540226,2.823032643111852,4.3276341605556174,2.2654781505336983
W0829,6,0.0,0.0,1.6823706511457892,0.0,0.0,1.4293522372484766,0.0,0.0,1.3545399535726452,0.0,1.7161363818018178,0.0,-0.0614318822992973,0.1393481778080852,0.1282372006139777,0.0385743603952118,0.157026159060626,0.2082171477288674,0.092251630306955,0.084017000801294,0.1707722120425103,0.0996723077047755,0.1806044214184636,0.1209676919880414,1.9132100745452905,5.067824046040779,2.1513590654098533
W0859,0,0.0,0.6,0.0,0.6,0.6,0.0,0.0,0.0,0.0,0.0,0.6,0.6,35.0,0.0,0.0,0.0,0.0,0.0,0.0,0.0,0.0,0.0,0.0,0.0,0.0,0.0,0.0
W0859,1,0.0,1.919014780273643,0.0,2.59470250434731,4.511805311528817,0.0,0.0,0.0,0.0,0.0,2.9034043032034047,0.980909280354814,1.0077879453897145,2.022095616230104,2.0807451185185557,2.512831018195352,1.615504263411362,3.5833528774405137,1.2417007570091612,1.1706156811728152,0.2608453403668627,0.1825063896889036,0.3363887224425607,0.2366535643886618,2.6041714205434388,1.5956681707477456,0.7228356838593706
W0859,2,0.0,2.1495789522206383,0.0,2.054967381203685,4.438969678393495,0.0,0.0,0.0,0.0,0.0,2.6785529201803886,1.2594017873795953,0.1565383030596547,1.6420099769973724,1.3732789656627904,1.542706264022535,1.9479499271413536,2.706596364556293,1.0975760604730749,0.4390283814890197,0.1600075147438526,0.1993865618821563,0.4283865142875466,0.0699838662041773,3.220018152796133,2.068516308279311,0.8191721397946824
W0859,3,0.0,2.848069714059706,0.0,1.2917075730452583,3.226315831094103,0.0,0.0,0.0,0.0,0.0,3.00281110444202,1.0039193790877776,0.1198398162257244,1.4152961547668856,0.7851927055251976,0.6730380775118525,2.052787614786894,1.9553752232061072,0.9318493751297308,0.2047029615738939,0.1653118453111465,0.0703001858651229,0.4982157502522548,0.1487196122328824,4.254765775778757,2.255817238934464,0.9514023366876122
W0859,4,0.0,2.342044384727003,0.0,1.443466903512398,2.408443607423434,0.0,0.0,0.0,0.0,0.0,2.5715499022032446,0.9910391137535808,0.028236480862632,1.1959279651793842,0.5195668591815052,0.3989417046358196,1.6274071576858278,1.3857182798146368,0.6493791228200256,0.2288203568000871,0.3101235764673286,0.0584989975673509,0.3045754007236976,0.1312601769140882,4.028441758624345,2.3338302169373675,1.3167041208030348
W0859,5,0.0,2.0778388520921363,0.0,0.8367262442152037,1.814621405735772,0.0,0.0,0.0,0.0,0.0,2.514919692383696,0.7304607869841331,0.019517310508742,1.022252219785973,0.5310488319754267,0.3143683870987418,1.418394792814355,1.241513053135722,0.5441031381300886,0.1176590734646893,0.188574523068693,0.1561455306434383,0.3366750918926851,0.0588299559051153,3.801281457335055,2.717393511301153,1.3293800908371864
W0859,6,0.0,1.5420571574091109,0.0,0.7515356712182203,1.148450423261853,0.0,0.0,0.0,0.0,0.0,1.9904626857193184,0.5483383858190345,0.0499415732106536,0.764349548437245,0.3655406500489417,0.1534609939379386,1.054868504269246,1.0077727850564595,0.3619220854933677,0.0886151513877555,0.1171051518741661,0.1315337793383661,0.1692163692885697,0.1029001988754721,3.6201865898095034,1.9605428667102616,1.834186916279355
W0874,0,0.375,0.375,0.0,0.0,0.0,0.375,0.375,0.375,0.375,0.375,0.0,0.375,35.0,0.0,0.0,0.0,0.0,0.0,0.0,0.0,0.0,0.0,0.0,0.0,0.0,0.0,0.0
W0874,1,1.2613045189340717,1.264412384704287,0.0,0.0,0.0,2.6969201958964426,2.117702298177134,1.342649405721384,1.6380992899460125,2.194107851581115,0.0,0.7397003333201775,1.338415197126255,1.413831991067204,2.3541652981254435,1.2657071312151398,3.911628131067359,1.728016047316925,1.356296663620916,2.389448976425631,0.187008585040107,0.1538458138817637,0.1611626320535058,1.0762592613462427,1.456890037847668,2.211752459128029,1.0951195231685595
W0874,2,1.5978011414992157,1.5254929688841163,0.0,0.0,0.0,1.963884780455608,2.3231444619301564,1.2223232000173834,1.9364331253506348,1.9726797088165,0.0,0.7208937208831511,0.2220305918996982,1.2509627059673298,0.6785939816738502,0.9934041521108514,2.944551206954158,0.6178682188264792,1.047944291730657,0.6159608743622086,0.3102289173201386,0.1637827628647815,0.2644719112986317,0.9369501419190022,2.120073130647496,2.289054309154131,1.6576237631779986
W0874,3,1.8315270516251076,1.2165117016435718,0.0,0.0,0.0,1.455033731296516,1.48120854343992,0.861442291673539,2.0107918106893754,1.4494074028099742,0.0,0.6933471421854547,0.1010453728574327,0.7761861488336218,0.240932160939255,0.6044348144672257,3.0969433315748875,0.3201449511246919,0.7382626255794731,0.4042175775694261,0.2511695043143098,0.1520954286576703,0.1645233896722094,0.6572015066973379,2.734137758411345,2.9128012383630826,2.8033861608162267
W0874,4,1.5875577814353077,0.9714247424814024,0.0,0.0,0.0,1.254137237323463,1.206416976561524,0.6227550396447644,1.7677913143653714,0.9354550757209928,0.0,0.4495276717773164,0.0596510211210299,0.5789697206784243,0.0842094531005192,0.567108071577698,1.6769198563237186,0.2266147771038825,0.555590373310424,0.184448437149344,0.2351451580806916,0.0273270935058829,0.1582151426761861,0.5416770941266787,3.5314864744509182,3.4549984982038358,2.7199835434864377
W0874,5,1.22089014605317,1.0093720895711862,0.0,0.0,0.0,0.84092881595071,0.9719029037755812,0.5993908505605581,1.1539466096987812,0.7200174668967299,0.0,0.361706873774562,0.0348912979215799,0.6764178107008331,0.0189785787692568,0.4057025069465808,1.5434341185408378,0.0946843865058596,0.4425142832813877,0.1547596534437246,0.0972669197827938,0.1209903264282968,0.1635101846050262,0.3174861522207793,3.0801932449371416,2.937783604540328,2.642639407873996
W0874,6,0.943074610826108,0.7226933369190033,0.0,0.0,0.0,0.6634581464125052,0.7882126827854443,0.4308903453462911,1.1140631260276916,0.5916477412207387,0.0,0.2684045132908322,-0.0365301241262289,0.4247148792258741,0.0771551606201447,0.2356270457557634,1.519807736260313,0.0978187999175683,0.3694876775340132,0.0733572384029454,0.0955982026268359,0.1048654437680498,0.1088692510224355,0.3445659929983945,3.698107040901236,3.1945483590912414,2.761968249967103
W0892,0,0.0,0.0,0.0,0.0,0.6,0.0,0.6,0.6,0.0,0.6,0.0,0.6,35.0,0.0,0.0,0.0,0.0,0.0,0.0,0.0,0.0,0.0,0.0,0.0,0.0,0.0,0.0
W0892,1,0.0,0.0,0.0,0.0,4.120778929057095,0.0,2.4868501641015524,1.5189460769519936,0.0,2.6544940837538875,0.0,1.0390166279572348,0.657093654186115,2.1604561472541737,3.5627128687002534,2.46656518353686,2.596631693796636,1.7580957017576286,1.4098418254121607,4.693894277594586,0.046772871361628,0.0717385705398525,0.0798486056339938,0.1319848007593508,1.7408640271423077,0.2949082484786389,0.6445838469576326
W0892,2,0.0,0.0,0.0,0.0,2.573761650013185,0.0,2.92700942988089,1.7399662464184211,0.0,2.036334470460923,0.0,1.2101058418177089,0.0495701524980011,1.7511846453841184,2.0089012812983458,2.4850099205481944,2.911842940024206,1.0155218559123482,1.503180761557818,2.938687098160357,0.0559329860778882,0.0383678155165854,0.1371205753302313,0.081726644011946,2.494766449306802,0.4457010943175611,0.927782795537644
W0892,3,0.0,0.0,0.0,0.0,2.0586296688611165,0.0,2.0692201419697263,1.5271219585920908,0.0,1.9394344053199368,0.0,1.349952255935439,0.0683503430260576,1.6815895795318805,1.6504560602084588,2.2464566927409235,3.676284923685514,0.9997292735629116,1.478912200895587,1.7194354248682553,0.0858774509880167,0.06402573357877,0.0784980567250782,0.0072244851832219,2.6683253412592327,0.8149806915998532,1.822575249178823
W0892,4,0.0,0.0,0.0,0.0,1.183418976943466,0.0,1.670788641267782,1.667799043707222,0.0,1.801879286916237,0.0,1.2002403066359433,-0.0230744987743603,1.5586171927549537,1.247256945788347,2.3923318872096453,3.5960104003966507,0.7292923851636376,1.308929722982183,1.519228288742667,0.0147358396115542,0.0811688560066141,0.0517779910897259,0.0040786294437631,3.0217910479786787,0.9108432772247216,1.5123408937199536
W0892,5,0.0,0.0,0.0,0.0,0.8783127746152529,0.0,1.1973186823029505,1.3790864486479593,0.0,0.9696197980560156,0.0,1.0147226369881206,0.1326297072915214,1.5233166204136612,0.920519751470524,1.3385149800417118,4.113047451192567,0.5113770011084461,0.9858797333335894,1.121827153623856,0.0152486638832433,0.0604435109482723,0.0563544289717006,0.0105410281254153,2.8858109101254645,1.2134573671863882,1.6161616764997184
W0892,6,0.0,0.0,0.0,0.0,0.6330249833027215,0.0,1.068292406798109,1.1240195989637058,0.0,0.8364688586570315,0.0,1.0064750280867656,-0.0075451370642254,0.9747133313770326,0.7438137971749698,1.544836774023714,4.095558041548111,0.4544148604312798,1.0318793950976712,0.7990689334824254,0.0206691514814818,-0.0432772390740164,0.043135009504226,0.0405059250586854,3.553565157147021,1.2631215579017236,2.266166267091073
W0896,0,0.0,0.0,0.6,0.0,0.0,0.6,0.6,0.6,0.6,0.0,0.0,0.0,35.0,0.0,0.0,0.0,0.0,0.0,0.0,0.0,0.0,0.0,0.0,0.0,0.0,0.0,0.0
W0896,1,0.0,0.0,2.379873639376265,0.0,0.0,3.260364892812791,2.9039144877938994,1.7143410749477412,2.9759350682132086,0.0,0.0,0.0,0.6474435952432731,0.8079703240100516,0.8049013252172386,1.2245903946888337,3.272637294626114,3.481062836757339,0.94768142307227,4.068291448639178,0.4875999587771906,0.2475201338917707,0.2934976853456585,1.4822653672067787,1.480234243458982,2.378958594396658,0.5976742750073722
W0896,2,0.0,0.0,2.6879167056515167,0.0,0.0,2.3040448624916143,3.3107876239088414,1.5639286729939943,2.954204564505772,0.0,0.0,0.0,0.0869661462192937,0.7200703005218796,0.5227353181738018,0.5025106158065463,2.225583329441016,1.19942772383839,0.4425077058066302,2.2482458483250123,0.610234542035636,0.383677463772005,0.2656687681782278,0.8522537621710004,2.370288000717428,3.036930665535277,1.5079305950058577
W0896,3,0.0,0.0,3.34618343547451,0.0,0.0,2.2421341199919245,2.337717527341773,1.372018286733998,2.5920921669152297,0.0,0.0,0.0,0.0451144820297878,0.6136147053647497,0.1610759176774325,0.1647531139969994,1.6879266207892534,0.7158900641049297,0.1355453785043756,0.9131333128231488,0.5423117275807402,0.3212514968306884,0.293655507393653,0.6462444891493362,3.026206875983096,2.76569431752392,2.1559162915553705
W0896,4,0.0,0.0,2.58448492814842,0.0,0.0,1.5184147553014185,1.3570377431700764,0.9942363978397212,2.07660990658342,0.0,0.0,0.0,0.0719418689215924,0.2847897894397685,0.1844539618941894,0.1313583377624658,0.9801139176811808,0.2500150369344956,0.1460884155221401,0.5035561197792278,0.3465667050900256,0.2608491117193477,0.1391017220973126,0.498341466653585,3.0169242664049696,3.139035804744424,2.360051376307237
W0896,5,0.0,0.0,2.302212983790436,0.0,0.0,1.2325373111828155,1.1514949188983086,0.5935181902247395,1.795145038609346,0.0,0.0,0.0,0.1131878026332454,0.2612799007173836,0.0530218151150258,0.1518107040558329,0.6406119270663069,0.1793256500431486,0.1051417516904539,0.5219114086170893,0.2667192585929108,0.2258923932218123,0.1677425573582402,0.3633777318603624,3.0386021849059643,4.727274624371873,2.516697138577044
W0896,6,0.0,0.0,1.8020871595188852,0.0,0.0,0.9153886985862733,0.8703329923921084,0.5546472726235272,1.653431104749126,0.0,0.0,0.0,0.0222886774759638,0.1587474646413783,0.0892179987473986,0.0730622663144117,0.3850373810967976,0.1491546623493514,0.0608844251917984,0.268844730950691,0.1763183586584561,0.0751311211761041,0.1200020227693581,0.2224587011042467,3.158734946145994,3.5145557331698485,2.4796389175799725
W0928,0,0.0,0.0,0.5,0.5,0.0,0.5,0.0,0.0,0.5,0.5,0.0,0.5,35.0,0.0,0.0,0.0,0.0,0.0,0.0,0.0,0.0,0.0,0.0,0.0,0.0,0.0,0.0
W0928,1,0.0,0.0,2.3201605106457794,1.782423619210609,0.0,2.7488081841680367,0.0,0.0,2.3624476854350998,2.837547327901293,0.0,0.9070060125987622,1.1775252533614906,0.8438841941346173,4.00487379389272,0.7749051275388723,1.9768231187286345,3.9522604966325408,1.2431718068679574,1.2336295000948083,0.4871647055577401,0.2329747297779793,0.2420228967887623,1.5436519707159928,1.3633860911621922,2.183687842467904,0.7618212582077499
W0928,2,0.0,0.0,3.277502195313042,1.1815155345214028,0.0,2.349597785972626,0.0,0.0,2.798589124846217,3.0105855260079712,0.0,0.6863081778479979,0.2141935137869167,0.7363420966770368,2.01766954681026,0.2250919989088192,1.5056522029734352,1.4941878122911931,0.9724956980895813,0.6632610894489563,0.5132641556575428,0.215813028283529,0.3783283309316533,1.1305510009962842,1.944849415419814,2.884364542798711,1.343811235167408
W0928,3,0.0,0.0,2.871867641033105,1.1885725381834624,0.0,1.9282634895055109,0.0,0.0,2.316066176370323,1.8835717498199984,0.0,0.7351935224399838,0.0825661030769443,0.7072091895876768,1.1879763538003436,0.1438019353097241,1.4951100915395077,0.6068488302259061,0.3116975692874509,0.2989805543050662,0.593512212880448,0.1892562824919247,0.2692929627144045,1.0300538751409096,2.4996851081824367,3.2587229749209854,1.5835169204137884
W0928,4,0.0,0.0,2.5758115819063696,0.7966938282624374,0.0,1.4849156491600273,0.0,0.0,2.282621757647034,1.4743214424044473,0.0,0.73723716725381,0.073699563127157,0.4380269605315237,0.4829408169067026,0.0686911858668088,1.148443759052885,0.4114498132481934,0.2463102583484374,0.2382791352924105,0.2868259571525836,0.2661330878748147,0.2874945584028781,0.7787168927551876,2.5894676904507565,3.2877806247242694,1.878268590322686
W0928,5,0.0,0.0,2.5711686951856088,0.5185605893501699,0.0,1.1312500987792729,0.0,0.0,1.4819781209458585,1.1072895544501575,0.0,0.5506887072544118,0.0139685381201419,0.3130886623142662,0.4734865158268161,0.0698886597053581,0.9753932857759492,0.2037495622978082,0.2171565468485078,0.2968826715039678,0.3559639603886431,0.0744630704389263,0.229524416931343,0.504390488154836,3.105742450291702,3.4160792206781934,1.919301547286481
W0928,6,0.0,0.0,2.096315573896456,0.4480640505690291,0.0,1.0053988714502151,0.0,0.0,1.1154510758553002,0.9952962083364402,0.0,0.4718381307196264,0.0215491192892959,0.1911743616544618,0.2948451263470857,0.0419415953052606,0.5669314139370104,0.1863067667500932,0.0821215641186708,0.0662838947567782,0.2205826374656399,0.1408195096421665,0.1873753172824151,0.3930610776199344,2.7322935414359644,3.0485975114652177,2.331532176323788
W0943,0,0.5,0.0,0.5,0.0,0.0,0.5,0.5,0.5,0.0,0.0,0.5,0.0,35.0,0.0,0.0,0.0,0.0,0.0,0.0,0.0,0.0,0.0,0.0,0.0,0.0,0.0,0.0
W0943,1,1.381895832416674,0.0,2.689343840492058,0.0,0.0,2.9408574804251595,2.882245953930082,1.5988814209880775,0.0,0.0,2.0235265279647714,0.0,1.1769168091684388,0.9755265475083292,0.9574541184837538,1.8387023320625488,2.828356294993128,2.137279078789312,1.409800088878388,3.4992632139437583,0.6443050922670668,0.1286166364129996,0.2008525059908271,1.0679960532845247,1.6927136162437268,1.7050361631705224,1.1614392932543072
W0943,2,2.322781028272865,0.0,3.077187539084933,0.0,0.0,2.2999075066906816,2.6799100419605275,1.3682423631154934,0.0,0.0,2.642242394253312,0.0,0.2083414883583146,0.884808283053079,0.4377033790761062,0.5984291673915424,1.5164373745632749,0.943807669812204,0.7770891633344758,1.5856181268802554,0.6800635075712284,0.1761778233430124,0.2494195452980935,0.9429239017443634,2.2843394885870096,2.176986489969833,2.669308948552036
W0943,3,2.385971535663452,0.0,2.634505979681925,0.0,0.0,1.635781681052976,2.2209727897077127,1.254503357020508,0.0,0.0,2.291674149517084,0.0,0.0607497145697858,0.4487974125255732,0.2001459700641676,0.3294114931470054,0.6951029686657814,0.2727664598653126,0.519677735281795,0.6090223626971711,0.6073928366228829,0.1475084702769656,0.2524919986829638,0.7331709613556563,2.513726275705044,2.2296021956712093,3.425028673368389
W0943,4,1.5576178505201912,0.0,2.6685176215437028,0.0,0.0,1.4008027151994642,1.792188556353391,0.9322052798422208,0.0,0.0,1.5665753293172369,0.0,0.0321292853912958,0.3768672619306423,0.1269485009054898,0.2080867224625435,0.3872357761541224,0.16906856694424,0.1769186960051094,0.4285296041489541,0.5327795298271407,0.1569808146774505,0.1816305950532315,0.5737422161322299,2.507195692057561,2.739954271632308,3.822361604361873
W0943,5,1.305590175108651,0.0,2.1650095468094506,0.0,0.0,1.2754536070161162,1.0039413154748138,0.5546768805895564,0.0,0.0,1.468326740515256,0.0,0.0850489104826689,0.2575613822600553,0.0900376093193259,0.1727928763050982,0.3785751176216981,0.1176317645202505,0.1579412845379402,0.2747046391468435,0.2816001387663517,0.094524871296456,0.1875985330710733,0.404271924174529,2.3622809143827137,2.5699114904290554,3.733114902610357
W0943,6,1.134731557506308,0.0,1.752936057009597,0.0,0.0,0.717375747876956,0.8720588280982967,0.4995248554552587,0.0,0.0,1.032327511063785,0.0,0.0386083777527386,0.2429419963839908,0.1134902804106802,0.0921741410386053,0.2361877789868494,0.0581843159071177,0.1181548405311588,0.2089490625326523,0.3336342946296408,0.0824215095137204,0.2337020724471487,0.3533835622039361,2.273730917306046,3.0043232983427126,3.996962025985322
W0948,0,0.0,0.5,0.5,0.0,0.0,0.5,0.0,0.5,0.5,0.5,0.0,0.0,35.0,0.0,0.0,0.0,0.0,0.0,0.0,0.0,0.0,0.0,0.0,0.0,0.0,0.0,0.0
W0948,1,0.0,1.5399812333628486,2.331214565828452,0.0,0.0,3.3116684052900025,0.0,1.6976843850936516,2.0216499996128103,2.416546247198746,0.0,0.0,1.267970092490482,0.8767616451985556,2.625478296515132,1.042355650614986,2.696016283110742,2.716041303949243,1.2234427647895978,1.3901842115618055,0.4467814782350645,0.2596852966409797,0.2500115582513453,1.31018690945491,1.6879619637169267,2.646677242782275,1.1257895686562451
W0948,2,0.0,1.66596190270814,2.816919281300859,0.0,0.0,2.29725911742628,0.0,1.4235817457232507,2.1769583902461367,2.315369433892165,0.0,0.0,0.1998651192691689,0.8348612848041593,1.0664840965793494,0.4124646841214091,2.4327146700341515,1.0590625988465343,0.6755802185059623,0.6022179349598494,0.5766958358846196,0.2946530065768784,0.4126122612145038,1.0722336688748333,2.3619106541887818,3.4281225370328663,1.433722795429936
W0948,3,0.0,1.7531637745524264,2.1967137457426587,0.0,0.0,2.011668514617544,0.0,1.342862756828957,2.070930603218792,1.961310488166928,0.0,0.0,0.0382502127293376,0.5672038803412539,0.3510968351468788,0.2844441163527025,1.624153125475063,0.4626021543706095,0.4133592890343641,0.368369519569869,0.2808380249617257,0.3255537360117615,0.3437736312565603,0.9749535563059178,3.4027526759954605,3.861935629982999,2.243580086689132
W0948,4,0.0,1.1293292492587788,2.1521909611395675,0.0,0.0,1.6604397983559172,0.0,0.9368330461932536,1.8993298675487813,1.4466375585843037,0.0,0.0,0.0908666577566893,0.2620211769785864,0.1670491346883744,0.1560863684311735,1.4087023513867494,0.2011340544578727,0.1817068011787684,0.248705096596042,0.2568156816408767,0.2367996233255445,0.3478757206049709,0.6880035399648232,4.090104695659205,4.396354327671238,2.199098213082362
W0948,5,0.0,1.0890979686037103,2.3046773997664767,0.0,0.0,1.2634800372270552,0.0,0.6795645611707903,1.5449473778674696,1.1655327586752386,0.0,0.0,-0.0484300365841521,0.2067337499546195,0.1008121243273712,0.0281991612699769,0.972791403866194,0.1081343681026632,0.1080856653631189,0.1764667896412959,0.2464235667936084,0.0963074629460609,0.3096260352773828,0.3917591226075136,3.3392402017340705,2.8367315589688595,2.6788050258692757
W0948,6,0.0,0.8206834649933709,1.6540191367250037,0.0,0.0,0.911345292485364,0.0,0.5370910351523789,1.1338957225007,0.7719399379387384,0.0,0.0,-0.0119670092904745,0.2289211971927721,0.1231165520889225,-0.0259933361183536,0.7272761680835005,0.0770226836211871,-0.0118840485246094,0.070205498095756,0.1466198819090002,0.1799735927009191,0.2794118784529297,0.510745127723111,3.5407176862921284,3.030945752809345,2.673736374774456
W1002,0,0.0,0.0,0.6,0.0,0.6,0.0,0.6,0.0,0.6,0.6,0.0,0.0,35.0,0.0,0.0,0.0,0.0,0.0,0.0,0.0,0.0,0.0,0.0,0.0,0.0,0.0,0.0
W1002,1,0.0,0.0,2.846381268188252,0.0,3.316964458100339,0.0,3.266048486513366,0.0,1.968321116277866,2.287122950096951,0.0,0.0,0.5515386451461048,1.8168676213090744,2.9531730961100444,1.4820154652796034,2.8567229991290484,2.131111651359169,1.1649775770475623,2.777059915832636,0.3929427589993409,0.1184252960984142,0.2374956110712811,0.1838889832188967,2.063763396271172,2.042696704134616,0.6836628772721547
W1002,2,0.0,0.0,3.5187194264552084,0.0,2.662471438046068,0.0,2.6750122793859483,0.0,2.465551596986791,2.3424438855483785,0.0,0.0,0.0867377875484197,1.3770276654418925,1.4959359948509896,0.5413477846644944,2.493203806178552,0.7733723877771345,0.4948889830739896,1.5905436894656777,0.362557467579513,0.2690640145662504,0.4201844117369169,0.1706859371714142,2.2881044847014804,2.863268796460702,1.3089692605518353
W1002,3,0.0,0.0,3.9233299096588414,0.0,1.8238463157682896,0.0,2.215326336092808,0.0,2.3999464693363124,1.6762292711322897,0.0,0.0,0.0522035604238468,0.9645610581379416,0.6891002034055298,0.2609028351951108,1.8482828733841792,0.4112367214490247,0.3012317244466941,0.9591497353588004,0.3350775735110939,0.1795181290515403,0.4624102882983446,0.1597607457012415,3.102691250983585,2.918916627339539,2.082854253733134
W1002,4,0.0,0.0,3.481613007804018,0.0,1.6408561286190346,0.0,1.5404623006321407,0.0,1.7378090300796454,1.324830192534237,0.0,0.0,0.0287300617347526,0.4901086162779398,0.3799098268430583,0.146380567131928,0.9645961333204388,0.2282272489872574,0.1320701604783783,0.6368009750474038,0.1370340025676766,0.0519859284634594,0.4390359115088367,0.1829814373705423,2.860648048665416,3.3165091749116504,2.0729141828765854
W1002,5,0.0,0.0,2.731985607061725,0.0,1.2946704742819228,0.0,0.9344426257648464,0.0,1.6268106720496835,0.8899010207012066,0.0,0.0,0.0263922163569167,0.358655545905018,0.1888030159215688,0.1135790014921913,0.5442262846634851,0.1589628254834331,0.1136866996296407,0.3507447441632413,0.1703913171358578,0.080967621929741,0.4771250666770456,0.1089202336024663,3.0069081449163275,4.057946242387767,1.9094843386964997
W1002,6,0.0,0.0,1.9485027492109008,0.0,1.044724216438034,0.0,0.8771348753233853,0.0,1.230164571823502,0.8143260044593473,0.0,0.0,-0.1260418984903217,0.2761472310728138,0.0875737576336866,0.1334875419434997,0.555037616854789,0.0643832083069459,0.0695784948115364,0.2401329993797591,0.0894153610687199,0.1119132404387067,0.3291107512974292,0.0560327483468982,3.5101151657879424,3.9124279448226895,2.28825741170292
W1041,0,0.0,0.0,0.0,0.0,1.0,0.0,0.0,0.0,0.0,0.0,1.0,1.0,35.0,0.0,0.0,0.0,0.0,0.0,0.0,0.0,0.0,0.0,0.0,0.0,0.0,0.0,0.0
W1041,1,0.0,0.0,0.0,0.0,6.7075102145268914,0.0,0.0,0.0,0.0,0.0,4.000649175523236,1.6477051004078511,0.5798210504364227,3.7819044489758022,3.4993636564759583,4.564256549723043,1.182148630807935,1.3755667703406478,1.295343451614924,1.162872068740145,0.1909802191207313,0.1571164090295833,0.1905374220600347,0.1257970194533954,2.8967313380477555,1.1796660490355568,0.3276948518958906
W1041,2,0.0,0.0,0.0,0.0,4.748669730716189,0.0,0.0,0.0,0.0,0.0,4.546259239796261,2.382503890065076,-0.0084968807289356,3.064633260469638,3.2700070623408943,2.2814507596122064,1.3591819239070968,1.548287205106672,0.9934747138324708,1.2878628595329007,-0.001425368035668,0.104319895434817,0.2692812115379019,0.0519247164149413,2.894114987336958,2.095462702592505,0.7457677207172466
W1041,3,0.0,0.0,0.0,0.0,4.28429857836253,0.0,0.0,0.0,0.0,0.0,4.582625677772776,1.8366991486687725,-0.065787168572517,2.397965541555536,2.4876565043092724,1.0145275661002566,0.8337034962416114,1.5850949076805632,0.6422668810479909,0.8369106337647602,0.0760849193139658,0.0375937911166725,0.1937757609446615,0.0154933350663499,2.839783944204502,2.1145264282735874,0.8054997235241754
W1041,4,0.0,0.0,0.0,0.0,3.229906912652564,0.0,0.0,0.0,0.0,0.0,4.623120354384191,1.7881447596813012,0.0699029990420392,2.1677129421345667,2.427952336384949,0.4271976109424453,0.8603077352190683,1.5665943358286305,0.4190271606347348,0.678504815901844,0.0718575041806785,0.0553679055699971,0.1600156681432902,-0.0319355277620915,3.0600968565272244,2.6350503394832945,1.152614010199497
W1041,5,0.0,0.0,0.0,0.0,2.0338642065373422,0.0,0.0,0.0,0.0,0.0,3.705531937273705,1.575243924783997,0.0774387634650004,1.6767841990020906,2.1784603367084783,0.429989636168585,0.6226647044267096,1.3170226927043835,0.277631633715938,0.4016918901659025,0.1067152182469752,0.1075498647508316,0.1018479190970225,0.0317896529951507,2.605630085419295,2.330446816328737,1.0022833162790066
W1041,6,0.0,0.0,0.0,0.0,1.4777297810769567,0.0,0.0,0.0,0.0,0.0,2.8257778241736218,1.316252122292858,0.0374400183727195,1.5183645300797015,1.4907677796059455,0.2037222125649856,0.6554222442579901,1.261613690142647,0.2614536998191761,0.3686003212857905,0.0035639096641548,0.068568738459966,0.0928062886584176,0.0585872686160049,2.608950077024184,2.3608219794405407,1.4521933305042023
W1043,0,0.0,0.0,0.4285714285714285,0.4285714285714285,0.0,0.4285714285714285,0.4285714285714285,0.0,0.4285714285714285,0.4285714285714285,0.4285714285714285,0.0,35.0,0.0,0.0,0.0,0.0,0.0,0.0,0.0,0.0,0.0,0.0,0.0,0.0,0.0,0.0
W1043,1,0.0,0.0,2.1082645197274705,1.5649365425874096,0.0,2.193759452339585,1.944178660639917,0.0,1.5449104341300448,2.096233373581183,1.598675691213092,0.0,0.6783637151843168,0.8557151136157715,2.847132500699628,1.0534712192975615,3.159143453024402,3.0941169085761726,1.271555645444161,2.368687483293138,0.7180534036608452,0.2332228051821884,0.1907549249913235,0.6868247903228119,1.1202552741069238,1.7671393604065464,0.7427358095228919
W1043,2,0.0,0.0,2.61808639026223,1.358668665929842,0.0,1.955527640815332,2.2717852730252432,0.0,1.9570234977237724,2.304863791349945,1.607132282910658,0.0,0.1166284539030347,0.9174535439610866,2.023940307114424,0.5105732476779987,1.9738917886276457,1.4912009839445994,0.8219295244223378,0.9944455877394868,0.8387607904415585,0.1997422142936157,0.3067189121756486,0.6970127262315161,1.8339660833300984,2.469300750860546,1.4200080968586968
W1043,3,0.0,0.0,2.341849099223941,0.9882651890341988,0.0,1.5028576670335123,1.7451051030683338,0.0,2.140378918077868,1.4842803070370334,1.586492677387941,0.0,0.116589589447116,0.764529392576279,0.859776621133025,0.2379525633824375,1.7131974041044142,0.6622612686930333,0.4940355534848425,0.6603695234537633,0.6082999362908023,0.3194687804339419,0.3628933661724888,0.4532906906023959,2.288295169950586,2.938015291024356,1.6347943086269483
W1043,4,0.0,0.0,2.541547404995328,0.6610587906774081,0.0,1.0929683419387015,1.513501884345215,0.0,1.7819580939219617,1.1095229914030538,1.5468105366191427,0.0,0.0465003939539638,0.6375368972684393,0.5217891647191306,0.1782171919782095,0.990205576627416,0.3876603534387942,0.2323337568322074,0.3715065699522492,0.400154457767909,0.2893721355747604,0.3317628646057688,0.4070974691082473,2.3506862675968887,2.938360336842426,1.609080234301398
W1043,5,0.0,0.0,1.9883481098381863,0.575734952337815,0.0,0.9220492029081206,1.0557773424312529,0.0,1.4862307513469288,0.891387195437699,1.2332885864712388,0.0,0.0339882370858565,0.3766791484098463,0.388406339287036,0.0750535801651917,0.5205142513385436,0.2916537521246649,0.0903507166528496,0.2770174342971181,0.3370100889886137,0.2234756607519579,0.2957981813017055,0.2129236562017027,2.0908796864147585,3.4804465440307006,2.3051835406417696
W1043,6,0.0,0.0,1.5592874936795422,0.3949640072071225,0.0,0.5971386400945841,0.7423653583723371,0.0,0.8557057582747607,0.7109055220019922,0.9765949339370278,0.0,0.0436209071429857,0.2265825477546167,0.2874102095286031,0.1073886404892449,0.4632101643088362,0.3019295227353734,0.1055162653630352,0.2064833056874485,0.2740465892715446,0.1813028510008605,0.2657142008415238,0.1335063639992643,2.4874548211867644,2.8392536858195188,2.1378354748980826
W1065,0,0.0,0.4285714285714285,0.4285714285714285,0.4285714285714285,0.4285714285714285,0.0,0.0,0.4285714285714285,0.0,0.4285714285714285,0.0,0.4285714285714285,35.0,0.0,0.0,0.0,0.0,0.0,0.0,0.0,0.0,0.0,0.0,0.0,0.0,0.0,0.0
W1065,1,0.0,1.5860418634254916,2.4827563191201025,1.6132935578434928,3.2488484453107267,0.0,0.0,1.6765758582449974,0.0,2.3012925012029983,0.0,0.6852294731132362,0.9331828475611204,1.7841865137568935,3.51088996922442,1.8764421225065893,2.008932869302054,2.644113088858832,0.9117359104322588,1.5557161564666464,0.3472883845066179,0.1134403067466047,0.2005721311274602,0.2604338163688359,2.33848778012732,1.1210553502126115,0.7892592620153683
W1065,2,0.0,2.06401946558862,2.9491837253592124,1.534467451950526,2.2148376492856783,0.0,0.0,1.5933355918251884,0.0,2.2972379613712466,0.0,0.8945546106365379,0.0720073631043022,0.9741557970096444,1.6475215046176677,0.5503664509367562,2.3178909191248587,1.362234405477534,1.0776545747462971,0.8237673708654484,0.4271831737356598,0.1852376658686097,0.4348778756559225,0.2123466388025567,3.383074519978457,1.9777382672015664,1.5801560875790095
W1065,3,0.0,1.2850817236673704,3.124348128813694,1.0154987187201394,2.396590819873777,0.0,0.0,1.0626951062854264,0.0,1.6674242351870248,0.0,0.6746654279135281,0.0624204664505484,0.5826721281033781,0.4867414317092073,0.2684266894737085,1.6315820950481257,0.5825410420490464,0.6726276564361814,0.5342428734206546,0.3067775205635043,0.1823310043590331,0.3825376715093841,0.1562815700614894,4.2744882646065046,2.3496511485085025,2.350892633234692
W1065,4,0.0,1.2315314661934509,2.4927631220939084,0.8581049005943413,2.001722448382018,0.0,0.0,0.922442811649196,0.0,1.5422891130917544,0.0,0.6687596265280917,0.0643421490890691,0.4352075787836712,0.1888812788665071,0.1965378722922804,1.1754394938547457,0.3419110417267285,0.3675963288419349,0.3220119666657512,0.2553538896560939,0.0604548443277093,0.38106144860915,0.1607385556336696,4.083797558732234,2.03514933764884,2.088254743014581
W1065,5,0.0,1.1893309898825108,2.245703249835204,0.6263987008354145,1.3515394397384592,0.0,0.0,0.7755873234951624,0.0,1.1371737939431052,0.0,0.5815591162027115,0.0210857408002978,0.2156519203799964,0.1461948515261764,0.0733122611783835,0.8392925264360287,0.228112890583211,0.2363778877028022,0.3077464431264569,0.2025567720723039,0.0583175378088986,0.239800909872399,0.0858836897625484,4.422983995147337,2.290818895142116,2.42249308425747
W1065,6,0.0,0.987310699433615,1.7081346027591169,0.4745068624591353,0.9750345363569468,0.0,0.0,0.59377917386921,0.0,0.7122193908320791,0.0,0.4526228270715642,-0.0171379826006692,0.1960950172538562,0.0064662922972747,0.0773681202413894,0.7199592405259916,0.1984117411187175,0.1959970172828953,0.2208649015841326,0.126562110966606,0.0707634074032945,0.2076673290542292,0.1164520938568557,4.4151670493420605,2.229115586739085,2.6733110076169053
W1080,0,0.5,0.0,0.0,0.5,0.0,0.0,0.5,0.5,0.5,0.0,0.0,0.5,35.0,0.0,0.0,0.0,0.0,0.0,0.0,0.0,0.0,0.0,0.0,0.0,0.0,0.0,0.0
W1080,1,1.8599153997016549,0.0,0.0,2.591169399048248,0.0,0.0,3.358324638085426,1.6797519348928749,2.3065241018272378,0.0,0.0,0.8553897497184884,1.4302236856559998,1.5171861218007527,0.6732218820336531,0.572332452758767,2.797293540429417,3.916410476136481,1.001426210262664,3.062249776101571,0.2201727124858947,0.2616745489044346,0.2260324841760497,0.2327463158954224,1.6896470599129192,2.29108393464473,1.3980761880073476
W1080,2,2.680646288523393,0.0,0.0,1.7995744286095967,0.0,0.0,3.598651165343812,1.423105354065152,2.4016995141300224,0.0,0.0,0.9508263693498828,0.1034837276375707,0.9107987484951792,0.2581368837440827,0.8196355975337041,2.5387915292416188,1.4090443507918142,0.7767016312601217,0.8559455794720983,0.3203113909332902,0.4020321049454862,0.2026927285910819,0.3733197495400648,2.851935083658437,3.7038265027560704,2.7791241846044312
W1080,3,2.0527378018396623,0.0,0.0,1.4571846141594489,0.0,0.0,2.431786743247386,1.3711879535902616,2.24374703979415,0.0,0.0,0.8204299819317828,0.0316958274171275,0.8061878651931295,0.0827442352460147,0.5759862344857015,1.9572131071770704,0.3914798585228101,0.637941007818732,0.2767463329193009,0.2535828900178273,0.3015890004332751,0.1802093821739822,0.2498958867729559,2.9544689454572866,4.000229658572655,3.0833963290504336
W1080,4,2.2152278430873524,0.0,0.0,1.162725084292486,0.0,0.0,1.758325102315287,1.015906564430152,1.946175281024968,0.0,0.0,0.749759270307625,-0.0106910652457657,0.5881352253816287,0.1193268961590364,0.4238238641251416,1.1187346373796516,0.2672018730814497,0.4126130628638988,0.094966354211706,0.2389353472251101,0.2359035311705952,0.2090476967911861,0.2676556034642485,3.0758663280695084,4.553911406889252,3.391649006569792
W1080,5,1.5943227577724663,0.0,0.0,0.7699515927479901,0.0,0.0,1.313879997139571,0.7659006916939114,1.7013241329470383,0.0,0.0,0.4702877367688829,0.0533090407589918,0.3577074697005553,0.0610324246060099,0.2892649163593788,0.9397134830147684,0.1282669381951477,0.1726689411084337,0.0812861373253776,0.1862493561938584,0.1640676802975599,0.0903363978253228,0.1615419278216903,3.424429254078176,4.258123415724164,2.8953964319068155
W1080,6,1.3421874601324382,0.0,0.0,0.6203805115004899,0.0,0.0,0.9624943999016357,0.4770767827483352,1.3544744648511944,0.0,0.0,0.3761645952491879,-0.0417482842361519,0.32405222122064,0.0204431845679836,0.1744602640755322,0.7142564355176677,0.0624820059703331,0.2336329188688886,0.0654663164771122,0.1216500694278464,0.1484580959116044,0.1026528327020076,0.2049648647745339,4.14965566702235,4.089212819990503,3.5789681439773684
W1087,0,0.6,0.0,0.0,0.6,0.6,0.0,0.6,0.0,0.0,0.6,0.0,0.0,35.0,0.0,0.0,0.0,0.0,0.0,0.0,0.0,0.0,0.0,0.0,0.0,0.0,0.0,0.0
W1087,1,2.053135489401036,0.0,0.0,1.9627506915442292,3.031862631010632,0.0,3.102552626994541,0.0,0.0,2.926246115352473,0.0,0.0,0.6003114823125214,2.6590694788317237,3.403648876246706,2.597414899892396,2.29462406057342,1.9053252777271128,1.9242961053947845,2.123285010534689,0.0661931479900153,0.0343538319252837,0.1632075991955812,0.0748330150363601,2.5237492380142466,0.5604626357932606,1.2134756459110874
W1087,2,3.1778844367144465,0.0,0.0,2.0136459481112565,2.4842355991035023,0.0,2.5081228319187656,0.0,0.0,2.3790856893739294,0.0,0.0,0.1299942704580173,2.551571716736337,1.1032222755220584,2.837606047067933,2.030441393947606,0.812354191455162,2.195892671430325,0.747631744292116,0.1062659214612457,0.0949381521604379,0.1615323176132887,0.0603754402710745,3.051550265449768,1.0367230474879308,1.8170667786684749
W1087,3,3.176386314868382,0.0,0.0,1.6736957579397886,1.515474445282404,0.0,2.360126840692233,0.0,0.0,1.6137186067760587,0.0,0.0,0.100337818814703,2.380260259202336,0.3691398251237739,2.756197334019608,1.6722516662497269,0.2579095770805848,1.662748554415573,0.3147634723996102,0.0431285644858651,0.0328077928213271,0.136238914890845,0.0359460277027478,2.96324222944757,1.3004844864266405,2.479122164176061
W1087,4,2.195514600009905,0.0,0.0,1.1394758464326062,1.1542147897500872,0.0,1.2771094144078303,0.0,0.0,1.3520307146685768,0.0,0.0,0.1020840928654119,1.790595153973121,0.0939443277103853,2.720952796758711,1.3298177057870049,0.1635783233438174,2.097257810539904,0.2743142016563902,0.0317427116108634,0.0517770607051082,0.1241823920037668,0.0241614402670956,3.279181353526971,1.279364549924636,2.427440641749985
W1087,5,2.200292482310279,0.0,0.0,0.8507570812926927,1.1338427692757016,0.0,1.2582569980928615,0.0,0.0,0.90987744838178,0.0,0.0,0.0851506399428487,1.6076187591645863,0.124470586811747,2.460262086262862,1.0082711954557924,0.0739229430457692,2.01468257173786,0.0723067222068647,0.0411793207793537,0.1399538073935441,0.0696954130928253,0.0209684456263571,3.2244027563351736,1.357256061683652,2.5171759046523943
W1087,6,1.5449451640356302,0.0,0.0,0.7789409916709101,0.7954781532983671,0.0,0.9078331784113408,0.0,0.0,0.5510385817012914,0.0,0.0,0.0121197759650393,1.5117631101870932,0.1240875856248639,2.422774186602867,1.0295000224270354,-0.024204668143607,1.9037786756357404,0.1573812908945754,0.0201884107334868,0.0137298773208587,0.1501923469787262,0.0756598313555328,3.325568147153553,1.5138151527129466,2.712115897620957
W1113,0,0.0,0.0,1.0,1.0,0.0,0.0,0.0,1.0,0.0,0.0,0.0,0.0,35.0,0.0,0.0,0.0,0.0,0.0,0.0,0.0,0.0,0.0,0.0,0.0,0.0,0.0,0.0
W1113,1,0.0,0.0,5.817922564676814,5.6784349401058485,0.0,0.0,0.0,3.9206794955461297,0.0,0.0,0.0,0.0,2.052569906042109,0.6977114835413297,0.4848505416851074,0.5991659775841568,2.132824369344664,5.596245526924699,0.09406182737125,2.6390977660100834,1.4948589265052248,0.2709648470147164,0.1787817740514271,0.2697629580038468,2.8698235979699005,1.6744679692925402,0.9688770001686304
W1113,2,0.0,0.0,6.40851028349227,3.886509062741169,0.0,0.0,0.0,3.444957294991647,0.0,0.0,0.0,0.0,0.2460842808658438,0.448306695207153,0.2181527470663992,0.1940252893206863,1.3417674800177863,2.0142000131225037,0.1388880467702437,1.3535553694487563,2.752612745860777,0.4280506950471633,0.1842932802910357,0.4853870937649446,3.008949024879217,2.177312817407574,1.5610630871711917
W1113,3,0.0,0.0,5.831590951107095,3.2490089467548797,0.0,0.0,0.0,2.8574432206940195,0.0,0.0,0.0,0.0,0.0927471922969117,0.1617796232171205,0.1453540244241027,0.1577176897217612,0.8201652919106646,0.8513308225560166,0.1212515313147761,0.7204599221965895,3.732355324759028,0.3594802187580779,0.2579114844181665,0.6001496218644241,3.881200567800872,2.0407653101070005,1.9915613921112196
W1113,4,0.0,0.0,4.412263827691728,2.226646807928877,0.0,0.0,0.0,2.11199477389008,0.0,0.0,0.0,0.0,0.0151379256261113,0.1667234578281482,0.0888526871541846,0.1025360802277323,0.5259266611901446,0.356406730322818,0.1082133927875635,0.3600011271327622,2.99982357992896,0.4899439648223067,0.306243671852696,0.7280080969110507,4.570465384619456,2.2199414768315897,2.2392643114767328
W1113,5,0.0,0.0,3.367825786619426,1.7473114889105654,0.0,0.0,0.0,1.9132153915407168,0.0,0.0,0.0,0.0,0.017957577579594,0.0543549617578737,-0.0228178839327723,0.0007590413587307,0.2874014749098718,0.1821343730561486,-0.0057036339794541,0.200683492540756,2.3090554981460407,0.4045654533504816,0.2439198574676218,0.7356132618713614,3.929949004933908,2.0124602647689764,2.128275887443588
W1113,6,0.0,0.0,2.6638459256481344,1.4329293924133726,0.0,0.0,0.0,1.575960171374347,0.0,0.0,0.0,0.0,-0.0922193455130457,0.0678981257976135,0.0538041618203568,0.0093388827393669,0.2799932076557216,0.1368392424373599,-0.0010089642565604,0.1565564687299549,2.3739813245820187,0.4839100667891363,0.3202713277514801,0.7612212728713919,4.167715485253434,2.3950793823036944,2.2939615782465945
W1144,0,0.0,0.4285714285714285,0.4285714285714285,0.0,0.0,0.4285714285714285,0.4285714285714285,0.4285714285714285,0.0,0.0,0.4285714285714285,0.4285714285714285,35.0,0.0,0.0,0.0,0.0,0.0,0.0,0.0,0.0,0.0,0.0,0.0,0.0,0.0,0.0
W1144,1,0.0,1.5851296636820544,1.8962379201650497,0.0,0.0,2.719945304371597,2.4806941890991325,1.3513160781404303,0.0,0.0,1.906477710819336,0.6679905392793357,1.2539599811461664,0.5990469720995665,1.2100278180017034,1.2656760054295564,3.557399512865929,2.7030085955955903,1.441480843058396,3.755874122033658,0.692181065462438,0.2975708910940792,0.2686927768501252,1.2113679492653078,1.8503387249095224,1.518234322295124,0.8034905708373336
W1144,2,0.0,1.669859646139719,3.3658750908864365,0.0,0.0,1.95325752959224,2.5264515761960515,1.3053079329751451,0.0,0.0,1.9623220235397516,0.8638866488344761,0.0986267743997608,0.5822308410673457,0.709653616379499,0.4227450614263726,3.089989787875986,1.5609276983852087,0.5630495360699943,2.059157944357461,0.9359231029558146,0.2034130120194215,0.2987850083565433,0.8646618091616439,2.156890058376632,2.331739357358465,1.4589080199367537
W1144,3,0.0,1.5777409903582176,2.438375892672136,0.0,0.0,1.7320323605003949,1.7920797804980844,1.0742106307220505,0.0,0.0,1.989280894670867,0.6700782404231843,0.1306157490111022,0.4843526680147505,0.3062449519357546,0.1184988820431804,1.4596021333257396,0.9646926496998784,0.3046247101984968,1.0314098356015744,0.8607279078501746,0.1374020194762951,0.2391459149115252,0.749029409829057,2.1251023655261805,2.712633943007579,2.036207996529923
W1144,4,0.0,1.5500995257691734,3.038342027445057,0.0,0.0,1.4743747864265615,1.4941221592909468,0.7555848620707682,0.0,0.0,1.4893678158782218,0.686847430389531,0.0640650718771632,0.3285689319609658,0.2543733080040464,0.1748627914710124,1.220046040396868,0.4429675617555514,0.230423212537835,0.5967494094965272,0.4525011604342259,0.0796192997371801,0.2124684960316045,0.5588660283408011,2.692434020098762,2.935934140782039,2.360328964953032
W1144,5,0.0,1.1417816275475068,1.9510617402169528,0.0,0.0,1.1706732160932385,1.2693638475845797,0.6338767022176068,0.0,0.0,1.3726187508211978,0.6063986769895449,0.1101642322228697,0.2224618493464517,0.1177704347430082,0.0359289717887491,0.8636979218923577,0.422654535647929,0.1503873122652338,0.2901232926067038,0.3963099010709316,0.0887119544674869,0.2276962371091214,0.3752079910907654,3.064425560624864,2.5028874168194424,2.6946088336971945
W1144,6,0.0,0.9424405043724848,1.9484528373079868,0.0,0.0,0.9474846728009884,0.8898070527138431,0.4192495091986815,0.0,0.0,1.1835335884648708,0.3750350242149104,0.1102734160978075,0.1198430438801336,0.142104838280503,0.0381568746107918,0.5616133598517045,0.2517466764831444,0.1086486859800033,0.2693673440192582,0.4119676452030656,0.0443543126988283,0.1229798593272687,0.3120416857188933,3.2312720707835645,2.4706151292268506,2.3929895773333105
W1161,0,0.4285714285714285,0.4285714285714285,0.4285714285714285,0.4285714285714285,0.0,0.0,0.0,0.4285714285714285,0.4285714285714285,0.4285714285714285,0.0,0.0,35.0,0.0,0.0,0.0,0.0,0.0,0.0,0.0,0.0,0.0,0.0,0.0,0.0,0.0,0.0
W1161,1,1.3424623436028378,1.3376907102728848,1.7380565801459988,1.9743923991073888,0.0,0.0,0.0,1.5025680015377016,2.2807868783656264,3.42100103055533,0.0,0.0,2.0903112609773773,1.3518397775394513,2.540556926644011,0.4613423716170376,2.227229344585956,3.281882698513501,1.0748784266964435,0.976153077647186,0.5331315407952607,0.2213511671238496,0.2545267834895748,0.1736906981150668,2.212286785434721,2.684145638991383,0.9849588230966728
W1161,2,1.8630309949133472,1.5918672833726666,2.0928669851069484,1.698735223134198,0.0,0.0,0.0,1.3635200585528504,2.2729624907893644,3.000327819011817,0.0,0.0,0.2284442797889215,0.8996095039909785,0.5914030299035422,0.2896243130896574,1.947114316087861,0.6123771191035298,0.5232524598479701,0.4609130412117268,0.8883818999707397,0.3728973545512787,0.5098869099496859,0.3469336777391886,2.4592026533209164,3.750612914989438,2.103703238121108
W1161,3,1.5154118736475182,1.264952782492232,2.6152292678209963,1.1506481782211866,0.0,0.0,0.0,1.3475392731408056,1.8931173976612783,2.182346628330916,0.0,0.0,0.0468010949485384,0.4505207958964899,0.1621936278844408,0.155765557241392,1.1328674177258309,0.3137007970268283,0.3807275258662402,0.1818637887770915,0.8145627978189524,0.6174723264913264,0.4354119359594176,0.3734381848323984,3.106951821282925,3.000763862581801,2.168981690929213
W1161,4,1.412655619812233,1.080786423345352,2.1755095501891946,0.764719938005582,0.0,0.0,0.0,0.9123005282430572,1.4154460171009764,1.5672522644212958,0.0,0.0,0.0668451344740224,0.3507333653434105,0.0694257461387034,0.1417503599574188,0.5922644487303774,0.074974242185767,0.2640884116397803,0.0845586164278389,0.6640373177924717,0.3962904148704762,0.3504191936369971,0.3073268458702928,2.9380686048301907,3.2600396449750804,3.1805814647695514
W1161,5,1.0415830852551635,0.9289826875876536,1.4971383933417683,0.7034493762960896,0.0,0.0,0.0,0.6640238359375292,1.066009522182071,1.366424130736965,0.0,0.0,0.0542517949705246,0.1713770867219158,0.0615701652186557,0.1277135129973127,0.4504983930146467,0.0678356441206066,0.2383720104918431,0.0439267747535393,0.6113987518591121,0.4079638523679603,0.3048522480224074,0.2733494540646352,3.776787332820552,2.945415715167412,2.9158273400725974
W1161,6,0.6771139008026993,0.6151561554440644,1.2355643293771807,0.491384067834434,0.0,0.0,0.0,0.6329495435251514,0.9229382767742084,0.8372874346273959,0.0,0.0,-0.0541360373635569,0.2325851690201329,-0.0378789209632465,0.0160077656578607,0.363018641953273,0.0983333726301933,0.0557801767991837,0.0675360516454011,0.5314232635023816,0.366504256540962,0.4636210269408021,0.3005538026627802,3.800878043679889,3.3700444144198816,2.805803767425496
W1164,0,0.375,0.375,0.0,0.0,0.375,0.0,0.375,0.375,0.0,0.375,0.375,0.375,35.0,0.0,0.0,0.0,0.0,0.0,0.0,0.0,0.0,0.0,0.0,0.0,0.0,0.0,0.0
W1164,1,1.2222020796782531,1.3771952353187338,0.0,0.0,3.429809485981392,0.0,2.2268756596193207,1.4392108087864002,0.0,1.8778041861228227,1.7877157717861187,0.7402962458547887,1.0274357345066174,2.460982103698956,2.9344144372170464,2.607359620675628,2.8675404972644443,1.252935120567485,1.7085738177390726,2.6025593356336656,0.3514681057367328,0.1970199055697921,0.2149812231208159,0.1342920774873294,2.3331325171698176,1.2370152730786013,0.8164120554583577
W1164,2,1.88154928604256,1.674148476943339,0.0,0.0,2.313042174842029,0.0,1.789914154012311,1.297278859007068,0.0,1.996011648824287,1.7502002417566898,0.7823469936548986,0.2136163564454756,1.8646321692249368,0.9253212345328068,1.8411175932463384,2.821477828997213,0.8746472433744849,1.2903713208885952,1.0053735435462543,0.1818968718945195,0.1822580271031661,0.3256991372752188,0.1382419131162272,3.2550238561624862,2.0156617015354312,1.5314479441218816
W1164,3,1.6588525696942271,1.9080546685484412,0.0,0.0,1.6668879371946097,0.0,1.3624455794252528,1.0686308845189858,0.0,1.409818546156185,1.495136834506154,0.7133307483356023,-0.0136226113934541,1.1124482068478887,0.3809846056727233,1.2761186001464635,2.015135859619994,0.4740348710201543,1.1741299942150292,0.3026188379773113,0.1271464795850541,0.0907995968206019,0.1916161440321042,0.0610003291250931,2.8292242781124743,2.383940438898993,2.537240726744812
W1164,4,1.3706709878719827,1.321457172988832,0.0,0.0,1.4716250018842834,0.0,1.0731881257382994,0.898938027969863,0.0,1.039602852233129,1.5831879763790997,0.5449103607619721,0.1196884845000115,0.9056730463412394,0.2006168684501309,0.8772581574468188,1.582489430681129,0.3298507210557141,0.8538870240300895,0.2675049260344169,0.1090644431200059,0.0953586499309331,0.1819112206927008,0.1333171782936042,3.949778667838979,2.356412841005146,2.390144357082022
W1164,5,1.0761803778953036,1.164065147601724,0.0,0.0,0.9268608717480624,0.0,0.901251601849948,0.6023007036490617,0.0,0.6201645373610299,1.3224025864768802,0.4421668535692038,0.0098456807304188,0.7193260620701428,0.1490074497001609,0.7082019061296737,1.2527702495494286,0.2460277410954335,0.7193459941871733,0.1257972651401294,0.1401271272862695,0.0912631681572017,0.1781095659439316,0.0765858429202212,2.7602164580835584,2.370669842929597,2.322691858138192
W1164,6,0.9808485253410228,1.119335948269202,0.0,0.0,0.6782834054010699,0.0,0.5915844813938927,0.5354854897085536,0.0,0.4263799807870346,1.0974088691734778,0.4045005510674992,0.0888991050634487,0.4788573521976304,0.1120629850358857,0.4883394582098332,0.8986731558566934,0.1465605849948924,0.5875113654670621,0.1366991372993577,0.0146133982072883,0.0918803889059198,0.1682563918493959,0.0805379776236644,2.9663338441345504,1.9434368698978304,2.932987912685762
W1194,0,0.4285714285714285,0.0,0.0,0.4285714285714285,0.4285714285714285,0.4285714285714285,0.4285714285714285,0.4285714285714285,0.0,0.0,0.0,0.4285714285714285,35.0,0.0,0.0,0.0,0.0,0.0,0.0,0.0,0.0,0.0,0.0,0.0,0.0,0.0,0.0
W1194,1,1.7424725926843982,0.0,0.0,1.488355855209029,3.15782190574185,2.1011410590823143,2.7072889339107773,1.265726943052833,0.0,0.0,0.0,0.8035820852348095,0.6452106717985383,2.02768255406888,0.9271884541704748,3.002335918325865,2.656801305713721,2.325275172900527,1.3506333202059977,3.6181548168089073,0.1016510042792851,0.2616510878051097,0.2544701539041428,0.4215157765916497,2.6748429509194835,0.6273549067475795,1.1007636582513889
W1194,2,2.077875041326803,0.0,0.0,1.68753965123436,2.3742655748832315,1.5431128986139946,2.153807047211031,1.2041014525832991,0.0,0.0,0.0,0.9250053034575908,0.0877740342984794,1.861364127664601,0.5554853780967912,2.469886362960892,3.0170713601492416,1.8079020539720367,1.4074201215564948,1.3865296142678134,0.0950619714495074,0.1629833098607661,0.130134092561637,0.249715090865617,3.151568001002612,0.9813520386181198,2.0413944211013275
W1194,3,2.2420888994403416,0.0,0.0,1.2432742845399865,1.5776449024491743,1.1563323694240475,1.625059589761805,1.0035106825602125,0.0,0.0,0.0,0.9172669868361548,0.1423184130018129,1.470456469791464,0.2713250974793801,1.7536550049576909,2.4024234552923542,0.7295343964538424,1.3750286757277,0.6895538583976141,0.0599823879432656,0.0966672850947781,0.1161975469102198,0.0758248736667381,3.240863662025653,1.6417486505140486,2.54252340330389
W1194,4,2.473217268294949,0.0,0.0,0.8404952584270617,1.485197804532533,0.7744245124226067,1.0666694077323091,0.9438345330655804,0.0,0.0,0.0,0.7655212864268951,0.0648044678492801,1.070633539223376,0.2005635724319743,1.941980336917924,1.5850673582357078,0.4377845590619167,1.4389503748365184,0.3911247846950313,0.0572831403032937,0.0174397052121557,0.1261024912637325,0.087996397498089,3.492122121536398,2.157978700591025,2.867399408998871
W1194,5,1.6236921187755105,0.0,0.0,0.7464503551783852,0.8499031890475446,0.7338098935806033,0.93441029117236,0.5899554296024718,0.0,0.0,0.0,0.7121573400442293,0.1115570448389878,1.027339185714191,0.1768623599839066,1.489147241972439,1.6901557531347091,0.3368915019034644,1.2425837766103298,0.2423945152929643,0.0820952470437969,0.018642084778793,0.1547739915959737,0.0904265830834203,3.5068355649114964,2.036051623263837,3.102830083417737
W1194,6,1.6009077951754682,0.0,0.0,0.5324269444599038,0.8388795922997377,0.5624368683100549,0.5851914443073294,0.4159760547901632,0.0,0.0,0.0,0.5843323438863566,-0.0563552234995877,0.8204894298572327,0.0680355164885354,1.4111941034748388,1.3576043017105994,0.2373032082480705,1.0946728647677455,0.2086524862959004,0.0938222922298858,-0.0248779387937095,0.1321083535668024,0.0253993184880544,3.2693812317039197,2.259355902790079,2.836728408615517
W1205,0,0.375,0.0,0.375,0.375,0.375,0.375,0.375,0.0,0.0,0.375,0.0,0.375,35.0,0.0,0.0,0.0,0.0,0.0,0.0,0.0,0.0,0.0,0.0,0.0,0.0,0.0,0.0
W1205,1,1.2327602821111416,0.0,1.8619136678028023,1.3785756483517786,2.6625806961949934,1.6968374452310353,2.235317384850572,0.0,0.0,1.6549286075474834,0.0,0.7453349626002594,0.7046384350648451,1.8639421951981732,2.686106885736366,2.097477571687575,2.948585507711186,3.1057431530114075,1.265981379851538,2.215271956306656,0.2304898247092006,0.2158987079769753,0.1973196548964897,0.6195054935101295,2.0321788685278426,0.8270470212899687,1.2012065150960578
W1205,2,1.93959791688073,0.0,2.8586923155287653,1.071881662899688,2.089978680386573,1.629038682464441,1.877003792608976,0.0,0.0,1.6299512983745514,0.0,0.7733352140160764,0.1793504935277047,1.3346829951620816,0.9549735911369546,0.8711396901686864,2.0688710848324856,1.2269804711908496,1.034879996287388,1.0699000851733222,0.3194057058731098,0.251537024412809,0.1315634473585079,0.2403134809587221,2.825239215036833,1.4959105666379604,2.156929350442161
W1205,3,1.908643279408046,0.0,2.809810840462638,0.942312490912765,1.7098826796792022,1.2286543070295692,1.3193328367738213,0.0,0.0,1.3571434361507422,0.0,0.5521239931095265,0.1963009497625564,0.9909591433799212,0.3764378331536414,0.3753723888174617,1.0684726980415238,0.4235718636744485,0.7866861967683976,0.7577253412654827,0.2737641391625034,0.0869765501872611,0.1912070556186407,0.2351955445478534,3.463488453015794,1.8605686699440147,2.251707620206425
W1205,4,2.1314867810946367,0.0,2.671065396157175,0.6971237157951296,1.1523944865975588,0.7587678358627534,0.9735505426704236,0.0,0.0,1.0816708439360767,0.0,0.5470159382016784,0.1263678009327203,0.6381596050948609,0.1499607170940301,0.2447813419113147,0.9760642551563076,0.2003237641072086,0.3685924807832259,0.3528402204549925,0.1481263430305289,0.0848550128082474,0.1603073438895187,0.1047666134975595,3.46839580405772,2.295382474594342,2.970173402588733
W1205,5,1.4775857083915735,0.0,2.053304821747133,0.5533794812536837,1.1009927859841435,0.6695310858568673,0.7730219589612355,0.0,0.0,0.7531453351329698,0.0,0.429944348286405,0.0380722583698009,0.4387334232596294,0.0891126650072098,0.0626287148280919,0.4653295907327974,0.1322330536314928,0.2344762216997167,0.2130030955829111,0.1649644546448458,0.0925706011228295,0.0820911802744432,0.1498329605711855,3.584177070735239,2.5291513984533203,2.751206406998413
W1205,6,1.1773438311010838,0.0,1.4619142780455026,0.3462117802589846,0.7973656821762283,0.5057346919758848,0.4923035852862567,0.0,0.0,0.4160278595982208,0.0,0.350518146577004,-0.0287666981344915,0.3124414303167042,0.079991655544883,0.1239996108601645,0.3081434852374016,0.1366962705029599,0.0560796151510374,0.1380189983276668,0.08058580068157,0.0537353500121019,0.1024370647851993,0.107034550928773,3.3214217411676668,2.601889411305521,3.70445555951542
W1213,0,0.375,0.0,0.375,0.375,0.375,0.375,0.375,0.0,0.375,0.0,0.0,0.375,35.0,0.0,0.0,0.0,0.0,0.0,0.0,0.0,0.0,0.0,0.0,0.0,0.0,0.0,0.0
W1213,1,0.9479087569855728,0.0,2.0149560325033806,1.325936989526622,2.483956565785076,1.9690284879267137,2.091094672400404,0.0,1.1272034815864291,0.0,0.0,0.666689036039105,0.7449508726420421,1.8418381620953308,1.186300968493022,1.795470236677663,2.512162534569663,2.8370115964102536,0.9232043652700824,2.859090886413127,0.2301098542788971,0.4234349609012307,0.3252375922699443,0.6492088459829012,2.3074116310706727,2.0085365561578223,1.0610096431125813
W1213,2,1.6082119418961234,0.0,2.6580322943391748,1.2327834516289615,2.044297061258189,1.688884138994572,1.7473470923503591,0.0,1.8738734604540692,0.0,0.0,0.6477898672940278,0.171467425902763,1.5180872822717115,0.5025928154856611,0.8159736729036116,2.1035320186787936,1.6286917476959646,0.6290827062653268,1.076183529682344,0.3325100771044199,0.3328865983099616,0.3362115626880962,0.2690857698712341,3.0355764338618467,2.435542447717217,2.102876629565588
W1213,3,1.373528139410686,0.0,2.4892343545033317,0.8586204959091234,1.7781764654362069,0.9800262868231432,1.2322906021239692,0.0,1.4453794050100772,0.0,0.0,0.5561303597342334,0.0852946427178933,0.9514730003741872,0.3259661336203728,0.3383393114038944,1.0175764012577468,0.495907161091651,0.3065063284032704,0.6024034092236512,0.2216852600989275,0.1051141491665066,0.1300387299794644,0.1540505283033052,2.8011494150492884,3.4116763920921054,2.294339080980733
W1213,4,1.251599226919644,0.0,2.4791449422040697,0.7242933356371806,1.190498503600554,0.9824275491722418,0.9828139263561928,0.0,1.4082961611353757,0.0,0.0,0.5170381491085274,-0.0120582633525739,0.6521868415802486,0.1756807095360567,0.1709884579973804,0.7453887877809433,0.3057650515226159,0.0774738393913967,0.3332515570636462,0.1532013733334352,0.0669587748631639,0.1869675704083696,0.1224068594049675,3.465908970663975,3.644350777153343,2.863150402278173
W1213,5,1.145614405916787,0.0,1.7528365758990532,0.535198521647604,1.1278488826123807,0.7253201544933476,0.7738005525714631,0.0,1.0122110648725742,0.0,0.0,0.3452677773730741,-0.0195993880822397,0.359423027618572,0.0475951285255268,0.0954717171376204,0.5226164910396037,0.2790514815532484,0.0774302535720645,0.2435391605794993,0.1519662642307016,0.0831768625527378,0.1556609261415998,0.1267887381048235,3.836402087285912,3.517650847526585,2.8094148128534857
W1213,6,0.9093000662204028,0.0,1.4597662756986238,0.3760008950517007,0.7626393286642325,0.6122417506181432,0.5321872593973852,0.0,0.7315295872530716,0.0,0.0,0.2948077519139666,-0.0007987265663725,0.2728972341302054,-0.0103570447377994,0.126635019222121,0.3428848835267621,0.0564895649940621,0.0616537210966872,0.129670210801196,0.0999989308390545,-0.0070119906810831,0.1151873991316906,0.1346950133629654,3.614937759358172,4.265887532537768,2.8915802125612697
W1323,0,0.75,0.0,0.0,0.0,0.75,0.0,0.0,0.0,0.75,0.0,0.0,0.75,35.0,0.0,0.0,0.0,0.0,0.0,0.0,0.0,0.0,0.0,0.0,0.0,0.0,0.0,0.0
W1323,1,1.85601764281108,0.0,0.0,0.0,6.424087404569622,0.0,0.0,0.0,3.9072514083750223,0.0,0.0,1.442634838880249,1.1144137158091578,3.5397186115639205,1.4384985197801987,3.292839527603392,1.063132510179229,1.5156784099526233,1.1250175698543172,0.9859959359454996,0.0021169813390147,0.1824884654114026,0.2200426648776216,0.161699817146825,2.638690312906018,2.940499308093901,1.223933609156078
W1323,2,1.8661057617503485,0.0,0.0,0.0,4.811654516590217,0.0,0.0,0.0,3.372685386038514,0.0,0.0,1.4305569377168117,0.1504771343702021,2.9823040543875186,0.6343349596595711,2.1013112591123573,1.4742874889277238,1.015473984523268,0.7420591928147817,0.4661334235490844,-0.0467454385287221,-0.0068361688654459,0.3631957495329213,0.0679579357155893,4.200498136524452,3.351317445450525,1.2260406514362558
W1323,3,2.052403010963969,0.0,0.0,0.0,2.856539698180644,0.0,0.0,0.0,3.734784748638774,0.0,0.0,1.4316325836310897,0.0218850582100123,2.181799969173185,0.385194317734695,0.7887456276229423,1.1309971682919948,0.6653909447790674,0.5087691843627341,0.3153636013150363,-0.0186608557387098,0.0654383438220794,0.3132978574851854,0.1424962503684353,5.2495641994502,3.432111524860666,1.7357196561076218
W1323,4,1.509810856301789,0.0,0.0,0.0,2.447654418419687,0.0,0.0,0.0,2.281070522168424,0.0,0.0,1.0852192865949812,0.0440569227389585,1.8621140649380987,0.1243567000127684,0.3253950217932809,0.8560196869454869,0.3067063919902118,0.2986094528073693,0.1798624496380144,0.0346543189727313,0.149996463399867,0.2393489591375394,0.0380310673266202,4.388383993280989,3.937817317309016,1.9786679956309088
W1323,5,1.1767106385961896,0.0,0.0,0.0,1.846398722680829,0.0,0.0,0.0,2.038541977814184,0.0,0.0,1.0787389595169827,0.0133506698070382,1.0645196154938394,0.0836069059663616,0.3566498399789266,0.8397276679833806,0.3168520526154271,0.114991284954912,0.0950135951596098,0.0108617804426965,0.0415890312900673,0.2110363014973948,0.1006319373467836,5.306155938558876,3.9269407649239088,2.399478919964752
W1323,6,1.2395091824065918,0.0,0.0,0.0,1.4193315628750862,0.0,0.0,0.0,1.6959733165352031,0.0,0.0,0.847286039629545,0.0404104232348087,0.9907646687810256,0.0467563355990472,0.2193748367232541,0.6500305494970391,0.1754545604532434,0.1991477963906853,0.1253684148895345,0.0533864817345247,0.0232199994652424,0.1083132973325902,0.1214608591830367,5.149488221481164,4.120176593265799,2.51825631165623
W1332,0,0.3333333333333333,0.3333333333333333,0.0,0.3333333333333333,0.3333333333333333,0.3333333333333333,0.0,0.0,0.3333333333333333,0.3333333333333333,0.3333333333333333,0.3333333333333333,35.0,0.0,0.0,0.0,0.0,0.0,0.0,0.0,0.0,0.0,0.0,0.0,0.0,0.0,0.0
W1332,1,1.0088492445425896,1.0179051898722848,0.0,0.8807132506203882,2.826733427388299,2.0046475277894884,0.0,0.0,1.217860887406781,2.0440365734733748,1.350678120158804,0.6236237607153162,0.9839298201673932,2.207340304526177,3.650651789243279,2.7263682499608963,1.937942208812167,2.7370640300188023,1.319067587670358,1.064320907075174,0.2188322544246631,0.2519243722118853,0.420785481373734,0.5012799970862831,1.6806802990719525,1.9043640906768065,1.0291748487029142
W1332,2,1.4839684144527312,1.370516454351139,0.0,1.0730720516759564,1.869465091228517,1.300404320289824,0.0,0.0,1.9110620783486143,1.350151432747421,1.646180822657453,0.6427368416144269,0.1648599096226195,2.1026626349237723,1.4122709111508904,1.2280076642832738,2.037078284548696,1.0952411970386278,1.234465020364193,0.4651602254148523,0.1024394424248585,0.183305775284728,0.3808963637024251,0.161839655608613,2.9771057859694032,2.882759286737415,1.569029508686997
W1332,3,1.45793679373603,1.2426489017288231,0.0,0.8568509219700152,1.8967970290825416,1.204979689283064,0.0,0.0,1.738546329731043,1.2382991292494,1.375947493140571,0.5373161946765734,0.0944729324420735,1.751444190871976,0.5776033406986174,0.7474008720895359,1.4996418126257405,0.7261065839155889,0.920734426523141,0.1716741953886739,0.0859259753143276,0.1679674671162468,0.184155066752115,0.1418275587872142,3.175982760092482,3.021342970676505,2.021481083581662
W1332,4,1.3727039972262798,1.1583677538823367,0.0,0.5637370465364999,1.3130922148817257,0.9991332172053764,0.0,0.0,1.3647026918555476,0.8153709649380364,1.1854680787913898,0.5765412585619107,0.0562462823056678,1.257489659757418,0.3747256976475869,0.439000535649688,1.356997298494206,0.3943023060495917,0.6533986365949761,0.239523496909663,0.1179520353624684,0.1443226142639658,0.3513305488987953,0.0745222670954938,3.6255664086202937,3.2621248606399336,1.592154199400832
W1332,5,1.0600645479035034,0.9383768109481212,0.0,0.5105593509157449,0.9758160061109624,0.7437179762385502,0.0,0.0,1.014560257048794,0.5538777299866511,1.2422839777581831,0.483167942754828,-0.0266345666772069,0.8595502917618224,0.2638186695436001,0.2696839443028506,0.9878370040408406,0.3443615110860334,0.4254519571832966,0.1460720684508389,0.1085169779904916,0.1162196288065298,0.27925774542753,0.1384937371091235,3.6878827127764895,2.3708479444431942,2.2556833262313463
W1332,6,0.7160442128673167,0.776913939769156,0.0,0.3308596951833097,0.7724495312944223,0.5672212312383532,0.0,0.0,0.869604783798868,0.4746502637629442,0.942117966299667,0.317129217850055,0.0446684115515987,0.7143647423984606,0.1531231021356225,0.2495656829117408,0.7680829103323878,0.1144302746819559,0.3854788895016102,0.1330234455780052,0.0809986645421625,0.0993798435165343,0.2471120443928205,0.1157505587626982,3.265355003681891,2.8555521552421963,2.493648423049028
W1358,0,0.3,0.3,0.3,0.3,0.3,0.3,0.0,0.3,0.3,0.0,0.3,0.3,35.0,0.0,0.0,0.0,0.0,0.0,0.0,0.0,0.0,0.0,0.0,0.0,0.0,0.0,0.0
W1358,1,0.7632088436838402,0.8349359707862222,1.4457778433586574,1.1715389107966547,2.3659755991471068,1.6605954762648585,0.0,0.8918864278300285,1.3655648558252935,0.0,1.3627183355020411,0.5336907684878599,1.2657139782748486,1.906373468742237,1.087141061956042,2.3739956776093014,1.5481281661858923,2.897868539131654,1.193435343016216,1.5652589207757297,0.417696496042486,0.3341811657891971,0.3041581448796432,0.6954327686309054,1.9735565995307545,2.7003732139705123,0.9315601626926504
W1358,2,0.8550631993891491,0.9974394217360716,1.9567968259609316,0.9214560774468356,2.3724347694097125,1.790861159397525,0.0,0.8463881866893305,1.2046623719988072,0.0,1.2159338248575289,0.5250085513690708,0.195449226626676,1.3382433692597004,0.5480082995850755,0.8322417646266023,1.7522637859032348,1.338577026572843,0.7407945220658951,0.6433019064509542,0.2610042586144374,0.2332367636400342,0.4031714015473925,0.3221433580968331,3.2771446494018712,3.0982552255213998,2.062328684828162
W1358,3,1.0947889589579818,0.9571690562299944,2.3203020497243614,0.6319331752120443,1.8531036113008847,1.474946209783804,0.0,0.6374585340036538,1.2678292998925216,0.0,1.325179986538093,0.5347930715208992,0.0330754906551589,0.8918220604202751,0.2445933193636052,0.3286954429793499,1.1244485638556283,0.5957544490777429,0.397901138839109,0.2499968359563459,0.2316145004355908,0.1305525216248259,0.3216355411757226,0.2480981011971766,3.877054564571234,2.6660601680046083,2.20301596773302
W1358,4,0.8683985497591151,0.7199634996947364,1.636803864943991,0.5820960448190937,1.4319335091967722,1.0655208841456332,0.0,0.6809640818973706,1.0805852549249713,0.0,1.1196172018512849,0.4032893742625624,0.0190086855204681,0.4926415887979217,0.0800975374325587,0.1603710655822239,0.8395388746713888,0.4438592584488233,0.2119624498877074,0.2353693503971826,0.1692208335354082,0.1495465903485903,0.3133469566451767,0.0964130863698858,2.7915921238206534,3.0167822128743307,2.2605079750330423
W1358,5,0.8383225359231343,0.6332267820387828,1.5992117061452182,0.4202647648154693,1.2317520287652226,0.6246795119387034,0.0,0.5311685815260503,0.82336562103843,0.0,0.8249584073757192,0.4260503521098893,0.1402047726531917,0.3450587162952259,0.1323104818021903,0.0331203418860329,0.6252719948897519,0.2466881330786814,0.0994212329840992,0.071228446289598,0.1406779366679998,0.0352133782841091,0.2100125241435092,0.1947930641769434,4.0950479536149285,3.5847931742299948,2.582876476266019
W1358,6,0.4855728145652388,0.495222534277646,1.149292730681305,0.2781495695604675,0.8517730161616561,0.4555140898729437,0.0,0.3234409132942276,0.5283040338633959,0.0,0.6673318977747085,0.2353596231865946,0.0142461069927677,0.3648984999412371,0.0686609602189994,0.0598265174947556,0.4679657449662342,0.2729157686764212,0.14255495517304,0.1402273613306317,0.056735806805755,0.1084223356888154,0.1790429157164975,0.1784931144554106,3.912452521328364,3.768582856232408,2.387433188750064
W1360,0,0.0,0.0,0.5,0.5,0.5,0.5,0.0,0.0,0.5,0.5,0.0,0.0,35.0,0.0,0.0,0.0,0.0,0.0,0.0,0.0,0.0,0.0,0.0,0.0,0.0,0.0,0.0
W1360,1,0.0,0.0,2.7013335060855392,1.6219448259708042,2.7690214825212687,2.4558028039102235,0.0,0.0,2.0381522165845247,2.4282246762148145,0.0,0.0,0.5170016757129179,1.7469668833953107,4.002184098633056,1.9794762644195016,2.2329820241355214,2.365085685698266,1.1298298596757397,0.9639692133883452,0.3813462989380007,0.3347451541376148,0.2816033235160927,0.5625327785329515,2.220714263966047,2.2927353930434102,0.7989306196429523
W1360,2,0.0,0.0,3.4035151917377204,1.2785119478280886,2.7906232018882946,1.6802725560311589,0.0,0.0,2.010694693229364,1.6622428662640854,0.0,0.0,0.1228336107613304,1.325865244495738,1.9426817844482491,0.5883658971441319,1.9648088255222544,1.5037691700708236,0.8704299575748977,0.9385796725543966,0.2907708945565503,0.2440190106941618,0.4747649724914005,0.2348635674040369,2.9981614521608035,2.831520951314457,1.190632277581291
W1360,3,0.0,0.0,3.006841310958573,0.9694109856877698,1.7083613773181996,1.1866432993838274,0.0,0.0,1.7032211492285048,1.3861539088492487,0.0,0.0,0.0274943059088916,0.8761197750259718,1.242840934560751,0.2262107871013758,1.4881315656957184,0.7462756915472846,0.5250367913997197,0.5791387113078933,0.3019557924504865,0.2062415813155825,0.4753268376555418,0.2121449203634826,3.004517002379595,3.0947692949105825,1.6266472689555238
W1360,4,0.0,0.0,3.2794742159038783,0.7379919761343233,1.6102633814786045,1.0061889474204768,0.0,0.0,1.4345789088401355,1.31884804622,0.0,0.0,0.1071666109182143,0.6349843590880783,0.5527925386613319,0.1199285354965687,0.9727384383726726,0.420467004131396,0.3148261458061281,0.539675554843082,0.1911972323897873,0.138171865455774,0.547358831054766,0.1313741023787435,3.3346240425916767,3.2195456486836176,1.6928804412755285
W1360,5,0.0,0.0,2.4345673507297136,0.5858181321138877,1.0124640212307074,0.8912023206247186,0.0,0.0,1.6413728029222616,0.9130374012979736,0.0,0.0,-0.0159795817834538,0.366633703377038,0.3844898605406738,0.0091573904697533,0.9202896944085628,0.31721232159321,0.1442052971181877,0.3154252532067596,0.0889142456115025,0.0452560693282142,0.3676665355165747,0.1264263300931203,3.788595479488819,3.294236801791308,2.051466200639446
W1360,6,0.0,0.0,1.9152192617879795,0.3846367699083026,0.7676067953935599,0.643877148387285,0.0,0.0,1.0976392874988958,0.6601603656370689,0.0,0.0,0.0117206085466161,0.3302668437799725,0.3415233272781533,0.0573501742020657,0.522898661424438,0.1673655311187098,0.1544277078576311,0.1636440837351394,0.1371933633028816,0.075535397008945,0.3118422408992745,0.1251491759491938,3.5350389257499013,3.650006697343373,2.185268034256252
W1380,0,0.4285714285714285,0.4285714285714285,0.0,0.4285714285714285,0.0,0.4285714285714285,0.0,0.4285714285714285,0.4285714285714285,0.0,0.4285714285714285,0.0,35.0,0.0,0.0,0.0,0.0,0.0,0.0,0.0,0.0,0.0,0.0,0.0,0.0,0.0,0.0
W1380,1,1.2901745302607128,1.2931993435447382,0.0,1.7992206561505262,0.0,3.059411493703466,0.0,1.561819562655801,2.214507063162145,0.0,2.2193917788434554,0.0,1.5682364762290255,1.5090127067480918,1.2445405624585817,1.931595820663126,2.47666114354792,4.330764656603116,1.2735060339155777,1.1894713663990335,0.5601697812437957,0.2995760276474917,0.2380161836824836,1.188455531120466,2.060386247992718,2.769457002303466,0.9795542943654928
W1380,2,1.8368561902716825,1.4978079262709016,0.0,1.465399464916686,0.0,2.2315499883282173,0.0,1.4733769808285693,2.053763457209188,0.0,2.234646233088608,0.0,0.1098595785485,1.118924245093382,0.596841931226809,0.8136470265133233,2.3091053263690027,1.1885636875132546,1.043242317135795,0.4503337519118834,0.4369891788023031,0.2339998795445852,0.4012653296813647,0.8540945561737382,2.2870498507421253,3.1773749348749902,1.6797324659283182
W1380,3,1.7916039813728264,1.1314109269182415,0.0,1.2202511969990888,0.0,2.325949847587384,0.0,1.2459147635755408,2.005932746133517,0.0,2.1918879805552502,0.0,0.0309627724135848,0.7795170341272064,0.3220232539839018,0.6074554253865199,1.3847670686864857,0.7425078383847146,0.5450605857341081,0.2260758990503783,0.2988884376959234,0.2417188372047023,0.4259911017512724,0.3780642542096101,3.1593533089261934,3.906526517646661,2.2036781660999547
W1380,4,1.0891076335973346,1.1977630245264217,0.0,0.8502088596384271,0.0,1.474947080547801,0.0,0.8839400736469123,1.8661521441119089,0.0,1.698378268800692,0.0,0.0431859718897937,0.469477284117693,0.2111915511923065,0.3570378350744781,1.1488642821935386,0.4295660829844999,0.4531798671542987,0.1471225791262436,0.2876485961125773,0.1254744846317737,0.2864043596667785,0.2219497511866849,2.950778870051479,3.9059093464298407,2.2603269274601434
W1380,5,1.0415751341067685,0.947791539433545,0.0,0.65703327913892,0.0,1.3550394464785966,0.0,0.658849407963789,1.512056268780238,0.0,1.6111698924142617,0.0,0.0399516068603043,0.3052130507790779,0.1533699044005406,0.2213829854957619,0.748837715306942,0.3862478785640395,0.3335149216218867,0.0471997412004085,0.2392316442098471,0.1172899449180322,0.1235625163480468,0.1874663082674999,3.4541307104351,2.846564276035124,2.6324387723000817
W1380,6,0.8705540691968315,0.6888566895693392,0.0,0.4468082330298288,0.0,0.9874954472904036,0.0,0.5702591395286916,1.0173187218924633,0.0,1.3906345939197102,0.0,0.0027767521902924,0.3377246829407034,0.1668932417249659,0.2047046206665754,0.704771896412291,0.235775216597313,0.2475458865210259,0.0611175563856211,0.1138240011824137,0.1342640934629757,0.2538553808868864,0.15478271491304,3.371751109298572,3.373882599245289,2.8653775732778226
W1413,0,0.375,0.375,0.0,0.375,0.375,0.375,0.375,0.375,0.0,0.0,0.375,0.0,35.0,0.0,0.0,0.0,0.0,0.0,0.0,0.0,0.0,0.0,0.0,0.0,0.0,0.0,0.0
W1413,1,1.1522855058065873,1.0970008215001024,0.0,1.5290966634151768,2.150732121398266,1.7672877776103042,1.9569870943353636,0.8354902654961263,0.0,0.0,1.559398305620024,0.0,0.6261224955300011,1.7455984725820366,1.3094746279371805,2.5705139171239257,2.8733718915534205,2.50952144079285,1.6292005169868715,2.6629227190826263,0.3431730259518273,0.2253662407960022,0.3165779803495478,0.4960889613560814,2.2727240102980137,1.2933371982150788,0.851498011700164
W1413,2,1.6181850357513152,1.375010098905449,0.0,1.055676478810634,2.415365436349266,1.6598324556534427,1.6136814819094396,0.9806801800967332,0.0,0.0,1.8444637386477984,0.0,0.1400656805335998,1.77625822004332,0.6479555210761984,2.3395295074427165,2.5434967830921864,1.2386770103375797,1.2850345393626474,1.1544375223068375,0.215491594346972,0.1877029980126781,0.2376279886490632,0.2057761461329584,2.3750405137197603,1.854633792753148,2.1496816050542065
W1413,3,1.382120767480023,1.5965373706853494,0.0,0.934757181226224,1.5711490275582225,1.210649158082563,1.415977159858174,0.8439525483315958,0.0,0.0,1.5732477820197075,0.0,0.11160909358553,1.3046295122881029,0.3527998804484948,1.372755445737078,2.198498840005139,0.6261555961020296,1.3906288950403582,0.3858979567137865,0.1154561371833159,0.1513468815016844,0.2203305703886643,0.1925800704563153,2.7897801681550645,2.484771148462843,2.227243163598815
W1413,4,1.5888424750449688,1.33367240462702,0.0,0.6829124295449088,1.1606529662363618,0.8468163558948935,0.9923538233645344,0.760418475501065,0.0,0.0,1.6623564115525575,0.0,0.0872721094622911,0.8053272480643215,0.2311040782583276,0.8937960746176946,1.5196435195649,0.5359002530675796,1.1822876825514692,0.2480067618381624,0.2025867659250694,0.0734545344340875,0.1389323676647456,0.0718387924149993,3.3938077120089862,2.6300845309688703,2.0647843836405624
W1413,5,1.2478271288116642,0.9510847262895592,0.0,0.5137138698165808,0.9898169845694156,0.6385157469698582,0.8045758330356245,0.5127865658030071,0.0,0.0,1.6749730763398245,0.0,0.1327626544849543,0.664264424497073,0.1696767497551266,0.7185420951598374,1.3252354295763558,0.2807513669060136,0.7925833844548738,0.2095196331919121,0.1004231104912724,0.0710232911186524,0.1563800807724624,0.0416058148156485,3.413747401302499,2.5670311567468893,2.6221247086826938
W1413,6,1.044575024330288,1.0174004594486556,0.0,0.3862174551431122,0.6729852462955339,0.5582661950079801,0.6349552121764479,0.4239179955664474,0.0,0.0,1.3132054707401395,0.0,0.0126164797954788,0.5470784029109403,0.2287837777033012,0.5712533523980405,1.0402780961549185,0.218303255968223,0.7431216103595956,0.2044459346357202,0.0753919618791981,0.0662894197660037,0.1270010132766263,0.0831121680052728,3.607497684919299,2.185713160402947,2.4106501384579797
W1428,0,0.0,0.375,0.375,0.375,0.0,0.375,0.0,0.375,0.375,0.375,0.0,0.375,35.0,0.0,0.0,0.0,0.0,0.0,0.0,0.0,0.0,0.0,0.0,0.0,0.0,0.0,0.0
W1428,1,0.0,1.3214698739772597,1.7023971788378756,1.3619954773377827,0.0,2.505339207002835,0.0,1.1940635920261655,1.595042011192315,2.3256508802947984,0.0,0.6543992433577703,1.3894464382908511,0.7767662779815654,2.478161077163957,0.9071084276829195,2.3176524111707724,3.095044040646108,1.0942782424688895,1.297480054472512,0.4027482043872971,0.2113664626541468,0.2973838308333082,1.230016567260249,1.7558997588071603,2.3614601007875877,0.8478807160447719
W1428,2,0.0,1.4303360498944435,2.434158596386165,1.2505784112719718,0.0,2.211644118378066,0.0,1.1427222511338315,1.989836849219196,2.538585161513464,0.0,0.712257260657376,0.1452468819665157,0.8027579150816606,1.2458322923036165,0.3991124171547945,3.155080708243,1.4576095150999993,1.0448086106172374,0.7413419985391233,0.4088607888056366,0.2804496052847266,0.3830231893170105,1.354650525477185,2.3428564014181417,2.3556155210819267,1.413581518083896
W1428,3,0.0,1.1968392058317576,2.3061461978529127,1.1494200896683593,0.0,2.0287177197392112,0.0,0.8752450544464485,2.142466476772827,1.6439713189806675,0.0,0.6625439513456696,0.0298477812450792,0.5158204623292988,0.3605709741449023,0.2626110425890567,1.7482744356594822,0.5422342550295455,0.6709463760763377,0.307298599182365,0.4485656874323304,0.2178563675046045,0.3093646703800093,0.916245691210952,3.0497996692739395,2.82574015791462,1.88424004497165
W1428,4,0.0,1.1058348046715094,2.2923419290714646,0.4579911107396751,0.0,1.2870987479049578,0.0,0.5678835804563565,1.495186481986576,1.2983249568807862,0.0,0.4259143490994584,0.0186715029039867,0.3989788322625469,0.2685823121551131,0.0612043517190317,1.332607184551218,0.3947610808578509,0.2879821055856136,0.2383520644258799,0.4193285119254141,0.0915463436365242,0.1650941813949611,0.7614084573567367,3.409849292916564,2.8913940300922856,2.3806459565057008
W1428,5,0.0,0.7930258742720186,1.7049212467939274,0.5377974234545841,0.0,1.06653338189673,0.0,0.5430178167898071,1.2421096373633762,1.014619805081172,0.0,0.46649652267651,0.0803356434692512,0.289978357824754,0.1428352024364038,0.0947490786861736,0.8093164666057442,0.2539278379056198,0.1606585288310137,0.1243270205647589,0.2585230120071028,0.2672395091403123,0.2632227766533398,0.587756430238461,3.743219047202952,3.194635642335382,2.5116246560350954
W1428,6,0.0,0.8174163535114531,1.256163751301648,0.4099945792494278,0.0,0.9627136106069658,0.0,0.5036429079628816,1.0841631207990094,0.7055687329117416,0.0,0.368682554552852,-0.0097274750823122,0.1561647130109212,0.0346283969298625,0.0274608060143789,0.6570033779735265,0.0361045096906875,0.0448134773617633,0.1355586674781024,0.2766267153666016,0.1487664606910743,0.1735094604730675,0.5849518880326647,2.8575384841447877,2.3892307497102445,2.5915418523603155
W1443,0,0.0,0.6,0.0,0.0,0.0,0.0,0.6,0.0,0.0,0.6,0.6,0.6,35.0,0.0,0.0,0.0,0.0,0.0,0.0,0.0,0.0,0.0,0.0,0.0,0.0,0.0,0.0
W1443,1,0.0,2.236936643523051,0.0,0.0,0.0,0.0,4.484335874159409,0.0,0.0,3.0713155364100797,2.42849548659672,1.119954417102866,0.9996055834488417,1.0497857916648237,2.7129966004843977,1.1334179219487817,3.8078181560574937,1.6572471983180177,1.2994342480149523,2.4994848751888017,0.8672552890901192,0.0909279762754824,0.3268960206334091,0.3237271166939571,1.241841739235378,1.4735502082233902,0.6859181004464373
W1443,2,0.0,2.54396972486969,0.0,0.0,0.0,0.0,3.855414076697449,0.0,0.0,2.849896428152201,2.592522714329182,0.9632988133566772,0.0179072308088939,1.2959931908677012,1.3882974651512106,0.8111524910288599,3.1002588184340687,1.135236160092479,1.2769634914099757,0.8408425043946567,0.521647475631313,0.2153224797867367,0.2807012157927905,0.2363636325170368,1.633783664564671,2.092218065148039,1.218529634443505
W1443,3,0.0,2.4462174277153834,0.0,0.0,0.0,0.0,2.7557981565548424,0.0,0.0,2.391070523413359,2.655279951847069,1.1013132449668597,0.0931558295536851,1.1558210238619904,0.5289790387582738,0.4356147334312196,3.674355504576956,0.6828466349868926,0.6907745003435535,0.320833722331406,0.6351329538591434,0.2215680241481776,0.2414568761755149,0.1957388352247557,2.0014278837530624,1.974321398019692,1.4844709959720186
W1443,4,0.0,2.3944360353617453,0.0,0.0,0.0,0.0,2.2849902844752426,0.0,0.0,1.5676573113927088,2.447095825733729,0.96972719675577,0.1145232151140227,0.8783790019848389,0.3370325278214007,0.2992362598866602,3.178383425560787,0.4777693034622876,0.5597906178268461,0.1848363623109121,0.399595530097446,0.0787815390300834,0.1559424484337451,0.2478717516768101,2.538436193239669,1.4924321314888889,1.421413194303569
W1443,5,0.0,1.7951213545845737,0.0,0.0,0.0,0.0,1.7814816626630117,0.0,0.0,1.5191902551202503,2.0618486837283627,0.8685430457286928,-0.0082045001026606,0.5966641021411025,0.2781352791261313,0.2055435998112781,2.1140143045089084,0.4362574627897879,0.5274334231549614,0.138778813461035,0.4097669986774171,0.1888045303986677,0.1689698874320909,0.168845758861882,2.1259497527380606,1.802465369130332,1.819604284888099
W1443,6,0.0,1.6205123785197248,0.0,0.0,0.0,0.0,1.4347438807745307,0.0,0.0,1.1262549298742863,1.754128861897968,0.6781566168535884,-0.0397918715888783,0.472634784938408,0.2717655588555002,0.1672573637344913,1.8250783095055263,0.3775696046005315,0.3199088011875352,0.0402467553686419,0.4565016928491225,0.1626507131572712,0.1094285329557237,0.100249255977391,2.54335863783684,1.567196219264417,2.0177809516380085
W1460,0,0.375,0.0,0.375,0.375,0.0,0.375,0.375,0.375,0.0,0.0,0.375,0.375,35.0,0.0,0.0,0.0,0.0,0.0,0.0,0.0,0.0,0.0,0.0,0.0,0.0,0.0,0.0
W1460,1,1.2143729797984677,0.0,1.3824229276843547,1.6528334514221583,0.0,2.529842331213602,2.5817442806723707,1.1299893497154156,0.0,0.0,1.6192572234994398,0.7751974092313489,1.1873401267203327,1.187018624908594,0.9524896238382924,1.4464917045403691,2.6517802637927685,3.109610327583238,1.192875203495898,4.037903920028757,0.7131205087898813,0.2068102721784609,0.2473642822544391,0.7610152290999267,1.4724620053244744,1.39737110656267,1.2195751181928205
W1460,2,1.7475881069624275,0.0,2.4627756407622288,1.3552968062667303,0.0,1.9494954325487064,2.203842319329672,1.216298583686011,0.0,0.0,1.6861967608446442,0.7152115803293905,0.1424796354031342,0.8191583972844939,0.3932113601303439,0.5817628914778603,1.3778921597826272,1.357797127812379,0.7779010713914625,1.427518859885162,0.776718197979097,0.1941051601049441,0.2287324898972243,0.9917592883687696,2.230545572009697,1.7008403706048896,2.369738843242855
W1460,3,2.154482924000257,0.0,2.5716583278599243,1.1139906739491254,0.0,1.6174301489556828,1.6980546863024124,0.9846956355943514,0.0,0.0,1.525393110988488,0.6537191883742102,0.1250781823647371,0.5497479748275528,0.2351405056357264,0.349294083147207,1.0346995328793624,0.6702063662758819,0.4034164872797437,0.7361564765415849,0.5762796140460889,0.1734891449657962,0.1613936289225649,0.6149130311902063,2.512200005204372,2.4426884221254364,3.2964173473253533
W1460,4,1.582049227938546,0.0,2.044518663616742,0.7026771245049925,0.0,1.2673007456744547,1.3470724184065928,0.8588071801699695,0.0,0.0,1.269004040141163,0.5772614666442787,0.1347741173483005,0.3275297793252463,0.1444186414478275,0.1090028089731742,0.5055734901292572,0.3368632335233,0.3508609424252536,0.4000199942250326,0.5069063554824663,0.0142165097862637,0.1386736961963837,0.5087562778850552,3.003061836368372,2.3292012211077826,3.6651501200522905
W1460,5,1.2703000593970335,0.0,1.8414656156350355,0.5410173713495773,0.0,1.1306128776330693,0.9693486550919324,0.5398925204695827,0.0,0.0,1.3257113483531415,0.4350790332142829,-0.0113768717366357,0.2707871238011803,0.1176042174005512,0.1321091090753745,0.4313981917096862,0.2201145166207164,0.1526013447710339,0.2630707478776067,0.3274510984407556,0.1384362137821868,0.1387249386866144,0.3120234373738292,2.7390202934767616,3.151252026569526,3.7065002488835
W1460,6,1.1924847136109356,0.0,1.2327868238076565,0.4417514509860194,0.0,0.7909321633489225,0.6628812123003301,0.3688679372499353,0.0,0.0,0.9696869219945188,0.3084155156407461,0.0427784883058549,0.1000491143119936,0.0725618994990713,0.046638273296905,0.3205759880134416,0.1036216960663705,0.1574301474228151,0.1958501297096449,0.2083427110603679,0.0346070748553235,0.1121736750839308,0.3869877936747432,2.830865810580436,2.672316874940658,3.7594006589314186
W1466,0,0.5,0.0,0.5,0.0,0.5,0.0,0.0,0.5,0.5,0.0,0.0,0.5,35.0,0.0,0.0,0.0,0.0,0.0,0.0,0.0,0.0,0.0,0.0,0.0,0.0,0.0,0.0
W1466,1,1.271789890912853,0.0,3.231474089149347,0.0,4.482688136244758,0.0,0.0,1.8741699757373849,2.1314473527363376,0.0,0.0,0.9417654032889252,1.3776899702581098,2.253066951140386,1.1544350835442525,1.9090343961222416,1.7556698481214998,1.822382750903399,0.8915759554944414,1.5810080463154712,0.3515647885739791,0.2090439027846238,0.2800076601178441,0.2746254671880482,3.177535224724016,2.35930669496932,1.110424246097102
W1466,2,1.6214873316686198,0.0,3.058184488252232,0.0,3.82778376011466,0.0,0.0,1.73133105875725,2.439506732842594,0.0,0.0,1.0597627273800772,0.1639924540250426,1.3097954290407958,0.4619067004901268,0.6548610218090819,1.180387967000443,0.906391880526245,0.5457621819988803,0.8346698516261007,0.2755825369996147,0.2834069916617291,0.388550556220044,0.1266887718498857,3.3245247642729066,3.5457808772428,1.9972813017567737
W1466,3,1.1572535004307485,0.0,2.595054746710489,0.0,3.0919353367297515,0.0,0.0,1.309546138547642,1.736873244665044,0.0,0.0,0.7702467105366221,0.034584157052093,0.6324749268438049,0.161533497778699,0.251850935575207,0.9211458165147404,0.3784178901582527,0.2422489858106566,0.3719759872846946,0.1987645399470205,0.1415224120574433,0.3319725505630861,0.1321908271752812,4.081996819672744,4.186888505749908,2.798188102189367
W1466,4,1.3927045570244585,0.0,2.269752258272619,0.0,2.1572457180165148,0.0,0.0,1.007231506401803,1.5123800542770571,0.0,0.0,0.6408867643334382,0.0107468374756144,0.3343811697694956,0.1009668040887573,0.1269656806517586,0.4201645984999638,0.1953634545080162,0.1409788876468094,0.2195094759065207,0.1512760358902068,0.0535922374849995,0.1739845820747015,0.0418989778393476,4.747362700384876,4.4602309538160165,2.594119602597075
W1466,5,1.0272085116334506,0.0,1.7987608403303423,0.0,1.7007208667635196,0.0,0.0,0.6239827560172511,1.0580810898746114,0.0,0.0,0.5959318536704762,0.0217627955568837,0.2618409628007526,0.0530039874666374,0.1487903034873235,0.3286287500891302,0.2103519063011698,0.0860210703852606,0.171754397222839,0.0245185889678907,0.0130560645776171,0.1735075974023764,0.0893291065170885,4.420979540483817,4.248076025491082,2.3605640134319312
W1466,6,0.6869594267487316,0.0,1.389724475424625,0.0,1.1587184684372345,0.0,0.0,0.477534606942627,0.9175395768906288,0.0,0.0,0.3440550927685445,0.1196966475751764,0.1064344392541545,0.0692810595103769,0.0298558140619023,0.167602315342647,0.0663001839310383,0.1138653982846448,0.0641105632833952,0.0190017556218117,0.0198319376632209,0.1879685731079448,0.0264907483088564,5.041519897130553,4.513668186895122,2.928702379634215
W1476,0,0.0,0.0,0.375,0.375,0.375,0.375,0.375,0.375,0.0,0.0,0.375,0.375,35.0,0.0,0.0,0.0,0.0,0.0,0.0,0.0,0.0,0.0,0.0,0.0,0.0,0.0,0.0
W1476,1,0.0,0.0,1.6417451515203494,1.376725940480735,2.704935780624228,2.0195955251032585,1.8315107729408344,1.1122516352381775,0.0,0.0,1.4724840455429695,0.84133481223471,0.6862844891891605,1.4960507979497693,1.4481595545069603,1.9389879043846163,2.753943138412935,3.739750681109138,1.1499752559305367,3.4121715892662183,0.4508740036696997,0.3036390218799754,0.2194364243536206,0.5949838137742662,2.006256296926951,1.2986797775954395,0.7296145616854202
W1476,2,0.0,0.0,2.661983100106901,1.2938543039796109,2.178063442933812,1.5510206947797511,1.9764128625935635,1.010840142145005,0.0,0.0,1.608203554995091,0.6781344214504175,0.1768637188337981,1.068384646186383,1.114344261229553,0.6774996562734678,2.1311138653615704,2.5426851025889814,0.6250656065315897,2.696006891502407,0.5367323503821803,0.160886413814266,0.1669913550182685,0.2655484899893519,3.218693931812513,1.5242743647960784,1.3303751434628273
W1476,3,0.0,0.0,3.6353724095101487,0.9258987968171964,1.930332715737865,1.3403694424278667,1.4427571260485803,0.8166586868129272,0.0,0.0,1.4870282417138811,0.8021891284228319,0.0598592031166172,0.6196013206841815,0.7403670936877488,0.4312507319144466,1.750907526848269,1.4339066718325693,0.3865011452789342,1.7436005669256107,0.3178064585657109,0.1098057961118483,0.2845900607427554,0.1971614488359681,3.086468204946601,2.339175907072625,1.4086928193188344
W1476,4,0.0,0.0,3.1071599951923417,0.803941067163522,1.55757846759754,0.8197784322870796,1.0625398211135668,0.9024936320993416,0.0,0.0,1.4220039497197037,0.6049382689490601,0.0751022198692001,0.461827683520877,0.4276090174677623,0.2644228257193642,1.1042278879535334,0.8083791463318132,0.250491893404053,1.150580973248121,0.3474856555023545,0.1535438321466001,0.1972728450464941,0.2721295025940122,3.0862376389943726,2.465970390910857,2.0283287597176822
W1476,5,0.0,0.0,2.390289416016976,0.6142162841249206,1.2457633008343416,0.763012742184905,0.8713598986525871,0.5430104154210251,0.0,0.0,1.0991073947543832,0.4173813296968174,0.021987882509337,0.3331918253387376,0.2720639590058682,0.0856935795458911,0.667176486272727,0.5444163318889308,0.219002898508502,0.8448843381178184,0.2511392100090929,0.1340853766368375,0.1729685650085718,0.1386432766165814,2.8593664610575837,3.063744013137012,2.499495857725837
W1476,6,0.0,0.0,1.964295894106362,0.5184120164895794,0.8927525764224683,0.4879449231843695,0.5946933780101362,0.4692013667560125,0.0,0.0,1.098740602192548,0.2816721782332502,0.0086224850676025,0.266100047789031,0.2270767808058231,0.020969663733799,0.4750493996992764,0.3821632760534755,0.0806092622220393,0.5860628509499534,0.1119048335601662,0.1274887654904254,0.1073569440103427,0.1162855578909283,3.285709331216457,2.6596556220514467,2.4189173598356675
W1486,0,0.0,0.0,0.5,0.0,0.0,0.5,0.5,0.5,0.5,0.0,0.0,0.5,35.0,0.0,0.0,0.0,0.0,0.0,0.0,0.0,0.0,0.0,0.0,0.0,0.0,0.0,0.0
W1486,1,0.0,0.0,2.6473631552596397,0.0,0.0,2.9936002754248783,2.692093742588591,1.2990110441226983,2.495779760175584,0.0,0.0,0.9288238768710252,0.6070598240256851,0.5943006943245628,1.0381708262716147,1.197932741783515,3.4599668339884837,3.021706042951338,0.7057115844584664,3.651517678539472,0.5200330046330601,0.2776845735499722,0.2317726467633199,1.3783881280028547,1.2857219325264555,2.6599085528443998,0.7563402240670511
W1486,2,0.0,0.0,3.400894874239172,0.0,0.0,2.5272110589677643,2.308945930693813,1.54391681853537,2.769831623774715,0.0,0.0,0.8943354845431158,0.1013804714603713,0.732100653205107,0.619650818241259,0.6942363538947673,2.1410223267381787,1.4309011341206173,0.4442497027277122,2.113853694597781,0.5146671168768334,0.2820465819464211,0.2160301348932601,1.1919297768471504,1.813570330794171,3.036784603432922,1.6256663123191677
W1486,3,0.0,0.0,3.103596650140368,0.0,0.0,2.0251328211984,1.847837108018898,1.146069661639491,2.67147821871564,0.0,0.0,0.7851977368359423,0.1197814950367451,0.6183132950976193,0.2770567084303866,0.2146661990698073,1.83701504773058,0.8976632289863336,0.1867162169826923,1.1477945507404526,0.4859798668074711,0.2126653652768761,0.2230904537719206,0.6374153734017474,2.316670612497781,3.642930762747441,2.0945362870395403
W1486,4,0.0,0.0,2.900190482566177,0.0,0.0,1.4340648274710956,1.7123636249642669,0.9421998847100884,2.6861302361945,0.0,0.0,0.6936214467255502,0.0364591594150413,0.4073028222053906,0.1584419043123212,0.1062297252223953,0.997905736479046,0.4288096534530368,0.1381206879374118,0.5321578424619349,0.3669444504022884,0.1566347028856526,0.1503459610214691,0.4411542633324656,2.8919054994313647,3.8503702019325576,2.820393267089591
W1486,5,0.0,0.0,2.179957035570638,0.0,0.0,0.9614392949611322,1.2047729330707284,0.6058559386669923,1.9494667116232884,0.0,0.0,0.4598365484738164,0.073551055281828,0.1625904822887961,0.058812141334854,0.1257660620244944,0.852126188597948,0.2379068216316741,0.0651849929203148,0.4403882872262116,0.2574403189250628,0.0997842993228559,0.1035670597029685,0.2879997836675122,2.0979787618456305,4.103450709916144,2.97099783698008
W1486,6,0.0,0.0,1.858433139604778,0.0,0.0,0.9329517357229122,0.8928986112184513,0.5775411593213858,1.1079376718248914,0.0,0.0,0.4655654992137057,0.0329747506564392,0.1704296193126643,0.0782810165503466,0.0858652821001296,0.533886026397597,0.2350840870303926,0.0504910717901011,0.2825300503624912,0.2146390186975192,0.0944369932942414,0.0994391769743579,0.4558589408706098,2.498635225571584,3.813750828510015,2.920953365812424
W1495,0,0.375,0.375,0.375,0.375,0.375,0.0,0.375,0.0,0.375,0.0,0.0,0.375,35.0,0.0,0.0,0.0,0.0,0.0,0.0,0.0,0.0,0.0,0.0,0.0,0.0,0.0,0.0
W1495,1,1.0560809204863322,1.13887589580001,1.804608213995192,1.5096046188204642,3.197447899552355,0.0,2.277528915423852,0.0,1.4481321843637056,0.0,0.0,0.6838193208194591,0.9564772815380188,1.9633903496123444,0.9304174249118354,1.708235345987155,2.570576936251067,3.026273578391109,0.939268021937572,2.2845454277482826,0.3898846154710684,0.207021001032428,0.2787977161169106,0.2702691230668872,2.2848159563011343,2.566453571479337,1.1102702135329352
W1495,2,1.8235124406963583,1.1656591206731963,2.414640794077955,1.2338770394609615,2.6618004051180075,0.0,1.8118935538603929,0.0,1.944218045591784,0.0,0.0,0.6643207279157285,0.1220298869947892,1.1402007214724557,0.269634610384664,0.594977547170986,2.275746577476936,1.4147779378670224,0.6267857644188755,0.7101628640548872,0.4000901103963082,0.302563297003906,0.2804111891616138,0.2418934150265388,3.110582897697628,2.5249295033547936,2.057763967895782
W1495,3,1.2011391243818232,1.0751915546682804,2.5120316623217067,1.136302126057034,2.162072987356677,0.0,1.855023657927864,0.0,1.358408001623183,0.0,0.0,0.6276517730887772,0.0639397158706071,0.7256753974733903,0.2600226999131917,0.2344889219075096,1.1020394280967043,0.4929536831088388,0.3325562462449318,0.3694284158714182,0.2947060303073232,0.0982608171842487,0.2322094358899892,0.140976711686997,3.8359609152648777,3.178873095485261,2.3655420632924
W1495,4,1.2403397569459431,0.9758131179650416,2.209702090268721,0.6983688448575017,1.6059216411388726,0.0,1.3564881528050536,0.0,1.087017121486726,0.0,0.0,0.4683544626942841,0.001068914464391,0.4402818378610035,-0.0003374185309308,0.1554138139506573,0.7939778830025372,0.2339182135190767,0.1543455786445004,0.152556321242559,0.0971903686287494,0.160376580955955,0.2323401511380695,0.1570862620873327,3.947397454297149,3.040456291143436,2.468393496327813
W1495,5,0.962721788115488,0.7264174673325244,1.597253489022228,0.581736281117893,1.212335560292322,0.0,1.003999538302972,0.0,0.8403442469095631,0.0,0.0,0.3392712990475426,0.0808278222172635,0.3006001429388117,0.0625381469757145,0.0670291580247582,0.4797802249950806,0.0450849994719556,0.0969381694259585,0.1024434386796163,0.124945658995848,0.091719120932474,0.2824174163387815,0.101679760667712,3.661761318371754,3.200807749751841,2.9602065866308847
W1495,6,0.673026999017332,0.5872684090104637,1.3867105019139694,0.3281128153243593,1.0118100881868242,0.0,0.6032246840766298,0.0,0.6802161487989881,0.0,0.0,0.3735070549959721,0.064054957548957,0.2426261658210954,0.1050789151776562,0.1014345292847865,0.472527446101485,0.1435960298526823,0.0429988583327474,0.1062511649349111,0.1807301404762032,0.1493180669647472,0.1804563559314346,0.071477818774631,4.548387654515315,2.7584946200414646,2.590024717557724
W1499,0,0.0,0.6,0.0,0.0,0.0,0.0,0.6,0.0,0.6,0.0,0.6,0.6,35.0,0.0,0.0,0.0,0.0,0.0,0.0,0.0,0.0,0.0,0.0,0.0,0.0,0.0,0.0
W1499,1,0.0,1.968858303692688,0.0,0.0,0.0,0.0,4.46448747625447,0.0,2.680370054146898,0.0,2.5284976505739936,1.051678374253464,1.5227762532537872,0.7662497831458237,1.282701734967462,0.916451997336412,4.1750754830044485,2.681683461978003,1.0688155549973866,2.932411713096402,0.9516028844734684,0.2164978941415662,0.1502217922502574,0.4468716908263936,1.1786691351940066,3.297110851517389,0.6225233795084835
W1499,2,0.0,2.331342197406693,0.0,0.0,0.0,0.0,3.721454743492656,0.0,2.798909272092013,0.0,2.69681337262485,1.2333478450966209,0.1685173377417655,0.8967124356298654,0.5763087870245344,0.3997661086827408,2.7746119931107485,1.658686249268179,0.5551328016375525,0.6421504615362829,0.7227668189651764,0.404904543877808,0.2188523839354104,0.2547615220844751,2.361845971441729,3.4350371242735784,1.0860019660463802
W1499,3,0.0,2.0599952992040507,0.0,0.0,0.0,0.0,3.0937325556995403,0.0,2.4959878399264213,0.0,2.9700346587962674,1.0744708209232814,0.0669155587422013,0.7668413711236832,0.3906321499451148,0.3422655803750565,2.1683128487885543,1.188341643086091,0.3311624348113238,0.3072247041671245,0.5858805679287552,0.3583974327912602,0.3411284433003704,0.1778578238398868,2.900837237616907,3.4348325360733263,1.586846722339271
W1499,4,0.0,1.5995135504356115,0.0,0.0,0.0,0.0,1.9655344892326196,0.0,2.1649158336015257,0.0,2.5462803666217053,0.8963820794988815,0.0648471361686035,0.7256995090309322,0.3206338401829734,0.134411324485915,1.9252775523905936,0.6538530057210346,0.2853348093655536,0.1596884320885475,0.3104802391387335,0.2238577335574127,0.1541922333691412,0.2454198867464279,3.264599582208473,3.3617970403382245,1.609961989110164
W1499,5,0.0,1.1518381351795866,0.0,0.0,0.0,0.0,1.6481736939864229,0.0,1.8381787082615424,0.0,1.9682185346871268,0.7529251484009061,0.1084079351374274,0.4658104261826248,0.2264309223573941,0.0513058546558594,1.4596736185556454,0.5318565180815833,0.199180989852003,0.0441685901387311,0.3095549727370013,0.1870184245827962,0.1344223294900627,0.1058161412195706,3.4403047031926697,2.564573229348916,1.6628614368312036
W1499,6,0.0,1.2291568789356426,0.0,0.0,0.0,0.0,1.3767014445536645,0.0,1.5450404156851292,0.0,1.5116209895768713,0.5846325320733549,-0.0268583608979079,0.4225261342962814,0.1493992263089925,0.1724118306560055,1.4146294913222732,0.4001156857081823,0.1371343370047274,0.0329091573477071,0.3266024170875718,0.1983501680689912,0.1593469690684669,0.0486582491543653,3.7028890349102217,3.354925183153729,2.21083626955284
W1509,0,0.0,0.375,0.0,0.375,0.375,0.375,0.375,0.375,0.375,0.375,0.0,0.0,35.0,0.0,0.0,0.0,0.0,0.0,0.0,0.0,0.0,0.0,0.0,0.0,0.0,0.0,0.0
W1509,1,0.0,1.3352593927101637,0.0,1.1633114707976089,2.108139560860581,1.1268235698645663,1.9070324012810167,1.215980072050012,1.5342571339415887,1.7551438883664738,0.0,0.0,0.7925741656870179,1.5491537365965948,2.4614927989375333,2.1480794428660555,2.8954280410374245,2.8150580606002005,1.4692502751742382,2.2442870039380467,-0.0005248986355406,0.2650413811896422,0.1421268282522262,0.3835800807557655,2.166319263824464,1.7104639428176849,0.7733211375036945
W1509,2,0.0,1.6237037903529723,0.0,1.0456066970032505,1.7533807191669886,1.304187341943646,1.638530100786356,0.8700486736417641,1.8673053338286996,1.6162115869989766,0.0,0.0,0.1225265268833808,1.8772625219650392,1.1221102358839643,1.450650373010656,3.417827993029914,1.29425583629883,1.2267130189781004,0.7543562381062042,0.1062232233483806,0.1870570104701311,0.2039659387581364,0.3019734161113576,2.7089104971343447,1.8902583598982936,1.2138302946002135
W1509,3,0.0,1.599928397218065,0.0,0.7777011270230046,1.3735416966933949,1.0758997116041271,1.259975483124218,0.7776662231551401,1.7635295677939389,1.2174355512906263,0.0,0.0,-0.0093219302495271,1.4942761197700798,0.6457709861383206,1.0885794987999278,3.2062503099883446,0.8332538515442353,0.9134861520046996,0.5107322601539388,0.0910639683376235,0.1528144347092816,0.3778129146539198,0.2033857001436721,3.870838546812056,2.2868803393048363,1.837188452809319
W1509,4,0.0,1.2651024409032834,0.0,0.5820265363064747,1.2970255642140598,0.8571643798549992,1.028206529456032,0.863455908112309,1.5803225325599957,0.8430271874790215,0.0,0.0,0.0119755276055225,1.089762945287872,0.2830931845062023,0.6742390440648175,3.504131006194413,0.5120333800720788,0.8212667393524031,0.242208469634499,0.1038064950120963,0.1353325724655413,0.2807691886445723,0.2317189412778062,3.4940944372710145,1.742780943979903,1.868615585972618
W1509,5,0.0,0.9713525598109364,0.0,0.5337230824774317,1.1318720536293323,0.6419710548507066,0.7621041639987758,0.5169595786529826,1.10395347448192,0.7011340262107294,0.0,0.0,0.0083289621093768,0.8750233601500832,0.2700085264823224,0.4824437722671882,3.40653538100284,0.5015958896741569,0.7101744012392136,0.0607918302259885,0.0964647262740405,0.1217475665882626,0.1550269775702547,0.1393923906923732,3.975357624942758,1.987204490884736,2.4596880422230503
W1509,6,0.0,0.9921469827538806,0.0,0.4007402051667602,0.579199157956429,0.4357150733364057,0.5623683735100485,0.4629833919958089,1.157431849054279,0.4048466915470874,0.0,0.0,-0.0288841848477062,0.5535594288295169,0.2205020859506909,0.4482383283908828,3.880725970909754,0.307624683631754,0.6276795355577989,0.1211759804548823,0.0304549973941534,0.0537602614049213,0.2439760782682397,0.0954466786680374,3.8005376366449206,2.3384477441780422,2.0039210382320167
W1548,0,0.4285714285714285,0.4285714285714285,0.4285714285714285,0.0,0.0,0.4285714285714285,0.4285714285714285,0.0,0.4285714285714285,0.0,0.4285714285714285,0.0,35.0,0.0,0.0,0.0,0.0,0.0,0.0,0.0,0.0,0.0,0.0,0.0,0.0,0.0,0.0
W1548,1,1.3229251274235376,1.5043500241661123,1.9122551758391888,0.0,0.0,2.9076098056073407,3.0806481614977925,0.0,1.6771769002604753,0.0,1.9809636465001423,0.0,0.9565639230840371,0.9571400887074296,0.8417737911949802,1.1847040148088797,3.3068166571821167,2.8416509020314966,1.122761770135785,2.17666008022839,0.8030192410568968,0.3477208484342814,0.3346145695161769,1.110601524262496,1.5094788848896274,2.904614165223704,1.0613930111018155
W1548,2,1.2963256405258283,1.1726902135605384,1.895147774483654,0.0,0.0,2.2161334619788238,2.498319145307763,0.0,2.264711609776387,0.0,1.8097399941326449,0.0,0.1456703512998222,0.8990570447036883,0.3812219558974305,0.4969657061026423,2.167426341176162,0.814465268833485,0.6731082674469914,0.8126141214709801,0.8039696291916204,0.2480404664657211,0.3901851687107731,0.7484928385250588,2.294068728246493,3.824242212084748,1.996002117437624
W1548,3,1.7388815015702326,0.8992377476045954,2.288499486666002,0.0,0.0,2.060996670732881,2.2484786077915597,0.0,1.670591807880124,0.0,1.9250486240085287,0.0,0.0864665027778806,0.4569561092965416,0.1778343481386675,0.1940531622417829,1.0754985679828917,0.2798346757970166,0.3124413752685679,0.3532041857193263,0.4703488959470042,0.1724525972551037,0.290171822606072,0.5730923116607269,2.9030816361041247,3.5702170489949085,2.729685571640767
W1548,4,1.1770130375759191,1.0173478767179462,1.3899743517485057,0.0,0.0,1.604733692607224,1.2196414951483234,0.0,1.3562702323460902,0.0,1.4355037191887012,0.0,-0.0239789368249213,0.43098062817216,0.1364313341773282,0.0069292225706003,0.5734342261231995,0.2449934957473079,0.1445764031870262,0.2292668122908487,0.2806061366157766,0.1219862974308235,0.2690525062722082,0.2771908054961092,2.935064481204942,3.752331060291851,2.5842579149535627
W1548,5,0.9326142759026838,0.944388736187696,1.4760646847829857,0.0,0.0,1.2324889083387536,0.8399967543687248,0.0,1.021708036697652,0.0,0.9269303789548552,0.0,0.0618045262752335,0.2695285279269245,0.0076720066465835,0.0468083845510084,0.3063212121420712,0.1508733792067362,0.090300648984761,0.0887624656132971,0.3118773968770532,0.14864729409508,0.1225930426971345,0.3187291378690857,3.028458220965898,2.9853597257554627,2.983752519052354
W1548,6,0.5359134250797177,0.5860024334025584,1.0669290674563887,0.0,0.0,0.985575089008634,0.7807467851264288,0.0,0.7688789551397042,0.0,0.8911572486088961,0.0,0.0319841041927782,0.112547888139108,0.0210200575310522,-0.0055068648165134,0.2582031969135592,0.0406077834629457,0.1044794231360626,0.1104408373602711,0.1183730183776091,0.1259923590881593,0.2454011638292123,0.2264642497957966,2.970791012710274,3.876405416772408,3.0322313838271158
W1549,0,0.0,0.6,0.6,0.0,0.6,0.0,0.0,0.6,0.0,0.0,0.0,0.6,35.0,0.0,0.0,0.0,0.0,0.0,0.0,0.0,0.0,0.0,0.0,0.0,0.0,0.0,0.0
W1549,1,0.0,1.881873855389125,3.5425315993135307,0.0,5.684801473620681,0.0,0.0,2.205995911840199,0.0,0.0,0.0,1.2819311642033666,0.7849633531689497,2.28451982157078,1.2036985199386023,2.2335617680587894,2.673313381154683,2.714151527719596,0.9077654030761854,2.5690471670730104,0.2235316903937455,0.2165861911646179,0.2180308207974738,0.3822806299859939,3.452562229934156,1.4403220675451387,0.8621670582617004
W1549,2,0.0,2.3663170458429805,4.299136586646785,0.0,4.129413089100038,0.0,0.0,1.6908637094691483,0.0,0.0,0.0,1.0150776554634398,0.2160432310530495,1.084404905548502,0.5774852264452173,0.5762143015664597,2.1187377733681294,1.2674746264892716,0.4406203734586829,1.0908195244364625,0.3788763814259572,0.1733268156487174,0.3853435043747708,0.1310179550201517,4.282477468133013,2.788472551480446,1.5128504516680006
W1549,3,0.0,1.6320537016457484,5.120961176681675,0.0,3.639221544146923,0.0,0.0,1.5449416399813043,0.0,0.0,0.0,0.8970830604143949,0.0630201694836773,0.5260758002210874,0.2893979436495505,0.144786988396546,1.1748780621844706,0.6894563794025332,0.2874255797105521,0.655981619425069,0.2347045837287006,0.0439698463249906,0.3341707902593736,0.068450146995533,4.318562466383428,2.954009550628678,1.817735160627035
W1549,4,0.0,1.4490314297538784,3.224918629098483,0.0,3.0076517215510896,0.0,0.0,1.2212336844847542,0.0,0.0,0.0,0.8308623159423234,-0.058693537122439,0.1542268904310001,0.1117196947956389,0.0252323460425071,0.8332654853111642,0.432558821499765,0.1451441799527995,0.3236739595080908,0.0252853346901518,0.1402382446479163,0.2617563777134497,0.0410347897556958,6.206895117164368,2.619658483280003,2.5769522223786674
W1549,5,0.0,1.3335176425129611,2.08555043418472,0.0,2.306701292829073,0.0,0.0,0.7271172321125924,0.0,0.0,0.0,0.5863717176507589,0.0008717777871651,0.0921808102638515,0.0812866233184758,0.1447935902945848,0.7198908187777979,0.1835158444568637,0.1618414443679139,0.1611946864558558,0.1720697270944074,0.1041233577526087,0.2167281508202458,0.0405679399953116,5.629912643645563,2.656302285800056,2.061147299593789
W1549,6,0.0,1.1672188415420592,1.85949485241468,0.0,1.4273754169992476,0.0,0.0,0.6909413111438687,0.0,0.0,0.0,0.4290830893344785,-0.0102367563390409,0.1097619522305041,0.0980275477297671,0.0557784541469854,0.4354004548923606,0.0990163835882858,0.0229922085331071,0.1073124331811585,0.0913579384825847,0.0467812336855255,0.2173125468585067,0.0397181572787537,5.623851688342667,2.533124309293388,2.196355687143803
W1561,0,0.4285714285714285,0.0,0.4285714285714285,0.4285714285714285,0.4285714285714285,0.4285714285714285,0.0,0.0,0.4285714285714285,0.4285714285714285,0.0,0.0,35.0,0.0,0.0,0.0,0.0,0.0,0.0,0.0,0.0,0.0,0.0,0.0,0.0,0.0,0.0
W1561,1,1.1067207088793745,0.0,2.2502861634129814,1.3607607869524945,3.002792411115373,2.3037379366462014,0.0,0.0,1.650766002027393,1.905534866950633,0.0,0.0,0.8482569801612555,1.815811653042184,2.991364382592688,1.7512668143309291,1.5199477910027166,2.7504563255169376,1.128273959372345,0.8950030287598554,0.3326318638789864,0.2593127831636376,0.3217526276647549,0.589111581633524,2.020798795919565,2.268516723587152,1.0398099704965955
W1561,2,1.491281736880304,0.0,2.569300598549685,1.1766166108338807,2.263102011173906,1.6342304870227384,0.0,0.0,2.055003771362593,1.5655572584860469,0.0,0.0,0.194008818754709,1.5953268714667406,1.2263856759938971,0.7487338565730878,1.5339146946108058,0.840798112364981,0.8900611498488391,0.677342483859559,0.2962126800570508,0.2121243205836915,0.522128306251479,0.3747210580082704,2.874174294387304,2.725425158397345,1.8739207490273293
W1561,3,1.9019149891994556,0.0,1.8165268053093877,0.7480226955959808,2.116194622256959,1.4323220083001091,0.0,0.0,1.5531102405627224,1.2797925459534247,0.0,0.0,0.17385711508961,0.9862536817304056,0.2899359565304272,0.2053835090934326,0.9422374596297172,0.4664844672491902,0.5789173852896496,0.4236732164452239,0.1681778668372107,0.1242399631570249,0.5529808549781505,0.1750352484754938,3.4585124409699834,3.04075759612794,2.118139431310486
W1561,4,1.5515666231443612,0.0,2.5009218938702755,0.6860819132645241,1.6906408680317793,1.2658982191274557,0.0,0.0,1.4860974731953338,1.0213900941679646,0.0,0.0,0.0840652190513378,0.6234424591593836,0.1926225767219651,0.0814312032223805,0.5955808181228543,0.201771313599827,0.2989582897128691,0.2903318403962229,0.1042875977769403,0.1166967559998462,0.4385348368790224,0.2046652924994083,3.60307865011202,3.687298325385788,2.56438978421387
W1561,5,1.0883904214324045,0.0,2.0692012466338583,0.3994893763754155,1.2573082888641447,0.8916211899746781,0.0,0.0,1.0325697507671892,0.7417505606358402,0.0,0.0,0.0258875294822825,0.4122064449092448,0.1600480953010701,0.0464577671193636,0.4546781934078545,0.1516340576490629,0.1756008629690393,0.1641558553657852,0.0683410347150562,-0.0329704431597781,0.3838958748059998,0.0770345701374701,3.2840581359022707,4.377948448127965,2.6912953378769826
W1561,6,0.743426197570483,0.0,1.8038399826583895,0.3708740995223145,0.9944291249568372,0.810122400899635,0.0,0.0,0.7485990706638265,0.591625248837397,0.0,0.0,0.062628465349981,0.3472016211315798,0.0995135203992904,0.0427870656623411,0.3523934176508612,0.0637114325080504,0.1333959425358548,0.0161155164666984,0.0981490308016098,0.0930279496401024,0.3048912911112677,0.0577175546486145,3.5870159416673024,4.237941217965346,2.067357131343275
W1568,0,0.5,0.0,0.0,0.5,0.5,0.0,0.5,0.0,0.0,0.0,0.5,0.5,35.0,0.0,0.0,0.0,0.0,0.0,0.0,0.0,0.0,0.0,0.0,0.0,0.0,0.0,0.0
W1568,1,1.3904329485302191,0.0,0.0,1.8859283596669485,3.321674588654935,0.0,3.0392225708903293,0.0,0.0,0.0,1.994992774925377,0.82435411534509,0.6456728095287727,2.442371526644182,1.4311127914024984,2.393129449937069,1.944535906548126,2.9755930564591,1.5664428121411864,2.5528601945400218,0.275835808707468,0.1460902437619538,0.1679129682740875,0.1480801730801966,2.1016264058736973,0.9549568351186908,1.064413076037854
W1568,2,2.571817221164108,0.0,0.0,1.8637626885311172,3.3019841406493957,0.0,2.42016659941056,0.0,0.0,0.0,2.3043191072612066,0.9593169225979148,0.1113439526805515,2.135460812388963,0.7846147547896591,2.194092507060763,1.9102445633999776,1.190705111335974,1.2865073037730843,1.112747208857166,0.14889233469419,0.0681152724930538,0.1640968855935993,0.0686259538453551,3.108037541412328,1.8190860664133424,1.913796717719742
W1568,3,1.9539208348932784,0.0,0.0,1.190507663166337,2.212898280074328,0.0,1.815779413077424,0.0,0.0,0.0,2.418713741821912,0.915147745742945,0.1296774917122024,1.7117246794419807,0.4049854262650896,1.6214438293316755,1.5650015353017737,0.8685392778593153,1.0449383313592893,0.5520739516254447,0.2010048349755496,0.0570958559878818,0.0800290455785853,0.0173291065578284,3.1250917467183745,1.9017393866811587,1.9418924799334405
W1568,4,2.3382697359884315,0.0,0.0,0.938524079750535,1.5933570877675065,0.0,1.3417114014604574,0.0,0.0,0.0,2.1216446220448035,0.837713206332211,0.0921934401624471,1.581918208007289,0.2543106718564339,1.158075802916079,0.9943015392777352,0.3791852617984959,0.874885611425527,0.3258987051303406,0.0230133721119802,0.0313002837108339,0.1151339614395025,0.1325987090973494,3.007485179126095,2.156795514953182,3.0519303106616
W1568,5,1.7923639075761002,0.0,0.0,0.7635740840418168,1.184688973310729,0.0,1.1466109223297922,0.0,0.0,0.0,1.6114904467021702,0.59974711038661,0.0742211429659421,1.388634182031715,0.1845109859037308,0.7619183775840612,0.7231071984581892,0.2219456945790667,0.5151871356418933,0.1820154936235527,0.1147967579734027,0.0713328445051082,0.0358848340695856,-0.0463268718746806,2.888648761534084,2.7888874202950604,2.793314368307168
W1568,6,1.570315829780941,0.0,0.0,0.5441625663450314,0.9431133318637114,0.0,0.8700484726109207,0.0,0.0,0.0,1.462891019858493,0.6213997767085486,0.0367098928756751,1.038051945958703,0.1988963153226719,0.4248590666539507,0.6852382482203326,0.2975822055379332,0.6533299162293505,0.2315335597430224,0.1565336313467769,0.0446376750297976,0.0496542944820174,0.0488119159483494,3.3283192976887515,2.9399718258958982,2.9901052675635884
W1596,0,0.5,0.5,0.0,0.5,0.0,0.0,0.0,0.5,0.0,0.5,0.0,0.5,35.0,0.0,0.0,0.0,0.0,0.0,0.0,0.0,0.0,0.0,0.0,0.0,0.0,0.0,0.0
W1596,1,1.5897985257772955,1.9628057386048336,0.0,2.229251932554489,0.0,0.0,0.0,2.3626543173187944,0.0,4.002909800152447,0.0,0.7299822327458734,2.24460656553113,1.7625009778829772,4.164572158213309,0.564806033649031,2.1556640374828784,2.812410004510364,1.428160801912018,1.4209011162089171,0.1520481996626297,0.2224287367990516,0.3697265182886389,0.535388446860895,2.2249995949447805,0.987896787416456,1.488576405736453
W1596,2,2.622374216747927,2.106608698487692,0.0,2.262031512854532,0.0,0.0,0.0,1.789453468306853,0.0,3.121769217871742,0.0,0.9754746788336884,0.2699090421172977,1.0819466451272055,0.8895796415726537,0.8630072199072685,2.5823308672493552,0.6832297476251863,1.4047203579673178,0.321321905683645,0.2799969378159624,0.1858279128993025,0.3058338058748092,0.5085316060440984,3.2602902802748006,1.5242347984038809,2.7098673176118755
W1596,3,3.0204171407226963,2.046546805821521,0.0,1.7133003758343412,0.0,0.0,0.0,1.9239475992951536,0.0,2.576335569400745,0.0,0.9415783002749052,0.0541276545766247,0.672949655106326,0.2386080051045929,0.4886488412728623,1.9978977107774856,0.3650837614082572,1.4643729751709536,0.2313726161210276,0.1931177922532347,0.1708442193430566,0.2889033830307528,0.6608230468082129,3.669998190155628,1.820442032107122,2.6666555534631216
W1596,4,2.25015007422731,1.8422601215827128,0.0,1.2144725768542255,0.0,0.0,0.0,1.354401928709928,0.0,2.045637908261018,0.0,0.7524853243744891,0.0178521251861038,0.4243539706482603,0.1032015239514645,0.3582366683938552,1.5983318833248417,0.0428566568790922,1.2158285207687642,0.1112518359641596,0.3476351144609794,0.190767906814697,0.1830161030653961,0.6775337381021825,3.245410863897728,1.866719870705382,2.4312739086153226
W1596,5,1.354217192868031,1.1277296344500016,0.0,0.9407890153225624,0.0,0.0,0.0,0.914702123042811,0.0,1.8460190530159597,0.0,0.6868446413864555,0.080291366525436,0.3794511656005919,0.0855432505050517,0.2418373478278494,1.0033745687587452,0.1174443585669369,1.099369821415914,0.1473509528020108,0.2579149749686548,0.1666942058924945,0.0649788039773264,0.4780861383603665,4.556636846653804,1.7091074548616252,2.99218366178985
W1596,6,1.4359075104935788,0.8489535470599718,0.0,0.7527259482189327,0.0,0.0,0.0,0.8305428557737591,0.0,0.9721624948630558,0.0,0.4992140948119852,0.0424527415377551,0.2351671811156976,0.0435054658203286,0.2523094175792675,1.0933401391091058,0.1878045229321582,0.8824803641062289,0.0520432535960585,0.2731251549011877,0.0918995511501088,0.0232761891011803,0.4769667849425471,4.045284728976871,1.6941341054252548,2.973110892313986
W1607,0,0.0,0.375,0.375,0.375,0.0,0.375,0.0,0.0,0.375,0.375,0.375,0.375,35.0,0.0,0.0,0.0,0.0,0.0,0.0,0.0,0.0,0.0,0.0,0.0,0.0,0.0,0.0
W1607,1,0.0,1.160595633906533,1.7930127905383215,1.5426564878595197,0.0,2.021418982384441,0.0,0.0,1.6626268629486147,2.145587407933505,1.5334022226661013,0.6405580543179619,1.1043351777806103,0.7906149088991187,3.4061873614915528,0.982067789788848,2.098778273878122,3.996511943850773,1.2158349126821926,1.0160271189234005,0.7366649937399923,0.3482879208458932,0.2437508477838799,1.0558283967937598,1.3356193312545714,2.15484379259931,0.6571386221314272
W1607,2,0.0,1.7048822655588671,2.5901619124968924,1.3513898317567892,0.0,2.351769869836449,0.0,0.0,2.068186601358702,1.9467266647798973,1.8288757203362889,0.6854415860150805,0.1779007762111025,0.8093076813641488,1.2848851732613782,0.2895067817239019,1.8682337568360832,1.3830667169548714,0.975790462252703,0.5917322495190446,0.6346401460868258,0.3708267197515978,0.4956194290818506,0.8097093221454007,2.3062866628194527,2.486750147333631,1.2539456018110084
W1607,3,0.0,1.325361180689329,2.5907048029105577,0.7605057363032978,0.0,1.9138530325433585,0.0,0.0,1.5774804122573645,1.6114447440334156,1.5295456668200809,0.6235907768466797,0.0349672309084022,0.5189482110412431,0.6946350509536049,0.0979164241060739,1.3190373394651014,0.6838994953685507,0.5421404017423357,0.3880079652541606,0.6352534186893873,0.2118569211387903,0.423852135775043,0.5859908904110087,2.75727925448035,3.4657755628970244,1.6764249720234674
W1607,4,0.0,1.14081315660546,2.001997182086165,0.7704480556249806,0.0,1.6166806420264803,0.0,0.0,1.403345394750065,1.24672456699509,1.463796107395537,0.5845325698478101,0.0894217701129041,0.4486487735687612,0.3742917051138996,0.0927291297885473,1.0172227396489155,0.3975558813228788,0.263181125881344,0.1889423318861909,0.4072731499972721,0.219892052647691,0.3821826029210713,0.2665640316869565,2.6486254602002424,2.94132162053516,1.8564563241871497
W1607,5,0.0,0.9167838038043568,1.689315016290757,0.5346698133235386,0.0,1.187659597034336,0.0,0.0,1.1851525156418024,1.012884638401757,1.2096176612211451,0.5003877620242622,0.0325722338545049,0.2587251468772355,0.2253550552782152,0.0342958489607584,0.6212056545902191,0.3004696295494057,0.135300586459845,0.1157125556196206,0.2364817305487601,0.1652893540461007,0.267771654616775,0.4269185707444591,3.3545414150522874,3.4241431123714623,2.511347753045569
W1607,6,0.0,0.8414473717181662,1.2406624693185242,0.3547420232628694,0.0,0.841437133668547,0.0,0.0,0.8504807295032254,0.7877069467785808,0.8285609477392752,0.3884516666099156,0.0956035573370729,0.2707170173609547,0.2253465170219332,-0.0052248928592059,0.6281083461694076,0.1890106471678005,0.1385751530574203,0.1237395227031881,0.2920947705267838,0.0850141191785113,0.2499479363497881,0.2333701346122557,3.0399070466925777,2.707122227768762,2.3550352019788043
W1633,0,0.6,0.0,0.0,0.6,0.6,0.0,0.6,0.0,0.6,0.0,0.0,0.0,35.0,0.0,0.0,0.0,0.0,0.0,0.0,0.0,0.0,0.0,0.0,0.0,0.0,0.0,0.0
W1633,1,1.6560230435333727,0.0,0.0,2.039743343124568,3.452413445123635,0.0,3.179202980379341,0.0,1.9007714523347503,0.0,0.0,0.0,0.7424484042909589,2.6637296999943385,0.8668530412915266,2.53582561763723,2.735772827283684,2.663701976490398,1.0537513673195416,2.424821854134693,0.0471652923282833,0.1337046952414909,0.3265800776549882,0.1604176070519038,2.6199414182759,2.0244074905971696,1.020441836498077
W1633,2,2.3760236553131184,0.0,0.0,1.7423522829287583,2.510892056276921,0.0,2.6654458141805533,0.0,2.444798521678277,0.0,0.0,0.0,0.0221476395273599,2.395883731247089,0.443294612249939,1.7722525526758135,2.1274273017780727,1.1920775501484355,0.9861300540873378,0.7982781617474517,0.1729602056899922,0.103080931926565,0.308662975241083,0.2357777284541564,3.397781960716556,3.4584215570412127,1.9707101629858632
W1633,3,2.553428132676574,0.0,0.0,1.5061792439856003,2.1611415250341315,0.0,2.0998323006115367,0.0,2.399319177070574,0.0,0.0,0.0,0.0250739786102522,2.0238806639766365,0.1522897206048629,1.3427454770807177,1.5654561904937965,0.4441596327345505,0.6408291231128672,0.4105216029115432,0.1829133373893167,0.1804638349612402,0.3359611449716321,0.1431586215377338,3.965392826557571,3.50313931139509,2.623566473822141
W1633,4,1.8409179572569376,0.0,0.0,1.2602150623557908,1.6188684165241316,0.0,1.552969702067037,0.0,2.297419449646137,0.0,0.0,0.0,0.0657177755501479,1.4148413694497657,0.0215732581547082,0.7575735070109983,1.536616809505663,0.2211624422413132,0.4238165675422071,0.2785102373169953,0.0711882073070469,0.0684441340900108,0.324910632571757,0.1308780166041857,4.171607535570983,3.861156143043051,2.66074803906998
W1633,5,1.7070108703486784,0.0,0.0,0.8202173481242371,1.2557778986886483,0.0,1.032124419744589,0.0,1.7981027221414705,0.0,0.0,0.0,0.0389669634203333,1.1118817643179153,0.0121086712042841,0.6979152414798352,1.112376329411065,0.1158403272011167,0.3497363918545139,0.2197310608780264,-0.0005755676250171,0.1206417313774827,0.3313458312714042,0.1753538777214528,4.633107153265086,3.483931665122693,3.039151867566404
W1633,6,1.2014283223433526,0.0,0.0,0.7067028869104975,0.9373839080653724,0.0,0.8722614343530894,0.0,1.5967203969938393,0.0,0.0,0.0,0.0011643741585378,1.1564110093111415,0.0766650419521923,0.3351487787838422,0.7479663798609426,0.0587466877548263,0.3037351789435729,0.1254817276168283,0.0074962619401354,0.0903938331868953,0.3179485081188635,0.1126824718395499,4.207374611935931,3.4175453038471986,3.036293984264906
W1651,0,0.3333333333333333,0.0,0.3333333333333333,0.3333333333333333,0.3333333333333333,0.0,0.3333333333333333,0.3333333333333333,0.3333333333333333,0.3333333333333333,0.0,0.3333333333333333,35.0,0.0,0.0,0.0,0.0,0.0,0.0,0.0,0.0,0.0,0.0,0.0,0.0,0.0,0.0
W1651,1,1.3656956474012245,0.0,1.5956041705521025,1.2628080163976685,2.698382738571605,0.0,2.036673529706193,1.013007086134228,1.471889072960657,1.6186625453215415,0.0,0.5416417322719378,1.1612125861695592,2.0057335283360134,2.4382525751971658,1.6276274385872922,2.816124275978247,2.672730723248704,1.2551668330280512,2.4927059693154647,0.2675032386176545,0.1836351237400049,0.1512415395227181,0.1426234090341607,2.2057923078802038,1.9453671617959405,0.9884540109058226
W1651,2,1.5777403993289745,0.0,2.106900340833392,1.0971539661387228,1.7351870746286593,0.0,1.5935582257048,1.0541917158104177,1.6158246967908794,1.658129737592572,0.0,0.6052445211773231,0.1520697372356858,1.118085214816707,0.8018793114863378,0.8009154216199563,1.669066809958721,1.1131328448536342,0.8238455857823667,0.8902414154535507,0.3243287942619425,0.1750678641242735,0.3077669541159146,0.2028028075252572,2.9008629551040714,2.338843704072934,2.095617708874439
W1651,3,1.3803846165561282,0.0,1.885065125111917,0.9041662034756264,1.7016288632978518,0.0,1.096502928668226,0.6038656684251194,1.6068000390873531,1.2097174732297935,0.0,0.5258521683931962,0.1389587552250691,0.6946382741635497,0.3613425901525944,0.3864305795407879,1.3697197943017614,0.3953644036686071,0.4887630202183002,0.4868968151355498,0.1815754044949893,0.1598264534832496,0.2324745815423299,0.2735516618939028,3.915018010178272,2.930492072219636,2.272057907439773
W1651,4,1.2649341307372504,0.0,1.9896509511795584,0.6375524057149716,1.312155934686423,0.0,0.9310362016113722,0.6519073368398416,1.219498414465961,0.9876489158520037,0.0,0.4722744835149408,0.0327648326639666,0.6000590443186932,0.1625957423144066,0.1283745902663055,0.7889729906746688,0.0661483750532909,0.2900103322300503,0.28446747068867,0.1346720700853986,0.0595119867469764,0.1327295719910042,0.1348966052564128,3.974950064675849,2.917607994091274,3.02120011443633
W1651,5,1.2345420043458748,0.0,1.3288006042141165,0.4528012952254669,0.9026054985364328,0.0,0.7028372059217335,0.577600220808018,0.8062433698204741,0.7386888519184786,0.0,0.354535667953581,-0.0118383693691275,0.4553812075158905,0.1016862030321349,0.0763935853914738,0.481972536459857,0.1208111859653961,0.2239963878364469,0.2293374725279801,0.0763831498612789,0.0913316064848991,0.0816702455293746,0.1483349624877161,3.6493748619120434,3.2024880480016016,2.598498053199338
W1651,6,0.6426207291887497,0.0,1.2758193208819992,0.3125187403714677,0.7948754956855829,0.0,0.5655146437750839,0.4180831258819392,0.7121009293645558,0.6421498887113612,0.0,0.2558439822381555,-0.0648290023093597,0.3202619133658986,0.0373734150963225,0.0366828966359404,0.5729493284181821,0.0604117725544353,0.1675246994434095,0.1225384710908696,0.0546905958866384,0.0864885687718212,0.2179268479249155,0.0666363888230719,4.2249725258877735,2.904520163013127,2.306964285579155
W1667,0,0.0,0.0,0.375,0.0,0.375,0.375,0.375,0.0,0.375,0.375,0.375,0.375,35.0,0.0,0.0,0.0,0.0,0.0,0.0,0.0,0.0,0.0,0.0,0.0,0.0,0.0,0.0
W1667,1,0.0,0.0,1.667384855377936,0.0,2.323876168048597,1.8812601523672576,2.1587522578515697,0.0,1.4513999920873184,1.786865327665384,1.39156474734219,0.5544343019017739,0.6403968093742064,1.639106383055994,3.24058826640106,1.734248849934268,2.7030271610015544,2.470250159960539,1.1351402568074822,2.760385747917871,0.4324127029686447,0.4222525249605308,0.2694795980155107,0.5057553877189694,1.712131784509066,2.0218049475202102,0.6982521644761582
W1667,2,0.0,0.0,2.3034706928248485,0.0,2.296537980222489,1.42038848615271,1.544025014589016,0.0,1.4662923952743243,1.2098316424111095,1.494837844652984,0.6609650957396792,0.1250930046041845,1.373363093431292,1.7257234003595283,0.7320838796870612,1.9086442761746492,1.2476137855583411,0.7606149357098053,1.3276421025455372,0.4474327121515798,0.1809571211712881,0.3282372377309239,0.3161313297306193,2.336685052877164,2.6066852174791397,1.228278707699071
W1667,3,0.0,0.0,2.8554136626647804,0.0,1.75319023769268,1.369352605089066,1.5204991083533284,0.0,1.6871959150644162,1.223910950423033,1.5072049365522062,0.7504441901114529,0.0405334715309707,1.0214294316722687,0.8210843927401316,0.3941222302140694,1.433749933051889,0.6978765362899989,0.3774739441049516,0.996816967217292,0.2972932298048032,0.1589974406502107,0.230072695750848,0.1937662962001634,2.705903793938144,3.5838551512143915,1.523098941360372
W1667,4,0.0,0.0,2.692350939591077,0.0,1.5006597119235794,0.8028216831973881,1.1000325938030289,0.0,1.5509106577899954,0.9982466737545036,1.225303059666292,0.638990485153894,-0.0681192768258107,0.6360430748224227,0.5408809010471102,0.1428982796782325,1.0512645911782372,0.448588357821949,0.2454154219176856,0.665841595419005,0.237899334713151,0.1446696235812843,0.1695486212675487,0.163478877860138,2.6634583691227367,2.671097876990882,2.203408948909719
W1667,5,0.0,0.0,2.218528633387524,0.0,1.0069448637057234,0.7921193881903688,0.8153947954030587,0.0,1.2955043080341733,0.7110632421731187,0.9568686776439398,0.3796982129686768,0.0428634809403162,0.4845245667768585,0.4183515258637799,0.0592850835287114,0.6367011133717245,0.2155189203697839,0.1807827208938443,0.3044367872599078,0.1295430451041844,0.0394189292154543,0.1550115740881841,0.0926125732692797,3.19225977466553,3.343421650186604,1.9610581444100528
W1667,6,0.0,0.0,1.846867143168564,0.0,0.800800084111234,0.5420144447982965,0.6106878575973672,0.0,0.9118019456430554,0.5527928955255113,0.8704558912178881,0.3652975155137165,0.041536649443035,0.3942857304181213,0.2911940568070688,0.0784151585612725,0.4067295525166163,0.2096135182149483,0.1524956522350438,0.3591759062264018,0.177923418320867,0.0652191825359984,0.07158260007932,0.1482544499806244,2.89032560373422,3.59907597297064,2.333126470189142
W1697,0,0.6,0.0,0.0,0.0,0.0,0.6,0.0,0.6,0.6,0.0,0.6,0.0,35.0,0.0,0.0,0.0,0.0,0.0,0.0,0.0,0.0,0.0,0.0,0.0,0.0,0.0,0.0
W1697,1,1.4044426900718412,0.0,0.0,0.0,0.0,3.981065860421892,0.0,2.197990307213181,2.8884705039341103,0.0,2.43007057462717,0.0,1.2096070468515594,1.47516493498752,1.6999028381105574,1.883942670346058,1.9695758261917904,2.408307364727632,1.5159304914542011,1.7416796883693193,0.6128830379973405,0.2871830574581825,0.3506517129681686,1.5553195185038935,1.8176966627880773,3.3950424226244262,0.991332735563738
W1697,2,2.2288062354245275,0.0,0.0,0.0,0.0,3.776991109404308,0.0,1.8946405803622748,3.234343649252692,0.0,3.0423344209385963,0.0,0.1267697747918665,1.2737490562237137,0.5849667426360516,1.1087033288264512,1.3610000414691077,1.0568180524484383,0.9574459630207182,0.6481308817814793,0.3619878552158088,0.1553231276161659,0.4858001385688485,0.5299374633788895,2.5070630498762267,3.905995286867925,1.936912007690413
W1697,3,1.7115200985119612,0.0,0.0,0.0,0.0,2.4908637228554693,0.0,1.5897279016100716,2.930553805741799,0.0,2.376862442634569,0.0,0.147501444108624,0.942960532885103,0.2895148203604304,0.4488967979321224,1.0215911028925733,0.4135476658992378,0.5270992203920554,0.2855980197915272,0.2312119356575906,0.2069783551238045,0.2516840160045986,0.3205468264002149,2.8279447467790986,4.388820379100757,2.424878794183112
W1697,4,1.3326779626349905,0.0,0.0,0.0,0.0,2.217195510809875,0.0,1.3111620169104437,2.18591935571618,0.0,2.1727906045514542,0.0,0.0479686594232669,0.7206278608054781,0.2441235030540218,0.3972086324932419,0.7780215441626788,0.3383307126603835,0.38094148616979,0.1692178357802012,0.1566183501307155,0.0792678758622631,0.2661179551045419,0.2091647549939805,2.775104963569203,4.102956315439515,2.865405622587702
W1697,5,1.0756035549367415,0.0,0.0,0.0,0.0,1.4604219013584394,0.0,0.8662615902452627,1.997942016323309,0.0,1.7289409497175618,0.0,0.1014783368086507,0.3571657371930936,0.2188435536681064,0.2370493465853425,0.4790936803142153,0.1718496061263215,0.1794255482254253,0.125537975212741,0.1287934054168315,0.100839743830083,0.1567545885610211,0.0872479685170489,2.466554712218473,3.87661114322822,2.6290215306527185
W1697,6,0.973320861781449,0.0,0.0,0.0,0.0,1.3518052826209002,0.0,0.7416171636405553,1.5203900037899645,0.0,1.778905447927432,0.0,0.0003080938660335,0.3122571823208461,0.1199551073170813,0.1613369383047782,0.4569648868584351,0.0727477474998875,0.1520401404502394,0.0619550515006753,0.1186262294916363,-0.0179989573636104,0.2726594741631364,0.0878303771383007,3.197617952101304,3.886145515318343,3.437238596943585
W1755,0,0.375,0.375,0.0,0.0,0.375,0.375,0.0,0.375,0.375,0.0,0.375,0.375,35.0,0.0,0.0,0.0,0.0,0.0,0.0,0.0,0.0,0.0,0.0,0.0,0.0,0.0,0.0
W1755,1,1.1417298583932545,1.1801117760938435,0.0,0.0,2.768750366835896,2.055735765700559,0.0,1.306941047672857,1.898675760134549,0.0,1.36558947164728,0.6043433796870111,1.02036975945554,2.2798548501252487,1.530142109631686,2.7332054519383617,1.898399008995108,2.035231288583798,1.6346714401941282,1.3211558406236836,0.2326544483748341,0.2619827481626759,0.3526210687329644,0.562086554494481,2.7733224681643005,2.5104613482621563,0.7396481240765602
W1755,2,1.263588038182199,1.3159332647729884,0.0,0.0,3.145738845898188,2.038780662113479,0.0,1.1745425586788347,2.006293813237933,0.0,2.1120772194027544,0.9648215842319634,0.135581674254712,1.7302534495082504,0.6682833278914071,1.45793415648466,2.1866897323773604,1.061873073239789,0.9888617895193396,0.4321345991875795,0.1883399192264183,0.0532009296569425,0.3527952986417667,0.2222093852694765,3.2340498811949385,2.945955611198011,1.6887502256851832
W1755,3,1.172864772711851,1.1957381958691176,0.0,0.0,2.293306623321248,1.5141638862536948,0.0,0.924967449896688,1.511234218212306,0.0,1.9940258892698444,0.6327471224821621,0.0512421549701988,1.3827011105161455,0.4041970994245847,0.759003663279424,1.4791682398374215,0.6532301424682555,0.6226670269258637,0.2848316362320469,0.0469651271702111,0.1215523042574077,0.2216792325076252,0.0401948107389378,4.036666847746854,3.3335862322547807,2.2985799329476437
W1755,4,1.0559571651223312,1.0740615445268695,0.0,0.0,1.5791318954348903,1.1607522943088495,0.0,0.7256350169448844,1.4389354613676877,0.0,1.264680018539868,0.482699769169024,0.0298026528848935,0.704171889809809,0.2241162189813011,0.4111548099754171,1.2830187702071492,0.3728572403494137,0.4370087393146815,0.1795876914819164,0.0142401174278768,0.1499137687517248,0.2154450385782449,0.1336858542480847,3.5730946489053044,3.377871307572799,2.358477256451921
W1755,5,0.8955596917106496,0.8311022422127589,0.0,0.0,1.0135332407923388,0.834858964457513,0.0,0.6692590906342296,1.0728843665150367,0.0,1.4444726166321546,0.4714533362443006,-0.0233665033606702,0.5027986480103095,0.1785721934404151,0.2811630999314994,0.92447900245274,0.3001908357757433,0.2609823114114319,0.002948726942232,0.1211351525596338,0.0503883983285905,0.3061980909731011,0.14256466949782,3.712529335653075,3.826260975752567,2.1150907995336645
W1755,6,0.7194860317729146,0.77404942617558,0.0,0.0,0.8891856652583132,0.4440655441594062,0.0,0.3670632174280648,0.9606299288245992,0.0,1.0537955084810404,0.3992487896042098,0.0436204914918939,0.4073598290260437,0.2097380130141059,0.2440553559623768,0.8721074348313428,0.1392929920294763,0.3033527290355298,0.2332243190197944,0.0849395116588358,0.0246627412131458,0.1417204817337475,0.0340284042921784,3.9084483881299232,3.555118631640592,2.0399703996235594
W1797,0,0.4285714285714285,0.0,0.4285714285714285,0.0,0.4285714285714285,0.0,0.4285714285714285,0.0,0.4285714285714285,0.4285714285714285,0.4285714285714285,0.0,35.0,0.0,0.0,0.0,0.0,0.0,0.0,0.0,0.0,0.0,0.0,0.0,0.0,0.0,0.0
W1797,1,1.4408756513024563,0.0,1.6448499176270297,0.0,2.5789259759822407,0.0,2.4187547633701687,0.0,1.9123582063262965,1.6617629321594696,1.6033153332381618,0.0,0.7655705827554117,2.0148786411522464,2.3888096015900007,1.9780325596479555,2.1854071343235093,2.064463766925589,1.3877670709265308,2.082657499491911,0.4555812600605269,0.2934330065821008,0.2260868477373244,0.1513348071410905,1.8119531564840687,2.36190406591698,0.8805290447717535
W1797,2,2.058654120097321,0.0,2.7622070011095614,0.0,2.097185070032778,0.0,2.127243220587863,0.0,1.9724668859950736,1.7781032465712532,1.3197581784788044,0.0,0.0972264774221416,1.5478493003323173,0.7011561732916427,0.7066703941457723,1.3999611493250046,0.6398353269950663,0.6629096915986022,0.8205575482217295,0.3756080374465982,0.2177771447356601,0.444878461394113,0.1210458334811207,2.6183226460312063,3.296948713418136,1.8807345652424567
W1797,3,1.7146358453090174,0.0,2.623354064878294,0.0,1.7958480095688312,0.0,1.671847012773347,0.0,1.4017554316843044,1.3170918643406768,1.3245350161636245,0.0,0.0739548535230072,0.951121654704742,0.2310505603322684,0.1909981376765614,0.9482150069350862,0.3089890112791452,0.4179050681192656,0.4885262452015146,0.293937417724643,0.0941105692611773,0.4843766703663051,0.1060611870567795,3.0027929908804007,3.234647962527202,2.640820321989173
W1797,4,1.7608390743424454,0.0,2.104773200793705,0.0,1.169066907168716,0.0,1.0647606135011831,0.0,1.2543209519985006,0.9617631952524428,1.0171720195970382,0.0,0.1578173814944235,0.5580907416169038,0.1429704244964946,0.1181182202535244,0.5304021832476298,0.1147064769330933,0.1589275525012729,0.2399675661617601,0.1774655096691131,0.1235950290027707,0.4852708816402582,0.1032628876290266,2.4109153903450844,4.137664057084836,2.463631917053857
W1797,5,0.842922826750086,0.0,1.6780963434120195,0.0,1.0433813930455251,0.0,0.8838895552190709,0.0,1.074905761599407,0.7555808455017784,1.009143626828417,0.0,0.0668138127870251,0.4864777080294893,0.0978946679823454,0.0904084483308725,0.3389480851840715,0.1581992124114704,0.1234835105309607,0.2013667185936169,0.1270619724145958,0.0777241248567985,0.4562070333232954,0.0917725185469884,2.608496328380896,3.829714366838234,2.91419162131588
W1797,6,0.8458463429354314,0.0,1.4037107486209446,0.0,0.7947179467569502,0.0,0.7385261621874403,0.0,0.8352513844611583,0.4553021743267262,0.7269428709298169,0.0,0.0088864026691472,0.3228480027765846,0.0079834665088039,0.0345295797670285,0.1989438047166978,-0.01209972225531,0.106471867576919,0.1711381459222161,0.0763999680449384,0.0380821673195755,0.4524096102307259,0.0679976555106838,2.882008836890889,3.608243378388244,2.7589444652862305
W1806,0,0.3333333333333333,0.3333333333333333,0.0,0.0,0.3333333333333333,0.3333333333333333,0.3333333333333333,0.3333333333333333,0.3333333333333333,0.3333333333333333,0.3333333333333333,0.0,35.0,0.0,0.0,0.0,0.0,0.0,0.0,0.0,0.0,0.0,0.0,0.0,0.0,0.0,0.0
W1806,1,1.149433303125586,0.9697537389506992,0.0,0.0,2.2360131172654,1.703720328453377,2.206369690309602,1.1716001872724784,1.4877518786972388,1.6482222523755057,1.2105486866530233,0.0,0.7552050063573039,1.9264833334895983,2.949023645941756,2.5876496768821826,2.65136630130867,1.6657020861223972,1.4530391566929963,1.6946134020142407,0.2492781808389551,0.1928551556715189,0.2627460599838157,0.509272613778085,2.083605013507699,1.5879393073009338,1.0027283833750795
W1806,2,1.289487458345904,1.1704684783331674,0.0,0.0,2.267409555153659,1.4942076230742989,1.2563825373813793,0.8232608994013574,1.70040176656895,1.1164334693790203,1.4530104372923014,0.0,0.1210725923950383,1.586780707335504,0.7813424651398633,1.672769967957702,1.898936123697451,0.8564006177961418,1.3772020523837898,0.8352673544517536,0.1758257262174877,0.2349042025027016,0.3529111949075867,0.1972467451994275,2.892183136588547,2.4750434102122925,1.624253893583687
W1806,3,1.2306004793919745,1.2660984252719922,0.0,0.0,1.4362360609765858,1.1618372265403794,1.1902557744477962,0.8916264966220728,1.65720107716866,0.8038389239274863,1.5319018257559598,0.0,0.0518222232269855,1.3477000348991586,0.4119164048203044,1.1153899005608643,1.8167837047731272,0.4359513758971684,0.9953473911419588,0.2962521189196472,0.0847510896045357,0.2099382006546939,0.3633232406835074,0.1481605054608182,3.408098270960691,3.3137028511800537,2.068966294742704
W1806,4,1.2499753094932176,1.0620179357965425,0.0,0.0,1.0082631874892871,0.8805736018319643,0.8643877482233242,0.5747674575732237,1.518536282011762,0.6768920248664341,1.2914936511756416,0.0,0.0896828992417093,0.9780900786759386,0.2402156226901579,0.6807117578623948,1.4921235986572652,0.3744063021021789,0.8705648919269542,0.2207795068215084,0.0531296013479189,0.0314253503836157,0.245389758751502,0.0976139664058988,3.516432575217752,2.251860760564798,2.493859154868382
W1806,5,0.8895114069329167,0.7655102924326348,0.0,0.0,0.7747280386863344,0.5476667272465247,0.7860423631086921,0.5467964092347142,1.002643641109572,0.4898805641357434,1.0952088519634189,0.0,0.0336723435717063,0.7440217824019809,0.152915618144708,0.288660906389516,1.2524917491469931,0.1829457838135323,0.4009263617849572,0.144319333966735,0.1698504960933157,0.0605138298385364,0.2443750329457986,0.0555367363137112,3.4021790179993285,2.920493560318506,2.630482676564941
W1806,6,0.941269793109344,0.8237492570347975,0.0,0.0,0.7676499032046965,0.3881748839395762,0.518475371872301,0.3442711677983928,0.8658707813438754,0.3488750620521865,1.0935818276790612,0.0,0.0408032619446976,0.6461748680914827,0.1489343110497129,0.394130239807873,0.960475384674312,0.1338763982622265,0.4728495948294511,0.1274100696580795,0.1194496272815402,0.0634072144735939,0.2203373994045688,0.1296748565937645,3.716068742124788,2.6214102514995976,2.5508241550685526
W1833,0,0.6,0.0,0.0,0.6,0.6,0.0,0.0,0.6,0.0,0.0,0.6,0.0,35.0,0.0,0.0,0.0,0.0,0.0,0.0,0.0,0.0,0.0,0.0,0.0,0.0,0.0,0.0
W1833,1,1.5138655373561398,0.0,0.0,2.172626871303362,3.839338584464029,0.0,0.0,2.210789005390497,0.0,0.0,2.269004572205457,0.0,0.964865057799563,3.156239504582837,1.7907526324875755,3.8024576413815385,1.5433710572259756,2.5949581617250885,1.5367353052021269,1.6235790392903704,0.2098505740156637,0.1257087653041504,0.2805869383968391,0.1367733310933881,3.536204080510764,1.1176572812282886,0.9367492599571616
W1833,2,2.1686096105945647,0.0,0.0,2.2619562167232945,3.23354783746768,0.0,0.0,2.20816848519189,0.0,0.0,2.584832186038746,0.0,0.1236068719095054,2.6425185099668678,0.8505466339101578,2.6203942583347564,1.4737312471751507,1.3668136927993255,1.6166644486245338,0.6685231367037494,0.0955564259616436,0.2100799220003403,0.3577660299067172,0.0764321693415824,3.723625763663823,2.1563480394164016,1.5020054009989414
W1833,3,1.8860870092980335,0.0,0.0,1.5573396767104828,2.382410758542401,0.0,0.0,1.8722949957451855,0.0,0.0,2.3872690688337688,0.0,0.156709611627648,1.6504277253276958,0.564932681173213,1.5009654517355406,1.0379389514910156,0.7114488220034658,1.3147207149094924,0.4232442042619504,0.1412927169878791,0.122272993389296,0.3326189353904898,0.0313190017354993,2.949177422098681,2.307023105461374,1.7140017952721378
W1833,4,2.008856789240716,0.0,0.0,1.2195352516053293,1.9617248676406092,0.0,0.0,1.298241353686386,0.0,0.0,3.1899330995512054,0.0,0.0461488830614544,0.919486940582694,0.4452336114483776,1.1923302109966512,0.8716079368993899,0.3313915416953945,1.1730320608671678,0.1753863135458826,0.1109347448524108,0.0854944075191863,0.155616269593949,-0.0262496505560826,3.8349856240940654,2.519164132199934,1.8045289778115376
W1833,5,1.2894469634642651,0.0,0.0,1.0908783214384423,1.548336747824404,0.0,0.0,0.9973766038633002,0.0,0.0,2.323548377961107,0.0,0.0868510971785838,0.8360183037538669,0.2936259944466164,0.6700229027152634,0.7815336305659653,0.3761180361972107,1.0882072004826977,0.0957796510600465,0.079793732537994,0.1468680591933352,0.1808094009596122,0.0665926781794125,3.831596822249397,3.002046137245237,2.240370315230482
W1833,6,1.211321920399359,0.0,0.0,0.8323255348277994,1.086783241976953,0.0,0.0,0.8469902925488197,0.0,0.0,1.7956880081691526,0.0,0.1634838149751065,0.63571467147451,0.2712426245126297,0.7249142830637479,0.5213779082196294,0.2618424920585118,0.804571655879324,0.156540468795839,0.0620576788099683,0.0382459625864502,0.1514731636303075,0.0648478304163094,3.410365804247438,2.833125623919903,2.3244459613893738
W1849,0,0.0,0.0,0.0,0.0,0.6,0.6,0.6,0.0,0.6,0.0,0.6,0.0,35.0,0.0,0.0,0.0,0.0,0.0,0.0,0.0,0.0,0.0,0.0,0.0,0.0,0.0,0.0
W1849,1,0.0,0.0,0.0,0.0,3.0937608285867557,2.154870999555602,2.359929217724665,0.0,2.4293378374390566,0.0,2.0528276041856355,0.0,0.3980996865134246,1.882171253718835,1.9268987372878543,3.07215506264744,2.0718789752320603,2.135073745712926,1.3466300607770072,2.608770539278744,0.2765138761536438,0.1953101163034247,0.3560594745636009,0.3910833307832149,2.1543213827080265,2.1438057219085174,0.4834054638441081
W1849,2,0.0,0.0,0.0,0.0,2.801114379527394,2.0514013371313204,2.2154312458957466,0.0,3.111919820954597,0.0,2.1228418841461334,0.0,-0.0232695584938897,1.7922654070060906,1.3294518855813562,1.7758182797035005,2.3035761297066366,1.6125893485496827,0.8673589230630276,1.797073122925378,0.0704336101049853,0.1091433666171299,0.3372695618507241,0.2402718569425702,2.86675170433384,3.1568384229810147,0.9774918277798766
W1849,3,0.0,0.0,0.0,0.0,1.8457990176892607,1.3300822969907595,1.6658087125934562,0.0,3.1140222951538106,0.0,2.096171239739626,0.0,0.0409224328108259,2.2257786689890797,1.1617045785641504,0.8246100964756217,1.8953593417510577,1.3011347268110245,0.5462055498391618,1.000785590436284,0.1115177800089979,0.1230845150560965,0.2581334232871137,0.0683045747853055,2.6230954394690955,2.608205504491127,1.2429484229364307
W1849,4,0.0,0.0,0.0,0.0,1.59301010209757,1.158787208181584,1.2282226028360177,0.0,3.2080519378289547,0.0,1.9991322112619527,0.0,0.0747377734757687,1.858622038091151,0.8135997722859307,0.5817392477183317,1.6771426606463415,0.7358463847139132,0.3633158998440046,0.7005889547540718,0.0617641876907302,0.0767414471123076,0.2786016881549152,0.2024849176254041,2.8882672033125565,3.416733920433162,1.3428564260880098
W1849,5,0.0,0.0,0.0,0.0,1.1120525520670326,0.995787600189302,1.0110522065401315,0.0,2.4402002273769186,0.0,1.8198251833716548,0.0,-0.0581069512708697,1.1894683685153409,0.5497475640782911,0.3685961924839736,1.2106790958349296,0.7843567102226616,0.2640567919132236,0.3142805670084628,0.0693186840705053,0.1104581418381564,0.285121452629023,0.0579247465457486,3.7342741939610127,3.264160848363414,1.907311410119758
W1849,6,0.0,0.0,0.0,0.0,0.7230029862928413,0.5683750842070946,0.7995588021568216,0.0,2.0958230287600133,0.0,1.2990255967661095,0.0,-0.0542887149675556,1.4169293323414358,0.5045352102342235,0.1130950392290724,1.2545171441098688,0.5694762092126399,0.324642664498165,0.2803045259281785,0.0474455995963513,0.0851480522197443,0.2466863276162607,0.0942576665098486,4.060558544948295,3.526048656864385,1.6910362886659362
W1893,0,0.0,0.3333333333333333,0.3333333333333333,0.3333333333333333,0.0,0.0,0.3333333333333333,0.3333333333333333,0.3333333333333333,0.3333333333333333,0.3333333333333333,0.3333333333333333,35.0,0.0,0.0,0.0,0.0,0.0,0.0,0.0,0.0,0.0,0.0,0.0,0.0,0.0,0.0
W1893,1,0.0,0.9569581520831172,1.766287161878837,1.273978077963027,0.0,0.0,2.505902347089145,1.1298380216254669,1.592777472799322,2.17311837721332,1.558104312674285,0.5802550397056847,1.0936875701848028,0.7918546202888583,2.618816386038626,0.4873044753428525,3.305878200447867,2.946287970415727,1.1246210744936846,2.4666086333875112,0.6885304868838501,0.3666365848146672,0.0932547195289418,0.3783482824818964,1.688040030803888,2.297910651841635,0.8171784965666505
W1893,2,0.0,1.3494794842228763,2.1141343892325954,1.059821268917917,0.0,0.0,2.711837935916966,1.1135882665178698,1.9121852443215896,2.07375674568258,1.6770201529476372,0.5886597004809713,0.1828093501844362,0.8195995959252894,1.0607389181845617,0.5564999465573051,2.830514054703849,1.1130421920678193,0.7275078992158819,0.9315178874625388,0.8456597702808193,0.441113717189977,0.3393371897872834,0.4108468751425218,2.275605592880295,3.014908273827701,1.374005263432746
W1893,3,0.0,1.0265222337956124,2.1174037643881287,0.9955822536474482,0.0,0.0,1.9853617926193792,0.734912056906807,1.712824369118816,1.4231603910810022,1.402783742843572,0.5915581920130955,0.0780244398741745,0.4783898919698162,0.4286661114846831,0.1460890889108901,1.5482233215173251,0.6386975090366506,0.4944480989921181,0.2471523826739952,0.8601745292533993,0.4673271878347541,0.3380871299875946,0.3978494818633369,2.672981920020853,2.720605954863341,1.8512792071520685
W1893,4,0.0,0.9470454701651544,2.0442759014683864,0.6479095342841723,0.0,0.0,1.211332700178813,0.5824180866599017,1.1408987494546936,1.375791704153397,1.2374030883884344,0.5406590364362349,0.0989969790856057,0.4402539447185165,0.209142990685651,0.11687888720458,1.1466960268662292,0.2123266957519586,0.1797777352226548,0.2272080500364416,0.5859277329140342,0.3451162329855635,0.3254028596806786,0.3882166635467957,3.4141314689895954,2.845302969506021,1.921352325607382
W1893,5,0.0,0.8284165975852044,1.5382473151647524,0.461622029169568,0.0,0.0,1.127346338479768,0.5050414691620072,1.2820286288330447,0.8871341751215651,1.0949921913989002,0.5131632892161473,0.024388589255177,0.3715292873203396,0.1835655497255925,0.0948784713410273,0.8926016967633091,0.2429255394603257,0.1085175859472006,0.1001402021392018,0.6363737952778603,0.2887450962365008,0.3198178725902955,0.3237130341473984,2.998478926814275,2.658295787699468,2.330268481004962
W1893,6,0.0,0.63875795075516,1.1616958868437206,0.3000756532073065,0.0,0.0,0.6614001483081315,0.3934958123561982,0.9293566416881158,0.6463078974391927,0.7797882880038921,0.4193381922733225,0.0137974387556336,0.2668277217261149,0.1231015930411883,0.0727007428169353,0.8683156802253457,0.1131202697440851,0.1049543384353436,0.120140711736823,0.6085404256560419,0.2280727730222785,0.1256863453314828,0.2639751489392283,3.443875669210856,2.922527737684261,2.3914364074401555
W1895,0,0.375,0.375,0.375,0.0,0.375,0.0,0.0,0.375,0.375,0.375,0.0,0.375,35.0,0.0,0.0,0.0,0.0,0.0,0.0,0.0,0.0,0.0,0.0,0.0,0.0,0.0,0.0
W1895,1,1.161430637666583,1.1770829909281169,1.9950818629786888,0.0,3.40244619600984,0.0,0.0,1.301409820902096,2.0779404291209174,2.1182401885611064,0.0,0.6866138913798039,1.345114807433349,2.376190506421412,2.979759754333455,1.8878062004187872,1.912827160673391,2.095718858805637,1.1758391360485296,1.2817327466104158,0.2673470459449202,0.1898832744262893,0.3416707100736276,0.2534072263592316,2.763377120842029,2.4222287206639352,1.165120872819827
W1895,2,1.2793296021768343,1.4810018873498028,2.4311853452855523,0.0,2.9903483772091337,0.0,0.0,1.1605648462429494,1.6447095233660305,1.7485762820653434,0.0,0.5846500436905606,0.1968438937914196,1.504304783403026,0.8491410115886675,0.7015868892038319,2.0042474880898835,0.7008739604096069,0.6874745096324743,0.5637324971259475,0.2407672759786996,0.2301185221729557,0.4437996103792493,0.2392896603593888,3.5547389266857774,2.9831454243685207,2.0043132329238604
W1895,3,1.465783935223096,1.249836254276223,2.3691177376761177,0.0,2.52637716422901,0.0,0.0,1.1291745287556998,1.784610479552149,1.6050711978195125,0.0,0.6850383915158864,0.094826483080826,0.7425354890415276,0.2672538859372463,0.3168593136894721,1.1781224370489918,0.2814103627588541,0.47276942923941,0.2774780421162773,0.2042831237857487,0.1777488619731271,0.5302386068615126,0.0925885015804304,3.868128575583728,3.667737773327234,2.561459110126378
W1895,4,1.2601860898924275,1.1729282767827782,1.7667098440599855,0.0,1.533067335767322,0.0,0.0,0.7472581667390228,1.1268124339951533,1.261298262876034,0.0,0.5429566042299568,0.088592468207531,0.4049248411559242,0.0233840662049973,0.0741775682567646,0.7671314900837236,0.2214956859207002,0.2206537774335748,0.1978952602452139,0.136405495535896,0.1303857767895697,0.3450051172958409,0.0673824715032226,3.3667800280891043,3.338971212447876,2.7830341224685395
W1895,5,0.9062463759758456,0.811759052906133,1.5766276623136155,0.0,1.3404116705926892,0.0,0.0,0.556339518084955,1.085834945007635,0.7704264301884723,0.0,0.4836115971335112,-0.0332247052441162,0.2432076878749351,0.088853939135076,0.1365402286175231,0.4090551088474623,0.1084072815358749,0.1940788827765242,0.1139511071167059,0.0803988219654963,0.0103344233224583,0.2957008253267452,0.0263097141569902,3.9054506752904232,2.8228117704317444,2.6923168420090717
W1895,6,0.5993335415915785,0.6411296881606974,1.1455085413974149,0.0,1.0277383603844472,0.0,0.0,0.4378299312923812,0.6933888528061103,0.4601270612224425,0.0,0.3354575536270846,0.0028748643733869,0.1598695430702734,0.0540082994259947,0.060034058980569,0.536782727393672,0.0551571022638707,0.1156453885226378,0.1247865778342544,0.0358945679378353,-0.005035205473713,0.2558026518837437,0.0685081666835514,4.663318907597224,3.0581147182742194,2.5409992301947426
W1928,0,1.0,0.0,0.0,0.0,0.0,1.0,0.0,0.0,0.0,1.0,0.0,0.0,35.0,0.0,0.0,0.0,0.0,0.0,0.0,0.0,0.0,0.0,0.0,0.0,0.0,0.0,0.0
W1928,1,3.3441413493922942,0.0,0.0,0.0,0.0,5.515716457262886,0.0,0.0,0.0,4.4866222209781625,0.0,0.0,1.1414778233246807,1.9551631619998016,4.431574577862554,2.3320814591891894,1.7804786069069518,1.3127215230429112,1.884517605033854,0.903429065414186,0.1202974455323241,0.0984206691821746,0.2577602561492766,2.188932828947361,1.1630587108417991,0.7453500235832352,1.18898347974444
W1928,2,4.605747130634756,0.0,0.0,0.0,0.0,4.194199049987242,0.0,0.0,0.0,3.658822578904695,0.0,0.0,0.2677911279368994,1.6669657084130023,1.0961019541646349,2.7410602433333797,1.562292170902262,0.3037006926101674,2.267835549845268,0.3875580615203244,0.0110840922159667,0.1076039468748862,0.1018815351755078,2.380584882924762,1.3271590016777162,0.872716924664522,2.2721943179677124
W1928,3,3.639051455909003,0.0,0.0,0.0,0.0,2.903363501159608,0.0,0.0,0.0,2.775539407947916,0.0,0.0,0.0252071233349703,1.8711481687087947,0.331605692291446,2.627639197603905,0.8817874737459628,0.1416126290064291,2.344049153069954,0.1738213088815515,0.0610709812485725,0.0499566492640375,0.0666673285103921,2.8125204286391443,1.8380305646228452,0.9175323407335416,2.5603172134355194
W1928,4,3.373348906932159,0.0,0.0,0.0,0.0,2.058294459008151,0.0,0.0,0.0,1.820219830173031,0.0,0.0,0.1400826943630841,1.433505834720778,0.0623027777858357,3.01526347907593,0.7832440565962244,0.040357428110511,2.669838852600217,0.1230821833397487,0.0684580075957471,0.0623301082723481,0.0465657169720628,3.050185481207736,2.0567505228808742,0.9911657917475382,2.34367004780291
W1928,5,2.6304632132225105,0.0,0.0,0.0,0.0,1.6553451498025211,0.0,0.0,0.0,1.331664467093539,0.0,0.0,0.0246615740296177,1.2032133610459157,0.1006672774161155,2.9705114980345373,0.4888774022258569,0.1230607707081208,3.07324710267384,0.0058045714984231,-0.0942322282590703,-0.0969175118023937,0.0384026499856272,2.279262114087905,2.2115549368369414,1.1301933360129417,3.054589133738452
W1928,6,1.6997411377103633,0.0,0.0,0.0,0.0,1.1955184255394642,0.0,0.0,0.0,1.1532547030161415,0.0,0.0,0.0462019873264384,1.2749693069340091,0.0300225980654472,2.8259344142038856,0.4692320809586072,0.075172250137026,2.507381103536387,0.0214518650343459,0.0734969820426694,-0.0412891808081804,0.0294249272140125,2.906178279190572,2.067880241036661,1.289643236483651,2.665388434857745
W1929,0,0.3333333333333333,0.3333333333333333,0.3333333333333333,0.3333333333333333,0.3333333333333333,0.0,0.3333333333333333,0.3333333333333333,0.3333333333333333,0.0,0.3333333333333333,0.0,35.0,0.0,0.0,0.0,0.0,0.0,0.0,0.0,0.0,0.0,0.0,0.0,0.0,0.0,0.0
W1929,1,0.9089397286250612,0.999905987884152,1.5280386775254144,1.214486332312883,2.412335700450528,0.0,2.0832067723574976,1.05282495366263,1.1560386852676623,0.0,1.3679120969688878,0.0,1.0564832000800888,1.5810243021153272,1.1300479419111769,2.282261985403348,2.71372642551505,3.676523539008151,1.098175411306906,2.2801262184819437,0.5628598154862592,0.3246447423581236,0.243265448504977,0.1660033178154349,1.890013657129133,2.081742330832381,0.9808686140836592
W1929,2,1.455083097964349,1.329368542621923,2.166183874755273,1.2757793297851552,1.878798679483545,0.0,1.6783217687064504,0.7624220956507607,1.3133535188659806,0.0,1.3275036349421676,0.0,0.1890862067588675,1.141287296025729,0.5111711532380601,0.8473766186251784,1.828783378166233,1.2549732013567414,0.6350541143716085,0.9209434117647604,0.3506609489881678,0.2698169649687202,0.3160267703048526,0.1194975644528457,3.3618533030736653,2.8093963385346634,1.7561888202496982
W1929,3,1.223124466577934,1.0682041548904049,2.2798400144735007,0.7276233312998062,2.0665202270994025,0.0,1.5114238340188906,0.6638864404678988,1.4878933066379003,0.0,1.4926421041001057,0.0,0.0776691624743201,0.6669431078879613,0.2021131146017562,0.3005915973492268,1.161949885452025,0.5692602884034179,0.4099968583918916,0.5423760201969545,0.3863690963160687,0.3206696030365143,0.42845661447401,0.0604232256637813,4.171030849176023,3.30650923123097,2.1813081043153617
W1929,4,1.0110086426324825,0.972708136549848,1.8560633172559855,0.5799309048662017,1.6334773059471446,0.0,1.178390697712168,0.6389191584322094,1.1165097444480687,0.0,1.195431654091326,0.0,-0.0147287218564502,0.4273372181959873,0.016665936441594,0.1880691434169505,0.7076389695187497,0.274408476638775,0.1976385209848219,0.210603195794453,0.2096044397913865,0.1838911479682219,0.3395058831232253,0.1044190951280218,3.542873667924815,4.064889547050627,2.42454385202279
W1929,5,0.8732190359645944,0.671252915674694,1.4477096370117546,0.4525328772776991,1.2676784346841008,0.0,0.8315020522709626,0.5162973508994009,0.677492125430132,0.0,0.8775555486192551,0.0,0.0170868040251514,0.2477713210876468,0.0505418247837378,0.1306792479674143,0.4186587884546449,0.2243685797887932,0.1865860292237732,0.1696486447413216,0.1200893644289738,0.0153052080870166,0.4003993817849982,0.0530067454090485,4.121114626295481,3.083426136830606,2.6741931879030587
W1929,6,0.6672188567425779,0.4261073652671573,1.17891863931055,0.3678122287458346,0.7948381043431446,0.0,0.5364259021365387,0.4088838812392841,0.6431424036920652,0.0,0.6633694188107929,0.0,0.0383483441779956,0.2889918742748389,0.203312178999036,0.0729800703829784,0.4131659687026662,0.1087115699698217,0.2184229405818597,-0.0021038931915411,0.1809500466264773,0.0808871326618009,0.3439543305648669,0.0421684256558115,3.971872049778633,3.919094872072361,2.675699973178264
W1976,0,0.6,0.0,0.6,0.0,0.0,0.0,0.0,0.0,0.6,0.6,0.6,0.0,35.0,0.0,0.0,0.0,0.0,0.0,0.0,0.0,0.0,0.0,0.0,0.0,0.0,0.0,0.0
W1976,1,2.0186373251166265,0.0,3.028470200665612,0.0,0.0,0.0,0.0,0.0,2.946563024070606,3.766048656171997,2.295647643102567,0.0,1.6998699469816505,1.478464832045915,4.018966680778518,0.9830024228935064,1.6848882217666938,2.2765253967331494,1.0662681991920973,0.6241419287537036,1.4758340117252244,0.2426994659254465,0.1935896656151345,0.2499244724342232,0.946425339128097,3.813457918830657,1.0728700415538617
W1976,2,2.84236750613068,0.0,3.638271902407124,0.0,0.0,0.0,0.0,0.0,2.966474800147392,3.709552083672695,2.9081522428749365,0.0,0.3003247898345391,1.0258996009868306,1.0323098802088466,0.3030263290818467,0.9656620299092864,0.5226160697010818,0.5365898186945623,0.4392696960733847,1.2355717410340978,0.4274068417448957,0.5893183983629381,0.2914401508696808,1.884937429947904,3.5612236205416687,1.739516830742246
W1976,3,1.9842833136970532,0.0,2.7835581058012746,0.0,0.0,0.0,0.0,0.0,2.5910038712633074,2.3061663159388663,2.0008784994927544,0.0,0.1489155907568174,0.5768407963153321,0.2473014019761208,0.005318109073569,0.4314322306885226,0.2420989517816198,0.1293415677891956,0.0775256697716178,1.0196731290850547,0.3762244090918715,0.8501694200276144,0.1932935476875217,2.1188276714220198,5.017163179457095,2.0082922194482875
W1976,4,1.628417334287215,0.0,2.7173250211830138,0.0,0.0,0.0,0.0,0.0,1.6053220268706112,2.093609999846529,1.8391369900182108,0.0,0.0125935259476271,0.3799808779757007,0.0875533504698308,0.0543998381503773,0.2811377496183641,0.0325238349474237,0.0839391757344513,0.0279099679769814,0.8114974429859405,0.4000346400674242,0.9911706096475816,0.1789659567084082,2.243697922341044,4.159596537741946,2.2041787110336823
W1976,5,1.1557261515086794,0.0,1.7211530123449357,0.0,0.0,0.0,0.0,0.0,1.1260789385947496,1.4190781161132695,1.6391057733710797,0.0,-0.0538143694317279,0.1885854306661918,0.0311803939634761,0.125815132301326,0.0979232366097189,0.1204523910638968,0.0324730331404453,0.0638248791838023,0.479491448636647,0.3372822425832597,0.7398314132193686,0.1488132619558419,2.611052779318762,3.886976445966432,2.4302860752803253
W1976,6,0.8895082317993626,0.0,1.2315485314093633,0.0,0.0,0.0,0.0,0.0,1.100908368271929,0.9176600816114436,1.0999503851660195,0.0,0.0135589675449348,0.2064325323921367,0.0453752993646752,-0.0746119144885361,0.1422054373162418,0.1152115469759017,0.0306227500179952,0.0821529529732016,0.6728021205777559,0.3270655393978239,0.9258710128907492,0.0688262111782891,2.0129249579992745,3.8829392875166895,2.2512095614090866
W1982,0,0.75,0.0,0.75,0.0,0.0,0.0,0.0,0.75,0.75,0.0,0.0,0.0,35.0,0.0,0.0,0.0,0.0,0.0,0.0,0.0,0.0,0.0,0.0,0.0,0.0,0.0,0.0
W1982,1,2.409162265771265,0.0,3.766777470486617,0.0,0.0,0.0,0.0,3.318408715064976,3.0797890488307518,0.0,0.0,0.0,3.080090477405834,1.4943915521998568,0.3451004573085668,0.5918188638804617,1.6703036771197628,3.132523382124369,0.5563975455822276,1.4858129853766258,0.8120024889734417,0.2996036391718946,0.1693267713826569,0.2204444091454526,1.789912681487306,4.870451834673933,1.2413618515065938
W1982,2,2.6160758159484763,0.0,4.284921435981476,0.0,0.0,0.0,0.0,3.2241229651206225,3.93145316465268,0.0,0.0,0.0,0.1818713512968332,0.6252401941654465,0.1443373638109097,0.2549077560997604,1.1832136888121887,0.5433324005450147,0.2689250516297994,0.4620930438156011,1.0950827339005742,0.5862756295729477,0.3563373047147847,0.3125544973605269,2.914346689736358,6.005134446235444,2.4351162909990918
W1982,3,2.5141132507940185,0.0,3.5399084796508697,0.0,0.0,0.0,0.0,2.1906047195047047,2.8184537173187065,0.0,0.0,0.0,0.0392937228929384,0.1702456877708897,0.0490782454493275,0.0693268135794278,0.484839010591302,0.1531109600982764,0.1254197292000929,0.1925695082074763,0.8628098195587678,0.5958330657537534,0.4236204740869506,0.1785811379898287,2.699448000835781,6.3743765771188245,2.4499950409519555
W1982,4,1.3325750166992618,0.0,3.0976784430157944,0.0,0.0,0.0,0.0,1.7059769849361786,2.7596263194869546,0.0,0.0,0.0,0.0209754870906977,0.0808638441009911,-0.0265955089386037,0.0165170507854096,0.1089883002335879,0.0748518384872107,0.1074057791299702,0.0520964785896285,0.632614718316719,0.6128505113961639,0.4299060295376188,0.237739941538097,2.645513131131714,5.6846041399327065,2.7563749855094457
W1982,5,1.5092267069829497,0.0,2.4274143971255957,0.0,0.0,0.0,0.0,1.2153669505780942,1.7309695412612145,0.0,0.0,0.0,-0.0449568713348217,0.1287508911099975,-0.0217752405105134,0.0601027577532902,0.1654271915108751,0.0410121577266609,0.0236437795855134,0.0646615454449728,0.7419504604433111,0.5372220593569101,0.3078796475739447,0.1926496953580587,2.106721941817286,5.718418195458007,2.939466826413451
W1982,6,0.7942124142719629,0.0,1.5346063622663704,0.0,0.0,0.0,0.0,1.0190099727260138,1.2059744765704803,0.0,0.0,0.0,0.0367314504059732,0.0182103471437932,0.0025946550811217,3.644037121279531e-05,0.1301225065577522,-0.0084202119637584,0.0049013194755994,0.0731441740585501,0.5521219465789887,0.4950132919654499,0.2354426835899345,0.2441960408445773,2.4940492587511125,5.834382145407973,2.960594330406945
W2001,0,0.5,0.0,0.0,0.5,0.0,0.0,0.5,0.0,0.5,0.5,0.0,0.5,35.0,0.0,0.0,0.0,0.0,0.0,0.0,0.0,0.0,0.0,0.0,0.0,0.0,0.0,0.0
W2001,1,1.905533314439767,0.0,0.0,2.0020178778740862,0.0,0.0,3.66202881490106,0.0,2.615423780223609,3.189660217942025,0.0,1.072548233175485,1.1551219205598322,1.5592900482722778,2.906811279625067,0.5032035463655571,2.286486444096372,2.775134549118833,1.4388048519593883,2.4980814965923086,0.1558173456088967,0.2144914659572882,0.2599225721318736,0.1573439401397999,1.2395240135982482,2.2499331340477293,1.571198565802105
W2001,2,2.808182123711972,0.0,0.0,1.4223856440462632,0.0,0.0,3.4681879459473914,0.0,2.4702792301182983,2.659734443293296,0.0,0.739560072294764,0.1251611543086654,1.273442704485038,0.8306652942251898,0.5874919024167877,2.8062064601342422,0.6586488699352612,1.4146183200383238,0.5519175188359395,0.3685175643808504,0.2820598200438784,0.2187330013217076,0.3493325373148712,2.4840242195038456,3.4585424980466764,2.71091474558748
W2001,3,2.0300163434287595,0.0,0.0,1.329032481223022,0.0,0.0,2.514570673749046,0.0,2.182037437746388,1.6460009684929728,0.0,0.827169376983253,-0.0300474490357316,1.2051737813407206,0.2531787376848411,0.3699762340910054,1.51111104394659,0.3319733277338046,0.9245085519583488,0.247008887492264,0.2541112403684842,0.1793040482259228,0.1616230901824605,0.3093735360704731,2.560355168406605,3.793631341096488,2.7453514101041447
W2001,4,2.240850790487504,0.0,0.0,0.9254976726187202,0.0,0.0,1.7167615989972145,0.0,2.234598491049845,1.6290954127151749,0.0,0.7640408673018939,0.0981981420549336,1.0447449034312284,0.141943694473599,0.2487430057849023,1.452041581269616,0.0782606710288523,0.5283026605056944,0.2329419588299552,0.3218897232564979,0.1629055625649136,0.1917759617179798,0.2954031570608603,3.1584672704461867,3.442688350307232,3.3831270004363767
W2001,5,1.8857674734196483,0.0,0.0,0.7717365607352042,0.0,0.0,1.4515836307557728,0.0,1.2066143086223091,1.3043264478356853,0.0,0.5520966459086809,-0.0512079851149547,0.7981451449549406,0.0937648614356534,0.1831031015308873,0.96746234911395,0.0716410102158324,0.3680063261495769,0.089368688794355,0.1879286083085921,0.1464715384105036,0.1320688820919637,0.2868585614779391,2.8439320277582465,4.088937697272426,3.4735412368892824
W2001,6,1.6484429420101423,0.0,0.0,0.510194966135891,0.0,0.0,0.9193089534593836,0.0,1.2581355563517995,0.7251699745943261,0.0,0.4354688796555306,0.0836852461655209,0.574044752431544,0.1199970888591805,0.2255312376731163,0.6636050595381475,-0.0136820039634553,0.2575924627040031,0.1298404390604094,0.1523454352808148,0.216654386490407,0.1528680374264283,0.2619564701591892,2.9465583407002094,4.110385077836444,3.404847173657782
W2007,0,0.0,0.375,0.375,0.375,0.375,0.375,0.375,0.375,0.375,0.0,0.0,0.0,35.0,0.0,0.0,0.0,0.0,0.0,0.0,0.0,0.0,0.0,0.0,0.0,0.0,0.0,0.0
W2007,1,0.0,0.956889041855181,1.7173685054947214,1.5473386050842717,2.770124796940403,1.7364083919077564,1.569583912605993,0.9180820388870462,1.6560049941530195,0.0,0.0,0.0,0.6771316041290274,1.2203238966973933,1.236342845772863,1.912566671595276,2.96411364900146,3.216062460885735,0.833479372266339,2.640506842068114,0.3897503764984006,0.2793961930519159,0.2575705728949656,0.5224229647233097,2.2983821589383973,2.1308206900701085,0.8096806798068753
W2007,2,0.0,1.397868123120941,2.424856528784485,0.960212373410812,2.1279336665751574,1.636408390793688,1.710172029722128,1.2260726936701207,1.802196381149175,0.0,0.0,0.0,0.1059029048338083,1.1230407268751803,0.6484665669914991,0.7206744316377761,2.489408228047401,1.7734239376848695,0.6040447119186436,1.4846827029762506,0.3675791545547593,0.2726757902843564,0.265001380151245,0.3879050973387008,3.339195955766195,2.0003848431800795,1.3336011247422894
W2007,3,0.0,1.301869979689941,3.1329726691685065,0.942758591333836,1.3040794443304835,1.2821171005742913,1.3909182333703054,0.7432289864637774,1.7989463009113091,0.0,0.0,0.0,0.0807442946624601,0.6852759103155237,0.3001146682856018,0.2667522183340258,1.8601576122641352,1.0840695893640462,0.3685921577453373,0.8480982625300955,0.3700678376487109,0.1906556362500659,0.2666409207570928,0.2623152951433712,3.530729030756397,3.02347979639344,1.590923207576299
W2007,4,0.0,1.1069273281053764,2.314529049205533,0.729940963967638,1.4478389662765765,0.8827503726728456,1.0116610234066798,0.6543706499449826,1.4905665246788034,0.0,0.0,0.0,0.0592721831125245,0.4135197712635439,0.1342670796979328,0.1369505726429929,1.2499406944601763,0.5838938072647392,0.1983314142354842,0.3486502293778086,0.2084881788922567,0.2204949765549635,0.2987999428605106,0.2134531931606333,3.717826247064503,3.1910096954148357,2.132337177843066
W2007,5,0.0,1.028512507632103,1.8370548689211128,0.5060684422636168,1.0412102039934672,0.8185936554333685,0.7773929708015155,0.522951109587129,0.9375746308688816,0.0,0.0,0.0,-0.0172256832098901,0.3416654118882893,0.1331074300156978,0.1435534768476132,0.9068243117191872,0.3412324049568652,0.1710405340270453,0.3053631477517449,0.1775690428762781,0.1016524304900982,0.3219276122962744,0.2417007099357591,5.025583923274131,3.0805823072467717,1.7072024463635478
W2007,6,0.0,0.647571229465552,1.6004820831318651,0.3780753276578187,0.8082990537352112,0.6158037269821388,0.6525874112544782,0.2973817257745273,0.954196469535978,0.0,0.0,0.0,-0.0097830863476948,0.2658492741871702,0.034132511713829,0.1121434882915855,0.9168743864466103,0.3951642708171938,0.1649496919581171,0.260993991112473,0.0839679898198565,0.0229222806066033,0.128223747418945,0.0691801723633891,4.12068201836506,3.25552648173548,2.3840094486151457
W2017,0,0.0,0.75,0.75,0.0,0.0,0.75,0.0,0.0,0.75,0.0,0.0,0.0,35.0,0.0,0.0,0.0,0.0,0.0,0.0,0.0,0.0,0.0,0.0,0.0,0.0,0.0,0.0
W2017,1,0.0,2.1780372144457685,3.4649629210199677,0.0,0.0,4.948362444538816,0.0,0.0,2.587072376431913,0.0,0.0,0.0,0.9152989993526712,0.637945477881547,0.912316096266737,0.908641607363134,3.517177727338709,3.522180983740655,0.8864693075583107,0.9638711720819806,0.6062188251550562,0.2906718045169107,0.4159113660318755,2.3529082945619875,1.418255111422306,3.976187312776051,0.7939131027891889
W2017,2,0.0,2.1394537031548984,4.05517201408408,0.0,0.0,4.67979561185067,0.0,0.0,3.169168942281836,0.0,0.0,0.0,0.0204639763483596,0.4865394922096805,0.2312174087073465,0.2693516455827312,1.8935280691217,1.458536314224512,0.4251494620715337,0.4895388978767586,0.5146751494348625,0.3742056056562282,0.522514823866957,1.581530750116108,2.7367689986958603,4.919174544759047,1.514792470315945
W2017,3,0.0,1.6946052610406397,3.066900252514336,0.0,0.0,3.3315445565021435,0.0,0.0,3.5585015644891467,0.0,0.0,0.0,0.0299734333359052,0.2764098101480771,0.1592316687541559,0.0821645356575695,1.1863925009209206,0.5791470006434033,0.2172830939093363,0.1861778827036804,0.3699660821846233,0.2931441585453485,0.4360856126165372,0.8319777376590858,3.121039077917928,4.582191052320219,1.826271797710109
W2017,4,0.0,1.5193872629383474,3.627537877895565,0.0,0.0,2.7077550075333567,0.0,0.0,2.4029706363341528,0.0,0.0,0.0,0.0458964406552084,0.2460438954813929,0.1529413831062746,-0.0235253545532299,0.5805905252807595,0.2772453067822173,0.173446677003162,0.2038572379855424,0.2224857445437748,0.1307926472124586,0.3456495082892954,0.7523811076636118,3.368737911909919,3.7052618491216,2.0105354282079237
W2017,5,0.0,1.231565057620966,2.677767750581779,0.0,0.0,1.882568813108171,0.0,0.0,1.939395531325796,0.0,0.0,0.0,0.080749643806523,0.1526457096948302,0.0285715042726894,-0.0960452019810655,0.4528483368419205,0.2475920173450828,0.1027202051565984,0.0725926007606078,0.0905378442785408,0.0483399651593162,0.3684902488653034,0.4577018025915405,4.1085953524393934,3.8334517033045175,1.863204161597212
W2017,6,0.0,0.9982010686206282,1.7497739605339977,0.0,0.0,1.2173601365539293,0.0,0.0,1.5308777306724095,0.0,0.0,0.0,0.0186002300493521,0.1897471454732069,-0.0270451880383882,-0.0062948909635684,0.4416149755901598,0.1114590192379739,0.0693174121767974,0.046565928174392,0.1750821105101159,0.1119499180847404,0.1371483818478863,0.5065750511494125,4.120745056501481,4.172123837205727,2.4208859045376827
W2029,0,0.5,0.0,0.5,0.0,0.5,0.0,0.0,0.0,0.5,0.5,0.5,0.0,35.0,0.0,0.0,0.0,0.0,0.0,0.0,0.0,0.0,0.0,0.0,0.0,0.0,0.0,0.0
W2029,1,1.4592446664387135,0.0,2.4435004931868907,0.0,4.052995488337023,0.0,0.0,0.0,2.024109042946441,2.443810470813978,1.799592021897262,0.0,0.9238935391820828,2.4950167363681377,3.314848431949365,1.9877078557108956,1.4606727506236223,2.0640054935964254,1.125580315172084,0.896718441583535,0.4273267100927083,0.18898811583582,0.4525639745511938,0.1776088686626135,1.9599440395003531,2.8342907714258527,1.0070510204578405
W2029,2,2.035103975047627,0.0,2.643256452285114,0.0,3.0596601454545165,0.0,0.0,0.0,2.2894397474255257,1.9433143024975703,1.9173523878691805,0.0,0.1418709526978213,1.3763336604494414,1.1285375831852047,0.5745225965043936,1.2261415437145369,0.5186749054352141,0.6131139854264566,0.6255034189675618,0.3549580259311288,0.1979527522037692,0.6586908110048861,0.0593609706727081,2.382499681130211,3.441369123666073,1.7305518216189106
W2029,3,1.7798252973499875,0.0,2.656286588053121,0.0,1.9398603474365368,0.0,0.0,0.0,1.9715389734217583,1.3971012597911947,1.5857546835953806,0.0,0.0841273823403885,0.9029210688322694,0.4998887846818705,0.2811782343313748,0.6148789962259172,0.313466627916806,0.3166214605909319,0.2273306700778805,0.1623049398193801,0.1543106691331774,0.7476374802193624,0.0761739707383103,2.45922521809633,3.712502414398562,2.4250153154018093
W2029,4,1.2834318090719363,0.0,2.757230937578069,0.0,1.4191353999946477,0.0,0.0,0.0,1.3395085362120889,1.1491175948168946,1.2534801017374508,0.0,0.1084188350279711,0.5390555527744658,0.1533860936048629,0.0540932135613824,0.4454111961561678,0.1867617267184388,0.197479354334275,0.1657196957299161,0.1510361696050645,0.0668669565734126,0.9736424761591784,0.0538326941888147,3.4537403841717498,3.5970542197712265,2.180458674288104
W2029,5,0.9793202318460298,0.0,2.127381878388888,0.0,1.2488039689927468,0.0,0.0,0.0,1.0297650102283744,0.8878292871487395,1.0295441793817042,0.0,0.0672748733157477,0.2170892638763815,0.0545590867031551,0.022686045357688,0.3043755829777835,0.099171004427167,0.0951078667190331,0.0149989860131772,-0.0344589830750785,0.1241970451457143,1.1938921176409782,0.047013337016344,3.749399985630616,3.4195620831528037,2.721499493116272
W2029,6,0.6812576701609123,0.0,1.2415079716632955,0.0,0.9494146877366698,0.0,0.0,0.0,0.8038230319589877,0.6196700543000104,0.9735424882346984,0.0,-0.040225460192511,0.2127846423182914,0.0745539846899892,0.0503270207479137,0.2578681377515866,0.0215230753757771,0.0619156352189557,0.0578328974458559,0.1168187787177058,0.0587196057825195,1.1083041725002505,0.0695549144110646,2.868402384509401,4.465260100452211,2.738479365944683
W2051,0,0.0,0.0,0.5,0.5,0.0,0.5,0.5,0.5,0.0,0.0,0.5,0.0,35.0,0.0,0.0,0.0,0.0,0.0,0.0,0.0,0.0,0.0,0.0,0.0,0.0,0.0,0.0
W2051,1,0.0,0.0,2.5901838445720955,1.4703845068654018,0.0,2.8997810495280514,3.2336736695840727,1.6828230125731916,0.0,0.0,1.939460218870204,0.0,0.8080235273902145,0.5101167387817713,1.038046012375406,1.483591651157558,3.269050044677373,4.054359172200208,1.0289750854899231,3.7756338788352206,0.8620519048217536,0.1955104494672079,0.2048372093243588,1.007104436484203,1.376755468074831,1.2039141684490098,0.6691492124721554
W2051,2,0.0,0.0,3.53889839488024,1.7731584864604977,0.0,2.232704493157581,2.824424574289268,1.4111319727613805,0.0,0.0,2.3057962469883595,0.0,0.1015355714928801,0.5937146481428084,0.7526520553917523,0.4631962559540729,1.954752611993156,2.2320887045788664,0.6145781273547926,2.318709527996683,0.9805259549223168,0.1289961972815514,0.2230592631412571,0.8764610747518119,1.6781723910143944,1.8300430031538453,1.594950070381546
W2051,3,0.0,0.0,3.713446386845216,1.3160557660236305,0.0,1.8439456801631569,2.604210171527541,1.358023458931178,0.0,0.0,2.3136885297747805,0.0,0.0446614832136158,0.3887599375241685,0.5136397374968952,0.2189086948753325,1.2473645235607047,1.1848085611643,0.3547591675144913,1.6567754447821317,0.8557467898217043,0.2354367792372912,0.2465819913879091,0.8627230852466021,2.4777805776230197,2.1049947614327875,2.183152012537922
W2051,4,0.0,0.0,2.792250612899648,1.1519807226861825,0.0,1.3589547275275011,1.514312883514257,0.9500949631482056,0.0,0.0,1.885504206175392,0.0,0.0964677992485678,0.2949479262718208,0.3104334329479032,0.1375340056154614,0.7961221223540742,0.7641318560078011,0.1988461966952058,1.1055534129346758,0.5556193370647913,0.1215445350702312,0.1996565992722934,0.4892253641507244,2.226164091416659,2.8057170114141865,2.879747825404633
W2051,5,0.0,0.0,2.899202862754868,0.8930715014484171,0.0,1.3119134279853928,1.1194273377673942,0.7117696744467494,0.0,0.0,1.2034496558910468,0.0,0.0587172996262043,0.2582461362252665,0.2031238392266376,0.1376728553412295,0.5442014836580292,0.5265145396274465,0.0432694659964606,0.8066074488213579,0.5518387986418813,0.1834543068566627,0.2177239593401455,0.4064242501731939,2.8878266096521963,2.49437159262538,2.4809998815974708
W2051,6,0.0,0.0,1.7997929079579151,0.6378233653162363,0.0,0.9258021639135384,0.93625306893729,0.6113581672932125,0.0,0.0,1.4046755573749703,0.0,0.049106396911473,0.1744625904781979,0.1190132571888383,0.0772799815375495,0.5144300104079356,0.3472155692122691,0.0733922275612472,0.5312661437728116,0.348891834016659,0.0972815730360595,0.2283261610527537,0.483844916979495,2.323002201669695,3.1487771161768343,2.548904562506034
W2075,0,0.0,0.6,0.6,0.6,0.0,0.0,0.0,0.6,0.0,0.6,0.0,0.0,35.0,0.0,0.0,0.0,0.0,0.0,0.0,0.0,0.0,0.0,0.0,0.0,0.0,0.0,0.0
W2075,1,0.0,2.163569823449566,2.8003074478134904,2.193557061977744,0.0,0.0,0.0,2.063162057284716,0.0,3.229518356814093,0.0,0.0,1.3684328194172768,0.9504681746710626,3.9647034489212416,0.5444473382193172,2.6384259517098783,3.4360983669302194,1.1049604239144453,1.5278657903408148,0.7840302574922874,0.2490269923729159,0.3414601547138757,0.2566973438145335,2.435523699372013,1.5214926073733182,0.826440460257531
W2075,2,0.0,2.833935304357923,3.88529769532545,1.994861160649794,0.0,0.0,0.0,1.9465960520817425,0.0,3.580653571275608,0.0,0.0,0.2022725073718749,0.7510760990475266,1.2103990981257349,0.354266432711235,2.6857039954631285,0.7153461550161342,0.9472545353519894,0.7369510011382792,1.1836148463109557,0.4183238753740538,0.4513482034229524,0.5369206933927597,2.905042688702345,1.5259470610207408,1.8176277562978251
W2075,3,0.0,1.776750883553783,3.071596040874581,1.6070566015063423,0.0,0.0,0.0,1.7408503056869054,0.0,2.5048099049571912,0.0,0.0,0.1506759096059069,0.3563466509730079,0.405305071629018,0.105685766530677,1.6462483352044293,0.397183669878333,0.4888902241512358,0.4049406980760394,1.211193236045505,0.2143244116282643,0.4627022057697602,0.5428899067226314,3.5143723374483806,1.8189827229913171,2.406347832881949
W2075,4,0.0,1.7999925928260858,2.5647625691352185,1.0303590773261753,0.0,0.0,0.0,1.17260400793929,0.0,2.1314428844553146,0.0,0.0,0.0307089674526118,0.2118976208674388,0.1552824036617199,-0.0358722779613114,0.9264435184704864,0.2024618427506539,0.2748327473156072,0.132866920327016,1.4727779503887446,0.3302596084753753,0.3911750856604101,0.804933251630156,3.3026468205313537,1.998810524072403,2.256473759561956
W2075,5,0.0,1.259422084716583,2.6073731771074,0.8645831747899241,0.0,0.0,0.0,1.2393791560324003,0.0,1.5235290693208028,0.0,0.0,0.0598987295418431,0.1625622813700511,0.1499307917184318,0.075864916245563,0.8101795426006303,0.0669312065425829,0.1969900220986938,0.0830445673849371,1.0018852618658394,0.3870985090292269,0.3884998592224575,0.6657670129329206,3.3591549063902257,1.219340779697375,2.571826352086653
W2075,6,0.0,0.9488430805937323,1.600545499069738,0.7111265386862268,0.0,0.0,0.0,0.7854674708562268,0.0,1.2183560866955114,0.0,0.0,0.0603397512191096,0.1289439955046626,0.0018304634953963,0.0409180084559495,0.5148255315286268,0.0895747180434021,0.1145227680179391,0.0350039651549014,0.9894113994387504,0.2747367147148938,0.3564258543138906,0.8086268224513424,3.287053929976037,1.6393780573262,2.854217426957784
W2103,0,0.0,0.4285714285714285,0.0,0.4285714285714285,0.4285714285714285,0.0,0.4285714285714285,0.4285714285714285,0.0,0.4285714285714285,0.4285714285714285,0.0,35.0,0.0,0.0,0.0,0.0,0.0,0.0,0.0,0.0,0.0,0.0,0.0,0.0,0.0,0.0
W2103,1,0.0,1.582780617134039,0.0,1.1447297946553254,2.636819046923346,0.0,2.4867801880107763,1.2535437120426802,0.0,2.2354561436822,1.7154259783452803,0.0,0.6436456904524299,1.883686004123342,3.37749954603121,2.423611742308817,2.623015119240992,2.283797987333599,1.3587195206840963,2.427811779489206,0.3352266514094315,0.1272306436023069,0.221560007309717,0.1034893752584181,2.037123969979169,0.9751487343581045,0.6953083825938897
W2103,2,0.0,1.4741263779002105,0.0,1.2144092490085103,1.8288475062844496,0.0,2.1063075668431925,1.400300999985166,0.0,1.669526174880358,1.8146476427757756,0.0,0.0800108526260355,1.3662593212316436,1.498437312588889,1.5657621224811278,3.534276450921383,1.3170143558933278,1.299536716046068,1.1393607494385465,0.1699683782977258,0.1607807974522959,0.4447913815500455,0.0798205685290915,2.534550002485497,1.7262250618083104,1.2858752643132434
W2103,3,0.0,2.2524874296968544,0.0,1.070742724196044,1.545433229315709,0.0,1.6757813487619353,1.044678131869893,0.0,1.6921734432602364,2.1950282386504907,0.0,0.0605137225841812,0.8916485406384603,0.7597004409901223,0.9986717973748744,2.8784244652632105,0.9367623307792864,1.3242067820210242,0.5829932034756478,0.2689352196972142,0.0896671409236436,0.3841642041084026,0.1140692780090719,3.041788112941733,2.0315017949206378,1.392267332500747
W2103,4,0.0,1.9225883838626037,0.0,0.8656986261463372,1.2461682977022888,0.0,1.3232654165896007,0.9090374059810248,0.0,1.1250867570088203,1.4503801117761186,0.0,0.0495401497513287,0.960283818564015,0.4793738588050134,0.9272657701722417,2.972251357385734,0.5111182164057375,1.132155157888052,0.1932501799525849,0.1371033996057463,0.160709657008488,0.2073072070373227,0.0877362275085203,2.868857930173905,2.167709400290488,1.6826500606612345
W2103,5,0.0,1.6515712164842389,0.0,0.5781692253437214,0.8113871186697139,0.0,0.8638969983116588,0.7322888974387641,0.0,0.6444270968911607,1.589886611454575,0.0,0.0669893838414074,0.6848054269276387,0.3085646974422337,0.4845661964438571,3.064741113411597,0.5170628576274717,1.012017284451825,0.2054367254392298,0.0999517281977546,0.1578864505078301,0.2394012449575943,0.1506853804752829,3.405201434049081,2.2479079543034137,1.6000856730552284
W2103,6,0.0,1.318843629086633,0.0,0.4335127654002129,0.7667021301800964,0.0,0.6968682324882598,0.612000316167778,0.0,0.5203874451481039,1.6799925210581437,0.0,0.048363880079076,0.7276113090834248,0.3198479200711025,0.3746517819578033,2.4442352050202087,0.5843089585298709,0.6030763130713985,0.1314724094762808,0.2399742221616932,0.0489604874663883,0.3259100896905146,0.0966879563682526,3.2615370433495454,2.085271653978166,1.8535281540353103
W2190,0,0.0,0.0,0.0,0.0,0.0,0.75,0.75,0.75,0.0,0.0,0.0,0.75,35.0,0.0,0.0,0.0,0.0,0.0,0.0,0.0,0.0,0.0,0.0,0.0,0.0,0.0,0.0
W2190,1,0.0,0.0,0.0,0.0,0.0,4.695686020658063,4.021055587545675,2.137738032646841,0.0,0.0,0.0,1.4015917239863436,0.6702698280030884,0.6397082639773088,0.95114230426913,1.6708619888332432,4.611908831097711,2.532356660320672,1.393818630766464,7.013558747911919,0.1527036707300555,0.0930122151549211,0.0981648543898213,1.8166702093948863,1.4683720476069413,0.5660692593255412,0.7331342213096885
W2190,2,0.0,0.0,0.0,0.0,0.0,2.996435974095351,3.239688196595332,2.098782969132084,0.0,0.0,0.0,1.4935012062274968,-0.0133243004847084,0.7992072402339613,0.6943980264203978,1.303832661229564,4.52102346841052,1.8954300212043331,1.2973200875661663,5.478697746071734,0.1518913377451507,0.1359024141608439,0.1059368039640786,1.1049993440903132,1.6882290763626937,0.5989776396219818,1.3040179832619283
W2190,3,0.0,0.0,0.0,0.0,0.0,1.7952590932069918,3.150456343172653,1.7561393964431864,0.0,0.0,0.0,2.084139769826268,-0.0530132278453947,0.5572553944311363,0.7278010051361216,1.3066004325067218,5.4928764513185175,1.2722734996281926,0.9432094638402806,4.442992338359683,0.2016350031783111,0.1101336687295048,0.0955730518869213,0.8732238634481851,1.7258488590221326,0.9130896877047864,1.5187027861285638
W2190,4,0.0,0.0,0.0,0.0,0.0,1.8346088011867496,2.5263510766853106,1.4803233540226035,0.0,0.0,0.0,1.5694942980500193,0.0433943699455548,0.5365555636374275,0.711845925366681,0.9560227345080944,5.9762115266256375,1.1857203360910444,0.8737405312598561,2.9010183053819576,0.0452599263202925,0.0934677005218088,0.0942074219748353,0.7949555291348133,1.4955372903219544,0.837455619026768,1.6284883831388597
W2190,5,0.0,0.0,0.0,0.0,0.0,1.2138312159958218,1.4259878929638163,1.2252493437834548,0.0,0.0,0.0,1.605743753202817,0.0760384153858628,0.557268737102593,0.5786897411816676,0.8184619575708512,5.117319972689652,1.0590398292713123,0.8650430925824781,2.042664361366096,0.112080949467891,-0.0243065787222711,0.0574880172018023,0.6269476586026047,1.8765447285186057,1.3093234519119723,1.9369064289258988
W2190,6,0.0,0.0,0.0,0.0,0.0,0.7240969180110197,1.4310572958834438,1.14060137693354,0.0,0.0,0.0,1.4257751616670176,0.1005913148355245,0.4313461622203096,0.5304503245183885,0.7172431041959836,5.876714073124523,1.1322835369293305,0.6874654602406796,2.077993034484779,0.0189268370135864,0.0059902073590351,0.017850920302944,0.6075540704118685,1.9858409861200648,1.2874590984105323,2.4676657471725143
W2229,0,0.4285714285714285,0.0,0.4285714285714285,0.4285714285714285,0.4285714285714285,0.0,0.4285714285714285,0.0,0.4285714285714285,0.4285714285714285,0.0,0.0,35.0,0.0,0.0,0.0,0.0,0.0,0.0,0.0,0.0,0.0,0.0,0.0,0.0,0.0,0.0
W2229,1,1.4122731577720162,0.0,2.091748470884698,1.5629103548086685,2.4340210299430045,0.0,2.116450901937088,0.0,1.8125094099865544,2.3820608986176803,0.0,0.0,0.8035958271600105,2.3149276644164187,2.626188015952448,1.3927784135224175,2.2951416065511823,2.380701447274268,0.9408804799220084,2.0005030694183543,0.2963713802267753,0.2276311928283158,0.2303275791348959,0.2020450280841238,1.979431682788087,2.181839680957021,1.2464749761500713
W2229,2,1.7694929758781677,0.0,2.323159439275836,1.3171207637801337,2.4665787394870926,0.0,1.7265626786083228,0.0,1.9877892167086983,1.5839758223947569,0.0,0.0,0.1748776936890761,1.615686588027461,0.6129741352340519,0.6500717194312859,1.6084768722069578,0.96147709335372,0.9139044181025018,0.813473961265794,0.4160537656274345,0.2481909253696887,0.4017782802321203,0.2182751102489613,2.852729136665559,2.6197287088670684,1.7329279809322822
W2229,3,1.9229626007342453,0.0,2.796686778811266,0.9362731199680572,1.7804923521435114,0.0,1.344652774210457,0.0,1.6199127332272667,1.647994642184846,0.0,0.0,0.0864403809980539,0.9283790890424952,0.2642371010868719,0.3740084120413073,1.1716412143743415,0.3311677477198961,0.4088030521424151,0.5580653249186779,0.2423043055794042,0.1277991980694305,0.4082365834961041,0.2432484778401906,3.5814185450900613,3.4822119546421546,2.058253082614105
W2229,4,1.4051662938728824,0.0,2.408439657095814,0.7604756530013826,1.4900526013313746,0.0,1.2910924349367676,0.0,1.191471156634741,1.1314466807337589,0.0,0.0,0.0604184018024731,0.54899956230936,0.0862137194367431,0.154086010581559,0.5793322476746222,0.1898479815460941,0.2332483902374198,0.1958760467149775,0.2429947225350427,0.216098818705243,0.3559959850281655,0.064461385174596,3.757852240483112,3.485292680626575,2.2730382722752265
W2229,5,1.0370559432468058,0.0,1.8097644078559203,0.5710158647765591,0.917210746454144,0.0,0.865995420987477,0.0,1.1531099652054226,0.6847351115620912,0.0,0.0,0.0491015302508281,0.4850391319539001,0.1128326892852508,0.1336926526038638,0.4248962080712751,0.0935482897687071,0.1810101156171354,0.1366888981598551,0.1576916869206068,0.0264136259961144,0.4385331199822954,0.0693554845430208,3.6353672301475184,3.805818397123225,3.143226354228621
W2229,6,0.8415557701964166,0.0,1.6707718372160272,0.3484664116030134,0.8488555184581051,0.0,0.6659445131028618,0.0,0.829495403783877,0.5738449312661197,0.0,0.0,0.1045208876870948,0.3812424686388649,0.0734641011348913,-0.006902935728785,0.3633329419967384,0.1110756701833432,0.1324123522940111,0.1507109949464587,0.1113443145132394,0.0445915523252867,0.3839549644654595,0.0004245212905504,3.481783439147337,3.465901151430268,2.5980173011591425
W2245,0,0.5,0.5,0.0,0.0,0.5,0.5,0.0,0.5,0.0,0.0,0.5,0.0,35.0,0.0,0.0,0.0,0.0,0.0,0.0,0.0,0.0,0.0,0.0,0.0,0.0,0.0,0.0
W2245,1,1.0597428910780695,1.6046759131953303,0.0,0.0,3.018721219078013,2.9238084164240656,0.0,1.3329945190154642,0.0,0.0,2.236409383680748,0.0,0.7248456455264793,2.179670602423291,1.4554353294524824,4.258477718928023,2.4580095702437035,1.1896309860203214,1.4836824361391427,1.6695667837617048,0.225901011295583,0.3018833179412938,0.3705358747264966,0.4968629392613085,2.578210065699529,1.3991212380193907,0.783979223362203
W2245,2,1.4960537919674013,1.8493764126707128,0.0,0.0,3.576842455101996,2.330196828145807,0.0,1.5583554525733865,0.0,0.0,2.133063960610224,0.0,0.079182398143446,1.938050114073257,0.7564760491982842,2.5052325114777867,2.3489940300232037,0.946780807918808,1.81228179334931,0.7532472520117894,0.2035024990424287,0.1227546320750876,0.4968334533488155,0.1187041743902122,2.728622803537015,1.8713169390547748,1.3312910862412806
W2245,3,1.6421915466291468,1.6028887592846783,0.0,0.0,2.444071067106994,1.7996364275499863,0.0,1.175867613640908,0.0,0.0,2.855393817163437,0.0,0.1697643805221847,1.2169015325062824,0.5170275677090178,1.6864391680327258,1.7449154343848807,0.6426707635979547,1.5373594605404155,0.2561900624665575,0.1678511261752758,0.0792690588427324,0.3175227749773788,0.0867165286090597,3.1508324360755684,2.461378576262576,2.0084490191498854
W2245,4,1.2349481422872766,1.6077919093489468,0.0,0.0,1.9750645354496437,1.2646240290980044,0.0,1.0307285996805775,0.0,0.0,2.2516291336430863,0.0,0.0713539421959811,0.8969413718513136,0.3453835490039397,0.91397776184719,1.3592080096789751,0.4747460767907087,0.9154980160183912,0.19170331753967,0.0521771187753297,0.063586771686143,0.2432294141984771,0.0966461074078947,3.514631081956562,2.3082771823363197,1.8256150051719733
W2245,5,1.3055740852199278,1.2328993939833472,0.0,0.0,1.310892830804508,0.8545876707976221,0.0,0.6452493383667602,0.0,0.0,1.9199691893096544,0.0,0.1022083279541958,0.5989809886710582,0.3016558862313227,0.6787822078302753,1.0686467751805449,0.2845448347032117,0.6877865067985605,0.1706220094206151,0.086603168952169,-0.0100962307015053,0.233468850448472,0.0227969433115677,3.672818843367895,2.405705363399335,2.0509022144839117
W2245,6,0.9558462969749586,1.1706255697586705,0.0,0.0,0.9135403309505172,0.7272167689768689,0.0,0.661941942383584,0.0,0.0,1.7719352122143297,0.0,0.0022324044157249,0.4406780299907831,0.2160423873790062,0.5866027475039002,0.798063196954504,0.2811847121582945,0.7561505467018046,0.1190340489623886,0.1229708712897362,0.0325180372318624,0.2428825407217366,-0.056609373678657,3.941968819991727,2.7322042914298263,2.2998639957393823
W2246,0,0.0,0.0,1.0,0.0,0.0,1.0,1.0,0.0,0.0,0.0,0.0,0.0,35.0,0.0,0.0,0.0,0.0,0.0,0.0,0.0,0.0,0.0,0.0,0.0,0.0,0.0,0.0
W2246,1,0.0,0.0,4.355776087718378,0.0,0.0,4.5026731681113885,4.205081969203213,0.0,0.0,0.0,0.0,0.0,0.5180182100779547,0.436270128641507,0.836281092913702,0.9148704430027952,3.3184931952163272,3.664563982587816,0.8836132380546414,5.347654117422579,0.5409051909713315,0.1763070908165573,0.1538464333848892,1.773106354479438,0.8695862481847476,1.0539893470712838,0.874571435398398
W2246,2,0.0,0.0,5.498415902820625,0.0,0.0,3.044354874460196,4.506811644177269,0.0,0.0,0.0,0.0,0.0,0.0700399690472042,0.5739256356233079,0.2387624100811688,0.3397738717238125,2.1715124355870654,1.626135499193309,0.3707000450924018,4.052103616280816,0.7485837553778751,0.0898547803194944,0.1800322747629644,1.70347837089051,1.5474084194263402,1.244097066950693,1.6839695506581596
W2246,3,0.0,0.0,6.139381509802882,0.0,0.0,2.9570667535903543,2.9642223340791105,0.0,0.0,0.0,0.0,0.0,0.0588001049410663,0.2574649101724761,0.2685878054056715,0.2125046598665373,1.0078371201216338,0.9018862730293162,0.0493146097133886,3.232983405285961,0.6683556940252418,0.0858319458013967,0.1270642271025329,2.117812964717162,1.6494218335038944,1.9704773650257623,2.5613085737560715
W2246,4,0.0,0.0,4.820445723304403,0.0,0.0,2.0208850146507,2.318498884649677,0.0,0.0,0.0,0.0,0.0,-0.0059024257355766,0.2479816865052322,0.1839643606038782,0.1530593529168908,0.7845874567688678,0.4068052420222824,0.0774266232257347,1.9164570493335933,0.3633732821921486,0.0849240087896413,0.1568851008478049,1.8794720850170463,2.0235821197550568,2.368965602811099,2.5550279754037493
W2246,5,0.0,0.0,3.4541220806925,0.0,0.0,1.5535104674758835,2.316621240880792,0.0,0.0,0.0,0.0,0.0,0.0189724605140225,0.0934539422698785,0.0499697360790968,0.1655017092246756,0.3529452681198196,0.435427865143799,-0.0042334169190705,1.3781549079835833,0.4736108909104731,0.0157341216627156,0.072055877031499,1.726614517865961,1.9477134839049863,1.8800772593261077,3.557557536843043
W2246,6,0.0,0.0,3.513770598286261,0.0,0.0,1.1956342767523624,1.4444403167755104,0.0,0.0,0.0,0.0,0.0,0.0630451048530675,0.0228044341148029,0.0208845120114976,0.0671375075172984,0.216322932646376,0.3722138904283497,0.0218811627781617,1.094430693611652,0.1497953476328465,0.0201816240609627,0.1268595572904597,1.60690545365044,2.625517811889968,1.898705246585897,2.8486044886441357
W2280,0,0.0,0.5,0.0,0.5,0.0,0.5,0.5,0.0,0.0,0.0,0.5,0.5,35.0,0.0,0.0,0.0,0.0,0.0,0.0,0.0,0.0,0.0,0.0,0.0,0.0,0.0,0.0
W2280,1,0.0,1.3324109330819922,0.0,1.920591575559412,0.0,3.2778633163641726,2.7689982669301627,0.0,0.0,0.0,2.1919669603889105,0.8920726076131905,0.844976627474193,0.7132045503890899,1.696220958788847,1.5305897593299962,3.393742303916248,4.537517292227817,1.3230294196459609,3.309984778969364,0.4663857532915008,0.230791081249433,0.2384610433319676,1.5106286725410345,1.5234342243178742,1.1014160227309002,0.7902214347439863
W2280,2,0.0,1.9475862043406844,0.0,1.6712837756177803,0.0,2.654382679916969,2.4427887932053025,0.0,0.0,0.0,2.2854190131119934,0.9505792703284904,0.0819605627185779,1.023902219260319,0.8979194539845372,0.8151937448026407,3.3808536718395383,3.238688834923954,0.8728376319113045,1.253133747575471,0.4238450733814772,0.1817622077994118,0.2458398178683773,0.7494138707211782,1.901435260601893,1.911669829496887,1.4154888285521083
W2280,3,0.0,1.9806249717431572,0.0,1.5327656257746929,0.0,2.122943670248774,2.8663160716147766,0.0,0.0,0.0,2.4338626158640038,0.8681743153955658,0.0553387957628316,0.7185967675294106,0.7395960137311433,0.6105410161523661,2.8364697085896187,2.061544305691708,0.7795578653695933,0.594140207173272,0.3459730525493925,0.0271406595416878,0.119014072201947,0.5323485005738482,2.2868681025640494,2.412870159232808,1.4072333001632185
W2280,4,0.0,1.8248312996515856,0.0,1.0449684532163166,0.0,1.824333445073828,1.8010465436755452,0.0,0.0,0.0,2.4943639697640845,0.7759278818618766,0.0433650095537646,0.5852350537851254,0.4560352247293145,0.3747255057419266,2.117228099086005,1.615996167486327,0.5445025660401626,0.4759132480685009,0.3461052326971497,0.096582380416494,0.1768910204207412,0.4094721784209084,2.368116899638054,2.517774424650581,1.854081954057177
W2280,5,0.0,1.5967562282422123,0.0,0.8200882768439552,0.0,1.1607883571701652,1.7918640339483067,0.0,0.0,0.0,2.034240438000747,0.5838024068228092,0.0320428133670464,0.5550344518232914,0.3528079952780652,0.2970983708908457,2.211252398464603,1.2429302036945888,0.5683686950066005,0.1777405931765105,0.2385975031392075,-0.0441046493869642,0.1811742899411443,0.2644354612532131,2.6462437377803547,2.2713496573332423,1.9463260749689957
W2280,6,0.0,1.2689417923800077,0.0,0.5918222589990111,0.0,0.7447233796031604,1.2683057854677018,0.0,0.0,0.0,2.1725638090079227,0.4038464190400499,0.033627227698282,0.5800542906652383,0.3336690885022093,0.2749127023389418,2.064596449808814,0.9397416578742532,0.3988130990925494,0.2491630352800135,0.3150052146293105,0.051695163754591,0.0803945355845713,0.2543391362784015,2.550504956877116,2.347617576130565,2.3568475617267173
W2335,0,0.6,0.0,0.0,0.6,0.0,0.0,0.6,0.6,0.0,0.6,0.0,0.0,35.0,0.0,0.0,0.0,0.0,0.0,0.0,0.0,0.0,0.0,0.0,0.0,0.0,0.0,0.0
W2335,1,2.703356210925761,0.0,0.0,2.220837189327613,0.0,0.0,3.717281682036405,1.6281288905503777,0.0,3.116721715736971,0.0,0.0,1.1096015484807846,1.4965936215632236,2.7957673357901904,0.691099574198961,3.4231857099004026,2.3620578387101414,1.8021272645001127,2.8304199507279977,0.1272325915980064,0.1871195648077355,0.1651593765466626,0.1001732351654047,2.0216006695225683,0.7261400058856812,1.9043821713248057
W2335,2,3.5125739342903453,0.0,0.0,1.912021596612527,0.0,0.0,3.3227743402710943,1.7256187311048548,0.0,2.4768735090763405,0.0,0.0,0.2543838523649367,1.5129557159634208,0.603379409849081,0.958058435579139,2.6940263955798605,0.5450198196737353,1.9489164666811656,0.8805544961686682,0.1530746072870684,0.3137941345555702,0.06604414647608,0.1336725462739619,2.506053646424077,1.3174559823547554,3.001752233410574
W2335,3,2.968625195861708,0.0,0.0,1.659391795887481,0.0,0.0,2.425997046911372,1.538283836551766,0.0,2.087517057094556,0.0,0.0,0.125345715827002,0.8644830645086803,0.1676271855226692,1.115315761911953,1.6921637783329813,0.270245796566418,1.9362468350850277,0.3011453291505568,0.3374124060799878,0.2174681091656558,0.1212620297328362,0.2442117079692135,2.7819060319944744,1.6063430675098076,3.4012061661300037
W2335,4,2.667447761058148,0.0,0.0,1.158885003395382,0.0,0.0,2.142612294775716,1.1122318894638783,0.0,1.529458913624063,0.0,0.0,0.0822229513853594,0.8287826430179316,0.0453209886700733,0.8950018967966384,1.2009825432297956,0.1028922737221686,2.0352364829171328,0.1497312163595598,0.2964617152332274,0.2270634540704289,0.1478449358203711,0.1888382739410605,3.680230924256565,1.789332135979658,2.97211913134414
W2335,5,2.2503453831667173,0.0,0.0,0.7708194042311394,0.0,0.0,1.6179727414227802,0.7786074725281662,0.0,1.4029654813473371,0.0,0.0,0.1040861208187188,0.7092314444873654,0.1177874790233818,0.9102515684296544,1.007333835551342,0.0977376646348031,1.926625374410727,0.0940020711298758,0.1328263766194767,0.2401150028074526,0.1186718628842062,0.1919994074342488,2.934241250356149,1.9614442146722464,3.757873113138135
W2335,6,1.815890940982391,0.0,0.0,0.6134116331054639,0.0,0.0,1.2065299593624574,0.7055492949795739,0.0,0.9749724208688408,0.0,0.0,0.0044887069139336,0.4168558637878057,0.0583900036195336,0.925319439200167,0.8218769905384791,0.1022929087527001,1.842123745132925,0.1977879204461919,0.0875574128373572,0.2519300394574073,0.1180590778313546,0.2336188428945525,2.744112827004992,1.962611908984416,3.90465503606869
W2357,0,0.0,0.0,0.5,0.5,0.5,0.0,0.0,0.5,0.0,0.5,0.0,0.5,35.0,0.0,0.0,0.0,0.0,0.0,0.0,0.0,0.0,0.0,0.0,0.0,0.0,0.0,0.0
W2357,1,0.0,0.0,2.7974672579192243,1.7898630773903077,3.9772009427559896,0.0,0.0,1.897474586369371,0.0,2.418608441159977,0.0,0.9282408262929124,0.8709178056771175,1.882704595239632,4.786062110015895,1.698807770725435,1.6178919308999926,2.9352199635249114,1.0443899123027334,2.0085938020819416,0.3286294874819532,0.1469223979637314,0.1382096828770961,0.2064365013916662,2.2239645775534425,0.783374375703987,0.8304506287365411
W2357,2,0.0,0.0,3.696528977942892,1.2761679375272603,3.088015084586101,0.0,0.0,1.928591745182942,0.0,2.327374066912272,0.0,0.8260227507512492,0.2213640433959641,0.9457108323819574,2.9253630254776977,0.684603481913724,1.7251411996638608,1.3125522802637644,1.009382448846667,1.1912481654835476,0.3938285929092501,0.1853486531478535,0.2242312683283027,0.1656302823990779,3.559129769379025,1.1756649628302247,1.4497280752399493
W2357,3,0.0,0.0,4.422416599084911,0.8976370064133485,2.063679098325625,0.0,0.0,1.3840580960418685,0.0,1.6975106696516329,0.0,0.7465142354427492,0.0814442815952486,0.4902850718854342,1.1649578230618205,0.2822993949683205,1.682501910603681,0.7487574531141307,0.5921312674026504,0.8593920021357127,0.361375950914151,0.1742165334784042,0.2100947165490169,0.1998970660171863,3.4396163241107374,2.019622664223193,1.9892148987135696
W2357,4,0.0,0.0,3.451678426885372,0.9816565833893448,1.5971126068660226,0.0,0.0,1.2670862847929891,0.0,1.5528089230255744,0.0,0.8059211667953761,0.0557132794304018,0.4101025200232644,0.8781197969587273,0.1552752892003923,1.170027692630145,0.4109374636581001,0.3086484592898777,0.706885809925733,0.3362453810166179,0.137570432526133,0.1848912934334779,0.0786431218619232,3.5084195946936494,2.279001291877712,2.373515366970132
W2357,5,0.0,0.0,2.919751409126639,0.6511976437831918,1.6086000443301436,0.0,0.0,0.8475279441001976,0.0,1.1634391895540204,0.0,0.5811053806855137,0.1112681335158902,0.3130401497417827,0.4804347344724041,0.0917338165661041,0.6674126840562091,0.3580687114946738,0.1774514500890772,0.4932811156269348,0.1200978742231215,0.0292045108656269,0.1952830372888636,0.1615510565120957,3.520705366368836,2.290348199634633,2.175448800601507
W2357,6,0.0,0.0,2.815590873533256,0.6088403692873241,1.10921310725204,0.0,0.0,0.6525187093656514,0.0,0.8046522206221167,0.0,0.4313959980276993,0.0091099854460455,0.2123339139551975,0.1842042887404477,0.0602110472087011,0.5231394803775589,0.2253973056996489,0.1878259987273398,0.3284421371022945,0.0977775429602619,0.1068554089056008,0.1694664427366574,0.0564318546695116,4.32252625923382,2.7061349192987616,2.0023149146562447
W2371,0,0.5,0.5,0.5,0.0,0.0,0.0,0.0,0.0,0.5,0.5,0.5,0.0,35.0,0.0,0.0,0.0,0.0,0.0,0.0,0.0,0.0,0.0,0.0,0.0,0.0,0.0,0.0
W2371,1,1.537303357150252,1.8802242669721636,2.952632173699325,0.0,0.0,0.0,0.0,0.0,2.33447547323474,3.3180578725150527,2.7345483913837745,0.0,1.618384657672286,1.2955235130901124,3.1685019107535823,0.7924238311689351,2.336527695886228,2.103291692059253,1.0722303484630933,0.8375344178835034,1.4456597922481684,0.3224150701903281,0.3779147592094276,0.3108510594154525,1.3952513617586466,3.0622281871683894,0.9574809023899667
W2371,2,1.675981897760403,2.0339365052077527,3.0851963943161884,0.0,0.0,0.0,0.0,0.0,2.906463679549085,2.935991089375052,2.389489269339441,0.0,0.2684782594397319,1.1002768627619417,0.8167817476469328,0.2626701312176761,1.502030258243411,0.5384182012475788,0.5650713182058975,0.323432253628315,1.363541911783173,0.4202496343016778,0.7476308390633334,0.3097065142916675,1.8089135685020128,3.373572592229351,1.8720456380227373
W2371,3,1.5050118414750049,1.507717243786462,2.185786632685139,0.0,0.0,0.0,0.0,0.0,2.099196656425629,2.51859156580212,2.057747414817785,0.0,0.0972286571865944,0.4802597665902914,0.242533945589977,0.0462350772453759,0.8104092696174985,0.1622134049082289,0.3109561569117748,0.1599076853475755,1.2626209831710673,0.5163142322908854,1.1805470292546931,0.2673340641033774,2.353472031600281,3.14542685526396,1.9770253803356928
W2371,4,1.2598778974675422,1.4024801059698362,1.9198446719462816,0.0,0.0,0.0,0.0,0.0,1.7534601050908674,1.5730019285810997,1.574124425135217,0.0,0.0331534685439751,0.3021101047747351,0.0059126029163433,0.0492592318853317,0.3852951204536221,0.0994645572018722,0.0965821510427074,0.0932237807736976,0.8741034374002861,0.4719408662422851,1.153242356057266,0.1410475830866282,2.2694496194441918,3.5088363902300217,1.9447579662098544
W2371,5,0.9399897566929872,1.0148202035729896,1.6590137971401824,0.0,0.0,0.0,0.0,0.0,1.2880756764711494,1.246113079888013,1.2335088592281034,0.0,0.096992444141252,0.1976017290724815,0.179156644514444,0.0465708419281846,0.2903050839080959,0.0830967392580134,0.123959985662967,0.0461374208313662,0.6494293272774875,0.514520631988469,1.142769466518494,0.15800060197788,2.21368407425687,3.424124113048725,2.548539089560781
W2371,6,0.6679535790651349,0.7004405343002723,1.2419015922797574,0.0,0.0,0.0,0.0,0.0,1.0589963761097467,1.1258569396668745,1.0954763843590076,0.0,-0.0370083224434873,0.2006111541353446,0.0583160736213987,0.0835358427030086,0.1427906654828786,0.0308628880722388,0.0127138837345859,0.075567860927995,0.7040067328953225,0.4645258131615034,1.4402215133525067,0.1970284431411071,2.5123637437800905,2.8824306878285206,2.369370560126453
W2388,0,0.0,0.0,0.6,0.6,0.6,0.0,0.6,0.0,0.0,0.0,0.6,0.0,35.0,0.0,0.0,0.0,0.0,0.0,0.0,0.0,0.0,0.0,0.0,0.0,0.0,0.0,0.0
W2388,1,0.0,0.0,2.5843867658664497,1.867275605554476,3.132982675291933,0.0,3.0368765197477456,0.0,0.0,0.0,1.9365836301402968,0.0,0.6379620707719513,1.763000972920453,1.4371333326941256,2.013665209903876,2.33255761499807,3.891181790932794,0.9292356603044648,4.192015614136501,0.6701457192876769,0.1867361779011062,0.1955313288470248,0.2404621736346888,1.4840363300879016,1.4194372749252115,0.6318928458260237
W2388,2,0.0,0.0,4.205179280594599,1.976093202056053,2.49900594341767,0.0,2.2706568465025323,0.0,0.0,0.0,2.1107984056550047,0.0,0.1385199805976456,0.8975611768803722,1.0563393351218464,0.4874100842656444,1.3897867027384565,2.267123498300271,0.5182341068341159,2.498192753027482,0.6765670332770088,0.2561951103819645,0.4353842628523762,0.1781007987567524,2.588957456473312,2.3201164653183386,1.5918783285710911
W2388,3,0.0,0.0,4.348319836025163,1.4558355709581323,2.510306312163168,0.0,1.7736305487772586,0.0,0.0,0.0,2.210771620627749,0.0,0.1285904806973556,0.6897644335992431,0.5646550642256292,0.2629015034933691,0.9409302548730184,1.1586533478466292,0.2302787820103707,1.6532933001452887,0.3731966985612143,0.1539996767630273,0.3811725809844802,0.0548033875505796,2.9841991349326173,2.6384465077342374,1.5670009337842183
W2388,4,0.0,0.0,3.952496607359512,1.1156662175721388,2.0826677270760725,0.0,1.459412778242742,0.0,0.0,0.0,2.0425599439480298,0.0,0.0536152629284966,0.3351685444932358,0.2317373637446705,0.1091915318961691,0.6034104067692745,0.7038060267667205,0.0763936283673995,1.1203975022876596,0.3782762531411391,0.1539856797897272,0.4150213199743779,0.0915079046859094,3.0835860259403853,2.93990423034948,2.10010627631809
W2388,5,0.0,0.0,2.8951235053843294,0.8512181631433864,1.592840979139573,0.0,1.235487485753314,0.0,0.0,0.0,1.600411348587076,0.0,0.0013504599640644,0.181386374305903,0.2237029972104844,0.1232835484896018,0.2982273791691432,0.4539215650703095,0.1156693864666946,0.7207235892406438,0.284504740058328,0.1193930081504862,0.3545951754599422,0.0903133375655495,3.061091711239824,3.1245632703119712,1.9460719665509372
W2388,6,0.0,0.0,2.2783545852660905,0.7087354583409228,1.2696726296345595,0.0,0.915095352934984,0.0,0.0,0.0,0.9977938127614752,0.0,0.0671248782951841,0.1413440971461779,0.1097730381899012,0.0456946526421407,0.4593933880092791,0.2038837645680147,0.1458641721698212,0.4889488055285472,0.2642206172426265,0.166462689167827,0.272160867995424,0.0506526022055909,2.7938648097633774,3.308949230612838,2.133531229860249
W2396,0,0.0,0.3,0.3,0.3,0.3,0.3,0.3,0.3,0.3,0.3,0.0,0.3,35.0,0.0,0.0,0.0,0.0,0.0,0.0,0.0,0.0,0.0,0.0,0.0,0.0,0.0,0.0
W2396,1,0.0,1.0070760868342483,1.693117662880642,1.0685799370630682,2.0078830730643262,1.785556771318666,1.65723759250836,0.8692634053492462,1.1885935543518855,1.5221600295125857,0.0,0.5625542414222598,0.6117457199773726,1.4182973965364982,2.843640537471118,1.6844292946926491,3.1164494778194025,3.2392878776326617,1.070579865684001,2.444459732095542,0.2736714719738811,0.3141737855914573,0.2485723696546599,0.6954577192370752,2.227313271337064,1.6117052875752615,0.8080533965070079
W2396,2,0.0,1.0050558848484543,1.6799607046957137,0.9812424607193384,1.9008293116558268,1.3059285361422222,1.5773484449789812,0.9165971619707048,1.8266378787502984,1.3453626816746176,0.0,0.4768324507412524,0.0770446027403061,1.3285056092326422,1.0283582876766182,0.7642378496545832,2.548604088283505,1.7138543149470988,0.88040949294571,1.179592498617737,0.2546635627544372,0.2759959944712229,0.3936403770377621,0.3449458193091929,3.124830552669847,2.5630525437585847,1.205891212055934
W2396,3,0.0,1.1765218576308811,2.1310134923328583,0.7069801977069413,1.45775026816693,0.9116750814446192,1.1540656950800023,0.7139471191613515,1.3379063109592249,0.8695532441824982,0.0,0.5374441414438296,0.1095564619913185,0.7671335339359164,0.641525053459384,0.3544416884558093,2.5268286442872614,0.9021817619517604,0.5133712070827052,0.7914584453398958,0.315699853115875,0.1689817731548353,0.3033559050062202,0.2118306528944548,3.4716253013108007,3.396613904944821,2.2206056678569155
W2396,4,0.0,0.9948599175901088,2.19856136132589,0.5203852491831344,1.0839746873120804,0.7449348441980164,0.8666110908571193,0.5263190501327101,1.1369860896296122,0.799322805725786,0.0,0.3544901873926824,-0.0090464428692918,0.4472510056766856,0.326053665743321,0.120979397398233,2.035721606724745,0.4461813507875959,0.2819815812969457,0.4027999168135612,0.2358078857935401,0.1714412292432597,0.1887750441158319,0.1757072574531326,3.343205045100246,3.095327168761962,2.094417248038172
W2396,5,0.0,0.6859226054518875,1.7337608855213131,0.469511740653046,1.025284765094073,0.5748465774701984,0.6815511855920066,0.4212838593916075,0.9693097699082924,0.7494145169226626,0.0,0.3616947398076633,0.0976129593224736,0.3151115660133065,0.1000632640459535,0.1694282843975434,1.2488110469536984,0.3426916584844446,0.2463104788434501,0.2789119221865173,0.154749255329594,0.1296516393389656,0.1292319660006184,0.1060388191724835,3.982001061862179,3.0091497115991475,2.0693072546996216
W2396,6,0.0,0.6907142469455023,1.5463165879915666,0.3612351994361369,0.7018916692594706,0.4968573351300696,0.5548068356336331,0.3156754936500338,0.8304712489139672,0.3849576455238564,0.0,0.2917772102047424,0.0177745493455614,0.2988883072934359,0.0787032521252077,0.1073870253768185,0.9515979776300192,0.2189002569440207,0.0581841745481782,0.2143617349124262,0.2054569314216521,0.0032464433117359,0.2266068889819224,0.1335136993342232,4.158478352992247,2.6214515277699784,2.101720810605843
W2467,0,0.0,0.0,0.75,0.0,0.0,0.75,0.0,0.75,0.0,0.0,0.0,0.75,35.0,0.0,0.0,0.0,0.0,0.0,0.0,0.0,0.0,0.0,0.0,0.0,0.0,0.0,0.0
W2467,1,0.0,0.0,3.7062219076839766,0.0,0.0,5.5322778592371,0.0,2.254801039602947,0.0,0.0,0.0,1.419381913119901,1.2703278252639654,0.6935112171952637,1.2254037435645857,1.1342841881627586,3.1026930997242963,3.025573147375677,0.8465519721045349,3.190627362761223,0.5320243356928517,0.086382083877015,0.1204993997618999,2.495252458947256,1.7565577401463692,0.8843466878954487,0.7092105012663107
W2467,2,0.0,0.0,4.834450064786251,0.0,0.0,4.555157180068395,0.0,2.3999515607128705,0.0,0.0,0.0,1.4792553078180837,0.1241162748576186,0.4257019645850021,0.6847643364980752,0.4286006082294378,2.046880826379017,1.6623218064403462,0.4915796356335024,1.906036905398219,0.5745846162055847,0.0329066540744678,0.3104511988300923,2.999394318373499,2.335795348845158,1.8074722517736943,1.5893121322481971
W2467,3,0.0,0.0,6.173270763443886,0.0,0.0,3.3656061438959943,0.0,2.1071288847430547,0.0,0.0,0.0,1.2581008522057142,0.0815447781189798,0.2883811342296375,0.3678319864930618,0.1211510523930119,1.2729424190938503,1.0747855645176965,0.1763994255034279,1.2984154525835263,0.4143143979665218,0.0284935004125315,0.2071542078424221,2.3348108248085904,2.9190563419673934,2.231853439639501,1.9144231026633751
W2467,4,0.0,0.0,4.279666702860776,0.0,0.0,3.004251928586676,0.0,1.6677681636497503,0.0,0.0,0.0,1.149153556574578,0.0683542620685411,0.2633780439994359,0.2485557449996165,0.0559081746159584,0.7434706357873367,0.669476130927039,0.1933194401147579,0.8687727676431163,0.4113738232584117,0.0565863935256652,0.1495703100291433,2.393553658464093,2.551195930909147,2.53470456354713,2.336816389619167
W2467,5,0.0,0.0,3.28996012212001,0.0,0.0,2.209547135868743,0.0,1.1199670575618796,0.0,0.0,0.0,0.9679718311566676,0.15165345482638,0.0625557661803182,0.1390316439678137,-0.0063278260998635,0.5999552707007573,0.3373530234741398,0.1655249306901372,0.7089269581556827,0.3178270052203601,0.0521022304445862,0.1204342125607025,1.976293429005575,2.590291135260715,2.878934992818935,3.1948493141125063
W2467,6,0.0,0.0,2.358238853221983,0.0,0.0,1.4453486214668916,0.0,0.9352386775050292,0.0,0.0,0.0,0.7417664192628024,0.0804402182771639,0.0669367039888555,0.1195323837826567,0.1091228796782703,0.4405982249836375,0.2638348913674737,0.0741193905454398,0.5746092101644396,0.1958599691783502,0.0220403354266843,0.0927160152393762,1.9674466273384168,2.9381858130503167,2.24136382236805,2.562275617799943
W2474,0,0.0,0.0,0.75,0.0,0.0,0.75,0.0,0.0,0.75,0.75,0.0,0.0,35.0,0.0,0.0,0.0,0.0,0.0,0.0,0.0,0.0,0.0,0.0,0.0,0.0,0.0,0.0
W2474,1,0.0,0.0,3.491106439623665,0.0,0.0,3.401956181115291,0.0,0.0,2.631210420411988,3.6430043396866,0.0,0.0,0.7007720837570227,0.661979915201543,4.786424044770967,0.976154423500483,2.2340775925022216,2.8709846136585586,1.1044673074052582,1.1063129694698346,0.5478696101515438,0.2715242350730182,0.2920180641987584,1.6500889347514034,1.0870059623937134,3.084347820733363,0.698587453527411
W2474,2,0.0,0.0,3.240598234524791,0.0,0.0,2.9374092855090685,0.0,0.0,3.2850773925891934,2.8016015441700253,0.0,0.0,0.1424595783074114,0.8415900401019316,1.674299091780375,0.2065900750325852,1.932904909045445,0.9787909563770336,0.7886167135102566,0.6922107489399979,0.5294738029206334,0.2779520335060804,0.4558716094401333,1.3690769370602178,1.6293401534387435,3.416783096338422,1.6872613170205502
W2474,3,0.0,0.0,3.955010200593495,0.0,0.0,2.1997264376319574,0.0,0.0,3.783009572011056,2.611835394339447,0.0,0.0,0.0215355055851077,0.4781833344562184,0.9903798453029704,0.2121164454809045,1.2561729835042263,0.3958982077700877,0.2570624819513369,0.3383266499576419,0.4176145070022389,0.1940295331013241,0.3816869397065093,0.876746815988682,2.281830137209248,3.909880167412688,1.9693515570629068
W2474,4,0.0,0.0,2.762595403693223,0.0,0.0,2.0552797723204543,0.0,0.0,2.1311756201996026,1.8291528946553977,0.0,0.0,-0.0334375010849058,0.3958543000477655,0.4725880544459,0.0454221762775044,1.0328365341572672,0.2421069603906402,0.1576932994053079,0.3250523773442108,0.2987004751082483,0.1770976158485794,0.4686703881727834,0.617717955824543,2.2576288317607767,4.574613173436555,2.180086342291348
W2474,5,0.0,0.0,2.7006976406366103,0.0,0.0,1.7301054819028736,0.0,0.0,2.0204544538058835,1.3031277364756553,0.0,0.0,0.062978217182225,0.3074982237706433,0.29907026615241,0.069005952216091,0.6678178838572163,0.1997041914957473,0.0990699223422569,0.2538162993810147,0.2894899086581219,0.1580363752846435,0.4645828120898343,0.4659383596072666,2.3108338439613423,5.262639889891552,2.4631647840334323
W2474,6,0.0,0.0,1.7603351258635318,0.0,0.0,1.1774190849578487,0.0,0.0,1.6581905178840872,1.0185568385006245,0.0,0.0,0.0166431265962292,0.2394875102542741,0.1813301062283,0.0430466902081239,0.4868598426651657,0.0931976769502225,0.1106456059085341,0.1934335235124124,0.1850193596898569,0.0930668538445499,0.3123173958298724,0.3824949523427585,2.503448629840822,4.616563566881708,2.2913962511893486
W2499,0,0.5,0.0,0.0,0.5,0.5,0.0,0.5,0.0,0.5,0.5,0.0,0.0,35.0,0.0,0.0,0.0,0.0,0.0,0.0,0.0,0.0,0.0,0.0,0.0,0.0,0.0,0.0
W2499,1,1.6425146905692327,0.0,0.0,1.6643346103638048,2.550823143581174,0.0,2.7616661334766235,0.0,1.8972872313239468,2.0223568768574407,0.0,0.0,0.631364934190567,2.1020289170629707,2.964195712449432,2.138566384769641,2.014684987832009,2.627486509147172,1.553485096858789,1.9764978832516955,0.1633572498635593,0.1850940157641737,0.1701595491841758,0.0719183409532213,2.069959311863704,1.7605856350819715,1.096038702185814
W2499,2,2.276090946181456,0.0,0.0,1.1438901279218123,2.5061017023533085,0.0,1.9383373070459933,0.0,2.635721269455676,2.012710413527939,0.0,0.0,0.1182766133938026,1.8104754462679336,0.9583769029518332,1.5668995017579377,1.9508549551422116,0.771590739452453,1.3218888830630189,0.5567960577495368,0.1485581070653083,0.1116196611733849,0.3799157782375669,0.2830268949355492,3.0740288080080256,2.4549073489680886,1.9196861159205747
W2499,3,2.226523972676691,0.0,0.0,0.9786988920650052,1.808256408521588,0.0,1.731927833410614,0.0,2.2199101178680927,1.4863361417967105,0.0,0.0,0.1208356688711917,1.8046583402465768,0.2808244945125518,1.0633990715607835,1.9434111928026017,0.2875233567910072,0.9857395718191404,0.3791896180817974,0.0677050266012006,0.1327397705312611,0.2969864044143271,0.0790488620640271,3.492969477725352,2.5948389222281505,2.197857856980417
W2499,4,1.9592856703326176,0.0,0.0,0.9404707532062828,1.3026355021292635,0.0,1.2935299802883775,0.0,1.9366186033708224,0.8911792186020283,0.0,0.0,0.1234623243484376,1.7319792128179388,0.2046220855968932,0.8146054242826676,1.340640205912565,0.0667295340647685,0.6402464020259713,0.1856150688506314,0.1171168714781081,0.0542620975257414,0.2862871107409897,0.1514321482078343,3.6334789586472,2.875002674192281,2.0289688310830973
W2499,5,1.595871773783418,0.0,0.0,0.683066611553704,0.9546746597068928,0.0,1.1045989964966,0.0,1.7551050202389853,0.8686959974371303,0.0,0.0,0.0197026397071458,1.269878788975523,0.1130756262058247,0.5151945543961545,1.071583468963328,0.1374989566939002,0.4811824939665481,0.1649202834878154,0.1328452021750054,0.1139002762911422,0.3935159585225081,-0.0033299539715832,4.263248083660111,3.0984448557757927,2.49399296111379
W2499,6,1.171134564986182,0.0,0.0,0.4747088331556485,0.7443950242761471,0.0,0.7813671199983184,0.0,1.381587098208841,0.6273433257462789,0.0,0.0,0.0530700679548825,1.055957942392161,0.03329452236643,0.5749129076646204,0.880256871953526,0.0529234720896532,0.5273449338625325,0.1591696405694138,0.118423927102048,0.2014088841034104,0.2947732828925029,0.0928213541567647,4.16723759043398,3.5989007708293306,2.5765876193279147
W2542,0,0.5,0.5,0.5,0.0,0.0,0.5,0.0,0.0,0.5,0.5,0.0,0.0,35.0,0.0,0.0,0.0,0.0,0.0,0.0,0.0,0.0,0.0,0.0,0.0,0.0,0.0,0.0
W2542,1,1.475811845636814,1.5553952604478805,2.5424716801029428,0.0,0.0,3.08533247829684,0.0,0.0,2.1239561476085957,2.2544003837141053,0.0,0.0,1.2471885407798864,1.1793892390687493,3.066965783818914,0.8523052750487253,2.5796988677301997,2.6757889791547838,1.1691382953640692,0.8343018962679363,0.3599012589322668,0.2942411966915971,0.3732563578021683,1.4053519178771208,1.3619013190395837,3.2749838388032906,1.08926433035517
W2542,2,1.8384728198115856,1.5637376873646298,3.0266491524445502,0.0,0.0,3.062369935720408,0.0,0.0,2.1439082336913886,2.6396584698741057,0.0,0.0,0.1292309033951252,1.0260033859316948,0.6064312159455052,0.3196898422255537,1.549340397224176,0.5072679329824995,0.6116027057652169,0.4433815572348205,0.4196742488401265,0.2255732962919055,0.6117001875591663,1.3898947757293507,2.4584203706928838,3.5891827094873525,1.9347456270391243
W2542,3,1.4148917797763332,1.3848081653271975,2.7565973297000927,0.0,0.0,2.650303126365241,0.0,0.0,2.218955028035445,1.9393582263908693,0.0,0.0,0.1288869942446319,0.6419606366861096,0.2005249762417671,0.1912685378989789,1.174023741796021,0.1462435184729255,0.4071592422617884,0.2227231155943108,0.4029915311839809,0.2000789104270871,0.467077892870413,1.0244217556037791,2.9410838890977704,3.8882263711069305,2.638755874667053
W2542,4,1.3052344492299468,1.339558108565854,1.9110097375765056,0.0,0.0,1.8574335624015264,0.0,0.0,1.6997891879752838,1.230855910013898,0.0,0.0,0.0674840202379577,0.4165015061985451,0.160301273063171,0.0120765633712738,0.7261100259028834,0.1933345703593669,0.2110592236979619,0.1158410548474071,0.2733842744808329,0.1599862992494737,0.4538331702995279,0.9818472670911093,3.4067923997060525,3.976669528571005,2.972448354458412
W2542,5,0.9737955631979376,0.6906871736811002,1.3522665812508614,0.0,0.0,1.2985960888564003,0.0,0.0,1.3997381651603833,1.0962288775018183,0.0,0.0,0.0338039538546471,0.244111547637352,0.0644929792697961,0.0548151223004675,0.3456218673802922,0.1709473777236612,0.1977070650902455,-0.0077128865333067,0.2190690253335795,0.0879634357329175,0.3227028271874255,0.8045287084434795,2.9183211850112616,3.735900133308816,2.3752308076684487
W2542,6,0.829232889476675,0.7219200110973811,1.3105716224846298,0.0,0.0,0.9996842739320532,0.0,0.0,1.047403167030425,0.7818505437907959,0.0,0.0,0.0035529357178403,0.2084466736558771,0.0763668253711484,-0.0191906359312826,0.2888816501713027,0.0631416194610132,0.1823937778062515,0.04360893806287,0.1546246414897425,0.1213931399591636,0.3080500201765589,0.5884918491900849,3.37774123492276,2.7378527605771006,2.4075913013493224
W2596,0,0.6,0.0,0.0,0.6,0.6,0.6,0.0,0.0,0.6,0.0,0.0,0.0,35.0,0.0,0.0,0.0,0.0,0.0,0.0,0.0,0.0,0.0,0.0,0.0,0.0,0.0,0.0
W2596,1,1.473097779562244,0.0,0.0,1.7608949285308646,4.166611957898483,3.5631727899639403,0.0,0.0,2.453242430847499,0.0,0.0,0.0,0.7173883586759844,2.8451700024238007,1.390975220674166,3.8397931861532246,1.538241235951117,3.3242761368001927,1.3920358900259917,1.075384825158348,0.0512783121173324,0.2030215521821085,0.4635258403167213,0.57971509326215,2.9750908729424537,2.6726679675051246,0.8105786113631491
W2596,2,2.155881426419301,0.0,0.0,2.008541878506551,2.9191617975634734,2.5321922749805323,0.0,0.0,2.727848002770374,0.0,0.0,0.0,0.1163167353521556,2.4873203682428366,0.8067005514693835,1.9647464163002923,1.964703344327171,1.4725635750876376,1.094207164204755,0.4973790360529779,0.0189354849878232,0.1472331635962175,0.3851649998319071,0.2477717039250446,3.276523633290024,3.001704493851559,1.5454853200295262
W2596,3,1.9504255019074128,0.0,0.0,1.5355627631291755,2.3375598079361333,1.8304443605206984,0.0,0.0,2.853544704771639,0.0,0.0,0.0,0.1354682763885479,1.961477138841804,0.3416721405655982,1.1593012753871712,1.5661563854070653,0.7471726576397589,0.8021016282719489,0.1726972154511902,0.0059970170543942,0.0944681213343494,0.2492151431918232,0.1863132971763623,3.806087853871408,3.6646370528729566,2.121293132656518
W2596,4,1.6975688125012756,0.0,0.0,1.0275906421286214,1.996173603797525,1.3894774345913057,0.0,0.0,1.9062679199404453,0.0,0.0,0.0,0.0308015317804192,1.7351112381583926,0.1965171645788435,0.8570850612940047,1.0159362353000772,0.4102868923273879,0.822571587367571,0.1775954598748194,0.062955930619119,0.0656016140929693,0.2298691196885455,0.1061775065026672,4.348222201024552,3.6756654285150527,2.402609926108557
W2596,5,1.372558235413563,0.0,0.0,0.8661746627795007,1.480947375915596,1.0315509154301468,0.0,0.0,1.9285084303481708,0.0,0.0,0.0,0.0110749651681553,1.6569227222587983,0.1890221247558784,0.6955634366623022,0.7925441157895724,0.2218807334759407,0.5566203018208871,0.1049212855236729,0.0073586510287736,0.0534890587874198,0.2681271903819928,0.1101592405766364,4.358933921484213,3.58561909438985,2.3110947062856373
W2596,6,1.1193978776284346,0.0,0.0,0.7081716660734717,0.925662651158169,0.733093548193058,0.0,0.0,1.3958864080415967,0.0,0.0,0.0,0.0499419362057955,1.212823663479313,0.1279812743399093,0.3433426398455966,0.7555674355490748,0.1947751070796675,0.3491483232784035,0.2558748083019584,0.0358971456954064,0.0521631407829635,0.3525397554048049,0.0804566232239628,4.228213479013195,4.017347830750976,2.139617103584041
W2700,0,0.0,0.0,0.6,0.0,0.6,0.6,0.0,0.6,0.0,0.6,0.0,0.0,35.0,0.0,0.0,0.0,0.0,0.0,0.0,0.0,0.0,0.0,0.0,0.0,0.0,0.0,0.0
W2700,1,0.0,0.0,2.483173483226311,0.0,3.734520124623709,3.0504202718192177,0.0,1.6611255530350888,0.0,2.2610309265896307,0.0,0.0,0.4918462209507412,1.8631033197365297,4.6594314294409305,2.2332619157127787,2.4286806628473223,2.31614073065643,1.2423290835260168,2.4035316682534287,0.1958141402145869,0.2514307744574592,0.1121725677344712,0.5157809775155745,2.330342477023085,0.8644232719704574,0.5748739045215717
W2700,2,0.0,0.0,4.0631600056002135,0.0,2.87390268163659,2.201359535811935,0.0,1.6464796282417655,0.0,2.194467140663199,0.0,0.0,0.0855254058535043,0.8768898765781484,1.9712300788330128,0.7702700350106946,1.713939554370855,1.141634459091465,0.9302283464452192,1.7115788864548185,0.3458075059522125,0.1640517618074239,0.3458017252283158,0.3098439347431299,2.883947127989152,1.3148542902143814,1.4871192126314046
W2700,3,0.0,0.0,4.44169888648876,0.0,2.298505441336524,1.6808498125599982,0.0,1.4906315330808333,0.0,1.7787340691550404,0.0,0.0,0.0612940187879162,0.6418749152240568,1.2010975965280164,0.2107234008241637,1.2140031003334697,0.6458881362673305,0.6360338037254358,1.2204664597222756,0.2313039124690427,0.1412187078154619,0.2838122686573779,0.1488353567935527,3.1712042910459948,2.131536351916666,2.5228979132529723
W2700,4,0.0,0.0,3.71307141841238,0.0,1.630958494911737,1.3146538880355765,0.0,0.9732364125835378,0.0,1.3080740479491355,0.0,0.0,0.063958160162018,0.3190498627485465,0.6784482108619174,0.1198349901098158,0.8468391980255154,0.4819925846804305,0.3505645850867781,1.0009381916065618,0.3059019786398017,0.0197188771256458,0.3576638193267084,0.1644759778128318,3.466364049820065,2.228015901188224,2.79095867231195
W2700,5,0.0,0.0,4.074583002092766,0.0,1.6334062881388476,0.9789441214904954,0.0,0.9275883664277892,0.0,0.885180354691097,0.0,0.0,0.0697923636882656,0.3053630381616328,0.2922291059154253,0.1599568926454433,0.5280298665583065,0.3045781207817577,0.1931690289212724,0.7386171752819543,0.1179206596576354,0.0871316979063896,0.2654192328959473,0.1924816474548025,3.868170224935016,1.9704747283489552,2.502938327034689
W2700,6,0.0,0.0,2.6526860346466163,0.0,0.9968040006415666,0.600241079898199,0.0,0.7772644477689359,0.0,0.7147098658412605,0.0,0.0,0.0117790517749007,0.2456923513613212,0.2206210960776984,0.1682089696645502,0.4535822592275759,0.2381194630048481,0.2259037774071893,0.5423163167498888,0.1655792724530113,0.033994803668297,0.3037146043145771,0.1089018293564168,3.83462645478258,2.5226262992228494,2.7192258057917247
W2704,0,0.0,0.0,0.6,0.6,0.6,0.6,0.0,0.0,0.0,0.0,0.0,0.6,35.0,0.0,0.0,0.0,0.0,0.0,0.0,0.0,0.0,0.0,0.0,0.0,0.0,0.0,0.0
W2704,1,0.0,0.0,3.463123133324819,1.8126678138005752,4.244530243767072,2.5193712695827486,0.0,0.0,0.0,0.0,0.0,1.0194430709378983,0.5401006355159714,1.8270082403890229,1.7224034744316632,2.44663979058996,2.079176817825413,4.718987302359095,0.940295580489947,1.7705012996049136,0.3257058625971752,0.3171753151432755,0.2543090998173094,0.5554726385838431,2.3422456180210585,1.0539611781539475,0.7610168759005556
W2704,2,0.0,0.0,4.535137988551303,2.019047104171496,4.234355658091986,2.656778882654045,0.0,0.0,0.0,0.0,0.0,1.023629900239875,0.1103220196420007,1.2235827710053866,1.4260417219644563,0.6075268861649608,1.732972044448139,2.685970129550124,0.6443971393709589,1.4065088489746564,0.4776724858294427,0.1402810094574704,0.32797358001351,0.3815114181322624,3.341634366144064,1.4842972063652071,1.64556347738407
W2704,3,0.0,0.0,3.4856434640135285,1.52993264954684,3.19052522302631,1.834742063258256,0.0,0.0,0.0,0.0,0.0,1.0672873499148166,0.0339215840709882,0.504810669040292,0.758380907854076,0.2307436462825629,1.2202000150511156,1.3598716632343344,0.3350398396104879,1.1256346225840623,0.2995761756727646,0.1203962796552256,0.2216361162968063,0.2160915431934437,2.920232436587684,1.809967743893786,1.2583351556443456
W2704,4,0.0,0.0,4.923957872688921,1.014408357986959,2.3565234544361835,1.319142958449869,0.0,0.0,0.0,0.0,0.0,0.7829441051288469,0.0169915889879296,0.3204592583408837,0.4262540072240059,0.0889375005908873,0.6260500889261178,0.9853008890669568,0.0795454513768848,0.8358825941494573,0.2907709118522793,0.1545916752535101,0.1870229919829718,0.0980482764661041,4.273790257904189,2.349407766411096,2.2841755598653384
W2704,5,0.0,0.0,4.085483391756162,0.8347689731728142,1.311344980647458,1.0146072262357897,0.0,0.0,0.0,0.0,0.0,0.6513150506677178,-0.0520313306359629,0.2046475306626718,0.2943420966751311,0.0412141057887388,0.4913695654307993,0.6491823940386945,0.0477295795459481,0.4945069804281484,0.1371073975544817,0.0713841542859684,0.2479748421405459,0.0781153728669041,4.182658259106755,2.760451276903805,1.819363558431713
W2704,6,0.0,0.0,2.364744883215081,0.6194904119370772,1.3408091709060586,0.7947611299883192,0.0,0.0,0.0,0.0,0.0,0.4877988264101752,-0.0037686517004363,0.1572190402857716,0.2434076547577267,-0.017939360204044,0.3423291323596725,0.3968747712419549,0.1765138974954496,0.3105111304715658,0.1438638474174532,0.0602649318491875,0.2387784526148865,0.0843345325769546,4.580108463469381,2.6223349896759034,2.12724593352058
W2719,0,0.3333333333333333,0.3333333333333333,0.3333333333333333,0.3333333333333333,0.3333333333333333,0.0,0.3333333333333333,0.3333333333333333,0.0,0.0,0.3333333333333333,0.3333333333333333,35.0,0.0,0.0,0.0,0.0,0.0,0.0,0.0,0.0,0.0,0.0,0.0,0.0,0.0,0.0
W2719,1,1.0307386618625078,0.9313724377922934,1.8361278507764796,1.1850835546370149,2.577901437957851,0.0,1.868200321265275,0.984404686918269,0.0,0.0,1.2267698252369474,0.5636728973143371,1.207571045688159,1.8765494155822016,1.0327516189003978,1.676960624569628,2.754441088352234,3.3201246542795717,1.235341927935524,2.952386302815698,0.4791191873479685,0.2284941116933218,0.2068243007283714,0.2533729732805235,2.792828313689278,1.3886696244003889,1.1943257019723863
W2719,2,1.4725594211031452,1.29470125127364,2.5588424842197592,1.077108899987468,2.415182751992248,0.0,1.8517771355171528,0.9472572663882174,0.0,0.0,1.5968583113289592,0.6814923285942488,0.1028480939282935,1.1788459118807073,0.4250555853034855,0.653287436173396,1.7557768770290016,1.1889702428310214,0.6450733573581064,1.224257247199774,0.4358023258545116,0.2872245575461399,0.3577690718800428,0.1657676295737707,3.350840554340195,2.2184016545070104,2.162920749037464
W2719,3,1.3313233295547025,1.0255795746696097,2.361326665336641,1.0096234216804902,2.0452413888556533,0.0,1.542698917708189,0.8050959800973738,0.0,0.0,1.4379739363177562,0.6030884639483083,0.0880908913476586,0.5761557113199122,0.2910476094309735,0.2287701353905744,1.5468619062990765,0.6883718396629501,0.4671669952885032,0.4321310512360046,0.2977361694353175,0.1439323977937028,0.2237437226445499,0.1922026562978256,3.284093240430193,2.853991143964268,2.2992706778100445
W2719,4,1.224166569529661,0.8895359913369564,2.235938848888213,0.6143191923866506,1.0556117564614782,0.0,1.2371796050322872,0.6473147319402601,0.0,0.0,1.0555538704072966,0.4080496607486864,0.0489032190608906,0.4642673452192178,0.1910797413256526,0.1342176633267126,0.8014079224534435,0.3555005290689348,0.216033013155263,0.3198373799839606,0.3152881776206722,0.1663032396595529,0.3359316622679584,0.074172839316708,3.372369517402445,2.9860589850842088,2.940731814145933
W2719,5,1.120527334379761,0.7016946409874125,1.6801098282075204,0.5371035167400484,1.1974951486856455,0.0,0.7623055621575165,0.5371097106404332,0.0,0.0,0.988187830387928,0.3712678472950062,0.041250390673216,0.2202201175752085,0.0500498974279358,0.0845615887304436,0.5808672164207733,0.120351073534009,0.0811237914936661,0.1988336632005414,0.2348893023654396,0.0769712843019674,0.2192371263762912,0.0565885386067451,3.5524326793082937,3.2574068861221703,2.611897642572057
W2719,6,0.7058320606451517,0.582102520782644,1.353670696698395,0.3762623013611516,0.9310484553841594,0.0,0.6307373371645582,0.3440366731720741,0.0,0.0,0.664128547863068,0.2739060815967218,0.0122668418637327,0.2126663544083324,0.0916399155663536,0.0995570568175258,0.4127228890631224,0.1624237827308223,0.1252854517661424,0.0355931473538589,0.2011048247288866,0.1023800872216876,0.0936416416097832,-0.0006470992375425,3.3944822895605484,2.801653377437888,3.0094336779754847
W2786,0,0.0,0.0,0.5,0.5,0.5,0.0,0.5,0.0,0.5,0.5,0.0,0.0,35.0,0.0,0.0,0.0,0.0,0.0,0.0,0.0,0.0,0.0,0.0,0.0,0.0,0.0,0.0
W2786,1,0.0,0.0,2.272679139211026,1.4425322384637034,2.756061196590335,0.0,2.290853285721686,0.0,1.933785223283883,2.233724975533852,0.0,0.0,0.5578795369092939,1.606920157063032,2.955467918201256,1.4816781000418433,2.138206496864951,3.092755409272843,0.7351033438557872,2.4509283196212337,0.2845663855098201,0.2092197850545583,0.1796925958103921,0.1855084085875565,1.918383981383233,2.022053395185869,0.7112537344089236
W2786,2,0.0,0.0,2.9595707915307763,1.2409458970817897,2.4531139683424774,0.0,1.7897252409823954,0.0,2.1248459916785154,2.3898839187482577,0.0,0.0,0.1564011959110169,1.1944821466402624,1.4070075754477478,0.6153164550081286,2.260851015347834,1.1810546155866586,0.616260180326589,1.4639661334995568,0.4541349892283534,0.2442070609697263,0.3329441781811522,0.1756829182282283,2.209014417644562,2.412243892381018,1.3944845621521598
W2786,3,0.0,0.0,2.910003185074702,1.0752260027445883,1.587777007706845,0.0,1.7131942590229985,0.0,1.9634451136351716,1.3941894663883996,0.0,0.0,0.1063432701119982,0.8085267774780126,0.8095763508452214,0.2715170207255182,1.278148814952751,0.6611017344411224,0.3928885803893136,0.700310216608271,0.330048924175432,0.1931292667644653,0.5105521924459587,0.1494137879400277,2.9922549214506664,3.205920787712789,1.8427724895414483
W2786,4,0.0,0.0,3.1609827411725115,0.789884273827672,1.6686101604275458,0.0,1.273024173529852,0.0,1.638759734921433,1.0974612457123654,0.0,0.0,0.0480010423634802,0.5156922928399151,0.4851585505128494,0.1606665075283019,1.200823336155863,0.2444006769346892,0.2634847575115275,0.5096680790525268,0.2163982647571775,0.1983952397275097,0.4968014081428135,0.1670018680430357,2.609427110011892,2.71045191810634,1.7219314890525594
W2786,5,0.0,0.0,2.799204721123288,0.5346458178214508,1.2624469841194073,0.0,0.9709194343086776,0.0,1.2757102742172317,0.926052983978262,0.0,0.0,-0.0107806597922829,0.4548607522110127,0.2440556643775498,0.110461549669052,0.8423001979957733,0.1759865626856705,0.0922645402372031,0.4386032646990914,0.2077475250923535,0.1974201317816195,0.4274796695253239,0.1758120074527148,3.3509299580809007,3.1295722787717377,2.2059500752919834
W2786,6,0.0,0.0,2.4119500506049314,0.4791809066145615,0.8811872988002494,0.0,0.8503277995267984,0.0,1.1099298829351791,0.7372691036404557,0.0,0.0,0.0050195758691641,0.3109612529319651,0.160009604540871,0.0434046420062833,0.5975299927019044,0.1531338618241389,0.0656787688429725,0.2186492998795041,0.169609642071819,0.0747616373203515,0.3796854838707493,0.0760830940814953,3.2361520525725544,3.5908697005845545,2.3247875418718733
W2799,0,0.6,0.0,0.0,0.0,0.6,0.0,0.0,0.0,0.6,0.6,0.0,0.6,35.0,0.0,0.0,0.0,0.0,0.0,0.0,0.0,0.0,0.0,0.0,0.0,0.0,0.0,0.0
W2799,1,1.9434294704411024,0.0,0.0,0.0,4.473735753606936,0.0,0.0,0.0,2.77374145983243,3.171735609930415,0.0,0.9415562486329128,1.1296871045838688,3.620962679725168,4.165558618110894,2.802155756594981,1.0649092497641766,1.60236729666585,0.9496444671948208,0.8469106616138247,0.0401038000034832,0.1738223303059848,0.2669754197305649,0.1714842820084748,2.784074687266528,2.2105928768008485,1.0293334156825904
W2799,2,2.2229748561850173,0.0,0.0,0.0,3.2071002808469355,0.0,0.0,0.0,3.325888790288944,2.0379138915209625,0.0,1.0510822496202543,0.1811084159461039,2.7526223898531668,1.4950471503007936,1.808342882319171,1.293923780400988,0.545443570313202,1.1478493181737757,0.420737822809493,0.1074963983597644,0.1911497841884052,0.3281488898085944,0.1597412053210506,3.435510217877371,3.057013846215073,1.825267636502041
W2799,3,1.9989668552633035,0.0,0.0,0.0,2.439937872502083,0.0,0.0,0.0,2.6215599495138915,2.159381942956812,0.0,1.0345713999133548,0.076580574379174,1.9981330157933503,0.5972882880881979,0.8802750952584342,1.6598748267833623,0.2869209053454137,0.7959807345119589,0.2711277324144768,0.0615596815435837,0.0970314833546884,0.3873772422506435,0.0791923078411492,3.878748333115264,3.695240202683978,2.60986260978084
W2799,4,2.0167405941555607,0.0,0.0,0.0,2.3664163282058466,0.0,0.0,0.0,2.2761545693122307,1.295474156501118,0.0,1.071813028815079,0.0412285723596218,1.231805652829809,0.1505957596998997,0.5755760187043624,0.9192140280811067,0.1832542379535379,0.5187941836281409,0.1227569137578171,0.0322476042031351,0.0644342936340224,0.3320514949554686,0.1064746976315736,3.977620293233648,2.599746223416376,2.567885805757666
W2799,5,1.369845844487087,0.0,0.0,0.0,1.405450912254938,0.0,0.0,0.0,1.754514677511697,1.1777536089333156,0.0,0.759625229125867,0.0769067602317472,1.2872407928937146,0.1652470932810452,0.4208394660201848,0.7573850319440789,0.1003679803242725,0.3111829604385043,0.1603741823797486,-0.0045689280790455,0.066713100776486,0.2625202122533454,0.0612931069684806,4.548556073271251,3.779013622149084,2.697855190914667
W2799,6,1.16533206008249,0.0,0.0,0.0,1.1452041686531755,0.0,0.0,0.0,1.5423193004970592,0.7081594754260168,0.0,0.7521435993308963,0.0545253231735184,1.1159286714795578,0.1240421117033241,0.3653314320391408,0.5952632386166667,0.0966575019178536,0.1879518575219667,-0.0254718998735601,0.0548653078262336,0.0228491595676781,0.2516559230135696,0.0811583573696943,5.236144855586832,3.748318454780556,3.210577502852412
W2827,0,0.0,0.5,0.0,0.5,0.5,0.5,0.0,0.5,0.5,0.0,0.0,0.0,35.0,0.0,0.0,0.0,0.0,0.0,0.0,0.0,0.0,0.0,0.0,0.0,0.0,0.0,0.0
W2827,1,0.0,1.2033939068329482,0.0,1.7958509083231586,3.1987435479534865,2.513404074589839,0.0,1.4645003441854427,1.816965253061251,0.0,0.0,0.0,0.6724595183563793,2.121258336116299,1.427281853035215,3.0132938745949143,2.815144917499465,3.4454891057473764,0.9005463265210101,1.5167282189506697,0.09416443392992,0.2644801282305929,0.363874820184465,0.5583073428948964,2.7952224657244336,1.8850633822812977,0.6852003303609725
W2827,2,0.0,1.5348698973963677,0.0,1.464911172205413,3.023852370180701,2.313076865966817,0.0,1.2583303659370468,1.7736409888355926,0.0,0.0,0.0,0.0902836710678592,1.4981984230230283,0.8994683904159775,1.465042436680429,2.736684442846858,1.9140200173604105,0.9770597249954786,0.6503108536490713,0.0708053161199156,0.210206175654895,0.3644755329363727,0.1732006237784812,3.544315159769196,3.023224812738155,1.1677504998574255
W2827,3,0.0,1.5118598684498734,0.0,1.2347003239413612,2.032482155152893,1.6815351743010072,0.0,1.192008614349033,2.442870802206485,0.0,0.0,0.0,0.1009889690039351,1.102706602146448,0.424265371859299,1.036300289017934,2.897338018197045,1.4107051411537594,0.8587171746529433,0.2144057689820946,-0.0089891255174502,0.1388131019877387,0.2477776841511016,0.1480207196680112,4.064825175272859,2.5217799486708605,1.4301510847577
W2827,4,0.0,1.461738944511456,0.0,0.812270850709675,1.628791679070322,1.171886343349814,0.0,1.077337322301724,2.077743897220171,0.0,0.0,0.0,-0.0045895591966303,0.8373651286943014,0.3190788646376342,0.5703057758870744,3.126104012161973,1.1427233492315243,0.6393914645601293,0.2346053539570868,0.1173705970500575,0.1660190760189016,0.2318281160643246,0.1131092085956043,4.44766339251549,2.2530862419239366,1.6806607206774191
W2827,5,0.0,1.1273480074815452,0.0,0.6302543589328309,1.0805196844086131,0.8229293007384593,0.0,0.7923476964005466,1.4937704572746613,0.0,0.0,0.0,0.0131567509174637,0.6906970117458198,0.2168754037219933,0.3876500304997595,3.1320806718688927,0.9916582828405138,0.4816168443764999,0.1012580477927584,0.0682119183371295,0.0960726899694616,0.1800730255094429,0.1687354442298316,4.601181188601531,2.836963146499384,1.7762126159028104
W2827,6,0.0,0.9138091797792968,0.0,0.5430686232756256,0.926251327088232,0.6791098400432164,0.0,0.5983233779259554,1.376840653783866,0.0,0.0,0.0,-0.0595483136431223,0.5678820568608082,0.2129261678081628,0.2220721944052144,2.547886746867394,0.5330822648410274,0.3894566568517871,0.0457788215820905,0.0577431391013945,0.0559205990923121,0.1649894147702353,0.1353704887407408,4.976279658472345,2.662005513511474,1.599301378569696
W2830,0,0.4285714285714285,0.4285714285714285,0.4285714285714285,0.0,0.0,0.4285714285714285,0.4285714285714285,0.4285714285714285,0.0,0.0,0.0,0.4285714285714285,35.0,0.0,0.0,0.0,0.0,0.0,0.0,0.0,0.0,0.0,0.0,0.0,0.0,0.0,0.0
W2830,1,1.5718399415734918,1.3179540925637627,2.031644542116217,0.0,0.0,2.9176253705715056,3.183160087784499,1.5659867672752903,0.0,0.0,0.0,0.8036212524721446,1.169497693520695,0.9072063563311572,0.6761506790388265,1.02483909882054,3.4867800435266902,2.468830001418344,1.0995715583181127,3.3357642193172787,0.4487560245616159,0.1846414528982421,0.2257172231857737,1.497302521480996,1.4146765853382703,1.504780830743459,1.2938815654031175
W2830,2,2.2249172365119527,1.6664215631757897,2.8601303360267547,0.0,0.0,2.685115467149442,3.050296545612134,1.2865825709407557,0.0,0.0,0.0,0.6765208147274198,0.2026568680092711,0.6365172715234718,0.2923604166148513,0.4615305723117976,2.706147447634617,0.9778266080741402,0.7744561953441486,1.3608716020794136,0.6135018445714959,0.0565629111211547,0.2116398256110002,1.4635276523338416,2.0663520298403752,2.2973229777967523,2.2914242340582294
W2830,3,1.9363810327122957,1.3678844402807184,2.6049262701624865,0.0,0.0,1.8150276451087732,1.808371842365856,0.9312579475883376,0.0,0.0,0.0,0.5846543565439536,0.1316837798952655,0.516481406594417,0.125505562003435,0.182438426813341,1.281169579541872,0.3879972380316876,0.3418420309638791,0.5001209874445408,0.4635240686029866,0.1168815032261773,0.2396840725846856,1.3655893328594684,2.8849697877116878,2.702082150294178,2.9146616272822525
W2830,4,1.4582436608883256,1.1034940395852595,2.3011781301767007,0.0,0.0,1.5291618929335336,1.5431284687187672,0.815435870614974,0.0,0.0,0.0,0.5196888579698353,0.138765767893855,0.3004636558939976,0.1437060888342688,0.1503452041491053,0.8198961840071624,0.1791414933252113,0.3327782361871637,0.2855484739246034,0.4055087686639845,0.0113410791867407,0.1613966423023169,1.524091130011564,2.46291274604772,2.855742624822518,3.2066561009436456
W2830,5,1.3426667901892042,0.834523486583913,1.7469904520743456,0.0,0.0,0.9976884571825472,1.4975345402644007,0.599315621673481,0.0,0.0,0.0,0.4587931200925977,-0.0477391273280813,0.1956943901062644,0.0837115268407544,0.0754170948945656,0.5408076558900738,0.1452977682270426,0.1410333365335869,0.2095467575505839,0.2844633635626648,-0.0086552826436242,0.0332293962701796,1.104279127785843,3.974463258507949,2.492382625332262,3.821182831985001
W2830,6,0.9741955488247428,0.6968423217209172,1.422252447855741,0.0,0.0,0.8143061686040092,0.7846324718259329,0.4030152063738693,0.0,0.0,0.0,0.3161276162894303,0.0139966123174529,0.0937553299520611,0.0333786424614873,0.017405132933418,0.4413674455987849,0.105024326370164,0.1623045536561121,0.1086619464599795,0.1929646110695854,0.0865676788144889,0.1043381972851364,1.3288212036567024,3.431198328778198,2.531335413166498,3.3237663616009763
W2838,0,0.375,0.375,0.0,0.375,0.375,0.0,0.0,0.375,0.0,0.375,0.375,0.375,35.0,0.0,0.0,0.0,0.0,0.0,0.0,0.0,0.0,0.0,0.0,0.0,0.0,0.0,0.0
W2838,1,1.0933147339588116,1.409679200906604,0.0,1.428551434560139,3.489839958457852,0.0,0.0,1.2664241307193835,0.0,1.8262097736082576,1.5778613220388578,0.6544985717201807,1.4081618690414193,2.734760705922916,3.4881535381097333,2.724202227618761,1.4800268711218307,2.1255877407177124,1.34001355111693,1.1167442555270428,0.367029171692277,0.1842722534566827,0.4179602624600489,0.1170030875816041,2.8737920791306726,1.4462205628295124,1.2853332051749722
W2838,2,1.6577779972334483,1.6739114382364249,0.0,1.12422817336257,2.451568754532412,0.0,0.0,1.6188491142079868,0.0,2.043502722396048,1.7690720680899603,0.8251268160350621,0.1193831648967603,1.5323841240802072,1.4751856929509688,1.939810121077506,1.9725142499257733,0.867640449932293,1.4919428330915645,0.364901993199286,0.2635585252592667,0.152472181253854,0.4466755195959658,0.087784237064355,3.42582733077625,1.792826015718285,1.7615933119313971
W2838,3,1.557344922331041,1.6698506010973555,0.0,0.9501252170760076,1.560184389759088,0.0,0.0,1.215428251683867,0.0,1.3106040247469963,1.4065735153061407,0.7339556441368992,0.068410288445432,1.070324277777312,0.5342027065244307,1.1679040265865448,1.787191028347651,0.3649076453933414,1.2972859424763004,0.2839513460826228,0.0364400792886584,0.1772995989724554,0.4102338624141962,0.0693980728526149,3.360327783543599,2.2649846395896653,2.060677330608489
W2838,4,1.165374575725855,1.1785415171867089,0.0,0.877013796713784,1.7337925380074992,0.0,0.0,0.8554773435716547,0.0,1.0588189839721167,1.757171496097253,0.6223037020231953,0.0158175594871421,0.9316622831799276,0.3493392909376216,0.7594097304436495,1.3646489153145471,0.3504339853847228,0.9838772233487784,0.2141324512116921,0.094073391798117,0.1264639656866556,0.2594704541750999,0.0423255806184496,3.7331385863263034,1.6255362206219008,2.2608130854021358
W2838,5,1.3302708339622191,1.0344000591669689,0.0,0.6604639403176686,1.4112443322242116,0.0,0.0,0.5934792235996147,0.0,0.8229081550539642,1.6267841833553889,0.6202982217385791,-0.0033462137734625,0.6299040350518215,0.2310452055207639,0.4960631828583774,0.9990705384571844,0.246334316635908,0.935194834060934,0.1241531661617906,0.161019091210977,-0.0218970500521667,0.1957550617280603,0.0661514842207131,4.399359914147874,2.0934885389584794,2.7835849024023243
W2838,6,0.99951366947525,0.9312018354062264,0.0,0.5413605548105036,1.116936162695357,0.0,0.0,0.5730304132864477,0.0,0.5924808670525299,1.342372421852582,0.4818895703748675,0.0015874452822866,0.5523170494464034,0.1362889810454317,0.3022747725667762,0.7911783950749509,0.2461189816427349,0.5722864486140347,0.061054733315017,0.1579114956065543,0.0747742506127162,0.2152365185519586,0.0625573713097613,3.55959632900609,2.649433785981604,2.2889996801513317
W2849,0,0.0,0.0,0.0,0.75,0.0,0.0,0.75,0.0,0.0,0.0,0.75,0.75,35.0,0.0,0.0,0.0,0.0,0.0,0.0,0.0,0.0,0.0,0.0,0.0,0.0,0.0,0.0
W2849,1,0.0,0.0,0.0,2.424315162149165,0.0,0.0,6.2715482898312365,0.0,0.0,0.0,3.326737663400295,1.223832013532173,1.0434842473046329,0.6536917058147298,1.4407128098945183,1.2905294246188743,2.808132095428721,4.324624754368156,1.1447993528382625,3.8183253805936666,1.0874311628819666,0.3016949217030261,0.1003053139509782,0.20356111166323,1.3417891746456128,0.878412206014127,0.950273448589841
W2849,2,0.0,0.0,0.0,2.9768640551546195,0.0,0.0,4.559021304052672,0.0,0.0,0.0,3.94493487959376,1.5113090325085945,0.0348535709896188,0.9490986567397204,1.4928868166152849,0.8012759031085233,2.3678532669591648,2.78052315034257,0.742915279192737,2.4042218568760005,0.9235360655536428,0.294734152543637,0.189372705304176,0.1759762078277763,1.8798208757881592,1.47117926910077,1.7314904827196282
W2849,3,0.0,0.0,0.0,2.1198108025632494,0.0,0.0,3.985616690240919,0.0,0.0,0.0,3.8019970422581935,1.709245723698866,0.0841354548480405,0.875095255181048,1.1414529944941596,0.4970998834015321,1.9251821591008904,2.2007065542243405,0.4645231218103542,1.509466284928121,0.7965289706843092,0.2394062127883236,0.2004148191110044,0.2023799419991352,2.1061070616732644,1.8459053968036048,1.7808376537388708
W2849,4,0.0,0.0,0.0,1.8981175246152096,0.0,0.0,2.791376644256311,0.0,0.0,0.0,3.0015251347617258,1.3395086331820396,0.002444775253617,0.988574559824308,0.8337301451368588,0.3201290765278677,1.9764534116754289,1.9771091094351183,0.363257842088283,0.8199166849222068,0.7204707588465441,0.1330266766713888,0.0909160148064254,0.2449344668115916,2.083929724648368,1.8016777371730208,2.515377612869075
W2849,5,0.0,0.0,0.0,1.2774285430822656,0.0,0.0,2.849628129339172,0.0,0.0,0.0,2.854434518464508,1.0352139117952692,-0.0069686801595504,0.6530136108116045,0.7741474978745122,0.2555741385847359,1.54668151784276,1.4548862704919694,0.2631569223035053,0.6573668358253179,0.5584448340962505,0.0623471963320127,0.1202019047745489,0.0896570261993475,1.609083719815879,1.9753948673064736,2.627469600654593
W2849,6,0.0,0.0,0.0,1.1563227243741898,0.0,0.0,1.8055154581754385,0.0,0.0,0.0,2.39284345134157,0.9103027203538766,-0.0064351812549833,0.6888174935413194,0.7970960960418945,0.2249541391127768,1.0505880821743132,1.1782323795055394,0.3620737975632795,0.564042400127244,0.4648947721499668,0.1506188010010396,0.0643903303912227,0.1040296292410626,2.226082277800144,1.692756901119142,2.2081400018126702
W2853,0,0.4285714285714285,0.4285714285714285,0.0,0.0,0.0,0.4285714285714285,0.0,0.0,0.4285714285714285,0.4285714285714285,0.4285714285714285,0.4285714285714285,35.0,0.0,0.0,0.0,0.0,0.0,0.0,0.0,0.0,0.0,0.0,0.0,0.0,0.0,0.0
W2853,1,1.283527036558589,1.3239529927958036,0.0,0.0,0.0,3.316196020188976,0.0,0.0,2.023779358719969,2.4658867224812755,2.094108061856221,0.8742420345906611,1.2418008191196843,1.401672384329987,3.652227526276593,1.6287656527392895,2.239271358809254,2.039780968509875,1.6225336169450153,0.7702941690179365,0.5238871742896899,0.2423176874529984,0.4010767951155662,1.1287264321542845,1.3296793696520208,2.80829916439907,1.0526280046871752
W2853,2,1.8880871880365493,1.577315184323489,0.0,0.0,0.0,2.4945234123412194,0.0,0.0,2.436327933235728,2.125656707435961,2.290222874163069,1.0324150710558486,0.1712728605948264,1.269812492620157,1.1156917375361364,0.7670130339100062,1.6058253844983774,0.8166359723562013,0.7069492849132655,0.3426180309309182,0.2852906159946843,0.225610313837547,0.3528770023928814,0.95420162566686,2.01417508047479,2.988030504143384,1.7797037635428832
W2853,3,1.3992989052403244,1.621472124755076,0.0,0.0,0.0,2.06162150224332,0.0,0.0,1.9982857690157276,1.644494037137382,2.228624240463125,0.7511497196945713,0.0847199769484357,1.247588176822553,0.5083394728014403,0.5799132691408385,1.5701408938383243,0.3858148690587534,0.5609635108809081,0.131177901163817,0.3772598330466089,0.1328826829315532,0.4134878168689548,0.5016396504774591,2.583079415545681,3.254431330635781,2.4196347446304816
W2853,4,1.3197106915342698,1.2130513117997852,0.0,0.0,0.0,1.4660907631137658,0.0,0.0,1.5998965874666022,1.1761512166085235,1.884736003464045,0.6177616236764805,0.0742889660263376,0.8292568827322885,0.2414600783483745,0.3348529860406964,1.1420778937359106,0.3079009620078323,0.3193001108774124,0.0936742853623919,0.1846544173553603,0.0523341801489663,0.3020255592284668,0.4223520905207337,3.007449304526813,3.1306621611881607,2.6511721178479988
W2853,5,0.9911839365120408,1.1122772249530717,0.0,0.0,0.0,1.175154849135769,0.0,0.0,1.213312353549593,1.0547262332299543,1.424263765965123,0.5008981210445953,0.020585119953774,0.5031045379811911,0.2685659579185288,0.0882076861406058,0.7512478706036979,0.2291263334663042,0.2099520360258928,0.03729652197159,0.1913231324764524,0.0393737371252026,0.2591759150252811,0.1087987058325377,3.6576480394383593,3.76235461737102,2.48543447821151
W2853,6,0.8835108664691737,0.8436468706407283,0.0,0.0,0.0,0.9497858899528692,0.0,0.0,0.8680729641088133,0.6377700281915908,1.256966942189525,0.4425304236195011,0.0675706093013026,0.5608657017118759,0.1821997180381412,0.2036296789194035,0.6482686188262279,0.1252601449967649,0.2870459483225072,0.0682423924742755,0.1066020949005851,0.0173369690831606,0.0756621658445836,0.137405271848946,3.0744452564882563,2.622229622342957,2.727743656740378
W2890,0,0.4285714285714285,0.4285714285714285,0.4285714285714285,0.4285714285714285,0.4285714285714285,0.0,0.4285714285714285,0.0,0.0,0.0,0.0,0.4285714285714285,35.0,0.0,0.0,0.0,0.0,0.0,0.0,0.0,0.0,0.0,0.0,0.0,0.0,0.0,0.0
W2890,1,1.5908436034734004,1.1445654839291213,2.5692756706896382,1.5771037615812058,3.361906817247105,0.0,2.4111209740175403,0.0,0.0,0.0,0.0,0.9012984063525168,1.0104787537602375,2.1149686959489653,0.8680737100738308,1.547183012308246,3.1381024482834907,3.77744713241996,1.3207291848020484,2.2048585384479717,0.3435180194695636,0.2000009043536979,0.159730990329655,0.2584957706517233,2.5715624330011453,1.4991155560235607,1.1802766697715752
W2890,2,1.7023077473297517,1.1881663180324016,2.953888427389985,1.5441154143198033,3.1195305438032124,0.0,2.8990635080581284,0.0,0.0,0.0,0.0,0.8669943390719612,0.114733181142174,1.1981320552870136,0.3513946219331284,0.7004780145688488,2.2407207374659404,0.9880551769866862,0.622972812556036,1.2504075659001213,0.3858908915312106,0.2259813856279722,0.4449828030459554,0.0794253305437528,3.3935395307341487,2.109501071994554,1.901957390552367
W2890,3,1.937279278373557,1.4110493282119936,3.2469470981919395,1.0822004648029944,1.9704530071009487,0.0,1.7744438342006918,0.0,0.0,0.0,0.0,0.672654904641642,0.2090990725307288,0.6881782956136729,0.1848161506148609,0.2538003177093338,1.4654373202572146,0.3869756863202681,0.4045572759283195,0.4788516540309904,0.2508054866588188,0.0960316422407414,0.2463596212865053,0.0726087545789319,3.353099712309046,2.6211934992445016,2.6112247510622235
W2890,4,1.4161853776161413,0.987286175849693,3.3987128537096467,0.8025745765399288,1.8045768210067936,0.0,1.520327512414621,0.0,0.0,0.0,0.0,0.7266886978523915,0.028174139556338,0.5070812235832789,0.046732565160875,0.1533217456089442,0.9057899775728704,0.1960239897779979,0.2202683163810223,0.2377192990258168,0.1395196717353973,-0.0051185929173514,0.2294827561087896,0.0601592277188757,3.1302065377877293,2.6030501365689407,2.396275133274653
W2890,5,1.040244549939126,0.8214488000088499,1.7334759486975742,0.6042250219172495,1.3328282185030018,0.0,0.9158128030977308,0.0,0.0,0.0,0.0,0.4740234482912495,0.066364273748047,0.259605114126978,0.0952515951135222,0.1458546636627124,0.3890707308339598,0.182884225570596,0.1368415845019578,0.1931401852382227,0.1158063816181872,0.1306986573303708,0.1272128427403646,0.0397796369117848,4.7249143054088,2.349702264749604,2.8059628329219253
W2890,6,0.8716807730001553,0.7095353691423952,1.3727195039389024,0.4380362155261778,1.2269625854379298,0.0,0.7363315213641782,0.0,0.0,0.0,0.0,0.3355645917080094,-0.0166504815103908,0.1850869423996595,-0.0251796232730563,0.0820869101753853,0.408936780853581,0.0894026362830761,0.1157209459720947,0.1926867047446904,0.1275875264593135,0.0509154607222326,0.1102137734951575,0.0177637270334603,5.266968822799416,2.8468240849851947,3.3128457499392043
W2893,0,0.3333333333333333,0.3333333333333333,0.3333333333333333,0.3333333333333333,0.0,0.3333333333333333,0.3333333333333333,0.0,0.3333333333333333,0.3333333333333333,0.0,0.3333333333333333,35.0,0.0,0.0,0.0,0.0,0.0,0.0,0.0,0.0,0.0,0.0,0.0,0.0,0.0,0.0
W2893,1,1.3150986047839242,1.0727750862659764,1.7481698691378251,1.4400639271053404,0.0,1.7929896133272183,2.4626978669711965,0.0,1.3861808295261795,1.7488602033104956,0.0,0.7555849006571014,1.0810304705606828,1.0882536786380106,2.038923430559328,0.9013397441849929,2.7942539819094323,2.654041811012658,1.2139434592725924,2.211350143188461,0.5876739997516791,0.1245980052746442,0.2834172775801779,0.933609955133724,1.07991444962225,2.127267072171347,1.0674783540713229
W2893,2,1.1679153229459778,1.1498902692331594,1.778126252041672,1.037886784026994,0.0,1.5587525241040523,1.9111368052853428,0.0,1.6273562696227413,1.985847883544335,0.0,0.5353740060172391,0.0719111771713461,0.9090969085334004,0.688286982400476,0.3816388251109907,2.4703337228464304,1.0182583998431538,0.8712967322634225,0.7234197119811218,0.4811267574035076,0.2703546318965308,0.2847675962261878,0.9468152274478698,2.3757907648990364,2.7893705808177924,2.288102371931767
W2893,3,1.6503998558959625,0.8849577834476171,2.0004579967470524,0.7872348061770593,0.0,1.524103215106866,1.7863609503565252,0.0,1.3746272865659188,1.4523169993524254,0.0,0.5624077568687209,0.1494432018474155,0.6695762722888803,0.2460575963948447,0.2361550121379296,1.459077939641578,0.4364343566207028,0.4456224068517448,0.298884313408108,0.4829151526983521,0.1878395700831096,0.3565223315611036,0.7989249260586092,3.0404644500679505,3.3587322803463717,2.338336010973588
W2893,4,1.6312940314763122,0.7996056908372897,1.834074784716164,0.5617017470278521,0.0,0.91633664057649,1.1644247075170795,0.0,1.1447974656517004,1.0235430338578153,0.0,0.4405470431926048,-0.0343899783612195,0.4572611028193674,0.1545098204037445,0.284385681377646,1.0993160135717035,0.2012973886324485,0.3055231345911408,0.1869387292930351,0.3555084196578915,0.1588951063338055,0.2943376218484486,0.795492791605889,3.355925645872945,3.4215546730047386,2.927348800391367
W2893,5,1.175347361896692,0.8274077697690245,1.3949066411814997,0.419648030301078,0.0,0.8064360185843805,0.94813645603886,0.0,0.9277394179073724,0.7273246276253756,0.0,0.3910688079038502,0.0699358838027928,0.4389129329579581,0.0661623815689068,0.0829534906730275,0.745515842637992,0.0811954376907587,0.1976994133114432,0.1521375450531538,0.3398061123974511,0.1830320960375364,0.1922687371834109,0.6107402490182606,2.926124434716539,2.934231297379736,2.7991317143603505
W2893,6,0.8009705517934037,0.6180446524671289,1.139633026385868,0.3616645917463012,0.0,0.5140927834364529,0.6320663284194141,0.0,0.8129745938980257,0.5796175256015947,0.0,0.2524427308683741,0.0246418012731421,0.2600724234788756,0.0484393523150889,0.085143456808281,0.5255167855114742,0.064206052699374,0.1532827139878136,0.0310396505183324,0.1463500950180064,0.1227982007799099,0.1974541731299579,0.6606348180369057,3.4699082312574943,3.1362035635334675,3.01396298784248
W2899,0,0.0,1.5,0.0,0.0,0.0,0.0,0.0,0.0,0.0,1.5,0.0,0.0,35.0,0.0,0.0,0.0,0.0,0.0,0.0,0.0,0.0,0.0,0.0,0.0,0.0,0.0,0.0
W2899,1,0.0,5.994159850576901,0.0,0.0,0.0,0.0,0.0,0.0,0.0,7.417496778100618,0.0,0.0,1.4409219908622988,2.111904830611152,5.844463537913756,0.3875564514558847,2.624205032134959,0.978466437544054,0.8774130841919697,0.4884884806421482,0.2451601736634336,0.2111004642163556,1.1861018490058968,0.3773240069425393,1.5116159380900247,1.1796334384511555,0.9979009217006476
W2899,2,0.0,7.009480673087262,0.0,0.0,0.0,0.0,0.0,0.0,0.0,6.451202094048048,0.0,0.0,0.1305633416771935,1.7888109906698717,1.0095348654089804,0.3237513125539917,3.310067245330736,0.3704647620038196,1.129504260251487,0.2236922312616777,0.3702896382686204,0.1252568707357328,1.683050135225428,0.5972681522263934,1.3197914813418636,1.128373490274014,1.9181127198180576
W2899,3,0.0,6.21160634238345,0.0,0.0,0.0,0.0,0.0,0.0,0.0,4.985893389575884,0.0,0.0,0.1344447047018303,1.0173325747360848,0.393754271609275,0.2182103696142937,3.36667436447708,0.0315838167322216,0.8168291634389583,0.1381475233683745,0.3483623806838088,0.1672382224282153,2.2775976720306668,0.6449741399110224,2.258948061681956,0.840076306018219,1.5528881895608555
W2899,4,0.0,4.628993518743673,0.0,0.0,0.0,0.0,0.0,0.0,0.0,3.476044157148492,0.0,0.0,0.0984094860607117,0.6245055962037613,0.1569681873111544,0.2287221765565308,3.7964255872356087,0.0896620097374579,0.610060501174481,0.0256055664834699,0.4310789415091817,0.186702280995282,1.9239558182225271,0.8521026462804906,2.685589900768497,0.7747555086069519,1.9765008247668985
W2899,5,0.0,4.287093800287437,0.0,0.0,0.0,0.0,0.0,0.0,0.0,2.4945577905819403,0.0,0.0,0.0859467124427131,0.417698545268187,0.1036877773028371,0.1160317725731457,3.291341431775833,0.1132087676136892,0.44865888201701,-0.0523346347020143,0.3594558266470029,0.1925672347706087,1.88628520985771,0.815946315194511,2.93974060982592,0.6250159713816458,1.8427988023817696
W2899,6,0.0,2.7117890627862624,0.0,0.0,0.0,0.0,0.0,0.0,0.0,1.776061646483662,0.0,0.0,0.026566286462511,0.3633346418866097,0.1194464187368289,0.0779814830576008,3.8601462963057873,0.0678006144640075,0.4484135015989725,-0.0375971539810768,0.2523452140565723,0.0421335857525053,2.0704686875783795,1.1116013267151703,2.568374347818193,0.4557608331592885,2.351353700334863
W2916,0,0.0,0.5,0.0,0.5,0.5,0.5,0.0,0.0,0.5,0.5,0.0,0.0,35.0,0.0,0.0,0.0,0.0,0.0,0.0,0.0,0.0,0.0,0.0,0.0,0.0,0.0,0.0
W2916,1,0.0,1.5345625987450775,0.0,1.3818644162826283,2.458733927755416,2.6043688235954927,0.0,0.0,2.0354753259602663,2.006690475883401,0.0,0.0,0.5579363869043502,1.7938806918306192,3.610152460624143,2.6316592418231703,1.9906289440321143,3.404073619987284,1.3395753896907248,0.8938147058663667,0.0547580133426723,0.2794134956447962,0.3538769447251933,0.641636321653009,2.5084511632321336,1.9584715035090257,0.7823651702594309
W2916,2,0.0,2.050801910886104,0.0,1.0837347515749856,2.7255895705441087,1.5508725535309127,0.0,0.0,2.692720979208033,2.1833825153748485,0.0,0.0,0.095671353136566,1.8791167837224012,1.9343779762717344,1.5841793178400296,2.948677053831711,1.1701898117613014,1.09434528824982,0.3503893962555758,0.1799245777632074,0.2372286742689199,0.5906210645999828,0.2552008407515091,3.4774336207944865,2.243305425935478,1.3155190145772058
W2916,3,0.0,2.255588612344347,0.0,1.145076754371379,1.9358902934706728,1.375578911847769,0.0,0.0,1.9684200944879704,1.580454904379066,0.0,0.0,0.1407614650599239,1.6208189492073315,0.7982717734302975,0.7889852714132554,2.852365215239967,0.8310908730555991,0.8554838477810697,0.1103909879400972,-0.0251623260271017,0.1076948797272656,0.6345350689547197,0.1868618740129792,3.1082117465454298,2.097854887129126,1.820818375633668
W2916,4,0.0,1.74973879208576,0.0,0.8651542815478201,1.604514689159212,1.2800625758243078,0.0,0.0,1.6871536832161196,1.0520057251936996,0.0,0.0,0.1050638003306746,1.0728193533789243,0.407893114302905,0.4342056166759255,2.448679440678641,0.6735860724396379,0.747124649176089,0.1608311876644982,0.0497768493762377,0.0965521490225145,0.5467690057166441,0.1465027005811821,3.759501961951917,2.2508541282706496,1.909956016001543
W2916,5,0.0,1.1629483084678554,0.0,0.6272419653296205,1.126688282336756,0.8163521296018528,0.0,0.0,1.9612211437557947,0.8555861330214258,0.0,0.0,-0.0503250404714365,1.0612753910285262,0.3726848379405089,0.3340063074854759,2.8897973093273475,0.4143445895859152,0.6613536067076018,0.1591989835419867,-0.0260222439619291,0.0089242872406801,0.3678160462375169,0.0576255781305177,5.376010938520838,2.493169201243819,1.96317363631908
W2916,6,0.0,1.391975678443681,0.0,0.4368330530419238,0.8942826297437437,0.5603548256657036,0.0,0.0,1.229947485732179,0.5161481824937684,0.0,0.0,0.0271683557518931,0.9169680295316648,0.2247165503908837,0.210935333387239,2.7247056780648884,0.251040589765813,0.395238481569522,0.0839989304432439,0.051644765604249,0.0858065662026829,0.4369752222477278,0.0783076322065832,5.597692141860975,1.9458061782668208,1.7924772241525653
W2917,0,0.0,0.0,0.5,0.0,0.0,0.5,0.5,0.0,0.0,0.5,0.5,0.5,35.0,0.0,0.0,0.0,0.0,0.0,0.0,0.0,0.0,0.0,0.0,0.0,0.0,0.0,0.0
W2917,1,0.0,0.0,2.0762348656741976,0.0,0.0,2.605909588903586,3.039147208750139,0.0,0.0,2.450158113970022,2.13100862078848,0.8229558462121614,0.6987578203949312,0.906518185292882,3.762381798997137,1.1055736564568095,2.897153452400315,2.506400847284272,1.295835809742551,3.599490635707977,0.6754822980248832,0.1335723652248381,0.1666497749251521,1.243429940699598,0.9676058449459728,1.2274204191738942,0.5203159316694501
W2917,2,0.0,0.0,3.715986313353665,0.0,0.0,1.991829214626996,2.811184509566016,0.0,0.0,2.302093423896568,1.930737635121074,0.9274548400562568,0.213011043997449,0.7897207389395164,2.408608108446771,0.5143087563970526,1.9948291824543385,1.553340538301936,0.8437342805572607,2.3520023633240594,0.7043293285332228,0.0327332784005062,0.2319976254669158,0.8992487989561218,1.560972875174929,1.9139964010393615,1.3008871368616044
W2917,3,0.0,0.0,3.1223134270534207,0.0,0.0,1.585985331829862,2.198811880682036,0.0,0.0,1.861141440204632,2.1650482216521905,0.8490182157300432,0.1516500082100624,0.798054099163278,1.0863354709186774,0.2673433345036747,1.298052806741652,0.5745629006534372,0.5967130434829391,1.13388900251219,0.6979424282380676,0.1456631712462836,0.3150900335876632,0.7784173206826652,2.0264850242088617,2.2100725319179944,1.832487049518517
W2917,4,0.0,0.0,3.4271261366240924,0.0,0.0,1.1829448040943231,1.6124805463590803,0.0,0.0,1.5245341716259573,1.7973619769563831,0.877705691418019,0.0467278062337278,0.4399757157710701,0.639860253149487,0.1457278380886685,0.8564073876945183,0.4503429171570039,0.3231731001334519,0.8190359216748673,0.5596810881754607,0.0842360341241731,0.1907982327720067,0.5477595473417455,1.9483208396315952,2.044822295125376,2.053734587661449
W2917,5,0.0,0.0,2.358830827213895,0.0,0.0,0.970232019663327,1.4178079342406866,0.0,0.0,1.1093431788383412,1.578255557581716,0.7390443932076161,-0.0191943669983749,0.3589531838933247,0.4678608394407475,0.1325452553037789,0.6732792224584057,0.3013359375879039,0.2353732810860415,0.7938185954158934,0.2663613964993165,0.0740173295366618,0.1348698556799953,0.4118567554823394,2.1893611594203715,2.308608061494537,2.548361668508228
W2917,6,0.0,0.0,2.113381844338995,0.0,0.0,0.9085313522712004,0.9358965387522024,0.0,0.0,0.8303709401064451,1.274083879503335,0.5498133720459212,0.0797851158861359,0.2729240511696059,0.3114152412282061,0.1132060934060897,0.4900887321883989,0.205055277070757,0.0944409872322027,0.4620660798359923,0.3314034407557576,0.0674861115657606,0.1860963687875259,0.4165697836460487,1.9768059379594611,2.5142579138127257,2.723004655061388
W2918,0,0.0,0.5,0.0,0.0,0.0,0.5,0.5,0.5,0.5,0.0,0.5,0.0,35.0,0.0,0.0,0.0,0.0,0.0,0.0,0.0,0.0,0.0,0.0,0.0,0.0,0.0,0.0
W2918,1,0.0,1.5934637184661544,0.0,0.0,0.0,2.830948248120508,2.7485597384635234,1.4192512644060296,2.176266170700038,0.0,2.35110808822636,0.0,0.8735125807761147,0.7779412655104767,1.2102373760392378,1.432088430567089,3.6369476156936336,2.661405878820928,1.2398819350033254,2.735656424466271,0.4466142197945261,0.2890851543829175,0.255902234469109,0.9657732207275084,1.595204348411019,2.557436991622543,0.5469088558346775
W2918,2,0.0,1.7272740605698589,0.0,0.0,0.0,2.3326503999211923,2.727090811979341,1.3687023070721305,2.4712269218208416,0.0,2.476926474955107,0.0,0.0334173919400065,0.9089473572815652,0.6590484437679665,0.8441096430996269,3.257947486015289,1.533119142168055,0.9792528216987666,1.2792051911858502,0.3685449651853139,0.2388166201098296,0.3148771285108252,0.5278195867035713,2.617653564671803,3.8428103652400263,1.2993574887188195
W2918,3,0.0,1.80420264932528,0.0,0.0,0.0,2.112775371317933,1.920089426638296,1.0594332490586098,2.789389276027028,0.0,2.265835829125652,0.0,0.0060304914272509,0.8104781245159816,0.4074461556410722,0.4620368697776101,2.9660639460815448,0.936460678107357,0.5654155890982533,0.4256389194104139,0.3733734305307242,0.3106583399569383,0.3344862612692435,0.4624841016461989,3.3157393862778077,4.127950184928928,2.0137236888581245
W2918,4,0.0,1.5765877929385423,0.0,0.0,0.0,1.552587674322601,1.5820240621816852,0.8141128484383076,1.6718608557697805,0.0,1.7525838046247495,0.0,0.072407375040889,0.6411420135238359,0.3406246622963294,0.3106874102292132,1.9365888599349523,0.801676264068498,0.2493235628297069,0.2190748299802305,0.2877684419985673,0.0940194514615714,0.2735980217139371,0.2408301016394852,3.069389021805633,3.2901836544811376,1.6630393754392676
W2918,5,0.0,1.306676025609004,0.0,0.0,0.0,1.1140134741778909,1.177745383711553,0.7266159888808426,1.6677333781464518,0.0,1.7397170814465166,0.0,0.0610657041848393,0.3175255919150169,0.1321803352716907,0.2203325216754966,1.748429525857666,0.5685629252784242,0.3451052835434172,0.1383750850696312,0.2227484574813094,0.1205386062479527,0.139049056550118,0.1438106656255895,3.4520611526870777,3.312958698877064,2.2965896084667405
W2918,6,0.0,0.941410157553037,0.0,0.0,0.0,0.7949837057858975,0.9750339944695974,0.4621819518879161,1.2489718506590255,0.0,1.6864523309518569,0.0,0.0913135695365024,0.4509828370247312,0.2178901736206443,0.2439332622490984,1.6778610295734695,0.566936830385051,0.1761369935378147,0.0703393834054091,0.2148572256744204,0.1892975676707413,0.1600064629651891,0.1751052527911009,3.548576163750377,3.267769961137519,2.313248196817618
W2956,0,0.5,0.5,0.5,0.0,0.0,0.0,0.5,0.5,0.0,0.5,0.0,0.0,35.0,0.0,0.0,0.0,0.0,0.0,0.0,0.0,0.0,0.0,0.0,0.0,0.0,0.0,0.0
W2956,1,1.7777457478423473,1.4711846209860986,2.5517706615518687,0.0,0.0,0.0,3.4555262080581564,1.7656884088513731,0.0,3.327524004029379,0.0,0.0,1.3063598472372369,1.2655860795009506,1.8614953615025664,0.5626794894387092,3.369157398837472,1.8440168360126588,1.297696120031945,2.556722553727865,0.6461815310317389,0.167543145413453,0.2540389782810186,0.2000445105363071,1.5789817771988262,1.753047330555883,1.3355979619683076
W2956,2,2.673606983540215,1.9891625677424,3.648355581324135,0.0,0.0,0.0,3.4515743537917265,1.9285164283772704,0.0,2.0396477747863573,0.0,0.0,0.1189667440037834,0.9581180107644796,0.4407365162192457,0.4606076471956861,2.437800656767282,0.5205394180355782,0.6975598008303201,0.9095389336392108,0.6956478242985735,0.275757252544753,0.0891960537099958,0.4471155167191572,2.3563077025111028,2.284056998793275,2.967579031733641
W2956,3,1.8677982513312272,1.5825611474116463,2.819511703473708,0.0,0.0,0.0,2.623968740952369,1.2286317919396772,0.0,2.4510928140876067,0.0,0.0,0.1008254967002481,0.5671861978388055,0.1178471177370013,0.178616823624615,1.053238631141436,0.2306480472735464,0.4818875942773877,0.3296410786003785,0.9140574794245926,0.2807649747657095,0.2298263921994484,0.5462503066759746,2.342046753399658,2.048031527032164,2.9988831799738347
W2956,4,1.7028097473209811,1.5412068844214095,2.008386028613651,0.0,0.0,0.0,1.984898122427474,0.7126088686313813,0.0,1.608381568767331,0.0,0.0,-0.0402074507842594,0.4810104839740097,0.0446759147750432,0.0966799812463903,0.8664285189120359,0.0021448700216553,0.2437021076382967,0.1306413114602547,0.6371388785239045,0.2169466318403243,0.2904079359399241,0.5742761700378648,2.9170506987085703,1.867459495580276,3.481142352138895
W2956,5,1.2515635412837192,1.012561110312471,1.7313309540994049,0.0,0.0,0.0,1.5082125737339502,0.6232435160406266,0.0,0.9690190236452438,0.0,0.0,0.1164272588355244,0.201779934711709,0.0468857006647293,0.0601719081143486,0.5781528573114478,0.0157897280592246,0.1940819668856866,0.2108600409670011,0.5344351732163428,0.1097492162773709,0.2087346001085989,0.4638547102507902,3.420972785358971,2.3919773331128065,3.5738461928019176
W2956,6,1.077267064802746,0.8492509838493858,1.4543082296671628,0.0,0.0,0.0,1.1377592456242962,0.5826894815725046,0.0,0.7290264208126316,0.0,0.0,0.018678465097064,0.1650006096929574,0.054534047835239,-0.0078213755148449,0.4169154528042473,0.0076338133502019,0.1522480313317076,0.1164751317358595,0.597432017247181,0.2986092857535671,0.1791620704327195,0.6574237240073967,3.3246415615722986,1.9760461490936592,4.1436427024785045
W2995,0,0.5,0.5,0.0,0.0,0.0,0.5,0.5,0.0,0.0,0.5,0.5,0.0,35.0,0.0,0.0,0.0,0.0,0.0,0.0,0.0,0.0,0.0,0.0,0.0,0.0,0.0,0.0
W2995,1,1.64107925424693,1.841274379891674,0.0,0.0,0.0,1.6596682065471529,3.103638031336659,0.0,0.0,2.913723582829471,1.7533454466826792,0.0,0.9168961396586176,1.250298015449875,2.5010131929601944,1.6428521784850267,2.946710620519186,1.3935885361327387,1.636516523379642,2.46975718624784,0.453611682258504,0.1207363601690277,0.3801380837412078,1.1563298606953292,1.2133429102872888,1.2871115637588082,0.9685060603582122
W2995,2,2.2094256729019963,1.833443504293702,0.0,0.0,0.0,2.1581509982699334,2.3264090423484176,0.0,0.0,2.0622356546597103,1.9437075362644796,0.0,0.115288685934086,1.4922265949335975,0.980805202829983,1.279233988642621,2.6145468600571755,0.4879736188139449,1.5550267160266338,0.7650675142433853,0.3082439956353595,0.0615152754351118,0.3406313235626544,0.7039353240016629,1.73725040749382,1.9559165979105368,1.8752827610912388
W2995,3,1.8848728728161857,1.7147127219157283,0.0,0.0,0.0,1.6286738692800506,2.154082773253976,0.0,0.0,1.4710156166164736,2.544684852664714,0.0,0.1430233022015379,1.216079223272719,0.2761504387512099,1.0550143173382056,1.573503524750087,0.3528329583190638,1.3885663656101466,0.324076745260027,0.315391972616879,0.0667950292461964,0.1998363657899337,0.5060438420585864,2.138745024885296,2.258997653265761,2.2615438500681027
W2995,4,1.843446638736349,1.848116068579026,0.0,0.0,0.0,1.523501386060735,1.6205839223188117,0.0,0.0,1.4069233586426908,2.1003014842964247,0.0,0.1012923986930934,0.951409141214132,0.242588655251354,0.5985950188699682,1.2146786255271318,0.1911198334047333,1.004973493719318,0.1709113104383457,0.3537810608919426,0.1239016846558171,0.2280308101099184,0.4904641733736126,2.550548488134648,2.73953369471168,2.9051091329642804
W2995,5,1.3240115049478725,1.1771601899241335,0.0,0.0,0.0,1.0500023756249124,1.033045137771173,0.0,0.0,0.8972085723713943,1.38584332426489,0.0,0.1345158854020143,0.7302119570949278,0.1770201727771993,0.5750427878438229,1.1078709134460631,0.1272472979638825,0.6238631731769942,0.1424260521885727,0.2318228707410691,0.053745705571461,0.2543048218744358,0.2760537171953143,2.444486783744049,2.121781524687455,2.9651273936921467
W2995,6,1.394455612275706,1.106908062071309,0.0,0.0,0.0,0.7821789466846806,0.9421752853342746,0.0,0.0,0.6185098231387858,1.4363552673420878,0.0,0.1025731017823808,0.5765945563608715,0.2462230353945074,0.3843040331408784,0.6130973455231397,0.0529117880199472,0.6651441440055317,0.1142616748441605,0.2325533461026023,0.1138291637308996,0.136709423215056,0.309229104744869,2.5508452833538025,1.7331038524234956,3.0304521121578736
W3016,0,0.0,0.0,0.0,0.6,0.0,0.0,0.6,0.6,0.6,0.0,0.0,0.6,35.0,0.0,0.0,0.0,0.0,0.0,0.0,0.0,0.0,0.0,0.0,0.0,0.0,0.0,0.0
W3016,1,0.0,0.0,0.0,2.3104587397784075,0.0,0.0,3.354914121577787,1.762318999500657,2.690472118301275,0.0,0.0,0.8789963509648743,1.053294599828042,0.7366502767887615,0.7270324834693355,0.6913449787506536,3.324047719569865,4.61349511608953,0.8224481404145314,4.5907538806522,0.206475347432873,0.3122881122654841,0.1733352724016042,0.2351418134378626,1.593239714800304,1.9230480890638064,0.9797689834198116
W3016,2,0.0,0.0,0.0,2.3581237256148837,0.0,0.0,3.4664690038299404,2.29078224164326,3.4324509669863703,0.0,0.0,0.9886851723235978,0.1038632217926267,1.017439523998368,0.6557400581395468,0.8415988749000999,3.1186412194206774,2.4070570930478468,0.6855977176175856,1.853326843146239,0.1965822162443666,0.446629388259853,0.1156330183967981,0.2483110600543786,2.679108186356992,2.945811608741128,1.563214331744604
W3016,3,0.0,0.0,0.0,1.963400252415166,0.0,0.0,2.6986644401601967,1.5104404096611603,3.2714083306947703,0.0,0.0,0.950988823292818,-0.0047527820214366,0.8152362359179676,0.3807965365185374,0.5509419936219588,3.1773883215602,1.1782079819641296,0.3506312986886209,0.6287853119035753,0.3706595701364287,0.3294186605011883,0.1986963451321366,0.1544555154448101,2.879348333439616,3.561507288512177,1.75633635430292
W3016,4,0.0,0.0,0.0,1.5906352640559518,0.0,0.0,2.253578724534882,1.0884855132413218,2.99295047976842,0.0,0.0,0.604834350244251,-0.029539519253305,0.9050308990494068,0.2129117792238936,0.3785859550794885,3.0481098113142227,0.818620596523308,0.2636898776313328,0.3293103468430712,0.1665488640489443,0.3483254556885405,0.1430166190338937,0.2062307964008642,3.4352662520830624,3.8488050259775566,2.011967899315434
W3016,5,0.0,0.0,0.0,1.0597151020588034,0.0,0.0,1.5288689459609464,0.921807608755141,2.563718666332076,0.0,0.0,0.7428949724098197,-0.1259864799701149,0.5453551117349253,0.1770240016170908,0.2189745153351113,3.5660077600922904,0.5024823332380384,0.2352150157583449,0.19316382830155,0.2046631356233001,0.2408198307345145,0.1381924115661379,0.1962897845253921,3.785318702693271,3.953415991501724,2.689009452368873
W3016,6,0.0,0.0,0.0,0.9118923450986148,0.0,0.0,1.2720077299379289,0.7081027850234264,1.887469673035233,0.0,0.0,0.5484341900809693,0.011442803757002,0.5362241428910841,0.1814052232951613,0.1942213481279413,2.198462376889527,0.5167517696249038,0.1251230555699012,0.1062265507388952,0.1402413301916968,0.25069779048839,0.0709657497722313,0.1613150157829747,2.8290451127571106,4.011883606614658,2.3250401258588917
W3022,0,0.75,0.0,0.75,0.75,0.0,0.75,0.0,0.0,0.0,0.0,0.0,0.0,35.0,0.0,0.0,0.0,0.0,0.0,0.0,0.0,0.0,0.0,0.0,0.0,0.0,0.0,0.0
W3022,1,1.9536059681334552,0.0,3.735589418393944,2.718785479485112,0.0,5.524143873771725,0.0,0.0,0.0,0.0,0.0,0.0,1.1093665480316257,0.9779589383394623,0.9281040172182248,1.0182861046158609,1.8974400803587617,4.219157970316062,1.1335003141695787,1.42440843998914,0.4773812663090451,0.0792384970302525,0.2551077645276247,2.025115073900285,1.6358458505171698,1.659769489856608,1.4613108659533232
W3022,2,2.8039786299454184,0.0,5.150677686945394,1.9809139902504944,0.0,4.188266220371025,0.0,0.0,0.0,0.0,0.0,0.0,0.2224299542266958,0.7649908094100216,0.2667182733127617,0.339449156454943,1.330637907610852,1.4564683479842269,0.6484911634501676,0.7553787089658758,0.4822483027262955,0.0982460962426482,0.2788594237791193,2.616241577509752,2.1862149302564022,2.887609634554214,2.010581632813386
W3022,3,2.5320680627151027,0.0,3.228409898126525,2.2593474620543508,0.0,3.6849559846603928,0.0,0.0,0.0,0.0,0.0,0.0,0.0253210834798565,0.4634528151969986,0.1593149148077326,0.1055302009370829,0.6146731518485231,0.4088294514281265,0.4591303273590614,0.2860181551929676,0.4098737406772052,-0.016625920618692,0.2116781705648666,3.9506472742671424,2.768773325968712,3.1193980394858194,3.241567290921041
W3022,4,1.862033128804298,0.0,3.131228788340996,1.4994124933997577,0.0,2.871177981808021,0.0,0.0,0.0,0.0,0.0,0.0,0.0941879331006918,0.1785706591530337,0.0471976259885564,0.0195734476811852,0.3109298935037784,0.1599499645380461,0.2750039910786098,0.1577686822363218,0.2136415110497067,0.0058226504576599,0.1316782658352167,3.141229361311643,2.3092920710942364,2.9658370906618288,3.027663638598158
W3022,5,1.3152871627492575,0.0,2.6020541133531667,1.116797397762411,0.0,1.9232608400628308,0.0,0.0,0.0,0.0,0.0,0.0,0.062541359424311,0.1741708577374594,0.0499435698720625,0.0222983718916906,0.281078214852157,0.1502634429522731,0.1734047400295016,0.0795905060259969,0.1934748230401296,0.0492921636548802,0.1501650533151235,3.573016961667572,3.016115619197416,3.411459769246556,2.7714573719896887
W3022,6,1.0820271866291715,0.0,1.4507754109106283,0.7118327207010307,0.0,1.1257638406378137,0.0,0.0,0.0,0.0,0.0,0.0,-0.0519323052322361,0.0611940476877026,0.0134482263309399,-0.0518490410016385,0.1041771800795742,0.0860785716225893,0.0867298342541924,0.048631364774529,0.1923679523055123,-0.0268773036453227,0.0975549615388247,3.264060603663964,2.8644854030147417,2.7457188628607025,3.139841314747003
W3030,0,0.0,0.0,0.6,0.0,0.6,0.0,0.0,0.6,0.6,0.0,0.6,0.0,35.0,0.0,0.0,0.0,0.0,0.0,0.0,0.0,0.0,0.0,0.0,0.0,0.0,0.0,0.0
W3030,1,0.0,0.0,3.415133153555003,0.0,4.312736652788725,0.0,0.0,1.8894918444376048,2.34219310063573,0.0,2.186595264211162,0.0,0.7430806437111834,1.9784905369404893,1.894870862007358,1.939629489365445,1.539813508804927,2.616894143109393,1.0093410449951647,1.8715102449110264,0.5425061725994309,0.2070126992719109,0.2544604599400923,0.1962700816347874,2.587422780923317,3.006006819154466,0.5821015246530287
W3030,2,0.0,0.0,3.619999771812597,0.0,3.3694571697895297,0.0,0.0,1.465789928198596,3.074654835735842,0.0,2.2309945874073422,0.0,0.1663076238776021,0.9640214991635012,0.7125519408878302,0.4332352820853051,1.2454633054875035,1.3347636498250872,0.27587399298258,1.2033199398188787,0.4263342381268603,0.2292040048461198,0.6123445667975352,0.109439084891921,3.392466471535721,3.698622284018664,1.1560488011689838
W3030,3,0.0,0.0,3.125607643723089,0.0,3.0488472417128065,0.0,0.0,1.4283178821237117,2.1483861040568115,0.0,1.9019612315150625,0.0,-0.0278621265841215,0.5159428382804333,0.4483867607891691,0.1208066943810587,0.802378380205428,0.5281671850898683,0.211103706790029,0.7346304955705829,0.2728718796054233,0.2507001467693265,0.6151077921602753,0.1272135322185182,3.407909231505684,3.8700947535533934,2.0523712891696766
W3030,4,0.0,0.0,2.460264722769716,0.0,2.113540497140507,0.0,0.0,1.028485511703061,1.9990486133612289,0.0,1.8162840038814063,0.0,0.0101950472176459,0.373135503649843,0.2420374526513657,0.0951335974681436,0.4249671123976331,0.2099172307514403,-0.0119947170185181,0.3631557986026444,0.1387691697742933,0.1526297778090043,0.5789100922519487,0.048248363798765,4.491645236314273,3.9879666062199743,1.7327372015664255
W3030,5,0.0,0.0,2.2730359345660265,0.0,1.6846071309903965,0.0,0.0,0.7701708903171302,1.6989546525993795,0.0,1.470273880062493,0.0,0.0535232170390339,0.1444426755339087,0.07798440923763,0.0752585259814881,0.2582229681177495,0.1681569967416438,0.0785854610633136,0.2113136986086471,0.1196333470308583,0.1335352322023606,0.6214574339578545,-0.0131615060943865,3.7724611217220487,4.808767199678008,2.2072525280908235
W3030,6,0.0,0.0,1.305639457206789,0.0,1.012472740515015,0.0,0.0,0.6056519079400576,1.0518396268534662,0.0,1.3126837312853714,0.0,-0.0111592430384933,0.1884693538800535,0.1467718880304246,0.0655371315956481,0.2651015784688696,0.040083535769136,-0.0251153102365082,0.1968582758538427,0.1199064792279178,0.0929728993334,0.4842504359578711,0.0736895083870289,4.1587566824096935,5.15358126585373,2.005074038971895
W3031,0,0.0,0.0,0.0,0.5,0.0,0.5,0.0,0.5,0.5,0.5,0.5,0.0,35.0,0.0,0.0,0.0,0.0,0.0,0.0,0.0,0.0,0.0,0.0,0.0,0.0,0.0,0.0
W3031,1,0.0,0.0,0.0,1.583586843129663,0.0,2.7170434101227325,0.0,1.5984820427858566,2.116321615001409,2.6029897371649406,2.0730978220408005,0.0,0.7028170349865642,1.0779118186142154,4.333532935735797,1.8593655843058656,1.85610016064421,3.3353214501093547,1.2980914357559308,1.479132153986853,0.5363193434387069,0.2230016791628523,0.2167243355750108,0.9174656885872234,1.628806444984949,2.452033188796983,0.974767545640944
W3031,2,0.0,0.0,0.0,1.3553586716955417,0.0,2.585044220897088,0.0,1.3928791968433052,2.7790782667893152,2.529692487481886,2.264287029514948,0.0,0.0469386942085221,1.4411310978837737,2.851833557846508,0.9326880314451234,2.122636381917436,1.4291121083610454,1.1257480963511086,0.6946969071575367,0.2427103656200169,0.1996927444466068,0.3305278918655545,0.6867859150598109,2.2108897076035934,2.6115882950533305,1.5606199633124174
W3031,3,0.0,0.0,0.0,1.155872240053626,0.0,2.042512921319701,0.0,1.2228151140388168,2.694830185388517,1.8805851828929767,2.4916478111780167,0.0,0.0024165038697851,0.8466131933117812,1.669138714666438,0.6591483991373593,1.8920982249970164,0.8056269587275222,0.8078292677339358,0.3054656761464663,0.2183577920980159,0.2667592905818604,0.2729407874536307,0.4524759941202748,1.9501595482155367,3.122221498095012,1.8119905983932032
W3031,4,0.0,0.0,0.0,1.0145288285161862,0.0,1.3585113577530574,0.0,1.034784158882746,2.2464053641128485,1.510729050715097,2.297419023088991,0.0,0.0742139162011764,0.7813196066112498,1.079269183644864,0.3768171436998509,2.1453967248988977,0.5947732480773561,0.5955597037392856,0.2456784207171643,0.2019892779129856,0.2901571663454851,0.221703554489381,0.2825999459305289,2.8721591730976224,3.1742302669812723,2.3010615548727418
W3031,5,0.0,0.0,0.0,0.5940382360033704,0.0,1.078287714341804,0.0,1.0219627710218688,2.0537548771090623,1.0950590698433382,1.6384669129881586,0.0,-0.0042389788362494,0.5433172335303438,0.8196375044307599,0.3179991307506232,1.534850199437822,0.3789386942400004,0.4974872554515942,0.1677211766516474,0.2040532059563733,0.1741141584953492,0.2617482081907016,0.2206544189560925,2.796493565259241,3.8452144959174106,2.414746636567687
W3031,6,0.0,0.0,0.0,0.4569343718550159,0.0,0.7771533709144631,0.0,0.767683273707386,1.5349190210703971,0.7908754818763434,1.516953114365164,0.0,0.0083659540943721,0.6264051850050913,0.5901495016649497,0.2290905740231013,1.2413318338710295,0.3511372732686115,0.1443696031594661,0.2043226047972204,0.1293481236966084,0.0677749288576793,0.2047645029275697,0.21352650766297,2.925699350197648,2.7812163096021734,1.940558305379932
W3040,0,0.3333333333333333,0.0,0.3333333333333333,0.0,0.3333333333333333,0.3333333333333333,0.3333333333333333,0.3333333333333333,0.3333333333333333,0.3333333333333333,0.3333333333333333,0.0,35.0,0.0,0.0,0.0,0.0,0.0,0.0,0.0,0.0,0.0,0.0,0.0,0.0,0.0,0.0
W3040,1,0.8918250479125565,0.0,1.8042390134400832,0.0,2.455680422287432,1.2605132097590734,1.6819580454006662,0.9729643713329618,1.4147744361753718,1.5736484263165855,1.4556303695593469,0.0,0.7950727104566162,2.148647210624348,2.791418035711472,2.287929894747991,2.2852229003595403,2.1731712521992472,1.445089409549307,2.585459126830431,0.3717760308554095,0.2235740634890957,0.331890289824929,0.5485188105678285,2.499137930152587,1.8425060538152964,0.8159220737772698
W3040,2,1.506391721218463,0.0,2.065735112056855,0.0,1.6691485343917476,1.3912888986553755,1.3237318644037046,0.8519182384369122,1.809875862412404,1.4072994907972334,1.239578826110998,0.0,0.1536834947416081,1.5459071055560674,1.0286221504543929,0.8047286909001665,1.643232465676978,1.069598098655849,0.7776666646021886,1.2239839227431355,0.281113347233193,0.1967677905875008,0.3024063821543177,0.2561668966488057,2.557835367825076,2.4378686572072725,1.700076560936437
W3040,3,1.4072758211129972,0.0,2.085996714857815,0.0,1.6620304175415368,1.0571654300671474,1.3423848949423536,0.7794012298100604,1.5368533870870416,1.163590833774107,1.143310636709241,0.0,0.0750453620415574,0.9733021118947992,0.4806066991420928,0.3436989980865647,1.2260896496152494,0.4502201760850491,0.4424251739860411,0.5200652600850695,0.1715890109030642,0.1532626509948454,0.3808774904239859,0.1630059496787641,2.880946788916696,2.8519689915645885,2.5530578534743738
W3040,4,1.2846131654743755,0.0,1.7795016183701404,0.0,1.3026209477299835,0.7394483355185444,0.970285624450455,0.5409967983699691,1.1809960594274165,0.867992375990727,1.0131676862115884,0.0,0.0683384423538818,0.527025437049685,0.1541762417192815,0.2201682753813144,0.6694594508703229,0.2555083114250273,0.2584465936804752,0.5061679608349081,0.1386238583608467,0.1859645501743405,0.1758018391189005,0.0741547076665547,2.896047262923698,3.128597553499923,2.6740419506605946
W3040,5,1.0760227547557728,0.0,1.6415307964393924,0.0,0.8817332915377837,0.7127881850050912,0.6592226763897,0.4078829643924211,0.9427119444012626,0.6266134747828993,0.8972322836398376,0.0,-0.0378934381375155,0.4172531422578816,0.0696696792815466,0.0656909596244189,0.3401846541762633,0.2044177627507723,0.2176420901293246,0.3202638479997858,0.1219674782796557,0.1545592176912049,0.3483190244008732,0.0461417608221815,2.9550314347719318,3.5769165081745755,2.6837051367932125
W3040,6,0.7510285366705834,0.0,1.3503395551840796,0.0,0.6660062363954539,0.5109046212767926,0.3939922061642043,0.3046571859727646,0.7672920252772232,0.4560075114034068,0.627401911876372,0.0,0.1433180625754624,0.3381170783449282,0.2035784588219911,-0.0190523796141569,0.4272720523545703,0.1352133872110103,0.2164174205717515,0.1217006106483189,0.0728733848252622,0.1134654375833807,0.1622602428196967,0.0316082643321642,4.0391389884004045,3.4112499607741515,2.6361287559482776
W3060,0,0.0,0.0,0.0,0.0,0.75,0.0,0.75,0.0,0.0,0.75,0.75,0.0,35.0,0.0,0.0,0.0,0.0,0.0,0.0,0.0,0.0,0.0,0.0,0.0,0.0,0.0,0.0
W3060,1,0.0,0.0,0.0,0.0,3.138734626417409,0.0,2.9806665356902124,0.0,0.0,2.6731249680218414,2.651160186787256,0.0,0.2686120974399862,2.512841847915018,6.188732423814672,3.62054875161318,2.3436179760655467,1.6349780293980387,1.680792490836512,2.9887403559981034,0.2790414910696444,0.1413716032087351,0.1344596115873427,0.0553264861339679,1.7572346434609405,0.7762083957258669,0.2324395067273939
W3060,2,0.0,0.0,0.0,0.0,2.9379003058430166,0.0,2.993469121934844,0.0,0.0,2.7423111998437077,2.8054676232143256,0.0,0.0807571809237223,2.622133462020828,3.439036141072519,2.459450051416215,1.7651609611078616,1.0975687005537365,1.5657822549073876,2.6729000404864065,0.1883378356815438,0.0460630891988185,0.1566853744451269,0.0101322548412064,2.059665312157566,1.5039254195887382,0.4346408265007803
W3060,3,0.0,0.0,0.0,0.0,1.9267475417397704,0.0,2.633545510189652,0.0,0.0,2.392821103510196,2.9965705193056604,0.0,-0.0253805512434313,2.655274637639933,2.1814593240238587,1.9946353330317717,2.160045752013082,0.8760481104318776,1.151758320427173,1.8971902893186343,0.1538408697781227,0.1598318750438294,0.228671920982022,0.0427380225828439,2.076273432669827,1.5116947861513268,0.7650648105019963
W3060,4,0.0,0.0,0.0,0.0,1.30403739499684,0.0,2.1045966603194244,0.0,0.0,1.3621858174054204,2.441547566653977,0.0,0.0533699552558247,2.440358745030152,1.8978829869586744,1.4051251163833738,1.422626401521209,0.6387312634751597,1.0921932632113218,1.6251180266349223,0.1020663314310186,0.0766484328593981,0.1563302219144199,0.065028313206943,2.389760711381137,1.5516842680944023,0.8718299822207035
W3060,5,0.0,0.0,0.0,0.0,1.0474294008807017,0.0,1.5747782545000082,0.0,0.0,1.0984254947576666,3.2339790562473123,0.0,0.0796300744088768,2.794223221056174,1.9091997260352425,1.2115873316151775,1.4911865590922546,0.4839439077730653,0.8284236268644761,1.2275547680345178,0.1853341235603637,-0.0850698017683022,0.2428666535290509,-0.0233479601863841,2.8046243813707625,2.033059370414407,0.9597869840044778
W3060,6,0.0,0.0,0.0,0.0,0.8353646981522385,0.0,1.3794382692421596,0.0,0.0,0.8911820226936747,3.116319261852393,0.0,0.0354563405770586,2.3743381937564823,1.5518599887765532,1.1092230212860807,1.0466477655344604,0.4439714669712128,0.976476349392918,1.19019626450279,0.1590869479153301,0.1200664024547495,0.1891419080005617,-0.0258237268278488,2.547954386622641,2.0395813298991654,1.0345343553854949
W3069,0,0.5,0.0,0.0,0.5,0.0,0.5,0.0,0.5,0.5,0.5,0.0,0.0,35.0,0.0,0.0,0.0,0.0,0.0,0.0,0.0,0.0,0.0,0.0,0.0,0.0,0.0,0.0
W3069,1,1.528629168930238,0.0,0.0,1.855365158976952,0.0,3.190080335683708,0.0,1.5808272875219658,1.982234050884212,2.816595855658644,0.0,0.0,1.0845204434263531,1.408803139658829,3.690559020858297,1.1769929734008873,2.1598861338365487,3.266865178741539,1.5877584319497964,1.1963874727590238,0.1052915571534778,0.2815330464743334,0.2273564862427003,1.112259235091395,2.5160080167447827,2.393605334679114,1.3283981647343537
W3069,2,2.101907810316307,0.0,0.0,1.5987626043417935,0.0,2.288658431962761,0.0,1.7108485546790322,2.257712866359047,2.39866932726771,0.0,0.0,0.1286708412208488,1.4183697714117665,0.9971725693064954,1.098460190517509,2.18984755258696,0.7648505187188368,1.3518114859154304,0.4271465063579981,0.1382713021921389,0.2190512657838115,0.2735345754293874,0.9841296697020874,2.926065076345156,3.0004633908038705,2.4037092322495366
W3069,3,2.2431887356477267,0.0,0.0,1.2053794213885445,0.0,1.4698469974320068,0.0,1.4254739612987886,2.628340673564063,1.7538411561368157,0.0,0.0,0.1415121771485392,0.9309219513177062,0.426835167664203,0.636953656699957,1.6255331750298074,0.3643291814072116,1.1237844304749305,0.1578788752814092,0.1694873082045177,0.1126560754113643,0.3019503776373541,0.7045890480800834,2.7853913682655844,3.5378222375744404,2.417902975040908
W3069,4,1.9950803366059189,0.0,0.0,0.8527015683577968,0.0,1.4487015104365808,0.0,1.0647567273867855,2.0120545968029875,1.294765578287865,0.0,0.0,0.0319265570115033,0.7408586620980602,0.0919629856228349,0.5359098780950404,0.9910723202441788,0.1122174541651661,0.8747055400909743,0.1922453773705028,0.1198129375925608,0.1951325944100094,0.2212709351096768,0.6821732964913774,3.960854464872572,3.928919352956776,2.9716832270231817
W3069,5,1.495457812688993,0.0,0.0,0.6451814142948187,0.0,1.2554938442532708,0.0,0.7022433839145985,1.8055261637852889,1.080332265628737,0.0,0.0,0.030443128471672,0.4968363717065934,0.1262434687728771,0.355109067756637,1.1047573509701014,0.1259793251002126,0.5367689198502799,0.1043276613212941,0.1640850124719494,0.1595355114227522,0.1820891990694992,0.4438464703128335,3.33340316649292,4.095980568469653,3.039662465641016
W3069,6,0.9821886083522088,0.0,0.0,0.571787642352271,0.0,0.8838884498226905,0.0,0.5489615888839808,1.6991593588811171,0.7446394325615217,0.0,0.0,-0.0082611684872427,0.5025403004115532,0.0813485440383253,0.3475510113688243,0.8440630356796052,0.1096947581476896,0.5948488764296427,0.1068784568457931,0.0888111825746166,0.0046326671015556,0.2258661937396082,0.3780074246328322,3.0169913218310844,3.991154069952613,2.8772096265268194
W3082,0,0.6,0.0,0.0,0.0,0.6,0.6,0.0,0.6,0.0,0.6,0.0,0.0,35.0,0.0,0.0,0.0,0.0,0.0,0.0,0.0,0.0,0.0,0.0,0.0,0.0,0.0,0.0
W3082,1,1.7602148609280936,0.0,0.0,0.0,4.062118105874172,2.5696198136297745,0.0,1.732511318666516,0.0,1.8547268024917496,0.0,0.0,0.6896547351964694,2.6986319228943207,3.630994764008869,3.726664704324792,1.8557317429687232,1.1204466065149958,1.631793981202561,1.4064190194611292,0.1124112210649221,0.2823813022293327,0.2173361943932914,0.4759295332412477,2.6472382976601825,0.5663813572529818,1.0583612740680366
W3082,2,2.067159931400256,0.0,0.0,0.0,3.56580079895455,2.15096320146525,0.0,1.7165289359469516,0.0,1.854690786156232,0.0,0.0,0.1080122923179871,2.370896550094228,1.4751345995425955,3.731044506436384,1.677045721374315,0.6224221119807565,1.5645279825306353,0.792977410603156,0.0556490861588173,0.1126235637803361,0.1814398596633974,0.1835670438877668,2.84208454371003,0.9062324497671737,1.622523859162302
W3082,3,2.4965346141745632,0.0,0.0,0.0,2.3797358081065134,1.7605456150633922,0.0,1.995534547666613,0.0,1.3751523545849844,0.0,0.0,0.0930589114428197,1.7389084842805786,0.5842331690021757,4.167936704578266,1.342591064235431,0.2383845634816417,2.270306266413592,0.3692952256424848,0.0005737664048447,0.0416044188372776,0.0949417047380817,0.0256416970722293,2.891396541933889,1.4034258085506182,2.2109662009513777
W3082,4,1.6240172890985172,0.0,0.0,0.0,1.7757984893190253,1.2224676615644046,0.0,1.4692212307252808,0.0,1.2185633418288977,0.0,0.0,0.1198097244869784,1.5233188719102049,0.2161297933222593,3.712214590811153,1.426483909035686,0.0870904495150484,1.7547387359326776,0.2708441323980906,0.0648826114031287,0.0956785650583646,0.2051466078458397,0.0477824961097379,3.553767609231091,1.5332520489254733,2.694570681536636
W3082,5,1.855701792492023,0.0,0.0,0.0,1.2731148040811635,0.9467165436539352,0.0,1.26164046980709,0.0,0.9433703468307204,0.0,0.0,0.0395268182331526,0.9467584358942676,0.1345297325957569,4.082610577405255,0.8686015107747536,0.1274505658258932,2.287791685196757,0.0929683754434762,0.0170688188154006,0.0401297435422236,0.1204961918429898,0.1185348314177072,3.4185558553582,1.389661658031304,2.5805570057365954
W3082,6,1.566385123853181,0.0,0.0,0.0,0.9557641257769028,0.6443272570574776,0.0,1.2379925099309552,0.0,0.5581463010558445,0.0,0.0,0.1265486086854357,0.8274372176256193,0.0696724216697795,2.9639936310849677,0.8782119648245809,0.0496660443640643,2.011806157461358,0.111539833460276,-0.0036398309396226,-0.0402143785144316,0.0955658435947447,0.0989852398719635,3.4782663311709325,1.7009399056271584,2.677557542266817
W3107,0,0.4285714285714285,0.4285714285714285,0.4285714285714285,0.4285714285714285,0.0,0.0,0.0,0.4285714285714285,0.4285714285714285,0.0,0.4285714285714285,0.0,35.0,0.0,0.0,0.0,0.0,0.0,0.0,0.0,0.0,0.0,0.0,0.0,0.0,0.0,0.0
W3107,1,1.3582621011388512,1.231870730837529,2.084014253435091,1.919350975742244,0.0,0.0,0.0,1.605310762622675,2.3687817014563266,0.0,1.7790112664670217,0.0,1.9566165560161943,1.0260809172643153,0.8642111682515556,0.7667109965996922,1.74773493736262,3.639486516452063,0.8144463742953598,1.1080166287332471,1.3350568833670995,0.3792496499729929,0.3114876805105924,0.3038610148680718,1.942055290756508,3.1969157179498007,1.029295175954713
W3107,2,1.6265535066162728,1.3506001586002876,2.5147525862030253,1.5620555933892286,0.0,0.0,0.0,1.3619964131398836,1.966602523937213,0.0,2.158936480491126,0.0,0.1774787271295216,0.7157635153565143,0.2963555141838752,0.2960031622159578,1.12221789491334,1.191386637077298,0.5715546974501219,0.4699710940793257,1.646957905152401,0.6714212683300352,0.4207823283610344,0.318658183248823,2.232927397693235,3.7549130826840487,1.7131720696691466
W3107,3,1.5228246576023914,1.3145326267394328,2.669652253975465,1.181729884916582,0.0,0.0,0.0,1.068623773503349,2.3577549683209296,0.0,2.167288232760232,0.0,-0.0182146406228138,0.4434196479460489,0.1009813771651343,0.1247866125057696,0.7037388176748531,0.3882706031097057,0.184047788822007,0.1270175050004743,1.778734047997073,0.7753634412001225,0.4732745123294253,0.2761681941325317,3.3012917288670747,4.0122831716927605,2.5707275555132028
W3107,4,1.1169499025945149,0.9049708023141632,2.05698565665551,0.8381558276457821,0.0,0.0,0.0,0.9187776591956436,1.6904335092159968,0.0,1.5385323012284964,0.0,0.047734264616536,0.1849254640200688,0.06051258537902,0.1136752708487754,0.508661241422469,0.2279636162751005,0.1858180147079986,0.2174074626908057,1.1925645351874683,0.6574890330989639,0.4187482935572213,0.2650139658101595,3.5610055108768965,3.5976584581427664,2.3659765243106574
W3107,5,0.8927545691652853,0.5833119282559206,1.5857268126830095,0.7462981755992193,0.0,0.0,0.0,0.8209780882246461,1.283889844762931,0.0,1.2972301413995957,0.0,0.0155278073309852,0.19486757538814,0.1487539690538867,-0.0234059073842693,0.2935408966881991,0.0761296781735444,0.036669169265181,0.0239746687781729,1.2583535692714354,0.6240801382586103,0.3588883398200134,0.1496568727558396,3.82177540187266,3.4621435803397023,2.4514456461099807
W3107,6,0.6424954937774061,0.5419467429589478,1.0860519033805205,0.5618544807882788,0.0,0.0,0.0,0.68634723949317,1.0416044424814142,0.0,1.0437858040034311,0.0,-0.0805982692011183,0.0481487836166482,0.077014424029058,0.0280439342747446,0.2331812253122826,0.1202227643816047,-0.0098519346009912,0.0334550335677219,1.0334270764454443,0.6840696323645367,0.424530131838877,0.2011223154555959,3.0460737916108034,2.9057428954468767,2.581451239195739
W3153,0,0.0,0.0,0.0,0.5,0.0,0.5,0.5,0.0,0.5,0.5,0.5,0.0,35.0,0.0,0.0,0.0,0.0,0.0,0.0,0.0,0.0,0.0,0.0,0.0,0.0,0.0,0.0
W3153,1,0.0,0.0,0.0,1.5275270426213332,0.0,2.612159150758851,2.7696389576025373,0.0,2.341542845440545,2.519507395800253,2.0456755996088134,0.0,0.620639237241097,1.1187875527704436,3.4149697058850883,1.4279004548941063,2.7777849583271337,3.506867906545937,1.6114476494289285,2.255965784902667,0.4235345739069937,0.3275321947858023,0.2731518764733453,0.8234611517439265,1.2069343946517654,2.1521231179021174,0.6248366841923397
W3153,2,0.0,0.0,0.0,1.3286541773099192,0.0,2.0663162841334355,2.170954793043918,0.0,2.333304692273177,2.1098901966929704,2.1154621122861257,0.0,0.1139409371551374,1.3838702359683115,2.336685201990096,1.0220060289932595,2.767112067241256,1.668842964817548,1.0720760876603264,1.0289241891633387,0.4903765360219799,0.2305961797631206,0.3476430097130192,0.6075994247082339,1.9582502314538388,2.2502665672520186,1.305499482198245
W3153,3,0.0,0.0,0.0,1.0192629247050495,0.0,1.5045917885788516,2.0164287777745056,0.0,2.4169528214764977,1.7476839488305866,2.1769780389508573,0.0,0.0132145733983931,1.5192058835163595,1.289354551778806,0.5453410372498587,2.307989213512613,0.7521608349604636,0.6903519881508403,0.5433761352069831,0.3719375909246798,0.2172199307126534,0.289252852119692,0.3717980624644849,2.1915576004945825,2.884198255227047,1.943577472909325
W3153,4,0.0,0.0,0.0,0.6321412915112528,0.0,1.1763217417600105,1.8969203980937497,0.0,2.1069190855665325,1.2924904905955663,1.6291463793898586,0.0,0.0059524570859638,1.1989598565515804,0.8561495505660031,0.4348009882681852,2.013700638948308,0.5333935825013465,0.5814704257320334,0.3153997371021809,0.2476121921079443,0.1683965541880825,0.1714742809136555,0.3871519411175143,2.319518327718181,2.802588557321739,2.225363464612188
W3153,5,0.0,0.0,0.0,0.527928657282826,0.0,0.87453794549324,1.1707101402246258,0.0,2.0850343282181987,0.9000334324689893,1.5001008341937585,0.0,0.0127054332701524,1.2099686095778808,0.7446233662876318,0.2882733741719397,1.5304308674258944,0.447814472596417,0.5031945959163827,0.215184002262616,0.2014731764160908,0.1611613508813782,0.179762010607126,0.1692685004604703,2.328100762453512,2.9244553231515757,1.9741576268658636
W3153,6,0.0,0.0,0.0,0.4524246691190754,0.0,0.6568241964699463,0.9025998412706528,0.0,1.9014917337526465,0.71875049575464,1.4599517224680838,0.0,-0.02539735007835,1.3065351120519486,0.5176127973573834,0.2356712418312856,1.4145536713414706,0.4460672955162712,0.3486050832297214,0.1377305038883871,0.1918965541031091,0.2075084921595047,0.2154836786529289,0.1602755529831567,2.7116690787017474,2.9753144840039654,2.1250986132239125
W3186,0,0.6,0.0,0.6,0.0,0.0,0.0,0.0,0.0,0.6,0.6,0.0,0.6,35.0,0.0,0.0,0.0,0.0,0.0,0.0,0.0,0.0,0.0,0.0,0.0,0.0,0.0,0.0
W3186,1,2.241378109899019,0.0,3.4332656902496006,0.0,0.0,0.0,0.0,0.0,3.208457298117648,4.568947304518409,0.0,0.9653327754582882,1.7698905779368437,1.167315520809881,3.240934353395278,0.3269616829421146,1.8142042350074212,2.2859840407999097,1.067418004985101,0.7141414232351213,0.6526065001367582,0.2281154655475229,0.2702998890076447,0.296785586287806,0.7706648232726737,4.224435494531453,1.1594509605469765
W3186,2,2.8783920237921343,0.0,4.551178252960512,0.0,0.0,0.0,0.0,0.0,2.974801884126028,4.463500228407147,0.0,1.0577001609268537,0.256266616114657,0.9524629043867108,0.8547813642734379,0.1680757399505374,1.4391333035828895,0.5158209452575414,0.5181633639906211,0.2996362519378538,0.5939950470393479,0.2974603847165658,0.4054728043837257,0.4559295047134882,1.7246264994073646,4.872274316094214,1.8276114318124872
W3186,3,2.300522205739705,0.0,3.1876010128751817,0.0,0.0,0.0,0.0,0.0,2.317783543874919,3.445762076716559,0.0,0.8285363225806789,0.1254410147171677,0.6419940498173046,0.2475882665750393,0.0947824610216098,0.6560498332489954,0.1267898723990599,0.1478460909856329,0.1904791391040219,0.5873861363040765,0.2056447122144925,0.4077527782158974,0.3462871642102754,2.609977412678131,4.881311447907497,2.7624791914651827
W3186,4,2.246315382986212,0.0,2.5673279683177253,0.0,0.0,0.0,0.0,0.0,2.224788522424768,2.2849698473826288,0.0,0.7602991764143541,0.0124970211872388,0.3532612313279913,0.1353758588342219,0.0118463863206595,0.3506629581590242,0.0313656442038198,0.1756475045959593,0.0677563930263348,0.3992877246039706,0.1740123681875721,0.3365265115859662,0.2923218285298188,2.1313483545944427,5.61782732741298,2.2868542741282525
W3186,5,1.321316892656469,0.0,2.138401428646973,0.0,0.0,0.0,0.0,0.0,1.8455164575798104,1.4793273069759747,0.0,0.7035452782393958,0.0073098582324554,0.2141663088331294,-0.0060474083242319,-0.02167172338447,0.2045859456063539,0.0451436504730552,0.0544038869170972,0.0209977788787956,0.3874687879763487,0.1423536242293615,0.2190168989822154,0.2177250477482302,2.6727958311894526,4.854651822436511,2.9093016088560986
W3186,6,1.017989315633537,0.0,1.546160565906868,0.0,0.0,0.0,0.0,0.0,1.0699765448390768,1.216672984390064,0.0,0.6221961424027361,0.0241495113337797,0.1703670343824145,0.051015585388623,0.0312497541875328,0.0905920963860469,0.0289060223275034,0.0569370982801267,0.0663883898899008,0.4012944890139333,0.1595791967469294,0.2415775178087355,0.1770629052492729,2.175251256271729,5.906098607498231,2.709582087603399
W3236,0,0.375,0.375,0.375,0.375,0.375,0.0,0.0,0.0,0.375,0.0,0.375,0.375,35.0,0.0,0.0,0.0,0.0,0.0,0.0,0.0,0.0,0.0,0.0,0.0,0.0,0.0,0.0
W3236,1,0.99100169559992,1.088478951687947,2.1843006025195626,1.272954981584974,3.5803927020744606,0.0,0.0,0.0,1.3868034180283924,0.0,1.756343686129348,0.8561481179924247,1.4229131510112634,1.99461882198646,1.1329101170033102,1.9925919930348333,1.4788992100948466,3.8171973349931503,1.0994122340058246,0.9433172969299652,0.4486094310886888,0.2143717525003352,0.3225107202264436,0.2158353842875641,2.599987405766024,2.8428532072107706,1.0039290829799763
W3236,2,1.3694662293960889,1.2524197376670283,2.462478254376049,1.2992065647867834,3.470994172118945,0.0,0.0,0.0,2.072545900502388,0.0,1.6717499566265397,0.7574080275746274,0.1406476988455418,1.4106871587736547,0.6352754824359887,0.389216182213278,1.2619725345543795,1.6067224372838766,0.6169780654155428,0.5643788978194165,0.4589831751789759,0.2660909875112743,0.4332643542245808,0.2336823981770883,3.698293973821636,3.628856321764135,1.567908432906178
W3236,3,1.3602967671185502,1.2924928451521414,2.844183819199554,1.1813109560345976,2.4946641170827566,0.0,0.0,0.0,1.6604615554132134,0.0,1.4256310421719844,0.6672182107995744,0.1176393095771356,0.6810472574853205,0.3024900266019701,0.2199556488928085,0.6550103214382363,0.5249482522423439,0.2535849123214218,0.3582630823784508,0.30603598312038,0.1408040824374329,0.5183994797391274,0.0710846574030318,3.601476376324988,3.818549474180285,2.1916318665235397
W3236,4,0.880947594125099,0.8701467493400324,1.820391985673888,0.6927413663371733,2.0754782752418435,0.0,0.0,0.0,1.1286938105337685,0.0,1.099596593236606,0.6735374472887192,0.0053946617231628,0.3605197424531832,0.1636414114527323,0.0202672884089213,0.6680957663780691,0.329280488421964,0.1304873456913737,0.1206166311655711,0.1558415143465391,0.200777887299572,0.484147057151171,0.1177037690257249,3.865532893661257,4.469038653627939,2.081483858972821
W3236,5,0.8330829241981975,0.7809477585371408,1.5276176989689894,0.5781480858300789,1.4248598870147615,0.0,0.0,0.0,0.9287944020217622,0.0,0.842911818981593,0.4901830732500723,0.0746342546363776,0.2758056432802261,0.1882099299907425,0.0920839012709259,0.3246394480914339,0.2242062127279676,0.1279188172068567,0.1110000079975619,0.0559929275334498,0.1430187011758597,0.3411156488668724,0.0420181973458062,3.45857080379556,3.869698433573536,2.0783513160702176
W3236,6,0.5692107732935571,0.603919582645405,1.1432424713986482,0.4644672030627156,1.1515778890274548,0.0,0.0,0.0,0.6291735718596629,0.0,0.8606873619314285,0.4249280089480223,-0.0158575942828991,0.1964822776766462,0.1236843433914467,-0.0137752003734497,0.1962321166132652,0.1532317957370067,-0.0063025752227782,0.1088006277536945,0.1277973895924151,-0.0101681098340146,0.4048285392018583,0.0604250158052127,4.347768354501637,4.068530080504891,2.3678896626879102
W3261,0,0.6,0.0,0.6,0.0,0.6,0.6,0.0,0.0,0.6,0.0,0.0,0.0,35.0,0.0,0.0,0.0,0.0,0.0,0.0,0.0,0.0,0.0,0.0,0.0,0.0,0.0,0.0
W3261,1,1.334718203210775,0.0,2.6624410119349444,0.0,4.007018736339009,2.845860123375903,0.0,0.0,2.2031121175639474,0.0,0.0,0.0,0.7239130258299143,2.6850897125347237,1.442601622980994,2.236599280641244,1.5255822213842198,2.3524638068879264,1.0783856920794863,1.3673716239093971,0.2316140295273969,0.366199318821218,0.4149723924925052,0.5422339909310765,2.3621799673433714,2.8678703127573644,1.2845380286306516
W3261,2,1.9423855600492612,0.0,3.281551693578935,0.0,3.4464800355848784,2.243530067819314,0.0,0.0,2.204414042001868,0.0,0.0,0.0,0.0901740969774231,1.3201332611042094,0.3741203198959126,0.5481459508796174,1.3286820845114908,0.9231343989165864,0.6589497752757354,0.8231768775785008,0.2061567486703136,0.2818021563822626,0.5024764893888757,0.268329290215229,3.775776064980376,3.994466673883908,2.397092939713707
W3261,3,1.6763825472103555,0.0,3.273180293843648,0.0,2.540462942206383,2.0417770447090837,0.0,0.0,2.2011855864648604,0.0,0.0,0.0,0.1148914117227289,0.657983972179144,0.2937700545855102,0.2345964666176735,0.7302747592095121,0.2916601080336896,0.3101370970486556,0.4354197875771255,0.1094737211312084,0.0981064044483612,0.4659932868828761,0.0988824081329954,4.078305320213935,5.026869496435187,2.409070091604777
W3261,4,1.2432538804235895,0.0,2.8232249680804182,0.0,1.6628639541255736,1.672237640389837,0.0,0.0,1.4032432827615438,0.0,0.0,0.0,0.0484935531884842,0.4301629573522715,0.0966505852315781,0.0808452276490072,0.4328362778519118,0.2231301563622875,0.0677658099031413,0.1983494771001061,0.0883883627623685,0.0113215024713596,0.4250466621104818,0.0896711107356337,3.878560646616228,5.415446554364385,2.009866514219385
W3261,5,0.956310971473382,0.0,2.155690148755673,0.0,1.3830655222560018,1.0671394928443998,0.0,0.0,1.2916265860466178,0.0,0.0,0.0,-0.0445386284726673,0.3168313768750127,0.103204347685059,0.0628961603026926,0.3082999533460712,0.1268204366355715,0.1028911285548552,0.1313002876779798,0.0803438605579406,0.1073403560255142,0.2917621505780526,0.094233831369375,3.715869763005932,4.308430467145587,2.806488225549116
W3261,6,0.8539998623952261,0.0,1.735801489749114,0.0,0.9386370944827008,0.8392780271833741,0.0,0.0,0.8257789763979315,0.0,0.0,0.0,0.009249202360534,0.1090276978332266,0.1037729659432712,0.0126291193521838,0.1980142342507898,0.1504874316949759,0.0741190042182495,0.1222526544545427,0.0153299564916735,0.0757262416299616,0.2184735253203615,-0.0300640483332267,3.894032117491908,4.415421700339735,2.4781191453651017
W3270,0,0.0,0.4285714285714285,0.4285714285714285,0.0,0.4285714285714285,0.4285714285714285,0.4285714285714285,0.0,0.0,0.4285714285714285,0.0,0.4285714285714285,35.0,0.0,0.0,0.0,0.0,0.0,0.0,0.0,0.0,0.0,0.0,0.0,0.0,0.0,0.0
W3270,1,0.0,1.2351463736125758,2.361525581376192,0.0,2.7881176953446265,2.1121045597733743,2.111007721772276,0.0,0.0,1.6252393097931352,0.0,0.683981207845139,0.5918511981188309,1.985298706567707,2.469781300221876,2.0187686675732954,3.4348008787605844,2.0765545504806147,1.1720044405312569,2.339346236450364,0.239685543144334,0.2044331812614184,0.2491322634507266,0.6899544712154374,2.0231829489730595,1.3721093590371811,0.771541109217346
W3270,2,0.0,1.994179209585284,3.4518907100347818,0.0,2.5252172747474253,1.5909471819648855,2.286970293956627,0.0,0.0,1.5236209938562255,0.0,0.7896920109696761,0.1615908850958486,1.1816598498071604,1.150854767561845,0.655906978559358,2.858859785932361,1.275335765265414,0.7785511862045746,1.691274741400841,0.3553239878812564,0.2855179496959691,0.4241864442065619,0.2701204053577621,2.699132275131804,1.9112649652724285,1.3869107519315118
W3270,3,0.0,1.7434977151734594,3.3880939775034578,0.0,1.9624008658297905,1.3773117792665168,1.5835956233151636,0.0,0.0,1.3697311097018623,0.0,0.6732042351931328,0.0681793439324209,0.8119025520723729,0.5215623867709158,0.3211664715983301,1.959506561364782,0.5776218255528724,0.542541114227644,0.855982976742574,0.3344912662892571,0.0882778935987639,0.2430949031710903,0.1827418120655334,3.2835294007163847,2.140013403449505,1.912520965217992
W3270,4,0.0,1.627979396159358,3.6122956206189354,0.0,1.4559669146720453,0.9631234117606928,1.043475454352264,0.0,0.0,1.1386584195596143,0.0,0.5964348403068327,0.0232802120844181,0.5357421125985474,0.3017299562673786,0.1718534526699585,1.7198125975588827,0.4198389119669297,0.2612338382257126,0.6565565343916174,0.1906368285973932,0.0812777657231945,0.2074816733006386,0.1784095098889294,2.961992208119435,2.2706743956108246,1.8265573918496645
W3270,5,0.0,1.2272531686540975,2.481952462997681,0.0,1.3951286482226608,0.8743864897403139,0.928729496416341,0.0,0.0,0.7843991062157286,0.0,0.5132209715510309,-0.0093042606892647,0.3966643070888128,0.0908552860739093,0.035393738238951,1.0968056554474963,0.2349753738875946,0.2341799901615553,0.3907617699693416,0.1518728176237315,0.0682897095423357,0.1066571045901381,0.1599881360214023,3.2610108867052867,2.3230363649108803,2.5559553298017708
W3270,6,0.0,1.0534012725117068,2.104943383826332,0.0,0.9074098652246918,0.5503296963352975,0.6757994209398391,0.0,0.0,0.6137950666942555,0.0,0.4172420056343481,0.0530186145474081,0.3323610482056265,0.1294989675870257,-0.0153888698364442,0.8145873430088603,0.2282894150982419,0.0928860003142849,0.2906991765103068,0.2161745165757081,0.1208896967188606,0.2050117983962018,0.1195021136146674,4.2726475436474685,2.0780429813486267,2.758939378924477
W3291,0,0.0,0.5,0.0,0.0,0.5,0.5,0.5,0.5,0.0,0.0,0.5,0.0,35.0,0.0,0.0,0.0,0.0,0.0,0.0,0.0,0.0,0.0,0.0,0.0,0.0,0.0,0.0
W3291,1,0.0,1.6879245973147037,0.0,0.0,2.5299869741578664,2.11928290726991,2.5374851655667494,1.5399934201740428,0.0,0.0,1.833178256055064,0.0,0.537132777869744,1.7277169343124834,1.458772484885142,2.8458257244697687,3.476210970515984,1.7929795283034806,1.584742899615261,4.203656503444815,0.2118086539696254,0.2986659118438161,0.2758800446111372,0.3760065605975913,2.42739523617848,1.231271664101273,0.4483027496400953
W3291,2,0.0,2.0394443091172243,0.0,0.0,2.582886812994606,1.940812428167142,2.0257371176608907,1.345302426164245,0.0,0.0,2.2084749018542564,0.0,0.032669350707247,1.410887817122452,0.966832110983712,1.977278249124488,3.775944347069151,1.6063318702100018,1.3129028111978265,1.993225689199408,0.0796697507161467,0.1386331510384826,0.2184124821107625,0.1925791335192987,3.10214033865796,1.6568979959378147,0.9416997546946192
W3291,3,0.0,2.3685790415596157,0.0,0.0,1.7625018365395768,1.3844199618159376,1.746230855995706,1.0812801596681898,0.0,0.0,2.2717015223596877,0.0,-0.0145520543334771,0.9970600512416,0.6244690142705333,1.32753742420649,3.707533028422393,1.1928123496398344,1.0943323365603927,1.076860428602538,0.0437954185531103,0.0911232241536242,0.2325605162184984,0.085066112691885,3.2112071118692924,2.144061509559553,1.4633716575457174
W3291,4,0.0,2.3980537520030887,0.0,0.0,1.2277757224920902,0.8430352900425522,1.2073663565667805,0.9725676394656732,0.0,0.0,2.268119682934337,0.0,0.0462343235295439,0.8977328271892497,0.4948015740950557,0.8440628286972306,2.6720999011133744,1.058002895898434,1.0431779995762118,0.5268020962533282,0.0862788830474749,0.0375175104722251,0.1253559862511845,0.0668236361692554,3.7929999657203113,2.3623805969402047,1.189336747209237
W3291,5,0.0,2.266757126651185,0.0,0.0,1.1379535625690884,0.6277651772446905,0.6798653140641877,0.6974345482856631,0.0,0.0,1.9890385927888408,0.0,0.0007568279383806,0.5421476604360824,0.4413338896698504,0.5397378484956552,2.878492836583579,0.8939017220902448,0.7806514795042917,0.3901013607002523,0.0361699139174076,0.0968907333322565,0.1910713830452331,-0.0187303466289027,4.210877596536632,2.351886392888623,0.7709879117371123
W3291,6,0.0,1.7523007036641591,0.0,0.0,0.8772987640863772,0.528547916673336,0.7564726155415211,0.4876148537564376,0.0,0.0,1.526961520832537,0.0,0.0448339207045622,0.5490320581811484,0.1823908716557357,0.5349664390772473,1.7628825516901037,0.9050832951176718,0.4282855291026614,0.2188168362723659,0.0875188785957686,0.0505046221235123,0.266516635562293,0.0947558116745785,3.5227708217805547,2.3388746234626985,1.5841821982473034
W3365,0,0.6,0.0,0.6,0.6,0.0,0.0,0.0,0.6,0.0,0.0,0.6,0.0,35.0,0.0,0.0,0.0,0.0,0.0,0.0,0.0,0.0,0.0,0.0,0.0,0.0,0.0,0.0
W3365,1,1.8361424221918,0.0,3.3318661417057336,3.043539141427796,0.0,0.0,0.0,2.315913536301588,0.0,0.0,3.226073577462841,0.0,1.855975389371741,1.2572256164318156,0.9524069327370296,0.9868737004319412,1.914964657205712,3.636235690660397,0.7947514870276289,1.8436859144088065,1.857903065152396,0.2457841435180487,0.2659928774718484,0.095513425275396,2.412621264063307,2.0753035194444016,1.3886188663933887
W3365,2,2.4471250392637374,0.0,4.673159775363507,2.3347846684137084,0.0,0.0,0.0,2.137159139384896,0.0,0.0,3.273657654952567,0.0,0.2367765215954589,0.6757862992169307,0.3266698240073235,0.3968828593833398,1.033257812385867,0.8692209589527438,0.5548081148206148,0.5835495434226099,2.638890390748879,0.3363950201410327,0.3237026798237545,0.2249019210389477,3.519072927258133,2.316026658893088,2.6912992488649685
W3365,3,2.140657925307821,0.0,3.5735378544882828,1.9256349017469063,0.0,0.0,0.0,1.7513899545305331,0.0,0.0,2.9546504881128373,0.0,0.0139250389093469,0.3319272722884694,0.1094908979714514,0.1641557859242038,0.4397743264546757,0.3013195239555462,0.2156625309868861,0.2883193065850372,2.442692326067673,0.3038172405257778,0.4193115208489483,0.2652449196974841,2.601134992837787,2.4391844570856804,2.187398891598777
W3365,4,2.040358405311553,0.0,2.630528272372918,1.4386389681263243,0.0,0.0,0.0,1.4216454584651803,0.0,0.0,2.0153804653282994,0.0,0.0172843977881654,0.1049881627847126,-0.0057296268394884,0.0234916028256886,0.2953744058211162,0.2673103572865293,0.0719453005625734,0.1948378928452467,2.9742598923772845,0.2764758336317985,0.3094065202754921,0.1923410156725362,2.617554901136101,3.3487304972842797,3.1116366549433847
W3365,5,1.2246959280211256,0.0,2.337169271957378,0.9227726203221644,0.0,0.0,0.0,1.0198424960440824,0.0,0.0,1.561156155828329,0.0,-0.0458040970286625,0.0843341016477744,0.0271624552746923,-0.0065127367265318,0.126733469924182,0.1447827709471388,0.1266504510704334,0.1557511204576471,2.929077245199086,0.2534943440440979,0.3064584464384666,0.2625935598219072,2.845537257417332,2.8510413610682663,3.013012030041163
W3365,6,0.9372873094754536,0.0,1.9157602621725245,0.6946769508349794,0.0,0.0,0.0,0.7240524971399397,0.0,0.0,1.3814793614267806,0.0,-0.0150323716542467,0.0574336123071931,0.0290284617612222,0.1523668194788238,0.1450033484132233,0.0979289319922719,0.0908486764432073,0.0365696549613645,2.6886082231117907,0.2971488926468401,0.241084671972405,0.0707857289369438,3.294420236246749,3.093714585618558,3.287935771965622
W3374,0,0.3,0.3,0.3,0.3,0.0,0.3,0.3,0.3,0.0,0.3,0.3,0.3,35.0,0.0,0.0,0.0,0.0,0.0,0.0,0.0,0.0,0.0,0.0,0.0,0.0,0.0,0.0
W3374,1,1.2545897216097106,0.9186206778430082,1.4038195151005144,1.03794722959416,0.0,2.173693793426243,2.0527031424076223,1.0648629345300784,0.0,2.042767170879607,1.2325245729958958,0.555731369537382,1.268059906704562,1.1588217724134338,2.3657683247294674,1.2438258710322774,2.9639386667783,3.3047150815572297,1.1241610558323591,2.5490806271896207,0.5646063477265956,0.2361797766255022,0.2290174648514732,1.0200163911647613,1.5475696177145877,1.4048251364415467,1.1248267028847776
W3374,2,1.6552906205962397,1.2280503546610393,2.202947064478012,1.0668420744897054,0.0,1.7376806913194045,1.6670673396313418,0.7907876038160551,0.0,1.719996271671126,1.659311643973705,0.6714768974012999,0.1168941228878867,0.9365877567918314,0.8839397361456842,0.5113098692609559,2.3103003717390878,0.8749655622389649,1.0080170740604433,0.9041697287995653,0.5650149172246292,0.1711894195270712,0.296212558040987,0.950424791453388,2.0455343686095824,2.1829498799950104,1.9567475434359376
W3374,3,1.5460083453550593,1.076396500239312,1.7119192714872566,0.8322841979541447,0.0,1.4578246248518807,1.7225012944009463,0.791567206886584,0.0,1.38336681374333,1.4727325733221936,0.5536049106040558,0.0525488640295053,0.6314321134517712,0.3574188602061933,0.3271504675889078,1.274367399427567,0.5326813022876299,0.682965365260252,0.4814178034568717,0.5970852512854155,0.0551084748718845,0.2416745681906976,0.664556113368467,2.570634735396702,2.590940119680304,2.846446567555373
W3374,4,1.4872569480332924,0.784231485563434,2.050425905461832,0.6404123789138269,0.0,1.1311142264736929,0.9751927944683036,0.6053397303640387,0.0,1.0899086237720286,1.1933353262404671,0.4327825974181413,0.0703685312097991,0.4860122154446994,0.1373521353367324,0.2122446188206227,0.9719879635908824,0.1604887767017422,0.3167635493071176,0.2474856053537818,0.4832194100494804,0.1464421905927855,0.2258773184882109,0.5711280815652389,2.721132550898553,2.2551908341041624,2.809962932264096
W3374,5,1.101201148392332,0.6987747523069552,1.403596289107865,0.4784708273678815,0.0,0.8361728489500806,0.7689684671677417,0.4579000678160808,0.0,0.7084686854248717,1.1417547131887351,0.3703306555348268,0.1502943236615186,0.331405796324098,0.1160895900087441,0.0892652066109631,0.7733907990910844,0.237666878875942,0.3226778526191787,0.1193775455093356,0.4337886685049746,0.0406533284405974,0.1585477538614543,0.461120913570612,2.7307218670719293,3.162774913890039,3.1707378992842057
W3374,6,0.8156004244655305,0.5268416673387019,1.3716123683285744,0.3123384817735797,0.0,0.5556272461624869,0.5039538547542861,0.3427066656174409,0.0,0.4730009697642313,0.7553357698314712,0.2796424285739196,0.0939434771097029,0.2151562892598131,0.0416804394046682,0.0692245331926157,0.5116479788535105,0.2059296285028286,0.1508700182576927,0.1197983328584501,0.2516226932268715,0.0559222667209709,0.156502651579177,0.4839623335649868,2.5045615266739034,2.527411581744926,3.5857568809326903
W3400,0,0.0,0.6,0.6,0.0,0.0,0.0,0.0,0.6,0.6,0.6,0.0,0.0,35.0,0.0,0.0,0.0,0.0,0.0,0.0,0.0,0.0,0.0,0.0,0.0,0.0,0.0,0.0
W3400,1,0.0,2.417038893979917,3.26312212744024,0.0,0.0,0.0,0.0,1.7768739640379536,2.819196779934035,3.662422969041188,0.0,0.0,1.4227504165150715,0.998767060926022,3.676390505529076,0.4176683813054873,3.097829827300809,2.197822664210719,0.6914321092019613,1.21704050687296,0.6574273699866255,0.3003289947160463,0.2513722224846659,0.3501725840055287,1.8488938215030344,3.3059051274662528,0.908909304047332
W3400,2,0.0,2.390376183267,2.944584276781764,0.0,0.0,0.0,0.0,2.188429228392009,3.0620386220185067,3.148966148954496,0.0,0.0,0.1375239058207235,0.6457520613526685,0.9952815269492188,0.313324238391226,2.2081664724343355,0.575187842806157,0.7000502340924727,0.5520718314469936,0.8549097931787618,0.4801900316747171,0.5945972693804596,0.4108447749175211,2.734480538370074,3.348142603287121,1.7362878878012191
W3400,3,0.0,2.243467301761106,3.2567142247337624,0.0,0.0,0.0,0.0,1.613714939236334,2.405823325705031,2.5358919411347256,0.0,0.0,0.0643598211589426,0.3751250107551012,0.257346772766903,0.1196813214558204,1.509100340802361,0.2990903479660335,0.3235297453551899,0.2472920542696169,0.5577702488385767,0.605918452196428,0.5559150777946329,0.4691470681013514,2.6672887206299176,3.1566959807890984,2.159802234437769
W3400,4,0.0,1.5692076198250704,2.097729615059185,0.0,0.0,0.0,0.0,1.3405897258182595,1.9929437939397896,2.069928947978595,0.0,0.0,0.0554193459984183,0.3389504691011874,0.0783359219502813,0.0894471147213056,0.908641407574446,0.2008788315106165,0.1938148828328555,0.2026677873411845,0.5471992941595744,0.450556248143875,0.4739782053380416,0.4171447019697305,3.064276835675696,3.1804241755002334,1.7941112048008294
W3400,5,0.0,1.39379761760202,2.22215057855571,0.0,0.0,0.0,0.0,0.8924384785108945,1.568788106200176,1.361975153593587,0.0,0.0,0.0252620091432981,0.255105141134016,0.1131348967294622,-0.001854595327574,0.7549041453793818,0.1038540266927692,0.1235086502720333,0.0746429182171517,0.5314213867551466,0.4502471059168674,0.4747427425252048,0.3030401593697223,3.216132969683944,3.005110839788166,2.1320497224784214
W3400,6,0.0,1.1535279862735324,1.425045540889183,0.0,0.0,0.0,0.0,0.7572232414222139,1.0952994873181503,1.0583861108215415,0.0,0.0,-0.0118518683046621,0.1631768026610817,0.0911583518677414,0.064848474769404,0.6018252600455812,0.1356963186129108,0.0935446515800727,0.0839036269583389,0.4177752082046405,0.3327462392137506,0.3784125272078552,0.3744855319142527,2.7588591005324705,3.3057596063486687,2.5857135064426378
W3410,0,0.0,0.0,0.6,0.0,0.0,0.0,0.0,0.6,0.6,0.6,0.6,0.0,35.0,0.0,0.0,0.0,0.0,0.0,0.0,0.0,0.0,0.0,0.0,0.0,0.0,0.0,0.0
W3410,1,0.0,0.0,3.034669576561737,0.0,0.0,0.0,0.0,2.098477163066267,2.639043731670082,3.071832233698109,2.5108161783572416,0.0,1.2114568409857818,1.1135611828947782,4.364399454285637,1.1646946614892526,1.9504885592771737,2.987696450935568,0.8588246186461203,1.3927405432780116,1.1065118674709915,0.2706874536746798,0.1213365383578886,0.0654569876377126,1.3754470427074157,3.6260291164039153,0.7276332640493742
W3410,2,0.0,0.0,3.674928728262231,0.0,0.0,0.0,0.0,2.181707396642939,3.161223623730236,3.411351609306885,2.045646269891123,0.0,0.1053863408103525,0.8788457712759205,1.7796234352256828,0.409732179849504,1.3964565384911256,0.7392096568312426,0.6711740845346889,0.7567687398081542,1.1209796452530814,0.5637794846672796,0.3139391570862119,0.2697868986215525,2.1204841851163763,3.728096549555549,1.582757626727494
W3410,3,0.0,0.0,3.226541824170808,0.0,0.0,0.0,0.0,1.6938613372643223,2.392883415780389,2.515163804231539,2.276000762112713,0.0,0.1079120405804711,0.458876189025324,0.7764352412214337,0.1499089205601223,0.8450363570456298,0.3580916591527701,0.2538849396812475,0.3053790685668721,0.7259136038961775,0.5084156519227303,0.4411006578217589,0.2346442213853467,2.22106783218176,3.9435352773999366,1.8710617542616688
W3410,4,0.0,0.0,2.641199858334407,0.0,0.0,0.0,0.0,1.0709566054851145,1.9886989172696283,1.9418528901600025,1.6888649488033245,0.0,0.0454678333566177,0.3335106933295574,0.3858342536585057,0.1248697920714411,0.516668544407075,0.2257421226998267,0.0779492412479892,0.1572434184918159,0.7643455535587504,0.4694537711361676,0.5737672104338456,0.2552666416286318,2.2422600536727533,3.160104626475258,2.155883005618957
W3410,5,0.0,0.0,1.9618302315707372,0.0,0.0,0.0,0.0,0.8703899132535245,1.8221410451750768,1.296318237155458,1.4588278215486397,0.0,-0.0165412961045682,0.1722402166515796,0.2203884172701471,0.1407959306839843,0.4258972724152318,0.1086645914102706,0.1568132699010355,0.1684896425271431,0.632303560143264,0.4069757660060052,0.4115287193676535,0.1444875155630696,3.003911662286839,4.014367203444798,2.84332986226362
W3410,6,0.0,0.0,1.7450295127122304,0.0,0.0,0.0,0.0,0.7978545325891455,1.518363071777847,1.0218789120319898,1.4254311584291577,0.0,-0.0262415918164444,0.1043992401737353,0.2054122566626557,0.0825654773386322,0.2963572555876475,0.0495231700052673,-0.0377926016447374,0.102355031017987,0.580434619073606,0.4359380586349323,0.483242869816486,0.1799863164972019,2.346337432086313,4.017740991512982,2.401157930219634
W3453,0,0.0,0.0,0.5,0.5,0.0,0.5,0.0,0.5,0.5,0.0,0.0,0.5,35.0,0.0,0.0,0.0,0.0,0.0,0.0,0.0,0.0,0.0,0.0,0.0,0.0,0.0,0.0
W3453,1,0.0,0.0,2.5197054856525978,2.1525749751752143,0.0,3.3214246659046185,0.0,1.908143717275148,2.604894110346919,0.0,0.0,1.0601946893161471,1.450994612887031,0.7191409639376655,0.8544614616100338,0.8479548763780529,2.262384096799216,4.43125254664747,0.6297661709242393,1.7960623938536822,0.7043172694355875,0.2529006688168941,0.2570594729885574,1.7395763314691046,2.0301433398629984,3.022207629206956,0.8868688426551693
W3453,2,0.0,0.0,3.570672001612659,1.9218720235761688,0.0,2.980752204473587,0.0,1.548175124947031,2.513704355768897,0.0,0.0,0.8844544203713304,0.2130618219375837,0.7062479819456009,0.5725936680760645,0.4346197746294887,2.067499243253802,2.362416232596318,0.4419015369096925,0.8887485717902099,0.7297001024218941,0.3495249666511726,0.330355497097253,1.2155592709604928,2.2543691765952376,2.690467200271007,1.6815228606367632
W3453,3,0.0,0.0,3.355825038983197,1.477507138710931,0.0,2.145403505503157,0.0,1.3585283023249006,2.385103313151057,0.0,0.0,0.7406781688954884,0.0793780777178973,0.4397977074807464,0.3810888599474285,0.1408735100853371,1.0996201279815718,1.115813119029204,0.2730346257021863,0.5616754674045187,0.605667861049211,0.2690078486941004,0.2452279776955575,0.7350711460278089,2.999394800610516,3.833826174661663,1.9236173473071605
W3453,4,0.0,0.0,2.7243698151216,1.0941962913484258,0.0,1.6828430917216846,0.0,1.206621798622408,2.018264678501661,0.0,0.0,0.679220900795895,0.0392747243000007,0.3415731371629513,0.2148950998199269,0.068863774830862,1.0542704726794114,0.5918388580765527,0.1823594640378671,0.2326855899531529,0.3575231095956959,0.2502960743876263,0.200070421659988,0.685078930263675,3.85085143506065,4.661566183912236,2.4139718658632696
W3453,5,0.0,0.0,2.199280360620055,0.8149608694697591,0.0,1.5473389151825927,0.0,0.6958177196779192,1.697872051512934,0.0,0.0,0.4484789630632171,0.0762892924665399,0.1603537562907899,0.105540613443689,0.0603126433762366,0.6145337636985483,0.2938125821407469,0.0198088771306923,0.2409989241598333,0.3216079051349737,0.0799995235578118,0.1244210815949287,0.4440089117691039,2.727842131596708,5.3031124602348925,2.422361560000843
W3453,6,0.0,0.0,1.4507527502177098,0.5969649144392218,0.0,1.0734995373827634,0.0,0.5499016861892834,1.4626743693397046,0.0,0.0,0.3890151701802987,0.0284713715356046,0.1153229890912588,0.0461626580831223,0.0379573974203349,0.419342385894799,0.2613484858701191,0.0401122928910701,0.1964268296139624,0.2602823252251827,0.1230411158134087,0.1141424954361877,0.338600695557106,3.908598202730669,3.604780254007476,2.5201999766062624
W3532,0,0.0,0.4285714285714285,0.4285714285714285,0.0,0.4285714285714285,0.4285714285714285,0.4285714285714285,0.4285714285714285,0.0,0.4285714285714285,0.0,0.0,35.0,0.0,0.0,0.0,0.0,0.0,0.0,0.0,0.0,0.0,0.0,0.0,0.0,0.0,0.0
W3532,1,0.0,1.2320211405275223,1.8694309801893727,0.0,2.677508120155385,1.630883705048139,2.262080669834838,1.3821802848376064,0.0,1.9679841454971791,0.0,0.0,0.6150062546302135,1.5585541351861716,2.6131855076066373,1.926029610710984,3.805437233888372,2.238505068468392,1.1365130644246977,3.3568396580420807,0.2681167975873598,0.3339405905652397,0.3022405481973416,0.6376321454207143,2.0262775305980685,1.229567753422114,0.57947331836247
W3532,2,0.0,1.8454207687607944,3.4808879430365844,0.0,2.524839782159667,1.426307787217205,1.7961996725910176,1.0897250345886202,0.0,1.630566048121357,0.0,0.0,0.0944760733414195,1.2465961491381972,1.0752821411256597,0.7997702536095659,2.8698648857706286,1.0093339954728222,0.9003752037184635,1.7848904460517812,0.308744486448871,0.239733973265186,0.3121706463866754,0.2913881618089922,2.8410724140693007,1.8451194000021347,1.2955787557102358
W3532,3,0.0,1.8483213937217369,3.221906327366924,0.0,1.924419840305581,1.075045792920166,1.3081635653657089,0.924087249228969,0.0,1.3177703801326608,0.0,0.0,0.0806683039340638,0.6950978068270095,0.3911303752049993,0.3656041492584896,2.370887112002524,0.6083090438035397,0.7374415485177696,1.0270296095403093,0.3627042245227835,0.1893785623468339,0.2882626317430255,0.1908714530660181,3.418144566178771,2.217200329421327,1.91763260874737
W3532,4,0.0,1.445203053449564,2.503632553802013,0.0,1.2619923976759326,0.932104575760899,1.1268278525474091,0.6822187807436237,0.0,0.9499555190330516,0.0,0.0,0.0606685168785748,0.4213557115703979,0.2532176492554813,0.1540235823654396,1.7636266444514672,0.3693590904512306,0.3498044279188377,0.5735012700735154,0.2832110591254461,0.1548732362306691,0.2745424534950079,0.1233773392116267,3.3674054466520538,2.18149411489678,2.571040206582099
W3532,5,0.0,1.183488203599241,2.3398478512390493,0.0,1.155685333455096,0.6781847122355371,0.8454368502918177,0.5180090232157315,0.0,0.8327803195115296,0.0,0.0,0.0289327930914437,0.2352086785018013,0.0633263442046699,0.1303907245111428,0.9867573621616116,0.2265144030281077,0.1587486925790666,0.4595215277746365,0.2293863983032412,0.043812600197032,0.1648802383274956,0.1588214263308703,4.9398099546195535,2.417303022067493,2.7390796040514003
W3532,6,0.0,1.1949480041606624,1.7806995652636264,0.0,0.8757353560091329,0.5851303688750943,0.6065750732311445,0.4132942686402259,0.0,0.5514806027829375,0.0,0.0,-0.0157258188500283,0.2149709020040316,0.1067589357421356,0.1235600144625995,0.938676562451682,0.2421372997305839,0.12578084201987,0.3714987929972709,0.0796705169529028,0.13181231511501,0.2025643548967616,0.0853410850043051,4.146868277324983,2.240797146646991,2.489060150350939
W3542,0,0.0,0.0,0.6,0.6,0.6,0.0,0.6,0.0,0.6,0.0,0.0,0.0,35.0,0.0,0.0,0.0,0.0,0.0,0.0,0.0,0.0,0.0,0.0,0.0,0.0,0.0,0.0
W3542,1,0.0,0.0,2.4823216616185224,1.9719960949157165,3.7999515518168736,0.0,3.098522255067253,0.0,2.072967399233157,0.0,0.0,0.0,0.6128220087037692,1.5273875771285004,0.9580425841504971,1.3841745813242885,2.87304171062718,4.476174841107365,0.9146018306152692,3.4053248271669454,0.4079340607272098,0.2560900404547936,0.1962252218987615,0.1656418287706348,2.3457760097453764,2.2928949795176994,0.783812412605108
W3542,2,0.0,0.0,3.9543212815873674,1.7827809016253957,2.945817947356164,0.0,2.369551634435977,0.0,2.242638463212685,0.0,0.0,0.0,0.1215338453562553,1.1008754874245836,0.6390721290962125,0.6373778931812281,1.7615275439100324,1.6386258844444777,0.3718712536669838,1.6159197717107228,0.4898546659524193,0.3226726270612322,0.4430919326041235,0.2308939218823003,3.213629209232066,2.8969529596168093,1.6066759623302216
W3542,3,0.0,0.0,3.565896066616792,1.2445176181226854,2.4257005285690845,0.0,1.775708413544178,0.0,2.439588225698602,0.0,0.0,0.0,0.059223110361613,0.7650452503930156,0.3075124700825195,0.2821537834589483,0.9611900093167344,0.7719007873166563,0.1928758022307282,0.8483951840830439,0.3565014800861882,0.29134008471502,0.4660687393166349,0.0954911546403182,3.535059211657254,3.899887194900279,1.7934725246916123
W3542,4,0.0,0.0,2.9955569734210434,1.0956591751016342,2.1955333256872454,0.0,1.7474968018672343,0.0,1.8984937821131973,0.0,0.0,0.0,0.0605698734125326,0.4823357291772338,0.1686203601547715,0.1237578886136771,0.7207312257730935,0.5910640725172621,0.1136180809954914,0.5419909669765991,0.1952478452018732,0.1901971331016696,0.4892519379677876,0.1844317483469952,3.5078284694473347,4.19090881213829,1.6254763302720685
W3542,5,0.0,0.0,2.1819423545932235,0.7504454114556898,1.5888190898538364,0.0,1.1388871847677486,0.0,1.7664294577925022,0.0,0.0,0.0,0.0693446197264711,0.2639095701880168,0.1063700979028885,0.0560498472808846,0.6391390888823985,0.3155134917438857,0.1013246186024903,0.2686610569841416,0.0607289579457385,0.0961493680853898,0.4981277542979272,0.0346215890416773,3.1142957720864715,4.233974051814386,2.1250689297858245
W3542,6,0.0,0.0,1.866688091632528,0.5751254520411677,0.8951727632450251,0.0,0.9828895563344882,0.0,1.0134837032880466,0.0,0.0,0.0,0.0026534687244149,0.2367461335828592,0.0790760158895497,-0.0147918983783244,0.3854716637654355,0.1799477055283306,0.0755595346886537,0.16109244237986,0.1251258527881402,0.0130865616552131,0.3073275090022584,0.0475437523278799,3.3749623881479693,3.69798105077815,1.5807462639858385
W3561,0,0.0,0.0,0.0,0.0,0.75,0.0,0.75,0.75,0.0,0.75,0.0,0.0,35.0,0.0,0.0,0.0,0.0,0.0,0.0,0.0,0.0,0.0,0.0,0.0,0.0,0.0,0.0
W3561,1,0.0,0.0,0.0,0.0,3.998313386732911,0.0,3.108560027693419,1.8509778262483747,0.0,3.2787094384949294,0.0,0.0,0.4109727168671127,2.4863563798692856,4.301570319076543,2.9183449982691267,2.5827340189679013,1.5232915446450888,1.234676870727003,4.724720699618381,0.0524500100280339,0.0195019253254957,0.0797205665856226,0.0582039905572773,2.666780843677724,0.2339384503332749,0.6051502030992221
W3561,2,0.0,0.0,0.0,0.0,2.769898105868356,0.0,2.8582519025494597,2.201029864464136,0.0,2.99565657206253,0.0,0.0,-0.060743691469159,2.318005772480385,2.2579533060107906,3.056622897960609,3.5759995315069544,0.8365498786088761,1.5043669258013623,2.971730540375829,0.0955920731348055,0.0119602390632504,0.102482456432543,0.0188413400460912,2.538903089282156,0.5157339193295813,0.9758651663707932
W3561,3,0.0,0.0,0.0,0.0,1.956515919114671,0.0,2.4978190014241366,1.9603802336660665,0.0,2.395667498630038,0.0,0.0,0.0857961987270809,2.1860281256192344,1.699847702928575,3.1825937740881707,3.1746226011444,0.4856833620700377,1.508655520362164,2.469279214505762,0.0398184199999878,0.0552393609826973,0.1589229382096506,-0.0022866999233188,2.610790003903557,0.5751671953331541,1.2724977816283027
W3561,4,0.0,0.0,0.0,0.0,1.1303049889435608,0.0,1.661414671909743,1.9197944487226413,0.0,1.6168663446334623,0.0,0.0,0.0479157434755055,1.3693900890566812,0.9784859709019172,3.6089680408465954,3.103877776003964,0.4785688531776857,1.805606086099336,2.2959422763984145,-0.0322452922435862,0.0468665316471138,0.1027736670432419,0.0947981173361912,2.59396810391776,0.8853759864334585,1.8786032087653384
W3561,5,0.0,0.0,0.0,0.0,1.0094020720841763,0.0,1.4644490086128712,1.6678158605088962,0.0,1.55028233541575,0.0,0.0,-0.0150255609193787,1.519058578896313,0.8263771435168016,2.81835172066159,3.790312084015036,0.4086867586090684,1.477733079028363,1.4437984337246577,0.0084964935466532,0.0921170525668623,0.0809910428428049,-0.0628708314936965,3.159428480944342,0.9661312079806342,1.5822182163034888
W3561,6,0.0,0.0,0.0,0.0,0.8300331930029402,0.0,1.0131214294486437,1.4205285406202957,0.0,0.7490106439777234,0.0,0.0,0.0316055809003143,1.01505295512096,0.5946740425738143,2.399273690036232,3.603407801198624,0.3004263515903785,1.643136138700389,1.324878797079425,0.1364054446042483,0.1165527339168339,0.0780570813417616,0.058631471555154,3.049600018861108,1.005137093135294,1.8327242122933551
W3605,0,0.3,0.0,0.3,0.3,0.3,0.0,0.3,0.3,0.3,0.3,0.3,0.3,35.0,0.0,0.0,0.0,0.0,0.0,0.0,0.0,0.0,0.0,0.0,0.0,0.0,0.0,0.0
W3605,1,1.0796502532437713,0.0,1.7279147760670448,0.9752150341195528,2.094981438291754,0.0,2.1307331941982075,1.2141129176491336,1.2345257156694796,1.6226259555162803,1.1798430312473296,0.4859520076783805,1.1644281768055311,1.9043618907519813,2.6954064415432906,1.9517495366534248,2.430681696771389,2.333514441585136,0.9769307041403424,2.4138365366538665,0.3563848297988038,0.1835364247007213,0.13865925398478,0.1634108472895411,2.222845355954339,2.1972752733049083,0.9177934024985904
W3605,2,1.5191118228785927,0.0,1.8940398047861229,1.0640823303229656,2.380828622309723,0.0,1.6441351035918,1.1033375024635523,1.4215135321079413,1.692907732472159,1.2131276222614655,0.5423584078073508,0.1189645135908563,1.334794328393192,1.0775203794803865,0.6777274765614619,1.5665886203813997,1.1671871692761684,0.8979744098807895,0.9077752779512178,0.3402563481653595,0.3187425287281707,0.3741108550626403,0.1643883530199434,2.439380724412229,2.7000992108719526,2.171235436528099
W3605,3,1.4925550077370404,0.0,1.875737080347447,0.7993724348610881,1.6757062343928872,0.0,1.2391644105642443,0.6947255605179083,1.2444448436788973,1.1094533223755574,1.1422697699203266,0.4690284713905128,0.1044151316068466,0.8487777618103589,0.3694720338319368,0.4138752835706126,1.1703839990990492,0.4363822983249836,0.5853252932759891,0.5220755591568158,0.3941476618878725,0.1196697044244387,0.1976785391763033,0.1220281347976621,3.02851820681324,2.5835209277478746,2.7731314445014927
W3605,4,1.2031443592750848,0.0,1.9458104399357143,0.5989617877365291,1.2856036901205885,0.0,1.0926267648178327,0.5858580732317631,1.1421395445167586,0.6862687771285447,0.8667899371734511,0.4536759280315109,0.0787618686089765,0.6749817808362624,0.3153759375128113,0.1575152933205514,0.7969103356344879,0.2947248723296203,0.1903239741048672,0.2962122773853056,0.2710362870454595,0.1017483091285009,0.2275681468504234,0.0954295708971717,2.731377503079337,3.472469060586226,2.877116422938016
W3605,5,0.9719580386911018,0.0,1.4899911275784068,0.4225904284708223,0.9817050563701292,0.0,0.7552799875161615,0.4592463415637583,0.8587828335135972,0.6837844942995088,0.8702145159008222,0.3493002291131669,-0.0319072479928375,0.4038236805378863,0.1539551686830121,0.13495827351756,0.5598024227171846,0.1374672815481235,0.1981982517150424,0.1482603123409695,0.1958009576853141,0.1141348263650873,0.2084051586488519,0.0271043953954988,3.481273888289208,3.525947790733653,2.480949429113973
W3605,6,0.8087213370898385,0.0,1.1353668981258875,0.3111788252060678,0.8304045670165199,0.0,0.5746426927860974,0.2939426598767301,0.5793431083819798,0.4614622594976185,0.6671068264513802,0.2341116167278687,0.0883082316006951,0.3502127997421576,0.1079987897779961,0.1240969283514126,0.3953503142541362,0.120687598781066,0.1225888812920572,0.1443314499464101,0.1617810103580005,0.0830718299230451,0.258745874587211,0.1295970535356449,3.3823896479126097,3.5879168305274503,3.07135196392371
W3613,0,0.0,0.5,0.5,0.0,0.0,0.0,0.0,0.5,0.0,0.5,0.5,0.5,35.0,0.0,0.0,0.0,0.0,0.0,0.0,0.0,0.0,0.0,0.0,0.0,0.0,0.0,0.0
W3613,1,0.0,1.9143387201999067,2.632734171581076,0.0,0.0,0.0,0.0,2.439172493299716,0.0,3.46597172241215,2.55432971737684,0.9947740714856343,2.1336474929931675,0.9645557615761255,4.812357409858958,0.9021031423254632,2.2346893068446123,2.3766514620818744,1.036574628684929,1.5822962371358729,1.1598049978797826,0.1822513312730578,0.2258276887675892,0.4170350960022603,1.3371125410850913,1.7761983244204431,0.7806076443748938
W3613,2,0.0,2.465262006320396,3.465354138375162,0.0,0.0,0.0,0.0,1.827566715594516,0.0,3.409566413846042,2.807326016279601,0.9882724889519328,0.1662433903358188,0.8052910254948837,1.2796085011921632,0.3653768069996469,2.2927619465939397,0.8819130029621245,0.8312833081812444,0.6315334442722396,1.366188389003388,0.3374554977636976,0.4365535032319982,0.4102207560858664,2.689420838169023,2.290681100733697,1.709454026495167
W3613,3,0.0,1.7199034518246188,3.23393712710264,0.0,0.0,0.0,0.0,1.4068106225750687,0.0,2.3973258539789195,2.144254595818956,0.7684973545824616,0.1086372529960827,0.389308024724554,0.4128384263407862,0.143687652676315,0.9439608318053452,0.5155802948083831,0.4033515133423889,0.2688486447262364,1.2519754587794825,0.2210133174269446,0.411204630024884,0.3743626047269821,2.5892329239894303,2.7330425147476083,2.0013897779477405
W3613,4,0.0,1.93882284670382,2.726949026775167,0.0,0.0,0.0,0.0,1.2312232562048622,0.0,2.095466817378176,1.909631687191776,0.7807481665872192,0.0513720935498951,0.2903634136129296,0.1826618910543271,0.1009525182653312,0.7479791640299734,0.2452840979530611,0.2285309204566536,0.1349790828147073,0.9621366444624918,0.3046745803699182,0.3376725281461729,0.3795029246011221,2.8148079024179995,1.8201086534498083,2.365146817123863
W3613,5,0.0,1.5059747513632673,2.421036669011392,0.0,0.0,0.0,0.0,0.7613691059732486,0.0,1.3051042312338994,1.3087860640091646,0.7277406278130768,0.0270202547977867,0.1462533905595837,0.0524131448042968,0.0665005759257186,0.5664291862702175,0.2143838611672876,0.1063193211369802,0.195991053001334,0.97621840353277,0.145777384421691,0.2994268887141119,0.3614114030579385,3.2843006296387824,1.968938150100609,2.57220629538122
W3613,6,0.0,1.3219134683603044,1.6214256843019097,0.0,0.0,0.0,0.0,0.8368865381565828,0.0,1.1961129398776291,1.2825987710811784,0.7175436414291461,0.0318865817123029,0.1498850001909787,0.1664864643395041,0.0462570329092825,0.4168077377471061,0.0966945012332545,0.0745954364691685,0.0786622984092172,0.7934502350913349,0.210905779549211,0.2238402656893647,0.1723472614933721,2.745953698043777,2.228291414504919,2.457329108335148
W3642,0,0.5,0.5,0.5,0.0,0.0,0.5,0.0,0.0,0.5,0.0,0.0,0.5,35.0,0.0,0.0,0.0,0.0,0.0,0.0,0.0,0.0,0.0,0.0,0.0,0.0,0.0,0.0
W3642,1,1.4546322183863332,1.7711855174005755,3.0499435219015694,0.0,0.0,4.731632141638959,0.0,0.0,2.922406280326211,0.0,0.0,0.9884426661045298,1.317420438528936,1.064983246295255,0.8627805545895322,0.8891343569291617,2.3047587752999608,3.3718657788208484,0.9935607346133868,1.104747548399365,0.4341028973340104,0.1881941452675383,0.4658696694852512,2.0643353040053656,1.189504991059212,3.93994914206061,1.0405787534244044
W3642,2,1.710650329267268,1.713504920688894,3.270869431938369,0.0,0.0,3.3016875459730675,0.0,0.0,3.002950938480995,0.0,0.0,0.9665728100476012,0.1575287443913164,0.8004501976806899,0.2066302918025254,0.3284842548860455,1.6282181511330904,1.1455799200585168,0.4982006926146077,0.4199598916332249,0.4311267752089399,0.304974090953559,0.3632647071228901,1.7356205613000375,2.4918921035291794,4.585601377149104,1.7677124032987424
W3642,3,1.5448256161056249,1.1624299601741552,3.179721731078553,0.0,0.0,3.104627731252209,0.0,0.0,2.5073963069755143,0.0,0.0,0.965243604487497,0.0061673085139153,0.3348933629648752,0.1717351898276667,0.1152987003339833,0.8352988417753431,0.3562569764705712,0.1080686812403097,0.2115728289504175,0.2406967201142056,0.2388508973002892,0.3227088358484997,1.2380000974595715,3.186249045676043,4.246540633145087,2.247051894051152
W3642,4,0.9097823155877552,0.9885698449664938,2.3720012020573185,0.0,0.0,2.063715865151881,0.0,0.0,2.1657572253968405,0.0,0.0,0.673975332195594,0.0641259325138195,0.3360594479633615,0.0546861472607919,-0.0204070882313277,0.5395160015354581,0.151897982702333,0.0360817493719831,0.1899582211576968,0.2607446865791428,0.1520558621286638,0.2233462003224503,0.891097762092462,3.7459536720521815,4.626412458019071,2.770915557845477
W3642,5,0.963438291880468,0.9106602348803992,1.8224475880684885,0.0,0.0,1.694101424278729,0.0,0.0,1.3484620829705,0.0,0.0,0.5300870194245071,0.0080332245943013,0.160727988437145,-0.003971915246296,0.0572384033814121,0.3789879319400067,0.1281679439681673,0.028360368004505,0.1087922954730148,0.0701542950805043,0.0330458376740377,0.129611226061224,0.6221834559054154,3.07219480279951,4.029956092604023,2.555365534501484
W3642,6,0.6787513382455258,0.6650668614491088,1.1290207688045268,0.0,0.0,1.1235629094733233,0.0,0.0,1.3313077757757774,0.0,0.0,0.4873711543416119,0.0338434834559397,0.1657767548594959,0.0742609530754732,-0.0343539719997028,0.2133393427832224,0.110761193207977,0.020429150087711,0.1402701715890319,0.1387448064426456,0.0875061340222383,0.1701746996239589,0.5287938486889998,3.977212852605343,4.426135890638419,2.9452783036429526
W3666,0,0.0,0.375,0.0,0.375,0.375,0.0,0.375,0.375,0.375,0.375,0.375,0.0,35.0,0.0,0.0,0.0,0.0,0.0,0.0,0.0,0.0,0.0,0.0,0.0,0.0,0.0,0.0
W3666,1,0.0,1.2710262603552374,0.0,1.2149347323675186,2.4864363050246223,0.0,1.821642818986242,1.2458754386642974,1.8436444518396944,1.949797927354151,1.3792626693803631,0.0,0.7287333807294538,1.6412747379242698,3.104159290627837,1.9657574785098797,2.382312694396413,2.4662952796868094,1.0431467418928324,1.9848070177763644,0.2967941410521433,0.297588247759333,0.2504721269146131,0.197444258929373,2.7347403911537,1.9354399054592628,0.6133580127531923
W3666,2,0.0,1.7746540495726126,0.0,1.1323148911618144,2.161202514344371,0.0,1.9683246935351697,1.1568959661368317,1.704582868383802,1.8689468437781616,1.5832196635515257,0.0,0.0562228952491298,1.4622378624168944,1.1883812229853827,1.1953960022090702,3.1326756370433637,1.405073524776299,1.090732289322205,0.8130383909485103,0.2486106889740603,0.1162693313588028,0.4081992449548421,0.0578869273378973,2.781584206767395,2.06581011124776,1.587027303832463
W3666,3,0.0,1.5984807888822286,0.0,0.8877855119372243,1.649281596436007,0.0,1.5106483548279943,0.8731127227461305,1.9870777529248531,1.2807208388804336,1.62136061763123,0.0,0.0901224276766789,1.1041185515207492,0.6526387246910144,0.7410135008811389,3.027892473017487,0.7959458380508737,0.7667509900544394,0.3318499450358402,0.1944526535354914,0.1369539884576402,0.4287732838540485,0.1133772400383571,3.611904331318603,2.770319117459542,1.6360852817565703
W3666,4,0.0,1.2880180611258851,0.0,0.7194343831600569,1.177571720784209,0.0,1.3785234460587688,0.6540763783883335,1.5018071155625186,1.0244613713760171,1.4751951241206025,0.0,-0.0167028465497328,0.9616369606519772,0.4105097161452082,0.470412527302825,2.66581536311123,0.5213988788074991,0.3974109428102721,0.248641639432375,0.1232779060568569,0.0630971054823029,0.4514289819584675,0.0943753180852511,3.6466672857314175,2.578624761607764,1.2950456945503208
W3666,5,0.0,1.3286119254644584,0.0,0.4353419062808627,0.9096424920098976,0.0,0.7100889386460062,0.6328640436463047,1.3213907262044082,0.7817043299085371,1.2194202379009256,0.0,0.009718568896601,0.7616636727721214,0.2976556671752163,0.3279825763359144,1.873540877378876,0.4425801959657241,0.5481991509167876,0.151006985188792,0.16913010496594,0.1254936180446972,0.3409791901953808,0.0051052570890184,3.777456051003744,2.708684417027094,1.732444134619164
W3666,6,0.0,1.0364055891146562,0.0,0.4460664911857943,0.7371061087063676,0.0,0.7072766288637231,0.4519513070207017,1.104716200555841,0.5838376253877218,0.9677784842513036,0.0,0.0260692739576943,0.6715773226641961,0.161429362295984,0.2910577672808511,1.884330528036604,0.4706647656543383,0.3997321167951466,0.1693964669489625,0.1993223919807932,0.1767193178792021,0.2569981859883982,0.0103963178013796,3.901527231408769,3.034524060264365,2.0332305394131747
W3667,0,0.0,0.0,0.4285714285714285,0.4285714285714285,0.4285714285714285,0.4285714285714285,0.0,0.0,0.4285714285714285,0.4285714285714285,0.0,0.4285714285714285,35.0,0.0,0.0,0.0,0.0,0.0,0.0,0.0,0.0,0.0,0.0,0.0,0.0,0.0,0.0
W3667,1,0.0,0.0,2.214397190978543,1.206849440547454,2.818298173502217,2.2703666265629945,0.0,0.0,1.8249712851564728,1.866219658664716,0.0,0.6136067729250709,0.7391887002923533,1.378548611319403,4.070857039292974,1.6888705813254974,1.916016172590408,3.423819917516999,1.1917555344963142,1.2040796850906292,0.1967474201336306,0.294942901792921,0.2235888638305433,0.5165929398066821,1.7888385708929784,1.741724382609391,0.7845615379053248
W3667,2,0.0,0.0,3.009131561746167,1.2119866537273638,2.062884177619478,2.0760993116636293,0.0,0.0,1.9023234813378664,2.140758611435758,0.0,0.6647150058668883,0.1823348088789422,1.4396063083142785,2.281461317201841,0.4351501438514471,1.993482554985314,1.641241298759855,0.7494101195831858,0.7241448636858274,0.2084606940272428,0.2887936710442836,0.3800269701996686,0.3529274522077796,2.85338575284641,2.5403809862319098,1.358608893533367
W3667,3,0.0,0.0,3.016358616119348,0.8426986557715528,2.014558201908579,1.3840006826098097,0.0,0.0,1.6994746372145917,1.5271301064445848,0.0,0.8426563443355921,0.0199647751596539,1.0167245729214784,0.9711561757049142,0.2327144637254806,1.462110022822923,0.7974761780972554,0.5180397320208859,0.5797772784292888,0.3266898491176679,0.0728106000214707,0.3300487247523098,0.3050347586652058,3.397400109645654,2.814880467137697,1.6233281632164955
W3667,4,0.0,0.0,2.450704051130866,0.6719362467638248,1.6178261721478149,1.041994814369295,0.0,0.0,1.7796253032948952,1.301673457279964,0.0,0.5728149732221749,0.1327816617288337,0.5567416828251618,0.5969160294044529,0.1254659763059869,1.131318188058576,0.4623293504262432,0.3249601511276708,0.3558639073301466,0.1981927177930573,0.1105375574953014,0.2265931347368249,0.2040984793283113,3.584277198860756,3.2741254187154247,2.0023820669608536
W3667,5,0.0,0.0,2.2759053130006,0.4485995353610873,1.1640236659640943,0.8182981259103358,0.0,0.0,1.1363655749015464,0.9262040239636684,0.0,0.44606819421903,0.0031291369042065,0.3673080882801152,0.5711560506241065,0.103989362812033,0.8236864764223737,0.2991676295139793,0.1314163801279358,0.4018365558602665,0.2112273875125815,0.122698850110867,0.2247926437769352,0.1178273548531264,3.8362232822605526,2.8284786348763333,2.0921174994241456
W3667,6,0.0,0.0,2.3456549920873204,0.3713317419744006,0.825531784366434,0.5861032279515098,0.0,0.0,1.0980403196723514,0.6596018267669366,0.0,0.4023824959409995,0.0441066756922543,0.1559201595900633,0.28402209041504,0.1343048329991764,0.5687553308024624,0.2111161642872076,0.1060170554364405,0.2820688004773232,0.0476209659292789,0.040421718069577,0.214664711295219,0.050475072810958,3.574765903265337,3.3537906005489955,1.686813863167662
W3792,0,0.0,0.75,0.0,0.0,0.0,0.0,0.0,0.0,0.75,0.75,0.75,0.0,35.0,0.0,0.0,0.0,0.0,0.0,0.0,0.0,0.0,0.0,0.0,0.0,0.0,0.0,0.0
W3792,1,0.0,2.3607633252240423,0.0,0.0,0.0,0.0,0.0,0.0,4.029730637648381,4.457338845555457,3.0655381566382265,0.0,1.5202966173773318,0.9219578496698866,5.054283198571199,1.0566219783715185,1.7755450543156597,2.1325747464380926,1.1273125491529592,0.3988895034080882,0.94133138053432,0.3491042885163481,0.586257650515531,0.2362153953452534,1.2492321048972537,2.395748618249144,0.6900389644162109
W3792,2,0.0,3.2069248672855744,0.0,0.0,0.0,0.0,0.0,0.0,3.860934889920488,4.386020828492351,3.3541912157804386,0.0,0.0051446615288352,1.3585527639699615,1.448154690937542,0.6000512702984033,2.196028413139328,0.92044962742053,0.8331492976571827,0.273100714120868,0.7306098191570095,0.6495897315480579,1.0826362223196453,0.2811126540383135,2.623095536463797,3.714525415751975,1.2927405284604043
W3792,3,0.0,3.318578847219543,0.0,0.0,0.0,0.0,0.0,0.0,2.799263510371232,2.2165627724502324,2.950887588722383,0.0,0.1199798916822714,0.922894465667378,0.6592704704692158,0.1776657079678515,1.8291838957365725,0.5208409261757667,0.4969398687990468,0.1652711557587667,0.5497459925506443,0.3757286309944931,1.3657758850741442,0.1904325618579913,2.4350235583213244,3.011016997624669,1.781380694201888
W3792,4,0.0,2.4108155279803274,0.0,0.0,0.0,0.0,0.0,0.0,3.0589768562474897,2.1173702685275404,2.325967562084009,0.0,0.067681959826885,0.8311232330010093,0.275882439081435,0.1784458864820725,0.9566988396589752,0.2860385413958331,0.2675923723738139,0.1101961906690306,0.4587913281858349,0.4210936111509304,1.5830150757668424,0.1414509426321418,2.6633584091685285,2.1719621734872447,1.8113910568896847
W3792,5,0.0,2.0229005002210005,0.0,0.0,0.0,0.0,0.0,0.0,2.036505058777234,1.3844455227171668,2.200469156110906,0.0,-0.0165095308691331,0.4048265647550603,0.2423595157953328,0.0453490476135057,1.1155794293842345,0.2477835116436332,0.2419102080270885,0.0903179374114106,0.4135994468198825,0.3249797843665498,1.577676225637242,0.184208269657302,3.442488291037216,2.458532226803812,1.8880258488167831
W3792,6,0.0,1.53792756304381,0.0,0.0,0.0,0.0,0.0,0.0,1.6468131727982132,1.1892178587924742,1.5496299453004387,0.0,0.0253070986912214,0.5746373252641956,0.102222569757451,0.0901340031348786,0.8439615387591527,0.2521911040621676,0.0496949350956034,0.0930117276517351,0.3189465763675457,0.3373335556000919,2.2399494401157805,0.141341923123475,2.8756577924481626,2.6258524996706627,1.8694855687780592
W3801,0,0.0,0.0,0.75,0.0,0.0,0.75,0.0,0.0,0.0,0.75,0.75,0.0,35.0,0.0,0.0,0.0,0.0,0.0,0.0,0.0,0.0,0.0,0.0,0.0,0.0,0.0,0.0
W3801,1,0.0,0.0,3.6788027026111134,0.0,0.0,3.892345257946836,0.0,0.0,0.0,3.518185166764661,3.030538823771045,0.0,0.7758372661322797,0.721765572489333,4.2853419829065125,1.28238701845253,2.448163735772182,2.3420523446832617,1.3571290100587776,1.2428158125501028,1.002747967733261,0.048440077594047,0.3710296302231241,1.323913720306252,0.9607655859841362,1.4441893327745077,0.5419359897137962
W3801,2,0.0,0.0,4.136408803107447,0.0,0.0,3.543757135387388,0.0,0.0,0.0,2.977937191221763,3.045407996623346,0.0,0.155511074297685,0.6403103106495985,3.018978619913394,0.4409431523579183,1.5582651884121943,0.9477792760666028,0.9555530301896692,1.3163713469703011,1.0450823525327817,0.1291326448998384,0.4164643911561498,1.1978971213439435,1.348667170173332,2.149740593090833,0.955559804589482
W3801,3,0.0,0.0,3.9358567528161146,0.0,0.0,3.1178750004625977,0.0,0.0,0.0,2.529651353642201,2.580798893458005,0.0,0.1222606230171953,0.5222968859486229,1.6061132270400085,0.2689224080535148,0.9438246780111252,0.6657590059500889,0.5592815564231383,0.8092616211029571,0.841048867251203,0.0674890160936617,0.5301848115774727,0.962846051043006,1.6322592104492837,2.187400193357263,1.4366936995019643
W3801,4,0.0,0.0,4.34757709148946,0.0,0.0,2.391410311241409,0.0,0.0,0.0,2.0600607549098,2.59697860849486,0.0,0.0625737679993285,0.3166089662693966,0.9746772698160056,0.0190591974254595,0.5446603243259037,0.395074725568447,0.3176500742003595,0.417438944076043,0.5006221334612723,0.1428778869810006,0.4015097586485587,0.731533230175056,1.6323431949977047,2.800108516950682,1.7680274573254404
W3801,5,0.0,0.0,2.9573489324946904,0.0,0.0,1.849638259297924,0.0,0.0,0.0,1.4858661735717011,2.19847233423844,0.0,0.0484444254009283,0.2698988083538529,0.6509388930512413,0.0690066536349164,0.4113458123609853,0.1972203822585286,0.159970661452862,0.4337481263713633,0.3957232778308135,0.1122796889073312,0.2896125813052396,0.5723638800856169,2.025123131135265,2.726720402142682,1.941172990984084
W3801,6,0.0,0.0,2.5445253628580398,0.0,0.0,1.332380153882517,0.0,0.0,0.0,1.1678883727463436,1.8134448420806075,0.0,0.0960099444753015,0.1803444020954252,0.5084498982049821,0.021791133902915,0.2586231961436335,0.1010721019619086,0.1654322789542432,0.2950185635884226,0.2992303686208551,0.0952996010782046,0.3998979175894919,0.3977046290152869,1.8795630847276064,2.5034596586665363,1.8583033308080583
W3808,0,0.0,0.5,0.5,0.5,0.5,0.5,0.0,0.0,0.0,0.5,0.0,0.0,35.0,0.0,0.0,0.0,0.0,0.0,0.0,0.0,0.0,0.0,0.0,0.0,0.0,0.0,0.0
W3808,1,0.0,1.3642509500168865,2.5009738692644223,1.388291657642878,2.6344943944478123,2.4149535958402897,0.0,0.0,0.0,2.324123496988004,0.0,0.0,0.6600248076049511,1.9610276409259657,3.414904437999625,1.9696541103572052,2.220071920029491,3.0541057758172503,1.170782796386449,1.256712281876715,0.3285988400183178,0.2515922005264424,0.2846174838945695,0.7480742779417312,2.4656123002573205,1.1914494589101106,0.7119871228855408
W3808,2,0.0,2.069464903015444,2.7746800937716296,1.4466390273795735,3.327562539925463,1.7545468274946066,0.0,0.0,0.0,2.118310005862482,0.0,0.0,0.1521706577367346,1.007825046395816,1.546010697960274,0.752269272622379,1.8012587807859686,1.560575434158097,0.8687743670014635,0.8413546651153073,0.3404124473687405,0.2116297589290774,0.4844804182882105,0.4204709132439013,2.9280359090139183,1.8138423250273987,1.313131071190072
W3808,3,0.0,1.626727318018004,3.5857295212270355,1.23465070399107,2.39141950695631,1.2871696483332755,0.0,0.0,0.0,1.3891378167828818,0.0,0.0,0.1096469220911869,0.8266489916486418,0.7754825491767404,0.2374252678269807,1.8904694043604275,0.7599334475112509,0.6655434898816701,0.5368082390268897,0.3641719673431361,0.1211327455394589,0.4830436364431984,0.1835972119794322,3.1602305093997254,2.4766806152124183,1.9004623961654816
W3808,4,0.0,1.4567754224957998,2.9208932547469355,0.8475178810956744,1.854791764457622,1.2117893696927784,0.0,0.0,0.0,1.1387107614941212,0.0,0.0,0.0954661693421752,0.5038478147749753,0.3407548418371691,0.1912811870278989,1.0393000633983709,0.4432509413747882,0.3821866062193253,0.2745962183410747,0.2385365381765177,0.0522592061484842,0.5491993575463516,0.1416226379666186,3.7952641874256425,2.2427650754273625,1.927333608136078
W3808,5,0.0,1.1490846592823305,2.979900562124125,0.6383818521241287,1.6431025242645665,1.0497074156687385,0.0,0.0,0.0,1.0341340541911703,0.0,0.0,0.0510476144550193,0.3653062086198408,0.2525723380724833,0.1335960744458182,0.913242164667944,0.3095113085829329,0.2084045943615948,0.2557913012392061,0.1255128866592823,0.0186075589156735,0.4615517219198243,0.1378701899610382,3.5657244808160717,2.3865761194671578,1.9251743883987984
W3808,6,0.0,0.9740633235450488,1.9330489679847969,0.4861187780065706,1.2219165680267925,0.797825374013134,0.0,0.0,0.0,0.6775738079483365,0.0,0.0,0.0768399665495145,0.2082517275601486,0.1046601097877853,0.0150635878808583,0.7080561202681043,0.1736971896921038,0.0876252099711007,0.2857355611475387,0.1788455802965836,0.0553368399173355,0.3058720928028785,0.0891333572400567,3.988801323493848,2.3466735661477367,1.8788699489571248
W3847,0,0.0,0.5,0.0,0.0,0.0,0.5,0.5,0.0,0.5,0.5,0.0,0.5,35.0,0.0,0.0,0.0,0.0,0.0,0.0,0.0,0.0,0.0,0.0,0.0,0.0,0.0,0.0
W3847,1,0.0,1.581137172790648,0.0,0.0,0.0,2.6274934457485046,3.4488560244805564,0.0,2.007587585159592,2.214227853727917,0.0,0.8619227828687506,0.8417134586251228,0.969137428259156,3.41763143169153,1.0592039716756685,4.2882403450927455,2.2742254998807496,1.4083410897609117,2.519032412992801,0.2036197317136012,0.2041104248787957,0.2778322217083204,1.4773677429307228,1.374791896694391,2.275010920860187,0.8497084378289224
W3847,2,0.0,2.3309681150864656,0.0,0.0,0.0,2.132502403648791,2.648057764615135,0.0,3.2058806754195595,2.1577002388231827,0.0,0.9695996964561324,0.067956746846836,1.124854983887987,1.241048199028571,0.7276110596210162,3.989341203461318,0.9040208863481703,0.874510294481803,0.7526263023942706,0.2735456750673036,0.2455305195852804,0.2942068483696471,0.8551350053636169,2.0460815152991145,2.760532464548197,1.5799315204611868
W3847,3,0.0,2.213312375060394,0.0,0.0,0.0,1.8521063732954115,2.0158914519359348,0.0,2.2891511490510537,1.6029477160840144,0.0,0.8497663165274598,0.0401060306988905,1.0987408416120916,0.4357116157584725,0.5737075790471444,4.949185947313737,0.606157660947445,0.6712325182079523,0.2695898663720096,0.1397548367771921,0.11178481437587,0.2222325776096431,0.4702854695586768,2.447518848221597,2.618756686582263,1.8573364306652964
W3847,4,0.0,1.4570047391517893,0.0,0.0,0.0,1.2537254864962224,1.5951650232496797,0.0,2.055969168201201,1.4151072168449508,0.0,0.7051397512540238,-0.0519917795229833,0.641696980063943,0.2413312608474989,0.3514758982522667,3.605204422752848,0.4185549105597899,0.5757838716497661,0.2653228268200024,0.1265174260967109,0.1617211657220481,0.1068561977541064,0.4264085623131268,2.382570652325478,3.12528275921986,2.000029781152113
W3847,5,0.0,1.1189443242660229,0.0,0.0,0.0,0.9963836858664455,1.2944572943653292,0.0,1.9589969181066635,0.9009791242765796,0.0,0.4898086370494202,0.0242987734332043,0.7355937572316003,0.1692323138033526,0.2365080765178591,3.302550382208601,0.2876306321712582,0.371233399713224,0.113210255783506,0.0963931342956166,0.1056906421812669,0.1863662679702027,0.3529333840933623,3.1624610741403174,2.799991824895977,1.755375737998407
W3847,6,0.0,0.9331438550832896,0.0,0.0,0.0,0.6737229213305781,0.8648445141781413,0.0,1.6714676079551376,0.6349437576275563,0.0,0.3935581524018638,-0.0106863019279823,0.6894434774981083,0.1428417381245035,0.2293974033707947,3.543239198532169,0.2951879486653684,0.2592211448918565,0.0991939747107409,0.0567061434126219,0.1697135010043709,0.1780542584031565,0.3582048281263265,3.560210983109242,2.5663254844162053,2.4870486408240438
W3868,0,0.0,0.5,0.0,0.5,0.5,0.0,0.5,0.0,0.0,0.0,0.5,0.5,35.0,0.0,0.0,0.0,0.0,0.0,0.0,0.0,0.0,0.0,0.0,0.0,0.0,0.0,0.0
W3868,1,0.0,1.5811122424183817,0.0,1.70628588380404,3.500800514226325,0.0,2.67512132029165,0.0,0.0,0.0,1.9946621774634452,0.9837384903545192,0.774185928409816,2.216250937991772,1.611090970757828,2.716531133071693,2.943373541067136,3.3159242681698364,1.3660281728368406,2.937781843472624,0.2878122961158462,0.2534799670882202,0.2003157859061872,0.1408096305807012,2.267385732354226,1.3035672247639192,0.4572386572668993
W3868,2,0.0,2.0938521863977204,0.0,1.6495206450902573,3.2255530271357298,0.0,2.689158312314872,0.0,0.0,0.0,2.0723407587368627,0.9222170571309274,0.1676481415905501,1.7549242943352887,1.105871261807802,1.5857328362078276,2.783294660028344,2.166077422906393,1.2341627259507033,1.4654186608737363,0.1521649012728985,0.1776653072082744,0.2897246470240506,0.1280130499062502,2.5427003400319808,1.6291297911305755,1.0718590701806174
W3868,3,0.0,2.416473385135858,0.0,1.3617247294602262,2.1890376422100246,0.0,1.9650063155391235,0.0,0.0,0.0,1.9892981856495124,0.9555604844232208,0.1595412557927793,1.5080289420545057,0.701978386543482,0.9001681593254792,2.503016499363854,2.062053792913215,0.902714561726296,0.6116713303945762,0.1803264534728807,0.1530315659796729,0.249670270861261,0.1151806621204914,2.6015311477917,2.282087218983623,1.5188179152542984
W3868,4,0.0,1.726411820649619,0.0,1.1382451804012423,1.5019165282979234,0.0,1.5046027820199654,0.0,0.0,0.0,1.9797243857633768,0.6584870357286754,0.040878555894802,0.9858407743450722,0.498380464559336,0.5815927452347729,2.537345627199032,1.3930693398640877,0.6395935034886581,0.3586460775296555,0.2527414412640164,0.0529440483808016,0.2078076597051778,0.080932679379761,2.209083294416036,1.9886260423976925,1.6605852835234685
W3868,5,0.0,1.651847547086685,0.0,0.6951562453189466,1.1983778775889584,0.0,1.1292002862513228,0.0,0.0,0.0,1.9077324373039977,0.5980382757867118,0.0006959729853791,0.7707665975643139,0.3433004895772617,0.3459482337098444,2.264593458186231,1.0633545018786992,0.4323147870459164,0.2118694148753287,0.1428252408919701,0.0939014746210119,0.2481654934485014,0.0240903644947302,3.48967036016542,1.9064292519591783,1.528045091976732
W3868,6,0.0,1.499715272424654,0.0,0.6389351189149264,0.9572887033604932,0.0,0.9114655421570648,0.0,0.0,0.0,1.5601316151217894,0.6194060400437189,0.079102048276884,0.6116501278258548,0.2465126466946021,0.2624655854793478,1.7364957261671758,0.9532840847081676,0.385400151451719,0.1305276016781664,0.2149770019796146,0.0967327406066498,0.1989071087744685,0.0396317298385461,3.2904026945287503,2.3012182759518645,1.624168297142547
W3874,0,0.5,0.5,0.0,0.5,0.0,0.0,0.5,0.0,0.5,0.5,0.0,0.0,35.0,0.0,0.0,0.0,0.0,0.0,0.0,0.0,0.0,0.0,0.0,0.0,0.0,0.0,0.0
W3874,1,1.4416202258264923,1.793196379918378,0.0,2.38945764556186,0.0,0.0,3.662623927998341,0.0,2.351895929911262,2.9444875106302657,0.0,0.0,1.1208627257109138,1.2862901552672377,2.218739079074836,0.505878199052828,3.054034777111501,2.751065145212719,1.266246419560309,1.7186095329222268,0.3227236560363402,0.2276106896094836,0.3995622297220343,0.2064350568666732,1.1384586805523669,2.524550079257561,1.5537659011390657
W3874,2,2.5169774510748937,1.8803465718318355,0.0,1.6665029793142518,0.0,0.0,2.6656984884491206,0.0,2.3575068131851222,2.521419937705644,0.0,0.0,0.1367220538858485,1.3742291541917415,0.4797670884527388,0.6222188586525592,3.6784883331050935,0.6967816683903567,1.1837890355641787,0.44248645246868,0.3577070493829658,0.316237728649437,0.410665321491131,0.3103340934986792,2.4391369734457564,2.7553850823130586,2.295373744893431
W3874,3,2.4707919341303466,1.477635774845179,0.0,1.2478541549522415,0.0,0.0,2.1751991020417942,0.0,2.2726622393073703,1.5895474330082524,0.0,0.0,0.1116593770622435,0.8279420388815273,0.1824363778783016,0.470975793818052,1.922742861124338,0.2317902163484657,0.7546944416015893,0.2564663402963272,0.4556783681393679,0.2828542375363331,0.3669681778917079,0.4465030281655938,2.7237136377000617,3.0553369646782604,2.6381194427021413
W3874,4,1.845749517273381,1.4638182669527435,0.0,0.8260280772637136,0.0,0.0,2.0218819823288454,0.0,1.5775401797987696,1.5367341898029854,0.0,0.0,0.0621658998262756,0.959540063149808,0.1249178034602691,0.3296569611039098,1.1125604634358583,0.2414775078037286,0.532591527213027,0.0983996292310005,0.292769413754835,0.5060019274579776,0.2115978602549664,0.2351917902866762,3.2304772381940245,2.9375853789567365,3.1655975290048053
W3874,5,1.588481140928221,1.1454888274252135,0.0,0.8127037477013734,0.0,0.0,1.4448644683139438,0.0,1.5263584550769858,1.162083039897041,0.0,0.0,0.0685082738787261,0.594445854605464,0.1063609496404598,0.2143626935679598,1.2779116203618046,0.0389866495380098,0.4579083506616374,0.1032976897709726,0.2556141792388952,0.4461572764040339,0.2927922719811211,0.2928314996821463,3.836330715960801,2.7789260796088486,2.8107762792984587
W3874,6,1.189974944511013,0.8599137217832795,0.0,0.5597880600088272,0.0,0.0,0.9353331515955636,0.0,1.1295050502272346,0.6869420978288692,0.0,0.0,0.060783395661518,0.4164935189070862,0.0869234986687519,0.2347520478700047,0.8359128569819505,0.070151998777545,0.3382062711250289,0.0505383727331121,0.2592486163545178,0.2336690841637485,0.2237423000091433,0.2529729409907401,3.48851142983334,3.048999813188662,3.0766268712878397
W3876,0,0.0,1.0,1.0,0.0,0.0,0.0,0.0,0.0,1.0,0.0,0.0,0.0,35.0,0.0,0.0,0.0,0.0,0.0,0.0,0.0,0.0,0.0,0.0,0.0,0.0,0.0,0.0
W3876,1,0.0,2.8793320825159068,5.053964270118034,0.0,0.0,0.0,0.0,0.0,4.9621380668506845,0.0,0.0,0.0,2.683899432712362,0.4316472955957837,0.6041478540330201,0.2090834219541411,2.386642900502438,4.255647303106303,0.4287464309957934,0.6354583486833715,1.1912424731542717,0.5495242400934722,0.175533169731947,0.5088906885581759,1.5955618419164976,5.694298894156107,0.5815475102470089
W3876,2,0.0,2.6615139725974184,5.307289822436448,0.0,0.0,0.0,0.0,0.0,4.761395464035283,0.0,0.0,0.0,0.1764294354169456,0.4954844349000661,0.1775260624265547,0.1047231943321865,1.4356300693064097,1.0949146422149203,0.1559896430489006,0.2767744288035474,1.4040146314826671,0.9448131466744194,0.4939076213189515,0.5423912140731856,2.5073604628372514,6.298969301126325,0.9094729467151796
W3876,3,0.0,2.86968503154133,4.937996668300397,0.0,0.0,0.0,0.0,0.0,4.182796696468932,0.0,0.0,0.0,0.1201585689114514,0.163110679671609,0.1273111655883285,0.159363537556334,0.56868102987264,0.2967208351196705,0.0626243243288755,0.1168899977349236,1.4813535992623768,1.3152639909540953,0.7179125866587697,0.3805591089226185,3.6892248892226265,5.5074337228733565,1.461928614848297
W3876,4,0.0,1.7016820406848756,3.3621046623514017,0.0,0.0,0.0,0.0,0.0,3.171595204033836,0.0,0.0,0.0,0.0041270723612326,0.1071732832849344,0.0567800563151621,-0.0233159986407374,0.3428981665062608,0.1313983013661404,0.0597766342970721,0.0676853887229583,1.1541769794641223,1.0674483869510132,0.8322990510525028,0.4312533798259058,3.895470014390796,4.420850788606137,1.3966040642016726
W3876,5,0.0,1.8140201332810693,2.7801630908248205,0.0,0.0,0.0,0.0,0.0,2.678278170078083,0.0,0.0,0.0,0.0236727128029402,0.0142639501475358,0.0292042810305415,0.0079315369520891,0.2399026173440672,0.0385761949433613,0.0689223948909561,0.127640016277885,0.7935463256759808,0.8330307235138852,1.021204604258558,0.2989759856544534,4.149881634803782,4.367464556291752,1.3428409364548577
W3876,6,0.0,1.2550508149963755,2.103384829556933,0.0,0.0,0.0,0.0,0.0,1.679278255001168,0.0,0.0,0.0,0.0560940939202178,0.0801413000967904,0.0330701484484405,-0.0198791517543065,0.1976415579516912,0.0263814465083803,-0.0017326950721941,0.1130510501092154,0.6734421009368255,0.8608082013488145,0.961135068225838,0.1606289691663786,4.571877258061879,3.996965379000191,1.5751821352213116
W3890,0,0.0,0.5,0.5,0.0,0.0,0.0,0.5,0.5,0.5,0.5,0.0,0.0,35.0,0.0,0.0,0.0,0.0,0.0,0.0,0.0,0.0,0.0,0.0,0.0,0.0,0.0,0.0
W3890,1,0.0,1.8786452814920267,2.2911663054104525,0.0,0.0,0.0,3.581100738024185,1.16529979788553,2.5098724871670486,2.5198558267709954,0.0,0.0,1.023957310967537,1.0609150446404552,2.823124913069896,0.6080257750949669,3.9661076311213024,2.338532504756612,1.053008030192493,2.8314398216279444,0.6270878126539916,0.2720846536756763,0.3209248179925751,0.1965945458416207,1.520259639587886,2.5674254082143046,0.9064726735446248
W3890,2,0.0,1.72607933415535,2.160056093973653,0.0,0.0,0.0,2.829250359386656,1.4395851435153082,2.490323248592196,2.580443605563026,0.0,0.0,0.0822869446715337,0.7602387379946002,0.7116250390369492,0.3386450655028147,3.0657694271349403,0.9018439427676136,0.6569846327975084,1.0510682438555383,1.005593887648942,0.5063812143902804,0.3150646586874384,0.4491972756010512,2.0417584282351724,3.3574225802653945,1.7087610400970703
W3890,3,0.0,1.6530027197817052,3.032673619351623,0.0,0.0,0.0,2.5611338765192246,1.0449531745673089,2.242980721905276,1.859204115743508,0.0,0.0,0.0639375427108879,0.4902244277726655,0.255040396865334,0.1761943978781818,1.543488479937975,0.2189893671361096,0.3446124524357644,0.523611808835075,0.7295542024719341,0.5145924718689305,0.3746920906558594,0.3469571864522536,2.5505438325322807,3.003788620516675,2.081169569217016
W3890,4,0.0,1.8167461149050608,2.305464077885796,0.0,0.0,0.0,1.422530998173456,0.9651723912157376,1.7291761382829898,1.5474133711836404,0.0,0.0,-0.0265557565660192,0.4178736081539495,0.0976153397479435,0.1358633597534259,1.3086948879036775,0.1367503094428481,0.1573089176446198,0.2703192723158367,0.6707181928242626,0.4359165136107237,0.3368588271940026,0.3154993521297116,2.6952355325607664,2.789299028320695,2.049192386528333
W3890,5,0.0,1.139341226732861,1.525937595287035,0.0,0.0,0.0,1.1024163811408132,0.6424882889995319,1.5185320085430687,0.9451051265577076,0.0,0.0,-0.0360359265340023,0.1806107896507305,0.0544441475818038,0.0875226122795868,1.1202215869293914,0.1464138327296679,0.0800242019525579,0.1768830557729096,0.5843868509581472,0.3994330323685017,0.2295190737443836,0.3270887576789295,3.271388850373691,2.573746266965718,2.3564518943987305
W3890,6,0.0,0.9397660590461858,1.5329177854711098,0.0,0.0,0.0,0.7668445040373124,0.5834872575921187,1.1636747172078192,0.9123982919342848,0.0,0.0,0.0986427187970631,0.1922224903526319,-0.0309703095001926,0.0055402630906718,0.7238508756360329,0.08872443205904,0.0853020636616352,0.1112923243393162,0.3725183469414452,0.4443577878176232,0.1009420759349379,0.3238823103353307,3.711888607922254,2.783295827808224,2.5000165840250363
W3918,0,0.375,0.375,0.375,0.0,0.0,0.375,0.375,0.0,0.0,0.375,0.375,0.375,35.0,0.0,0.0,0.0,0.0,0.0,0.0,0.0,0.0,0.0,0.0,0.0,0.0,0.0,0.0
W3918,1,1.306695845711946,1.3236384844745084,1.8212565041749325,0.0,0.0,2.358316693164961,2.0177225717276066,0.0,0.0,2.061989128730008,1.4808343610792956,0.5962296668222165,1.0111711313714162,1.0788994086558483,2.5682781864401734,1.0730576360488044,2.828752685249521,1.9803687824319756,1.2931405543752317,2.616820212200744,0.7862776503246026,0.1774096028162077,0.3404189981652816,1.563436641983993,0.9003283197432617,1.669101054296581,1.0295992508010954
W3918,2,2.0500682171419005,1.330148879199382,2.739714807565257,0.0,0.0,1.66023585978043,2.4748578924481333,0.0,0.0,1.76837798851003,1.654277319556574,0.7243861716575654,0.0464238491296603,0.9397942758031748,0.6899780864803666,0.5735687372500401,2.346702279797576,0.8347421123230182,1.0640361695049951,0.8803135660148801,0.6642600234272666,0.0701271178264666,0.2703551086417285,1.227915421758814,1.4797825110587943,2.115189026454111,2.30107205506029
W3918,3,1.6548588480543465,1.1412876327913284,2.3543568161823383,0.0,0.0,1.7438985019740083,1.751867866516411,0.0,0.0,1.3441114235808198,1.7257918235083676,0.6883843505479275,0.1457724163889976,0.7557182914843223,0.2395793817002852,0.3548161160367005,1.2023644768802708,0.3587247514664406,0.4182830719284267,0.3742912481857371,0.4126328343097062,0.0898520815416463,0.2318094336267801,0.9333372989829556,2.25704305922398,2.8145285454781166,2.804936899011896
W3918,4,1.5650108659995248,1.1265147096107742,1.9427963490976272,0.0,0.0,1.4209681627705906,1.4403672674033872,0.0,0.0,1.0151653620682226,1.3364451350644124,0.4695584343537342,-0.0504571013522731,0.42479310002442,0.1405016951513184,0.0912053926826267,0.7218794245989625,0.2278721384192862,0.286403837675008,0.1915702448343693,0.2860056638545788,0.0731997617209304,0.3306484486007549,0.5347648989861544,2.66667418383678,2.624266992337184,3.1702557421064568
W3918,5,1.2495192358015852,0.8055780776824272,1.7182029609757057,0.0,0.0,0.8177345642408225,1.0841156046182243,0.0,0.0,0.7485572165103191,1.2060097018832026,0.4472928033192433,0.0388898192305331,0.3535718367160388,0.0780026769004545,0.0938233916354811,0.5383135456146609,0.1454352886949067,0.1808183695533954,0.1490936820207704,0.2318350396792817,0.0735965619641191,0.1461768132703697,0.5161286239784009,2.380073565941921,2.486407373575648,3.380813602387033
W3918,6,0.8129809199676501,0.6549402239927202,1.193627455379405,0.0,0.0,0.7725363144918895,0.6631001677020284,0.0,0.0,0.639638336820514,0.9223849749033696,0.347498859357213,0.1136954798016619,0.3157101977542083,0.1256554267593635,0.0890937219294838,0.3721697502013669,0.0890274224265308,0.1300436628868367,0.1814513461360336,0.245797444382821,-0.034991937731925,0.1755118666611446,0.4856497313126834,2.5258792584596743,2.46126520134882,2.801941032186759
W3945,0,0.375,0.0,0.375,0.375,0.0,0.375,0.375,0.375,0.375,0.0,0.375,0.0,35.0,0.0,0.0,0.0,0.0,0.0,0.0,0.0,0.0,0.0,0.0,0.0,0.0,0.0,0.0
W3945,1,1.2193008821467224,0.0,1.804489382340147,1.5474640551564098,0.0,1.816662490729133,2.206388413894776,1.20357567740548,1.9159496280292083,0.0,1.6743499616055468,0.0,0.993557601856502,0.9471671366093352,1.0406906069266266,1.291611505487022,2.9532864883159267,3.401957112290504,1.12499582319834,2.332256717553856,0.8505466351328119,0.3033158410272471,0.3186552252874578,0.8823344867245164,1.7224080342403592,2.386878660064528,1.06726516034635
W3945,2,1.5736362751682575,0.0,2.2276463049292574,1.142613540894316,0.0,2.122350057351958,2.1007093957693304,1.052892222907668,2.129865901828751,0.0,1.7273495802241683,0.0,0.0966179458013006,0.7823079418988097,0.4743617158071707,0.5939603999852651,1.5066900636939693,1.190959811043768,0.7091279049820267,0.8902079241705412,0.9131716550720138,0.2555318749681918,0.2897385848574569,0.7615718526296016,2.5793926093472948,3.7790878407240207,2.0747563561378923
W3945,3,1.4661816475707734,0.0,2.051554723081687,1.032520156235734,0.0,1.7385751744598583,1.806436159337099,0.8613315868086044,1.630222723528549,0.0,1.812607558053529,0.0,0.0386792666235201,0.5556277219725066,0.2875244875391667,0.2503037429695488,1.0264640321884442,0.5868112167524999,0.3352102538130406,0.6038262551550175,0.5600093270870461,0.2741476905988915,0.3323720013947421,0.5382941195987834,1.8601002657476249,3.15259747505844,2.3899162469302206
W3945,4,1.4939476150624815,0.0,1.853076273001119,0.6838447644721407,0.0,1.3970489275297369,1.1823417522708668,0.6263005695357202,1.3933617222601418,0.0,1.582947168050161,0.0,0.0899472382508236,0.3260514122912693,0.1268599631994537,0.1224438499448861,0.7751400979566543,0.2697929479662754,0.2040544353560829,0.2748358049635827,0.3806339182102816,0.337016860490706,0.1543579345409771,0.3361553276096901,2.6840309674797385,3.988331197175916,3.0988077050395164
W3945,5,0.9743121604882132,0.0,1.370314102071928,0.503326178162648,0.0,0.8657727026363738,0.9655709893741196,0.4740149332155089,0.957607498376998,0.0,0.93554224492072,0.0,0.0311089655979882,0.3099266756078116,0.0653945172756067,0.0445757202493499,0.4095997111498992,0.0780981568181801,0.0612920649698741,0.1180456642307445,0.2258934575500845,0.1489950618294123,0.2364486420715968,0.2924692880378642,2.915872457099185,3.452398474653512,3.0191963344880595
W3945,6,0.8726703097542985,0.0,1.2265611185182783,0.3440167558512794,0.0,0.5288260925504857,0.7126730386779239,0.3673950143552195,0.8852734760125194,0.0,0.6989126173647964,0.0,0.057369693329827,0.2854427200774447,0.1232707708898399,0.0901052447306711,0.3436913291758788,0.1311458574262196,0.0942842164116331,0.2056175923442627,0.2661331727459051,0.0946468073371817,0.1234372806727255,0.2231864179959791,2.7777630782444285,3.7236358831916183,3.404557007161129
W3975,0,0.0,0.75,0.0,0.0,0.75,0.75,0.0,0.0,0.0,0.0,0.75,0.0,35.0,0.0,0.0,0.0,0.0,0.0,0.0,0.0,0.0,0.0,0.0,0.0,0.0,0.0,0.0
W3975,1,0.0,2.2808838518472774,0.0,0.0,4.983281654767505,3.7829050869848415,0.0,0.0,0.0,0.0,3.0118268114180813,0.0,0.4556586671705911,2.5116609814801074,2.269128786719931,4.884373212660391,2.855807147519454,1.2532093296285922,1.898960273984288,0.9757552425185312,0.2388741140679479,0.2331237845883088,0.4795743673890394,0.4700513474999986,2.453168383082568,1.2612129004532469,0.4382575883490937
W3975,2,0.0,2.2842341800064228,0.0,0.0,3.612711869906667,3.023654163940213,0.0,0.0,0.0,0.0,3.0246346683215783,0.0,0.0561173748610521,2.038165546085219,1.687163649673878,2.015406820279429,2.5763607870316387,1.5402618476646242,1.4799931550316192,0.6525714566027617,0.1567627351327449,0.1476827964152091,0.4543833071864963,0.1350634234831706,2.757669174719519,1.759338492295914,0.7676824670256165
W3975,3,0.0,2.86248368084199,0.0,0.0,2.765993805722548,2.000671961549998,0.0,0.0,0.0,0.0,3.135192147672772,0.0,0.0820918969943592,1.8110627752748103,0.9675377250242032,1.2889142322173528,1.7919668024064588,1.2603912049968176,1.0763635560289724,0.4281360475577725,0.0789435405590331,0.1411218999316812,0.4265354988037387,0.1137446774037482,3.286208837475652,2.2382052819219638,1.0634026680617847
W3975,4,0.0,2.9090382429676955,0.0,0.0,2.1751672179559733,1.4788267931640249,0.0,0.0,0.0,0.0,3.265989738074273,0.0,0.1238155723253943,1.0896272272246696,0.5892484522800664,0.8050107639787771,1.971364317731029,0.9179427615192336,0.7546729492085673,0.2798083281053694,0.1721511737392415,0.0734883268629581,0.4430511942989524,0.1207686677330497,2.9860681214249585,1.986624305925032,1.2901132403174989
W3975,5,0.0,2.724516526223706,0.0,0.0,1.592443492658215,1.3993007111736595,0.0,0.0,0.0,0.0,2.613444455482618,0.0,0.0197395285003596,1.2088363709611416,0.500582739500629,0.5205796823770807,1.3875669115726863,0.945768418750252,0.5862322050436627,0.1722789220836731,0.0350258516193295,0.135063918637458,0.2419736117719207,0.1017723437265459,3.1315578874618306,2.0206088330397702,1.4406734692782177
W3975,6,0.0,1.863522224917547,0.0,0.0,1.4012821514558045,0.9334180082657596,0.0,0.0,0.0,0.0,2.166854096192617,0.0,0.1033385433770932,1.0291490579035367,0.3740247324932041,0.4342071771988793,1.088220774509964,0.8847485124806459,0.4997553178076638,0.0584501626150093,0.1048140516070714,0.0300900046483358,0.385846099464664,-0.0209987391408259,3.228043636897661,1.8485695404755904,1.7580398824576926
